step,time_s,source,destination,weight
0,0.0,aggregator,cache,5.967994
0,0.0,cache,aggregator,11.015864
0,0.0,expert-0,aggregator,53.169415
0,0.0,expert-1,aggregator,38.959652
0,0.0,expert-2,aggregator,15.146564
0,0.0,expert-3,aggregator,9.939555
0,0.0,frontend,router,79.523624
0,0.0,frontend,tokenizer,57.288638
0,0.0,router,cache,21.776918
0,0.0,router,expert-0,59.813110
0,0.0,router,expert-1,44.127742
0,0.0,router,expert-2,17.323857
0,0.0,router,expert-3,11.596148
1,0.1,aggregator,cache,5.964429
1,0.1,cache,aggregator,10.958354
1,0.1,expert-0,aggregator,53.001919
1,0.1,expert-1,aggregator,38.822680
1,0.1,expert-2,aggregator,15.126645
1,0.1,expert-3,aggregator,9.906004
1,0.1,frontend,router,79.252395
1,0.1,frontend,tokenizer,57.097302
1,0.1,router,cache,21.651108
1,0.1,router,expert-0,59.624060
1,0.1,router,expert-1,43.972156
1,0.1,router,expert-2,17.299709
1,0.1,router,expert-3,11.557005
2,0.2,aggregator,cache,5.931316
2,0.2,cache,aggregator,10.847112
2,0.2,expert-0,aggregator,52.574238
2,0.2,expert-1,aggregator,38.495165
2,0.2,expert-2,aggregator,15.032050
2,0.2,expert-3,aggregator,9.823638
2,0.2,frontend,router,78.592173
2,0.2,frontend,tokenizer,56.625707
2,0.2,router,cache,21.419335
2,0.2,router,expert-0,59.142294
2,0.2,router,expert-1,43.600738
2,0.2,router,expert-2,17.190165
2,0.2,router,expert-3,11.460911
3,0.30000000000000004,aggregator,cache,6.162675
3,0.30000000000000004,cache,aggregator,11.218099
3,0.30000000000000004,expert-0,aggregator,54.487929
3,0.30000000000000004,expert-1,aggregator,39.881487
3,0.30000000000000004,expert-2,aggregator,15.607566
3,0.30000000000000004,expert-3,aggregator,10.178476
3,0.30000000000000004,frontend,router,81.431252
3,0.30000000000000004,frontend,tokenizer,58.675513
3,0.30000000000000004,router,cache,22.139522
3,0.30000000000000004,router,expert-0,61.294358
3,0.30000000000000004,router,expert-1,45.170426
3,0.30000000000000004,router,expert-2,17.846888
3,0.30000000000000004,router,expert-3,11.874888
4,0.4,aggregator,cache,5.975730
4,0.4,cache,aggregator,10.827502
4,0.4,expert-0,aggregator,52.703697
4,0.4,expert-1,aggregator,38.561021
4,0.4,expert-2,aggregator,15.123804
4,0.4,expert-3,aggregator,9.842315
4,0.4,frontend,router,78.743623
4,0.4,frontend,tokenizer,56.743079
4,0.4,router,cache,21.356715
4,0.4,router,expert-0,59.286535
4,0.4,router,expert-1,43.674340
4,0.4,router,expert-2,17.292339
4,0.4,router,expert-3,11.482701
5,0.5,aggregator,cache,5.824179
5,0.5,cache,aggregator,10.504117
5,0.5,expert-0,aggregator,51.240544
5,0.5,expert-1,aggregator,37.476253
5,0.5,expert-2,aggregator,14.730387
5,0.5,expert-3,aggregator,9.566087
5,0.5,frontend,router,76.536846
5,0.5,frontend,tokenizer,55.156929
5,0.5,router,cache,20.707278
5,0.5,router,expert-0,57.639912
5,0.5,router,expert-1,42.445217
5,0.5,router,expert-2,16.841165
5,0.5,router,expert-3,11.160435
6,0.6000000000000001,aggregator,cache,6.161257
6,0.6000000000000001,cache,aggregator,11.060686
6,0.6000000000000001,expert-0,aggregator,54.073834
6,0.6000000000000001,expert-1,aggregator,39.533309
6,0.6000000000000001,expert-2,aggregator,15.572683
6,0.6000000000000001,expert-3,aggregator,10.091667
6,0.6000000000000001,frontend,router,80.746836
6,0.6000000000000001,frontend,tokenizer,58.195221
6,0.6000000000000001,router,cache,21.792290
6,0.6000000000000001,router,expert-0,60.826258
6,0.6000000000000001,router,expert-1,44.774456
6,0.6000000000000001,router,expert-2,17.802729
6,0.6000000000000001,router,expert-3,11.773611
7,0.7000000000000001,aggregator,cache,5.815043
7,0.7000000000000001,cache,aggregator,10.390917
7,0.7000000000000001,expert-0,aggregator,50.911915
7,0.7000000000000001,expert-1,aggregator,37.207253
7,0.7000000000000001,expert-2,aggregator,14.688145
7,0.7000000000000001,expert-3,aggregator,9.498193
7,0.7000000000000001,frontend,router,76.004330
7,0.7000000000000001,frontend,tokenizer,54.781349
7,0.7000000000000001,router,cache,20.461246
7,0.7000000000000001,router,expert-0,57.268726
7,0.7000000000000001,router,expert-1,42.139474
7,0.7000000000000001,router,expert-2,16.790172
7,0.7000000000000001,router,expert-3,11.081225
8,0.8,aggregator,cache,6.438532
8,0.8,cache,aggregator,11.451866
8,0.8,expert-0,aggregator,56.235669
8,0.8,expert-1,aggregator,41.081928
8,0.8,expert-2,aggregator,16.252716
8,0.8,expert-3,aggregator,10.487452
8,0.8,frontend,router,83.928672
8,0.8,frontend,tokenizer,60.497523
8,0.8,router,cache,22.537823
8,0.8,router,expert-0,63.256315
8,0.8,router,expert-1,46.527151
8,0.8,router,expert-2,18.577152
8,0.8,router,expert-3,12.235361
9,0.9,aggregator,cache,6.281169
9,0.9,cache,aggregator,11.120354
9,0.9,expert-0,aggregator,54.731051
9,0.9,expert-1,aggregator,39.967054
9,0.9,expert-2,aggregator,15.845641
9,0.9,expert-3,aggregator,10.202796
9,0.9,frontend,router,81.660287
9,0.9,frontend,tokenizer,58.866914
9,0.9,router,cache,21.873177
9,0.9,router,expert-0,61.562966
9,0.9,router,expert-1,45.263873
9,0.9,router,expert-2,18.110391
9,0.9,router,expert-3,11.903262
10,1.0,aggregator,cache,5.892038
10,1.0,cache,aggregator,10.383235
10,1.0,expert-0,aggregator,51.219688
10,1.0,expert-1,aggregator,37.388093
10,1.0,expert-2,aggregator,14.854916
10,1.0,expert-3,aggregator,9.544220
10,1.0,frontend,router,76.399711
10,1.0,frontend,tokenizer,55.078930
10,1.0,router,cache,20.411905
10,1.0,router,expert-0,57.612430
10,1.0,router,expert-1,42.342511
10,1.0,router,expert-2,16.976689
10,1.0,router,expert-3,11.134923
11,1.1,aggregator,cache,6.007261
11,1.1,cache,aggregator,10.537386
11,1.1,expert-0,aggregator,52.099765
11,1.1,expert-1,aggregator,38.015335
11,1.1,expert-2,aggregator,15.136366
11,1.1,expert-3,aggregator,9.703940
11,1.1,frontend,router,77.690385
11,1.1,frontend,tokenizer,56.013761
11,1.1,router,cache,20.703390
11,1.1,router,expert-0,58.601445
11,1.1,router,expert-1,43.052227
11,1.1,router,expert-2,17.296932
11,1.1,router,expert-3,11.321264
12,1.2000000000000002,aggregator,cache,6.525881
12,1.2000000000000002,cache,aggregator,11.394231
12,1.2000000000000002,expert-0,aggregator,56.467167
12,1.2000000000000002,expert-1,aggregator,41.185503
12,1.2000000000000002,expert-2,aggregator,16.433488
12,1.2000000000000002,expert-3,aggregator,10.512549
12,1.2000000000000002,frontend,router,84.178910
12,1.2000000000000002,frontend,tokenizer,60.696648
12,1.2000000000000002,router,cache,22.374397
12,1.2000000000000002,router,expert-0,63.512857
12,1.2000000000000002,router,expert-1,46.641712
12,1.2000000000000002,router,expert-2,18.777673
12,1.2000000000000002,router,expert-3,12.264640
13,1.3,aggregator,cache,6.435797
13,1.3,cache,aggregator,11.185050
13,1.3,expert-0,aggregator,55.560550
13,1.3,expert-1,aggregator,40.507823
13,1.3,expert-2,aggregator,16.197332
13,1.3,expert-3,aggregator,10.338774
13,1.3,frontend,router,82.803502
13,1.3,frontend,tokenizer,59.709624
13,1.3,router,cache,21.951394
13,1.3,router,expert-0,62.492093
13,1.3,router,expert-1,45.873524
13,1.3,router,expert-2,18.506316
13,1.3,router,expert-3,12.061903
14,1.4000000000000001,aggregator,cache,6.354339
14,1.4000000000000001,cache,aggregator,10.992484
14,1.4000000000000001,expert-0,aggregator,54.733291
14,1.4000000000000001,expert-1,aggregator,39.888397
14,1.4000000000000001,expert-2,aggregator,15.983319
14,1.4000000000000001,expert-3,aggregator,10.179710
14,1.4000000000000001,frontend,router,81.546940
14,1.4000000000000001,frontend,tokenizer,58.808187
14,1.4000000000000001,router,cache,21.561449
14,1.4000000000000001,router,expert-0,61.560589
14,1.4000000000000001,router,expert-1,45.171310
14,1.4000000000000001,router,expert-2,18.260298
14,1.4000000000000001,router,expert-3,11.876328
15,1.5,aggregator,cache,6.241518
15,1.5,cache,aggregator,10.747459
15,1.5,expert-0,aggregator,53.641148
15,1.5,expert-1,aggregator,39.076389
15,1.5,expert-2,aggregator,15.690877
15,1.5,expert-3,aggregator,9.971353
15,1.5,frontend,router,79.896397
15,1.5,frontend,tokenizer,57.622496
15,1.5,router,cache,21.069093
15,1.5,router,expert-0,60.331167
15,1.5,router,expert-1,44.251012
15,1.5,router,expert-2,17.924721
15,1.5,router,expert-3,11.633245
16,1.6,aggregator,cache,6.532860
16,1.6,cache,aggregator,11.197193
16,1.6,expert-0,aggregator,56.020568
16,1.6,expert-1,aggregator,40.792836
16,1.6,expert-2,aggregator,16.414424
16,1.6,expert-3,aggregator,10.407983
16,1.6,frontend,router,83.415885
16,1.6,frontend,tokenizer,60.165655
16,1.6,router,cache,21.938518
16,1.6,router,expert-0,63.006220
16,1.6,router,expert-1,46.193957
16,1.6,router,expert-2,18.749732
16,1.6,router,expert-3,12.142647
17,1.7000000000000002,aggregator,cache,6.534042
17,1.7000000000000002,cache,aggregator,11.147517
17,1.7000000000000002,expert-0,aggregator,55.907746
17,1.7000000000000002,expert-1,aggregator,40.693695
17,1.7000000000000002,expert-2,aggregator,16.408709
17,1.7000000000000002,expert-3,aggregator,10.381139
17,1.7000000000000002,frontend,router,83.223212
17,1.7000000000000002,frontend,tokenizer,60.031561
17,1.7000000000000002,router,cache,21.829028
17,1.7000000000000002,router,expert-0,62.878179
17,1.7000000000000002,router,expert-1,46.080870
17,1.7000000000000002,router,expert-2,18.741655
17,1.7000000000000002,router,expert-3,12.111329
18,1.8,aggregator,cache,6.098531
18,1.8,cache,aggregator,10.356477
18,1.8,expert-0,aggregator,52.067992
18,1.8,expert-1,aggregator,37.882919
18,1.8,expert-2,aggregator,15.307094
18,1.8,expert-3,aggregator,9.662482
18,1.8,frontend,router,77.484290
18,1.8,frontend,tokenizer,55.896467
18,1.8,router,cache,20.268728
18,1.8,router,expert-0,58.558594
18,1.8,router,expert-1,42.897209
18,1.8,router,expert-2,17.481969
18,1.8,router,expert-3,11.272896
19,1.9000000000000001,aggregator,cache,6.573648
19,1.9000000000000001,cache,aggregator,11.111790
19,1.9000000000000001,expert-0,aggregator,56.003759
19,1.9000000000000001,expert-1,aggregator,40.729209
19,1.9000000000000001,expert-2,aggregator,16.491260
19,1.9000000000000001,expert-3,aggregator,10.386539
19,1.9000000000000001,frontend,router,83.316203
19,1.9000000000000001,frontend,tokenizer,60.108510
19,1.9000000000000001,router,cache,21.734855
19,1.9000000000000001,router,expert-0,62.983767
19,1.9000000000000001,router,expert-1,46.119378
19,1.9000000000000001,router,expert-2,18.832822
19,1.9000000000000001,router,expert-3,12.117629
20,2.0,aggregator,cache,6.269035
20,2.0,cache,aggregator,10.547975
20,2.0,expert-0,aggregator,53.294950
20,2.0,expert-1,aggregator,38.742691
20,2.0,expert-2,aggregator,15.719281
20,2.0,expert-3,aggregator,9.877942
20,2.0,frontend,router,79.262349
20,2.0,frontend,tokenizer,57.188602
20,2.0,router,cache,20.620546
20,2.0,router,expert-0,59.936164
20,2.0,router,expert-1,43.869119
20,2.0,router,expert-2,17.949739
20,2.0,router,expert-3,11.524266
21,2.1,aggregator,cache,6.624425
21,2.1,cache,aggregator,11.094495
21,2.1,expert-0,aggregator,56.197594
21,2.1,expert-1,aggregator,40.835241
21,2.1,expert-2,aggregator,16.602349
21,2.1,expert-3,aggregator,10.409164
21,2.1,frontend,router,83.553824
21,2.1,frontend,tokenizer,60.289984
21,2.1,router,cache,21.676892
21,2.1,router,expert-0,63.199238
21,2.1,router,expert-1,46.237646
21,2.1,router,expert-2,18.956528
21,2.1,router,expert-3,12.144025
22,2.2,aggregator,cache,6.167052
22,2.2,cache,aggregator,10.280827
22,2.2,expert-0,aggregator,52.208456
22,2.2,expert-1,aggregator,37.920206
22,2.2,expert-2,aggregator,15.448740
22,2.2,expert-3,aggregator,9.663794
22,2.2,frontend,router,77.599036
22,2.2,frontend,tokenizer,55.997897
22,2.2,router,cache,20.075945
22,2.2,router,expert-0,58.711881
22,2.2,router,expert-1,42.936094
22,2.2,router,expert-2,17.637867
22,2.2,router,expert-3,11.274427
23,2.3000000000000003,aggregator,cache,6.691312
23,2.3000000000000003,cache,aggregator,11.103320
23,2.3000000000000003,expert-0,aggregator,56.529829
23,2.3000000000000003,expert-1,aggregator,41.041075
23,2.3000000000000003,expert-2,aggregator,16.754268
23,2.3000000000000003,expert-3,aggregator,10.456449
23,2.3000000000000003,frontend,router,83.996110
23,2.3000000000000003,frontend,tokenizer,60.619362
23,2.3000000000000003,router,cache,21.670023
23,2.3000000000000003,router,expert-0,63.570210
23,2.3000000000000003,router,expert-1,46.468818
23,2.3000000000000003,router,expert-2,19.126792
23,2.3000000000000003,router,expert-3,12.199190
24,2.4000000000000004,aggregator,cache,6.312097
24,2.4000000000000004,cache,aggregator,10.425728
24,2.4000000000000004,expert-0,aggregator,53.217276
24,2.4000000000000004,expert-1,aggregator,38.619237
24,2.4000000000000004,expert-2,aggregator,15.797604
24,2.4000000000000004,expert-3,aggregator,9.836711
24,2.4000000000000004,frontend,router,79.049536
24,2.4000000000000004,frontend,tokenizer,57.054323
24,2.4000000000000004,router,cache,20.336283
24,2.4000000000000004,router,expert-0,59.843812
24,2.4000000000000004,router,expert-1,43.725768
24,2.4000000000000004,router,expert-2,18.033145
24,2.4000000000000004,router,expert-3,11.476162
25,2.5,aggregator,cache,6.805769
25,2.5,cache,aggregator,11.189257
25,2.5,expert-0,aggregator,57.263549
25,2.5,expert-1,aggregator,41.537285
25,2.5,expert-2,aggregator,17.025616
25,2.5,expert-3,aggregator,10.576873
25,2.5,frontend,router,85.033352
25,2.5,frontend,tokenizer,61.378436
25,2.5,router,cache,21.813488
25,2.5,router,expert-0,64.392501
25,2.5,router,expert-1,47.028649
25,2.5,router,expert-2,19.433302
25,2.5,router,expert-3,12.339685
26,2.6,aggregator,cache,6.877056
26,2.6,cache,aggregator,11.254285
26,2.6,expert-0,aggregator,57.747749
26,2.6,expert-1,aggregator,41.869956
26,2.6,expert-2,aggregator,17.196528
26,2.6,expert-3,aggregator,10.658274
26,2.6,frontend,router,85.725423
26,2.6,frontend,tokenizer,61.883332
26,2.6,router,cache,21.928078
26,2.6,router,expert-0,64.935521
26,2.6,router,expert-1,47.404259
26,2.6,router,expert-2,19.626733
26,2.6,router,expert-3,12.434654
27,2.7,aggregator,cache,6.605183
27,2.7,cache,aggregator,10.759485
27,2.7,expert-0,aggregator,55.355165
27,2.7,expert-1,aggregator,40.117329
27,2.7,expert-2,aggregator,16.509739
27,2.7,expert-3,aggregator,10.208781
27,2.7,frontend,router,82.147706
27,2.7,frontend,tokenizer,59.305813
27,2.7,router,cache,20.952364
27,2.7,router,expert-0,62.243707
27,2.7,router,expert-1,45.418953
27,2.7,router,expert-2,18.841298
27,2.7,router,expert-3,11.910244
28,2.8000000000000003,aggregator,cache,6.423801
28,2.8000000000000003,cache,aggregator,10.415738
28,2.8000000000000003,expert-0,aggregator,53.729837
28,2.8000000000000003,expert-1,aggregator,38.921954
28,2.8000000000000003,expert-2,aggregator,16.049779
28,2.8000000000000003,expert-3,aggregator,9.901164
28,2.8000000000000003,frontend,router,79.710353
28,2.8000000000000003,frontend,tokenizer,57.551224
28,2.8000000000000003,router,cache,20.271716
28,2.8000000000000003,router,expert-0,60.414706
28,2.8000000000000003,router,expert-1,44.064596
28,2.8000000000000003,router,expert-2,18.314835
28,2.8000000000000003,router,expert-3,11.551358
29,2.9000000000000004,aggregator,cache,6.481633
29,2.9000000000000004,cache,aggregator,10.461013
29,2.9000000000000004,expert-0,aggregator,54.108737
29,2.9000000000000004,expert-1,aggregator,39.178751
29,2.9000000000000004,expert-2,aggregator,16.187791
29,2.9000000000000004,expert-3,aggregator,9.962865
29,2.9000000000000004,frontend,router,80.246800
29,2.9000000000000004,frontend,tokenizer,57.943642
29,2.9000000000000004,router,cache,20.348539
29,2.9000000000000004,router,expert-0,60.839296
29,2.9000000000000004,router,expert-1,44.354287
29,2.9000000000000004,router,expert-2,18.470761
29,2.9000000000000004,router,expert-3,11.623342
30,3.0,aggregator,cache,6.922252
30,3.0,cache,aggregator,11.120596
30,3.0,expert-0,aggregator,57.676541
30,3.0,expert-1,aggregator,41.743162
30,3.0,expert-2,aggregator,17.281491
30,3.0,expert-3,aggregator,10.610926
30,3.0,frontend,router,85.510582
30,3.0,frontend,tokenizer,61.749921
30,3.0,router,cache,21.619550
30,3.0,router,expert-0,64.849322
30,3.0,router,expert-1,47.256333
30,3.0,router,expert-2,19.717036
30,3.0,router,expert-3,12.379413
31,3.1,aggregator,cache,6.807118
31,3.1,cache,aggregator,10.885169
31,3.1,expert-0,aggregator,56.609997
31,3.1,expert-1,aggregator,40.952561
31,3.1,expert-2,aggregator,16.987603
31,3.1,expert-3,aggregator,10.405802
31,3.1,frontend,router,83.902198
31,3.1,frontend,tokenizer,60.593856
31,3.1,router,cache,21.150125
31,3.1,router,expert-0,63.648565
31,3.1,router,expert-1,46.360190
31,3.1,router,expert-2,19.380084
31,3.1,router,expert-3,12.140103
32,3.2,aggregator,cache,6.884321
32,3.2,cache,aggregator,10.957823
32,3.2,expert-0,aggregator,57.145013
32,3.2,expert-1,aggregator,41.320632
32,3.2,expert-2,aggregator,17.173919
32,3.2,expert-3,aggregator,10.494949
32,3.2,frontend,router,84.667614
32,3.2,frontend,tokenizer,61.152119
32,3.2,router,cache,21.279494
32,3.2,router,expert-0,64.248484
32,3.2,router,expert-1,46.775706
32,3.2,router,expert-2,19.590975
32,3.2,router,expert-3,12.244107
33,3.3000000000000003,aggregator,cache,6.952351
33,3.3000000000000003,cache,aggregator,11.015038
33,3.3000000000000003,expert-0,aggregator,57.603045
33,3.3000000000000003,expert-1,aggregator,41.632609
33,3.3000000000000003,expert-2,aggregator,17.337393
33,3.3000000000000003,expert-3,aggregator,10.569591
33,3.3000000000000003,frontend,router,85.318350
33,3.3000000000000003,frontend,tokenizer,61.627677
33,3.3000000000000003,router,cache,21.378752
33,3.3000000000000003,router,expert-0,64.761794
33,3.3000000000000003,router,expert-1,47.127684
33,3.3000000000000003,router,expert-2,19.775771
33,3.3000000000000003,router,expert-3,12.331189
34,3.4000000000000004,aggregator,cache,6.602844
34,3.4000000000000004,cache,aggregator,10.413014
34,3.4000000000000004,expert-0,aggregator,54.607285
34,3.4000000000000004,expert-1,aggregator,39.449113
34,3.4000000000000004,expert-2,aggregator,16.460056
34,3.4000000000000004,expert-3,aggregator,10.010719
34,3.4000000000000004,frontend,router,80.854622
34,3.4000000000000004,frontend,tokenizer,58.408706
34,3.4000000000000004,router,cache,20.199110
34,3.4000000000000004,router,expert-0,61.392129
34,3.4000000000000004,router,expert-1,44.654844
34,3.4000000000000004,router,expert-2,18.773443
34,3.4000000000000004,router,expert-3,11.679172
35,3.5,aggregator,cache,6.883545
35,3.5,cache,aggregator,10.805593
35,3.5,expert-0,aggregator,56.825946
35,3.5,expert-1,aggregator,41.032757
35,3.5,expert-2,aggregator,17.153981
35,3.5,expert-3,aggregator,10.407694
35,3.5,frontend,router,84.111903
35,3.5,frontend,tokenizer,60.767281
35,3.5,router,cache,20.949028
35,3.5,router,expert-0,63.884762
35,3.5,router,expert-1,46.446257
35,3.5,router,expert-2,19.563225
35,3.5,router,expert-3,12.142309
36,3.6,aggregator,cache,6.512982
36,3.6,cache,aggregator,10.176705
36,3.6,expert-0,aggregator,53.670851
36,3.6,expert-1,aggregator,38.736360
36,3.6,expert-2,aggregator,16.225175
36,3.6,expert-3,aggregator,9.820434
36,3.6,frontend,router,79.415458
36,3.6,frontend,tokenizer,57.379561
36,3.6,router,cache,19.718871
36,3.6,router,expert-0,60.336122
36,3.6,router,expert-1,43.845731
36,3.6,router,expert-2,18.502388
36,3.6,router,expert-3,11.457173
37,3.7,aggregator,cache,6.859814
37,3.7,cache,aggregator,10.669166
37,3.7,expert-0,aggregator,56.429244
37,3.7,expert-1,aggregator,40.708002
37,3.7,expert-2,aggregator,17.083738
37,3.7,expert-3,aggregator,10.315068
37,3.7,frontend,router,83.469122
37,3.7,frontend,tokenizer,60.313990
37,3.7,router,cache,20.661650
37,3.7,router,expert-0,63.435339
37,3.7,router,expert-1,46.076192
37,3.7,router,expert-2,19.479783
37,3.7,router,expert-3,12.034246
38,3.8000000000000003,aggregator,cache,6.887627
38,3.8000000000000003,cache,aggregator,10.662975
38,3.8000000000000003,expert-0,aggregator,56.559276
38,3.8000000000000003,expert-1,aggregator,40.782474
38,3.8000000000000003,expert-2,aggregator,17.147682
38,3.8000000000000003,expert-3,aggregator,10.328533
38,3.8000000000000003,frontend,router,83.633407
38,3.8000000000000003,frontend,tokenizer,60.438304
38,3.8000000000000003,router,cache,20.638241
38,3.8000000000000003,router,expert-0,63.579749
38,3.8000000000000003,router,expert-1,46.159221
38,3.8000000000000003,router,expert-2,19.551019
38,3.8000000000000003,router,expert-3,12.049955
39,3.9000000000000004,aggregator,cache,6.553795
39,3.9000000000000004,cache,aggregator,10.099319
39,3.9000000000000004,expert-0,aggregator,53.725255
39,3.9000000000000004,expert-1,aggregator,38.720535
39,3.9000000000000004,expert-2,aggregator,16.311657
39,3.9000000000000004,expert-3,aggregator,9.801025
39,3.9000000000000004,frontend,router,79.416007
39,3.9000000000000004,frontend,tokenizer,57.395917
39,3.9000000000000004,router,cache,19.536476
39,3.9000000000000004,router,expert-0,60.392249
39,3.9000000000000004,router,expert-1,43.824216
39,3.9000000000000004,router,expert-2,18.596224
39,3.9000000000000004,router,expert-3,11.434529
40,4.0,aggregator,cache,6.923915
40,4.0,cache,aggregator,10.620411
40,4.0,expert-0,aggregator,56.662779
40,4.0,expert-1,aggregator,40.818105
40,4.0,expert-2,aggregator,17.227831
40,4.0,expert-3,aggregator,10.326197
40,4.0,frontend,router,83.729858
40,4.0,frontend,tokenizer,60.519314
40,4.0,router,cache,20.533141
40,4.0,router,expert-0,63.692479
40,4.0,router,expert-1,46.196956
40,4.0,router,expert-2,19.639027
40,4.0,router,expert-3,12.047230
41,4.1000000000000005,aggregator,cache,7.031824
41,4.1000000000000005,cache,aggregator,10.736128
41,4.1000000000000005,expert-0,aggregator,57.449150
41,4.1000000000000005,expert-1,aggregator,41.364678
41,4.1000000000000005,expert-2,aggregator,17.491400
41,4.1000000000000005,expert-3,aggregator,10.458442
41,4.1000000000000005,frontend,router,84.862986
41,4.1000000000000005,frontend,tokenizer,61.344106
41,4.1000000000000005,router,cache,20.745398
41,4.1000000000000005,router,expert-0,64.574533
41,4.1000000000000005,router,expert-1,46.814210
41,4.1000000000000005,router,expert-2,19.937770
41,4.1000000000000005,router,expert-3,12.201515
42,4.2,aggregator,cache,6.774088
42,4.2,cache,aggregator,10.294861
42,4.2,expert-0,aggregator,55.251616
42,4.2,expert-1,aggregator,39.763179
42,4.2,expert-2,aggregator,16.845710
42,4.2,expert-3,aggregator,10.047559
42,4.2,frontend,router,81.588927
42,4.2,frontend,tokenizer,58.983000
42,4.2,router,cache,19.881754
42,4.2,router,expert-0,62.102610
42,4.2,router,expert-1,45.000412
42,4.2,router,expert-2,19.200119
42,4.2,router,expert-3,11.722152
43,4.3,aggregator,cache,6.861514
43,4.3,cache,aggregator,10.379568
43,4.3,expert-0,aggregator,55.872944
43,4.3,expert-1,aggregator,40.190809
43,4.3,expert-2,aggregator,17.058639
43,4.3,expert-3,aggregator,10.149407
43,4.3,frontend,router,82.478101
43,4.3,frontend,tokenizer,59.631481
43,4.3,router,cache,20.034279
43,4.3,router,expert-0,62.799104
43,4.3,router,expert-1,45.483020
43,4.3,router,expert-2,19.441130
43,4.3,router,expert-3,11.840975
44,4.4,aggregator,cache,7.158764
44,4.4,cache,aggregator,10.779209
44,4.4,expert-0,aggregator,58.199078
44,4.4,expert-1,aggregator,41.843633
44,4.4,expert-2,aggregator,17.793136
44,4.4,expert-3,aggregator,10.560152
44,4.4,frontend,router,85.882246
44,4.4,frontend,tokenizer,62.098604
44,4.4,router,cache,20.794172
44,4.4,router,expert-0,65.411609
44,4.4,router,expert-1,47.352062
44,4.4,router,expert-2,20.276460
44,4.4,router,expert-3,12.320177
45,4.5,aggregator,cache,7.305907
45,4.5,cache,aggregator,10.949953
45,4.5,expert-0,aggregator,59.300397
45,4.5,expert-1,aggregator,42.614559
45,4.5,expert-2,aggregator,18.154433
45,4.5,expert-3,aggregator,10.747761
45,4.5,frontend,router,87.477108
45,4.5,frontend,tokenizer,63.257871
45,4.5,router,cache,21.111905
45,4.5,router,expert-0,66.647367
45,4.5,router,expert-1,48.223006
45,4.5,router,expert-2,20.686394
45,4.5,router,expert-3,12.539054
46,4.6000000000000005,aggregator,cache,6.795423
46,4.6000000000000005,cache,aggregator,10.137797
46,4.6000000000000005,expert-0,aggregator,55.069889
46,4.6000000000000005,expert-1,aggregator,39.554943
46,4.6000000000000005,expert-2,aggregator,16.881969
46,4.6000000000000005,expert-3,aggregator,9.969476
46,4.6000000000000005,frontend,router,81.208203
46,4.6000000000000005,frontend,tokenizer,58.730265
46,4.6000000000000005,router,cache,19.535262
46,4.6000000000000005,router,expert-0,61.890799
46,4.6000000000000005,router,expert-1,44.759336
46,4.6000000000000005,router,expert-2,19.234798
46,4.6000000000000005,router,expert-3,11.631056
47,4.7,aggregator,cache,6.719522
47,4.7,cache,aggregator,9.978245
47,4.7,expert-0,aggregator,54.369989
47,4.7,expert-1,aggregator,39.032918
47,4.7,expert-2,aggregator,16.689644
47,4.7,expert-3,aggregator,9.831201
47,4.7,frontend,router,80.148091
47,4.7,frontend,tokenizer,57.969205
47,4.7,router,cache,19.217215
47,4.7,router,expert-0,61.102284
47,4.7,router,expert-1,44.167243
47,4.7,router,expert-2,19.014021
47,4.7,router,expert-3,11.469734
48,4.800000000000001,aggregator,cache,7.213310
48,4.800000000000001,cache,aggregator,10.662003
48,4.800000000000001,expert-0,aggregator,58.275694
48,4.800000000000001,expert-1,aggregator,41.816097
48,4.800000000000001,expert-2,aggregator,17.912215
48,4.800000000000001,expert-3,aggregator,10.524838
48,4.800000000000001,frontend,router,85.875443
48,4.800000000000001,frontend,tokenizer,62.117711
48,4.800000000000001,router,cache,20.522761
48,4.800000000000001,router,expert-0,65.489517
48,4.800000000000001,router,expert-1,47.315015
48,4.800000000000001,router,expert-2,20.405092
48,4.800000000000001,router,expert-3,12.278977
49,4.9,aggregator,cache,7.085813
49,4.9,cache,aggregator,10.425143
49,4.9,expert-0,aggregator,57.158837
49,4.9,expert-1,aggregator,40.994234
49,4.9,expert-2,aggregator,17.591965
49,4.9,expert-3,aggregator,10.310588
49,4.9,frontend,router,84.199963
49,4.9,frontend,tokenizer,60.911716
49,4.9,router,cache,20.055792
49,4.9,router,expert-0,64.232331
49,4.9,router,expert-1,46.383583
49,4.9,router,expert-2,20.038534
49,4.9,router,expert-3,12.029019
50,5.0,aggregator,cache,6.838915
50,5.0,cache,aggregator,10.015378
50,5.0,expert-0,aggregator,55.084644
50,5.0,expert-1,aggregator,39.486839
50,5.0,expert-2,aggregator,16.975624
50,5.0,expert-3,aggregator,9.924170
50,5.0,frontend,router,81.115794
50,5.0,frontend,tokenizer,58.686340
50,5.0,router,cache,19.256886
50,5.0,router,expert-0,61.899428
50,5.0,router,expert-1,44.676562
50,5.0,router,expert-2,19.334797
50,5.0,router,expert-3,11.578198
51,5.1000000000000005,aggregator,cache,7.483248
51,5.1000000000000005,cache,aggregator,10.908316
51,5.1000000000000005,expert-0,aggregator,60.185499
51,5.1000000000000005,expert-1,aggregator,43.121635
51,5.1000000000000005,expert-2,aggregator,18.571475
51,5.1000000000000005,expert-3,aggregator,10.829554
51,5.1000000000000005,frontend,router,88.595670
51,5.1000000000000005,frontend,tokenizer,64.104270
51,5.1000000000000005,router,cache,20.962229
51,5.1000000000000005,router,expert-0,67.629094
51,5.1000000000000005,router,expert-1,48.787466
51,5.1000000000000005,router,expert-2,21.150593
51,5.1000000000000005,router,expert-3,12.634480
52,5.2,aggregator,cache,6.978044
52,5.2,cache,aggregator,10.124845
52,5.2,expert-0,aggregator,56.040574
52,5.2,expert-1,aggregator,40.131608
52,5.2,expert-2,aggregator,17.314564
52,5.2,expert-3,aggregator,10.070891
52,5.2,frontend,router,82.464752
52,5.2,frontend,tokenizer,59.674098
52,5.2,router,cache,19.445954
52,5.2,router,expert-0,62.969425
52,5.2,router,expert-1,45.403057
52,5.2,router,expert-2,19.717413
52,5.2,router,expert-3,11.749372
53,5.300000000000001,aggregator,cache,7.289997
53,5.300000000000001,cache,aggregator,10.528555
53,5.300000000000001,expert-0,aggregator,58.461788
53,5.300000000000001,expert-1,aggregator,41.844256
53,5.300000000000001,expert-2,aggregator,18.085504
53,5.300000000000001,expert-3,aggregator,10.492417
53,5.300000000000001,frontend,router,85.996830
53,5.300000000000001,frontend,tokenizer,62.236214
53,5.300000000000001,router,cache,20.210212
53,5.300000000000001,router,expert-0,65.687772
53,5.300000000000001,router,expert-1,47.339066
53,5.300000000000001,router,expert-2,20.593549
53,5.300000000000001,router,expert-3,12.241153
54,5.4,aggregator,cache,7.000101
54,5.4,cache,aggregator,10.063105
54,5.4,expert-0,aggregator,56.057484
54,5.4,expert-1,aggregator,40.102944
54,5.4,expert-2,aggregator,17.363481
54,5.4,expert-3,aggregator,10.047702
54,5.4,frontend,router,82.430500
54,5.4,frontend,tokenizer,59.661210
54,5.4,router,cache,19.306143
54,5.4,router,expert-0,62.984133
54,5.4,router,expert-1,45.367538
54,5.4,router,expert-2,19.769676
54,5.4,router,expert-3,11.722319
55,5.5,aggregator,cache,7.566447
55,5.5,cache,aggregator,10.826938
55,5.5,expert-0,aggregator,60.508242
55,5.5,expert-1,aggregator,43.264852
55,5.5,expert-2,aggregator,18.765386
55,5.5,expert-3,aggregator,10.831009
55,5.5,frontend,router,88.943102
55,5.5,frontend,tokenizer,64.381335
55,5.5,router,cache,20.760157
55,5.5,router,expert-0,67.982485
55,5.5,router,expert-1,48.942837
55,5.5,router,expert-2,21.363992
55,5.5,router,expert-3,12.636177
56,5.6000000000000005,aggregator,cache,7.236837
56,5.6000000000000005,cache,aggregator,10.307372
56,5.6000000000000005,expert-0,aggregator,57.792729
56,5.6000000000000005,expert-1,aggregator,41.302001
56,5.6000000000000005,expert-2,aggregator,17.945314
56,5.6000000000000005,expert-3,aggregator,10.330954
56,5.6000000000000005,frontend,router,84.920742
56,5.6000000000000005,frontend,tokenizer,61.475949
56,5.6000000000000005,router,cache,19.753066
56,5.6000000000000005,router,expert-0,64.929265
56,5.6000000000000005,router,expert-1,46.720746
56,5.6000000000000005,router,expert-2,20.428576
56,5.6000000000000005,router,expert-3,12.052780
57,5.7,aggregator,cache,7.095038
57,5.7,cache,aggregator,10.058633
57,5.7,expert-0,aggregator,56.583480
57,5.7,expert-1,aggregator,40.416985
57,5.7,expert-2,aggregator,17.591284
57,5.7,expert-3,aggregator,10.100929
57,5.7,frontend,router,83.113682
57,5.7,frontend,tokenizer,60.173865
57,5.7,router,cache,19.265809
57,5.7,router,expert-0,63.568440
57,5.7,router,expert-1,45.717996
57,5.7,router,expert-2,20.023807
57,5.7,router,expert-3,11.784417
58,5.800000000000001,aggregator,cache,7.531832
58,5.800000000000001,cache,aggregator,10.628439
58,5.800000000000001,expert-0,aggregator,59.986658
58,5.800000000000001,expert-1,aggregator,42.825701
58,5.800000000000001,expert-2,aggregator,18.671863
58,5.800000000000001,expert-3,aggregator,10.693562
58,5.800000000000001,frontend,router,88.080398
58,5.800000000000001,frontend,tokenizer,63.776216
58,5.800000000000001,router,cache,20.346028
58,5.800000000000001,router,expert-0,67.389311
58,5.800000000000001,router,expert-1,48.440895
58,5.800000000000001,router,expert-2,21.251954
58,5.800000000000001,router,expert-3,12.475822
59,5.9,aggregator,cache,7.182941
59,5.9,cache,aggregator,10.089166
59,5.9,expert-0,aggregator,57.132601
59,5.9,expert-1,aggregator,40.766981
59,5.9,expert-2,aggregator,17.804805
59,5.9,expert-3,aggregator,10.170433
59,5.9,frontend,router,83.859024
59,5.9,frontend,tokenizer,60.725842
59,5.9,router,cache,19.303116
59,5.9,router,expert-0,64.180728
59,5.9,router,expert-1,46.110568
59,5.9,router,expert-2,20.263315
59,5.9,router,expert-3,11.865505
60,6.0,aggregator,cache,7.079038
60,6.0,cache,aggregator,9.897168
60,6.0,expert-0,aggregator,56.233122
60,6.0,expert-1,aggregator,40.104278
60,6.0,expert-2,aggregator,17.545300
60,6.0,expert-3,aggregator,9.996017
60,6.0,frontend,router,82.508496
60,6.0,frontend,tokenizer,59.753981
60,6.0,router,cache,18.925405
60,6.0,router,expert-0,63.167978
60,6.0,router,expert-1,45.359335
60,6.0,router,expert-2,19.966231
60,6.0,router,expert-3,11.662020
61,6.1000000000000005,aggregator,cache,7.295484
61,6.1000000000000005,cache,aggregator,10.152522
61,6.1000000000000005,expert-0,aggregator,57.878436
61,6.1000000000000005,expert-1,aggregator,41.256127
61,6.1000000000000005,expert-2,aggregator,18.079894
61,6.1000000000000005,expert-3,aggregator,10.273599
61,6.1000000000000005,frontend,router,84.891344
61,6.1000000000000005,frontend,tokenizer,61.485990
61,6.1000000000000005,router,cache,19.403070
61,6.1000000000000005,router,expert-0,65.013798
61,6.1000000000000005,router,expert-1,46.660386
61,6.1000000000000005,router,expert-2,20.572789
61,6.1000000000000005,router,expert-3,11.985865
62,6.2,aggregator,cache,7.704386
62,6.2,cache,aggregator,10.671871
62,6.2,expert-0,aggregator,61.045546
62,6.2,expert-1,aggregator,43.490865
62,6.2,expert-2,aggregator,19.091440
62,6.2,expert-3,aggregator,10.819881
62,6.2,frontend,router,89.503546
62,6.2,frontend,tokenizer,64.833245
62,6.2,router,cache,20.384471
62,6.2,router,expert-0,68.568800
62,6.2,router,expert-1,49.186015
62,6.2,router,expert-2,21.721909
62,6.2,router,expert-3,12.623195
63,6.300000000000001,aggregator,cache,7.149571
63,6.300000000000001,cache,aggregator,9.857451
63,6.300000000000001,expert-0,aggregator,56.579309
63,6.300000000000001,expert-1,aggregator,40.287780
63,6.300000000000001,expert-2,aggregator,17.715078
63,6.300000000000001,expert-3,aggregator,10.013377
63,6.300000000000001,frontend,router,82.924532
63,6.300000000000001,frontend,tokenizer,60.073849
63,6.300000000000001,router,cache,18.818545
63,6.300000000000001,router,expert-0,63.549752
63,6.300000000000001,router,expert-1,45.561758
63,6.300000000000001,router,expert-2,20.154144
63,6.300000000000001,router,expert-3,11.682273
64,6.4,aggregator,cache,7.650178
64,6.4,cache,aggregator,10.498753
64,6.4,expert-0,aggregator,60.467123
64,6.4,expert-1,aggregator,43.033423
64,6.4,expert-2,aggregator,18.953988
64,6.4,expert-3,aggregator,10.685340
64,6.4,frontend,router,88.589721
64,6.4,frontend,tokenizer,64.184598
64,6.4,router,cache,20.031883
64,6.4,router,expert-0,67.913956
64,6.4,router,expert-1,48.664963
64,6.4,router,expert-2,21.561743
64,6.4,router,expert-3,12.466230
65,6.5,aggregator,cache,7.427189
65,6.5,cache,aggregator,10.145459
65,6.5,expert-0,aggregator,58.634177
65,6.5,expert-1,aggregator,41.706868
65,6.5,expert-2,aggregator,18.400226
65,6.5,expert-3,aggregator,10.345649
65,6.5,frontend,router,85.872283
65,6.5,frontend,tokenizer,62.222252
65,6.5,router,cache,19.347219
65,6.5,router,expert-0,65.852749
65,6.5,router,expert-1,47.162984
65,6.5,router,expert-2,20.929958
65,6.5,router,expert-3,12.069924
66,6.6000000000000005,aggregator,cache,7.792813
66,6.6000000000000005,cache,aggregator,10.595510
66,6.6000000000000005,expert-0,aggregator,61.447972
66,6.6000000000000005,expert-1,aggregator,43.685139
66,6.6000000000000005,expert-2,aggregator,19.304832
66,6.6000000000000005,expert-3,aggregator,10.825403
66,6.6000000000000005,frontend,router,89.959576
66,6.6000000000000005,frontend,tokenizer,65.190676
66,6.6000000000000005,router,cache,20.194435
66,6.6000000000000005,router,expert-0,69.010285
66,6.6000000000000005,router,expert-1,49.398124
66,6.6000000000000005,router,expert-2,21.957008
66,6.6000000000000005,router,expert-3,12.629637
67,6.7,aggregator,cache,7.482953
67,6.7,cache,aggregator,10.126993
67,6.7,expert-0,aggregator,58.936141
67,6.7,expert-1,aggregator,41.877098
67,6.7,expert-2,aggregator,18.536232
67,6.7,expert-3,aggregator,10.366678
67,6.7,frontend,router,86.249928
67,6.7,frontend,tokenizer,62.508971
67,6.7,router,cache,19.290942
67,6.7,router,expert-0,66.186742
67,6.7,router,expert-1,47.351765
67,6.7,router,expert-2,21.080967
67,6.7,router,expert-3,12.094458
68,6.800000000000001,aggregator,cache,7.403434
68,6.800000000000001,cache,aggregator,9.972864
68,6.800000000000001,expert-0,aggregator,58.243243
68,6.800000000000001,expert-1,aggregator,41.362659
68,6.800000000000001,expert-2,aggregator,18.338413
68,6.800000000000001,expert-3,aggregator,10.228610
68,6.800000000000001,frontend,router,85.203872
68,6.800000000000001,frontend,tokenizer,61.757344
68,6.800000000000001,router,cache,18.986989
68,6.800000000000001,router,expert-0,65.406024
68,6.800000000000001,router,expert-1,46.768209
68,6.800000000000001,router,expert-2,20.854161
68,6.800000000000001,router,expert-3,11.933379
69,6.9,aggregator,cache,7.708882
69,6.9,cache,aggregator,10.336099
69,6.9,expert-0,aggregator,60.578108
69,6.9,expert-1,aggregator,42.997770
69,6.9,expert-2,aggregator,19.094289
69,6.9,expert-3,aggregator,10.621644
69,6.9,frontend,router,88.586139
69,6.9,frontend,tokenizer,64.215648
69,6.9,router,cache,19.667822
69,6.9,router,expert-0,68.025328
69,6.9,router,expert-1,48.615052
69,6.9,router,expert-2,21.711827
69,6.9,router,expert-3,12.391918
70,7.0,aggregator,cache,7.583193
70,7.0,cache,aggregator,10.120345
70,7.0,expert-0,aggregator,59.524632
70,7.0,expert-1,aggregator,42.227327
70,7.0,expert-2,aggregator,18.782407
70,7.0,expert-3,aggregator,10.420044
70,7.0,frontend,router,87.012696
70,7.0,frontend,tokenizer,63.081741
70,7.0,router,cache,19.246800
70,7.0,router,expert-0,66.839662
70,7.0,router,expert-1,47.742018
70,7.0,router,expert-2,21.355317
70,7.0,router,expert-3,12.156718
71,7.1000000000000005,aggregator,cache,7.246748
71,7.1000000000000005,cache,aggregator,9.626393
71,7.1000000000000005,expert-0,aggregator,56.821970
71,7.1000000000000005,expert-1,aggregator,40.288320
71,7.1000000000000005,expert-2,aggregator,17.948689
71,7.1000000000000005,expert-3,aggregator,9.930651
71,7.1000000000000005,frontend,router,83.030490
71,7.1000000000000005,frontend,tokenizer,60.201144
71,7.1000000000000005,router,cache,18.297450
71,7.1000000000000005,router,expert-0,63.802290
71,7.1000000000000005,router,expert-1,45.547918
71,7.1000000000000005,router,expert-2,20.405601
71,7.1000000000000005,router,expert-3,11.585760
72,7.2,aggregator,cache,7.807801
72,7.2,cache,aggregator,10.323472
72,7.2,expert-0,aggregator,61.155944
72,7.2,expert-1,aggregator,43.337802
72,7.2,expert-2,aggregator,19.338028
72,7.2,expert-3,aggregator,10.670397
72,7.2,frontend,router,89.329514
72,7.2,frontend,tokenizer,64.775138
72,7.2,router,cache,19.611765
72,7.2,router,expert-0,68.665874
72,7.2,router,expert-1,48.993479
72,7.2,router,expert-2,21.983191
72,7.2,router,expert-3,12.448796
73,7.300000000000001,aggregator,cache,7.834913
73,7.300000000000001,cache,aggregator,10.311151
73,7.300000000000001,expert-0,aggregator,61.304047
73,7.300000000000001,expert-1,aggregator,43.419223
73,7.300000000000001,expert-2,aggregator,19.405056
73,7.300000000000001,expert-3,aggregator,10.678331
73,7.300000000000001,frontend,router,89.511740
73,7.300000000000001,frontend,tokenizer,64.914206
73,7.300000000000001,router,cache,19.577721
73,7.300000000000001,router,expert-0,68.829336
73,7.300000000000001,router,expert-1,49.083476
73,7.300000000000001,router,expert-2,22.057450
73,7.300000000000001,router,expert-3,12.458053
74,7.4,aggregator,cache,7.908987
74,7.4,cache,aggregator,10.360220
74,7.4,expert-0,aggregator,61.820001
74,7.4,expert-1,aggregator,43.760873
74,7.4,expert-2,aggregator,19.588545
74,7.4,expert-3,aggregator,10.749974
74,7.4,frontend,router,90.230635
74,7.4,frontend,tokenizer,65.442558
74,7.4,router,cache,19.660215
74,7.4,router,expert-0,69.405751
74,7.4,router,expert-1,49.467612
74,7.4,router,expert-2,22.264064
74,7.4,router,expert-3,12.541637
75,7.5,aggregator,cache,7.953155
75,7.5,cache,aggregator,10.369600
75,7.5,expert-0,aggregator,62.102484
75,7.5,expert-1,aggregator,43.936897
75,7.5,expert-2,aggregator,19.698118
75,7.5,expert-3,aggregator,10.780614
75,7.5,frontend,router,90.608246
75,7.5,frontend,tokenizer,65.723489
75,7.5,router,cache,19.667347
75,7.5,router,expert-0,69.719986
75,7.5,router,expert-1,49.664481
75,7.5,router,expert-2,22.386637
75,7.5,router,expert-3,12.577383
76,7.6000000000000005,aggregator,cache,7.645294
76,7.6000000000000005,cache,aggregator,9.921800
76,7.6000000000000005,expert-0,aggregator,59.639395
76,7.6000000000000005,expert-1,aggregator,42.171251
76,7.6000000000000005,expert-2,aggregator,18.935936
76,7.6000000000000005,expert-3,aggregator,10.335125
76,7.6000000000000005,frontend,router,86.981188
76,7.6000000000000005,frontend,tokenizer,63.099365
76,7.6000000000000005,router,cache,18.807838
76,7.6000000000000005,router,expert-0,66.951957
76,7.6000000000000005,router,expert-1,47.666623
76,7.6000000000000005,router,expert-2,21.518538
76,7.6000000000000005,router,expert-3,12.057646
77,7.7,aggregator,cache,7.455675
77,7.7,cache,aggregator,9.630663
77,7.7,expert-0,aggregator,58.103678
77,7.7,expert-1,aggregator,41.062854
77,7.7,expert-2,aggregator,18.466736
77,7.7,expert-3,aggregator,10.051389
77,7.7,frontend,router,84.708834
77,7.7,frontend,tokenizer,61.457549
77,7.7,router,cache,18.246074
77,7.7,router,expert-0,65.225176
77,7.7,router,expert-1,46.411783
77,7.7,router,expert-2,20.983502
77,7.7,router,expert-3,11.726620
78,7.800000000000001,aggregator,cache,7.940679
78,7.800000000000001,cache,aggregator,10.209372
78,7.800000000000001,expert-0,aggregator,61.824418
78,7.800000000000001,expert-1,aggregator,43.668393
78,7.800000000000001,expert-2,aggregator,19.668658
78,7.800000000000001,expert-3,aggregator,10.676142
78,7.800000000000001,frontend,router,90.098531
78,7.800000000000001,frontend,tokenizer,65.374933
78,7.800000000000001,router,cache,19.332025
78,7.800000000000001,router,expert-0,69.398985
78,7.800000000000001,router,expert-1,49.354572
78,7.800000000000001,router,expert-2,22.347266
78,7.800000000000001,router,expert-3,12.455499
79,7.9,aggregator,cache,7.781910
79,7.9,cache,aggregator,9.958615
79,7.9,expert-0,aggregator,60.531631
79,7.9,expert-1,aggregator,42.731747
79,7.9,expert-2,aggregator,19.276156
79,7.9,expert-3,aggregator,10.434233
79,7.9,frontend,router,88.180442
79,7.9,frontend,tokenizer,63.990125
79,7.9,router,cache,18.847012
79,7.9,router,expert-0,67.944886
79,7.9,router,expert-1,48.293839
79,7.9,router,expert-2,21.899387
79,7.9,router,expert-3,12.173272
80,8.0,aggregator,cache,7.418147
80,8.0,cache,aggregator,9.448846
80,8.0,expert-0,aggregator,57.649222
80,8.0,expert-1,aggregator,40.674503
80,8.0,expert-2,aggregator,18.375962
80,8.0,expert-3,aggregator,9.919445
80,8.0,frontend,router,83.948940
80,8.0,frontend,tokenizer,60.926068
80,8.0,router,cache,17.872601
80,8.0,router,expert-0,64.706666
80,8.0,router,expert-1,45.966782
80,8.0,router,expert-2,20.874855
80,8.0,router,expert-3,11.572686
81,8.1,aggregator,cache,7.748918
81,8.1,cache,aggregator,9.824130
81,8.1,expert-0,aggregator,60.165694
81,8.1,expert-1,aggregator,42.426551
81,8.1,expert-2,aggregator,19.196381
81,8.1,expert-3,aggregator,10.333576
81,8.1,frontend,router,87.579448
81,8.1,frontend,tokenizer,63.567849
81,8.1,router,cache,18.572432
81,8.1,router,expert-0,67.528258
81,8.1,router,expert-1,47.944651
81,8.1,router,expert-2,21.804924
81,8.1,router,expert-3,12.055839
82,8.200000000000001,aggregator,cache,7.430281
82,8.200000000000001,cache,aggregator,9.376206
82,8.200000000000001,expert-0,aggregator,57.640924
82,8.200000000000001,expert-1,aggregator,40.623673
82,8.200000000000001,expert-2,aggregator,18.408160
82,8.200000000000001,expert-3,aggregator,9.881717
82,8.200000000000001,frontend,router,83.871687
82,8.200000000000001,frontend,tokenizer,60.883299
82,8.200000000000001,router,cache,17.716082
82,8.200000000000001,router,expert-0,64.691684
82,8.200000000000001,router,expert-1,45.905218
82,8.200000000000001,router,expert-2,20.907757
82,8.200000000000001,router,expert-3,11.528670
83,8.3,aggregator,cache,7.850781
83,8.3,cache,aggregator,9.860587
83,8.3,expert-0,aggregator,60.850526
83,8.3,expert-1,aggregator,42.861910
83,8.3,expert-2,aggregator,19.451272
83,8.3,expert-3,aggregator,10.412563
83,8.3,frontend,router,88.507408
83,8.3,frontend,tokenizer,64.255457
83,8.3,router,cache,18.621275
83,8.3,router,expert-0,68.290869
83,8.3,router,expert-1,48.432253
83,8.3,router,expert-2,22.090570
83,8.3,router,expert-3,12.147990
84,8.4,aggregator,cache,7.565949
84,8.4,cache,aggregator,9.458461
84,8.4,expert-0,aggregator,58.593398
84,8.4,expert-1,aggregator,41.249082
84,8.4,expert-2,aggregator,18.747003
84,8.4,expert-3,aggregator,10.007505
84,8.4,frontend,router,85.191150
84,8.4,frontend,tokenizer,61.854683
84,8.4,router,cache,17.852271
84,8.4,router,expert-0,65.754826
84,8.4,router,expert-1,46.607689
84,8.4,router,expert-2,21.288870
84,8.4,router,expert-3,11.675422
85,8.5,aggregator,cache,7.983513
85,8.5,cache,aggregator,9.933844
85,8.5,expert-0,aggregator,61.776166
85,8.5,expert-1,aggregator,43.465480
85,8.5,expert-2,aggregator,19.783304
85,8.5,expert-3,aggregator,10.531105
85,8.5,frontend,router,89.783587
85,8.5,frontend,tokenizer,65.196288
85,8.5,router,cache,18.739452
85,8.5,router,expert-0,69.323490
85,8.5,router,expert-1,49.109752
85,8.5,router,expert-2,22.463708
85,8.5,router,expert-3,12.286289
86,8.6,aggregator,cache,7.895968
86,8.6,cache,aggregator,9.778990
86,8.6,expert-0,aggregator,61.049462
86,8.6,expert-1,aggregator,42.930189
86,8.6,expert-2,aggregator,19.568146
86,8.6,expert-3,aggregator,10.387302
86,8.6,frontend,router,88.692669
86,8.6,frontend,tokenizer,64.411227
86,8.6,router,cache,18.437428
86,8.6,router,expert-0,68.504910
86,8.6,router,expert-1,48.502698
86,8.6,router,expert-2,22.217447
86,8.6,router,expert-3,12.118519
87,8.700000000000001,aggregator,cache,7.519400
87,8.700000000000001,cache,aggregator,9.269072
87,8.700000000000001,expert-0,aggregator,58.092107
87,8.700000000000001,expert-1,aggregator,40.827712
87,8.700000000000001,expert-2,aggregator,18.636750
87,8.700000000000001,expert-3,aggregator,9.865021
87,8.700000000000001,frontend,router,84.363112
87,8.700000000000001,frontend,tokenizer,61.273751
87,8.700000000000001,router,cache,17.466650
87,8.700000000000001,router,expert-0,65.183435
87,8.700000000000001,router,expert-1,46.125152
87,8.700000000000001,router,expert-2,21.158093
87,8.700000000000001,router,expert-3,11.509192
88,8.8,aggregator,cache,7.813858
88,8.8,cache,aggregator,9.586985
88,8.8,expert-0,aggregator,60.320474
88,8.8,expert-1,aggregator,42.370067
88,8.8,expert-2,aggregator,19.368602
88,8.8,expert-3,aggregator,10.223456
88,8.8,frontend,router,87.564788
88,8.8,frontend,tokenizer,63.606208
88,8.8,router,cache,18.056049
88,8.8,router,expert-0,67.680724
88,8.8,router,expert-1,47.865373
88,8.8,router,expert-2,21.987026
88,8.8,router,expert-3,11.927365
89,8.9,aggregator,cache,8.177894
89,8.9,cache,aggregator,9.986666
89,8.9,expert-0,aggregator,63.083216
89,8.9,expert-1,aggregator,44.285777
89,8.9,expert-2,aggregator,20.273237
89,8.9,expert-3,aggregator,10.670653
89,8.9,frontend,router,91.539301
89,8.9,frontend,tokenizer,66.500639
89,8.9,router,cache,18.798740
89,8.9,router,expert-0,70.777316
89,8.9,router,expert-1,50.027170
89,8.9,router,expert-2,23.011937
89,8.9,router,expert-3,12.449095
90,9.0,aggregator,cache,7.738952
90,9.0,cache,aggregator,9.406384
90,9.0,expert-0,aggregator,59.653423
90,9.0,expert-1,aggregator,41.854427
90,9.0,expert-2,aggregator,19.187379
90,9.0,expert-3,aggregator,10.070449
90,9.0,frontend,router,86.528238
90,9.0,frontend,tokenizer,62.867243
90,9.0,router,cache,17.696962
90,9.0,router,expert-0,66.926100
90,9.0,router,expert-1,47.278350
90,9.0,router,expert-2,21.777480
90,9.0,router,expert-3,11.748858
91,9.1,aggregator,cache,8.258884
91,9.1,cache,aggregator,9.991311
91,9.1,expert-0,aggregator,63.615551
91,9.1,expert-1,aggregator,44.609206
91,9.1,expert-2,aggregator,20.479054
91,9.1,expert-3,aggregator,10.717789
91,9.1,frontend,router,92.238929
91,9.1,frontend,tokenizer,67.023827
91,9.1,router,cache,18.787395
91,9.1,router,expert-0,71.367948
91,9.1,router,expert-1,50.387694
91,9.1,router,expert-2,23.241478
91,9.1,router,expert-3,12.504087
92,9.200000000000001,aggregator,cache,7.733258
92,9.200000000000001,cache,aggregator,9.311575
92,9.200000000000001,expert-0,aggregator,59.525199
92,9.200000000000001,expert-1,aggregator,41.717358
92,9.200000000000001,expert-2,aggregator,19.178253
92,9.200000000000001,expert-3,aggregator,10.008370
92,9.200000000000001,frontend,router,86.274017
92,9.200000000000001,frontend,tokenizer,62.696529
92,9.200000000000001,router,cache,17.499901
92,9.200000000000001,router,expert-0,66.776003
92,9.200000000000001,router,expert-1,47.118964
92,9.200000000000001,router,expert-2,21.763303
92,9.200000000000001,router,expert-3,11.676432
93,9.3,aggregator,cache,8.210540
93,9.3,cache,aggregator,9.839904
93,9.3,expert-0,aggregator,63.155945
93,9.3,expert-1,aggregator,44.236882
93,9.3,expert-2,aggregator,20.364761
93,9.3,expert-3,aggregator,10.597160
93,9.3,frontend,router,91.500054
93,9.3,frontend,tokenizer,66.501804
93,9.3,router,cache,18.482978
93,9.3,router,expert-0,70.845672
93,9.3,router,expert-1,49.962279
93,9.3,router,expert-2,23.107714
93,9.3,router,expert-3,12.363353
94,9.4,aggregator,cache,8.094435
94,9.4,cache,aggregator,9.655242
94,9.4,expert-0,aggregator,62.221561
94,9.4,expert-1,aggregator,43.557717
94,9.4,expert-2,aggregator,20.079744
94,9.4,expert-3,aggregator,10.418880
94,9.4,frontend,router,90.110566
94,9.4,frontend,tokenizer,65.499274
94,9.4,router,cache,18.126465
94,9.4,router,expert-0,69.794209
94,9.4,router,expert-1,49.192795
94,9.4,router,expert-2,22.782310
94,9.4,router,expert-3,12.155360
95,9.5,aggregator,cache,7.883228
95,9.5,cache,aggregator,9.359165
95,9.5,expert-0,aggregator,60.558903
95,9.5,expert-1,aggregator,42.369736
95,9.5,expert-2,aggregator,19.558826
95,9.5,expert-3,aggregator,10.119411
95,9.5,frontend,router,87.667836
95,9.5,frontend,tokenizer,63.730867
95,9.5,router,cache,17.561285
95,9.5,router,expert-0,67.925959
95,9.5,router,expert-1,47.848757
95,9.5,router,expert-2,22.189336
95,9.5,router,expert-3,11.805979
96,9.600000000000001,aggregator,cache,8.354989
96,9.600000000000001,cache,aggregator,9.872661
96,9.600000000000001,expert-0,aggregator,64.142663
96,9.600000000000001,expert-1,aggregator,44.851598
96,9.600000000000001,expert-2,aggregator,20.732640
96,9.600000000000001,expert-3,aggregator,10.695806
96,9.600000000000001,frontend,router,92.818922
96,9.600000000000001,frontend,tokenizer,67.483083
96,9.600000000000001,router,cache,18.514967
96,9.600000000000001,router,expert-0,71.942237
96,9.600000000000001,router,expert-1,50.649037
96,9.600000000000001,router,expert-2,23.518957
96,9.600000000000001,router,expert-3,12.478440
97,9.700000000000001,aggregator,cache,8.325234
97,9.700000000000001,cache,aggregator,9.791271
97,9.700000000000001,expert-0,aggregator,63.875217
97,9.700000000000001,expert-1,aggregator,44.639174
97,9.700000000000001,expert-2,aggregator,20.662276
97,9.700000000000001,expert-3,aggregator,10.628707
97,9.700000000000001,frontend,router,92.395102
97,9.700000000000001,frontend,tokenizer,67.182519
97,9.700000000000001,router,cache,18.352599
97,9.700000000000001,router,expert-0,71.638817
97,9.700000000000001,router,expert-1,50.406628
97,9.700000000000001,router,expert-2,23.437085
97,9.700000000000001,router,expert-3,12.400158
98,9.8,aggregator,cache,8.064235
98,9.8,cache,aggregator,9.439717
98,9.8,expert-0,aggregator,61.836028
98,9.8,expert-1,aggregator,43.189463
98,9.8,expert-2,aggregator,20.018008
98,9.8,expert-3,aggregator,10.267468
98,9.8,frontend,router,89.409766
98,9.8,frontend,tokenizer,65.019153
98,9.8,router,cache,17.684290
98,9.8,router,expert-0,69.348416
98,9.8,router,expert-1,48.767152
98,9.8,router,expert-2,22.704307
98,9.8,router,expert-3,11.978712
99,9.9,aggregator,cache,8.290917
99,9.9,cache,aggregator,9.659405
99,9.9,expert-0,aggregator,63.537629
99,9.9,expert-1,aggregator,44.352627
99,9.9,expert-2,aggregator,20.584443
99,9.9,expert-3,aggregator,10.527342
99,9.9,frontend,router,91.833468
99,9.9,frontend,tokenizer,66.789229
99,9.9,router,cache,18.086290
99,9.9,router,expert-0,71.253270
99,9.9,router,expert-1,50.077990
99,9.9,router,expert-2,23.344710
99,9.9,router,expert-3,12.281899
100,10.0,aggregator,cache,8.095626
100,10.0,cache,aggregator,9.387482
100,10.0,expert-0,aggregator,62.006391
100,10.0,expert-1,aggregator,43.259011
100,10.0,expert-2,aggregator,20.103366
100,10.0,expert-3,aggregator,10.251382
100,10.0,frontend,router,89.584495
100,10.0,frontend,tokenizer,65.160958
100,10.0,router,cache,17.567867
100,10.0,router,expert-0,69.532681
100,10.0,router,expert-1,48.840708
100,10.0,router,expert-2,22.797128
100,10.0,router,expert-3,11.959945
101,10.100000000000001,aggregator,cache,8.051277
101,10.100000000000001,cache,aggregator,9.292085
101,10.100000000000001,expert-0,aggregator,61.633369
101,10.100000000000001,expert-1,aggregator,42.974172
101,10.100000000000001,expert-2,aggregator,19.997136
101,10.100000000000001,expert-3,aggregator,10.167457
101,10.100000000000001,frontend,router,89.009945
101,10.100000000000001,frontend,tokenizer,64.750389
101,10.100000000000001,router,cache,17.380178
101,10.100000000000001,router,expert-0,69.110979
101,10.100000000000001,router,expert-1,48.516623
101,10.100000000000001,router,expert-2,22.674680
101,10.100000000000001,router,expert-3,11.862033
102,10.200000000000001,aggregator,cache,7.719236
102,10.200000000000001,cache,aggregator,8.866890
102,10.200000000000001,expert-0,aggregator,59.060633
102,10.200000000000001,expert-1,aggregator,41.156732
102,10.200000000000001,expert-2,aggregator,19.176305
102,10.200000000000001,expert-3,aggregator,9.721590
102,10.200000000000001,frontend,router,85.260283
102,10.200000000000001,frontend,tokenizer,62.029736
102,10.200000000000001,router,cache,16.576156
102,10.200000000000001,router,expert-0,66.222830
102,10.200000000000001,router,expert-1,46.462382
102,10.200000000000001,router,expert-2,21.742041
102,10.200000000000001,router,expert-3,11.341855
103,10.3,aggregator,cache,8.479825
103,10.3,cache,aggregator,9.694630
103,10.3,expert-0,aggregator,64.847135
103,10.3,expert-1,aggregator,45.163174
103,10.3,expert-2,aggregator,21.070165
103,10.3,expert-3,aggregator,10.650378
103,10.3,frontend,router,93.576187
103,10.3,frontend,tokenizer,68.087577
103,10.3,router,cache,18.114051
103,10.3,router,expert-0,72.707437
103,10.3,router,expert-1,50.982656
103,10.3,router,expert-2,23.887207
103,10.3,router,expert-3,12.425442
104,10.4,aggregator,cache,7.886093
104,10.4,cache,aggregator,8.973305
104,10.4,expert-0,aggregator,60.277243
104,10.4,expert-1,aggregator,41.956343
104,10.4,expert-2,aggregator,19.599104
104,10.4,expert-3,aggregator,9.877681
104,10.4,frontend,router,86.946807
104,10.4,frontend,tokenizer,63.271134
104,10.4,router,cache,16.757489
104,10.4,router,expert-0,67.580237
104,10.4,router,expert-1,47.360133
104,10.4,router,expert-2,22.217527
104,10.4,router,expert-3,11.523961
105,10.5,aggregator,cache,8.290763
105,10.5,cache,aggregator,9.389231
105,10.5,expert-0,aggregator,63.340435
105,10.5,expert-1,aggregator,44.063157
105,10.5,expert-2,aggregator,20.609383
105,10.5,expert-3,aggregator,10.356245
105,10.5,frontend,router,91.328612
105,10.5,frontend,tokenizer,66.467347
105,10.5,router,cache,17.525043
105,10.5,router,expert-0,71.010989
105,10.5,router,expert-1,49.735677
105,10.5,router,expert-2,23.360737
105,10.5,router,expert-3,12.082286
106,10.600000000000001,aggregator,cache,7.823588
106,10.600000000000001,cache,aggregator,8.818306
106,10.600000000000001,expert-0,aggregator,59.744089
106,10.600000000000001,expert-1,aggregator,41.537425
106,10.600000000000001,expert-2,aggregator,19.452499
106,10.600000000000001,expert-3,aggregator,9.746041
106,10.600000000000001,frontend,router,86.108528
106,10.600000000000001,frontend,tokenizer,62.675416
106,10.600000000000001,router,cache,16.450807
106,10.600000000000001,router,expert-0,66.975744
106,10.600000000000001,router,expert-1,46.882311
106,10.600000000000001,router,expert-2,22.047485
106,10.600000000000001,router,expert-3,11.370381
107,10.700000000000001,aggregator,cache,8.331972
107,10.700000000000001,cache,aggregator,9.346941
107,10.700000000000001,expert-0,aggregator,63.598467
107,10.700000000000001,expert-1,aggregator,44.191738
107,10.700000000000001,expert-2,aggregator,20.721397
107,10.700000000000001,expert-3,aggregator,10.351047
107,10.700000000000001,frontend,router,91.626932
107,10.700000000000001,frontend,tokenizer,66.699692
107,10.700000000000001,router,cache,17.427892
107,10.700000000000001,router,expert-0,71.293058
107,10.700000000000001,router,expert-1,49.875517
107,10.700000000000001,router,expert-2,23.483607
107,10.700000000000001,router,expert-3,12.076221
108,10.8,aggregator,cache,8.460464
108,10.8,cache,aggregator,9.446199
108,10.8,expert-0,aggregator,64.552083
108,10.8,expert-1,aggregator,44.828505
108,10.8,expert-2,aggregator,21.046021
108,10.8,expert-3,aggregator,10.482010
108,10.8,frontend,router,92.963376
108,10.8,frontend,tokenizer,67.680297
108,10.8,router,cache,17.603790
108,10.8,router,expert-0,72.358363
108,10.8,router,expert-1,50.591476
108,10.8,router,expert-2,23.849423
108,10.8,router,expert-3,12.229012
109,10.9,aggregator,cache,8.179387
109,10.9,cache,aggregator,9.089158
109,10.9,expert-0,aggregator,62.382311
109,10.9,expert-1,aggregator,43.296700
109,10.9,expert-2,aggregator,20.351854
109,10.9,expert-3,aggregator,10.106129
109,10.9,frontend,router,89.802433
109,10.9,frontend,tokenizer,65.386517
109,10.9,router,cache,16.929606
109,10.9,router,expert-0,69.922625
109,10.9,router,expert-1,48.860118
109,10.9,router,expert-2,23.060781
109,10.9,router,expert-3,11.790484
110,11.0,aggregator,cache,8.096824
110,11.0,cache,aggregator,8.954806
110,11.0,expert-0,aggregator,61.728724
110,11.0,expert-1,aggregator,42.818332
110,11.0,expert-2,aggregator,20.151531
110,11.0,expert-3,aggregator,9.976819
110,11.0,frontend,router,88.825739
110,11.0,frontend,tokenizer,64.682787
110,11.0,router,cache,16.670705
110,11.0,router,expert-0,69.186481
110,11.0,router,expert-1,48.317669
110,11.0,router,expert-2,22.831805
110,11.0,router,expert-3,11.639622
111,11.100000000000001,aggregator,cache,8.242213
111,11.100000000000001,cache,aggregator,9.072410
111,11.100000000000001,expert-0,aggregator,62.813891
111,11.100000000000001,expert-1,aggregator,43.545878
111,11.100000000000001,expert-2,aggregator,20.518713
111,11.100000000000001,expert-3,aggregator,10.128248
111,11.100000000000001,frontend,router,90.350802
111,11.100000000000001,frontend,tokenizer,65.800887
111,11.100000000000001,router,cache,16.880894
111,11.100000000000001,router,expert-0,70.399120
111,11.100000000000001,router,expert-1,49.135985
111,11.100000000000001,router,expert-2,23.245801
111,11.100000000000001,router,expert-3,11.816289
112,11.200000000000001,aggregator,cache,8.582326
112,11.200000000000001,cache,aggregator,9.401991
112,11.200000000000001,expert-0,aggregator,65.382778
112,11.200000000000001,expert-1,aggregator,45.300546
112,11.200000000000001,expert-2,aggregator,21.371103
112,11.200000000000001,expert-3,aggregator,10.517396
112,11.200000000000001,frontend,router,94.007904
112,11.200000000000001,frontend,tokenizer,68.472154
112,11.200000000000001,router,cache,17.485096
112,11.200000000000001,router,expert-0,73.274421
112,11.200000000000001,router,expert-1,51.113110
112,11.200000000000001,router,expert-2,24.209373
112,11.200000000000001,router,expert-3,12.270295
113,11.3,aggregator,cache,8.263414
113,11.3,cache,aggregator,9.009674
113,11.3,expert-0,aggregator,62.932024
113,11.3,expert-1,aggregator,43.577298
113,11.3,expert-2,aggregator,20.582583
113,11.3,expert-3,aggregator,10.098926
113,11.3,frontend,router,90.447649
113,11.3,frontend,tokenizer,65.886561
113,11.3,router,cache,16.746849
113,11.3,router,expert-0,70.524192
113,11.3,router,expert-1,49.166047
113,11.3,router,expert-2,23.314103
113,11.3,router,expert-3,11.782080
114,11.4,aggregator,cache,8.453302
114,11.4,cache,aggregator,9.172954
114,11.4,expert-0,aggregator,64.357562
114,11.4,expert-1,aggregator,44.538597
114,11.4,expert-2,aggregator,21.061431
114,11.4,expert-3,aggregator,10.302773
114,11.4,frontend,router,92.459102
114,11.4,frontend,tokenizer,67.359555
114,11.4,router,cache,17.041570
114,11.4,router,expert-0,72.117940
114,11.4,router,expert-1,50.247857
114,11.4,router,expert-2,23.854425
114,11.4,router,expert-3,12.019902
115,11.5,aggregator,cache,8.510471
115,11.5,cache,aggregator,9.191118
115,11.5,expert-0,aggregator,64.773151
115,11.5,expert-1,aggregator,44.800222
115,11.5,expert-2,aggregator,21.209913
115,11.5,expert-3,aggregator,10.344109
115,11.5,frontend,router,93.018544
115,11.5,frontend,tokenizer,67.774932
115,11.5,router,cache,17.066541
115,11.5,router,expert-0,72.579834
115,11.5,router,expert-1,50.540212
115,11.5,router,expert-2,24.020512
115,11.5,router,expert-3,12.068127
116,11.600000000000001,aggregator,cache,8.501669
116,11.600000000000001,cache,aggregator,9.137966
116,11.600000000000001,expert-0,aggregator,64.687609
116,11.600000000000001,expert-1,aggregator,44.715107
116,11.600000000000001,expert-2,aggregator,21.194152
116,11.600000000000001,expert-3,aggregator,10.305168
116,11.600000000000001,frontend,router,92.858135
116,11.600000000000001,frontend,tokenizer,67.665855
116,11.600000000000001,router,cache,16.959146
116,11.600000000000001,router,expert-0,72.480163
116,11.600000000000001,router,expert-1,50.441377
116,11.600000000000001,router,expert-2,24.000579
116,11.600000000000001,router,expert-3,12.022697
117,11.700000000000001,aggregator,cache,8.663249
117,11.700000000000001,cache,aggregator,9.267345
117,11.700000000000001,expert-0,aggregator,65.899229
117,11.700000000000001,expert-1,aggregator,45.526200
117,11.700000000000001,expert-2,aggregator,21.603389
117,11.700000000000001,expert-3,aggregator,10.472316
117,11.700000000000001,frontend,router,94.559134
117,11.700000000000001,frontend,tokenizer,68.913324
117,11.700000000000001,router,cache,17.190460
117,11.700000000000001,router,expert-0,73.833836
117,11.700000000000001,router,expert-1,51.353461
117,11.700000000000001,router,expert-2,24.461882
117,11.700000000000001,router,expert-3,12.217702
118,11.8,aggregator,cache,8.505831
118,11.8,cache,aggregator,9.055637
118,11.8,expert-0,aggregator,64.685368
118,11.8,expert-1,aggregator,44.661662
118,11.8,expert-2,aggregator,21.217281
118,11.8,expert-3,aggregator,10.253906
118,11.8,frontend,router,92.779799
118,11.8,frontend,tokenizer,67.624377
118,11.8,router,cache,16.789178
118,11.8,router,expert-0,72.469972
118,11.8,router,expert-1,50.375425
118,11.8,router,expert-2,24.022602
118,11.8,router,expert-3,11.962890
119,11.9,aggregator,cache,7.999933
119,11.9,cache,aggregator,8.476468
119,11.9,expert-0,aggregator,60.823664
119,11.9,expert-1,aggregator,41.970974
119,11.9,expert-2,aggregator,19.961533
119,11.9,expert-3,aggregator,9.617655
119,11.9,frontend,router,87.205552
119,11.9,frontend,tokenizer,63.568820
119,11.9,router,cache,15.707394
119,11.9,router,expert-0,68.139898
119,11.9,router,expert-1,47.337825
119,11.9,router,expert-2,22.598863
119,11.9,router,expert-3,11.220598
120,12.0,aggregator,cache,8.139785
120,12.0,cache,aggregator,8.583539
120,12.0,expert-0,aggregator,61.873288
120,12.0,expert-1,aggregator,42.670447
120,12.0,expert-2,aggregator,20.316912
120,12.0,expert-3,aggregator,9.759008
120,12.0,frontend,router,88.674530
120,12.0,frontend,tokenizer,64.647108
120,12.0,router,cache,15.897721
120,12.0,router,expert-0,69.312070
120,12.0,router,expert-1,48.124003
120,12.0,router,expert-2,22.999204
120,12.0,router,expert-3,11.385509
121,12.100000000000001,aggregator,cache,8.353298
121,12.100000000000001,cache,aggregator,8.766674
121,12.100000000000001,expert-0,aggregator,63.483280
121,12.100000000000001,expert-1,aggregator,43.755311
121,12.100000000000001,expert-2,aggregator,20.856556
121,12.100000000000001,expert-3,aggregator,9.987578
121,12.100000000000001,frontend,router,90.945070
121,12.100000000000001,frontend,tokenizer,66.310087
121,12.100000000000001,router,cache,16.228679
121,12.100000000000001,router,expert-0,71.111807
121,12.100000000000001,router,expert-1,49.344701
121,12.100000000000001,router,expert-2,23.608050
121,12.100000000000001,router,expert-3,11.652174
122,12.200000000000001,aggregator,cache,8.433315
122,12.200000000000001,cache,aggregator,8.808401
122,12.200000000000001,expert-0,aggregator,64.079315
122,12.200000000000001,expert-1,aggregator,44.140436
122,12.200000000000001,expert-2,aggregator,21.063250
122,12.200000000000001,expert-3,aggregator,10.055636
122,12.200000000000001,frontend,router,91.761761
122,12.200000000000001,frontend,tokenizer,66.913297
122,12.200000000000001,router,cache,16.297680
122,12.200000000000001,router,expert-0,71.775598
122,12.200000000000001,router,expert-1,49.776165
122,12.200000000000001,router,expert-2,23.839951
122,12.200000000000001,router,expert-3,11.731575
123,12.3,aggregator,cache,8.294288
123,12.3,cache,aggregator,8.621809
123,12.3,expert-0,aggregator,63.012095
123,12.3,expert-1,aggregator,43.380039
123,12.3,expert-2,aggregator,20.722938
123,12.3,expert-3,aggregator,9.862772
123,12.3,frontend,router,90.196952
123,12.3,frontend,tokenizer,65.779842
123,12.3,router,cache,15.944394
123,12.3,router,expert-0,70.576385
123,12.3,router,expert-1,48.915862
123,12.3,router,expert-2,23.452750
123,12.3,router,expert-3,11.506567
124,12.4,aggregator,cache,8.542687
124,12.4,cache,aggregator,8.837567
124,12.4,expert-0,aggregator,64.889071
124,12.4,expert-1,aggregator,44.646227
124,12.4,expert-2,aggregator,21.350812
124,12.4,expert-3,aggregator,10.130305
124,12.4,frontend,router,92.846074
124,12.4,frontend,tokenizer,67.719667
124,12.4,router,cache,16.335177
124,12.4,router,expert-0,72.674740
124,12.4,router,expert-1,50.340716
124,12.4,router,expert-2,24.161247
124,12.4,router,expert-3,11.818689
125,12.5,aggregator,cache,8.515530
125,12.5,cache,aggregator,8.767329
125,12.5,expert-0,aggregator,64.673740
125,12.5,expert-1,aggregator,44.472169
125,12.5,expert-2,aggregator,21.290304
125,12.5,expert-3,aggregator,10.070416
125,12.5,frontend,router,92.500484
125,12.5,frontend,tokenizer,67.475419
125,12.5,router,cache,16.197222
125,12.5,router,expert-0,72.429630
125,12.5,router,expert-1,50.141540
125,12.5,router,expert-2,24.090695
125,12.5,router,expert-3,11.748818
126,12.600000000000001,aggregator,cache,8.277143
126,12.600000000000001,cache,aggregator,8.481097
126,12.600000000000001,expert-0,aggregator,62.855462
126,12.600000000000001,expert-1,aggregator,43.196687
126,12.600000000000001,expert-2,aggregator,20.701582
126,12.600000000000001,expert-3,aggregator,9.761655
126,12.600000000000001,frontend,router,89.863451
126,12.600000000000001,frontend,tokenizer,65.559407
126,12.600000000000001,router,cache,15.660583
126,12.600000000000001,router,expert-0,70.389453
126,12.600000000000001,router,expert-1,48.700613
126,12.600000000000001,router,expert-2,23.422517
126,12.600000000000001,router,expert-3,11.388598
127,12.700000000000001,aggregator,cache,8.253030
127,12.700000000000001,cache,aggregator,8.415876
127,12.700000000000001,expert-0,aggregator,62.665599
127,12.700000000000001,expert-1,aggregator,43.041129
127,12.700000000000001,expert-2,aggregator,20.648664
127,12.700000000000001,expert-3,aggregator,9.706512
127,12.700000000000001,frontend,router,89.555718
127,12.700000000000001,frontend,tokenizer,65.342478
127,12.700000000000001,router,cache,15.532400
127,12.700000000000001,router,expert-0,70.172988
127,12.700000000000001,router,expert-1,48.522388
127,12.700000000000001,router,expert-2,23.360631
127,12.700000000000001,router,expert-3,11.324264
128,12.8,aggregator,cache,8.134621
128,12.8,cache,aggregator,8.255360
128,12.8,expert-0,aggregator,61.760849
128,12.8,expert-1,aggregator,42.395009
128,12.8,expert-2,aggregator,20.359818
128,12.8,expert-3,aggregator,9.540990
128,12.8,frontend,router,88.226987
128,12.8,frontend,tokenizer,64.380464
128,12.8,router,cache,15.228573
128,12.8,router,expert-0,69.156047
128,12.8,router,expert-1,47.791169
128,12.8,router,expert-2,23.031865
128,12.8,router,expert-3,11.131154
129,12.9,aggregator,cache,8.765439
129,12.9,cache,aggregator,8.852861
129,12.9,expert-0,aggregator,66.545193
129,12.9,expert-1,aggregator,45.652563
129,12.9,expert-2,aggregator,21.946780
129,12.9,expert-3,aggregator,10.252637
129,12.9,frontend,router,95.023051
129,12.9,frontend,tokenizer,69.347691
129,12.9,router,cache,16.322676
129,12.9,router,expert-0,74.509157
129,12.9,router,expert-1,51.460309
129,12.9,router,expert-2,24.824967
129,12.9,router,expert-3,11.961410
130,13.0,aggregator,cache,8.190361
130,13.0,cache,aggregator,8.232327
130,13.0,expert-0,aggregator,62.175605
130,13.0,expert-1,aggregator,42.630015
130,13.0,expert-2,aggregator,20.514611
130,13.0,expert-3,aggregator,9.553670
130,13.0,frontend,router,88.747560
130,13.0,frontend,tokenizer,64.775363
130,13.0,router,cache,15.171048
130,13.0,router,expert-0,69.612777
130,13.0,router,expert-1,48.050389
130,13.0,router,expert-2,23.202983
130,13.0,router,expert-3,11.145948
131,13.100000000000001,aggregator,cache,8.506983
131,13.100000000000001,cache,aggregator,8.509484
131,13.100000000000001,expert-0,aggregator,64.576337
131,13.100000000000001,expert-1,aggregator,44.250264
131,13.100000000000001,expert-2,aggregator,21.315791
131,13.100000000000001,expert-3,aggregator,9.895724
131,13.100000000000001,frontend,router,92.136979
131,13.100000000000001,frontend,tokenizer,67.257048
131,13.100000000000001,router,cache,15.674080
131,13.100000000000001,router,expert-0,72.296663
131,13.100000000000001,router,expert-1,49.873677
131,13.100000000000001,router,expert-2,24.107085
131,13.100000000000001,router,expert-3,11.545011
132,13.200000000000001,aggregator,cache,8.725081
132,13.200000000000001,cache,aggregator,8.685675
132,13.200000000000001,expert-0,aggregator,66.230046
132,13.200000000000001,expert-1,aggregator,45.357021
132,13.200000000000001,expert-2,aggregator,21.870744
132,13.200000000000001,expert-3,aggregator,10.121520
132,13.200000000000001,frontend,router,94.458234
132,13.200000000000001,frontend,tokenizer,68.959493
132,13.200000000000001,router,cache,15.990756
132,13.200000000000001,router,expert-0,74.143953
132,13.200000000000001,router,expert-1,51.118022
132,13.200000000000001,router,expert-2,24.732587
132,13.200000000000001,router,expert-3,11.808440
133,13.3,aggregator,cache,8.502359
133,13.3,cache,aggregator,8.423224
133,13.3,expert-0,aggregator,64.538601
133,13.3,expert-1,aggregator,44.172913
133,13.3,expert-2,aggregator,21.320833
133,13.3,expert-3,aggregator,9.836020
133,13.3,frontend,router,92.008630
133,13.3,frontend,tokenizer,67.178951
133,13.3,router,cache,15.499976
133,13.3,router,expert-0,72.246364
133,13.3,router,expert-1,49.780523
133,13.3,router,expert-2,24.108651
133,13.3,router,expert-3,11.475357
134,13.4,aggregator,cache,8.403870
134,13.4,cache,aggregator,8.285552
134,13.4,expert-0,aggregator,63.791211
134,13.4,expert-1,aggregator,43.635946
134,13.4,expert-2,aggregator,21.082266
134,13.4,expert-3,aggregator,9.695328
134,13.4,frontend,router,90.906341
134,13.4,frontend,tokenizer,66.381834
134,13.4,router,cache,15.239198
134,13.4,router,expert-0,71.405718
134,13.4,router,expert-1,49.172423
134,13.4,router,expert-2,23.836847
134,13.4,router,expert-3,11.311216
135,13.5,aggregator,cache,8.783488
135,13.5,cache,aggregator,8.618082
135,13.5,expert-0,aggregator,66.674029
135,13.5,expert-1,aggregator,45.581368
135,13.5,expert-2,aggregator,22.043504
135,13.5,expert-3,aggregator,10.105383
135,13.5,frontend,router,94.976118
135,13.5,frontend,tokenizer,69.361727
135,13.5,router,cache,15.843096
135,13.5,router,expert-0,74.628459
135,13.5,router,expert-1,51.361567
135,13.5,router,expert-2,24.921547
135,13.5,router,expert-3,11.789614
136,13.600000000000001,aggregator,cache,8.136286
136,13.600000000000001,cache,aggregator,7.944557
136,13.600000000000001,expert-0,aggregator,61.763351
136,13.600000000000001,expert-1,aggregator,42.199631
136,13.600000000000001,expert-2,aggregator,20.427630
136,13.600000000000001,expert-3,aggregator,9.334993
136,13.600000000000001,frontend,router,87.945376
136,13.600000000000001,frontend,tokenizer,64.234583
136,13.600000000000001,router,cache,14.597839
136,13.600000000000001,router,expert-0,69.128031
136,13.600000000000001,router,expert-1,47.548100
136,13.600000000000001,router,expert-2,23.092726
136,13.600000000000001,router,expert-3,10.890825
137,13.700000000000001,aggregator,cache,8.412320
137,13.700000000000001,cache,aggregator,8.174430
137,13.700000000000001,expert-0,aggregator,63.861945
137,13.700000000000001,expert-1,aggregator,43.608100
137,13.700000000000001,expert-2,aggregator,21.129450
137,13.700000000000001,expert-3,aggregator,9.625095
137,13.700000000000001,frontend,router,90.896850
137,13.700000000000001,frontend,tokenizer,66.398022
137,13.700000000000001,router,cache,15.012968
137,13.700000000000001,router,expert-0,71.472829
137,13.700000000000001,router,expert-1,49.132083
137,13.700000000000001,router,expert-2,23.884069
137,13.700000000000001,router,expert-3,11.229278
138,13.8,aggregator,cache,8.471428
138,13.8,cache,aggregator,8.192092
138,13.8,expert-0,aggregator,64.314880
138,13.8,expert-1,aggregator,43.891839
138,13.8,expert-2,aggregator,21.286888
138,13.8,expert-3,aggregator,9.665999
138,13.8,frontend,router,91.504567
138,13.8,frontend,tokenizer,66.849703
138,13.8,router,cache,15.038168
138,13.8,router,expert-0,71.975672
138,13.8,router,expert-1,49.448736
138,13.8,router,expert-2,24.059976
138,13.8,router,expert-3,11.276999
139,13.9,aggregator,cache,8.837661
139,13.9,cache,aggregator,8.504923
139,13.9,expert-0,aggregator,67.100752
139,13.9,expert-1,aggregator,45.766434
139,13.9,expert-2,aggregator,22.216645
139,13.9,expert-3,aggregator,10.056058
139,13.9,frontend,router,95.429666
139,13.9,frontend,tokenizer,69.725320
139,13.9,router,cache,15.604947
139,13.9,router,expert-0,75.089122
139,13.9,router,expert-1,51.557494
139,13.9,router,expert-2,25.108713
139,13.9,router,expert-3,11.732068
140,14.0,aggregator,cache,8.137745
140,14.0,cache,aggregator,7.793458
140,14.0,expert-0,aggregator,61.792531
140,14.0,expert-1,aggregator,42.121433
140,14.0,expert-2,aggregator,20.466011
140,14.0,expert-3,aggregator,9.234091
140,14.0,frontend,router,87.844951
140,14.0,frontend,tokenizer,64.191024
140,14.0,router,cache,14.292715
140,14.0,router,expert-0,69.145023
140,14.0,router,expert-1,47.448346
140,14.0,router,expert-2,23.128218
140,14.0,router,expert-3,10.773106
141,14.100000000000001,aggregator,cache,8.790431
141,14.100000000000001,cache,aggregator,8.377756
141,14.100000000000001,expert-0,aggregator,66.756055
141,14.100000000000001,expert-1,aggregator,45.478422
141,14.100000000000001,expert-2,aggregator,22.117181
141,14.100000000000001,expert-3,aggregator,9.947164
141,14.100000000000001,frontend,router,94.862901
141,14.100000000000001,frontend,tokenizer,69.327298
141,14.100000000000001,router,cache,15.356975
141,14.100000000000001,router,expert-0,74.694884
141,14.100000000000001,router,expert-1,51.226708
141,14.100000000000001,router,expert-2,24.992043
141,14.100000000000001,router,expert-3,11.605024
142,14.200000000000001,aggregator,cache,8.320098
142,14.200000000000001,cache,aggregator,7.891065
142,14.200000000000001,expert-0,aggregator,63.192303
142,14.200000000000001,expert-1,aggregator,43.025564
142,14.200000000000001,expert-2,aggregator,20.943099
142,14.200000000000001,expert-3,aggregator,9.388927
142,14.200000000000001,frontend,router,89.762500
142,14.200000000000001,frontend,tokenizer,65.607453
142,14.200000000000001,router,cache,14.457989
142,14.200000000000001,router,expert-0,70.703280
142,14.200000000000001,router,expert-1,48.460810
142,14.200000000000001,router,expert-2,23.663337
142,14.200000000000001,router,expert-3,10.953748
143,14.3,aggregator,cache,8.909019
143,14.3,cache,aggregator,8.408625
143,14.3,expert-0,aggregator,67.674883
143,14.3,expert-1,aggregator,46.050855
143,14.3,expert-2,aggregator,22.435600
143,14.3,expert-3,aggregator,10.025710
143,14.3,frontend,router,96.091155
143,14.3,frontend,tokenizer,70.241212
143,14.3,router,cache,15.398996
143,14.3,router,expert-0,75.714318
143,14.3,router,expert-1,51.865043
143,14.3,router,expert-2,25.347541
143,14.3,router,expert-3,11.696661
144,14.4,aggregator,cache,8.303197
144,14.4,cache,aggregator,7.798778
144,14.4,expert-0,aggregator,63.082873
144,14.4,expert-1,aggregator,42.901214
144,14.4,expert-2,aggregator,20.919480
144,14.4,expert-3,aggregator,9.318106
144,14.4,frontend,router,89.534960
144,14.4,frontend,tokenizer,65.456315
144,14.4,router,cache,14.275459
144,14.4,router,expert-0,70.572751
144,14.4,router,expert-1,48.314721
144,14.4,router,expert-2,23.632635
144,14.4,router,expert-3,10.871124
145,14.5,aggregator,cache,8.580398
145,14.5,cache,aggregator,8.019975
145,14.5,expert-0,aggregator,65.200155
145,14.5,expert-1,aggregator,44.315414
145,14.5,expert-2,aggregator,21.627836
145,14.5,expert-3,aggregator,9.602540
145,14.5,frontend,router,92.502870
145,14.5,frontend,tokenizer,67.633899
145,14.5,router,cache,14.673491
145,14.5,router,expert-0,72.937223
145,14.5,router,expert-1,49.904243
145,14.5,router,expert-2,24.430789
145,14.5,router,expert-3,11.202964
146,14.600000000000001,aggregator,cache,8.190627
146,14.600000000000001,cache,aggregator,7.618428
146,14.600000000000001,expert-0,aggregator,62.250104
146,14.600000000000001,expert-1,aggregator,42.285793
146,14.600000000000001,expert-2,aggregator,20.655007
146,14.600000000000001,expert-3,aggregator,9.140956
146,14.600000000000001,frontend,router,88.282007
146,14.600000000000001,frontend,tokenizer,64.555271
146,14.600000000000001,router,cache,13.932328
146,14.600000000000001,router,expert-0,69.633084
146,14.600000000000001,router,expert-1,47.615661
146,14.600000000000001,router,expert-2,23.329905
146,14.600000000000001,router,expert-3,10.664449
147,14.700000000000001,aggregator,cache,8.894962
147,14.700000000000001,cache,aggregator,8.233284
147,14.700000000000001,expert-0,aggregator,67.616903
147,14.700000000000001,expert-1,aggregator,45.904794
147,14.700000000000001,expert-2,aggregator,22.441775
147,14.700000000000001,expert-3,aggregator,9.899507
147,14.700000000000001,frontend,router,95.854627
147,14.700000000000001,frontend,tokenizer,70.100781
147,14.700000000000001,router,cache,15.049784
147,14.700000000000001,router,expert-0,75.632026
147,14.700000000000001,router,expert-1,51.687554
147,14.700000000000001,router,expert-2,25.345919
147,14.700000000000001,router,expert-3,11.549425
148,14.8,aggregator,cache,8.929616
148,14.8,cache,aggregator,8.225093
148,14.8,expert-0,aggregator,67.895156
148,14.8,expert-1,aggregator,46.067018
148,14.8,expert-2,aggregator,22.539963
148,14.8,expert-3,aggregator,9.910524
148,14.8,frontend,router,96.210491
148,14.8,frontend,tokenizer,70.369173
148,14.8,router,cache,15.027882
148,14.8,router,expert-0,75.938865
148,14.8,router,expert-1,51.866930
148,14.8,router,expert-2,25.454661
148,14.8,router,expert-3,11.562278
149,14.9,aggregator,cache,8.467737
149,14.9,cache,aggregator,7.761624
149,14.9,expert-0,aggregator,64.398350
149,14.9,expert-1,aggregator,43.669153
149,14.9,expert-2,aggregator,21.384420
149,14.9,expert-3,aggregator,9.371839
149,14.9,frontend,router,91.218805
149,14.9,frontend,tokenizer,66.725926
149,14.9,router,cache,14.174585
149,14.9,router,expert-0,72.023604
149,14.9,router,expert-1,49.164048
149,14.9,router,expert-2,24.147651
149,14.9,router,expert-3,10.933813
150,15.0,aggregator,cache,8.948292
150,15.0,cache,aggregator,8.162079
150,15.0,expert-0,aggregator,68.069941
150,15.0,expert-1,aggregator,46.132216
150,15.0,expert-2,aggregator,22.609049
150,15.0,expert-3,aggregator,9.876214
150,15.0,frontend,router,96.380945
150,15.0,frontend,tokenizer,70.510143
150,15.0,router,cache,14.899109
150,15.0,router,expert-0,76.125515
150,15.0,router,expert-1,51.933731
150,15.0,router,expert-2,25.528369
150,15.0,router,expert-3,11.522250
151,15.100000000000001,aggregator,cache,8.585931
151,15.100000000000001,cache,aggregator,7.793303
151,15.100000000000001,expert-0,aggregator,65.330650
151,15.100000000000001,expert-1,aggregator,44.250178
151,15.100000000000001,expert-2,aggregator,21.704209
151,15.100000000000001,expert-3,aggregator,9.449959
151,15.100000000000001,frontend,router,92.465370
151,15.100000000000001,frontend,tokenizer,67.653409
151,15.100000000000001,router,cache,14.219487
151,15.100000000000001,router,expert-0,73.057793
151,15.100000000000001,router,expert-1,49.811829
151,15.100000000000001,router,expert-2,24.504627
151,15.100000000000001,router,expert-3,11.024952
152,15.200000000000001,aggregator,cache,8.578280
152,15.200000000000001,cache,aggregator,7.748294
152,15.200000000000001,expert-0,aggregator,65.290595
152,15.200000000000001,expert-1,aggregator,44.197527
152,15.200000000000001,expert-2,aggregator,21.695693
152,15.200000000000001,expert-3,aggregator,9.415299
152,15.200000000000001,frontend,router,92.371771
152,15.200000000000001,frontend,tokenizer,67.592726
152,15.200000000000001,router,cache,14.130981
152,15.200000000000001,router,expert-0,73.008739
152,15.200000000000001,router,expert-1,49.749375
152,15.200000000000001,router,expert-2,24.492949
152,15.200000000000001,router,expert-3,10.984516
153,15.3,aggregator,cache,8.966636
153,15.3,cache,aggregator,8.059449
153,15.3,expert-0,aggregator,68.266446
153,15.3,expert-1,aggregator,46.185341
153,15.3,expert-2,aggregator,22.689348
153,15.3,expert-3,aggregator,9.814183
153,15.3,frontend,router,96.543408
153,15.3,frontend,tokenizer,70.653456
153,15.3,router,cache,14.691850
153,15.3,router,expert-0,76.331908
153,15.3,router,expert-1,51.983548
153,15.3,router,expert-2,25.612561
153,15.3,router,expert-3,11.449880
154,15.4,aggregator,cache,8.192435
154,15.4,cache,aggregator,7.327516
154,15.4,expert-0,aggregator,62.391361
154,15.4,expert-1,aggregator,42.186264
154,15.4,expert-2,aggregator,20.740866
154,15.4,expert-3,aggregator,8.941852
154,15.4,frontend,router,88.199611
154,15.4,frontend,tokenizer,64.554646
154,15.4,router,cache,13.351620
154,15.4,router,expert-0,69.758614
154,15.4,router,expert-1,47.479359
154,15.4,router,expert-2,23.411076
154,15.4,router,expert-3,10.432160
155,15.5,aggregator,cache,8.190969
155,15.5,cache,aggregator,7.290297
155,15.5,expert-0,aggregator,62.400335
155,15.5,expert-1,aggregator,42.168049
155,15.5,expert-2,aggregator,20.747844
155,15.5,expert-3,aggregator,8.915360
155,15.5,frontend,router,88.177181
155,15.5,frontend,tokenizer,64.545662
155,15.5,router,cache,13.277906
155,15.5,router,expert-0,69.764554
155,15.5,router,expert-1,47.455793
155,15.5,router,expert-2,23.416986
155,15.5,router,expert-3,10.401253
156,15.600000000000001,aggregator,cache,8.953080
156,15.600000000000001,cache,aggregator,7.929517
156,15.600000000000001,expert-0,aggregator,68.229264
156,15.600000000000001,expert-1,aggregator,46.080532
156,15.600000000000001,expert-2,aggregator,22.690093
156,15.600000000000001,expert-3,aggregator,9.717720
156,15.600000000000001,frontend,router,96.375636
156,15.600000000000001,frontend,tokenizer,70.555046
156,15.600000000000001,router,cache,14.435750
156,15.600000000000001,router,expert-0,76.276904
156,15.600000000000001,router,expert-1,51.855532
156,15.600000000000001,router,expert-2,25.606950
156,15.600000000000001,router,expert-3,11.337340
157,15.700000000000001,aggregator,cache,8.927594
157,15.700000000000001,cache,aggregator,7.868122
157,15.700000000000001,expert-0,aggregator,68.059007
157,15.700000000000001,expert-1,aggregator,45.939142
157,15.700000000000001,expert-2,aggregator,22.637407
157,15.700000000000001,expert-3,aggregator,9.663042
157,15.700000000000001,frontend,router,96.096964
157,15.700000000000001,frontend,tokenizer,70.359123
157,15.700000000000001,router,cache,14.317697
157,15.700000000000001,router,expert-0,76.082085
157,15.700000000000001,router,expert-1,51.693065
157,15.700000000000001,router,expert-2,25.545350
157,15.700000000000001,router,expert-3,11.273549
158,15.8,aggregator,cache,8.959231
158,15.8,cache,aggregator,7.857202
158,15.8,expert-0,aggregator,68.325254
158,15.8,expert-1,aggregator,46.092393
158,15.8,expert-2,aggregator,22.729701
158,15.8,expert-3,aggregator,9.670231
158,15.8,frontend,router,96.434629
158,15.8,frontend,tokenizer,70.614462
158,15.8,router,cache,14.291594
158,15.8,router,expert-0,76.375214
158,15.8,router,expert-1,51.862134
158,15.8,router,expert-2,25.647354
158,15.8,router,expert-3,11.281937
159,15.9,aggregator,cache,8.900507
159,15.9,cache,aggregator,7.767308
159,15.9,expert-0,aggregator,67.903310
159,15.9,expert-1,aggregator,45.781491
159,15.9,expert-2,aggregator,22.592838
159,15.9,expert-3,aggregator,9.580027
159,15.9,frontend,router,95.801128
159,15.9,frontend,tokenizer,70.158632
159,15.9,router,cache,14.121965
159,15.9,router,expert-0,75.899074
159,15.9,router,expert-1,51.508952
159,15.9,router,expert-2,25.490790
159,15.9,router,expert-3,11.176698
160,16.0,aggregator,cache,8.272788
160,16.0,cache,aggregator,7.183968
160,16.0,expert-0,aggregator,63.139350
160,16.0,expert-1,aggregator,42.545180
160,16.0,expert-2,aggregator,21.010833
160,16.0,expert-3,aggregator,8.879508
160,16.0,frontend,router,89.044670
160,16.0,frontend,tokenizer,65.218111
160,16.0,router,cache,13.055758
160,16.0,router,expert-0,70.569971
160,16.0,router,expert-1,47.864632
160,16.0,router,expert-2,23.703883
160,16.0,router,expert-3,10.359426
161,16.1,aggregator,cache,8.487037
161,16.1,cache,aggregator,7.333704
161,16.1,expert-0,aggregator,64.801142
161,16.1,expert-1,aggregator,43.639974
161,16.1,expert-2,aggregator,21.566771
161,16.1,expert-3,aggregator,9.084004
161,16.1,frontend,router,91.352169
161,16.1,frontend,tokenizer,66.915834
161,16.1,router,cache,13.322186
161,16.1,router,expert-0,72.423042
161,16.1,router,expert-1,49.093088
161,16.1,router,expert-2,24.329048
161,16.1,router,expert-3,10.598004
162,16.2,aggregator,cache,8.379996
162,16.2,cache,aggregator,7.205498
162,16.2,expert-0,aggregator,64.011061
162,16.2,expert-1,aggregator,43.083274
162,16.2,expert-2,aggregator,21.306532
162,16.2,expert-3,aggregator,8.944341
162,16.2,frontend,router,90.202764
162,16.2,frontend,tokenizer,66.081451
162,16.2,router,cache,13.083736
162,16.2,router,expert-0,71.535787
162,16.2,router,expert-1,48.463638
162,16.2,router,expert-2,24.033475
162,16.2,router,expert-3,10.435065
163,16.3,aggregator,cache,8.872367
163,16.3,cache,aggregator,7.591204
163,16.3,expert-0,aggregator,67.801871
163,16.3,expert-1,aggregator,45.608680
163,16.3,expert-2,aggregator,22.570995
163,16.3,expert-3,aggregator,9.443360
163,16.3,frontend,router,95.507034
163,16.3,frontend,tokenizer,69.975294
163,16.3,router,cache,13.778293
163,16.3,router,expert-0,75.767717
163,16.3,router,expert-1,51.301043
163,16.3,router,expert-2,25.457652
163,16.3,router,expert-3,11.017253
164,16.400000000000002,aggregator,cache,8.600715
164,16.400000000000002,cache,aggregator,7.322422
164,16.400000000000002,expert-0,aggregator,65.755780
164,16.400000000000002,expert-1,aggregator,44.207120
164,16.400000000000002,expert-2,aggregator,21.892243
164,16.400000000000002,expert-3,aggregator,9.128579
164,16.400000000000002,frontend,router,92.588432
164,16.400000000000002,frontend,tokenizer,67.844663
164,16.400000000000002,router,cache,13.284887
164,16.400000000000002,router,expert-0,73.476865
164,16.400000000000002,router,expert-1,49.721272
164,16.400000000000002,router,expert-2,24.690039
164,16.400000000000002,router,expert-3,10.650008
165,16.5,aggregator,cache,8.347913
165,16.5,cache,aggregator,7.072049
165,16.5,expert-0,aggregator,63.852923
165,16.5,expert-1,aggregator,42.903414
165,16.5,expert-2,aggregator,21.260839
165,16.5,expert-3,aggregator,8.835421
165,16.5,frontend,router,89.873765
165,16.5,frontend,tokenizer,65.862988
165,16.5,router,cache,12.825315
165,16.5,router,expert-0,71.346322
165,16.5,router,expert-1,48.251754
165,16.5,router,expert-2,23.975951
165,16.5,router,expert-3,10.307991
166,16.6,aggregator,cache,8.404683
166,16.6,cache,aggregator,7.084902
166,16.6,expert-0,aggregator,64.318206
166,16.6,expert-1,aggregator,43.191483
166,16.6,expert-2,aggregator,21.417702
166,16.6,expert-3,aggregator,8.870548
166,16.6,frontend,router,90.493151
166,16.6,frontend,tokenizer,66.324454
166,16.6,router,cache,12.843334
166,16.6,router,expert-0,71.861921
166,16.6,router,expert-1,48.572510
166,16.6,router,expert-2,24.150843
166,16.6,router,expert-3,10.348973
167,16.7,aggregator,cache,8.838061
167,16.7,cache,aggregator,7.413319
167,16.7,expert-0,aggregator,67.668332
167,16.7,expert-1,aggregator,45.415397
167,16.7,expert-2,aggregator,22.535116
167,16.7,expert-3,aggregator,9.301756
167,16.7,frontend,router,95.169361
167,16.7,frontend,tokenizer,69.759690
167,16.7,router,cache,13.433190
167,16.7,router,expert-0,75.600459
167,16.7,router,expert-1,51.070094
167,16.7,router,expert-2,25.408745
167,16.7,router,expert-3,10.852049
168,16.8,aggregator,cache,8.296392
168,16.8,cache,aggregator,6.924466
168,16.8,expert-0,aggregator,63.553565
168,16.8,expert-1,aggregator,42.629610
168,16.8,expert-2,aggregator,21.166335
168,16.8,expert-3,aggregator,8.707134
168,16.8,frontend,router,89.347368
168,16.8,frontend,tokenizer,65.499579
168,16.8,router,cache,12.542288
168,16.8,router,expert-0,70.999110
168,16.8,router,expert-1,47.934252
168,16.8,router,expert-2,23.863444
168,16.8,router,expert-3,10.158323
169,16.900000000000002,aggregator,cache,8.322559
169,16.900000000000002,cache,aggregator,6.911832
169,16.900000000000002,expert-0,aggregator,63.787538
169,16.900000000000002,expert-1,aggregator,42.762337
169,16.900000000000002,expert-2,aggregator,21.245603
169,16.900000000000002,expert-3,aggregator,8.710034
169,16.900000000000002,frontend,router,89.641297
169,16.900000000000002,frontend,tokenizer,65.722514
169,16.900000000000002,router,cache,12.514375
169,16.900000000000002,router,expert-0,71.256227
169,16.900000000000002,router,expert-1,48.080284
169,16.900000000000002,router,expert-2,23.950833
169,16.900000000000002,router,expert-3,10.161706
170,17.0,aggregator,cache,8.814272
170,17.0,cache,aggregator,7.283836
170,17.0,expert-0,aggregator,67.592720
170,17.0,expert-1,aggregator,45.287676
170,17.0,expert-2,aggregator,22.514210
170,17.0,expert-3,aggregator,9.198680
170,17.0,frontend,router,94.951743
170,17.0,frontend,tokenizer,69.623878
170,17.0,router,cache,13.182663
170,17.0,router,expert-0,75.502420
170,17.0,router,expert-1,50.916267
170,17.0,router,expert-2,25.378876
170,17.0,router,expert-3,10.731793
171,17.1,aggregator,cache,8.711382
171,17.1,cache,aggregator,7.163019
171,17.1,expert-0,aggregator,66.840725
171,17.1,expert-1,aggregator,44.758564
171,17.1,expert-2,aggregator,22.264737
171,17.1,expert-3,aggregator,9.065696
171,17.1,frontend,router,93.858841
171,17.1,frontend,tokenizer,68.830292
171,17.1,router,cache,12.958887
171,17.1,router,expert-0,74.657946
171,17.1,router,expert-1,50.318020
171,17.1,router,expert-2,25.095591
171,17.1,router,expert-3,10.576646
172,17.2,aggregator,cache,8.571720
172,17.2,cache,aggregator,7.013107
172,17.2,expert-0,aggregator,65.806511
172,17.2,expert-1,aggregator,44.041198
172,17.2,expert-2,aggregator,21.921033
172,17.2,expert-3,aggregator,8.895211
172,17.2,frontend,router,92.370696
172,17.2,frontend,tokenizer,67.746636
172,17.2,router,cache,12.682715
172,17.2,router,expert-0,73.498363
172,17.2,router,expert-1,49.508224
172,17.2,router,expert-2,24.706150
172,17.2,router,expert-3,10.377746
173,17.3,aggregator,cache,8.773939
173,17.3,cache,aggregator,7.142802
173,17.3,expert-0,aggregator,67.398222
173,17.3,expert-1,aggregator,45.081084
173,17.3,expert-2,aggregator,22.451865
173,17.3,expert-3,aggregator,9.079377
173,17.3,frontend,router,94.568262
173,17.3,frontend,tokenizer,69.366208
173,17.3,router,cache,12.912256
173,17.3,router,expert-0,75.271597
173,17.3,router,expert-1,50.673784
173,17.3,router,expert-2,25.302343
173,17.3,router,expert-3,10.592606
174,17.400000000000002,aggregator,cache,8.304883
174,17.400000000000002,cache,aggregator,6.727242
174,17.400000000000002,expert-0,aggregator,63.833167
174,17.400000000000002,expert-1,aggregator,42.672526
174,17.400000000000002,expert-2,aggregator,21.264654
174,17.400000000000002,expert-3,aggregator,8.569730
174,17.400000000000002,frontend,router,89.531380
174,17.400000000000002,frontend,tokenizer,65.679037
174,17.400000000000002,router,cache,12.156372
174,17.400000000000002,router,expert-0,71.285786
174,17.400000000000002,router,expert-1,47.963188
174,17.400000000000002,router,expert-2,23.962435
174,17.400000000000002,router,expert-3,9.998018
175,17.5,aggregator,cache,8.311121
175,17.5,cache,aggregator,6.698702
175,17.5,expert-0,aggregator,63.920122
175,17.5,expert-1,aggregator,42.706699
175,17.5,expert-2,aggregator,21.293821
175,17.5,expert-3,aggregator,8.551935
175,17.5,frontend,router,89.618716
175,17.5,frontend,tokenizer,65.750505
175,17.5,router,cache,12.100204
175,17.5,router,expert-0,71.378594
175,17.5,router,expert-1,47.998354
175,17.5,router,expert-2,23.993332
175,17.5,router,expert-3,9.977257
176,17.6,aggregator,cache,8.970066
176,17.6,cache,aggregator,7.193700
176,17.6,expert-0,aggregator,69.031114
176,17.6,expert-1,aggregator,46.095673
176,17.6,expert-2,aggregator,22.996466
176,17.6,expert-3,aggregator,9.203873
176,17.6,frontend,router,96.747233
176,17.6,frontend,tokenizer,70.988457
176,17.6,router,cache,12.989462
176,17.6,router,expert-0,77.081310
176,17.6,router,expert-1,51.803738
176,17.6,router,expert-2,25.909704
176,17.6,router,expert-3,10.737851
177,17.7,aggregator,cache,9.012892
177,17.7,cache,aggregator,7.191913
177,17.7,expert-0,aggregator,69.404989
177,17.7,expert-1,aggregator,46.319434
177,17.7,expert-2,aggregator,23.120821
177,17.7,expert-3,aggregator,9.221642
177,17.7,frontend,router,97.233794
177,17.7,frontend,tokenizer,71.353477
177,17.7,router,cache,12.981410
177,17.7,router,expert-0,77.494109
177,17.7,router,expert-1,52.051678
177,17.7,router,expert-2,26.047680
177,17.7,router,expert-3,10.758582
178,17.8,aggregator,cache,8.835341
178,17.8,cache,aggregator,7.014960
178,17.8,expert-0,aggregator,68.082138
178,17.8,expert-1,aggregator,45.411249
178,17.8,expert-2,aggregator,22.679750
178,17.8,expert-3,aggregator,9.014373
178,17.8,frontend,router,95.343903
178,17.8,frontend,tokenizer,69.974449
178,17.8,router,cache,12.657356
178,17.8,router,expert-0,76.012489
178,17.8,router,expert-1,51.027635
178,17.8,router,expert-2,25.548683
178,17.8,router,expert-3,10.516768
179,17.900000000000002,aggregator,cache,8.820415
179,17.900000000000002,cache,aggregator,6.968039
179,17.900000000000002,expert-0,aggregator,68.012425
179,17.900000000000002,expert-1,aggregator,45.339495
179,17.900000000000002,expert-2,aggregator,22.655937
179,17.900000000000002,expert-3,aggregator,8.973632
179,17.900000000000002,frontend,router,95.209774
179,17.900000000000002,frontend,tokenizer,69.883826
179,17.900000000000002,router,cache,12.568127
179,17.900000000000002,router,expert-0,75.930067
179,17.900000000000002,router,expert-1,50.943539
179,17.900000000000002,router,expert-2,25.519773
179,17.900000000000002,router,expert-3,10.469238
180,18.0,aggregator,cache,8.688665
180,18.0,cache,aggregator,6.829553
180,18.0,expert-0,aggregator,67.042112
180,18.0,expert-1,aggregator,44.667813
180,18.0,expert-2,aggregator,22.331933
180,18.0,expert-3,aggregator,8.814512
180,18.0,frontend,router,93.815551
180,18.0,frontend,tokenizer,68.868156
180,18.0,router,cache,12.313920
180,18.0,router,expert-0,74.842269
180,18.0,router,expert-1,50.185415
180,18.0,router,expert-2,25.152760
180,18.0,router,expert-3,10.283598
181,18.1,aggregator,cache,9.056468
181,18.1,cache,aggregator,7.082944
181,18.1,expert-0,aggregator,69.928607
181,18.1,expert-1,aggregator,46.565141
181,18.1,expert-2,aggregator,23.292417
181,18.1,expert-3,aggregator,9.161551
181,18.1,frontend,router,97.817427
181,18.1,frontend,tokenizer,71.813860
181,18.1,router,cache,12.766262
181,18.1,router,expert-0,78.059875
181,18.1,router,expert-1,52.313539
181,18.1,router,expert-2,26.232429
181,18.1,router,expert-3,10.688476
182,18.2,aggregator,cache,8.324571
182,18.2,cache,aggregator,6.477845
182,18.2,expert-0,aggregator,64.322851
182,18.2,expert-1,aggregator,42.808581
182,18.2,expert-2,aggregator,21.424082
182,18.2,expert-3,aggregator,8.397226
182,18.2,frontend,router,89.941725
182,18.2,frontend,tokenizer,66.039164
182,18.2,router,cache,11.671546
182,18.2,router,expert-0,71.797936
182,18.2,router,expert-1,48.089950
182,18.2,router,expert-2,24.126305
182,18.2,router,expert-3,9.796764
183,18.3,aggregator,cache,8.303372
183,18.3,cache,aggregator,6.428875
183,18.3,expert-0,aggregator,64.205366
183,18.3,expert-1,aggregator,42.706781
183,18.3,expert-2,aggregator,21.383644
183,18.3,expert-3,aggregator,8.352015
183,18.3,frontend,router,89.743327
183,18.3,frontend,tokenizer,65.900811
183,18.3,router,cache,11.579310
183,18.3,router,expert-0,71.662454
183,18.3,router,expert-1,47.972305
183,18.3,router,expert-2,24.078809
183,18.3,router,expert-3,9.744018
184,18.400000000000002,aggregator,cache,8.665726
184,18.400000000000002,cache,aggregator,6.675676
184,18.400000000000002,expert-0,aggregator,67.056537
184,18.400000000000002,expert-1,aggregator,44.578667
184,18.400000000000002,expert-2,aggregator,22.331670
184,18.400000000000002,expert-3,aggregator,8.691673
184,18.400000000000002,frontend,router,93.693021
184,18.400000000000002,frontend,tokenizer,68.808799
184,18.400000000000002,router,cache,12.019733
184,18.400000000000002,router,expert-0,74.840235
184,18.400000000000002,router,expert-1,50.071551
184,18.400000000000002,router,expert-2,25.144281
184,18.400000000000002,router,expert-3,10.140286
185,18.5,aggregator,cache,8.305106
185,18.5,cache,aggregator,6.365659
185,18.5,expert-0,aggregator,64.314166
185,18.5,expert-1,aggregator,42.732029
185,18.5,expert-2,aggregator,21.416704
185,18.5,expert-3,aggregator,8.306234
185,18.5,frontend,router,89.827311
185,18.5,frontend,tokenizer,65.977097
185,18.5,router,cache,11.457683
185,18.5,router,expert-0,71.775184
185,18.5,router,expert-1,47.994079
185,18.5,router,expert-2,24.112123
185,18.5,router,expert-3,9.690606
186,18.6,aggregator,cache,8.277363
186,18.6,cache,aggregator,6.312423
186,18.6,expert-0,aggregator,64.148235
186,18.6,expert-1,aggregator,42.598372
186,18.6,expert-2,aggregator,21.359587
186,18.6,expert-3,aggregator,8.254874
186,18.6,frontend,router,89.561731
186,18.6,frontend,tokenizer,65.789297
186,18.6,router,cache,11.358096
186,18.6,router,expert-0,71.585659
186,18.6,router,expert-1,47.840673
186,18.6,router,expert-2,24.045871
186,18.6,router,expert-3,9.630686
187,18.7,aggregator,cache,8.490652
187,18.7,cache,aggregator,6.442421
187,18.7,expert-0,aggregator,65.852296
187,18.7,expert-1,aggregator,43.706006
187,18.7,expert-2,aggregator,21.924892
187,18.7,expert-3,aggregator,8.443408
187,18.7,frontend,router,91.906255
187,18.7,frontend,tokenizer,67.518956
187,18.7,router,cache,11.588219
187,18.7,router,expert-0,73.482828
187,18.7,router,expert-1,49.081236
187,18.7,router,expert-2,24.680275
187,18.7,router,expert-3,9.850642
188,18.8,aggregator,cache,8.603173
188,18.8,cache,aggregator,6.494843
188,18.8,expert-0,aggregator,66.777720
188,18.8,expert-1,aggregator,44.295968
188,18.8,expert-2,aggregator,22.230683
188,18.8,expert-3,aggregator,8.530854
188,18.8,frontend,router,93.162793
188,18.8,frontend,tokenizer,68.449602
188,18.8,router,cache,11.678756
188,18.8,router,expert-0,74.510957
188,18.8,router,expert-1,49.740325
188,18.8,router,expert-2,25.022475
188,18.8,router,expert-3,9.952663
189,18.900000000000002,aggregator,cache,8.448516
189,18.900000000000002,cache,aggregator,6.345861
189,18.900000000000002,expert-0,aggregator,65.629991
189,18.900000000000002,expert-1,aggregator,43.510882
189,18.900000000000002,expert-2,aggregator,21.846130
189,18.900000000000002,expert-3,aggregator,8.353535
189,18.900000000000002,frontend,router,91.527249
189,18.900000000000002,frontend,tokenizer,67.255301
189,18.900000000000002,router,cache,11.407250
189,18.900000000000002,router,expert-0,73.225864
189,18.900000000000002,router,expert-1,48.855372
189,18.900000000000002,router,expert-2,24.587645
189,18.900000000000002,router,expert-3,9.745791
190,19.0,aggregator,cache,8.407306
190,19.0,cache,aggregator,6.282972
190,19.0,expert-0,aggregator,65.363251
190,19.0,expert-1,aggregator,43.310444
190,19.0,expert-2,aggregator,21.754697
190,19.0,expert-3,aggregator,8.288989
190,19.0,frontend,router,91.121160
190,19.0,frontend,tokenizer,66.964240
190,19.0,router,cache,11.290686
190,19.0,router,expert-0,72.923818
190,19.0,router,expert-1,48.626952
190,19.0,router,expert-2,24.482766
190,19.0,router,expert-3,9.670487
191,19.1,aggregator,cache,8.594791
191,19.1,cache,aggregator,6.390572
191,19.1,expert-0,aggregator,66.876387
191,19.1,expert-1,aggregator,44.288989
191,19.1,expert-2,aggregator,22.255417
191,19.1,expert-3,aggregator,8.449551
191,19.1,frontend,router,93.195798
191,19.1,frontend,tokenizer,68.496366
191,19.1,router,cache,11.480533
191,19.1,router,expert-0,74.607442
191,19.1,router,expert-1,49.722176
191,19.1,router,expert-2,25.044262
191,19.1,router,expert-3,9.857810
192,19.200000000000003,aggregator,cache,8.755798
192,19.200000000000003,cache,aggregator,6.477306
192,19.200000000000003,expert-0,aggregator,68.186721
192,19.200000000000003,expert-1,aggregator,45.132281
192,19.200000000000003,expert-2,aggregator,22.688332
192,19.200000000000003,expert-3,aggregator,8.583147
192,19.200000000000003,frontend,router,94.986452
192,19.200000000000003,frontend,tokenizer,69.820066
192,19.200000000000003,router,cache,11.632852
192,19.200000000000003,router,expert-0,76.064626
192,19.200000000000003,router,expert-1,50.665408
192,19.200000000000003,router,expert-2,25.529375
192,19.200000000000003,router,expert-3,10.013671
193,19.3,aggregator,cache,8.790159
193,19.3,cache,aggregator,6.469754
193,19.3,expert-0,aggregator,68.513038
193,19.3,expert-1,aggregator,45.323741
193,19.3,expert-2,aggregator,22.793559
193,19.3,expert-3,aggregator,8.592090
193,19.3,frontend,router,95.405589
193,19.3,frontend,tokenizer,70.135790
193,19.3,router,cache,11.615861
193,19.3,router,expert-0,76.423993
193,19.3,router,expert-1,50.876812
193,19.3,router,expert-2,25.645721
193,19.3,router,expert-3,10.024104
194,19.400000000000002,aggregator,cache,8.196496
194,19.400000000000002,cache,aggregator,6.002190
194,19.400000000000002,expert-0,aggregator,63.941523
194,19.400000000000002,expert-1,aggregator,42.276703
194,19.400000000000002,expert-2,aggregator,21.269357
194,19.400000000000002,expert-3,aggregator,7.988778
194,19.400000000000002,frontend,router,89.006703
194,19.400000000000002,frontend,tokenizer,65.438868
194,19.400000000000002,router,cache,10.773272
194,19.400000000000002,router,expert-0,71.320281
194,19.400000000000002,router,expert-1,47.453154
194,19.400000000000002,router,expert-2,23.928878
194,19.400000000000002,router,expert-3,9.320241
195,19.5,aggregator,cache,8.504482
195,19.5,cache,aggregator,6.196094
195,19.5,expert-0,aggregator,66.402852
195,19.5,expert-1,aggregator,43.880445
195,19.5,expert-2,aggregator,22.084467
195,19.5,expert-3,aggregator,8.265114
195,19.5,frontend,router,92.398734
195,19.5,frontend,tokenizer,67.940098
195,19.5,router,cache,11.118153
195,19.5,router,expert-0,74.061136
195,19.5,router,expert-1,49.249838
195,19.5,router,expert-2,24.843922
195,19.5,router,expert-3,9.642633
196,19.6,aggregator,cache,8.843111
196,19.6,cache,aggregator,6.410056
196,19.6,expert-0,aggregator,69.108872
196,19.6,expert-1,aggregator,45.644117
196,19.6,expert-2,aggregator,22.980483
196,19.6,expert-3,aggregator,8.569464
196,19.6,frontend,router,96.128699
196,19.6,frontend,tokenizer,70.690359
196,19.6,router,cache,11.498887
196,19.6,router,expert-0,77.074550
196,19.6,router,expert-1,51.225755
196,19.6,router,expert-2,25.849829
196,19.6,router,expert-3,9.997708
197,19.700000000000003,aggregator,cache,8.337166
197,19.700000000000003,cache,aggregator,6.012569
197,19.700000000000003,expert-0,aggregator,65.214306
197,19.700000000000003,expert-1,aggregator,43.048813
197,19.700000000000003,expert-2,aggregator,21.681521
197,19.700000000000003,expert-3,aggregator,8.055888
197,19.700000000000003,frontend,router,90.678126
197,19.700000000000003,frontend,tokenizer,66.689357
197,19.700000000000003,router,cache,10.782908
197,19.700000000000003,router,expert-0,72.726658
197,19.700000000000003,router,expert-1,48.309716
197,19.700000000000003,router,expert-2,24.386732
197,19.700000000000003,router,expert-3,9.398536
198,19.8,aggregator,cache,8.296678
198,19.8,cache,aggregator,5.952902
198,19.8,expert-0,aggregator,64.957620
198,19.8,expert-1,aggregator,42.856458
198,19.8,expert-2,aggregator,21.592098
198,19.8,expert-3,aggregator,7.993635
198,19.8,frontend,router,90.288114
198,19.8,frontend,tokenizer,66.409672
198,19.8,router,cache,10.673065
198,19.8,router,expert-0,72.435991
198,19.8,router,expert-1,48.090501
198,19.8,router,expert-2,24.284217
198,19.8,router,expert-3,9.325907
199,19.900000000000002,aggregator,cache,8.334672
199,19.900000000000002,cache,aggregator,5.949687
199,19.900000000000002,expert-0,aggregator,65.316310
199,19.900000000000002,expert-1,aggregator,43.070138
199,19.900000000000002,expert-2,aggregator,21.707042
199,19.900000000000002,expert-3,aggregator,8.007049
199,19.900000000000002,frontend,router,90.753498
199,19.900000000000002,frontend,tokenizer,66.759147
199,19.900000000000002,router,cache,10.664531
199,19.900000000000002,router,expert-0,72.831541
199,19.900000000000002,router,expert-1,48.326905
199,19.900000000000002,router,expert-2,24.411550
199,19.900000000000002,router,expert-3,9.341557
200,20.0,aggregator,cache,8.472768
200,20.0,cache,aggregator,6.017418
200,20.0,expert-0,aggregator,66.461699
200,20.0,expert-1,aggregator,43.802117
200,20.0,expert-2,aggregator,22.083154
200,20.0,expert-3,aggregator,8.116183
200,20.0,frontend,router,92.311299
200,20.0,frontend,tokenizer,67.912356
200,20.0,router,cache,10.783202
200,20.0,router,expert-0,74.104205
200,20.0,router,expert-1,49.144791
200,20.0,router,expert-2,24.832548
200,20.0,router,expert-3,9.468881
201,20.1,aggregator,cache,8.863330
201,20.1,cache,aggregator,6.262665
201,20.1,expert-0,aggregator,69.592391
201,20.1,expert-1,aggregator,45.841104
201,20.1,expert-2,aggregator,23.118436
201,20.1,expert-3,aggregator,8.465736
201,20.1,frontend,router,96.624513
201,20.1,frontend,tokenizer,71.093137
201,20.1,router,cache,11.219914
201,20.1,router,expert-0,77.590174
201,20.1,router,expert-1,51.428884
201,20.1,router,expert-2,25.994663
201,20.1,router,expert-3,9.876692
202,20.200000000000003,aggregator,cache,8.625546
202,20.200000000000003,cache,aggregator,6.063516
202,20.200000000000003,expert-0,aggregator,67.791605
202,20.200000000000003,expert-1,aggregator,44.631294
202,20.200000000000003,expert-2,aggregator,22.515213
202,20.200000000000003,expert-3,aggregator,8.214752
202,20.200000000000003,frontend,router,94.090126
202,20.200000000000003,frontend,tokenizer,69.235801
202,20.200000000000003,router,cache,10.860515
202,20.200000000000003,router,expert-0,75.577834
202,20.200000000000003,router,expert-1,50.068101
202,20.200000000000003,router,expert-2,25.314385
202,20.200000000000003,router,expert-3,9.583877
203,20.3,aggregator,cache,8.351900
203,20.3,cache,aggregator,5.841133
203,20.3,expert-0,aggregator,65.705971
203,20.3,expert-1,aggregator,43.235378
203,20.3,expert-2,aggregator,21.817494
203,20.3,expert-3,aggregator,7.931072
203,20.3,frontend,router,91.162452
203,20.3,frontend,tokenizer,67.088621
203,20.3,router,cache,10.459753
203,20.3,router,expert-0,73.248194
203,20.3,router,expert-1,48.498745
203,20.3,router,expert-2,24.527981
203,20.3,router,expert-3,9.252917
204,20.400000000000002,aggregator,cache,8.440424
204,20.400000000000002,cache,aggregator,5.872839
204,20.400000000000002,expert-0,aggregator,66.469086
204,20.400000000000002,expert-1,aggregator,43.714510
204,20.400000000000002,expert-2,aggregator,22.065615
204,20.400000000000002,expert-3,aggregator,7.991867
204,20.400000000000002,frontend,router,92.187991
204,20.400000000000002,frontend,tokenizer,67.850537
204,20.400000000000002,router,cache,10.514143
204,20.400000000000002,router,expert-0,74.094394
204,20.400000000000002,router,expert-1,49.032770
204,20.400000000000002,router,expert-2,24.804967
204,20.400000000000002,router,expert-3,9.323844
205,20.5,aggregator,cache,8.715525
205,20.5,cache,aggregator,6.033199
205,20.5,expert-0,aggregator,68.705355
205,20.5,expert-1,aggregator,45.161525
205,20.5,expert-2,aggregator,22.802352
205,20.5,expert-3,aggregator,8.228365
205,20.5,frontend,router,95.255305
205,20.5,frontend,tokenizer,70.115505
205,20.5,router,cache,10.798859
205,20.5,router,expert-0,76.582545
205,20.5,router,expert-1,50.652276
205,20.5,router,expert-2,25.631145
205,20.5,router,expert-3,9.599760
206,20.6,aggregator,cache,8.322695
206,20.6,cache,aggregator,5.731742
206,20.6,expert-0,aggregator,65.676249
206,20.6,expert-1,aggregator,43.147842
206,20.6,expert-2,aggregator,21.791473
206,20.6,expert-3,aggregator,7.834635
206,20.6,frontend,router,91.023037
206,20.6,frontend,tokenizer,67.007290
206,20.6,router,cache,10.257095
206,20.6,router,expert-0,73.201692
206,20.6,router,expert-1,48.390375
206,20.6,router,expert-2,24.492929
206,20.6,router,expert-3,9.140407
207,20.700000000000003,aggregator,cache,8.234292
207,20.700000000000003,cache,aggregator,5.641775
207,20.700000000000003,expert-0,aggregator,65.046455
207,20.700000000000003,expert-1,aggregator,42.711788
207,20.700000000000003,expert-2,aggregator,21.576824
207,20.700000000000003,expert-3,aggregator,7.728843
207,20.700000000000003,frontend,router,90.117988
207,20.700000000000003,frontend,tokenizer,66.348015
207,20.700000000000003,router,cache,10.094020
207,20.700000000000003,router,expert-0,72.495322
207,20.700000000000003,router,expert-1,47.897977
207,20.700000000000003,router,expert-2,24.249762
207,20.700000000000003,router,expert-3,9.016983
208,20.8,aggregator,cache,8.774431
208,20.8,cache,aggregator,5.980997
208,20.8,expert-0,aggregator,69.386493
208,20.8,expert-1,aggregator,45.537908
208,20.8,expert-2,aggregator,23.010228
208,20.8,expert-3,aggregator,8.211815
208,20.8,frontend,router,96.096624
208,20.8,frontend,tokenizer,70.757124
208,20.8,router,cache,10.698817
208,20.8,router,expert-0,77.327661
208,20.8,router,expert-1,51.063666
208,20.8,router,expert-2,25.858706
208,20.8,router,expert-3,9.580451
209,20.900000000000002,aggregator,cache,8.142509
209,20.900000000000002,cache,aggregator,5.521744
209,20.900000000000002,expert-0,aggregator,64.458251
209,20.900000000000002,expert-1,aggregator,42.281593
209,20.900000000000002,expert-2,aggregator,21.369930
209,20.900000000000002,expert-3,aggregator,7.598172
209,20.900000000000002,frontend,router,89.239583
209,20.900000000000002,frontend,tokenizer,65.715079
209,20.900000000000002,router,cache,9.875419
209,20.900000000000002,router,expert-0,71.831022
209,20.900000000000002,router,expert-1,47.408884
209,20.900000000000002,router,expert-2,24.013468
209,20.900000000000002,router,expert-3,8.864534
210,21.0,aggregator,cache,8.245118
210,21.0,cache,aggregator,5.562586
210,21.0,expert-0,aggregator,65.341202
210,21.0,expert-1,aggregator,42.838601
210,21.0,expert-2,aggregator,21.656426
210,21.0,expert-3,aggregator,7.671444
210,21.0,frontend,router,90.429980
210,21.0,frontend,tokenizer,66.598628
210,21.0,router,cache,9.946638
210,21.0,router,expert-0,72.810539
210,21.0,router,expert-1,48.030061
210,21.0,router,expert-2,24.333498
210,21.0,router,expert-3,8.950018
211,21.1,aggregator,cache,8.255577
211,21.1,cache,aggregator,5.540991
211,21.1,expert-0,aggregator,65.495770
211,21.1,expert-1,aggregator,42.917796
211,21.1,expert-2,aggregator,21.701237
211,21.1,expert-3,aggregator,7.658709
211,21.1,frontend,router,90.611923
211,21.1,frontend,tokenizer,66.739571
211,21.1,router,cache,9.906283
211,21.1,router,expert-0,72.978341
211,21.1,router,expert-1,48.115469
211,21.1,router,expert-2,24.381941
211,21.1,router,expert-3,8.935161
212,21.200000000000003,aggregator,cache,8.490756
212,21.200000000000003,cache,aggregator,5.669502
212,21.200000000000003,expert-0,aggregator,67.436249
212,21.200000000000003,expert-1,aggregator,44.166626
212,21.200000000000003,expert-2,aggregator,22.337405
212,21.200000000000003,expert-3,aggregator,7.853822
212,21.200000000000003,frontend,router,93.263728
212,21.200000000000003,frontend,tokenizer,68.699870
212,21.200000000000003,router,cache,10.134337
212,21.200000000000003,router,expert-0,75.135945
212,21.200000000000003,router,expert-1,49.512059
212,21.200000000000003,router,expert-2,25.094734
212,21.200000000000003,router,expert-3,9.162792
213,21.3,aggregator,cache,8.167992
213,21.3,cache,aggregator,5.425888
213,21.3,expert-0,aggregator,64.945518
213,21.3,expert-1,aggregator,42.513549
213,21.3,expert-2,aggregator,21.505676
213,21.3,expert-3,aggregator,7.533124
213,21.3,frontend,router,89.787591
213,21.3,frontend,tokenizer,66.146126
213,21.3,router,cache,9.697323
213,21.3,router,expert-0,72.356436
213,21.3,router,expert-1,47.655556
213,21.3,router,expert-2,24.158452
213,21.3,router,expert-3,8.788645
214,21.400000000000002,aggregator,cache,8.796242
214,21.400000000000002,cache,aggregator,5.813104
214,21.400000000000002,expert-0,aggregator,70.020221
214,21.400000000000002,expert-1,aggregator,45.812045
214,21.400000000000002,expert-2,aggregator,23.178670
214,21.400000000000002,expert-3,aggregator,8.088737
214,21.400000000000002,frontend,router,96.769583
214,21.400000000000002,frontend,tokenizer,71.297088
214,21.400000000000002,router,cache,10.387792
214,21.400000000000002,router,expert-0,78.005477
214,21.400000000000002,router,expert-1,51.349389
214,21.400000000000002,router,expert-2,26.035786
214,21.400000000000002,router,expert-3,9.436860
215,21.5,aggregator,cache,8.274645
215,21.5,cache,aggregator,5.440190
215,21.5,expert-0,aggregator,65.943755
215,21.5,expert-1,aggregator,43.122964
215,21.5,expert-2,aggregator,21.822092
215,21.5,expert-3,aggregator,7.586740
215,21.5,frontend,router,91.104081
215,21.5,frontend,tokenizer,67.129814
215,21.5,router,cache,9.720018
215,21.5,router,expert-0,73.459666
215,21.5,router,expert-1,48.331872
215,21.5,router,expert-2,24.510084
215,21.5,router,expert-3,8.851196
216,21.6,aggregator,cache,8.769212
216,21.6,cache,aggregator,5.735584
216,21.6,expert-0,aggregator,69.966228
216,21.6,expert-1,aggregator,45.730170
216,21.6,expert-2,aggregator,23.145436
216,21.6,expert-3,aggregator,8.016545
216,21.6,frontend,router,96.627754
216,21.6,frontend,tokenizer,71.207224
216,21.6,router,cache,10.246418
216,21.6,router,expert-0,77.935873
216,21.6,router,expert-1,51.250396
216,21.6,router,expert-2,25.994416
216,21.6,router,expert-3,9.352636
217,21.700000000000003,aggregator,cache,8.544730
217,21.700000000000003,cache,aggregator,5.559891
217,21.700000000000003,expert-0,aggregator,68.255155
217,21.700000000000003,expert-1,aggregator,44.589226
217,21.700000000000003,expert-2,aggregator,22.571641
217,21.700000000000003,expert-3,aggregator,7.788332
217,21.700000000000003,frontend,router,94.232054
217,21.700000000000003,frontend,tokenizer,69.448881
217,21.700000000000003,router,cache,9.931297
217,21.700000000000003,router,expert-0,76.025290
217,21.700000000000003,router,expert-1,49.968204
217,21.700000000000003,router,expert-2,25.348027
217,21.700000000000003,router,expert-3,9.086387
218,21.8,aggregator,cache,8.771350
218,21.8,cache,aggregator,5.677848
218,21.8,expert-0,aggregator,70.148480
218,21.8,expert-1,aggregator,45.802963
218,21.8,expert-2,aggregator,23.189601
218,21.8,expert-3,aggregator,7.971325
218,21.8,frontend,router,96.812572
218,21.8,frontend,tokenizer,71.357994
218,21.8,router,cache,10.140806
218,21.8,router,expert-0,78.129418
218,21.8,router,expert-1,51.324741
218,21.8,router,expert-2,26.039983
218,21.8,router,expert-3,9.299879
219,21.900000000000002,aggregator,cache,8.372933
219,21.900000000000002,cache,aggregator,5.391914
219,21.900000000000002,expert-0,aggregator,67.042431
219,21.900000000000002,expert-1,aggregator,43.752877
219,21.900000000000002,expert-2,aggregator,22.154842
219,21.900000000000002,expert-3,aggregator,7.586792
219,21.900000000000002,frontend,router,92.494104
219,21.900000000000002,frontend,tokenizer,68.181896
219,21.900000000000002,router,cache,9.629075
219,21.900000000000002,router,expert-0,74.665467
219,21.900000000000002,router,expert-1,49.024049
219,21.900000000000002,router,expert-2,24.876113
219,21.900000000000002,router,expert-3,8.851257
220,22.0,aggregator,cache,8.482702
220,22.0,cache,aggregator,5.434332
220,22.0,expert-0,aggregator,68.003645
220,22.0,expert-1,aggregator,44.357935
220,22.0,expert-2,aggregator,22.464233
220,22.0,expert-3,aggregator,7.663547
220,22.0,frontend,router,93.788116
220,22.0,frontend,tokenizer,69.142782
220,22.0,router,cache,9.703863
220,22.0,router,expert-0,75.731394
220,22.0,router,expert-1,49.698498
220,22.0,router,expert-2,25.221559
220,22.0,router,expert-3,8.940805
221,22.1,aggregator,cache,8.274525
221,22.1,cache,aggregator,5.273516
221,22.1,expert-0,aggregator,66.415956
221,22.1,expert-1,aggregator,43.300664
221,22.1,expert-2,aggregator,21.931529
221,22.1,expert-3,aggregator,7.453362
221,22.1,frontend,router,91.567192
221,22.1,frontend,tokenizer,67.512284
221,22.1,router,cache,9.415853
221,22.1,router,expert-0,73.958813
221,22.1,router,expert-1,48.510513
221,22.1,router,expert-2,24.621573
221,22.1,router,expert-3,8.695589
222,22.200000000000003,aggregator,cache,8.497410
222,22.200000000000003,cache,aggregator,5.387505
222,22.200000000000003,expert-0,aggregator,68.289328
222,22.200000000000003,expert-1,aggregator,44.499865
222,22.200000000000003,expert-2,aggregator,22.541510
222,22.200000000000003,expert-3,aggregator,7.631463
222,22.200000000000003,frontend,router,94.118000
222,22.200000000000003,frontend,tokenizer,69.399976
222,22.200000000000003,router,cache,9.618606
222,22.200000000000003,router,expert-0,76.040349
222,22.200000000000003,router,expert-1,49.850484
222,22.200000000000003,router,expert-2,25.304425
222,22.200000000000003,router,expert-3,8.903373
223,22.3,aggregator,cache,8.457535
223,22.3,cache,aggregator,5.334425
223,22.3,expert-0,aggregator,68.053819
223,22.3,expert-1,aggregator,44.324397
223,22.3,expert-2,aggregator,22.454996
223,22.3,expert-3,aggregator,7.573133
223,22.3,frontend,router,93.761656
223,22.3,frontend,tokenizer,69.144156
223,22.3,router,cache,9.523163
223,22.3,router,expert-0,75.773536
223,22.3,router,expert-1,49.650416
223,22.3,router,expert-2,25.205371
223,22.3,router,expert-3,8.835322
224,22.400000000000002,aggregator,cache,8.783897
224,22.400000000000002,cache,aggregator,5.511533
224,22.400000000000002,expert-0,aggregator,70.769129
224,22.400000000000002,expert-1,aggregator,46.070125
224,22.400000000000002,expert-2,aggregator,23.341634
224,22.400000000000002,expert-3,aggregator,7.842022
224,22.400000000000002,frontend,router,97.469798
224,22.400000000000002,frontend,tokenizer,71.885901
224,22.400000000000002,router,cache,9.838740
224,22.400000000000002,router,expert-0,78.792105
224,22.400000000000002,router,expert-1,51.602272
224,22.400000000000002,router,expert-2,26.198598
224,22.400000000000002,router,expert-3,9.149026
225,22.5,aggregator,cache,8.703247
225,22.5,cache,aggregator,5.432587
225,22.5,expert-0,aggregator,70.208769
225,22.5,expert-1,aggregator,45.682817
225,22.5,expert-2,aggregator,23.147405
225,22.5,expert-3,aggregator,7.746931
225,22.5,frontend,router,96.665514
225,22.5,frontend,tokenizer,71.299833
225,22.5,router,cache,9.697316
225,22.5,router,expert-0,78.163507
225,22.5,router,expert-1,51.164846
225,22.5,router,expert-2,25.978608
225,22.5,router,expert-3,9.038086
226,22.6,aggregator,cache,8.682336
226,22.6,cache,aggregator,5.391394
226,22.6,expert-0,aggregator,70.130281
226,22.6,expert-1,aggregator,45.609343
226,22.6,expert-2,aggregator,23.111958
226,22.6,expert-3,aggregator,7.705326
226,22.6,frontend,router,96.525113
226,22.6,frontend,tokenizer,71.203348
226,22.6,router,cache,9.623389
226,22.6,router,expert-0,78.071424
226,22.6,router,expert-1,51.078954
226,22.6,router,expert-2,25.936842
226,22.6,router,expert-3,8.989547
227,22.700000000000003,aggregator,cache,8.138161
227,22.700000000000003,cache,aggregator,5.027229
227,22.700000000000003,expert-0,aggregator,65.820269
227,22.700000000000003,expert-1,aggregator,42.785378
227,22.700000000000003,expert-2,aggregator,21.682415
227,22.700000000000003,expert-3,aggregator,7.200873
227,22.700000000000003,frontend,router,90.562722
227,22.700000000000003,frontend,tokenizer,66.811707
227,22.700000000000003,router,cache,8.973095
227,22.700000000000003,router,expert-0,73.268962
227,22.700000000000003,router,expert-1,47.912952
227,22.700000000000003,router,expert-2,24.330714
227,22.700000000000003,router,expert-3,8.401019
228,22.8,aggregator,cache,8.023988
228,22.8,expert-0,aggregator,64.982068
228,22.8,expert-1,aggregator,42.219930
228,22.8,expert-2,aggregator,21.397106
228,22.8,expert-3,aggregator,7.078677
228,22.8,frontend,router,89.379717
228,22.8,frontend,tokenizer,65.945463
228,22.8,router,cache,8.801047
228,22.8,router,expert-0,72.331555
228,22.8,router,expert-1,47.276405
228,22.8,router,expert-2,24.008728
228,22.8,router,expert-3,8.258457
229,22.900000000000002,aggregator,cache,8.020299
229,22.900000000000002,expert-0,aggregator,65.038303
229,22.900000000000002,expert-1,aggregator,42.235945
229,22.900000000000002,expert-2,aggregator,21.406264
229,22.900000000000002,expert-3,aggregator,7.054298
229,22.900000000000002,frontend,router,89.427448
229,22.900000000000002,frontend,tokenizer,65.987168
229,22.900000000000002,router,cache,8.751174
229,22.900000000000002,router,expert-0,72.389802
229,22.900000000000002,router,expert-1,47.291004
229,22.900000000000002,router,expert-2,24.017177
229,22.900000000000002,router,expert-3,8.230015
230,23.0,aggregator,cache,8.018101
230,23.0,expert-0,aggregator,65.107489
230,23.0,expert-1,aggregator,42.260416
230,23.0,expert-2,aggregator,21.419507
230,23.0,expert-3,aggregator,7.031283
230,23.0,frontend,router,89.493053
230,23.0,frontend,tokenizer,66.042047
230,23.0,router,cache,8.703274
230,23.0,router,expert-0,72.462459
230,23.0,router,expert-1,47.315070
230,23.0,router,expert-2,24.030210
230,23.0,router,expert-3,8.203164
231,23.1,aggregator,cache,8.607805
231,23.1,cache,aggregator,5.207583
231,23.1,expert-0,aggregator,69.990346
231,23.1,expert-1,aggregator,45.407915
231,23.1,expert-2,aggregator,23.015489
231,23.1,expert-3,aggregator,7.525819
231,23.1,frontend,router,96.173146
231,23.1,frontend,tokenizer,70.978598
231,23.1,router,cache,9.294860
231,23.1,router,expert-0,77.892246
231,23.1,router,expert-1,50.835450
231,23.1,router,expert-2,25.818759
231,23.1,router,expert-3,8.780123
232,23.200000000000003,aggregator,cache,8.021902
232,23.200000000000003,expert-0,aggregator,65.315277
232,23.200000000000003,expert-1,aggregator,42.354502
232,23.200000000000003,expert-2,aggregator,21.468272
232,23.200000000000003,expert-3,aggregator,6.992547
232,23.200000000000003,frontend,router,89.719807
232,23.200000000000003,frontend,tokenizer,66.222286
232,23.200000000000003,router,cache,8.617297
232,23.200000000000003,router,expert-0,72.685009
232,23.200000000000003,router,expert-1,47.413728
232,23.200000000000003,router,expert-2,24.081269
232,23.200000000000003,router,expert-3,8.157972
233,23.3,aggregator,cache,8.122846
233,23.3,expert-0,aggregator,66.228166
233,23.3,expert-1,aggregator,42.925931
233,23.3,expert-2,aggregator,21.758151
233,23.3,expert-3,aggregator,7.059295
233,23.3,frontend,router,90.944140
233,23.3,frontend,tokenizer,67.132474
233,23.3,router,cache,8.680591
233,23.3,router,expert-0,73.696492
233,23.3,router,expert-1,48.050030
233,23.3,router,expert-2,24.404585
233,23.3,router,expert-3,8.235844
234,23.400000000000002,aggregator,cache,8.145912
234,23.400000000000002,expert-0,aggregator,66.508449
234,23.400000000000002,expert-1,aggregator,43.087054
234,23.400000000000002,expert-2,aggregator,21.839854
234,23.400000000000002,expert-3,aggregator,7.058077
234,23.400000000000002,frontend,router,91.299381
234,23.400000000000002,frontend,tokenizer,67.401210
234,23.400000000000002,router,cache,8.660291
234,23.400000000000002,router,expert-0,74.003959
234,23.400000000000002,router,expert-1,48.226992
234,23.400000000000002,router,expert-2,24.494378
234,23.400000000000002,router,expert-3,8.234423
235,23.5,aggregator,cache,8.024273
235,23.5,expert-0,aggregator,65.607093
235,23.5,expert-1,aggregator,42.482941
235,23.5,expert-2,aggregator,21.533473
235,23.5,expert-3,aggregator,6.931772
235,23.5,frontend,router,90.032932
235,23.5,frontend,tokenizer,66.472656
235,23.5,router,cache,8.487007
235,23.5,router,expert-0,72.996661
235,23.5,router,expert-1,47.547467
235,23.5,router,expert-2,24.148939
235,23.5,router,expert-3,8.087068
236,23.6,aggregator,cache,8.223286
236,23.6,expert-0,aggregator,67.329264
236,23.6,expert-1,aggregator,43.577494
236,23.6,expert-2,aggregator,22.087892
236,23.6,expert-3,aggregator,7.082299
236,23.6,frontend,router,92.366531
236,23.6,frontend,tokenizer,68.202122
236,23.6,router,cache,8.652764
236,23.6,router,expert-0,74.908338
236,23.6,router,expert-1,48.769075
236,23.6,router,expert-2,24.768834
236,23.6,router,expert-3,8.262682
237,23.700000000000003,aggregator,cache,8.623745
237,23.700000000000003,cache,aggregator,5.056222
237,23.700000000000003,expert-0,aggregator,70.708755
237,23.700000000000003,expert-1,aggregator,45.743248
237,23.700000000000003,expert-2,aggregator,23.185018
237,23.700000000000003,expert-3,aggregator,7.404803
237,23.700000000000003,frontend,router,96.971633
237,23.700000000000003,frontend,tokenizer,71.609299
237,23.700000000000003,router,cache,9.027567
237,23.700000000000003,router,expert-0,78.663563
237,23.700000000000003,router,expert-1,51.189247
237,23.700000000000003,router,expert-2,25.997174
237,23.700000000000003,router,expert-3,8.638936
238,23.8,aggregator,cache,8.237174
238,23.8,expert-0,aggregator,67.636281
238,23.8,expert-1,aggregator,43.735066
238,23.8,expert-2,aggregator,22.166370
238,23.8,expert-3,aggregator,7.051522
238,23.8,frontend,router,92.728360
238,23.8,frontend,tokenizer,68.482340
238,23.8,router,cache,8.578734
238,23.8,router,expert-0,75.240956
238,23.8,router,expert-1,48.938540
238,23.8,router,expert-2,24.853109
238,23.8,router,expert-3,8.226776
239,23.900000000000002,aggregator,cache,8.347949
239,23.900000000000002,expert-0,aggregator,68.645300
239,23.900000000000002,expert-1,aggregator,44.366784
239,23.900000000000002,expert-2,aggregator,22.485525
239,23.900000000000002,expert-3,aggregator,7.124753
239,23.900000000000002,frontend,router,94.081795
239,23.900000000000002,frontend,tokenizer,69.488468
239,23.900000000000002,router,cache,8.649677
239,23.900000000000002,router,expert-0,76.358886
239,23.900000000000002,router,expert-1,49.641932
239,23.900000000000002,router,expert-2,25.209061
239,23.900000000000002,router,expert-3,8.312212
240,24.0,aggregator,cache,8.155043
240,24.0,expert-0,aggregator,67.157150
240,24.0,expert-1,aggregator,43.384771
240,24.0,expert-2,aggregator,21.986627
240,24.0,expert-3,aggregator,6.939051
240,24.0,frontend,router,92.013078
240,24.0,frontend,tokenizer,67.966934
240,24.0,router,cache,8.406722
240,24.0,router,expert-0,74.699079
240,24.0,router,expert-1,48.539751
240,24.0,router,expert-2,24.647893
240,24.0,router,expert-3,8.095560
241,24.1,aggregator,cache,7.863821
241,24.1,expert-0,aggregator,64.854481
241,24.1,expert-1,aggregator,41.877795
241,24.1,expert-2,aggregator,21.221557
241,24.1,expert-3,aggregator,6.670980
241,24.1,frontend,router,88.830154
241,24.1,frontend,tokenizer,65.621981
241,24.1,router,cache,8.065286
241,24.1,router,expert-0,72.133539
241,24.1,router,expert-1,46.850429
241,24.1,router,expert-2,23.788445
241,24.1,router,expert-3,7.782810
242,24.200000000000003,aggregator,cache,8.153946
242,24.200000000000003,expert-0,aggregator,67.347257
242,24.200000000000003,expert-1,aggregator,43.467366
242,24.200000000000003,expert-2,aggregator,22.025453
242,24.200000000000003,expert-3,aggregator,6.896113
242,24.200000000000003,frontend,router,92.215526
242,24.200000000000003,frontend,tokenizer,68.129251
242,24.200000000000003,router,cache,8.320417
242,24.200000000000003,router,expert-0,74.901660
242,24.200000000000003,router,expert-1,48.625339
242,24.200000000000003,router,expert-2,24.687740
242,24.200000000000003,router,expert-3,8.045465
243,24.3,aggregator,cache,7.987427
243,24.3,expert-0,aggregator,66.070876
243,24.3,expert-1,aggregator,42.623972
243,24.3,expert-2,aggregator,21.596307
243,24.3,expert-3,aggregator,6.734762
243,24.3,frontend,router,90.439576
243,24.3,frontend,tokenizer,66.823399
243,24.3,router,cache,8.109255
243,24.3,router,expert-0,73.477761
243,24.3,router,expert-1,47.678526
243,24.3,router,expert-2,24.204922
243,24.3,router,expert-3,7.857223
244,24.400000000000002,aggregator,cache,7.904992
244,24.400000000000002,expert-0,aggregator,65.487894
244,24.400000000000002,expert-1,aggregator,42.228552
244,24.400000000000002,expert-2,aggregator,21.393988
244,24.400000000000002,expert-3,aggregator,6.644985
244,24.400000000000002,frontend,router,89.613700
244,24.400000000000002,frontend,tokenizer,66.219327
244,24.400000000000002,router,cache,7.985057
244,24.400000000000002,router,expert-0,72.825124
244,24.400000000000002,router,expert-1,47.232908
244,24.400000000000002,router,expert-2,23.976386
244,24.400000000000002,router,expert-3,7.752482
245,24.5,aggregator,cache,7.766001
245,24.5,expert-0,aggregator,64.434555
245,24.5,expert-1,aggregator,41.530404
245,24.5,expert-2,aggregator,21.038155
245,24.5,expert-3,aggregator,6.508269
245,24.5,frontend,router,88.145012
245,24.5,frontend,tokenizer,65.140073
245,24.5,router,cache,7.805174
245,24.5,router,expert-0,71.649543
245,24.5,router,expert-1,46.448775
245,24.5,router,expert-2,23.575855
245,24.5,router,expert-3,7.592980
246,24.6,aggregator,cache,8.240217
246,24.6,expert-0,aggregator,68.474233
246,24.6,expert-1,aggregator,44.114111
246,24.6,expert-2,aggregator,22.344514
246,24.6,expert-3,aggregator,6.884629
246,24.6,frontend,router,93.642335
246,24.6,frontend,tokenizer,69.209021
246,24.6,router,cache,8.240215
246,24.6,router,expert-0,76.137077
246,24.6,router,expert-1,49.335017
246,24.6,router,expert-2,25.037940
246,24.6,router,expert-3,8.032067
247,24.700000000000003,aggregator,cache,8.473901
247,24.700000000000003,expert-0,aggregator,70.525208
247,24.700000000000003,expert-1,aggregator,45.414928
247,24.700000000000003,expert-2,aggregator,23.000637
247,24.700000000000003,expert-3,aggregator,7.058256
247,24.700000000000003,frontend,router,96.417573
247,24.700000000000003,frontend,tokenizer,71.266670
247,24.700000000000003,router,cache,8.431490
247,24.700000000000003,router,expert-0,78.412962
247,24.700000000000003,router,expert-1,50.786238
247,24.700000000000003,router,expert-2,25.771251
247,24.700000000000003,router,expert-3,8.234632
248,24.8,aggregator,cache,8.354668
248,24.8,expert-0,aggregator,69.641477
248,24.8,expert-1,aggregator,44.825692
248,24.8,expert-2,aggregator,22.699278
248,24.8,expert-3,aggregator,6.937670
248,24.8,frontend,router,95.180323
248,24.8,frontend,tokenizer,70.358582
248,24.8,router,cache,8.271374
248,24.8,router,expert-0,77.425846
248,24.8,router,expert-1,50.123814
248,24.8,router,expert-2,25.431717
248,24.8,router,expert-3,8.093948
249,24.900000000000002,aggregator,cache,7.765082
249,24.900000000000002,expert-0,aggregator,64.828798
249,24.900000000000002,expert-1,aggregator,41.709277
249,24.900000000000002,expert-2,aggregator,21.118227
249,24.900000000000002,expert-3,aggregator,6.428346
249,24.900000000000002,frontend,router,88.575818
249,24.900000000000002,frontend,tokenizer,65.482391
249,24.900000000000002,router,cache,7.649424
249,24.900000000000002,router,expert-0,72.070990
249,24.900000000000002,router,expert-1,46.635805
249,24.900000000000002,router,expert-2,23.658606
249,24.900000000000002,router,expert-3,7.499737
250,25.0,aggregator,cache,7.894145
250,25.0,expert-0,aggregator,66.010870
250,25.0,expert-1,aggregator,42.450879
250,25.0,expert-2,aggregator,21.490535
250,25.0,expert-3,aggregator,6.515164
250,25.0,frontend,router,90.163609
250,25.0,frontend,tokenizer,66.662244
250,25.0,router,cache,7.738003
250,25.0,router,expert-0,73.380819
250,25.0,router,expert-1,47.461695
250,25.0,router,expert-2,24.073933
250,25.0,router,expert-3,7.601024
251,25.1,aggregator,cache,8.055451
251,25.1,expert-0,aggregator,67.467398
251,25.1,expert-1,aggregator,43.368322
251,25.1,expert-2,aggregator,21.951534
251,25.1,expert-3,aggregator,6.627892
251,25.1,frontend,router,92.125327
251,25.1,frontend,tokenizer,68.118770
251,25.1,router,cache,7.857092
251,25.1,router,expert-0,74.995580
251,25.1,router,expert-1,48.484057
251,25.1,router,expert-2,24.588547
251,25.1,router,expert-3,7.732540
252,25.200000000000003,aggregator,cache,8.353923
252,25.200000000000003,expert-0,aggregator,70.079932
252,25.200000000000003,expert-1,aggregator,45.027792
252,25.200000000000003,expert-2,aggregator,22.787705
252,25.200000000000003,expert-3,aggregator,6.852352
252,25.200000000000003,frontend,router,95.664021
252,25.200000000000003,frontend,tokenizer,70.741672
252,25.200000000000003,router,cache,8.108078
252,25.200000000000003,router,expert-0,77.895081
252,25.200000000000003,router,expert-1,50.335777
252,25.200000000000003,router,expert-2,25.523299
252,25.200000000000003,router,expert-3,7.994411
253,25.3,aggregator,cache,7.897015
253,25.3,expert-0,aggregator,66.354529
253,25.3,expert-1,aggregator,42.615420
253,25.3,expert-2,aggregator,21.563060
253,25.3,expert-3,aggregator,6.457644
253,25.3,frontend,router,90.551584
253,25.3,frontend,tokenizer,66.967100
253,25.3,router,cache,7.626993
253,25.3,router,expert-0,73.749932
253,25.3,router,expert-1,47.635720
253,25.3,router,expert-2,24.149875
253,25.3,router,expert-3,7.533918
254,25.400000000000002,aggregator,cache,7.873918
254,25.400000000000002,expert-0,aggregator,66.268654
254,25.400000000000002,expert-1,aggregator,42.541665
254,25.400000000000002,expert-2,aggregator,21.521758
254,25.400000000000002,expert-3,aggregator,6.418923
254,25.400000000000002,frontend,router,90.407567
254,25.400000000000002,frontend,tokenizer,66.866533
254,25.400000000000002,router,cache,7.567489
254,25.400000000000002,router,expert-0,73.650202
254,25.400000000000002,router,expert-1,47.549976
254,25.400000000000002,router,expert-2,24.101862
254,25.400000000000002,router,expert-3,7.488743
255,25.5,aggregator,cache,8.231821
255,25.5,expert-0,aggregator,69.394992
255,25.5,expert-1,aggregator,44.529262
255,25.5,expert-2,aggregator,22.522905
255,25.5,expert-3,aggregator,6.689992
255,25.5,frontend,router,94.644757
255,25.5,frontend,tokenizer,70.006600
255,25.5,router,cache,7.872910
255,25.5,router,expert-0,77.120299
255,25.5,router,expert-1,49.768118
255,25.5,router,expert-2,25.221195
255,25.5,router,expert-3,7.804991
256,25.6,aggregator,cache,8.226183
256,25.6,expert-0,aggregator,69.462571
256,25.6,expert-1,aggregator,44.553330
256,25.6,expert-2,aggregator,22.530493
256,25.6,expert-3,aggregator,6.664764
256,25.6,frontend,router,94.709102
256,25.6,frontend,tokenizer,70.060360
256,25.6,router,cache,7.829323
256,25.6,router,expert-0,77.190925
256,25.6,router,expert-1,49.791570
256,25.6,router,expert-2,25.227860
256,25.6,router,expert-3,7.775558
257,25.700000000000003,aggregator,cache,8.226638
257,25.700000000000003,expert-0,aggregator,69.582565
257,25.700000000000003,expert-1,aggregator,44.611068
257,25.700000000000003,expert-2,aggregator,22.554893
257,25.700000000000003,expert-3,aggregator,6.644523
257,25.700000000000003,frontend,router,94.844987
257,25.700000000000003,frontend,tokenizer,70.167026
257,25.700000000000003,router,cache,7.791894
257,25.700000000000003,router,expert-0,77.319794
257,25.700000000000003,router,expert-1,49.852648
257,25.700000000000003,router,expert-2,25.253350
257,25.700000000000003,router,expert-3,7.751943
258,25.8,aggregator,cache,7.566731
258,25.8,expert-0,aggregator,64.108730
258,25.8,expert-1,aggregator,41.084041
258,25.8,expert-2,aggregator,20.767055
258,25.8,expert-3,aggregator,6.092604
258,25.8,frontend,router,87.358436
258,25.8,frontend,tokenizer,64.634054
258,25.8,router,cache,7.132343
258,25.8,router,expert-0,71.233180
258,25.8,router,expert-1,45.908040
258,25.8,router,expert-2,23.249934
258,25.8,router,expert-3,7.108038
259,25.900000000000002,aggregator,cache,8.169034
259,25.900000000000002,expert-0,aggregator,69.329125
259,25.900000000000002,expert-1,aggregator,44.410576
259,25.900000000000002,expert-2,aggregator,22.443355
259,25.900000000000002,expert-3,aggregator,6.557176
259,25.900000000000002,frontend,router,94.444739
259,25.900000000000002,frontend,tokenizer,69.883073
259,25.900000000000002,router,cache,7.663138
259,25.900000000000002,router,expert-0,77.029278
259,25.900000000000002,router,expert-1,49.621747
259,25.900000000000002,router,expert-2,25.124836
259,25.900000000000002,router,expert-3,7.650039
260,26.0,aggregator,cache,7.722838
260,26.0,expert-0,aggregator,65.654314
260,26.0,expert-1,aggregator,42.038732
260,26.0,expert-2,aggregator,21.239613
260,26.0,expert-3,aggregator,6.179776
260,26.0,frontend,router,89.412936
260,26.0,frontend,tokenizer,66.165572
260,26.0,router,cache,7.209975
260,26.0,router,expert-0,72.942119
260,26.0,router,expert-1,46.968351
260,26.0,router,expert-2,23.775559
260,26.0,router,expert-3,7.209739
261,26.1,aggregator,cache,7.959439
261,26.1,expert-0,aggregator,67.782170
261,26.1,expert-1,aggregator,43.382881
261,26.1,expert-2,aggregator,21.913261
261,26.1,expert-3,aggregator,6.349306
261,26.1,frontend,router,92.284390
261,26.1,frontend,tokenizer,68.296315
261,26.1,router,cache,7.395531
261,26.1,router,expert-0,75.301845
261,26.1,router,expert-1,48.466785
261,26.1,router,expert-2,24.527874
261,26.1,router,expert-3,7.407524
262,26.200000000000003,aggregator,cache,8.025635
262,26.200000000000003,expert-0,aggregator,68.464325
262,26.200000000000003,expert-1,aggregator,43.801077
262,26.200000000000003,expert-2,aggregator,22.118774
262,26.200000000000003,expert-3,aggregator,6.382186
262,26.200000000000003,frontend,router,93.186599
262,26.200000000000003,frontend,tokenizer,68.969902
262,26.200000000000003,router,cache,7.421741
262,26.200000000000003,router,expert-0,76.055315
262,26.200000000000003,router,expert-1,48.930624
262,26.200000000000003,router,expert-2,24.756130
262,26.200000000000003,router,expert-3,7.445884
263,26.3,aggregator,cache,7.845774
263,26.3,expert-0,aggregator,67.046770
263,26.3,expert-1,aggregator,42.876249
263,26.3,expert-2,aggregator,21.645952
263,26.3,expert-3,aggregator,6.219712
263,26.3,frontend,router,91.231329
263,26.3,frontend,tokenizer,67.528497
263,26.3,router,cache,7.221231
263,26.3,router,expert-0,74.476324
263,26.3,router,expert-1,47.894202
263,26.3,router,expert-2,24.225195
263,26.3,router,expert-3,7.256331
264,26.400000000000002,aggregator,cache,7.951016
264,26.400000000000002,expert-0,aggregator,68.065513
264,26.400000000000002,expert-1,aggregator,43.509638
264,26.400000000000002,expert-2,aggregator,21.959631
264,26.400000000000002,expert-3,aggregator,6.283474
264,26.400000000000002,frontend,router,92.591461
264,26.400000000000002,frontend,tokenizer,68.541053
264,26.400000000000002,router,cache,7.283783
264,26.400000000000002,router,expert-0,75.603635
264,26.400000000000002,router,expert-1,48.598387
264,26.400000000000002,router,expert-2,24.574493
264,26.400000000000002,router,expert-3,7.330720
265,26.5,aggregator,cache,8.005695
265,26.5,expert-0,aggregator,68.654848
265,26.5,expert-1,aggregator,43.868211
265,26.5,expert-2,aggregator,22.134270
265,26.5,expert-3,aggregator,6.306918
265,26.5,frontend,router,93.366992
265,26.5,frontend,tokenizer,69.120960
265,26.5,router,cache,7.299657
265,26.5,router,expert-0,76.253888
265,26.5,router,expert-1,48.995544
265,26.5,router,expert-2,24.768158
265,26.5,router,expert-3,7.358071
266,26.6,aggregator,cache,7.648651
266,26.6,expert-0,aggregator,65.709764
266,26.6,expert-1,aggregator,41.969129
266,26.6,expert-2,aggregator,21.169809
266,26.6,expert-3,aggregator,6.006785
266,26.6,frontend,router,89.336941
266,26.6,frontend,tokenizer,66.142993
266,26.6,router,cache,6.941728
266,26.6,router,expert-0,72.978674
266,26.6,router,expert-1,46.871293
266,26.6,router,expert-2,23.687242
266,26.6,router,expert-3,7.007916
267,26.700000000000003,aggregator,cache,7.488966
267,26.700000000000003,expert-0,aggregator,64.453290
267,26.700000000000003,expert-1,aggregator,41.149772
267,26.700000000000003,expert-2,aggregator,20.750194
267,26.700000000000003,expert-3,aggregator,5.862955
267,26.700000000000003,frontend,router,87.604406
267,26.700000000000003,frontend,tokenizer,64.865668
267,26.700000000000003,router,cache,6.765417
267,26.700000000000003,router,expert-0,71.579141
267,26.700000000000003,router,expert-1,45.953095
267,26.700000000000003,router,expert-2,23.216077
267,26.700000000000003,router,expert-3,6.840114
268,26.8,aggregator,cache,8.125289
268,26.8,expert-0,aggregator,70.056018
268,26.8,expert-1,aggregator,44.708599
268,26.8,expert-2,aggregator,22.537698
268,26.8,expert-3,aggregator,6.341166
268,26.8,frontend,router,95.193363
268,26.8,frontend,tokenizer,70.490665
268,26.8,router,cache,7.306549
268,26.8,router,expert-0,77.796888
268,26.8,router,expert-1,49.923933
268,26.8,router,expert-2,25.214212
268,26.8,router,expert-3,7.398027
269,26.900000000000002,aggregator,cache,7.765842
269,26.900000000000002,expert-0,aggregator,67.078572
269,26.900000000000002,expert-1,aggregator,42.791119
269,26.900000000000002,expert-2,aggregator,21.564131
269,26.900000000000002,expert-3,aggregator,6.041610
269,26.900000000000002,frontend,router,91.122592
269,26.900000000000002,frontend,tokenizer,67.481822
269,26.900000000000002,router,cache,6.951426
269,26.900000000000002,router,expert-0,74.486232
269,26.900000000000002,router,expert-1,47.779526
269,26.900000000000002,router,expert-2,24.123318
269,26.900000000000002,router,expert-3,7.048545
270,27.0,aggregator,cache,7.918807
270,27.0,expert-0,aggregator,68.524974
270,27.0,expert-1,aggregator,43.696225
270,27.0,expert-2,aggregator,22.012942
270,27.0,expert-3,aggregator,6.141238
270,27.0,frontend,router,93.062102
270,27.0,frontend,tokenizer,68.923798
270,27.0,router,cache,7.056158
270,27.0,router,expert-0,76.088069
270,27.0,router,expert-1,48.786831
270,27.0,router,expert-2,24.623652
270,27.0,router,expert-3,7.164778
271,27.1,aggregator,cache,7.427374
271,27.1,expert-0,aggregator,64.390754
271,27.1,expert-1,aggregator,41.043533
271,27.1,expert-2,aggregator,20.669539
271,27.1,expert-3,aggregator,5.741981
271,27.1,frontend,router,87.423842
271,27.1,frontend,tokenizer,64.753261
271,27.1,router,cache,6.588380
271,27.1,router,expert-0,71.493527
271,27.1,router,expert-1,45.821993
271,27.1,router,expert-2,23.119292
271,27.1,router,expert-3,6.698978
272,27.200000000000003,aggregator,cache,7.464499
272,27.200000000000003,expert-0,aggregator,64.832571
272,27.200000000000003,expert-1,aggregator,41.308711
272,27.200000000000003,expert-2,aggregator,20.795800
272,27.200000000000003,expert-3,aggregator,5.752488
272,27.200000000000003,frontend,router,88.000008
272,27.200000000000003,frontend,tokenizer,65.185302
272,27.200000000000003,router,cache,6.591599
272,27.200000000000003,router,expert-0,71.980033
272,27.200000000000003,router,expert-1,46.114921
272,27.200000000000003,router,expert-2,23.258879
272,27.200000000000003,router,expert-3,6.711235
273,27.3,aggregator,cache,7.690287
273,27.3,expert-0,aggregator,66.918268
273,27.3,expert-1,aggregator,42.620765
273,27.3,expert-2,aggregator,21.448613
273,27.3,expert-3,aggregator,5.907780
273,27.3,frontend,router,90.806708
273,27.3,frontend,tokenizer,67.269768
273,27.3,router,cache,6.760697
273,27.3,router,expert-0,74.291500
273,27.3,router,expert-1,47.576416
273,27.3,router,expert-2,23.987327
273,27.3,router,expert-3,6.892410
274,27.400000000000002,aggregator,cache,7.778375
274,27.400000000000002,expert-0,aggregator,67.811879
274,27.400000000000002,expert-1,aggregator,43.172925
274,27.400000000000002,expert-2,aggregator,21.718484
274,27.400000000000002,expert-3,aggregator,5.956561
274,27.400000000000002,frontend,router,91.994844
274,27.400000000000002,frontend,tokenizer,68.155406
274,27.400000000000002,router,cache,6.807835
274,27.400000000000002,router,expert-0,75.279358
274,27.400000000000002,router,expert-1,48.189526
274,27.400000000000002,router,expert-2,24.287436
274,27.400000000000002,router,expert-3,6.949321
275,27.5,aggregator,cache,7.548725
275,27.5,expert-0,aggregator,65.934164
275,27.5,expert-1,aggregator,41.961050
275,27.5,expert-2,aggregator,21.100875
275,27.5,expert-3,aggregator,5.762401
275,27.5,frontend,router,89.423851
275,27.5,frontend,tokenizer,66.255940
275,27.5,router,cache,6.577755
275,27.5,router,expert-0,73.190780
275,27.5,router,expert-1,46.833678
275,27.5,router,expert-2,23.595122
275,27.5,router,expert-3,6.722802
276,27.6,aggregator,cache,7.447973
276,27.6,expert-0,aggregator,65.177868
276,27.6,expert-1,aggregator,41.463612
276,27.6,expert-2,aggregator,20.842673
276,27.6,expert-3,aggregator,5.667472
276,27.6,frontend,router,88.374887
276,27.6,frontend,tokenizer,65.483933
276,27.6,router,cache,6.461585
276,27.6,router,expert-0,72.347216
276,27.6,router,expert-1,46.275365
276,27.6,router,expert-2,23.304771
276,27.6,router,expert-3,6.612050
277,27.700000000000003,aggregator,cache,7.927165
277,27.700000000000003,expert-0,aggregator,69.504092
277,27.700000000000003,expert-1,aggregator,44.198700
277,27.700000000000003,expert-2,aggregator,22.208744
277,27.700000000000003,expert-3,aggregator,6.012966
277,27.700000000000003,frontend,router,94.216212
277,27.700000000000003,frontend,tokenizer,69.817735
277,27.700000000000003,router,cache,6.847452
277,27.700000000000003,router,expert-0,77.145020
277,27.700000000000003,router,expert-1,49.324543
277,27.700000000000003,router,expert-2,24.830482
277,27.700000000000003,router,expert-3,7.015127
278,27.8,aggregator,cache,7.743671
278,27.8,expert-0,aggregator,68.026012
278,27.8,expert-1,aggregator,43.242151
278,27.8,expert-2,aggregator,21.719312
278,27.8,expert-3,aggregator,5.855118
278,27.8,frontend,router,92.188666
278,27.8,frontend,tokenizer,68.320601
278,27.8,router,cache,6.660115
278,27.8,router,expert-0,75.500260
278,27.8,router,expert-1,48.253828
278,27.8,router,expert-2,24.281585
278,27.8,router,expert-3,6.830971
279,27.900000000000002,aggregator,cache,7.317942
279,27.900000000000002,expert-0,aggregator,64.410686
279,27.900000000000002,expert-1,aggregator,40.928362
279,27.900000000000002,expert-2,aggregator,20.548660
279,27.900000000000002,expert-3,aggregator,5.515613
279,27.900000000000002,frontend,router,87.266668
279,27.900000000000002,frontend,tokenizer,64.677969
279,27.900000000000002,router,cache,6.267024
279,27.900000000000002,router,expert-0,71.483750
279,27.900000000000002,router,expert-1,45.668823
279,27.900000000000002,router,expert-2,22.971233
279,27.900000000000002,router,expert-3,6.434882
280,28.0,aggregator,cache,7.832939
280,28.0,expert-0,aggregator,69.077997
280,28.0,expert-1,aggregator,43.877446
280,28.0,expert-2,aggregator,22.019980
280,28.0,expert-3,aggregator,5.884965
280,28.0,frontend,router,93.566173
280,28.0,frontend,tokenizer,69.352237
280,28.0,router,cache,6.679574
280,28.0,router,expert-0,76.659355
280,28.0,router,expert-1,48.956214
280,28.0,router,expert-2,24.614309
280,28.0,router,expert-3,6.865792
281,28.1,aggregator,cache,7.948514
281,28.1,expert-0,aggregator,70.234772
281,28.1,expert-1,aggregator,44.595391
281,28.1,expert-2,aggregator,22.370622
281,28.1,expert-3,aggregator,5.952749
281,28.1,frontend,router,95.108793
281,28.1,frontend,tokenizer,70.501070
281,28.1,router,cache,6.749569
281,28.1,router,expert-0,77.938795
281,28.1,router,expert-1,49.753947
281,28.1,router,expert-2,25.004534
281,28.1,router,expert-3,6.944874
282,28.200000000000003,aggregator,cache,7.696703
282,28.200000000000003,expert-0,aggregator,68.143965
282,28.200000000000003,expert-1,aggregator,43.251624
282,28.200000000000003,expert-2,aggregator,21.686980
282,28.200000000000003,expert-3,aggregator,5.745755
282,28.200000000000003,frontend,router,92.254161
282,28.200000000000003,frontend,tokenizer,68.390256
282,28.200000000000003,router,cache,6.508421
282,28.200000000000003,router,expert-0,75.614493
282,28.200000000000003,router,expert-1,48.251533
282,28.200000000000003,router,expert-2,24.238729
282,28.200000000000003,router,expert-3,6.703381
283,28.3,aggregator,cache,7.453013
283,28.3,expert-0,aggregator,66.117468
283,28.3,expert-1,aggregator,41.949759
283,28.3,expert-2,aggregator,21.024749
283,28.3,expert-3,aggregator,5.546044
283,28.3,frontend,router,89.488157
283,28.3,frontend,tokenizer,66.344794
283,28.3,router,cache,6.276228
283,28.3,router,expert-0,73.361813
283,28.3,router,expert-1,46.796069
283,28.3,router,expert-2,23.496960
283,28.3,router,expert-3,6.470385
284,28.400000000000002,aggregator,cache,7.419347
284,28.400000000000002,expert-0,aggregator,65.950314
284,28.400000000000002,expert-1,aggregator,41.828222
284,28.400000000000002,expert-2,aggregator,20.954220
284,28.400000000000002,expert-3,aggregator,5.503315
284,28.400000000000002,frontend,router,89.239621
284,28.400000000000002,frontend,tokenizer,66.165534
284,28.400000000000002,router,cache,6.222197
284,28.400000000000002,router,expert-0,73.172345
284,28.400000000000002,router,expert-1,46.657403
284,28.400000000000002,router,expert-2,23.416530
284,28.400000000000002,router,expert-3,6.420534
285,28.5,aggregator,cache,7.610004
285,28.5,expert-0,aggregator,67.781029
285,28.5,expert-1,aggregator,42.973526
285,28.5,expert-2,aggregator,21.517903
285,28.5,expert-3,aggregator,5.626640
285,28.5,frontend,router,91.694063
285,28.5,frontend,tokenizer,67.990453
285,28.5,router,cache,6.356087
285,28.5,router,expert-0,75.199435
285,28.5,router,expert-1,47.931770
285,28.5,router,expert-2,24.044803
285,28.5,router,expert-3,6.564413
286,28.6,aggregator,cache,7.203521
286,28.6,expert-0,aggregator,64.290283
286,28.6,expert-1,aggregator,40.745487
286,28.6,expert-2,aggregator,20.392544
286,28.6,expert-3,aggregator,5.309001
286,28.6,frontend,router,86.950349
286,28.6,frontend,tokenizer,64.477836
286,28.6,router,cache,5.992287
286,28.6,router,expert-0,71.322758
286,28.6,router,expert-1,45.443667
286,28.6,router,expert-2,22.785732
286,28.6,router,expert-3,6.193834
287,28.700000000000003,aggregator,cache,7.590909
287,28.700000000000003,expert-0,aggregator,67.885451
287,28.700000000000003,expert-1,aggregator,43.008398
287,28.700000000000003,expert-2,aggregator,21.514647
287,28.700000000000003,expert-3,aggregator,5.576526
287,28.700000000000003,frontend,router,91.790208
287,28.700000000000003,frontend,tokenizer,68.071869
287,28.700000000000003,router,cache,6.289277
287,28.700000000000003,router,expert-0,75.307103
287,28.700000000000003,router,expert-1,47.964351
287,28.700000000000003,router,expert-2,24.037880
287,28.700000000000003,router,expert-3,6.505947
288,28.8,aggregator,cache,7.509748
288,28.8,expert-0,aggregator,67.297036
288,28.8,expert-1,aggregator,42.620243
288,28.8,expert-2,aggregator,21.309930
288,28.8,expert-3,aggregator,5.499150
288,28.8,frontend,router,90.972464
288,28.8,frontend,tokenizer,67.470398
288,28.8,router,cache,6.197380
288,28.8,router,expert-0,74.650319
288,28.8,router,expert-1,47.528350
288,28.8,router,expert-2,23.807533
288,28.8,router,expert-3,6.415675
289,28.900000000000002,aggregator,cache,7.675055
289,28.900000000000002,expert-0,aggregator,68.919935
289,28.900000000000002,expert-1,aggregator,43.632422
289,28.900000000000002,expert-2,aggregator,21.805029
289,28.900000000000002,expert-3,aggregator,5.602091
289,28.900000000000002,frontend,router,93.143806
289,28.900000000000002,frontend,tokenizer,69.085846
289,28.900000000000002,router,cache,6.308948
289,28.900000000000002,router,expert-0,76.446420
289,28.900000000000002,router,expert-1,48.653906
289,28.900000000000002,router,expert-2,24.359005
289,28.900000000000002,router,expert-3,6.535773
290,29.0,aggregator,cache,7.201700
290,29.0,expert-0,aggregator,64.803194
290,29.0,expert-1,aggregator,41.011570
290,29.0,expert-2,aggregator,20.484770
290,29.0,expert-3,aggregator,5.239629
290,29.0,frontend,router,87.559113
290,29.0,frontend,tokenizer,64.948336
290,29.0,router,cache,5.896856
290,29.0,router,expert-0,71.876236
290,29.0,router,expert-1,45.728444
290,29.0,router,expert-2,22.882556
290,29.0,router,expert-3,6.112900
291,29.1,aggregator,cache,7.384428
291,29.1,expert-0,aggregator,66.585778
291,29.1,expert-1,aggregator,42.124818
291,29.1,expert-2,aggregator,21.029853
291,29.1,expert-3,aggregator,5.355221
291,29.1,frontend,router,89.946233
291,29.1,frontend,tokenizer,66.723838
291,29.1,router,cache,6.023238
291,29.1,router,expert-0,73.849419
291,29.1,router,expert-1,46.966672
291,29.1,router,expert-2,23.489853
291,29.1,router,expert-3,6.247758
292,29.200000000000003,aggregator,cache,7.636566
292,29.200000000000003,expert-0,aggregator,69.003502
292,29.200000000000003,expert-1,aggregator,43.639054
292,29.200000000000003,expert-2,aggregator,21.774245
292,29.200000000000003,expert-3,aggregator,5.520165
292,29.200000000000003,frontend,router,93.190130
292,29.200000000000003,frontend,tokenizer,69.135182
292,29.200000000000003,router,cache,6.205216
292,29.200000000000003,router,expert-0,76.526788
292,29.200000000000003,router,expert-1,48.651793
292,29.200000000000003,router,expert-2,24.319680
292,29.200000000000003,router,expert-3,6.440192
293,29.3,aggregator,cache,7.515023
293,29.3,expert-0,aggregator,68.048243
293,29.3,expert-1,aggregator,43.019941
293,29.3,expert-2,aggregator,21.453754
293,29.3,expert-3,aggregator,5.414719
293,29.3,frontend,router,91.878463
293,29.3,frontend,tokenizer,68.166949
293,29.3,router,cache,6.083492
293,29.3,router,expert-0,75.463350
293,29.3,router,expert-1,47.958454
293,29.3,router,expert-2,23.960111
293,29.3,router,expert-3,6.317172
294,29.400000000000002,aggregator,cache,7.079639
294,29.400000000000002,expert-0,aggregator,64.241619
294,29.400000000000002,expert-1,aggregator,40.599355
294,29.400000000000002,expert-2,aggregator,20.235524
294,29.400000000000002,expert-3,aggregator,5.084481
294,29.400000000000002,frontend,router,86.718556
294,29.400000000000002,frontend,tokenizer,64.343236
294,29.400000000000002,router,cache,5.709740
294,29.400000000000002,router,expert-0,71.238132
294,29.400000000000002,router,expert-1,45.257068
294,29.400000000000002,router,expert-2,22.598042
294,29.400000000000002,router,expert-3,5.931894
295,29.5,aggregator,cache,7.348230
295,29.5,expert-0,aggregator,66.820860
295,29.5,expert-1,aggregator,42.214879
295,29.5,expert-2,aggregator,21.029010
295,29.5,expert-3,aggregator,5.260251
295,29.5,frontend,router,90.179352
295,29.5,frontend,tokenizer,66.915771
295,29.5,router,cache,5.904586
295,29.5,router,expert-0,74.094342
295,29.5,router,expert-1,47.054896
295,29.5,router,expert-2,23.482594
295,29.5,router,expert-3,6.136960
296,29.6,aggregator,cache,7.152439
296,29.6,expert-0,aggregator,65.179741
296,29.6,expert-1,aggregator,41.164043
296,29.6,expert-2,aggregator,20.493936
296,29.6,expert-3,aggregator,5.103457
296,29.6,frontend,router,87.944343
296,29.6,frontend,tokenizer,65.261882
296,29.6,router,cache,5.726401
296,29.6,router,expert-0,72.270761
296,29.6,router,expert-1,45.880627
296,29.6,router,expert-2,22.883561
296,29.6,router,expert-3,5.954034
297,29.700000000000003,aggregator,cache,7.023056
297,29.700000000000003,expert-0,aggregator,64.138517
297,29.700000000000003,expert-1,aggregator,40.492751
297,29.700000000000003,expert-2,aggregator,20.148136
297,29.700000000000003,frontend,router,86.519732
297,29.700000000000003,frontend,tokenizer,64.209152
297,29.700000000000003,router,cache,5.602660
297,29.700000000000003,router,expert-0,71.112506
297,29.700000000000003,router,expert-1,45.129522
297,29.700000000000003,router,expert-2,22.495938
297,29.700000000000003,router,expert-3,5.827310
298,29.8,aggregator,cache,7.082771
298,29.8,expert-0,aggregator,64.823955
298,29.8,expert-1,aggregator,40.911740
298,29.8,expert-2,aggregator,20.344728
298,29.8,expert-3,aggregator,5.020901
298,29.8,frontend,router,87.424566
298,29.8,frontend,tokenizer,64.885123
298,29.8,router,cache,5.630306
298,29.8,router,expert-0,71.868691
298,29.8,router,expert-1,45.593571
298,29.8,router,expert-2,22.713928
298,29.8,router,expert-3,5.857718
299,29.900000000000002,aggregator,cache,7.072334
299,29.900000000000002,expert-0,aggregator,64.869387
299,29.900000000000002,expert-1,aggregator,40.926759
299,29.900000000000002,expert-2,aggregator,20.340133
299,29.900000000000002,frontend,router,87.466191
299,29.900000000000002,frontend,tokenizer,64.920449
299,29.900000000000002,router,cache,5.602380
299,29.900000000000002,router,expert-0,71.915286
299,29.900000000000002,router,expert-1,45.607397
299,29.900000000000002,router,expert-2,22.707290
299,29.900000000000002,router,expert-3,5.830014
300,30.0,aggregator,cache,7.380835
300,30.0,expert-0,aggregator,67.847271
300,30.0,expert-1,aggregator,42.791368
300,30.0,expert-2,aggregator,21.254028
300,30.0,expert-3,aggregator,5.198110
300,30.0,frontend,router,91.461014
300,30.0,frontend,tokenizer,67.890148
300,30.0,router,cache,5.826625
300,30.0,router,expert-0,75.212683
300,30.0,router,expert-1,47.682219
300,30.0,router,expert-2,23.725971
300,30.0,router,expert-3,6.064462
301,30.1,aggregator,cache,6.878641
301,30.1,expert-0,aggregator,63.370132
301,30.1,expert-1,aggregator,39.954501
301,30.1,expert-2,aggregator,19.832871
301,30.1,frontend,router,85.406750
301,30.1,frontend,tokenizer,63.400424
301,30.1,router,cache,5.411743
301,30.1,router,expert-0,70.245847
301,30.1,router,expert-1,44.518285
301,30.1,router,expert-2,22.138064
301,30.1,router,expert-3,5.633363
302,30.200000000000003,aggregator,cache,7.016959
302,30.200000000000003,expert-0,aggregator,64.787496
302,30.200000000000003,expert-1,aggregator,40.834824
302,30.200000000000003,expert-2,aggregator,20.257297
302,30.200000000000003,frontend,router,87.297836
302,30.200000000000003,frontend,tokenizer,64.808572
302,30.200000000000003,router,cache,5.502094
302,30.200000000000003,router,expert-0,71.813261
302,30.200000000000003,router,expert-1,45.496282
302,30.200000000000003,router,expert-2,22.610332
302,30.200000000000003,router,expert-3,5.727838
303,30.3,aggregator,cache,7.131214
303,30.3,expert-0,aggregator,65.988947
303,30.3,expert-1,aggregator,41.578632
303,30.3,expert-2,aggregator,20.613327
303,30.3,frontend,router,88.897376
303,30.3,frontend,tokenizer,66.000421
303,30.3,router,cache,5.573254
303,30.3,router,expert-0,73.141209
303,30.3,router,expert-1,46.322073
303,30.3,router,expert-2,23.006204
303,30.3,router,expert-3,5.802035
304,30.400000000000002,aggregator,cache,6.871724
304,30.400000000000002,expert-0,aggregator,63.730023
304,30.400000000000002,expert-1,aggregator,40.142430
304,30.400000000000002,expert-2,aggregator,19.888627
304,30.400000000000002,frontend,router,85.835715
304,30.400000000000002,frontend,tokenizer,63.731533
304,30.400000000000002,router,cache,5.353030
304,30.400000000000002,router,expert-0,70.633799
304,30.400000000000002,router,expert-1,44.719210
304,30.400000000000002,router,expert-2,22.195923
304,30.400000000000002,router,expert-3,5.572578
305,30.5,aggregator,cache,7.224472
305,30.5,expert-0,aggregator,67.152212
305,30.5,expert-1,aggregator,42.284539
305,30.5,expert-2,aggregator,20.936408
305,30.5,expert-3,aggregator,5.005203
305,30.5,frontend,router,90.425568
305,30.5,frontend,tokenizer,67.143802
305,30.5,router,cache,5.609851
305,30.5,router,expert-0,74.422873
305,30.5,router,expert-1,47.102592
305,30.5,router,expert-2,23.363728
305,30.5,router,expert-3,5.839403
306,30.6,aggregator,cache,7.169949
306,30.6,expert-0,aggregator,66.796130
306,30.6,expert-1,aggregator,42.047035
306,30.6,expert-2,aggregator,20.805182
306,30.6,frontend,router,89.926968
306,30.6,frontend,tokenizer,66.777900
306,30.6,router,cache,5.550032
306,30.6,router,expert-0,74.024435
306,30.6,router,expert-1,46.835094
306,30.6,router,expert-2,23.215773
306,30.6,router,expert-3,5.776288
307,30.700000000000003,aggregator,cache,6.953434
307,30.700000000000003,expert-0,aggregator,64.926315
307,30.700000000000003,expert-1,aggregator,40.857212
307,30.700000000000003,expert-2,aggregator,20.203035
307,30.700000000000003,frontend,router,87.391237
307,30.700000000000003,frontend,tokenizer,64.899089
307,30.700000000000003,router,cache,5.365823
307,30.700000000000003,router,expert-0,71.948595
307,30.700000000000003,router,expert-1,45.506942
307,30.700000000000003,router,expert-2,22.542391
307,30.700000000000003,router,expert-3,5.583427
308,30.8,aggregator,cache,7.261038
308,30.8,expert-0,aggregator,67.953458
308,30.8,expert-1,aggregator,42.748861
308,30.8,expert-2,aggregator,21.124204
308,30.8,frontend,router,91.446679
308,30.8,frontend,tokenizer,67.915100
308,30.8,router,cache,5.586208
308,30.8,router,expert-0,75.299303
308,30.8,router,expert-1,47.610907
308,30.8,router,expert-2,23.568694
308,30.8,router,expert-3,5.811224
309,30.900000000000002,aggregator,cache,6.697524
309,30.900000000000002,expert-0,aggregator,62.823730
309,30.900000000000002,expert-1,aggregator,39.509618
309,30.900000000000002,expert-2,aggregator,19.510245
309,30.900000000000002,frontend,router,84.525959
309,30.900000000000002,frontend,tokenizer,62.779229
309,30.900000000000002,router,cache,5.137338
309,30.900000000000002,router,expert-0,69.611505
309,30.900000000000002,router,expert-1,44.000520
309,30.900000000000002,router,expert-2,21.766558
309,30.900000000000002,router,expert-3,5.342554
310,31.0,aggregator,cache,6.616324
310,31.0,expert-0,aggregator,62.205380
310,31.0,expert-1,aggregator,39.108782
310,31.0,expert-2,aggregator,19.298985
310,31.0,frontend,router,83.676809
310,31.0,frontend,tokenizer,62.152445
310,31.0,router,cache,5.060234
310,31.0,router,expert-0,68.922851
310,31.0,router,expert-1,43.551430
310,31.0,router,expert-2,21.529475
310,31.0,router,expert-3,5.260363
311,31.1,aggregator,cache,7.201955
311,31.1,expert-0,aggregator,67.868551
311,31.1,expert-1,aggregator,42.656309
311,31.1,expert-2,aggregator,21.034873
311,31.1,frontend,router,91.276143
311,31.1,frontend,tokenizer,67.801204
311,31.1,router,cache,5.492363
311,31.1,router,expert-0,75.193779
311,31.1,router,expert-1,47.499019
311,31.1,router,expert-2,23.464478
311,31.1,router,expert-3,5.707057
312,31.200000000000003,aggregator,cache,7.010734
312,31.200000000000003,expert-0,aggregator,66.220718
312,31.200000000000003,expert-1,aggregator,41.608117
312,31.200000000000003,expert-2,aggregator,20.503468
312,31.200000000000003,frontend,router,89.041999
312,31.200000000000003,frontend,tokenizer,66.145730
312,31.200000000000003,router,cache,5.331540
312,31.200000000000003,router,expert-0,73.364396
312,31.200000000000003,router,expert-1,46.328981
312,31.200000000000003,router,expert-2,22.870223
312,31.200000000000003,router,expert-3,5.537155
313,31.3,aggregator,cache,7.246826
313,31.3,expert-0,aggregator,68.611284
313,31.3,expert-1,aggregator,43.097326
313,31.3,expert-2,aggregator,21.222103
313,31.3,frontend,router,92.237950
313,31.3,frontend,tokenizer,68.524066
313,31.3,router,cache,5.495952
313,31.3,router,expert-0,76.009033
313,31.3,router,expert-1,47.984218
313,31.3,router,expert-2,23.670294
313,31.3,router,expert-3,5.704676
314,31.400000000000002,aggregator,cache,6.984588
314,31.400000000000002,expert-0,aggregator,66.284362
314,31.400000000000002,expert-1,aggregator,41.623404
314,31.400000000000002,expert-2,aggregator,20.481450
314,31.400000000000002,frontend,router,89.092066
314,31.400000000000002,frontend,tokenizer,66.190987
314,31.400000000000002,router,cache,5.282846
314,31.400000000000002,router,expert-0,73.427547
314,31.400000000000002,router,expert-1,46.340336
314,31.400000000000002,router,expert-2,22.842739
314,31.400000000000002,router,expert-3,5.480024
315,31.5,aggregator,cache,6.851504
315,31.5,expert-0,aggregator,65.175447
315,31.5,expert-1,aggregator,40.915078
315,31.5,expert-2,aggregator,20.118134
315,31.5,frontend,router,87.584366
315,31.5,frontend,tokenizer,65.074753
315,31.5,router,cache,5.168584
315,31.5,router,expert-0,72.195528
315,31.5,router,expert-1,45.548969
315,31.5,router,expert-2,22.436107
315,31.5,router,expert-3,5.357779
316,31.6,aggregator,cache,6.912202
316,31.6,expert-0,aggregator,65.909419
316,31.6,expert-1,aggregator,41.363839
316,31.6,expert-2,aggregator,20.323691
316,31.6,frontend,router,88.553444
316,31.6,frontend,tokenizer,65.798696
316,31.6,router,cache,5.201008
316,31.6,router,expert-0,73.004930
316,31.6,router,expert-1,46.045764
316,31.6,router,expert-2,22.663906
316,31.6,router,expert-3,5.387299
317,31.700000000000003,aggregator,cache,6.986406
317,31.700000000000003,expert-0,aggregator,66.776407
317,31.700000000000003,expert-1,aggregator,41.895901
317,31.700000000000003,expert-2,aggregator,20.569650
317,31.700000000000003,frontend,router,89.700983
317,31.700000000000003,frontend,tokenizer,66.655301
317,31.700000000000003,router,cache,5.243696
317,31.700000000000003,router,expert-0,73.961593
317,31.700000000000003,router,expert-1,46.635232
317,31.700000000000003,router,expert-2,22.936731
317,31.700000000000003,router,expert-3,5.427038
318,31.8,aggregator,cache,7.148138
318,31.8,expert-0,aggregator,68.486586
318,31.8,expert-1,aggregator,42.956636
318,31.8,expert-2,aggregator,21.074411
318,31.8,frontend,router,91.980681
318,31.8,frontend,tokenizer,68.353309
318,31.8,router,cache,5.352010
318,31.8,router,expert-0,75.852045
318,31.8,router,expert-1,47.813080
318,31.8,router,expert-2,23.498093
318,31.8,router,expert-3,5.534203
319,31.900000000000002,aggregator,cache,6.939203
319,31.900000000000002,expert-0,aggregator,66.645490
319,31.900000000000002,expert-1,aggregator,41.790052
319,31.900000000000002,expert-2,aggregator,20.486329
319,31.900000000000002,frontend,router,89.491050
319,31.900000000000002,frontend,tokenizer,66.507058
319,31.900000000000002,router,cache,5.183248
319,31.900000000000002,router,expert-0,73.809319
319,31.900000000000002,router,expert-1,46.511818
319,31.900000000000002,router,expert-2,22.840937
319,31.900000000000002,router,expert-3,5.354557
320,32.0,aggregator,cache,6.501623
320,32.0,expert-0,aggregator,62.594584
320,32.0,expert-1,aggregator,39.238956
320,32.0,expert-2,aggregator,19.220777
320,32.0,frontend,router,84.035756
320,32.0,frontend,tokenizer,62.456439
320,32.0,router,expert-0,69.319579
320,32.0,router,expert-1,43.669869
320,32.0,router,expert-2,21.428579
320,32.0,router,expert-3,5.000188
321,32.1,aggregator,cache,6.943913
321,32.1,expert-0,aggregator,67.015956
321,32.1,expert-1,aggregator,41.998966
321,32.1,expert-2,aggregator,20.556566
321,32.1,frontend,router,89.954910
321,32.1,frontend,tokenizer,66.859439
321,32.1,router,cache,5.163201
321,32.1,router,expert-0,74.212350
321,32.1,router,expert-1,46.738758
321,32.1,router,expert-2,22.916367
321,32.1,router,expert-3,5.322530
322,32.2,aggregator,cache,6.867037
322,32.2,expert-0,aggregator,66.436626
322,32.2,expert-1,aggregator,41.624477
322,32.2,expert-2,aggregator,20.357078
322,32.2,frontend,router,89.160873
322,32.2,frontend,tokenizer,66.273007
322,32.2,router,cache,5.094940
322,32.2,router,expert-0,73.567234
322,32.2,router,expert-1,46.319257
322,32.2,router,expert-2,22.692560
322,32.2,router,expert-3,5.246037
323,32.300000000000004,aggregator,cache,6.931010
323,32.300000000000004,expert-0,aggregator,67.220864
323,32.300000000000004,expert-1,aggregator,42.104383
323,32.300000000000004,expert-2,aggregator,20.575239
323,32.300000000000004,frontend,router,90.196920
323,32.300000000000004,frontend,tokenizer,67.046847
323,32.300000000000004,router,cache,5.131575
323,32.300000000000004,router,expert-0,74.432039
323,32.300000000000004,router,expert-1,46.850521
323,32.300000000000004,router,expert-2,22.934318
323,32.300000000000004,router,expert-3,5.277222
324,32.4,aggregator,cache,6.948601
324,32.4,expert-0,aggregator,67.558444
324,32.4,expert-1,aggregator,42.304444
324,32.4,expert-2,aggregator,20.656214
324,32.4,frontend,router,90.633533
324,32.4,frontend,tokenizer,67.375130
324,32.4,router,cache,5.134121
324,32.4,router,expert-0,74.802222
324,32.4,router,expert-1,47.070361
324,32.4,router,expert-2,23.023145
324,32.4,router,expert-3,5.272930
325,32.5,aggregator,cache,6.469259
325,32.5,expert-0,aggregator,63.054580
325,32.5,expert-1,aggregator,39.473651
325,32.5,expert-2,aggregator,19.258187
325,32.5,frontend,router,84.576238
325,32.5,frontend,tokenizer,62.875708
325,32.5,router,expert-0,69.812088
325,32.5,router,expert-1,43.918079
325,32.5,router,expert-2,21.463592
326,32.6,aggregator,cache,6.239678
326,32.6,expert-0,aggregator,60.969041
326,32.6,expert-1,aggregator,38.157989
326,32.6,expert-2,aggregator,18.600867
326,32.6,frontend,router,81.764413
326,32.6,frontend,tokenizer,60.788641
326,32.6,router,expert-0,67.499810
326,32.6,router,expert-1,42.451802
326,32.6,router,expert-2,20.729716
327,32.7,aggregator,cache,6.906531
327,32.7,expert-0,aggregator,67.654620
327,32.7,expert-1,aggregator,42.331163
327,32.7,expert-2,aggregator,20.617869
327,32.7,frontend,router,90.714446
327,32.7,frontend,tokenizer,67.446268
327,32.7,router,cache,5.074067
327,32.7,router,expert-0,74.897950
327,32.7,router,expert-1,47.091828
327,32.7,router,expert-2,22.976144
327,32.7,router,expert-3,5.188542
328,32.800000000000004,aggregator,cache,6.357251
328,32.800000000000004,expert-0,aggregator,62.431296
328,32.800000000000004,expert-1,aggregator,39.052863
328,32.800000000000004,expert-2,aggregator,19.005030
328,32.800000000000004,frontend,router,83.696283
328,32.800000000000004,frontend,tokenizer,62.231571
328,32.800000000000004,router,expert-0,69.112116
328,32.800000000000004,router,expert-1,43.442323
328,32.800000000000004,router,expert-2,21.177526
329,32.9,aggregator,cache,6.628344
329,32.9,expert-0,aggregator,65.258764
329,32.9,expert-1,aggregator,40.811101
329,32.9,expert-2,aggregator,19.843686
329,32.9,frontend,router,87.471843
329,32.9,frontend,tokenizer,65.042280
329,32.9,router,expert-0,72.238734
329,32.9,router,expert-1,45.395560
329,32.9,router,expert-2,22.110695
330,33.0,aggregator,cache,6.504471
330,33.0,expert-0,aggregator,64.202471
330,33.0,expert-1,aggregator,40.140366
330,33.0,expert-2,aggregator,19.500689
330,33.0,frontend,router,86.041424
330,33.0,frontend,tokenizer,63.981987
330,33.0,router,expert-0,71.066111
330,33.0,router,expert-1,44.646910
330,33.0,router,expert-2,21.727185
331,33.1,aggregator,cache,6.744202
331,33.1,expert-0,aggregator,66.739288
331,33.1,expert-1,aggregator,41.715979
331,33.1,expert-2,aggregator,20.248456
331,33.1,frontend,router,89.426170
331,33.1,frontend,tokenizer,66.502379
331,33.1,router,expert-0,73.870660
331,33.1,router,expert-1,46.396757
331,33.1,router,expert-2,22.558954
332,33.2,aggregator,cache,6.390336
332,33.2,expert-0,aggregator,63.400281
332,33.2,expert-1,aggregator,39.619092
332,33.2,expert-2,aggregator,19.213704
332,33.2,frontend,router,84.938045
332,33.2,frontend,tokenizer,63.167981
332,33.2,router,expert-0,70.171586
332,33.2,router,expert-1,44.062071
332,33.2,router,expert-2,21.404830
333,33.300000000000004,aggregator,cache,6.164621
333,33.300000000000004,expert-0,aggregator,61.319068
333,33.300000000000004,expert-1,aggregator,38.309150
333,33.300000000000004,expert-2,aggregator,18.561902
333,33.300000000000004,frontend,router,82.136356
333,33.300000000000004,frontend,tokenizer,61.087466
333,33.300000000000004,router,expert-0,67.864933
333,33.300000000000004,router,expert-1,42.602807
333,33.300000000000004,router,expert-2,20.677444
334,33.4,aggregator,cache,6.494221
334,33.4,expert-0,aggregator,64.765427
334,33.4,expert-1,aggregator,40.452468
334,33.4,expert-2,aggregator,19.582792
334,33.4,frontend,router,86.738666
334,33.4,frontend,tokenizer,64.513578
334,33.4,router,expert-0,71.675870
334,33.4,router,expert-1,44.983800
334,33.4,router,expert-2,21.813370
335,33.5,aggregator,cache,6.435974
335,33.5,expert-0,aggregator,64.352084
335,33.5,expert-1,aggregator,40.184669
335,33.5,expert-2,aggregator,19.435508
335,33.5,frontend,router,86.171278
335,33.5,frontend,tokenizer,64.094741
335,33.5,router,expert-0,71.215133
335,33.5,router,expert-1,44.683485
335,33.5,router,expert-2,21.648007
336,33.6,aggregator,cache,6.172623
336,33.6,expert-0,aggregator,61.880749
336,33.6,expert-1,aggregator,38.632296
336,33.6,expert-2,aggregator,18.667588
336,33.6,frontend,router,82.848891
336,33.6,frontend,tokenizer,61.626542
336,33.6,router,expert-0,68.477084
336,33.6,router,expert-1,42.954907
336,33.6,router,expert-2,20.791421
337,33.7,aggregator,cache,6.443418
337,33.7,expert-0,aggregator,64.765667
337,33.7,expert-1,aggregator,40.423896
337,33.7,expert-2,aggregator,19.515259
337,33.7,frontend,router,86.697787
337,33.7,frontend,tokenizer,64.492633
337,33.7,router,expert-0,71.666246
337,33.7,router,expert-1,44.944459
337,33.7,router,expert-2,21.734232
338,33.800000000000004,aggregator,cache,6.657087
338,33.800000000000004,expert-0,aggregator,67.090450
338,33.800000000000004,expert-1,aggregator,41.865239
338,33.800000000000004,expert-2,aggregator,20.192238
338,33.800000000000004,frontend,router,89.795941
338,33.800000000000004,frontend,tokenizer,66.800476
338,33.800000000000004,router,expert-0,74.235341
338,33.800000000000004,router,expert-1,46.544397
338,33.800000000000004,router,expert-2,22.486847
339,33.9,aggregator,cache,6.121307
339,33.9,expert-0,aggregator,61.854861
339,33.9,expert-1,aggregator,38.589348
339,33.9,expert-2,aggregator,18.594708
339,33.9,frontend,router,82.775818
339,33.9,frontend,tokenizer,61.581016
339,33.9,router,expert-0,68.439073
339,33.9,router,expert-1,42.899993
339,33.9,router,expert-2,20.706545
340,34.0,aggregator,cache,6.318443
340,34.0,expert-0,aggregator,64.017437
340,34.0,expert-1,aggregator,39.929495
340,34.0,expert-2,aggregator,19.222198
340,34.0,frontend,router,85.656907
340,34.0,frontend,tokenizer,63.727376
340,34.0,router,expert-0,70.828645
340,34.0,router,expert-1,44.387395
340,34.0,router,expert-2,21.404033
341,34.1,aggregator,cache,6.126408
341,34.1,expert-0,aggregator,62.238315
341,34.1,expert-1,aggregator,38.811147
341,34.1,expert-2,aggregator,18.665916
341,34.1,frontend,router,83.263985
341,34.1,frontend,tokenizer,61.949938
341,34.1,router,expert-0,68.857132
341,34.1,router,expert-1,43.141822
341,34.1,router,expert-2,20.783383
342,34.2,aggregator,cache,6.473346
342,34.2,expert-0,aggregator,65.940130
342,34.2,expert-1,aggregator,41.110501
342,34.2,expert-2,aggregator,19.752656
342,34.2,frontend,router,88.203383
342,34.2,frontend,tokenizer,65.627934
342,34.2,router,expert-0,72.949353
342,34.2,router,expert-1,45.695249
342,34.2,router,expert-2,21.992110
343,34.300000000000004,aggregator,cache,6.110400
343,34.300000000000004,expert-0,aggregator,62.411538
343,34.300000000000004,expert-1,aggregator,38.902130
343,34.300000000000004,expert-2,aggregator,18.673353
343,34.300000000000004,frontend,router,83.471308
343,34.300000000000004,frontend,tokenizer,62.109819
343,34.300000000000004,router,expert-0,69.042603
343,34.300000000000004,router,expert-1,43.238243
343,34.300000000000004,router,expert-2,20.789222
344,34.4,aggregator,cache,6.490465
344,34.4,expert-0,aggregator,66.473826
344,34.4,expert-1,aggregator,41.425321
344,34.4,expert-2,aggregator,19.864943
344,34.4,frontend,router,88.891598
344,34.4,frontend,tokenizer,66.145921
344,34.4,router,expert-0,73.533232
344,34.4,router,expert-1,46.040182
344,34.4,router,expert-2,22.114538
345,34.5,aggregator,cache,5.988819
345,34.5,expert-0,aggregator,61.503659
345,34.5,expert-1,aggregator,38.319874
345,34.5,expert-2,aggregator,18.357533
345,34.5,frontend,router,82.233639
345,34.5,frontend,tokenizer,61.194296
345,34.5,router,expert-0,68.032235
345,34.5,router,expert-1,42.586489
345,34.5,router,expert-2,20.435232
346,34.6,aggregator,cache,6.030047
346,34.6,expert-0,aggregator,62.096995
346,34.6,expert-1,aggregator,38.681457
346,34.6,expert-2,aggregator,18.512207
346,34.6,frontend,router,83.015365
346,34.6,frontend,tokenizer,61.778697
346,34.6,router,expert-0,68.685530
346,34.6,router,expert-1,42.986027
346,34.6,router,expert-2,20.606216
347,34.7,aggregator,cache,6.379584
347,34.7,expert-0,aggregator,65.877587
347,34.7,expert-1,aggregator,41.027991
347,34.7,expert-2,aggregator,19.615396
347,34.7,frontend,router,88.057375
347,34.7,frontend,tokenizer,65.533685
347,34.7,router,expert-0,72.864055
347,34.7,router,expert-1,45.591257
347,34.7,router,expert-2,21.832929
348,34.800000000000004,aggregator,cache,6.096955
348,34.800000000000004,expert-0,aggregator,63.133382
348,34.800000000000004,expert-1,aggregator,39.310915
348,34.800000000000004,expert-2,aggregator,18.775337
348,34.800000000000004,frontend,router,84.377778
348,34.800000000000004,frontend,tokenizer,62.797923
348,34.800000000000004,router,expert-0,69.825777
348,34.800000000000004,router,expert-1,43.680885
348,34.800000000000004,router,expert-2,20.896697
349,34.9,aggregator,cache,5.985652
349,34.9,expert-0,aggregator,62.153215
349,34.9,expert-1,aggregator,38.692825
349,34.9,expert-2,aggregator,18.461165
349,34.9,frontend,router,83.056652
349,34.9,frontend,tokenizer,61.817255
349,34.9,router,expert-0,68.738725
349,34.9,router,expert-1,42.991814
349,34.9,router,expert-2,20.545848
350,35.0,aggregator,cache,5.825226
350,35.0,expert-0,aggregator,60.656343
350,35.0,expert-1,aggregator,37.753483
350,35.0,expert-2,aggregator,17.994348
350,35.0,frontend,router,81.045642
350,35.0,frontend,tokenizer,60.322985
350,35.0,router,expert-0,67.080355
350,35.0,router,expert-1,41.945902
350,35.0,router,expert-2,20.025170
351,35.1,aggregator,cache,6.192722
351,35.1,expert-0,aggregator,64.663875
351,35.1,expert-1,aggregator,40.239974
351,35.1,expert-2,aggregator,19.159472
351,35.1,frontend,router,86.389033
351,35.1,frontend,tokenizer,64.302725
351,35.1,router,expert-0,71.509245
351,35.1,router,expert-1,44.706175
351,35.1,router,expert-2,21.320573
352,35.2,aggregator,cache,6.187846
352,35.2,expert-0,aggregator,64.795020
352,35.2,expert-1,aggregator,40.313822
352,35.2,expert-2,aggregator,19.174449
352,35.2,frontend,router,86.553130
352,35.2,frontend,tokenizer,64.427445
352,35.2,router,expert-0,71.651209
352,35.2,router,expert-1,44.785890
352,35.2,router,expert-2,21.336028
353,35.300000000000004,aggregator,cache,5.712611
353,35.300000000000004,expert-0,aggregator,59.987956
353,35.300000000000004,expert-1,aggregator,37.315908
353,35.300000000000004,expert-2,aggregator,17.729740
353,35.300000000000004,frontend,router,80.121727
353,35.300000000000004,frontend,tokenizer,59.642462
353,35.300000000000004,router,expert-0,66.332670
353,35.300000000000004,router,expert-1,41.453269
353,35.300000000000004,router,expert-2,19.727336
354,35.4,aggregator,cache,5.604232
354,35.4,expert-0,aggregator,59.017126
354,35.4,expert-1,aggregator,36.705135
354,35.4,expert-2,aggregator,17.420914
354,35.4,frontend,router,78.815241
354,35.4,frontend,tokenizer,58.672196
354,35.4,router,expert-0,65.256396
354,35.4,router,expert-1,40.772679
354,35.4,router,expert-2,19.382622
355,35.5,aggregator,cache,5.570710
355,35.5,expert-0,aggregator,58.831572
355,35.5,expert-1,aggregator,36.582995
355,35.5,expert-2,aggregator,17.344249
355,35.5,frontend,router,78.557806
355,35.5,frontend,tokenizer,58.482793
355,35.5,router,expert-0,65.048484
355,35.5,router,expert-1,40.634924
355,35.5,router,expert-2,19.296240
356,35.6,aggregator,cache,5.675689
356,35.6,expert-0,aggregator,60.112084
356,35.6,expert-1,aggregator,37.372475
356,35.6,expert-2,aggregator,17.699319
356,35.6,frontend,router,80.257984
356,35.6,frontend,tokenizer,59.750754
356,35.6,router,expert-0,66.461526
356,35.6,router,expert-1,41.509733
356,35.6,router,expert-2,19.690169
357,35.7,aggregator,cache,5.564044
357,35.7,expert-0,aggregator,59.099296
357,35.7,expert-1,aggregator,36.736254
357,35.7,expert-2,aggregator,17.378984
357,35.7,frontend,router,78.896397
357,35.7,frontend,tokenizer,58.739257
357,35.7,router,expert-0,65.339035
357,35.7,router,expert-1,40.801015
357,35.7,router,expert-2,19.332725
358,35.800000000000004,aggregator,cache,6.080796
358,35.800000000000004,expert-0,aggregator,64.774815
358,35.800000000000004,expert-1,aggregator,40.257097
358,35.800000000000004,expert-2,aggregator,19.023620
358,35.800000000000004,frontend,router,86.462994
358,35.800000000000004,frontend,tokenizer,64.375030
358,35.800000000000004,router,expert-0,71.610808
358,35.800000000000004,router,expert-1,44.709179
358,35.800000000000004,router,expert-2,21.161075
359,35.9,aggregator,cache,6.056679
359,35.9,expert-0,aggregator,64.705253
359,35.9,expert-1,aggregator,40.206915
359,35.9,expert-2,aggregator,18.978812
359,35.9,frontend,router,86.360210
359,35.9,frontend,tokenizer,64.300819
359,35.9,router,expert-0,71.530952
359,35.9,router,expert-1,44.651212
359,35.9,router,expert-2,21.110064
360,36.0,aggregator,cache,5.500250
360,36.0,expert-0,aggregator,58.932118
360,36.0,expert-1,aggregator,36.613348
360,36.0,expert-2,aggregator,17.263213
360,36.0,frontend,router,78.646083
360,36.0,frontend,tokenizer,58.559223
360,36.0,router,expert-0,65.146140
360,36.0,router,expert-1,40.658403
360,36.0,router,expert-2,19.200752
361,36.1,aggregator,cache,5.754586
361,36.1,expert-0,aggregator,61.837753
361,36.1,expert-1,aggregator,38.412139
361,36.1,expert-2,aggregator,18.090934
361,36.1,frontend,router,82.514538
361,36.1,frontend,tokenizer,61.441785
361,36.1,router,expert-0,68.355364
361,36.1,router,expert-1,42.653815
361,36.1,router,expert-2,20.120267
362,36.2,aggregator,cache,5.679953
362,36.2,expert-0,aggregator,61.215259
362,36.2,expert-1,aggregator,38.019213
362,36.2,expert-2,aggregator,17.885550
362,36.2,frontend,router,81.674978
362,36.2,frontend,tokenizer,60.818719
362,36.2,router,expert-0,67.664511
362,36.2,router,expert-1,42.215422
362,36.2,router,expert-2,19.890757
363,36.300000000000004,aggregator,cache,5.420283
363,36.300000000000004,expert-0,aggregator,58.589209
363,36.300000000000004,expert-1,aggregator,36.382365
363,36.300000000000004,expert-2,aggregator,17.095947
363,36.300000000000004,frontend,router,78.162845
363,36.300000000000004,frontend,tokenizer,58.205396
363,36.300000000000004,router,expert-0,64.759180
363,36.300000000000004,router,expert-1,40.395939
363,36.300000000000004,router,expert-2,19.011594
364,36.4,aggregator,cache,5.786102
364,36.4,expert-0,aggregator,62.728924
364,36.4,expert-1,aggregator,38.946842
364,36.4,expert-2,aggregator,18.279904
364,36.4,frontend,router,83.676748
364,36.4,frontend,tokenizer,62.313491
364,36.4,router,expert-0,69.332059
364,36.4,router,expert-1,43.241216
364,36.4,router,expert-2,20.327116
365,36.5,aggregator,cache,5.937737
365,36.5,expert-0,aggregator,64.564549
365,36.5,expert-1,aggregator,40.080292
365,36.5,expert-2,aggregator,18.790070
365,36.5,frontend,router,86.116456
365,36.5,frontend,tokenizer,64.132414
365,36.5,router,expert-0,71.358059
365,36.5,router,expert-1,44.497493
365,36.5,router,expert-2,20.893288
366,36.6,aggregator,cache,5.561532
366,36.6,expert-0,aggregator,60.654695
366,36.6,expert-1,aggregator,37.647381
366,36.6,expert-2,aggregator,17.628872
366,36.6,frontend,router,80.893264
366,36.6,frontend,tokenizer,60.244540
366,36.6,router,expert-0,67.034144
366,36.6,router,expert-1,41.794446
366,36.6,router,expert-2,19.601060
367,36.7,aggregator,cache,5.844589
367,36.7,expert-0,aggregator,63.933156
367,36.7,expert-1,aggregator,39.676313
367,36.7,expert-2,aggregator,18.557083
367,36.7,frontend,router,85.257152
367,36.7,frontend,tokenizer,63.496502
367,36.7,router,expert-0,70.654630
367,36.7,router,expert-1,44.044774
367,36.7,router,expert-2,20.632008
368,36.800000000000004,aggregator,cache,5.844636
368,36.800000000000004,expert-0,aggregator,64.126460
368,36.800000000000004,expert-1,aggregator,39.790418
368,36.800000000000004,expert-2,aggregator,18.588397
368,36.800000000000004,frontend,router,85.506578
368,36.800000000000004,frontend,tokenizer,63.684230
368,36.800000000000004,router,expert-0,70.865471
368,36.800000000000004,router,expert-1,44.169346
368,36.800000000000004,router,expert-2,20.665721
369,36.9,aggregator,cache,5.657832
369,36.9,expert-0,aggregator,62.264838
369,36.9,expert-1,aggregator,38.629707
369,36.9,expert-2,aggregator,18.024627
369,36.9,frontend,router,83.016334
369,36.9,frontend,tokenizer,61.831398
369,36.9,router,expert-0,68.805524
369,36.9,router,expert-1,42.878877
369,36.9,router,expert-2,20.037885
370,37.0,aggregator,cache,5.601114
370,37.0,expert-0,aggregator,61.828057
370,37.0,expert-1,aggregator,38.353297
370,37.0,expert-2,aggregator,17.874153
370,37.0,frontend,router,82.426252
370,37.0,frontend,tokenizer,61.393722
370,37.0,router,expert-0,68.320207
370,37.0,router,expert-1,42.570069
370,37.0,router,expert-2,19.869553
371,37.1,aggregator,cache,5.683168
371,37.1,expert-0,aggregator,62.925323
371,37.1,expert-1,aggregator,39.028545
371,37.1,expert-2,aggregator,18.166841
371,37.1,frontend,router,83.881370
371,37.1,frontend,tokenizer,62.479359
371,37.1,router,expert-0,69.530003
371,37.1,router,expert-1,43.317541
371,37.1,router,expert-2,20.193853
372,37.2,aggregator,cache,5.386740
372,37.2,expert-0,aggregator,59.826032
372,37.2,expert-1,aggregator,37.101218
372,37.2,expert-2,aggregator,17.248682
372,37.2,frontend,router,79.742751
372,37.2,frontend,tokenizer,59.398387
372,37.2,router,expert-0,66.102872
372,37.2,router,expert-1,41.176508
372,37.2,router,expert-2,19.172245
373,37.300000000000004,aggregator,cache,5.309766
373,37.300000000000004,expert-0,aggregator,59.152644
373,37.300000000000004,expert-1,aggregator,36.678742
373,37.300000000000004,expert-2,aggregator,17.031360
373,37.300000000000004,frontend,router,78.838249
373,37.300000000000004,frontend,tokenizer,58.726287
373,37.300000000000004,router,expert-0,65.356338
373,37.300000000000004,router,expert-1,40.705756
373,37.300000000000004,router,expert-2,18.929700
374,37.4,aggregator,cache,5.664221
374,37.4,expert-0,aggregator,63.296392
374,37.4,expert-1,aggregator,39.243053
374,37.4,expert-2,aggregator,18.199575
374,37.4,frontend,router,84.353752
374,37.4,frontend,tokenizer,62.836482
374,37.4,router,expert-0,69.932012
374,37.4,router,expert-1,43.549619
374,37.4,router,expert-2,20.227076
375,37.5,aggregator,cache,5.443136
375,37.5,expert-0,aggregator,61.014552
375,37.5,expert-1,aggregator,37.823531
375,37.5,expert-2,aggregator,17.519453
375,37.5,frontend,router,81.305957
375,37.5,frontend,tokenizer,60.567751
375,37.5,router,expert-0,67.408416
375,37.5,router,expert-1,41.972415
375,37.5,router,expert-2,19.470181
376,37.6,aggregator,cache,5.415635
376,37.6,expert-0,aggregator,60.895400
376,37.6,expert-1,aggregator,37.744979
376,37.6,expert-2,aggregator,17.461202
376,37.6,frontend,router,81.140515
376,37.6,frontend,tokenizer,60.446091
376,37.6,router,expert-0,67.274256
376,37.6,router,expert-1,41.883362
376,37.6,router,expert-2,19.404445
377,37.7,aggregator,cache,5.596770
377,37.7,expert-0,aggregator,63.128995
377,37.7,expert-1,aggregator,39.124689
377,37.7,expert-2,aggregator,18.076683
377,37.7,frontend,router,84.109941
377,37.7,frontend,tokenizer,62.659786
377,37.7,router,expert-0,69.739225
377,37.7,router,expert-1,43.412403
377,37.7,router,expert-2,20.087395
378,37.800000000000004,aggregator,cache,5.105267
378,37.800000000000004,expert-0,aggregator,57.765908
378,37.800000000000004,expert-1,aggregator,35.796635
378,37.800000000000004,expert-2,aggregator,16.518074
378,37.800000000000004,frontend,router,76.958410
378,37.800000000000004,frontend,tokenizer,57.333511
378,37.800000000000004,router,expert-0,63.812208
378,37.800000000000004,router,expert-1,39.717862
378,37.800000000000004,router,expert-2,18.354484
379,37.9,aggregator,cache,5.223902
379,37.9,expert-0,aggregator,59.294640
379,37.9,expert-1,aggregator,36.739723
379,37.9,expert-2,aggregator,16.931635
379,37.9,frontend,router,78.989032
379,37.9,frontend,tokenizer,58.847749
379,37.9,router,expert-0,65.498541
379,37.9,router,expert-1,40.762459
379,37.9,router,expert-2,18.813069
380,38.0,expert-0,aggregator,56.773780
380,38.0,expert-1,aggregator,35.173804
380,38.0,expert-2,aggregator,16.189172
380,38.0,frontend,router,75.625263
380,38.0,frontend,tokenizer,56.343045
380,38.0,router,expert-0,62.711636
380,38.0,router,expert-1,39.023377
380,38.0,router,expert-2,17.987197
381,38.1,aggregator,cache,5.230586
381,38.1,expert-0,aggregator,59.747743
381,38.1,expert-1,aggregator,37.012242
381,38.1,expert-2,aggregator,17.013335
381,38.1,frontend,router,79.580958
381,38.1,frontend,tokenizer,59.291534
381,38.1,router,expert-0,65.994242
381,38.1,router,expert-1,41.061236
381,38.1,router,expert-2,18.901945
382,38.2,expert-0,aggregator,56.598942
382,38.2,expert-1,aggregator,35.057893
382,38.2,expert-2,aggregator,16.094041
382,38.2,frontend,router,75.381609
382,38.2,frontend,tokenizer,56.164096
382,38.2,router,expert-0,62.513985
382,38.2,router,expert-1,38.891413
382,38.2,router,expert-2,17.879710
383,38.300000000000004,aggregator,cache,5.476276
383,38.300000000000004,expert-0,aggregator,62.954821
383,38.300000000000004,expert-1,aggregator,38.990731
383,38.300000000000004,expert-2,aggregator,17.876083
383,38.300000000000004,frontend,router,83.840983
383,38.300000000000004,frontend,tokenizer,62.468248
383,38.300000000000004,router,expert-0,69.531612
383,38.300000000000004,router,expert-1,43.252448
383,38.300000000000004,router,expert-2,19.858487
384,38.400000000000006,aggregator,cache,5.144700
384,38.400000000000006,expert-0,aggregator,59.333261
384,38.400000000000006,expert-1,aggregator,36.744027
384,38.400000000000006,expert-2,aggregator,16.823871
384,38.400000000000006,frontend,router,79.012667
384,38.400000000000006,frontend,tokenizer,58.872031
384,38.400000000000006,router,expert-0,65.529380
384,38.400000000000006,router,expert-1,40.758445
384,38.400000000000006,router,expert-2,18.688664
385,38.5,aggregator,cache,5.032691
385,38.5,expert-0,aggregator,58.228882
385,38.5,expert-1,aggregator,36.056568
385,38.5,expert-2,aggregator,16.487251
385,38.5,frontend,router,77.536990
385,38.5,frontend,tokenizer,57.773718
385,38.5,router,expert-0,64.307397
385,38.5,router,expert-1,39.994193
385,38.5,router,expert-2,18.313832
386,38.6,aggregator,cache,5.253138
386,38.6,expert-0,aggregator,60.976488
386,38.6,expert-1,aggregator,37.754352
386,38.6,expert-2,aggregator,17.240587
386,38.6,frontend,router,81.190596
386,38.6,frontend,tokenizer,60.497292
386,38.6,router,expert-0,67.339459
386,38.6,router,expert-1,41.875635
386,38.6,router,expert-2,19.149692
387,38.7,aggregator,cache,5.182982
387,38.7,expert-0,aggregator,60.357920
387,38.7,expert-1,aggregator,37.367912
387,38.7,expert-2,aggregator,17.041253
387,38.7,frontend,router,80.362101
387,38.7,frontend,tokenizer,59.881139
387,38.7,router,expert-0,66.654018
387,38.7,router,expert-1,41.445290
387,38.7,router,expert-2,18.927365
388,38.800000000000004,aggregator,cache,5.344709
388,38.800000000000004,expert-0,aggregator,62.444623
388,38.800000000000004,expert-1,aggregator,38.656348
388,38.800000000000004,expert-2,aggregator,17.605068
388,38.800000000000004,frontend,router,83.135519
388,38.800000000000004,frontend,tokenizer,61.948914
388,38.800000000000004,router,expert-0,68.956000
388,38.800000000000004,router,expert-1,42.872547
388,38.800000000000004,router,expert-2,19.552636
389,38.900000000000006,aggregator,cache,5.305841
389,38.900000000000006,expert-0,aggregator,62.193797
389,38.900000000000006,expert-1,aggregator,38.497749
389,38.900000000000006,expert-2,aggregator,17.509064
389,38.900000000000006,frontend,router,82.796894
389,38.900000000000006,frontend,tokenizer,61.697729
389,38.900000000000006,router,expert-0,68.676657
389,38.900000000000006,router,expert-1,42.694905
389,38.900000000000006,router,expert-2,19.445075
390,39.0,expert-0,aggregator,58.395914
390,39.0,expert-1,aggregator,36.143856
390,39.0,expert-2,aggregator,16.416073
390,39.0,frontend,router,77.736627
390,39.0,frontend,tokenizer,57.928012
390,39.0,router,expert-0,64.480693
390,39.0,router,expert-1,40.082758
390,39.0,router,expert-2,18.230358
391,39.1,expert-0,aggregator,55.820645
391,39.1,expert-1,aggregator,34.547124
391,39.1,expert-2,aggregator,15.669330
391,39.1,frontend,router,74.304514
391,39.1,frontend,tokenizer,55.371421
391,39.1,router,expert-0,61.634992
391,39.1,router,expert-1,38.310476
391,39.1,router,expert-2,17.400258
392,39.2,expert-0,aggregator,55.243922
392,39.2,expert-1,aggregator,34.187540
392,39.2,expert-2,aggregator,15.484837
392,39.2,frontend,router,73.533092
392,39.2,frontend,tokenizer,54.797479
392,39.2,router,expert-0,60.996143
392,39.2,router,expert-1,37.910211
392,39.2,router,expert-2,17.194572
393,39.300000000000004,aggregator,cache,5.010137
393,39.300000000000004,expert-0,aggregator,59.509342
393,39.300000000000004,expert-1,aggregator,36.824433
393,39.300000000000004,expert-2,aggregator,16.656036
393,39.300000000000004,frontend,router,79.206770
393,39.300000000000004,frontend,tokenizer,59.026506
393,39.300000000000004,router,expert-0,65.703498
393,39.300000000000004,router,expert-1,40.832620
393,39.300000000000004,router,expert-2,18.494217
394,39.400000000000006,aggregator,cache,5.153122
394,39.400000000000006,expert-0,aggregator,61.412314
394,39.400000000000006,expert-1,aggregator,37.999269
394,39.400000000000006,expert-2,aggregator,17.163433
394,39.400000000000006,frontend,router,81.735799
394,39.400000000000006,frontend,tokenizer,60.912139
394,39.400000000000006,router,expert-0,67.802294
394,39.400000000000006,router,expert-1,42.133680
394,39.400000000000006,router,expert-2,19.056719
395,39.5,expert-0,aggregator,55.860887
395,39.5,expert-1,aggregator,34.561909
395,39.5,expert-2,aggregator,15.588938
395,39.5,frontend,router,74.343881
395,39.5,frontend,tokenizer,55.404274
395,39.5,router,expert-0,61.671206
395,39.5,router,expert-1,38.320839
395,39.5,router,expert-2,17.307739
396,39.6,expert-0,aggregator,56.344080
396,39.6,expert-1,aggregator,34.858573
396,39.6,expert-2,aggregator,15.700549
396,39.6,frontend,router,74.983742
396,39.6,frontend,tokenizer,55.881931
396,39.6,router,expert-0,62.202624
396,39.6,router,expert-1,38.648279
396,39.6,router,expert-2,17.430850
397,39.7,aggregator,cache,5.136951
397,39.7,expert-0,aggregator,61.840359
397,39.7,expert-1,aggregator,38.256567
397,39.7,expert-2,aggregator,17.206567
397,39.7,frontend,router,82.294931
397,39.7,frontend,tokenizer,61.331469
397,39.7,router,expert-0,68.268179
397,39.7,router,expert-1,42.414071
397,39.7,router,expert-2,19.101963
398,39.800000000000004,expert-0,aggregator,56.955032
398,39.800000000000004,expert-1,aggregator,35.232223
398,39.800000000000004,expert-2,aggregator,15.823693
398,39.800000000000004,frontend,router,75.790769
398,39.800000000000004,frontend,tokenizer,56.484895
398,39.800000000000004,router,expert-0,62.873035
398,39.800000000000004,router,expert-1,39.059582
398,39.800000000000004,router,expert-2,17.565956
399,39.900000000000006,expert-0,aggregator,55.599056
399,39.900000000000006,expert-1,aggregator,34.391460
399,39.900000000000006,expert-2,aggregator,15.423912
399,39.900000000000006,frontend,router,73.983630
399,39.900000000000006,frontend,tokenizer,55.138775
399,39.900000000000006,router,expert-0,61.374203
399,39.900000000000006,router,expert-1,38.126055
399,39.900000000000006,router,expert-2,17.121381
400,40.0,expert-0,aggregator,55.359088
400,40.0,expert-1,aggregator,34.241174
400,40.0,expert-2,aggregator,15.334347
400,40.0,frontend,router,73.661744
400,40.0,frontend,tokenizer,54.899538
400,40.0,router,expert-0,61.107372
400,40.0,router,expert-1,37.958039
400,40.0,router,expert-2,17.021191
401,40.1,expert-0,aggregator,59.812236
401,40.1,expert-1,aggregator,36.993682
401,40.1,expert-2,aggregator,16.542970
401,40.1,frontend,router,79.584561
401,40.1,frontend,tokenizer,59.314445
401,40.1,router,expert-0,66.020841
401,40.1,router,expert-1,41.007821
401,40.1,router,expert-2,18.361946
402,40.2,expert-0,aggregator,57.039750
402,40.2,expert-1,aggregator,35.277210
402,40.2,expert-2,aggregator,15.752374
402,40.2,frontend,router,75.893221
402,40.2,frontend,tokenizer,56.563897
402,40.2,router,expert-0,62.958602
402,40.2,router,expert-1,39.103670
402,40.2,router,expert-2,17.483642
403,40.300000000000004,expert-0,aggregator,57.448465
403,40.300000000000004,expert-1,aggregator,35.528381
403,40.300000000000004,expert-2,aggregator,15.841259
403,40.300000000000004,frontend,router,76.434820
403,40.300000000000004,frontend,tokenizer,56.968137
403,40.300000000000004,router,expert-0,63.407765
403,40.300000000000004,router,expert-1,39.380663
403,40.300000000000004,router,expert-2,17.581518
404,40.400000000000006,expert-0,aggregator,60.288156
404,40.400000000000006,expert-1,aggregator,37.282981
404,40.400000000000006,expert-2,aggregator,16.599079
404,40.400000000000006,frontend,router,80.210851
404,40.400000000000006,frontend,tokenizer,59.783049
404,40.400000000000006,router,expert-0,66.539982
404,40.400000000000006,router,expert-1,41.324034
404,40.400000000000006,router,expert-2,18.421781
405,40.5,expert-0,aggregator,57.846386
405,40.5,expert-1,aggregator,35.771554
405,40.5,expert-2,aggregator,15.902553
405,40.5,frontend,router,76.960261
405,40.5,frontend,tokenizer,57.360824
405,40.5,router,expert-0,63.843059
405,40.5,router,expert-1,39.647380
405,40.5,router,expert-2,17.648001
406,40.6,expert-0,aggregator,57.839295
406,40.6,expert-1,aggregator,35.765869
406,40.6,expert-2,aggregator,15.876331
406,40.6,frontend,router,76.949061
406,40.6,frontend,tokenizer,57.352958
406,40.6,router,expert-0,63.833305
406,40.6,router,expert-1,39.639690
406,40.6,router,expert-2,17.618137
407,40.7,expert-0,aggregator,59.733825
407,40.7,expert-1,aggregator,36.936151
407,40.7,expert-2,aggregator,16.371253
407,40.7,frontend,router,79.467869
407,40.7,frontend,tokenizer,59.230781
407,40.7,router,expert-0,65.922196
407,40.7,router,expert-1,40.935305
407,40.7,router,expert-2,18.166576
408,40.800000000000004,expert-0,aggregator,57.866091
408,40.800000000000004,expert-1,aggregator,35.780158
408,40.800000000000004,expert-2,aggregator,15.835000
408,40.800000000000004,frontend,router,76.981640
408,40.800000000000004,frontend,tokenizer,57.378102
408,40.800000000000004,router,expert-0,63.859070
408,40.800000000000004,router,expert-1,39.652787
408,40.800000000000004,router,expert-2,17.570766
409,40.900000000000006,expert-0,aggregator,58.632582
409,40.900000000000006,expert-1,aggregator,36.253105
409,40.900000000000006,expert-2,aggregator,16.020026
409,40.900000000000006,frontend,router,78.000011
409,40.900000000000006,frontend,tokenizer,58.137527
409,40.900000000000006,router,expert-0,64.703039
409,40.900000000000006,router,expert-1,40.175557
409,40.900000000000006,router,expert-2,17.775320
410,41.0,expert-0,aggregator,53.957623
410,41.0,expert-1,aggregator,33.361716
410,41.0,expert-2,aggregator,14.719913
410,41.0,frontend,router,71.779753
410,41.0,frontend,tokenizer,53.501561
410,41.0,router,expert-0,59.542327
410,41.0,router,expert-1,36.970086
410,41.0,router,expert-2,16.332067
411,41.1,expert-0,aggregator,58.518923
411,41.1,expert-1,aggregator,36.181166
411,41.1,expert-2,aggregator,15.939507
411,41.1,frontend,router,77.846635
411,41.1,frontend,tokenizer,58.023869
411,41.1,router,expert-0,64.573862
411,41.1,router,expert-1,40.093151
411,41.1,router,expert-2,17.684495
412,41.2,expert-0,aggregator,53.708327
412,41.2,expert-1,aggregator,33.206248
412,41.2,expert-2,aggregator,14.606437
412,41.2,frontend,router,71.446405
412,41.2,frontend,tokenizer,53.253640
412,41.2,router,expert-0,59.263817
412,41.2,router,expert-1,36.795367
412,41.2,router,expert-2,16.204814
413,41.300000000000004,expert-0,aggregator,55.964746
413,41.300000000000004,expert-1,aggregator,34.600786
413,41.300000000000004,expert-2,aggregator,15.196349
413,41.300000000000004,frontend,router,74.447376
413,41.300000000000004,frontend,tokenizer,55.490692
413,41.300000000000004,router,expert-0,61.751882
413,41.300000000000004,router,expert-1,38.339385
413,41.300000000000004,router,expert-2,16.858585
414,41.400000000000006,expert-0,aggregator,54.896276
414,41.400000000000006,expert-1,aggregator,33.939766
414,41.400000000000006,expert-2,aggregator,14.882902
414,41.400000000000006,frontend,router,73.025530
414,41.400000000000006,frontend,tokenizer,54.431089
414,41.400000000000006,router,expert-0,60.571221
414,41.400000000000006,router,expert-1,37.605731
414,41.400000000000006,router,expert-2,16.510178
415,41.5,expert-0,aggregator,56.405722
415,41.5,expert-1,aggregator,34.872650
415,41.5,expert-2,aggregator,15.268131
415,41.5,frontend,router,75.033091
415,41.5,frontend,tokenizer,55.927634
415,41.5,router,expert-0,62.234973
415,41.5,router,expert-1,38.638149
415,41.5,router,expert-2,16.936841
416,41.6,expert-0,aggregator,59.944647
416,41.6,expert-1,aggregator,37.060333
416,41.6,expert-2,aggregator,16.200525
416,41.6,frontend,router,79.740471
416,41.6,frontend,tokenizer,59.436529
416,41.6,router,expert-0,66.137802
416,41.6,router,expert-1,41.060762
416,41.6,router,expert-2,17.970417
417,41.7,expert-0,aggregator,52.692450
417,41.7,expert-1,aggregator,32.576596
417,41.7,expert-2,aggregator,14.218082
417,41.7,frontend,router,70.093276
417,41.7,frontend,tokenizer,52.245847
417,41.7,router,expert-0,58.134757
417,41.7,router,expert-1,36.091911
417,41.7,router,expert-2,15.770765
418,41.800000000000004,expert-0,aggregator,59.335784
418,41.800000000000004,expert-1,aggregator,36.683748
418,41.800000000000004,expert-2,aggregator,15.985317
418,41.800000000000004,frontend,router,78.930544
418,41.800000000000004,frontend,tokenizer,58.833004
418,41.800000000000004,router,expert-0,65.462471
418,41.800000000000004,router,expert-1,40.641012
418,41.800000000000004,router,expert-2,17.730289
419,41.900000000000006,expert-0,aggregator,57.189953
419,41.900000000000006,expert-1,aggregator,35.357190
419,41.900000000000006,expert-2,aggregator,15.382760
419,41.900000000000006,frontend,router,76.076315
419,41.900000000000006,frontend,tokenizer,56.705561
419,41.900000000000006,router,expert-0,63.093381
419,41.900000000000006,router,expert-1,39.170162
419,41.900000000000006,router,expert-2,17.061287
420,42.0,expert-0,aggregator,54.454128
420,42.0,expert-1,aggregator,33.665968
420,42.0,expert-2,aggregator,14.623566
420,42.0,frontend,router,72.437378
420,42.0,frontend,tokenizer,53.993178
420,42.0,router,expert-0,60.073555
420,42.0,router,expert-1,37.295436
420,42.0,router,expert-2,16.218621
421,42.1,expert-0,aggregator,52.777123
421,42.1,expert-1,aggregator,32.629438
421,42.1,expert-2,aggregator,14.150578
421,42.1,frontend,router,70.207044
421,42.1,frontend,tokenizer,52.330705
421,42.1,router,expert-0,58.221960
421,42.1,router,expert-1,36.146088
421,42.1,router,expert-2,15.693437
422,42.2,expert-0,aggregator,59.212993
422,42.2,expert-1,aggregator,36.608823
422,42.2,expert-2,aggregator,15.850738
422,42.2,frontend,router,78.769105
422,42.2,frontend,tokenizer,58.712594
422,42.2,router,expert-0,65.320097
422,42.2,router,expert-1,40.553166
422,42.2,router,expert-2,17.578296
423,42.300000000000004,expert-0,aggregator,52.383637
423,42.300000000000004,expert-1,aggregator,32.386989
423,42.300000000000004,expert-2,aggregator,14.000069
423,42.300000000000004,frontend,router,69.685007
423,42.300000000000004,frontend,tokenizer,51.941430
423,42.300000000000004,router,expert-0,57.784887
423,42.300000000000004,router,expert-1,35.875422
423,42.300000000000004,router,expert-2,15.525335
424,42.400000000000006,expert-0,aggregator,55.225504
424,42.400000000000006,expert-1,aggregator,34.144604
424,42.400000000000006,expert-2,aggregator,14.735820
424,42.400000000000006,frontend,router,73.466450
424,42.400000000000006,frontend,tokenizer,54.759888
424,42.400000000000006,router,expert-0,60.918225
424,42.400000000000006,router,expert-1,37.821273
424,42.400000000000006,router,expert-2,16.340631
425,42.5,expert-0,aggregator,54.165537
425,42.5,expert-1,aggregator,33.489928
425,42.5,expert-2,aggregator,14.429651
425,42.5,frontend,router,72.057461
425,42.5,frontend,tokenizer,53.709503
425,42.5,router,expert-0,59.747488
425,42.5,router,expert-1,37.095056
425,42.5,router,expert-2,16.000523
426,42.6,expert-0,aggregator,54.106258
426,42.6,expert-1,aggregator,33.454051
426,42.6,expert-2,aggregator,14.390520
426,42.6,frontend,router,71.979831
426,42.6,frontend,tokenizer,53.651443
426,42.6,router,expert-0,59.680612
426,42.6,router,expert-1,37.054288
426,42.6,router,expert-2,15.956544
427,42.7,expert-0,aggregator,58.433770
427,42.7,expert-1,aggregator,36.130709
427,42.7,expert-2,aggregator,15.516264
427,42.7,frontend,router,77.738384
427,42.7,frontend,tokenizer,57.943436
427,42.7,router,expert-0,64.452380
427,42.7,router,expert-1,40.017904
427,42.7,router,expert-2,17.204167
428,42.800000000000004,expert-0,aggregator,52.615302
428,42.800000000000004,expert-1,aggregator,32.533987
428,42.800000000000004,expert-2,aggregator,13.948506
428,42.800000000000004,frontend,router,69.999159
428,42.800000000000004,frontend,tokenizer,52.174638
428,42.800000000000004,router,expert-0,58.033200
428,42.800000000000004,router,expert-1,36.033248
428,42.800000000000004,router,expert-2,15.465304
429,42.900000000000006,expert-0,aggregator,52.871576
429,42.900000000000006,expert-1,aggregator,32.693501
429,42.900000000000006,expert-2,aggregator,13.993564
429,42.900000000000006,frontend,router,70.341729
429,42.900000000000006,frontend,tokenizer,52.429690
429,42.900000000000006,router,expert-0,58.314456
429,42.900000000000006,router,expert-1,36.208953
429,42.900000000000006,router,expert-2,15.514707
430,43.0,expert-0,aggregator,57.647899
430,43.0,expert-1,aggregator,35.648224
430,43.0,expert-2,aggregator,15.232743
430,43.0,frontend,router,76.698199
430,43.0,frontend,tokenizer,57.167180
430,43.0,router,expert-0,63.580961
430,43.0,router,expert-1,39.480353
430,43.0,router,expert-2,16.887990
431,43.1,expert-0,aggregator,56.305744
431,43.1,expert-1,aggregator,34.819590
431,43.1,expert-2,aggregator,14.853678
431,43.1,frontend,router,74.914546
431,43.1,frontend,tokenizer,55.837357
431,43.1,router,expert-0,62.099208
431,43.1,router,expert-1,38.561644
431,43.1,router,expert-2,16.467156
432,43.2,expert-0,aggregator,56.518676
432,43.2,expert-1,aggregator,34.952704
432,43.2,expert-2,aggregator,14.885316
432,43.2,frontend,router,75.200040
432,43.2,frontend,tokenizer,56.049741
432,43.2,router,expert-0,62.332596
432,43.2,router,expert-1,38.708076
432,43.2,router,expert-2,16.501658
433,43.300000000000004,expert-0,aggregator,57.424754
433,43.300000000000004,expert-1,aggregator,35.514612
433,43.300000000000004,expert-2,aggregator,15.098998
433,43.300000000000004,frontend,router,76.407986
433,43.300000000000004,frontend,tokenizer,56.949624
433,43.300000000000004,router,expert-0,63.330421
433,43.300000000000004,router,expert-1,39.329369
433,43.300000000000004,router,expert-2,16.737968
434,43.400000000000006,expert-0,aggregator,54.740147
434,43.400000000000006,expert-1,aggregator,33.855897
434,43.400000000000006,expert-2,aggregator,14.369312
434,43.400000000000006,frontend,router,72.838325
434,43.400000000000006,frontend,tokenizer,54.288566
434,43.400000000000006,router,expert-0,60.368349
434,43.400000000000006,router,expert-1,37.491557
434,43.400000000000006,router,expert-2,15.928535
435,43.5,expert-0,aggregator,52.820872
435,43.5,expert-1,aggregator,32.670491
435,43.5,expert-2,aggregator,13.842508
435,43.5,frontend,router,70.286970
435,43.5,frontend,tokenizer,52.386488
435,43.5,router,expert-0,58.250431
435,43.5,router,expert-1,36.177974
435,43.5,router,expert-2,15.344051
436,43.6,expert-0,aggregator,52.903411
436,43.6,expert-1,aggregator,32.723278
436,43.6,expert-2,aggregator,13.841089
436,43.6,frontend,router,70.399418
436,43.6,frontend,tokenizer,52.469788
436,43.6,router,expert-0,58.340159
436,43.6,router,expert-1,36.235559
436,43.6,router,expert-2,15.341967
437,43.7,expert-0,aggregator,54.375225
437,43.7,expert-1,aggregator,33.635549
437,43.7,expert-2,aggregator,14.202446
437,43.7,frontend,router,72.360817
437,43.7,frontend,tokenizer,53.931093
437,43.7,router,expert-0,59.961912
437,43.7,router,expert-1,37.244868
437,43.7,router,expert-2,15.741992
438,43.800000000000004,expert-0,aggregator,55.413367
438,43.800000000000004,expert-1,aggregator,34.279748
438,43.800000000000004,expert-2,aggregator,14.449417
438,43.800000000000004,frontend,router,73.745379
438,43.800000000000004,frontend,tokenizer,54.962418
438,43.800000000000004,router,expert-0,61.105393
438,43.800000000000004,router,expert-1,37.957313
438,43.800000000000004,router,expert-2,16.015213
439,43.900000000000006,expert-0,aggregator,53.324982
439,43.900000000000006,expert-1,aggregator,32.989879
439,43.900000000000006,expert-2,aggregator,13.881563
439,43.900000000000006,frontend,router,70.969172
439,43.900000000000006,frontend,tokenizer,52.892701
439,43.900000000000006,router,expert-0,58.801233
439,43.900000000000006,router,expert-1,36.528232
439,43.900000000000006,router,expert-2,15.385331
440,44.0,expert-0,aggregator,53.720837
440,44.0,expert-1,aggregator,33.236937
440,44.0,expert-2,aggregator,13.961128
440,44.0,frontend,router,71.499239
440,44.0,frontend,tokenizer,53.287108
440,44.0,router,expert-0,59.236491
440,44.0,router,expert-1,36.800964
440,44.0,router,expert-2,15.473024
441,44.1,expert-0,aggregator,52.042629
441,44.1,expert-1,aggregator,32.200822
441,44.1,expert-2,aggregator,13.502221
441,44.1,frontend,router,69.268912
441,44.1,frontend,tokenizer,51.624227
441,44.1,router,expert-0,57.384782
441,44.1,router,expert-1,35.652960
441,44.1,router,expert-2,14.963952
442,44.2,expert-0,aggregator,54.469872
442,44.2,expert-1,aggregator,33.705045
442,44.2,expert-2,aggregator,14.108110
442,44.2,frontend,router,72.503148
442,44.2,frontend,tokenizer,54.033894
442,44.2,router,expert-0,60.059947
442,44.2,router,expert-1,37.317637
442,44.2,router,expert-2,15.634950
443,44.300000000000004,expert-0,aggregator,57.103208
443,44.300000000000004,expert-1,aggregator,35.337122
443,44.300000000000004,expert-2,aggregator,14.765145
443,44.300000000000004,frontend,router,76.012193
443,44.300000000000004,frontend,tokenizer,56.648263
443,44.300000000000004,router,expert-0,62.962260
443,44.300000000000004,router,expert-1,39.123814
443,44.300000000000004,router,expert-2,16.362592
444,44.400000000000006,expert-0,aggregator,54.855646
444,44.400000000000006,expert-1,aggregator,33.948877
444,44.400000000000006,expert-2,aggregator,14.159943
444,44.400000000000006,frontend,router,73.024266
444,44.400000000000006,frontend,tokenizer,54.420711
444,44.400000000000006,router,expert-0,60.482879
444,44.400000000000006,router,expert-1,37.586022
444,44.400000000000006,router,expert-2,15.691440
445,44.5,expert-0,aggregator,53.189163
445,44.5,expert-1,aggregator,32.920160
445,44.5,expert-2,aggregator,13.706436
445,44.5,frontend,router,70.809742
445,44.5,frontend,tokenizer,52.769555
445,44.5,router,expert-0,58.644289
445,44.5,router,expert-1,36.446347
445,44.5,router,expert-2,15.188431
446,44.6,expert-0,aggregator,56.450565
446,44.6,expert-1,aggregator,34.941624
446,44.6,expert-2,aggregator,14.522091
446,44.6,frontend,router,75.155887
446,44.6,frontend,tokenizer,56.007550
446,44.6,router,expert-0,62.238976
446,44.6,router,expert-1,38.683560
446,44.6,router,expert-2,16.091806
447,44.7,expert-0,aggregator,51.224910
447,44.7,expert-1,aggregator,31.709785
447,44.7,expert-2,aggregator,13.155271
447,44.7,frontend,router,68.202713
447,44.7,frontend,tokenizer,50.825085
447,44.7,router,expert-0,56.476406
447,44.7,router,expert-1,35.104930
447,44.7,router,expert-2,14.576823
448,44.800000000000004,expert-0,aggregator,52.202690
448,44.800000000000004,expert-1,aggregator,32.317933
448,44.800000000000004,expert-2,aggregator,13.383432
448,44.800000000000004,frontend,router,69.508823
448,44.800000000000004,frontend,tokenizer,51.797526
448,44.800000000000004,router,expert-0,57.553342
448,44.800000000000004,router,expert-1,35.777502
448,44.800000000000004,router,expert-2,14.829215
449,44.900000000000006,expert-0,aggregator,56.222489
449,44.900000000000006,expert-1,aggregator,34.809730
449,44.900000000000006,expert-2,aggregator,14.389278
449,44.900000000000006,frontend,router,74.865994
449,44.900000000000006,frontend,tokenizer,55.788673
449,44.900000000000006,router,expert-0,61.984011
449,44.900000000000006,router,expert-1,38.535314
449,44.900000000000006,router,expert-2,15.943272
450,45.0,expert-0,aggregator,49.446781
450,45.0,expert-1,aggregator,30.617505
450,45.0,expert-2,aggregator,12.633380
450,45.0,frontend,router,65.847745
450,45.0,frontend,tokenizer,49.067557
450,45.0,router,expert-0,54.512953
450,45.0,router,expert-1,33.893782
450,45.0,router,expert-2,13.997356
451,45.1,expert-0,aggregator,54.381850
451,45.1,expert-1,aggregator,33.676600
451,45.1,expert-2,aggregator,13.870319
451,45.1,frontend,router,72.424596
451,45.1,frontend,tokenizer,53.967394
451,45.1,router,expert-0,59.952577
451,45.1,router,expert-1,37.279547
451,45.1,router,expert-2,15.367423
452,45.2,expert-0,aggregator,52.636816
452,45.2,expert-1,aggregator,32.599254
452,45.2,expert-2,aggregator,13.402053
452,45.2,frontend,router,70.105453
452,45.2,frontend,tokenizer,52.238264
452,45.2,router,expert-0,58.027760
452,45.2,router,expert-1,36.086300
452,45.2,router,expert-2,14.848216
453,45.300000000000004,expert-0,aggregator,50.459351
453,45.300000000000004,expert-1,aggregator,31.253941
453,45.300000000000004,expert-2,aggregator,12.825402
453,45.300000000000004,frontend,router,67.210143
453,45.300000000000004,frontend,tokenizer,50.079855
453,45.300000000000004,router,expert-0,55.626316
453,45.300000000000004,router,expert-1,34.596486
453,45.300000000000004,router,expert-2,14.208965
454,45.400000000000006,expert-0,aggregator,49.656206
454,45.400000000000006,expert-1,aggregator,30.759766
454,45.400000000000006,expert-2,aggregator,12.599369
454,45.400000000000006,frontend,router,66.145229
454,45.400000000000006,frontend,tokenizer,49.285347
454,45.400000000000006,router,expert-0,54.739994
454,45.400000000000006,router,expert-1,34.048886
454,45.400000000000006,router,expert-2,13.958185
455,45.5,expert-0,aggregator,51.896364
455,45.5,expert-1,aggregator,32.150972
455,45.5,expert-2,aggregator,13.144876
455,45.5,frontend,router,69.134470
455,45.5,frontend,tokenizer,51.511560
455,45.5,router,expert-0,57.208537
455,45.5,router,expert-1,35.588266
455,45.5,router,expert-2,14.562152
456,45.6,expert-0,aggregator,53.795832
456,45.6,expert-1,aggregator,33.331493
456,45.6,expert-2,aggregator,13.602254
456,45.6,frontend,router,71.670414
456,45.6,frontend,tokenizer,53.399907
456,45.6,router,expert-0,59.301457
456,45.6,router,expert-1,36.894405
456,45.6,router,expert-2,15.068466
457,45.7,expert-0,aggregator,54.285461
457,45.7,expert-1,aggregator,33.638756
457,45.7,expert-2,aggregator,13.702091
457,45.7,frontend,router,72.328469
457,45.7,frontend,tokenizer,53.888999
457,45.7,router,expert-0,59.840225
457,45.7,router,expert-1,37.233929
457,45.7,router,expert-2,15.178690
458,45.800000000000004,expert-0,aggregator,49.830435
458,45.800000000000004,expert-1,aggregator,30.881801
458,45.800000000000004,expert-2,aggregator,12.555600
458,45.800000000000004,frontend,router,66.398113
458,45.800000000000004,frontend,tokenizer,49.469392
458,45.800000000000004,router,expert-0,54.928463
458,45.800000000000004,router,expert-1,34.181801
458,45.800000000000004,router,expert-2,13.908310
459,45.900000000000006,expert-0,aggregator,51.092870
459,45.900000000000006,expert-1,aggregator,31.668032
459,45.900000000000006,expert-2,aggregator,12.851119
459,45.900000000000006,frontend,router,68.085957
459,45.900000000000006,frontend,tokenizer,50.725708
459,45.900000000000006,router,expert-0,56.319173
459,45.900000000000006,router,expert-1,35.051528
459,45.900000000000006,router,expert-2,14.235329
460,46.0,expert-0,aggregator,50.067339
460,46.0,expert-1,aggregator,31.036263
460,46.0,expert-2,aggregator,12.571048
460,46.0,frontend,router,66.725037
460,46.0,frontend,tokenizer,49.710584
460,46.0,router,expert-0,55.187893
460,46.0,router,expert-1,34.351763
460,46.0,router,expert-2,13.924765
461,46.1,expert-0,aggregator,54.215542
461,46.1,expert-1,aggregator,33.611984
461,46.1,expert-2,aggregator,13.588625
461,46.1,frontend,router,72.259683
461,46.1,frontend,tokenizer,53.832593
461,46.1,router,expert-0,59.759447
461,46.1,router,expert-1,37.202118
461,46.1,router,expert-2,15.051576
462,46.2,expert-0,aggregator,52.346169
462,46.2,expert-1,aggregator,32.457269
462,46.2,expert-2,aggregator,13.096938
462,46.2,frontend,router,69.774375
462,46.2,frontend,tokenizer,51.979745
462,46.2,router,expert-0,57.698067
462,46.2,router,expert-1,35.923576
462,46.2,router,expert-2,14.506629
463,46.300000000000004,expert-0,aggregator,52.333484
463,46.300000000000004,expert-1,aggregator,32.453738
463,46.300000000000004,expert-2,aggregator,13.070620
463,46.300000000000004,frontend,router,69.763839
463,46.300000000000004,frontend,tokenizer,51.970542
463,46.300000000000004,router,expert-0,57.683250
463,46.300000000000004,router,expert-1,35.919193
463,46.300000000000004,router,expert-2,14.477160
464,46.400000000000006,expert-0,aggregator,54.623165
464,46.400000000000006,expert-1,aggregator,33.878271
464,46.400000000000006,expert-2,aggregator,13.618319
464,46.400000000000006,frontend,router,72.822927
464,46.400000000000006,frontend,tokenizer,54.247962
464,46.400000000000006,router,expert-0,60.206140
464,46.400000000000006,router,expert-1,37.495360
464,46.400000000000006,router,expert-2,15.083473
465,46.5,expert-0,aggregator,52.174728
465,46.5,expert-1,aggregator,32.364221
465,46.5,expert-2,aggregator,12.984806
465,46.5,frontend,router,69.565333
465,46.5,frontend,tokenizer,51.819870
465,46.5,router,expert-0,57.506652
465,46.5,router,expert-1,35.819215
465,46.5,router,expert-2,14.381499
466,46.6,expert-0,aggregator,51.517282
466,46.6,expert-1,aggregator,31.960958
466,46.6,expert-2,aggregator,12.798389
466,46.6,frontend,router,68.695438
466,46.6,frontend,tokenizer,51.170452
466,46.6,router,expert-0,56.781249
466,46.6,router,expert-1,35.372478
466,46.6,router,expert-2,14.174739
467,46.7,expert-0,aggregator,52.068112
467,46.7,expert-1,aggregator,32.307388
467,46.7,expert-2,aggregator,12.912188
467,46.7,frontend,router,69.436838
467,46.7,frontend,tokenizer,51.721240
467,46.7,router,expert-0,57.387601
467,46.7,router,expert-1,35.755473
467,46.7,router,expert-2,14.300489
468,46.800000000000004,expert-0,aggregator,49.098352
468,46.800000000000004,expert-1,aggregator,30.469223
468,46.800000000000004,expert-2,aggregator,12.153996
468,46.800000000000004,frontend,router,65.483070
468,46.800000000000004,frontend,tokenizer,48.774789
468,46.800000000000004,router,expert-0,54.113736
468,46.800000000000004,router,expert-1,33.720749
468,46.800000000000004,router,expert-2,13.460512
469,46.900000000000006,expert-0,aggregator,50.329924
469,46.900000000000006,expert-1,aggregator,31.238234
469,46.900000000000006,expert-2,aggregator,12.436585
469,46.900000000000006,frontend,router,67.132571
469,46.900000000000006,frontend,tokenizer,50.001929
469,46.900000000000006,router,expert-0,55.470410
469,46.900000000000006,router,expert-1,34.571454
469,46.900000000000006,router,expert-2,13.773216
470,47.0,expert-0,aggregator,50.658169
470,47.0,expert-1,aggregator,31.446819
470,47.0,expert-2,aggregator,12.495269
470,47.0,frontend,router,67.577518
470,47.0,frontend,tokenizer,50.331812
470,47.0,router,expert-0,55.831489
470,47.0,router,expert-1,34.801935
470,47.0,router,expert-2,13.837948
471,47.1,expert-0,aggregator,48.847374
471,47.1,expert-1,aggregator,30.327511
471,47.1,expert-2,aggregator,12.026996
471,47.1,frontend,router,65.168930
471,47.1,frontend,tokenizer,48.536395
471,47.1,router,expert-0,53.835122
471,47.1,router,expert-1,33.562874
471,47.1,router,expert-2,13.319116
472,47.2,expert-0,aggregator,49.129258
472,47.2,expert-1,aggregator,30.507410
472,47.2,expert-2,aggregator,12.074651
472,47.2,frontend,router,65.552168
472,47.2,frontend,tokenizer,48.820285
472,47.2,router,expert-0,54.145152
472,47.2,router,expert-1,33.761644
472,47.2,router,expert-2,13.371654
473,47.300000000000004,expert-0,aggregator,53.123302
473,47.300000000000004,expert-1,aggregator,32.992945
473,47.300000000000004,expert-2,aggregator,13.032761
473,47.300000000000004,frontend,router,70.889231
473,47.300000000000004,frontend,tokenizer,52.793395
473,47.300000000000004,router,expert-0,58.546299
473,47.300000000000004,router,expert-1,36.511980
473,47.300000000000004,router,expert-2,14.432432
474,47.400000000000006,expert-0,aggregator,46.712831
474,47.400000000000006,expert-1,aggregator,29.016456
474,47.400000000000006,expert-2,aggregator,11.439399
474,47.400000000000006,frontend,router,62.341982
474,47.400000000000006,frontend,tokenizer,46.426478
474,47.400000000000006,router,expert-0,51.480852
474,47.400000000000006,router,expert-1,32.111079
474,47.400000000000006,router,expert-2,12.667738
475,47.5,expert-0,aggregator,50.735330
475,47.5,expert-1,aggregator,31.520428
475,47.5,expert-2,aggregator,12.402001
475,47.5,frontend,router,67.718134
475,47.5,frontend,tokenizer,50.428456
475,47.5,router,expert-0,55.913324
475,47.5,router,expert-1,34.881814
475,47.5,router,expert-2,13.733480
476,47.6,expert-0,aggregator,46.668721
476,47.6,expert-1,aggregator,28.998948
476,47.6,expert-2,aggregator,11.387282
476,47.6,frontend,router,62.297602
476,47.6,frontend,tokenizer,46.390314
476,47.6,router,expert-0,51.431138
476,47.6,router,expert-1,32.091188
476,47.6,router,expert-2,12.609624
477,47.7,expert-0,aggregator,47.791983
477,47.7,expert-1,aggregator,29.702117
477,47.7,expert-2,aggregator,11.640210
477,47.7,frontend,router,63.804644
477,47.7,frontend,tokenizer,47.510905
477,47.7,router,expert-0,52.668486
477,47.7,router,expert-1,32.869094
477,47.7,router,expert-2,12.889506
478,47.800000000000004,expert-0,aggregator,51.412884
478,47.800000000000004,expert-1,aggregator,31.958148
478,47.800000000000004,expert-2,aggregator,12.499366
478,47.800000000000004,frontend,router,68.647050
478,47.800000000000004,frontend,tokenizer,51.114917
478,47.800000000000004,router,expert-0,56.658287
478,47.800000000000004,router,expert-1,35.365426
478,47.800000000000004,router,expert-2,13.840669
479,47.900000000000006,expert-0,aggregator,47.624189
479,47.900000000000006,expert-1,aggregator,29.608458
479,47.900000000000006,expert-2,aggregator,11.557198
479,47.900000000000006,frontend,router,63.596181
479,47.900000000000006,frontend,tokenizer,47.352328
479,47.900000000000006,router,expert-0,52.482543
479,47.900000000000006,router,expert-1,32.765004
479,47.900000000000006,router,expert-2,12.797217
480,48.0,expert-0,aggregator,51.539529
480,48.0,expert-1,aggregator,32.048557
480,48.0,expert-2,aggregator,12.484555
480,48.0,frontend,router,68.833252
480,48.0,frontend,tokenizer,51.249878
480,48.0,router,expert-0,56.796775
480,48.0,router,expert-1,35.465023
480,48.0,router,expert-2,13.823886
481,48.1,expert-0,aggregator,52.014165
481,48.1,expert-1,aggregator,32.349739
481,48.1,expert-2,aggregator,12.576524
481,48.1,frontend,router,69.475987
481,48.1,frontend,tokenizer,51.726521
481,48.1,router,expert-0,57.319309
481,48.1,router,expert-1,35.798106
481,48.1,router,expert-2,13.925539
482,48.2,expert-0,aggregator,51.966406
482,48.2,expert-1,aggregator,32.326168
482,48.2,expert-2,aggregator,12.541999
482,48.2,frontend,router,69.421164
482,48.2,frontend,tokenizer,51.683769
482,48.2,router,expert-0,57.266179
482,48.2,router,expert-1,35.771832
482,48.2,router,expert-2,13.887138
483,48.300000000000004,expert-0,aggregator,49.601958
483,48.300000000000004,expert-1,aggregator,30.861286
483,48.300000000000004,expert-2,aggregator,11.949419
483,48.300000000000004,frontend,router,66.271227
483,48.300000000000004,frontend,tokenizer,49.336776
483,48.300000000000004,router,expert-0,54.660135
483,48.300000000000004,router,expert-1,34.150641
483,48.300000000000004,router,expert-2,13.230844
484,48.400000000000006,expert-0,aggregator,48.768500
484,48.400000000000006,expert-1,aggregator,30.348661
484,48.400000000000006,expert-2,aggregator,11.727083
484,48.400000000000006,frontend,router,65.166354
484,48.400000000000006,frontend,tokenizer,48.512360
484,48.400000000000006,router,expert-0,53.741250
484,48.400000000000006,router,expert-1,33.583227
484,48.400000000000006,router,expert-2,12.984518
485,48.5,expert-0,aggregator,45.971568
485,48.5,expert-1,aggregator,28.613808
485,48.5,expert-2,aggregator,11.034213
485,48.5,frontend,router,61.437289
485,48.5,frontend,tokenizer,45.734505
485,48.5,router,expert-0,50.658731
485,48.5,router,expert-1,31.663345
485,48.5,router,expert-2,12.217221
486,48.6,expert-0,aggregator,49.160097
486,48.6,expert-1,aggregator,30.604589
486,48.6,expert-2,aggregator,11.777823
486,48.6,frontend,router,65.707510
486,48.6,frontend,tokenizer,48.911351
486,48.6,router,expert-0,54.171950
486,48.6,router,expert-1,33.866172
486,48.6,router,expert-2,13.040421
487,48.7,expert-0,aggregator,45.806686
487,48.7,expert-1,aggregator,28.522752
487,48.7,expert-2,aggregator,10.954189
487,48.7,frontend,router,61.233849
487,48.7,frontend,tokenizer,45.579405
487,48.7,router,expert-0,50.476298
487,48.7,router,expert-1,31.562369
487,48.7,router,expert-2,12.128373
488,48.800000000000004,expert-0,aggregator,49.587247
488,48.800000000000004,expert-1,aggregator,30.883220
488,48.800000000000004,expert-2,aggregator,11.836390
488,48.800000000000004,frontend,router,66.297012
488,48.800000000000004,frontend,tokenizer,49.346146
488,48.800000000000004,router,expert-0,54.641882
488,48.800000000000004,router,expert-1,34.174292
488,48.800000000000004,router,expert-2,13.105017
489,48.900000000000006,expert-0,aggregator,45.747957
489,48.900000000000006,expert-1,aggregator,28.498076
489,48.900000000000006,expert-2,aggregator,10.899780
489,48.900000000000006,frontend,router,61.172718
489,48.900000000000006,frontend,tokenizer,45.530141
489,48.900000000000006,router,expert-0,50.410907
489,48.900000000000006,router,expert-1,31.534902
489,48.900000000000006,router,expert-2,12.067916
490,49.0,expert-0,aggregator,49.270702
490,49.0,expert-1,aggregator,30.699064
490,49.0,expert-2,aggregator,11.717378
490,49.0,frontend,router,65.892776
490,49.0,frontend,tokenizer,49.041156
490,49.0,router,expert-0,54.292378
490,49.0,router,expert-1,33.970367
490,49.0,router,expert-2,12.973031
491,49.1,expert-0,aggregator,47.074126
491,49.1,expert-1,aggregator,29.336781
491,49.1,expert-2,aggregator,11.174253
491,49.1,frontend,router,62.964413
491,49.1,frontend,tokenizer,46.859697
491,49.1,router,expert-0,51.871620
491,49.1,router,expert-1,32.462869
491,49.1,router,expert-2,12.371611
492,49.2,expert-0,aggregator,51.468923
492,49.2,expert-1,aggregator,32.082658
492,49.2,expert-2,aggregator,12.194802
492,49.2,frontend,router,68.852967
492,49.2,frontend,tokenizer,51.239885
492,49.2,router,cache,5.255505
492,49.2,router,expert-0,56.713990
492,49.2,router,expert-1,35.501305
492,49.2,router,expert-2,13.501422
493,49.300000000000004,expert-0,aggregator,51.647868
493,49.300000000000004,expert-1,aggregator,32.201343
493,49.300000000000004,expert-2,aggregator,12.214466
493,49.300000000000004,frontend,router,69.102780
493,49.300000000000004,frontend,tokenizer,51.423533
493,49.300000000000004,router,cache,5.306909
493,49.300000000000004,router,expert-0,56.910870
493,49.300000000000004,router,expert-1,35.632613
493,49.300000000000004,router,expert-2,13.523106
494,49.400000000000006,expert-0,aggregator,46.023624
494,49.400000000000006,expert-1,aggregator,28.701195
494,49.400000000000006,expert-2,aggregator,10.864112
494,49.400000000000006,frontend,router,61.587180
494,49.400000000000006,frontend,tokenizer,45.828682
494,49.400000000000006,router,expert-0,50.713254
494,49.400000000000006,router,expert-1,31.759494
494,49.400000000000006,router,expert-2,12.028007
495,49.5,expert-0,aggregator,47.490924
495,49.5,expert-1,aggregator,29.622973
495,49.5,expert-2,aggregator,11.189594
495,49.5,frontend,router,63.560511
495,49.5,frontend,tokenizer,47.294956
495,49.5,router,expert-0,52.329824
495,49.5,router,expert-1,32.779499
495,49.5,router,expert-2,12.388295
496,49.6,expert-0,aggregator,45.446211
496,49.6,expert-1,aggregator,28.354096
496,49.6,expert-2,aggregator,10.687859
496,49.6,frontend,router,60.833462
496,49.6,frontend,tokenizer,45.263708
496,49.6,router,expert-0,50.076557
496,49.6,router,expert-1,31.375434
496,49.6,router,expert-2,11.832756
497,49.7,expert-0,aggregator,48.583830
497,49.7,expert-1,aggregator,30.318745
497,49.7,expert-2,aggregator,11.404417
497,49.7,frontend,router,65.043746
497,49.7,frontend,tokenizer,48.394168
497,49.7,router,cache,5.119384
497,49.7,router,expert-0,53.533641
497,49.7,router,expert-1,33.549467
497,49.7,router,expert-2,12.626021
498,49.800000000000004,expert-0,aggregator,47.605464
498,49.800000000000004,expert-1,aggregator,29.715216
498,49.800000000000004,expert-2,aggregator,11.153867
498,49.800000000000004,frontend,router,63.744159
498,49.800000000000004,frontend,tokenizer,47.425019
498,49.800000000000004,router,cache,5.048123
498,49.800000000000004,router,expert-0,52.455404
498,49.800000000000004,router,expert-1,32.881675
498,49.800000000000004,router,expert-2,12.348592
499,49.900000000000006,expert-0,aggregator,49.888051
499,49.900000000000006,expert-1,aggregator,31.147449
499,49.900000000000006,expert-2,aggregator,11.666796
499,49.900000000000006,frontend,router,66.811430
499,49.900000000000006,frontend,tokenizer,49.704679
499,49.900000000000006,router,cache,5.323799
499,49.900000000000006,router,expert-0,54.970350
499,49.900000000000006,router,expert-1,34.466592
499,49.900000000000006,router,expert-2,12.916425
500,50.0,expert-0,aggregator,47.291597
500,50.0,expert-1,aggregator,29.533508
500,50.0,expert-2,aggregator,11.038867
500,50.0,frontend,router,63.344615
500,50.0,frontend,tokenizer,47.123261
500,50.0,router,cache,5.078851
500,50.0,router,expert-0,52.109226
500,50.0,router,expert-1,32.680743
500,50.0,router,expert-2,12.221212
501,50.1,expert-0,aggregator,46.998485
501,50.1,expert-1,aggregator,29.357649
501,50.1,expert-2,aggregator,10.949869
501,50.1,frontend,router,62.962493
501,50.1,frontend,tokenizer,46.836715
501,50.1,router,cache,5.079559
501,50.1,router,expert-0,51.786114
501,50.1,router,expert-1,32.486233
501,50.1,router,expert-2,12.122662
502,50.2,expert-0,aggregator,47.016351
502,50.2,expert-1,aggregator,29.376085
502,50.2,expert-2,aggregator,10.933460
502,50.2,frontend,router,62.997040
502,50.2,frontend,tokenizer,46.860107
502,50.2,router,cache,5.113941
502,50.2,router,expert-0,51.805674
502,50.2,router,expert-1,32.506738
502,50.2,router,expert-2,12.104484
503,50.300000000000004,expert-0,aggregator,49.846539
503,50.300000000000004,expert-1,aggregator,31.152210
503,50.300000000000004,expert-2,aggregator,11.569817
503,50.300000000000004,frontend,router,66.800585
503,50.300000000000004,frontend,tokenizer,49.686885
503,50.300000000000004,router,cache,5.456451
503,50.300000000000004,router,expert-0,54.924045
503,50.300000000000004,router,expert-1,34.472272
503,50.300000000000004,router,expert-2,12.808993
504,50.400000000000006,expert-0,aggregator,44.936915
504,50.400000000000006,expert-1,aggregator,28.091000
504,50.400000000000006,expert-2,aggregator,10.410621
504,50.400000000000006,frontend,router,60.231458
504,50.400000000000006,frontend,tokenizer,44.798451
504,50.400000000000006,router,expert-0,49.514226
504,50.400000000000006,router,expert-1,31.084938
504,50.400000000000006,router,expert-2,11.525646
505,50.5,expert-0,aggregator,50.550386
505,50.5,expert-1,aggregator,31.608199
505,50.5,expert-2,aggregator,11.689043
505,50.5,frontend,router,67.767318
505,50.5,frontend,tokenizer,50.400843
505,50.5,router,cache,5.604633
505,50.5,router,expert-0,55.699409
505,50.5,router,expert-1,34.977156
505,50.5,router,expert-2,12.941005
506,50.6,expert-0,aggregator,46.224331
506,50.6,expert-1,aggregator,28.910691
506,50.6,expert-2,aggregator,10.668550
506,50.6,frontend,router,61.978777
506,50.6,frontend,tokenizer,46.093333
506,50.6,router,cache,5.157888
506,50.6,router,expert-0,50.932648
506,50.6,router,expert-1,31.992292
506,50.6,router,expert-2,11.811230
507,50.7,expert-0,aggregator,47.267915
507,50.7,expert-1,aggregator,29.571142
507,50.7,expert-2,aggregator,10.888818
507,50.7,frontend,router,63.389337
507,50.7,frontend,tokenizer,47.139903
507,50.7,router,cache,5.308223
507,50.7,router,expert-0,52.082488
507,50.7,router,expert-1,32.723315
507,50.7,router,expert-2,12.055116
508,50.800000000000004,expert-0,aggregator,45.712580
508,50.800000000000004,expert-1,aggregator,28.605690
508,50.800000000000004,expert-2,aggregator,10.510631
508,50.800000000000004,frontend,router,61.314575
508,50.800000000000004,frontend,tokenizer,45.594591
508,50.800000000000004,router,cache,5.166574
508,50.800000000000004,router,expert-0,50.368707
508,50.800000000000004,router,expert-1,31.655132
508,50.800000000000004,router,expert-2,11.636454
509,50.900000000000006,expert-0,aggregator,46.999201
509,50.900000000000006,expert-1,aggregator,29.418697
509,50.900000000000006,expert-2,aggregator,10.786027
509,50.900000000000006,frontend,router,63.051804
509,50.900000000000006,frontend,tokenizer,46.883927
509,50.900000000000006,router,cache,5.346186
509,50.900000000000006,router,expert-0,51.786371
509,50.900000000000006,router,expert-1,32.555010
509,50.900000000000006,router,expert-2,11.941391
510,51.0,expert-0,aggregator,45.901859
510,51.0,expert-1,aggregator,28.739601
510,51.0,expert-2,aggregator,10.514257
510,51.0,frontend,router,61.590995
510,51.0,frontend,tokenizer,45.795236
510,51.0,router,cache,5.255002
510,51.0,router,expert-0,50.577267
510,51.0,router,expert-1,31.803727
510,51.0,router,expert-2,11.640558
511,51.1,expert-0,aggregator,44.161896
511,51.1,expert-1,aggregator,27.657754
511,51.1,expert-2,aggregator,10.096541
511,51.1,frontend,router,59.267334
511,51.1,frontend,tokenizer,44.065109
511,51.1,router,cache,5.088403
511,51.1,router,expert-0,48.660102
511,51.1,router,expert-1,30.606752
511,51.1,router,expert-2,11.178149
512,51.2,expert-0,aggregator,47.341790
512,51.2,expert-1,aggregator,29.657452
512,51.2,expert-2,aggregator,10.803028
512,51.2,frontend,router,63.546834
512,51.2,frontend,tokenizer,47.244308
512,51.2,router,cache,5.489989
512,51.2,router,expert-0,52.163933
512,51.2,router,expert-1,32.819913
512,51.2,router,expert-2,11.960385
513,51.300000000000004,expert-0,aggregator,42.908853
513,51.300000000000004,expert-1,aggregator,26.887923
513,51.300000000000004,expert-2,aggregator,9.772889
513,51.300000000000004,frontend,router,57.607437
513,51.300000000000004,frontend,tokenizer,42.826246
513,51.300000000000004,router,cache,5.008048
513,51.300000000000004,router,expert-0,47.279521
513,51.300000000000004,router,expert-1,29.755297
513,51.300000000000004,router,expert-2,10.819951
514,51.400000000000006,expert-0,aggregator,46.599699
514,51.400000000000006,expert-1,aggregator,29.208945
514,51.400000000000006,expert-2,aggregator,10.593362
514,51.400000000000006,frontend,router,62.574587
514,51.400000000000006,frontend,tokenizer,46.516290
514,51.400000000000006,router,cache,5.473952
514,51.400000000000006,router,expert-0,51.346391
514,51.400000000000006,router,expert-1,32.324106
514,51.400000000000006,router,expert-2,11.728409
515,51.5,expert-0,aggregator,46.582957
515,51.5,expert-1,aggregator,29.206764
515,51.5,expert-2,aggregator,10.569436
515,51.5,frontend,router,62.564214
515,51.5,frontend,tokenizer,46.505942
515,51.5,router,cache,5.507349
515,51.5,router,expert-0,51.328036
515,51.5,router,expert-1,32.321977
515,51.5,router,expert-2,11.702007
516,51.6,expert-0,aggregator,44.141484
516,51.6,expert-1,aggregator,27.683956
516,51.6,expert-2,aggregator,9.996434
516,51.6,frontend,router,59.296732
516,51.6,frontend,tokenizer,44.074596
516,51.6,router,cache,5.252442
516,51.6,router,expert-0,48.637971
516,51.6,router,expert-1,30.637028
516,51.6,router,expert-2,11.067696
517,51.7,expert-0,aggregator,45.265867
517,51.7,expert-1,aggregator,28.397371
517,51.7,expert-2,aggregator,10.231562
517,51.7,frontend,router,60.819157
517,51.7,frontend,tokenizer,45.203583
517,51.7,router,cache,5.421070
517,51.7,router,expert-0,49.877014
517,51.7,router,expert-1,31.426847
517,51.7,router,expert-2,11.328121
518,51.800000000000004,expert-0,aggregator,47.852382
518,51.800000000000004,expert-1,aggregator,30.028811
518,51.800000000000004,expert-2,aggregator,10.795606
518,51.800000000000004,frontend,router,64.307209
518,51.800000000000004,frontend,tokenizer,47.793272
518,51.800000000000004,router,cache,5.767908
518,51.800000000000004,router,expert-0,52.727160
518,51.800000000000004,router,expert-1,33.232665
518,51.800000000000004,router,expert-2,11.952730
519,51.900000000000006,expert-0,aggregator,45.725055
519,51.900000000000006,expert-1,aggregator,28.702339
519,51.900000000000006,expert-2,aggregator,10.296024
519,51.900000000000006,frontend,router,61.460728
519,51.900000000000006,frontend,tokenizer,45.675068
519,51.900000000000006,router,cache,5.547155
519,51.900000000000006,router,expert-0,50.383277
519,51.900000000000006,router,expert-1,31.765003
519,51.900000000000006,router,expert-2,11.399718
520,52.0,expert-0,aggregator,47.135095
520,52.0,expert-1,aggregator,29.596281
520,52.0,expert-2,aggregator,10.593296
520,52.0,frontend,router,63.368881
520,52.0,frontend,tokenizer,47.090325
520,52.0,router,cache,5.755223
520,52.0,router,expert-0,51.937143
520,52.0,router,expert-1,32.754690
520,52.0,router,expert-2,11.728984
521,52.1,expert-0,aggregator,47.306553
521,52.1,expert-1,aggregator,29.712895
521,52.1,expert-2,aggregator,10.611553
521,52.1,frontend,router,63.612429
521,52.1,frontend,tokenizer,47.268469
521,52.1,router,cache,5.813546
521,52.1,router,expert-0,52.126268
521,52.1,router,expert-1,32.884123
521,52.1,router,expert-2,11.749336
522,52.2,expert-0,aggregator,46.955783
522,52.2,expert-1,aggregator,29.501551
522,52.2,expert-2,aggregator,10.512772
522,52.2,frontend,router,63.153815
522,52.2,frontend,tokenizer,46.924841
522,52.2,router,cache,5.807792
522,52.2,router,expert-0,51.739973
522,52.2,router,expert-1,32.650608
522,52.2,router,expert-2,11.640107
523,52.300000000000004,expert-0,aggregator,48.636542
523,52.300000000000004,expert-1,aggregator,30.566927
523,52.300000000000004,expert-2,aggregator,10.868283
523,52.300000000000004,frontend,router,65.428032
523,52.300000000000004,frontend,tokenizer,48.611664
523,52.300000000000004,router,cache,6.054618
523,52.300000000000004,router,expert-0,53.592219
523,52.300000000000004,router,expert-1,33.830117
523,52.300000000000004,router,expert-2,12.033900
524,52.400000000000006,expert-0,aggregator,43.557001
524,52.400000000000006,expert-1,aggregator,27.383034
524,52.400000000000006,expert-2,aggregator,9.714623
524,52.400000000000006,frontend,router,58.607150
524,52.400000000000006,frontend,tokenizer,43.541202
524,52.400000000000006,router,cache,5.457377
524,52.400000000000006,router,expert-0,47.995343
524,52.400000000000006,router,expert-1,30.306710
524,52.400000000000006,router,expert-2,10.756659
525,52.5,expert-0,aggregator,46.520744
525,52.5,expert-1,aggregator,29.255394
525,52.5,expert-2,aggregator,10.355808
525,52.5,frontend,router,62.608251
525,52.5,frontend,tokenizer,46.510854
525,52.5,router,cache,5.866435
525,52.5,router,expert-0,51.261346
525,52.5,router,expert-1,32.379405
525,52.5,router,expert-2,11.466787
526,52.6,expert-0,aggregator,42.616157
526,52.6,expert-1,aggregator,26.808375
526,52.6,expert-2,aggregator,9.468489
526,52.6,frontend,router,57.365702
526,52.6,frontend,tokenizer,42.613553
526,52.6,router,cache,5.408826
526,52.6,router,expert-0,46.959126
526,52.6,router,expert-1,29.671484
526,52.6,router,expert-2,10.484436
527,52.7,expert-0,aggregator,44.555470
527,52.7,expert-1,aggregator,28.037244
527,52.7,expert-2,aggregator,9.880437
527,52.7,frontend,router,59.989187
527,52.7,frontend,tokenizer,44.559557
527,52.7,router,cache,5.691545
527,52.7,router,expert-0,49.096357
527,52.7,router,expert-1,31.032029
527,52.7,router,expert-2,10.940761
528,52.800000000000004,expert-0,aggregator,47.658751
528,52.800000000000004,expert-1,aggregator,29.999653
528,52.800000000000004,expert-2,aggregator,10.548392
528,52.800000000000004,frontend,router,64.181421
528,52.800000000000004,frontend,tokenizer,47.670469
528,52.800000000000004,router,cache,6.127333
528,52.800000000000004,router,expert-0,52.516232
528,52.800000000000004,router,expert-1,33.204530
528,52.800000000000004,router,expert-2,11.680594
529,52.900000000000006,expert-0,aggregator,47.546556
529,52.900000000000006,expert-1,aggregator,29.938712
529,52.900000000000006,expert-2,aggregator,10.503425
529,52.900000000000006,frontend,router,64.044417
529,52.900000000000006,frontend,tokenizer,47.565640
529,52.900000000000006,router,cache,6.152429
529,52.900000000000006,router,expert-0,52.392940
529,52.900000000000006,router,expert-1,33.137569
529,52.900000000000006,router,expert-2,11.631003
530,53.0,expert-0,aggregator,45.384471
530,53.0,expert-1,aggregator,28.586630
530,53.0,expert-2,aggregator,10.006614
530,53.0,frontend,router,61.145687
530,53.0,frontend,tokenizer,45.409804
530,53.0,router,cache,5.910612
530,53.0,router,expert-0,50.010815
530,53.0,router,expert-1,31.641504
530,53.0,router,expert-2,11.081061
531,53.1,expert-0,aggregator,46.690012
531,53.1,expert-1,aggregator,29.418635
531,53.1,expert-2,aggregator,10.274761
531,53.1,frontend,router,62.918693
531,53.1,frontend,tokenizer,46.723459
531,53.1,router,cache,6.119917
531,53.1,router,expert-0,51.449806
531,53.1,router,expert-1,32.562930
531,53.1,router,expert-2,11.378216
532,53.2,expert-0,aggregator,43.291248
532,53.2,expert-1,aggregator,27.286173
532,53.2,expert-2,aggregator,9.508577
532,53.2,frontend,router,58.351734
532,53.2,frontend,tokenizer,43.329164
532,53.2,router,cache,5.711060
532,53.2,router,expert-0,47.704912
532,53.2,router,expert-1,30.203036
532,53.2,router,expert-2,10.529956
533,53.300000000000004,expert-0,aggregator,43.458868
533,53.300000000000004,expert-1,aggregator,27.400982
533,53.300000000000004,expert-2,aggregator,9.527115
533,53.300000000000004,frontend,router,58.590991
533,53.300000000000004,frontend,tokenizer,43.503921
533,53.300000000000004,router,cache,5.770170
533,53.300000000000004,router,expert-0,47.889996
533,53.300000000000004,router,expert-1,30.330619
533,53.300000000000004,router,expert-2,10.550702
534,53.400000000000006,expert-0,aggregator,44.843899
534,53.400000000000006,expert-1,aggregator,28.283779
534,53.400000000000006,expert-2,aggregator,9.811915
534,53.400000000000006,frontend,router,60.472142
534,53.400000000000006,frontend,tokenizer,44.897658
534,53.400000000000006,router,cache,5.992464
534,53.400000000000006,router,expert-0,49.416648
534,53.400000000000006,router,expert-1,31.308334
534,53.400000000000006,router,expert-2,10.866333
535,53.5,expert-0,aggregator,41.220625
535,53.5,expert-1,aggregator,26.007354
535,53.5,expert-2,aggregator,9.001863
535,53.5,frontend,router,55.598993
535,53.5,frontend,tokenizer,41.276780
535,53.5,router,cache,5.543791
535,53.5,router,expert-0,45.424294
535,53.5,router,expert-1,28.788978
535,53.5,router,expert-2,9.969451
536,53.6,expert-0,aggregator,44.173208
536,53.6,expert-1,aggregator,27.879773
536,53.6,expert-2,aggregator,9.628178
536,53.6,frontend,router,59.595360
536,53.6,frontend,tokenizer,44.240664
536,53.6,router,cache,5.979150
536,53.6,router,expert-0,48.678409
536,53.6,router,expert-1,30.862212
536,53.6,router,expert-2,10.663331
537,53.7,expert-0,aggregator,41.056330
537,53.7,expert-1,aggregator,25.921508
537,53.7,expert-2,aggregator,8.931670
537,53.7,frontend,router,55.403294
537,53.7,frontend,tokenizer,41.125847
537,53.7,router,cache,5.593027
537,53.7,router,expert-0,45.244057
537,53.7,router,expert-1,28.694986
537,53.7,router,expert-2,9.892173
538,53.800000000000004,expert-0,aggregator,42.024705
538,53.800000000000004,expert-1,aggregator,26.542134
538,53.800000000000004,expert-2,aggregator,9.124825
538,53.800000000000004,frontend,router,56.723483
538,53.800000000000004,frontend,tokenizer,42.102898
538,53.800000000000004,router,cache,5.761766
538,53.800000000000004,router,expert-0,46.311645
538,53.800000000000004,router,expert-1,29.382564
538,53.800000000000004,router,expert-2,10.106348
539,53.900000000000006,expert-0,aggregator,41.694122
539,53.900000000000006,expert-1,aggregator,26.342572
539,53.900000000000006,expert-2,aggregator,9.035707
539,53.900000000000006,frontend,router,56.290694
539,53.900000000000006,frontend,tokenizer,41.778737
539,53.900000000000006,router,cache,5.753176
539,53.900000000000006,router,expert-0,45.947793
539,53.900000000000006,router,expert-1,29.162204
539,53.900000000000006,router,expert-2,10.007896
540,54.0,expert-0,aggregator,41.734047
540,54.0,expert-1,aggregator,26.377107
540,54.0,expert-2,aggregator,9.027039
540,54.0,frontend,router,56.358133
540,54.0,frontend,tokenizer,41.825840
540,54.0,router,cache,5.795658
540,54.0,router,expert-0,45.992258
540,54.0,router,expert-1,29.201006
540,54.0,router,expert-2,9.998556
541,54.1,expert-0,aggregator,41.951074
541,54.1,expert-1,aggregator,26.523707
541,54.1,expert-2,aggregator,9.056607
541,54.1,frontend,router,56.664923
541,54.1,frontend,tokenizer,42.050534
541,54.1,router,cache,5.863168
541,54.1,router,expert-0,46.231915
541,54.1,router,expert-1,29.363887
541,54.1,router,expert-2,10.031575
542,54.2,expert-0,aggregator,41.942164
542,54.2,expert-1,aggregator,26.527578
542,54.2,expert-2,aggregator,9.037349
542,54.2,frontend,router,56.666705
542,54.2,frontend,tokenizer,42.048846
542,54.2,router,cache,5.899491
542,54.2,router,expert-0,46.222598
542,54.2,router,expert-1,29.368772
542,54.2,router,expert-2,10.010521
543,54.300000000000004,expert-0,aggregator,43.143221
543,54.300000000000004,expert-1,aggregator,27.297074
543,54.300000000000004,expert-2,aggregator,9.278349
543,54.300000000000004,frontend,router,58.303737
543,54.300000000000004,frontend,tokenizer,43.260466
543,54.300000000000004,router,cache,6.107282
543,54.300000000000004,router,expert-0,47.546762
543,54.300000000000004,router,expert-1,30.221313
543,54.300000000000004,router,expert-2,10.277766
544,54.400000000000006,expert-0,aggregator,40.847121
544,54.400000000000006,expert-1,aggregator,25.853711
544,54.400000000000006,expert-2,aggregator,8.767742
544,54.400000000000006,frontend,router,55.214450
544,54.400000000000006,frontend,tokenizer,40.965286
544,54.400000000000006,router,cache,5.819232
544,54.400000000000006,router,expert-0,45.016823
544,54.400000000000006,router,expert-1,28.623936
544,54.400000000000006,router,expert-2,9.712444
545,54.5,expert-0,aggregator,40.957119
545,54.5,expert-1,aggregator,25.932829
545,54.5,expert-2,aggregator,8.774535
545,54.5,frontend,router,55.376941
545,54.5,frontend,tokenizer,41.082837
545,54.5,router,cache,5.872183
545,54.5,router,expert-0,45.138587
545,54.5,router,expert-1,28.712154
545,54.5,router,expert-2,9.720262
546,54.6,expert-0,aggregator,42.997587
546,54.6,expert-1,aggregator,27.234836
546,54.6,expert-2,aggregator,9.194063
546,54.6,frontend,router,58.150397
546,54.6,frontend,tokenizer,43.137218
546,54.6,router,cache,6.204077
546,54.6,router,expert-0,47.387953
546,54.6,router,expert-1,30.154369
546,54.6,router,expert-2,10.185322
547,54.7,expert-0,aggregator,44.873547
547,54.7,expert-1,aggregator,28.433635
547,54.7,expert-2,aggregator,9.576852
547,54.7,frontend,router,60.702813
547,54.7,frontend,tokenizer,45.027312
547,54.7,router,cache,6.516032
547,54.7,router,expert-0,49.456084
547,54.7,router,expert-1,31.482387
547,54.7,router,expert-2,10.609720
548,54.800000000000004,expert-0,aggregator,43.088576
548,54.800000000000004,expert-1,aggregator,27.312821
548,54.800000000000004,expert-2,aggregator,9.178334
548,54.800000000000004,frontend,router,58.303032
548,54.800000000000004,frontend,tokenizer,43.244002
548,54.800000000000004,router,cache,6.296678
548,54.800000000000004,router,expert-0,47.489443
548,54.800000000000004,router,expert-1,30.242090
548,54.800000000000004,router,expert-2,10.168553
549,54.900000000000006,expert-0,aggregator,39.928439
549,54.900000000000006,expert-1,aggregator,25.319220
549,54.900000000000006,expert-2,aggregator,8.488946
549,54.900000000000006,frontend,router,54.040916
549,54.900000000000006,frontend,tokenizer,40.079726
549,54.900000000000006,router,cache,5.871983
549,54.900000000000006,router,expert-0,44.007128
549,54.900000000000006,router,expert-1,28.035333
549,54.900000000000006,router,expert-2,9.405104
550,55.0,expert-0,aggregator,41.855270
550,55.0,expert-1,aggregator,26.551118
550,55.0,expert-2,aggregator,8.881610
550,55.0,frontend,router,56.663402
550,55.0,frontend,tokenizer,42.021521
550,55.0,router,cache,6.194444
550,55.0,router,expert-0,46.131412
550,55.0,router,expert-1,29.400083
550,55.0,router,expert-2,9.840485
551,55.1,expert-0,aggregator,40.442934
551,55.1,expert-1,aggregator,25.664991
551,55.1,expert-2,aggregator,8.565541
551,55.1,frontend,router,54.765625
551,55.1,frontend,tokenizer,40.611032
551,55.1,router,cache,6.023391
551,55.1,router,expert-0,44.575406
551,55.1,router,expert-1,28.419563
551,55.1,router,expert-2,9.490626
552,55.2,expert-0,aggregator,41.467346
552,55.2,expert-1,aggregator,26.325196
552,55.2,expert-2,aggregator,8.765757
552,55.2,frontend,router,56.167526
552,55.2,frontend,tokenizer,41.647401
552,55.2,router,cache,6.215087
552,55.2,router,expert-0,45.705145
552,55.2,router,expert-1,29.151345
552,55.2,router,expert-2,9.712816
553,55.300000000000004,expert-0,aggregator,44.624306
553,55.300000000000004,expert-1,aggregator,28.340328
553,55.300000000000004,expert-2,aggregator,9.415128
553,55.300000000000004,frontend,router,60.459557
553,55.300000000000004,frontend,tokenizer,44.826411
553,55.300000000000004,router,cache,6.730561
553,55.300000000000004,router,expert-0,49.185454
553,55.300000000000004,router,expert-1,31.383599
553,55.300000000000004,router,expert-2,10.432731
554,55.400000000000006,expert-0,aggregator,40.258729
554,55.400000000000006,expert-1,aggregator,25.577764
554,55.400000000000006,expert-2,aggregator,8.477874
554,55.400000000000006,frontend,router,54.559294
554,55.400000000000006,frontend,tokenizer,40.448641
554,55.400000000000006,router,cache,6.110474
554,55.400000000000006,router,expert-0,44.374327
554,55.400000000000006,router,expert-1,28.325105
554,55.400000000000006,router,expert-2,9.394532
555,55.5,expert-0,aggregator,39.734933
555,55.5,expert-1,aggregator,25.254875
555,55.5,expert-2,aggregator,8.351646
555,55.5,frontend,router,53.863815
555,55.5,frontend,tokenizer,39.929903
555,55.5,router,cache,6.069018
555,55.5,router,expert-0,43.797654
555,55.5,router,expert-1,27.968260
555,55.5,router,expert-2,9.255015
556,55.6,expert-0,aggregator,40.687419
556,55.6,expert-1,aggregator,25.870463
556,55.6,expert-2,aggregator,8.535581
556,55.6,frontend,router,55.169807
556,55.6,frontend,tokenizer,40.894825
556,55.6,router,cache,6.253645
556,55.6,router,expert-0,44.848230
556,55.6,router,expert-1,28.650741
556,55.6,router,expert-2,9.459219
557,55.7,expert-0,aggregator,41.141722
557,55.7,expert-1,aggregator,26.169713
557,55.7,expert-2,aggregator,8.614487
557,55.7,frontend,router,55.800906
557,55.7,frontend,tokenizer,41.359346
557,55.7,router,cache,6.363244
557,55.7,router,expert-0,45.349718
557,55.7,router,expert-1,28.982927
557,55.7,router,expert-2,9.547050
558,55.800000000000004,expert-0,aggregator,39.897450
558,55.800000000000004,expert-1,aggregator,25.388389
558,55.800000000000004,expert-2,aggregator,8.338095
558,55.800000000000004,frontend,router,54.128020
558,55.800000000000004,frontend,tokenizer,40.116206
558,55.800000000000004,router,cache,6.209551
558,55.800000000000004,router,expert-0,43.978901
558,55.800000000000004,router,expert-1,28.118376
558,55.800000000000004,router,expert-2,9.241119
559,55.900000000000006,expert-0,aggregator,40.591246
559,55.900000000000006,expert-1,aggregator,25.840265
559,55.900000000000006,expert-2,aggregator,8.466999
559,55.900000000000006,frontend,router,55.084364
559,55.900000000000006,frontend,tokenizer,40.821704
559,55.900000000000006,router,cache,6.357145
559,55.900000000000006,router,expert-0,44.744419
559,55.900000000000006,router,expert-1,28.619633
559,55.900000000000006,router,expert-2,9.384380
560,56.0,expert-0,aggregator,44.634604
560,56.0,expert-1,aggregator,28.425751
560,56.0,expert-2,aggregator,9.292767
560,56.0,frontend,router,60.588103
560,56.0,frontend,tokenizer,44.896760
560,56.0,router,cache,7.034152
560,56.0,router,expert-0,49.202320
560,56.0,router,expert-1,31.484095
560,56.0,router,expert-2,10.300062
561,56.1,expert-0,aggregator,43.943195
561,56.1,expert-1,aggregator,27.996816
561,56.1,expert-2,aggregator,9.131498
561,56.1,frontend,router,59.666113
561,56.1,frontend,tokenizer,44.209952
561,56.1,router,cache,6.968474
561,56.1,router,expert-0,48.440998
561,56.1,router,expert-1,31.009894
561,56.1,router,expert-2,10.121758
562,56.2,expert-0,aggregator,41.073263
562,56.2,expert-1,aggregator,26.179060
562,56.2,expert-2,aggregator,8.518978
562,56.2,frontend,router,55.784882
562,56.2,frontend,tokenizer,41.330745
562,56.2,router,cache,6.554005
562,56.2,router,expert-0,45.278118
562,56.2,router,expert-1,28.997344
562,56.2,router,expert-2,9.443239
563,56.300000000000004,expert-0,aggregator,39.260529
563,56.300000000000004,expert-1,aggregator,25.033979
563,56.300000000000004,expert-2,aggregator,8.127617
563,56.300000000000004,frontend,router,53.337835
563,56.300000000000004,frontend,tokenizer,39.514485
563,56.300000000000004,router,cache,6.303774
563,56.300000000000004,router,expert-0,43.280589
563,56.300000000000004,router,expert-1,27.729802
563,56.300000000000004,router,expert-2,9.009830
564,56.400000000000006,expert-0,aggregator,43.553381
564,56.400000000000006,expert-1,aggregator,27.782772
564,56.400000000000006,expert-2,aggregator,8.999299
564,56.400000000000006,frontend,router,59.186654
564,56.400000000000006,frontend,tokenizer,43.843854
564,56.400000000000006,router,cache,7.036533
564,56.400000000000006,router,expert-0,48.013891
564,56.400000000000006,router,expert-1,30.775518
564,56.400000000000006,router,expert-2,9.976596
565,56.5,expert-0,aggregator,39.769236
565,56.5,expert-1,aggregator,25.379436
565,56.5,expert-2,aggregator,8.201905
565,56.5,frontend,router,54.059568
565,56.5,frontend,tokenizer,40.042509
565,56.5,router,cache,6.465047
565,56.5,router,expert-0,43.843018
565,56.5,router,expert-1,28.114143
565,56.5,router,expert-2,9.093042
566,56.6,expert-0,aggregator,45.134187
566,56.6,expert-1,aggregator,28.815252
566,56.6,expert-2,aggregator,9.290837
566,56.6,frontend,router,61.369852
566,56.6,frontend,tokenizer,45.453504
566,56.6,router,cache,7.382662
566,56.6,router,expert-0,49.758482
566,56.6,router,expert-1,31.921152
566,56.6,router,expert-2,10.300786
567,56.7,expert-0,aggregator,42.529067
567,56.7,expert-1,aggregator,27.163503
567,56.7,expert-2,aggregator,8.738116
567,56.7,frontend,router,57.844246
567,56.7,frontend,tokenizer,42.838654
567,56.7,router,cache,6.999568
567,56.7,router,expert-0,46.887364
567,56.7,router,expert-1,30.092299
567,56.7,router,expert-2,9.688463
568,56.800000000000004,expert-0,aggregator,40.247849
568,56.800000000000004,expert-1,aggregator,25.717383
568,56.800000000000004,expert-2,aggregator,8.253886
568,56.800000000000004,frontend,router,54.757369
568,56.800000000000004,frontend,tokenizer,40.549115
568,56.800000000000004,router,cache,6.665016
568,56.800000000000004,router,expert-0,44.373251
568,56.800000000000004,router,expert-1,28.491151
568,56.800000000000004,router,expert-2,9.152031
569,56.900000000000006,expert-0,aggregator,39.912668
569,56.900000000000006,expert-1,aggregator,25.514091
569,56.900000000000006,expert-2,aggregator,8.169803
569,56.900000000000006,frontend,router,54.317151
569,56.900000000000006,frontend,tokenizer,40.219690
569,56.900000000000006,router,cache,6.650242
569,56.900000000000006,router,expert-0,44.004604
569,56.900000000000006,router,expert-1,28.266830
569,56.900000000000006,router,expert-2,9.059264
570,57.0,expert-0,aggregator,43.139606
570,57.0,expert-1,aggregator,27.588733
570,57.0,expert-2,aggregator,8.813799
570,57.0,frontend,router,58.725865
570,57.0,frontend,tokenizer,43.480436
570,57.0,router,cache,7.232126
570,57.0,router,expert-0,47.563350
570,57.0,router,expert-1,30.566292
570,57.0,router,expert-2,9.773885
571,57.1,expert-0,aggregator,43.818325
571,57.1,expert-1,aggregator,28.034877
571,57.1,expert-2,aggregator,8.935732
571,57.1,frontend,router,59.667353
571,57.1,frontend,tokenizer,44.173699
571,57.1,router,cache,7.391008
571,57.1,router,expert-0,48.312677
571,57.1,router,expert-1,31.061599
571,57.1,router,expert-2,9.909629
572,57.2,expert-0,aggregator,39.657027
572,57.2,expert-1,aggregator,25.383492
572,57.2,expert-2,aggregator,8.072037
572,57.2,frontend,router,54.016895
572,57.2,frontend,tokenizer,39.987010
572,57.2,router,cache,6.730091
572,57.2,router,expert-0,43.725493
572,57.2,router,expert-1,28.124892
572,57.2,router,expert-2,8.952287
573,57.300000000000004,expert-0,aggregator,37.950023
573,57.300000000000004,expert-1,aggregator,24.301473
573,57.300000000000004,expert-2,aggregator,7.710188
573,57.300000000000004,frontend,router,51.707160
573,57.300000000000004,frontend,tokenizer,38.273846
573,57.300000000000004,router,cache,6.479783
573,57.300000000000004,router,expert-0,41.844268
573,57.300000000000004,router,expert-1,26.926916
573,57.300000000000004,router,expert-2,8.551451
574,57.400000000000006,expert-0,aggregator,38.715491
574,57.400000000000006,expert-1,aggregator,24.802514
574,57.400000000000006,expert-2,aggregator,7.851072
574,57.400000000000006,frontend,router,52.765893
574,57.400000000000006,frontend,tokenizer,39.054099
574,57.400000000000006,router,cache,6.650826
574,57.400000000000006,router,expert-0,42.689221
574,57.400000000000006,router,expert-1,27.483018
574,57.400000000000006,router,expert-2,8.708197
575,57.5,expert-0,aggregator,41.147835
575,57.5,expert-1,aggregator,26.372378
575,57.5,expert-2,aggregator,8.328828
575,57.5,frontend,router,56.097835
575,57.5,frontend,tokenizer,41.516538
575,57.5,router,cache,7.111723
575,57.5,router,expert-0,45.372229
575,57.5,router,expert-1,29.223545
575,57.5,router,expert-2,9.238639
576,57.6,expert-0,aggregator,40.272772
576,57.6,expert-1,aggregator,25.822973
576,57.6,expert-2,aggregator,8.136592
576,57.6,frontend,router,54.921443
576,57.6,frontend,tokenizer,40.642317
576,57.6,router,cache,7.002789
576,57.6,router,expert-0,44.408335
576,57.6,router,expert-1,28.615734
576,57.6,router,expert-2,9.025928
577,57.7,expert-0,aggregator,42.507102
577,57.7,expert-1,aggregator,27.267769
577,57.7,expert-2,aggregator,8.572117
577,57.7,frontend,router,57.986100
577,57.7,frontend,tokenizer,42.906365
577,57.7,router,cache,7.436134
577,57.7,router,expert-0,46.873183
577,57.7,router,expert-1,30.217845
577,57.7,router,expert-2,9.509619
578,57.800000000000004,expert-0,aggregator,41.435857
578,57.800000000000004,expert-1,aggregator,26.592480
578,57.800000000000004,expert-2,aggregator,8.340652
578,57.800000000000004,frontend,router,56.542033
578,57.800000000000004,frontend,tokenizer,41.834090
578,57.800000000000004,router,cache,7.292605
578,57.800000000000004,router,expert-0,45.692972
578,57.800000000000004,router,expert-1,29.470542
578,57.800000000000004,router,expert-2,9.253396
579,57.900000000000006,expert-0,aggregator,41.602215
579,57.900000000000006,expert-1,aggregator,26.711260
579,57.900000000000006,expert-2,aggregator,8.358701
579,57.900000000000006,frontend,router,56.786479
579,57.900000000000006,frontend,tokenizer,42.011166
579,57.900000000000006,router,cache,7.366106
579,57.900000000000006,router,expert-0,45.877508
579,57.900000000000006,router,expert-1,29.603239
579,57.900000000000006,router,expert-2,9.273987
580,58.0,expert-0,aggregator,39.708509
580,58.0,expert-1,aggregator,25.506912
580,58.0,expert-2,aggregator,7.963541
580,58.0,frontend,router,54.218330
580,58.0,frontend,tokenizer,40.107596
580,58.0,router,cache,7.073178
580,58.0,router,expert-0,43.790246
580,58.0,router,expert-1,28.269525
580,58.0,router,expert-2,8.836105
581,58.1,expert-0,aggregator,40.307645
581,58.1,expert-1,aggregator,25.903539
581,58.1,expert-2,aggregator,8.068857
581,58.1,frontend,router,55.053476
581,58.1,frontend,tokenizer,40.721685
581,58.1,router,cache,7.223077
581,58.1,router,expert-0,44.452052
581,58.1,router,expert-1,28.710163
581,58.1,router,expert-2,8.953525
582,58.2,expert-0,aggregator,39.533240
582,58.2,expert-1,aggregator,25.417477
582,58.2,expert-2,aggregator,7.899337
582,58.2,frontend,router,54.012610
582,58.2,frontend,tokenizer,39.948131
582,58.2,router,cache,7.126812
582,58.2,router,expert-0,43.599101
582,58.2,router,expert-1,28.172481
582,58.2,router,expert-2,8.765980
583,58.300000000000004,expert-0,aggregator,41.700991
583,58.300000000000004,expert-1,aggregator,26.823518
583,58.300000000000004,expert-2,aggregator,8.317255
583,58.300000000000004,frontend,router,56.992180
583,58.300000000000004,frontend,tokenizer,42.147970
583,58.300000000000004,router,cache,7.562609
583,58.300000000000004,router,expert-0,45.990953
583,58.300000000000004,router,expert-1,29.732039
583,58.300000000000004,router,expert-2,9.230349
584,58.400000000000006,expert-0,aggregator,41.657966
584,58.400000000000006,expert-1,aggregator,26.808205
584,58.400000000000006,expert-2,aggregator,8.293519
584,58.400000000000006,frontend,router,56.951315
584,58.400000000000006,frontend,tokenizer,42.113862
584,58.400000000000006,router,cache,7.599934
584,58.400000000000006,router,expert-0,45.944670
584,58.400000000000006,router,expert-1,29.716190
584,58.400000000000006,router,expert-2,9.204616
585,58.5,expert-0,aggregator,42.012510
585,58.5,expert-1,aggregator,27.048897
585,58.5,expert-2,aggregator,8.348885
585,58.5,frontend,router,57.454202
585,58.5,frontend,tokenizer,42.481791
585,58.5,router,cache,7.710296
585,58.5,router,expert-0,46.336892
585,58.5,router,expert-1,29.984140
585,58.5,router,expert-2,9.266685
586,58.6,expert-0,aggregator,37.851569
586,58.6,expert-1,aggregator,24.381310
586,58.6,expert-2,aggregator,7.508352
586,58.6,frontend,router,51.780377
586,58.6,frontend,tokenizer,38.282982
586,58.6,router,cache,6.987970
586,58.6,router,expert-0,41.748753
586,58.6,router,expert-1,27.028123
586,58.6,router,expert-2,8.334320
587,58.7,expert-0,aggregator,37.067693
587,58.7,expert-1,aggregator,23.887566
587,58.7,expert-2,aggregator,7.339545
587,58.7,frontend,router,50.724257
587,58.7,frontend,tokenizer,37.498645
587,58.7,router,cache,6.883851
587,58.7,router,expert-0,40.885253
587,58.7,router,expert-1,26.481813
587,58.7,router,expert-2,8.147506
588,58.800000000000004,expert-0,aggregator,42.313179
588,58.800000000000004,expert-1,aggregator,27.280738
588,58.800000000000004,expert-2,aggregator,8.363039
588,58.800000000000004,frontend,router,57.920896
588,58.800000000000004,frontend,tokenizer,42.814836
588,58.800000000000004,router,cache,7.904499
588,58.800000000000004,router,expert-0,46.672218
588,58.800000000000004,router,expert-1,30.244686
588,58.800000000000004,router,expert-2,9.284320
589,58.900000000000006,expert-0,aggregator,41.518146
589,58.900000000000006,expert-1,aggregator,26.780797
589,58.900000000000006,expert-2,aggregator,8.191120
589,58.900000000000006,frontend,router,56.850949
589,58.900000000000006,frontend,tokenizer,42.019965
589,58.900000000000006,router,cache,7.801774
589,58.900000000000006,router,expert-0,45.796527
589,58.900000000000006,router,expert-1,29.691612
589,58.900000000000006,router,expert-2,9.094109
590,59.0,expert-0,aggregator,41.526048
590,59.0,expert-1,aggregator,26.798602
590,59.0,expert-2,aggregator,8.177958
590,59.0,frontend,router,56.880206
590,59.0,frontend,tokenizer,42.037598
590,59.0,router,cache,7.849222
590,59.0,router,expert-0,45.806504
590,59.0,router,expert-1,29.712550
590,59.0,router,expert-2,9.080152
591,59.1,expert-0,aggregator,38.025917
591,59.1,expert-1,aggregator,24.551509
591,59.1,expert-2,aggregator,7.475239
591,59.1,frontend,router,52.102878
591,59.1,frontend,tokenizer,38.503217
591,59.1,router,cache,7.229865
591,59.1,router,expert-0,41.946754
591,59.1,router,expert-1,27.222225
591,59.1,router,expert-2,8.300516
592,59.2,expert-0,aggregator,37.188461
592,59.2,expert-1,aggregator,24.022299
592,59.2,expert-2,aggregator,7.297546
592,59.2,frontend,router,50.972076
592,59.2,frontend,tokenizer,37.663963
592,59.2,router,cache,7.112086
592,59.2,router,expert-0,41.024107
592,59.2,router,expert-1,26.636541
592,59.2,router,expert-2,8.103807
593,59.300000000000004,expert-0,aggregator,42.213881
593,59.300000000000004,expert-1,aggregator,27.281637
593,59.300000000000004,expert-2,aggregator,8.268932
593,59.300000000000004,frontend,router,57.879149
593,59.300000000000004,frontend,tokenizer,42.763579
593,59.300000000000004,router,cache,8.120376
593,59.300000000000004,router,expert-0,46.569183
593,59.300000000000004,router,expert-1,30.251833
593,59.300000000000004,router,expert-2,9.183206
594,59.400000000000006,expert-0,aggregator,38.319338
594,59.400000000000006,expert-1,aggregator,24.776665
594,59.400000000000006,expert-2,aggregator,7.492727
594,59.400000000000006,frontend,router,52.556719
594,59.400000000000006,frontend,tokenizer,38.827388
594,59.400000000000006,router,cache,7.414207
594,59.400000000000006,router,expert-0,42.274055
594,59.400000000000006,router,expert-1,27.475290
594,59.400000000000006,router,expert-2,8.321814
595,59.5,expert-0,aggregator,40.287731
595,59.5,expert-1,aggregator,26.062032
595,59.5,expert-2,aggregator,7.863662
595,59.5,frontend,router,55.274788
595,59.5,frontend,tokenizer,40.831455
595,59.5,router,cache,7.840415
595,59.5,router,expert-0,44.446896
595,59.5,router,expert-1,28.901877
595,59.5,router,expert-2,8.734469
596,59.6,expert-0,aggregator,37.976119
596,59.6,expert-1,aggregator,24.578624
596,59.6,expert-2,aggregator,7.399377
596,59.6,frontend,router,52.120613
596,59.6,frontend,tokenizer,38.497715
596,59.6,router,cache,7.433442
596,59.6,router,expert-0,41.897883
596,59.6,router,expert-1,27.257991
596,59.6,router,expert-2,8.219413
597,59.7,expert-0,aggregator,38.163492
597,59.7,expert-1,aggregator,24.711978
597,59.7,expert-2,aggregator,7.422797
597,59.7,frontend,router,52.395302
597,59.7,frontend,tokenizer,38.696818
597,59.7,router,cache,7.513362
597,59.7,router,expert-0,42.105869
597,59.7,router,expert-1,27.407061
597,59.7,router,expert-2,8.246084
598,59.800000000000004,expert-0,aggregator,37.592631
598,59.800000000000004,expert-1,aggregator,24.354288
598,59.800000000000004,expert-2,aggregator,7.298937
598,59.800000000000004,frontend,router,51.628902
598,59.800000000000004,frontend,tokenizer,38.127041
598,59.800000000000004,router,cache,7.443708
598,59.800000000000004,router,expert-0,41.477296
598,59.800000000000004,router,expert-1,27.011533
598,59.800000000000004,router,expert-2,8.109139
599,59.900000000000006,expert-0,aggregator,37.563691
599,59.900000000000006,expert-1,aggregator,24.347544
599,59.900000000000006,expert-2,aggregator,7.280566
599,59.900000000000006,frontend,router,51.606566
599,59.900000000000006,frontend,tokenizer,38.106784
599,59.900000000000006,router,cache,7.480813
599,59.900000000000006,router,expert-0,41.446637
599,59.900000000000006,router,expert-1,27.005236
599,59.900000000000006,router,expert-2,8.089387
600,60.0,expert-0,aggregator,38.448226
600,60.0,expert-1,aggregator,24.933215
600,60.0,expert-2,aggregator,7.439020
600,60.0,frontend,router,52.839681
600,60.0,frontend,tokenizer,39.013461
600,60.0,router,cache,7.700950
600,60.0,router,expert-0,42.423923
600,60.0,router,expert-1,27.656058
600,60.0,router,expert-2,8.266127
601,60.1,expert-0,aggregator,42.070678
601,60.1,expert-1,aggregator,27.295900
601,60.1,expert-2,aggregator,8.125763
601,60.1,frontend,router,57.837720
601,60.1,frontend,tokenizer,42.699445
601,60.1,router,cache,8.474780
601,60.1,router,expert-0,46.422407
601,60.1,router,expert-1,30.278110
601,60.1,router,expert-2,9.029980
602,60.2,expert-0,aggregator,37.981616
602,60.2,expert-1,aggregator,24.655179
602,60.2,expert-2,aggregator,7.323285
602,60.2,frontend,router,52.234024
602,60.2,frontend,tokenizer,38.558590
602,60.2,router,cache,7.694790
602,60.2,router,expert-0,41.911709
602,60.2,router,expert-1,27.350105
602,60.2,router,expert-2,8.138893
603,60.300000000000004,expert-0,aggregator,40.906522
603,60.300000000000004,expert-1,aggregator,26.567149
603,60.300000000000004,expert-2,aggregator,7.873643
603,60.300000000000004,frontend,router,56.275790
603,60.300000000000004,frontend,tokenizer,41.538011
603,60.300000000000004,router,cache,8.334579
603,60.300000000000004,router,expert-0,45.140714
603,60.300000000000004,router,expert-1,29.472397
603,60.300000000000004,router,expert-2,8.751295
604,60.400000000000006,expert-0,aggregator,40.768668
604,60.400000000000006,expert-1,aggregator,26.490945
604,60.400000000000006,expert-2,aggregator,7.833631
604,60.400000000000006,frontend,router,56.105467
604,60.400000000000006,frontend,tokenizer,41.408122
604,60.400000000000006,router,cache,8.353699
604,60.400000000000006,router,expert-0,44.990051
604,60.400000000000006,router,expert-1,29.389202
604,60.400000000000006,router,expert-2,8.707579
605,60.5,expert-0,aggregator,41.105481
605,60.5,expert-1,aggregator,26.723297
605,60.5,expert-2,aggregator,7.884835
605,60.5,frontend,router,56.588554
605,60.5,frontend,tokenizer,41.760437
605,60.5,router,cache,8.470451
605,60.5,router,expert-0,45.363225
605,60.5,router,expert-1,29.648339
605,60.5,router,expert-2,8.765266
606,60.6,expert-0,aggregator,40.597614
606,60.6,expert-1,aggregator,26.406511
606,60.6,expert-2,aggregator,7.774145
606,60.6,frontend,router,55.908800
606,60.6,frontend,tokenizer,41.254615
606,60.6,router,cache,8.413082
606,60.6,router,expert-0,44.804238
606,60.6,router,expert-1,29.298240
606,60.6,router,expert-2,8.642984
607,60.7,expert-0,aggregator,39.144107
607,60.7,expert-1,aggregator,25.474048
607,60.7,expert-2,aggregator,7.483085
607,60.7,frontend,router,53.925906
607,60.7,frontend,tokenizer,39.787401
607,60.7,router,cache,8.157595
607,60.7,router,expert-0,43.201569
607,60.7,router,expert-1,28.264987
607,60.7,router,expert-2,8.320144
608,60.800000000000004,expert-0,aggregator,42.195492
608,60.800000000000004,expert-1,aggregator,27.473849
608,60.800000000000004,expert-2,aggregator,8.052775
608,60.800000000000004,frontend,router,58.149917
608,60.800000000000004,frontend,tokenizer,42.899556
608,60.800000000000004,router,cache,8.842930
608,60.800000000000004,router,expert-0,46.570819
608,60.800000000000004,router,expert-1,30.485324
608,60.800000000000004,router,expert-2,8.954374
609,60.900000000000006,expert-0,aggregator,41.313368
609,60.900000000000006,expert-1,aggregator,26.913288
609,60.900000000000006,expert-2,aggregator,7.871153
609,60.900000000000006,frontend,router,56.954259
609,60.900000000000006,frontend,tokenizer,42.013159
609,60.900000000000006,router,cache,8.706595
609,60.900000000000006,router,expert-0,45.598784
609,60.900000000000006,router,expert-1,29.864738
609,60.900000000000006,router,expert-2,8.753224
610,61.0,expert-0,aggregator,40.913388
610,61.0,expert-1,aggregator,26.666445
610,61.0,expert-2,aggregator,7.781881
610,61.0,frontend,router,56.422741
610,61.0,frontend,tokenizer,41.616789
610,61.0,router,cache,8.670496
610,61.0,router,expert-0,45.158873
610,61.0,router,expert-1,29.592242
610,61.0,router,expert-2,8.654754
611,61.1,expert-0,aggregator,36.079156
611,61.1,expert-1,aggregator,23.527749
611,61.1,expert-2,aggregator,6.850939
611,61.1,frontend,router,49.773574
611,61.1,frontend,tokenizer,36.708642
611,61.1,router,cache,7.688628
611,61.1,router,expert-0,39.824393
611,61.1,router,expert-1,26.110434
611,61.1,router,expert-2,7.620109
612,61.2,expert-0,aggregator,37.896968
612,61.2,expert-1,aggregator,24.725985
612,61.2,expert-2,aggregator,7.184161
612,61.2,frontend,router,52.299942
612,61.2,frontend,tokenizer,38.567868
612,61.2,router,cache,8.120897
612,61.2,router,expert-0,41.832378
612,61.2,router,expert-1,27.441537
612,61.2,router,expert-2,7.991504
613,61.300000000000004,expert-0,aggregator,37.453656
613,61.300000000000004,expert-1,aggregator,24.449460
613,61.300000000000004,expert-2,aggregator,7.088379
613,61.300000000000004,frontend,router,51.706580
613,61.300000000000004,frontend,tokenizer,38.126332
613,61.300000000000004,router,cache,8.070380
613,61.300000000000004,router,expert-0,41.344502
613,61.300000000000004,router,expert-1,27.135973
613,61.300000000000004,router,expert-2,7.885718
614,61.400000000000006,expert-0,aggregator,40.782657
614,61.400000000000006,expert-1,aggregator,26.636508
614,61.400000000000006,expert-2,aggregator,7.705712
614,61.400000000000006,frontend,router,56.322578
614,61.400000000000006,frontend,tokenizer,41.525643
614,61.400000000000006,router,cache,8.836261
614,61.400000000000006,router,expert-0,45.020950
614,61.400000000000006,router,expert-1,29.564793
614,61.400000000000006,router,expert-2,8.573326
615,61.5,expert-0,aggregator,38.925042
615,61.5,expert-1,aggregator,25.436559
615,61.5,expert-2,aggregator,7.342674
615,61.5,frontend,router,53.776442
615,61.5,frontend,tokenizer,39.644266
615,61.5,router,cache,8.480246
615,61.5,router,expert-0,42.971843
615,61.5,router,expert-1,28.234331
615,61.5,router,expert-2,8.170218
616,61.6,expert-0,aggregator,36.826062
616,61.6,expert-1,aggregator,24.077579
616,61.6,expert-2,aggregator,6.935404
616,61.6,frontend,router,50.894960
616,61.6,frontend,tokenizer,37.516075
616,61.6,router,cache,8.067036
616,61.6,router,expert-0,40.656132
616,61.6,router,expert-1,26.727215
616,61.6,router,expert-2,7.717816
617,61.7,expert-0,aggregator,36.088787
617,61.7,expert-1,aggregator,23.607981
617,61.7,expert-2,aggregator,6.785529
617,61.7,frontend,router,49.894060
617,61.7,frontend,tokenizer,36.774403
617,61.7,router,cache,7.948833
617,61.7,router,expert-0,39.843649
617,61.7,router,expert-1,26.207262
617,61.7,router,expert-2,7.551793
618,61.800000000000004,expert-0,aggregator,41.331114
618,61.800000000000004,expert-1,aggregator,27.051632
618,61.800000000000004,expert-2,aggregator,7.758665
618,61.800000000000004,frontend,router,57.162510
618,61.800000000000004,frontend,tokenizer,42.127150
618,61.800000000000004,router,cache,9.153213
618,61.800000000000004,router,expert-0,45.633117
618,61.800000000000004,router,expert-1,30.031591
618,61.800000000000004,router,expert-2,8.635701
619,61.900000000000006,expert-0,aggregator,36.871224
619,61.900000000000006,expert-1,aggregator,24.145403
619,61.900000000000006,expert-2,aggregator,6.910343
619,61.900000000000006,frontend,router,51.012884
619,61.900000000000006,frontend,tokenizer,37.591056
619,61.900000000000006,router,cache,8.209984
619,61.900000000000006,router,expert-0,40.710545
619,61.900000000000006,router,expert-1,26.806588
619,61.900000000000006,router,expert-2,7.692275
620,62.0,expert-0,aggregator,36.710287
620,62.0,expert-1,aggregator,24.052819
620,62.0,expert-2,aggregator,6.869192
620,62.0,frontend,router,50.808783
620,62.0,frontend,tokenizer,37.436665
620,62.0,router,cache,8.218523
620,62.0,router,expert-0,40.534390
620,62.0,router,expert-1,26.705175
620,62.0,router,expert-2,7.647262
621,62.1,expert-0,aggregator,39.005846
621,62.1,expert-1,aggregator,25.570543
621,62.1,expert-2,aggregator,7.287141
621,62.1,frontend,router,54.005740
621,62.1,frontend,tokenizer,39.787977
621,62.1,router,cache,8.779703
621,62.1,router,expert-0,43.070727
621,62.1,router,expert-1,28.391733
621,62.1,router,expert-2,8.113404
622,62.2,expert-0,aggregator,36.640375
622,62.2,expert-1,aggregator,24.032719
622,62.2,expert-2,aggregator,6.834407
622,62.2,frontend,router,50.749277
622,62.2,frontend,tokenizer,37.384813
622,62.2,router,cache,8.291766
622,62.2,router,expert-0,40.460309
622,62.2,router,expert-1,26.685635
622,62.2,router,expert-2,7.610142
623,62.300000000000004,expert-0,aggregator,40.723335
623,62.300000000000004,expert-1,aggregator,26.725130
623,62.300000000000004,expert-2,aggregator,7.584056
623,62.300000000000004,frontend,router,56.425256
623,62.300000000000004,frontend,tokenizer,41.561592
623,62.300000000000004,router,cache,9.265318
623,62.300000000000004,router,expert-0,44.970692
623,62.300000000000004,router,expert-1,29.676815
623,62.300000000000004,router,expert-2,8.445785
624,62.400000000000006,expert-0,aggregator,37.885282
624,62.400000000000006,expert-1,aggregator,24.876038
624,62.400000000000006,expert-2,aggregator,7.044497
624,62.400000000000006,frontend,router,52.512354
624,62.400000000000006,frontend,tokenizer,38.675261
624,62.400000000000006,router,cache,8.665831
624,62.400000000000006,router,expert-0,41.838282
624,62.400000000000006,router,expert-1,27.624959
624,62.400000000000006,router,expert-2,7.845767
625,62.5,expert-0,aggregator,37.450124
625,62.5,expert-1,aggregator,24.603612
625,62.5,expert-2,aggregator,6.952771
625,62.5,frontend,router,51.928467
625,62.5,frontend,tokenizer,38.241090
625,62.5,router,cache,8.612088
625,62.5,router,expert-0,41.359361
625,62.5,router,expert-1,27.323883
625,62.5,router,expert-2,7.744454
626,62.6,expert-0,aggregator,36.965036
626,62.6,expert-1,aggregator,24.298102
626,62.6,expert-2,aggregator,6.852123
626,62.6,frontend,router,51.274940
626,62.6,frontend,tokenizer,37.755721
626,62.6,router,cache,8.545838
626,62.6,router,expert-0,40.825271
626,62.6,router,expert-1,26.986041
626,62.6,router,expert-2,7.633187
627,62.7,expert-0,aggregator,40.364155
627,62.7,expert-1,aggregator,26.546874
627,62.7,expert-2,aggregator,7.470734
627,62.7,frontend,router,56.010851
627,62.7,frontend,tokenizer,41.238466
627,62.7,router,cache,9.381244
627,62.7,router,expert-0,44.581157
627,62.7,router,expert-1,29.485170
627,62.7,router,expert-2,8.323240
628,62.800000000000004,expert-0,aggregator,36.443513
628,62.800000000000004,expert-1,aggregator,23.981413
628,62.800000000000004,expert-2,aggregator,6.734808
628,62.800000000000004,frontend,router,50.589375
628,62.800000000000004,frontend,tokenizer,37.242792
628,62.800000000000004,router,cache,8.514882
628,62.800000000000004,router,expert-0,40.252549
628,62.800000000000004,router,expert-1,26.637199
628,62.800000000000004,router,expert-2,7.504179
629,62.900000000000006,expert-0,aggregator,36.759704
629,62.900000000000006,expert-1,aggregator,24.202721
629,62.900000000000006,expert-2,aggregator,6.782954
629,62.900000000000006,frontend,router,51.047485
629,62.900000000000006,frontend,tokenizer,37.575927
629,62.900000000000006,router,cache,8.634098
629,62.900000000000006,router,expert-0,40.603455
629,62.900000000000006,router,expert-1,26.884485
629,62.900000000000006,router,expert-2,7.558683
630,63.0,expert-0,aggregator,40.319630
630,63.0,expert-1,aggregator,26.561163
630,63.0,expert-2,aggregator,7.428643
630,63.0,frontend,router,56.012201
630,63.0,frontend,tokenizer,41.225915
630,63.0,router,cache,9.520083
630,63.0,router,expert-0,44.537466
630,63.0,router,expert-1,29.505872
630,63.0,router,expert-2,8.279165
631,63.1,expert-0,aggregator,38.631497
631,63.1,expert-1,aggregator,25.463089
631,63.1,expert-2,aggregator,7.106979
631,63.1,frontend,router,53.687337
631,63.1,frontend,tokenizer,39.510426
631,63.1,router,cache,9.169332
631,63.1,router,expert-0,42.674518
631,63.1,router,expert-1,28.287623
631,63.1,router,expert-2,7.921588
632,63.2,expert-0,aggregator,36.252492
632,63.2,expert-1,aggregator,23.908210
632,63.2,expert-2,aggregator,6.659418
632,63.2,frontend,router,50.400273
632,63.2,frontend,tokenizer,37.087263
632,63.2,router,cache,8.649652
632,63.2,router,expert-0,40.048219
632,63.2,router,expert-1,26.561744
632,63.2,router,expert-2,7.423593
633,63.300000000000004,expert-0,aggregator,36.238126
633,63.300000000000004,expert-1,aggregator,23.911963
633,63.300000000000004,expert-2,aggregator,6.646967
633,63.300000000000004,frontend,router,50.399463
633,63.300000000000004,frontend,tokenizer,37.082562
633,63.300000000000004,router,cache,8.691280
633,63.300000000000004,router,expert-0,40.034046
633,63.300000000000004,router,expert-1,26.567399
633,63.300000000000004,router,expert-2,7.410586
634,63.400000000000006,expert-0,aggregator,38.196924
634,63.400000000000006,expert-1,aggregator,25.218476
634,63.400000000000006,expert-2,aggregator,6.996005
634,63.400000000000006,frontend,router,53.143996
634,63.400000000000006,frontend,tokenizer,39.097575
634,63.400000000000006,router,cache,9.208656
634,63.400000000000006,router,expert-0,42.199830
634,63.400000000000006,router,expert-1,28.020578
634,63.400000000000006,router,expert-2,7.800649
635,63.5,expert-0,aggregator,37.879568
635,63.5,expert-1,aggregator,25.022866
635,63.5,expert-2,aggregator,6.927799
635,63.5,frontend,router,52.722613
635,63.5,frontend,tokenizer,38.783252
635,63.5,router,cache,9.179423
635,63.5,router,expert-0,41.851019
635,63.5,router,expert-1,27.804806
635,63.5,router,expert-2,7.725525
636,63.6,expert-0,aggregator,35.608270
636,63.6,expert-1,aggregator,23.535590
636,63.6,expert-2,aggregator,6.503009
636,63.6,frontend,router,49.580319
636,63.6,frontend,tokenizer,36.467682
636,63.6,router,cache,8.673538
636,63.6,router,expert-0,39.343296
636,63.6,router,expert-1,26.153669
636,63.6,router,expert-2,7.252697
637,63.7,expert-0,aggregator,38.259890
637,63.7,expert-1,aggregator,25.302343
637,63.7,expert-2,aggregator,6.977264
637,63.7,frontend,router,53.292874
637,63.7,frontend,tokenizer,39.193985
637,63.7,router,cache,9.367350
637,63.7,router,expert-0,42.274899
637,63.7,router,expert-1,28.118564
637,63.7,router,expert-2,7.782575
638,63.800000000000004,expert-0,aggregator,39.577325
638,63.800000000000004,expert-1,aggregator,26.188275
638,63.800000000000004,expert-2,aggregator,7.207267
638,63.800000000000004,frontend,router,55.149211
638,63.800000000000004,frontend,tokenizer,40.554671
638,63.800000000000004,router,cache,9.739568
638,63.800000000000004,router,expert-0,43.732514
638,63.800000000000004,router,expert-1,29.104777
638,63.800000000000004,router,expert-2,8.040113
639,63.900000000000006,expert-0,aggregator,39.085985
639,63.900000000000006,expert-1,aggregator,25.877691
639,63.900000000000006,expert-2,aggregator,7.107761
639,63.900000000000006,frontend,router,54.485606
639,63.900000000000006,frontend,tokenizer,40.062178
639,63.900000000000006,router,cache,9.667786
639,63.900000000000006,router,expert-0,43.191506
639,63.900000000000006,router,expert-1,28.761268
639,63.900000000000006,router,expert-2,7.930092
640,64.0,expert-0,aggregator,38.646093
640,64.0,expert-1,aggregator,25.600866
640,64.0,expert-2,aggregator,7.017943
640,64.0,frontend,router,53.893279
640,64.0,frontend,tokenizer,39.622188
640,64.0,router,cache,9.607641
640,64.0,router,expert-0,42.707318
640,64.0,router,expert-1,28.455252
640,64.0,router,expert-2,7.830862
641,64.10000000000001,expert-0,aggregator,40.086899
641,64.10000000000001,expert-1,aggregator,26.570315
641,64.10000000000001,expert-2,aggregator,7.269494
641,64.10000000000001,frontend,router,55.924254
641,64.10000000000001,frontend,tokenizer,41.110713
641,64.10000000000001,router,cache,10.016394
641,64.10000000000001,router,expert-0,44.301532
641,64.10000000000001,router,expert-1,29.534519
641,64.10000000000001,router,expert-2,8.112574
642,64.2,expert-0,aggregator,39.361521
642,64.2,expert-1,aggregator,26.104289
642,64.2,expert-2,aggregator,7.128138
642,64.2,frontend,router,54.933686
642,64.2,frontend,tokenizer,40.377962
642,64.2,router,cache,9.884871
642,64.2,router,expert-0,43.501864
642,64.2,router,expert-1,29.018209
642,64.2,router,expert-2,7.955836
643,64.3,expert-0,aggregator,34.718907
643,64.3,expert-1,aggregator,23.038403
643,64.3,expert-2,aggregator,6.278818
643,64.3,frontend,router,48.473287
643,64.3,frontend,tokenizer,35.625327
643,64.3,router,cache,8.762900
643,64.3,router,expert-0,38.372659
643,64.3,router,expert-1,25.611604
643,64.3,router,expert-2,7.008794
644,64.4,expert-0,aggregator,35.469788
644,64.4,expert-1,aggregator,23.550047
644,64.4,expert-2,aggregator,6.405945
644,64.4,frontend,router,49.541023
644,64.4,frontend,tokenizer,36.405918
644,64.4,router,cache,8.997369
644,64.4,router,expert-0,39.204366
644,64.4,router,expert-1,26.181950
644,64.4,router,expert-2,7.151624
645,64.5,expert-0,aggregator,35.343515
645,64.5,expert-1,aggregator,23.479581
645,64.5,expert-2,aggregator,6.374592
645,64.5,frontend,router,49.384024
645,64.5,frontend,tokenizer,36.286410
645,64.5,router,cache,9.010196
645,64.5,router,expert-0,39.066610
645,64.5,router,expert-1,26.105168
645,64.5,router,expert-2,7.117548
646,64.60000000000001,expert-0,aggregator,39.341565
646,64.60000000000001,expert-1,aggregator,26.150512
646,64.60000000000001,expert-2,aggregator,7.086268
646,64.60000000000001,frontend,router,54.991950
646,64.60000000000001,frontend,tokenizer,40.402391
646,64.60000000000001,router,cache,10.079433
646,64.60000000000001,router,expert-0,43.487846
646,64.60000000000001,router,expert-1,29.076520
646,64.60000000000001,router,expert-2,7.913207
647,64.7,expert-0,aggregator,39.288148
647,64.7,expert-1,aggregator,26.129951
647,64.7,expert-2,aggregator,7.067343
647,64.7,frontend,router,54.938929
647,64.7,frontend,tokenizer,40.358819
647,64.7,router,cache,10.115757
647,64.7,router,expert-0,43.430841
647,64.7,router,expert-1,29.055412
647,64.7,router,expert-2,7.893117
648,64.8,expert-0,aggregator,35.613790
648,64.8,expert-1,aggregator,23.699776
648,64.8,expert-2,aggregator,6.398039
648,64.8,frontend,router,49.820531
648,64.8,frontend,tokenizer,36.594584
648,64.8,router,cache,9.215094
648,64.8,router,expert-0,39.370909
648,64.8,router,expert-1,26.354756
648,64.8,router,expert-2,7.146560
649,64.9,expert-0,aggregator,38.993550
649,64.9,expert-1,aggregator,25.963805
649,64.9,expert-2,aggregator,6.996181
649,64.9,frontend,router,54.570112
649,64.9,frontend,tokenizer,40.078681
649,64.9,router,cache,10.139382
649,64.9,router,expert-0,43.109277
649,64.9,router,expert-1,28.874174
649,64.9,router,expert-2,7.815729
650,65.0,expert-0,aggregator,34.480785
650,65.0,expert-1,aggregator,22.972207
650,65.0,expert-2,aggregator,6.178606
650,65.0,frontend,router,48.273801
650,65.0,frontend,tokenizer,35.450313
650,65.0,router,cache,9.010010
650,65.0,router,expert-0,38.122024
650,65.0,router,expert-1,25.548803
650,65.0,router,expert-2,6.903314
651,65.10000000000001,expert-0,aggregator,39.652667
651,65.10000000000001,expert-1,aggregator,26.433124
651,65.10000000000001,expert-2,aggregator,7.096373
651,65.10000000000001,frontend,router,55.536613
651,65.10000000000001,frontend,tokenizer,40.779123
651,65.10000000000001,router,cache,10.412196
651,65.10000000000001,router,expert-0,43.842184
651,65.10000000000001,router,expert-1,29.399709
651,65.10000000000001,router,expert-2,7.929809
652,65.2,expert-0,aggregator,34.887688
652,65.2,expert-1,aggregator,23.270154
652,65.2,expert-2,aggregator,6.235806
652,65.2,frontend,router,48.882361
652,65.2,frontend,tokenizer,35.888928
652,65.2,router,cache,9.205688
652,65.2,router,expert-0,38.575635
652,65.2,router,expert-1,25.883360
652,65.2,router,expert-2,6.969128
653,65.3,expert-0,aggregator,40.136536
653,65.3,expert-1,aggregator,26.786652
653,65.3,expert-2,aggregator,7.165102
653,65.3,frontend,router,56.259159
653,65.3,frontend,tokenizer,41.300116
653,65.3,router,cache,10.642174
653,65.3,router,expert-0,44.381508
653,65.3,router,expert-1,29.796606
653,65.3,router,expert-2,8.008813
654,65.4,expert-0,aggregator,37.400293
654,65.4,expert-1,aggregator,24.974999
654,65.4,expert-2,aggregator,6.668457
654,65.4,frontend,router,52.444754
654,65.4,frontend,tokenizer,38.495478
654,65.4,router,cache,9.964699
654,65.4,router,expert-0,41.357908
654,65.4,router,expert-1,27.783115
654,65.4,router,expert-2,7.454724
655,65.5,expert-0,aggregator,36.001368
655,65.5,expert-1,aggregator,24.054806
655,65.5,expert-2,aggregator,6.411256
655,65.5,frontend,router,50.503340
655,65.5,frontend,tokenizer,37.066135
655,65.5,router,cache,9.638272
655,65.5,router,expert-0,39.812926
655,65.5,router,expert-1,26.761135
655,65.5,router,expert-2,7.168200
656,65.60000000000001,expert-0,aggregator,38.255366
656,65.60000000000001,expert-1,aggregator,25.575731
656,65.60000000000001,expert-2,aggregator,6.804498
656,65.60000000000001,frontend,router,53.686839
656,65.60000000000001,frontend,tokenizer,39.398029
656,65.60000000000001,router,cache,10.290957
656,65.60000000000001,router,expert-0,42.307672
656,65.60000000000001,router,expert-1,28.454966
656,65.60000000000001,router,expert-2,7.608943
657,65.7,expert-0,aggregator,37.281319
657,65.7,expert-1,aggregator,24.939068
657,65.7,expert-2,aggregator,6.623395
657,65.7,frontend,router,52.340931
657,65.7,frontend,tokenizer,38.405859
657,65.7,router,cache,10.076974
657,65.7,router,expert-0,41.232516
657,65.7,router,expert-1,27.748384
657,65.7,router,expert-2,7.407480
658,65.8,expert-0,aggregator,35.150115
658,65.8,expert-1,aggregator,23.527155
658,65.8,expert-2,aggregator,6.237460
658,65.8,frontend,router,49.368730
658,65.8,frontend,tokenizer,36.220737
658,65.8,router,cache,9.546262
658,65.8,router,expert-0,38.877405
658,65.8,router,expert-1,26.179085
658,65.8,router,expert-2,6.976855
659,65.9,expert-0,aggregator,35.477048
659,65.9,expert-1,aggregator,23.759880
659,65.9,expert-2,aggregator,6.288199
659,65.9,frontend,router,49.848033
659,65.9,frontend,tokenizer,36.568113
659,65.9,router,cache,9.680861
659,65.9,router,expert-0,39.241000
659,65.9,router,expert-1,26.439729
659,65.9,router,expert-2,7.034620
660,66.0,expert-0,aggregator,38.533385
660,66.0,expert-1,aggregator,25.821916
660,66.0,expert-2,aggregator,6.822129
660,66.0,frontend,router,54.164330
660,66.0,frontend,tokenizer,39.729860
660,66.0,router,cache,10.564667
660,66.0,router,expert-0,42.623782
660,66.0,router,expert-1,28.736180
660,66.0,router,expert-2,7.633032
661,66.10000000000001,expert-0,aggregator,36.189285
661,66.10000000000001,expert-1,aggregator,24.265331
661,66.10000000000001,expert-2,aggregator,6.399897
661,66.10000000000001,frontend,router,50.889967
661,66.10000000000001,frontend,tokenizer,37.323716
661,66.10000000000001,router,cache,9.968802
661,66.10000000000001,router,expert-0,40.032911
661,66.10000000000001,router,expert-1,27.005656
661,66.10000000000001,router,expert-2,7.161654
662,66.2,expert-0,aggregator,39.118021
662,66.2,expert-1,aggregator,26.244506
662,66.2,expert-2,aggregator,6.910131
662,66.2,frontend,router,55.030732
662,66.2,frontend,tokenizer,40.355894
662,66.2,router,cache,10.826207
662,66.2,router,expert-0,43.274945
662,66.2,router,expert-1,29.210229
662,66.2,router,expert-2,7.733753
663,66.3,expert-0,aggregator,34.402839
663,66.3,expert-1,aggregator,23.094656
663,66.3,expert-2,aggregator,6.070529
663,66.3,frontend,router,48.417151
663,66.3,frontend,tokenizer,35.501754
663,66.3,router,cache,9.565824
663,66.3,router,expert-0,38.060680
663,66.3,router,expert-1,25.706102
663,66.3,router,expert-2,6.795079
664,66.4,expert-0,aggregator,34.952287
664,66.4,expert-1,aggregator,23.477340
664,66.4,expert-2,aggregator,6.160800
664,66.4,frontend,router,49.210455
664,66.4,frontend,tokenizer,36.079191
664,66.4,router,cache,9.763927
664,66.4,router,expert-0,38.670574
664,66.4,router,expert-1,26.133760
664,66.4,router,expert-2,6.897147
665,66.5,expert-0,aggregator,38.606036
665,66.5,expert-1,aggregator,25.946866
665,66.5,expert-2,aggregator,6.797550
665,66.5,frontend,router,54.376857
665,66.5,frontend,tokenizer,39.862292
665,66.5,router,cache,10.834705
665,66.5,router,expert-0,42.715266
665,66.5,router,expert-1,28.884597
665,66.5,router,expert-2,7.611137
666,66.60000000000001,expert-0,aggregator,37.933199
666,66.60000000000001,expert-1,aggregator,25.509735
666,66.60000000000001,expert-2,aggregator,6.672044
666,66.60000000000001,frontend,router,53.450987
666,66.60000000000001,frontend,tokenizer,39.178931
666,66.60000000000001,router,cache,10.695138
666,66.60000000000001,router,expert-0,41.973036
666,66.60000000000001,router,expert-1,28.399837
666,66.60000000000001,router,expert-2,7.471731
667,66.7,expert-0,aggregator,35.765736
667,66.7,expert-1,aggregator,24.066379
667,66.7,expert-2,aggregator,6.284279
667,66.7,frontend,router,50.417471
667,66.7,frontend,tokenizer,36.951029
667,66.7,router,cache,10.130509
667,66.7,router,expert-0,39.576850
667,66.7,router,expert-1,26.794723
667,66.7,router,expert-2,7.038551
668,66.8,expert-0,aggregator,39.646393
668,66.8,expert-1,aggregator,26.693449
668,66.8,expert-2,aggregator,6.959010
668,66.8,frontend,router,55.910768
668,66.8,frontend,tokenizer,40.972220
668,66.8,router,cache,11.281245
668,66.8,router,expert-0,43.873372
668,66.8,router,expert-1,29.721584
668,66.8,router,expert-2,7.795450
669,66.9,expert-0,aggregator,38.913518
669,66.9,expert-1,aggregator,26.215568
669,66.9,expert-2,aggregator,6.823489
669,66.9,frontend,router,54.899755
669,66.9,frontend,tokenizer,40.226565
669,66.9,router,cache,11.123339
669,66.9,router,expert-0,43.064681
669,66.9,router,expert-1,29.191429
669,66.9,router,expert-2,7.644806
670,67.0,expert-0,aggregator,39.736871
670,67.0,expert-1,aggregator,26.786163
670,67.0,expert-2,aggregator,6.960953
670,67.0,frontend,router,56.084384
670,67.0,frontend,tokenizer,41.089697
670,67.0,router,cache,11.410423
670,67.0,router,expert-0,43.978250
670,67.0,router,expert-1,29.828783
670,67.0,router,expert-2,7.800012
671,67.10000000000001,expert-0,aggregator,39.600531
671,67.10000000000001,expert-1,aggregator,26.710143
671,67.10000000000001,expert-2,aggregator,6.930298
671,67.10000000000001,frontend,router,55.914946
671,67.10000000000001,frontend,tokenizer,40.960691
671,67.10000000000001,router,cache,11.422852
671,67.10000000000001,router,expert-0,43.829745
671,67.10000000000001,router,expert-1,29.746118
671,67.10000000000001,router,expert-2,7.766859
672,67.2,expert-0,aggregator,39.693771
672,67.2,expert-1,aggregator,26.788983
672,67.2,expert-2,aggregator,6.939945
672,67.2,frontend,router,56.069684
672,67.2,frontend,tokenizer,41.069158
672,67.2,router,cache,11.501471
672,67.2,router,expert-0,43.935350
672,67.2,router,expert-1,29.835922
672,67.2,router,expert-2,7.778876
673,67.3,expert-0,aggregator,38.615992
673,67.3,expert-1,aggregator,26.077143
673,67.3,expert-2,aggregator,6.745133
673,67.3,frontend,router,54.569756
673,67.3,frontend,tokenizer,39.965750
673,67.3,router,cache,11.239520
673,67.3,router,expert-0,42.744756
673,67.3,router,expert-1,29.045074
673,67.3,router,expert-2,7.561693
674,67.4,expert-0,aggregator,37.734536
674,67.4,expert-1,aggregator,25.497114
674,67.4,expert-2,aggregator,6.585050
674,67.4,frontend,router,53.346153
674,67.4,frontend,tokenizer,39.064951
674,67.4,router,cache,11.032175
674,67.4,router,expert-0,41.771369
674,67.4,router,expert-1,28.400951
674,67.4,router,expert-2,7.383387
675,67.5,expert-0,aggregator,34.962717
675,67.5,expert-1,aggregator,23.638322
675,67.5,expert-2,aggregator,6.095777
675,67.5,frontend,router,49.448002
675,67.5,frontend,tokenizer,36.206046
675,67.5,router,cache,10.267408
675,67.5,router,expert-0,38.705175
675,67.5,router,expert-1,26.332249
675,67.5,router,expert-2,6.835872
676,67.60000000000001,expert-0,aggregator,35.899788
676,67.60000000000001,expert-1,aggregator,24.286396
676,67.60000000000001,expert-2,aggregator,6.253552
676,67.60000000000001,frontend,router,50.794320
676,67.60000000000001,frontend,tokenizer,37.187384
676,67.60000000000001,router,cache,10.589442
676,67.60000000000001,router,expert-0,39.744776
676,67.60000000000001,router,expert-1,27.056022
676,67.60000000000001,router,expert-2,7.013911
677,67.7,expert-0,aggregator,39.041074
677,67.7,expert-1,aggregator,26.427306
677,67.7,expert-2,aggregator,6.794770
677,67.7,frontend,router,55.261783
677,67.7,frontend,tokenizer,40.453253
677,67.7,router,cache,11.566993
677,67.7,router,expert-0,43.224934
677,67.7,router,expert-1,29.443093
677,67.7,router,expert-2,7.622146
678,67.8,expert-0,aggregator,34.250328
678,67.8,expert-1,aggregator,23.198293
678,67.8,expert-2,aggregator,5.955842
678,67.8,frontend,router,48.500692
678,67.8,frontend,tokenizer,35.499688
678,67.8,router,cache,10.192318
678,67.8,router,expert-0,37.922928
678,67.8,router,expert-1,25.847369
678,67.8,router,expert-2,6.682131
679,67.9,expert-0,aggregator,37.853087
679,67.9,expert-1,aggregator,25.653876
679,67.9,expert-2,aggregator,6.576767
679,67.9,frontend,router,53.624683
679,67.9,frontend,tokenizer,39.245452
679,67.9,router,cache,11.313864
679,67.9,router,expert-0,41.914385
679,67.9,router,expert-1,28.585326
679,67.9,router,expert-2,7.379958
680,68.0,expert-0,aggregator,38.047934
680,68.0,expert-1,aggregator,25.801406
680,68.0,expert-2,aggregator,6.605144
680,68.0,frontend,router,53.923110
680,68.0,frontend,tokenizer,39.459128
680,68.0,router,cache,11.421788
680,68.0,router,expert-0,42.132543
680,68.0,router,expert-1,28.751697
680,68.0,router,expert-2,7.412995
681,68.10000000000001,expert-0,aggregator,34.780247
681,68.10000000000001,expert-1,aggregator,23.599659
681,68.10000000000001,expert-2,aggregator,6.032973
681,68.10000000000001,frontend,router,49.312507
681,68.10000000000001,frontend,tokenizer,36.080916
681,68.10000000000001,router,cache,10.486269
681,68.10000000000001,router,expert-0,38.516265
681,68.10000000000001,router,expert-1,26.300009
681,68.10000000000001,router,expert-2,6.771939
682,68.2,expert-0,aggregator,36.880946
682,68.2,expert-1,aggregator,25.040102
682,68.2,expert-2,aggregator,6.392280
682,68.2,frontend,router,52.312709
682,68.2,frontend,tokenizer,38.271507
682,68.2,router,cache,11.167800
682,68.2,router,expert-0,40.844970
682,68.2,router,expert-1,27.907209
682,68.2,router,expert-2,7.176422
683,68.3,expert-0,aggregator,36.834063
683,68.3,expert-1,aggregator,25.023313
683,68.3,expert-2,aggregator,6.379195
683,68.3,frontend,router,52.267972
683,68.3,frontend,tokenizer,38.234187
683,68.3,router,cache,11.201709
683,68.3,router,expert-0,40.795410
683,68.3,router,expert-1,27.890439
683,68.3,router,expert-2,7.162900
684,68.4,expert-0,aggregator,37.605074
684,68.4,expert-1,aggregator,25.562477
684,68.4,expert-2,aggregator,6.507780
684,68.4,frontend,router,53.384293
684,68.4,frontend,tokenizer,39.046089
684,68.4,router,cache,11.485295
684,68.4,router,expert-0,41.651764
684,68.4,router,expert-1,28.493369
684,68.4,router,expert-2,7.308478
685,68.5,expert-0,aggregator,37.289739
685,68.5,expert-1,aggregator,25.363389
685,68.5,expert-2,aggregator,6.448423
685,68.5,frontend,router,52.958727
685,68.5,frontend,tokenizer,38.730168
685,68.5,router,cache,11.437680
685,68.5,router,expert-0,41.304910
685,68.5,router,expert-1,28.273435
685,68.5,router,expert-2,7.243009
686,68.60000000000001,expert-0,aggregator,34.098738
686,68.60000000000001,expert-1,aggregator,23.206938
686,68.60000000000001,expert-2,aggregator,5.892342
686,68.60000000000001,frontend,router,48.447099
686,68.60000000000001,frontend,tokenizer,35.426430
686,68.60000000000001,router,cache,10.503443
686,68.60000000000001,router,expert-0,37.772537
686,68.60000000000001,router,expert-1,25.871383
686,68.60000000000001,router,expert-2,6.619500
687,68.7,expert-0,aggregator,34.013862
687,68.7,expert-1,aggregator,23.163128
687,68.7,expert-2,aggregator,5.873525
687,68.7,frontend,router,48.346698
687,68.7,frontend,tokenizer,35.348759
687,68.7,router,cache,10.521701
687,68.7,router,expert-0,37.680740
687,68.7,router,expert-1,25.824362
687,68.7,router,expert-2,6.599454
688,68.8,expert-0,aggregator,37.721470
688,68.8,expert-1,aggregator,25.703468
688,68.8,expert-2,aggregator,6.509274
688,68.8,frontend,router,53.639039
688,68.8,frontend,tokenizer,39.213543
688,68.8,router,cache,11.717827
688,68.8,router,expert-0,41.790526
688,68.8,router,expert-1,28.658588
688,68.8,router,expert-2,7.314993
689,68.9,expert-0,aggregator,33.742997
689,68.9,expert-1,aggregator,23.006403
689,68.9,expert-2,aggregator,5.818842
689,68.9,frontend,router,48.001813
689,68.9,frontend,tokenizer,35.088148
689,68.9,router,cache,10.525977
689,68.9,router,expert-0,37.385117
689,68.9,router,expert-1,25.653259
689,68.9,router,expert-2,6.540190
690,69.0,expert-0,aggregator,35.703859
690,69.0,expert-1,aggregator,24.358036
690,69.0,expert-2,aggregator,6.152971
690,69.0,frontend,router,50.812533
690,69.0,frontend,tokenizer,37.138241
690,69.0,router,cache,11.184229
690,69.0,router,expert-0,39.559993
690,69.0,router,expert-1,27.162325
690,69.0,router,expert-2,6.916898
691,69.10000000000001,cache,aggregator,5.128334
691,69.10000000000001,expert-0,aggregator,39.467213
691,69.10000000000001,expert-1,aggregator,26.941744
691,69.10000000000001,expert-2,aggregator,6.797215
691,69.10000000000001,frontend,router,56.191929
691,69.10000000000001,frontend,tokenizer,41.065027
691,69.10000000000001,router,cache,12.414559
691,69.10000000000001,router,expert-0,43.732429
691,69.10000000000001,router,expert-1,30.045630
691,69.10000000000001,router,expert-2,7.642413
692,69.2,expert-0,aggregator,34.283546
692,69.2,expert-1,aggregator,23.417319
692,69.2,expert-2,aggregator,5.900830
692,69.2,frontend,router,48.832065
692,69.2,frontend,tokenizer,35.682142
692,69.2,router,cache,10.828699
692,69.2,router,expert-0,37.990856
692,69.2,router,expert-1,26.117031
692,69.2,router,expert-2,6.635685
693,69.3,expert-0,aggregator,37.462935
693,69.3,expert-1,aggregator,25.604453
693,69.3,expert-2,aggregator,6.444216
693,69.3,frontend,router,53.383014
693,69.3,frontend,tokenizer,39.002871
693,69.3,router,cache,11.881735
693,69.3,router,expert-0,41.516568
693,69.3,router,expert-1,28.558357
693,69.3,router,expert-2,7.247966
694,69.4,expert-0,aggregator,35.701099
694,69.4,expert-1,aggregator,24.415049
694,69.4,expert-2,aggregator,6.137605
694,69.4,frontend,router,50.893800
694,69.4,frontend,tokenizer,37.179712
694,69.4,router,cache,11.369436
694,69.4,router,expert-0,39.566502
694,69.4,router,expert-1,27.233690
694,69.4,router,expert-2,6.904284
695,69.5,expert-0,aggregator,35.632000
695,69.5,expert-1,aggregator,24.382519
695,69.5,expert-2,aggregator,6.122302
695,69.5,frontend,router,50.816594
695,69.5,frontend,tokenizer,37.118835
695,69.5,router,cache,11.393800
695,69.5,router,expert-0,39.492334
695,69.5,router,expert-1,27.199361
695,69.5,router,expert-2,6.888241
696,69.60000000000001,expert-0,aggregator,37.051659
696,69.60000000000001,expert-1,aggregator,25.369295
696,69.60000000000001,expert-2,aggregator,6.362790
696,69.60000000000001,frontend,router,52.863404
696,69.60000000000001,frontend,tokenizer,38.609266
696,69.60000000000001,router,cache,11.895942
696,69.60000000000001,router,expert-0,41.068317
696,69.60000000000001,router,expert-1,28.302179
696,69.60000000000001,router,expert-2,7.160037
697,69.7,expert-0,aggregator,34.362553
697,69.7,expert-1,aggregator,23.542283
697,69.7,expert-2,aggregator,5.897923
697,69.7,frontend,router,49.047293
697,69.7,frontend,tokenizer,35.817816
697,69.7,router,cache,11.077229
697,69.7,router,expert-0,38.090040
697,69.7,router,expert-1,26.265849
697,69.7,router,expert-2,6.638058
698,69.8,cache,aggregator,5.175662
698,69.8,expert-0,aggregator,38.480551
698,69.8,expert-1,aggregator,26.379516
698,69.8,expert-2,aggregator,6.601414
698,69.8,frontend,router,54.948151
698,69.8,frontend,tokenizer,40.122204
698,69.8,router,cache,12.454699
698,69.8,router,expert-0,42.657376
698,69.8,router,expert-1,29.433450
698,69.8,router,expert-2,7.431104
699,69.9,expert-0,aggregator,36.887238
699,69.9,expert-1,aggregator,25.302538
699,69.9,expert-2,aggregator,6.325025
699,69.9,frontend,router,52.695089
699,69.9,frontend,tokenizer,38.472419
699,69.9,router,cache,11.986878
699,69.9,router,expert-0,40.893658
699,69.9,router,expert-1,28.233841
699,69.9,router,expert-2,7.121201
700,70.0,cache,aggregator,5.129696
700,70.0,expert-0,aggregator,37.771833
700,70.0,expert-1,aggregator,25.924976
700,70.0,expert-2,aggregator,6.473705
700,70.0,frontend,router,53.981417
700,70.0,frontend,tokenizer,39.406810
700,70.0,router,cache,12.323319
700,70.0,router,expert-0,41.876941
700,70.0,router,expert-1,28.930496
700,70.0,router,expert-2,7.289854
701,70.10000000000001,expert-0,aggregator,33.646874
701,70.10000000000001,expert-1,aggregator,23.107735
701,70.10000000000001,expert-2,aggregator,5.764171
701,70.10000000000001,frontend,router,48.106435
701,70.10000000000001,frontend,tokenizer,35.113800
701,70.10000000000001,router,cache,11.021119
701,70.10000000000001,router,expert-0,37.306009
701,70.10000000000001,router,expert-1,25.788529
701,70.10000000000001,router,expert-2,6.491989
702,70.2,expert-0,aggregator,33.726654
702,70.2,expert-1,aggregator,23.176519
702,70.2,expert-2,aggregator,5.775388
702,70.2,frontend,router,48.240737
702,70.2,frontend,tokenizer,35.207588
702,70.2,router,cache,11.090913
702,70.2,router,expert-0,37.396814
702,70.2,router,expert-1,25.867185
702,70.2,router,expert-2,6.505748
703,70.3,expert-0,aggregator,35.848614
703,70.3,expert-1,aggregator,24.649583
703,70.3,expert-2,aggregator,6.136271
703,70.3,frontend,router,51.297390
703,70.3,frontend,tokenizer,37.433918
703,70.3,router,cache,11.835078
703,70.3,router,expert-0,39.752194
703,70.3,router,expert-1,27.513279
703,70.3,router,expert-2,6.913468
704,70.4,cache,aggregator,5.216623
704,70.4,expert-0,aggregator,37.685875
704,70.4,expert-1,aggregator,25.928535
704,70.4,expert-2,aggregator,6.448277
704,70.4,frontend,router,53.949037
704,70.4,frontend,tokenizer,39.364199
704,70.4,router,cache,12.490324
704,70.4,router,expert-0,41.792160
704,70.4,router,expert-1,28.942941
704,70.4,router,expert-2,7.266254
705,70.5,cache,aggregator,5.224181
705,70.5,expert-0,aggregator,37.562856
705,70.5,expert-1,aggregator,25.859498
705,70.5,expert-2,aggregator,6.424883
705,70.5,frontend,router,53.795492
705,70.5,frontend,tokenizer,39.247438
705,70.5,router,cache,12.498035
705,70.5,router,expert-0,41.658383
705,70.5,router,expert-1,28.868001
705,70.5,router,expert-2,7.241154
706,70.60000000000001,cache,aggregator,5.110511
706,70.60000000000001,expert-0,aggregator,36.573386
706,70.60000000000001,expert-1,aggregator,25.193509
706,70.60000000000001,expert-2,aggregator,6.253483
706,70.60000000000001,frontend,router,52.400397
706,70.60000000000001,frontend,tokenizer,38.225023
706,70.60000000000001,router,cache,12.215969
706,70.60000000000001,router,expert-0,40.563614
706,70.60000000000001,router,expert-1,28.126604
706,70.60000000000001,router,expert-2,7.049207
707,70.7,expert-0,aggregator,34.090455
707,70.7,expert-1,aggregator,23.497313
707,70.7,expert-2,aggregator,5.827047
707,70.7,frontend,router,48.863470
707,70.7,frontend,tokenizer,35.640619
707,70.7,router,cache,11.430542
707,70.7,router,expert-0,37.812210
707,70.7,router,expert-1,26.234870
707,70.7,router,expert-2,6.569657
708,70.8,cache,aggregator,5.058285
708,70.8,expert-0,aggregator,35.863514
708,70.8,expert-1,aggregator,24.734323
708,70.8,expert-2,aggregator,6.128247
708,70.8,frontend,router,51.426432
708,70.8,frontend,tokenizer,37.505514
708,70.8,router,cache,12.071180
708,70.8,router,expert-0,39.781393
708,70.8,router,expert-1,27.618043
708,70.8,router,expert-2,6.910452
709,70.9,cache,aggregator,5.167904
709,70.9,expert-0,aggregator,36.471388
709,70.9,expert-1,aggregator,25.168722
709,70.9,expert-2,aggregator,6.230346
709,70.9,frontend,router,52.320013
709,70.9,frontend,tokenizer,38.152621
709,70.9,router,cache,12.322637
709,70.9,router,expert-0,40.458280
709,70.9,router,expert-1,28.105171
709,70.9,router,expert-2,7.026815
710,71.0,cache,aggregator,5.601997
710,71.0,expert-0,aggregator,39.353041
710,71.0,expert-1,aggregator,27.173694
710,71.0,expert-2,aggregator,6.720839
710,71.0,frontend,router,56.477538
710,71.0,frontend,tokenizer,41.179412
710,71.0,router,cache,13.346756
710,71.0,router,expert-0,43.657764
710,71.0,router,expert-1,30.346319
710,71.0,router,expert-2,7.581342
711,71.10000000000001,cache,aggregator,5.236019
711,71.10000000000001,expert-0,aggregator,36.613685
711,71.10000000000001,expert-1,aggregator,25.297361
711,71.10000000000001,expert-2,aggregator,6.251479
711,71.10000000000001,frontend,router,52.568157
711,71.10000000000001,frontend,tokenizer,38.324369
711,71.10000000000001,router,cache,12.464604
711,71.10000000000001,router,expert-0,40.621392
711,71.10000000000001,router,expert-1,28.253019
711,71.10000000000001,router,expert-2,7.053127
712,71.2,cache,aggregator,5.365748
712,71.2,expert-0,aggregator,37.349831
712,71.2,expert-1,aggregator,25.821510
712,71.2,expert-2,aggregator,6.375747
712,71.2,frontend,router,53.647528
712,71.2,frontend,tokenizer,39.106584
712,71.2,router,cache,12.763003
712,71.2,router,expert-0,41.440813
712,71.2,router,expert-1,28.840557
712,71.2,router,expert-2,7.194596
713,71.3,cache,aggregator,5.462930
713,71.3,expert-0,aggregator,37.853798
713,71.3,expert-1,aggregator,26.185658
713,71.3,expert-2,aggregator,6.460467
713,71.3,frontend,router,54.394150
713,71.3,frontend,tokenizer,39.646085
713,71.3,router,cache,12.983579
713,71.3,router,expert-0,42.002722
713,71.3,router,expert-1,29.249465
713,71.3,router,expert-2,7.291481
714,71.4,cache,aggregator,5.281988
714,71.4,expert-0,aggregator,36.434764
714,71.4,expert-1,aggregator,25.219174
714,71.4,expert-2,aggregator,6.217152
714,71.4,frontend,router,52.376957
714,71.4,frontend,tokenizer,38.171249
714,71.4,router,cache,12.543341
714,71.4,router,expert-0,40.430805
714,71.4,router,expert-1,28.172006
714,71.4,router,expert-2,7.018105
715,71.5,cache,aggregator,5.546039
715,71.5,expert-0,aggregator,38.084266
715,71.5,expert-1,aggregator,26.376741
715,71.5,expert-2,aggregator,6.497572
715,71.5,frontend,router,54.771085
715,71.5,frontend,tokenizer,39.911264
715,71.5,router,cache,13.159720
715,71.5,router,expert-0,42.263995
715,71.5,router,expert-1,29.467316
715,71.5,router,expert-2,7.335946
716,71.60000000000001,cache,aggregator,5.082338
716,71.60000000000001,expert-0,aggregator,34.743981
716,71.60000000000001,expert-1,aggregator,24.077732
716,71.60000000000001,expert-2,aggregator,5.926853
716,71.60000000000001,frontend,router,49.988104
716,71.60000000000001,frontend,tokenizer,36.421588
716,71.60000000000001,router,cache,12.049693
716,71.60000000000001,router,expert-0,38.559656
716,71.60000000000001,router,expert-1,26.900948
716,71.60000000000001,router,expert-2,6.692770
717,71.7,expert-0,aggregator,33.605209
717,71.7,expert-1,aggregator,23.302516
717,71.7,expert-2,aggregator,5.731910
717,71.7,frontend,router,48.369868
717,71.7,frontend,tokenizer,35.238323
717,71.7,router,cache,11.697413
717,71.7,router,expert-0,37.298287
717,71.7,router,expert-1,26.036791
717,71.7,router,expert-2,6.473778
718,71.8,expert-0,aggregator,33.676144
718,71.8,expert-1,aggregator,23.365687
718,71.8,expert-2,aggregator,5.743444
718,71.8,frontend,router,48.492182
718,71.8,frontend,tokenizer,35.323215
718,71.8,router,cache,11.764782
718,71.8,router,expert-0,37.379496
718,71.8,router,expert-1,26.109339
718,71.8,router,expert-2,6.487952
719,71.9,cache,aggregator,5.465471
719,71.9,expert-0,aggregator,36.868882
719,71.9,expert-1,aggregator,25.596224
719,71.9,expert-2,aggregator,6.287477
719,71.9,frontend,router,53.111707
719,71.9,frontend,tokenizer,38.683609
719,71.9,router,cache,12.926808
719,71.9,router,expert-0,40.926060
719,71.9,router,expert-1,28.603946
719,71.9,router,expert-2,7.103763
720,72.0,cache,aggregator,5.819081
720,72.0,expert-0,aggregator,39.082071
720,72.0,expert-1,aggregator,27.148947
720,72.0,expert-2,aggregator,6.664531
720,72.0,frontend,router,56.323371
720,72.0,frontend,tokenizer,41.017921
720,72.0,router,cache,13.752137
720,72.0,router,expert-0,43.385690
720,72.0,router,expert-1,30.341412
720,72.0,router,expert-2,7.531101
721,72.10000000000001,cache,aggregator,5.555627
721,72.10000000000001,expert-0,aggregator,37.149797
721,72.10000000000001,expert-1,aggregator,25.822071
721,72.10000000000001,expert-2,aggregator,6.334805
721,72.10000000000001,frontend,router,53.560933
721,72.10000000000001,frontend,tokenizer,39.001514
721,72.10000000000001,router,cache,13.119032
721,72.10000000000001,router,expert-0,41.243399
721,72.10000000000001,router,expert-1,28.860688
721,72.10000000000001,router,expert-2,7.159768
722,72.2,cache,aggregator,5.241214
722,72.2,expert-0,aggregator,34.895130
722,72.2,expert-1,aggregator,24.269362
722,72.2,expert-2,aggregator,5.950255
722,72.2,frontend,router,50.331160
722,72.2,frontend,tokenizer,36.645332
722,72.2,router,cache,12.366714
722,72.2,router,expert-0,38.742884
722,72.2,router,expert-1,27.127315
722,72.2,router,expert-2,6.726330
723,72.3,cache,aggregator,5.303665
723,72.3,expert-0,aggregator,35.158304
723,72.3,expert-1,aggregator,24.466964
723,72.3,expert-2,aggregator,5.995176
723,72.3,frontend,router,50.731803
723,72.3,frontend,tokenizer,36.932651
723,72.3,router,cache,12.504117
723,72.3,router,expert-0,39.037704
723,72.3,router,expert-1,27.350257
723,72.3,router,expert-2,6.778309
724,72.4,cache,aggregator,5.930171
724,72.4,expert-0,aggregator,39.142400
724,72.4,expert-1,aggregator,27.255736
724,72.4,expert-2,aggregator,6.674735
724,72.4,frontend,router,56.504091
724,72.4,frontend,tokenizer,41.129989
724,72.4,router,cache,13.970103
724,72.4,router,expert-0,43.464340
724,72.4,router,expert-1,30.469981
724,72.4,router,expert-2,7.547972
725,72.5,cache,aggregator,5.913338
725,72.5,expert-0,aggregator,38.864283
725,72.5,expert-1,aggregator,27.078158
725,72.5,expert-2,aggregator,6.627642
725,72.5,frontend,router,56.125855
725,72.5,frontend,tokenizer,40.849831
725,72.5,router,cache,13.919424
725,72.5,router,expert-0,43.158434
725,72.5,router,expert-1,30.273758
725,72.5,router,expert-2,7.496044
726,72.60000000000001,cache,aggregator,5.800273
726,72.60000000000001,expert-0,aggregator,37.958898
726,72.60000000000001,expert-1,aggregator,26.463038
726,72.60000000000001,expert-2,aggregator,6.473709
726,72.60000000000001,frontend,router,54.841027
726,72.60000000000001,frontend,tokenizer,39.909981
726,72.60000000000001,router,cache,13.642502
726,72.60000000000001,router,expert-0,42.155871
726,72.60000000000001,router,expert-1,29.588294
726,72.60000000000001,router,expert-2,7.323236
727,72.7,cache,aggregator,5.344663
727,72.7,expert-0,aggregator,34.829085
727,72.7,expert-1,aggregator,24.295479
727,72.7,expert-2,aggregator,5.940488
727,72.7,frontend,router,50.340032
727,72.7,frontend,tokenizer,36.630104
727,72.7,router,cache,12.560986
727,72.7,router,expert-0,38.682636
727,72.7,router,expert-1,27.166815
727,72.7,router,expert-2,6.721230
728,72.8,cache,aggregator,5.479343
728,72.8,expert-0,aggregator,35.556271
728,72.8,expert-1,aggregator,24.817416
728,72.8,expert-2,aggregator,6.065215
728,72.8,frontend,router,51.412279
728,72.8,frontend,tokenizer,37.405918
728,72.8,router,cache,12.867390
728,72.8,router,expert-0,39.492971
728,72.8,router,expert-1,27.752548
728,72.8,router,expert-2,6.863560
729,72.9,cache,aggregator,5.420131
729,72.9,expert-0,aggregator,35.024584
729,72.9,expert-1,aggregator,24.460758
729,72.9,expert-2,aggregator,5.975335
729,72.9,frontend,router,50.664367
729,72.9,frontend,tokenizer,36.857423
729,72.9,router,cache,12.718363
729,72.9,router,expert-0,38.905075
729,72.9,router,expert-1,27.355793
729,72.9,router,expert-2,6.763043
730,73.0,cache,aggregator,5.823795
730,73.0,expert-0,aggregator,37.476082
730,73.0,expert-1,aggregator,26.188298
730,73.0,expert-2,aggregator,6.394581
730,73.0,frontend,router,54.232867
730,73.0,frontend,tokenizer,39.448806
730,73.0,router,cache,13.654875
730,73.0,router,expert-0,41.631034
730,73.0,router,expert-1,29.290029
730,73.0,router,expert-2,7.238834
731,73.10000000000001,cache,aggregator,5.736909
731,73.10000000000001,expert-0,aggregator,36.763802
731,73.10000000000001,expert-1,aggregator,25.705692
731,73.10000000000001,expert-2,aggregator,6.274173
731,73.10000000000001,frontend,router,53.223974
731,73.10000000000001,frontend,tokenizer,38.710398
731,73.10000000000001,router,cache,13.440661
731,73.10000000000001,router,expert-0,40.842589
731,73.10000000000001,router,expert-1,28.752458
731,73.10000000000001,router,expert-2,7.103779
732,73.2,cache,aggregator,5.672796
732,73.2,expert-0,aggregator,36.202908
732,73.2,expert-1,aggregator,25.328396
732,73.2,expert-2,aggregator,6.179695
732,73.2,frontend,router,52.433465
732,73.2,frontend,tokenizer,38.130984
732,73.2,router,cache,13.280109
732,73.2,router,expert-0,40.222233
732,73.2,router,expert-1,28.332608
732,73.2,router,expert-2,6.998041
733,73.3,cache,aggregator,6.144701
733,73.3,expert-0,aggregator,39.053534
733,73.3,expert-1,aggregator,27.338805
733,73.3,expert-2,aggregator,6.667775
733,73.3,frontend,router,56.585271
733,73.3,frontend,tokenizer,41.145474
733,73.3,router,cache,14.373675
733,73.3,router,expert-0,43.392335
733,73.3,router,expert-1,30.583810
733,73.3,router,expert-2,7.552082
734,73.4,cache,aggregator,5.719262
734,73.4,expert-0,aggregator,36.201148
734,73.4,expert-1,aggregator,25.356893
734,73.4,expert-2,aggregator,6.182291
734,73.4,frontend,router,52.473869
734,73.4,frontend,tokenizer,38.151450
734,73.4,router,cache,13.368123
734,73.4,router,expert-0,40.225833
734,73.4,router,expert-1,28.368824
734,73.4,router,expert-2,7.003440
735,73.5,cache,aggregator,5.978264
735,73.5,expert-0,aggregator,37.686835
735,73.5,expert-1,aggregator,26.412981
735,73.5,expert-2,aggregator,6.437729
735,73.5,frontend,router,54.649703
735,73.5,frontend,tokenizer,39.728774
735,73.5,router,cache,13.962709
735,73.5,router,expert-0,41.879594
735,73.5,router,expert-1,29.552618
735,73.5,router,expert-2,7.294085
736,73.60000000000001,cache,aggregator,5.465481
736,73.60000000000001,expert-0,aggregator,34.315055
736,73.60000000000001,expert-1,aggregator,24.063901
736,73.60000000000001,expert-2,aggregator,5.863450
736,73.60000000000001,frontend,router,49.780579
736,73.60000000000001,frontend,tokenizer,36.184850
736,73.60000000000001,router,cache,12.755218
736,73.60000000000001,router,expert-0,38.135343
736,73.60000000000001,router,expert-1,26.926373
736,73.60000000000001,router,expert-2,6.644577
737,73.7,cache,aggregator,5.792977
737,73.7,expert-0,aggregator,36.225084
737,73.7,expert-1,aggregator,25.418145
737,73.7,expert-2,aggregator,6.191743
737,73.7,frontend,router,52.572838
737,73.7,frontend,tokenizer,38.210071
737,73.7,router,cache,13.509120
737,73.7,router,expert-0,40.260815
737,73.7,router,expert-1,28.443888
737,73.7,router,expert-2,7.017830
738,73.8,cache,aggregator,5.491346
738,73.8,expert-0,aggregator,34.201655
738,73.8,expert-1,aggregator,24.012324
738,73.8,expert-2,aggregator,5.847835
738,73.8,frontend,router,49.656445
738,73.8,frontend,tokenizer,36.086247
738,73.8,router,cache,12.795890
738,73.8,router,expert-0,38.014613
738,73.8,router,expert-1,26.872782
738,73.8,router,expert-2,6.629195
739,73.9,cache,aggregator,5.667679
739,73.9,expert-0,aggregator,35.159593
739,73.9,expert-1,aggregator,24.699209
739,73.9,expert-2,aggregator,6.013757
739,73.9,frontend,router,51.067958
739,73.9,frontend,tokenizer,37.107728
739,73.9,router,cache,13.196664
739,73.9,router,expert-0,39.082076
739,73.9,router,expert-1,27.643612
739,73.9,router,expert-2,6.818474
740,74.0,cache,aggregator,6.227768
740,74.0,expert-0,aggregator,38.481401
740,74.0,expert-1,aggregator,27.048407
740,74.0,expert-2,aggregator,6.584404
740,74.0,frontend,router,55.915388
740,74.0,frontend,tokenizer,40.625349
740,74.0,router,cache,14.489700
740,74.0,router,expert-0,42.777466
740,74.0,router,expert-1,30.275183
740,74.0,router,expert-2,7.466777
741,74.10000000000001,cache,aggregator,6.393598
741,74.10000000000001,expert-0,aggregator,39.350757
741,74.10000000000001,expert-1,aggregator,27.675468
741,74.10000000000001,expert-2,aggregator,6.735840
741,74.10000000000001,frontend,router,57.201711
741,74.10000000000001,frontend,tokenizer,41.555143
741,74.10000000000001,router,cache,14.864182
741,74.10000000000001,router,expert-0,43.746944
741,74.10000000000001,router,expert-1,30.979430
741,74.10000000000001,router,expert-2,7.639832
742,74.2,cache,aggregator,5.865121
742,74.2,expert-0,aggregator,35.957018
742,74.2,expert-1,aggregator,25.303238
742,74.2,expert-2,aggregator,6.157508
742,74.2,frontend,router,52.289527
742,74.2,frontend,tokenizer,37.982240
742,74.2,router,cache,13.625179
742,74.2,router,expert-0,39.976872
742,74.2,router,expert-1,28.326173
742,74.2,router,expert-2,6.985092
743,74.3,cache,aggregator,5.809742
743,74.3,expert-0,aggregator,35.479049
743,74.3,expert-1,aggregator,24.981263
743,74.3,expert-2,aggregator,6.078347
743,74.3,frontend,router,51.615219
743,74.3,frontend,tokenizer,37.488136
743,74.3,router,cache,13.486285
743,74.3,router,expert-0,39.448244
743,74.3,router,expert-1,27.967881
743,74.3,router,expert-2,6.896481
744,74.4,cache,aggregator,5.987890
744,74.4,expert-0,aggregator,36.425617
744,74.4,expert-1,aggregator,25.662488
744,74.4,expert-2,aggregator,6.243415
744,74.4,frontend,router,53.013577
744,74.4,frontend,tokenizer,38.499360
744,74.4,router,cache,13.889298
744,74.4,router,expert-0,40.503565
744,74.4,router,expert-1,28.732759
744,74.4,router,expert-2,7.084986
745,74.5,cache,aggregator,6.330862
745,74.5,expert-0,aggregator,38.363962
745,74.5,expert-1,aggregator,27.043577
745,74.5,expert-2,aggregator,6.578851
745,74.5,frontend,router,55.857005
745,74.5,frontend,tokenizer,40.559678
745,74.5,router,cache,14.673747
745,74.5,router,expert-0,42.661926
745,74.5,router,expert-1,30.281411
745,74.5,router,expert-2,7.466918
746,74.60000000000001,cache,aggregator,6.163867
746,74.60000000000001,expert-0,aggregator,37.209261
746,74.60000000000001,expert-1,aggregator,26.244601
746,74.60000000000001,expert-2,aggregator,6.384083
746,74.60000000000001,frontend,router,54.197449
746,74.60000000000001,frontend,tokenizer,39.350138
746,74.60000000000001,router,cache,14.275915
746,74.60000000000001,router,expert-0,41.380789
746,74.60000000000001,router,expert-1,29.389036
746,74.60000000000001,router,expert-2,7.247099
747,74.7,cache,aggregator,5.858311
747,74.7,expert-0,aggregator,35.230345
747,74.7,expert-1,aggregator,24.862997
747,74.7,expert-2,aggregator,6.047763
747,74.7,frontend,router,51.335514
747,74.7,frontend,tokenizer,37.267994
747,74.7,router,cache,13.558021
747,74.7,router,expert-0,39.182793
747,74.7,router,expert-1,27.844040
747,74.7,router,expert-2,6.866487
748,74.8,cache,aggregator,6.302133
748,74.8,expert-0,aggregator,37.756208
748,74.8,expert-1,aggregator,26.660726
748,74.8,expert-2,aggregator,6.484944
748,74.8,frontend,router,55.037944
748,74.8,frontend,tokenizer,39.951318
748,74.8,router,cache,14.574224
748,74.8,router,expert-0,41.995010
748,74.8,router,expert-1,29.859611
748,74.8,router,expert-2,7.364105
749,74.9,cache,aggregator,6.184832
749,74.9,expert-0,aggregator,36.914295
749,74.9,expert-1,aggregator,26.081020
749,74.9,expert-2,aggregator,6.343982
749,74.9,frontend,router,53.832034
749,74.9,frontend,tokenizer,39.071550
749,74.9,router,cache,14.292243
749,74.9,router,expert-0,41.061495
749,74.9,router,expert-1,29.212597
749,74.9,router,expert-2,7.205255
750,75.0,cache,aggregator,6.417032
750,75.0,expert-0,aggregator,38.157191
750,75.0,expert-1,aggregator,26.974421
750,75.0,expert-2,aggregator,6.561496
750,75.0,frontend,router,55.666584
750,75.0,frontend,tokenizer,40.398523
750,75.0,router,cache,14.817745
750,75.0,router,expert-0,42.447047
750,75.0,router,expert-1,30.215594
750,75.0,router,expert-2,7.453559
751,75.10000000000001,cache,aggregator,6.461736
751,75.10000000000001,expert-0,aggregator,38.280404
751,75.10000000000001,expert-1,aggregator,27.076800
751,75.10000000000001,expert-2,aggregator,6.586756
751,75.10000000000001,frontend,router,55.868396
751,75.10000000000001,frontend,tokenizer,40.540427
751,75.10000000000001,router,cache,14.909847
751,75.10000000000001,router,expert-0,42.587147
751,75.10000000000001,router,expert-1,30.332608
751,75.10000000000001,router,expert-2,7.483514
752,75.2,cache,aggregator,6.633166
752,75.2,expert-0,aggregator,39.151008
752,75.2,expert-1,aggregator,27.708193
752,75.2,expert-2,aggregator,6.740873
752,75.2,frontend,router,57.161514
752,75.2,frontend,tokenizer,41.474120
752,75.2,router,cache,15.294022
752,75.2,router,expert-0,43.558807
752,75.2,router,expert-1,31.042309
752,75.2,router,expert-2,7.659899
753,75.3,cache,aggregator,6.324385
753,75.3,expert-0,aggregator,37.191588
753,75.3,expert-1,aggregator,26.336236
753,75.3,expert-2,aggregator,6.407750
753,75.3,frontend,router,54.322046
753,75.3,frontend,tokenizer,39.409511
753,75.3,router,cache,14.571245
753,75.3,router,expert-0,41.381743
753,75.3,router,expert-1,29.507534
753,75.3,router,expert-2,7.282578
754,75.4,cache,aggregator,6.099925
754,75.4,expert-0,aggregator,35.740855
754,75.4,expert-1,aggregator,25.323105
754,75.4,expert-2,aggregator,6.162018
754,75.4,frontend,router,52.223562
754,75.4,frontend,tokenizer,37.882883
754,75.4,router,cache,14.043685
754,75.4,router,expert-0,39.770410
754,75.4,router,expert-1,28.374588
754,75.4,router,expert-2,7.004464
755,75.5,cache,aggregator,5.883576
755,75.5,expert-0,aggregator,34.348320
755,75.5,expert-1,aggregator,24.350050
755,75.5,expert-2,aggregator,5.926117
755,75.5,frontend,router,50.208441
755,75.5,frontend,tokenizer,36.417072
755,75.5,router,cache,13.535582
755,75.5,router,expert-0,38.223614
755,75.5,router,expert-1,27.286376
755,75.5,router,expert-2,6.737430
756,75.60000000000001,cache,aggregator,6.676334
756,75.60000000000001,expert-0,aggregator,38.836090
756,75.60000000000001,expert-1,aggregator,27.546820
756,75.60000000000001,expert-2,aggregator,6.705272
756,75.60000000000001,frontend,router,56.790532
756,75.60000000000001,frontend,tokenizer,41.186618
756,75.60000000000001,router,cache,15.348052
756,75.60000000000001,router,expert-0,43.220808
756,75.60000000000001,router,expert-1,30.871010
756,75.60000000000001,router,expert-2,7.624516
757,75.7,cache,aggregator,6.221938
757,75.7,expert-0,aggregator,36.063350
757,75.7,expert-1,aggregator,25.594280
757,75.7,expert-2,aggregator,6.231213
757,75.7,frontend,router,52.756408
757,75.7,frontend,tokenizer,38.256696
757,75.7,router,cache,14.292928
757,75.7,router,expert-0,40.137899
757,75.7,router,expert-1,28.685053
757,75.7,router,expert-2,7.086634
758,75.8,cache,aggregator,6.026368
758,75.8,expert-0,aggregator,34.805563
758,75.8,expert-1,aggregator,24.715286
758,75.8,expert-2,aggregator,6.018529
758,75.8,frontend,router,50.936139
758,75.8,frontend,tokenizer,36.932649
758,75.8,router,cache,13.833504
758,75.8,router,expert-0,38.740787
758,75.8,router,expert-1,27.702039
758,75.8,router,expert-2,6.845874
759,75.9,cache,aggregator,6.031645
759,75.9,expert-0,aggregator,34.712921
759,75.9,expert-1,aggregator,24.663090
759,75.9,expert-2,aggregator,6.007273
759,75.9,frontend,router,50.820181
759,75.9,frontend,tokenizer,36.844528
759,75.9,router,cache,13.835475
759,75.9,router,expert-0,38.640450
759,75.9,router,expert-1,27.645658
759,75.9,router,expert-2,6.834187
760,76.0,cache,aggregator,6.789732
760,76.0,expert-0,aggregator,38.938569
760,76.0,expert-1,aggregator,27.680562
760,76.0,expert-2,aggregator,6.744041
760,76.0,frontend,router,57.028534
760,76.0,frontend,tokenizer,41.341050
760,76.0,router,cache,15.562999
760,76.0,router,expert-0,43.347322
760,76.0,router,expert-1,31.030421
760,76.0,router,expert-2,7.673619
761,76.10000000000001,cache,aggregator,6.423011
761,76.10000000000001,expert-0,aggregator,36.706905
761,76.10000000000001,expert-1,aggregator,26.108414
761,76.10000000000001,expert-2,aggregator,6.362846
761,76.10000000000001,frontend,router,53.780723
761,76.10000000000001,frontend,tokenizer,38.982402
761,76.10000000000001,router,cache,14.711687
761,76.10000000000001,router,expert-0,40.865927
761,76.10000000000001,router,expert-1,29.270259
761,76.10000000000001,router,expert-2,7.241052
762,76.2,cache,aggregator,6.921884
762,76.2,expert-0,aggregator,39.420744
762,76.2,expert-1,aggregator,28.053984
762,76.2,expert-2,aggregator,6.839136
762,76.2,frontend,router,57.778970
762,76.2,frontend,tokenizer,41.875940
762,76.2,router,cache,15.842797
762,76.2,router,expert-0,43.890419
762,76.2,router,expert-1,31.453858
762,76.2,router,expert-2,7.784333
763,76.3,cache,aggregator,7.027734
763,76.3,expert-0,aggregator,39.885674
763,76.3,expert-1,aggregator,28.400295
763,76.3,expert-2,aggregator,6.925889
763,76.3,frontend,router,58.482707
763,76.3,frontend,tokenizer,42.381393
763,76.3,router,cache,16.073383
763,76.3,router,expert-0,44.411270
763,76.3,router,expert-1,31.844578
763,76.3,router,expert-2,7.884338
764,76.4,cache,aggregator,6.707879
764,76.4,expert-0,aggregator,37.940026
764,76.4,expert-1,aggregator,27.029556
764,76.4,expert-2,aggregator,6.593981
764,76.4,frontend,router,55.651023
764,76.4,frontend,tokenizer,40.324971
764,76.4,router,cache,15.330709
764,76.4,router,expert-0,42.247913
764,76.4,router,expert-1,30.309921
764,76.4,router,expert-2,7.507695
765,76.5,cache,aggregator,6.420585
765,76.5,expert-0,aggregator,36.191583
765,76.5,expert-1,aggregator,25.797842
765,76.5,expert-2,aggregator,6.295910
765,76.5,frontend,router,53.106483
765,76.5,frontend,tokenizer,38.477050
765,76.5,router,cache,14.663492
765,76.5,router,expert-0,40.303857
765,76.5,router,expert-1,28.930937
765,76.5,router,expert-2,7.169457
766,76.60000000000001,cache,aggregator,6.389225
766,76.60000000000001,expert-0,aggregator,35.893139
766,76.60000000000001,expert-1,aggregator,25.598877
766,76.60000000000001,expert-2,aggregator,6.249892
766,76.60000000000001,frontend,router,52.688429
766,76.60000000000001,frontend,tokenizer,38.170071
766,76.60000000000001,router,cache,14.581339
766,76.60000000000001,router,expert-0,39.974393
766,76.60000000000001,router,expert-1,28.710003
766,76.60000000000001,router,expert-2,7.118176
767,76.7,cache,aggregator,6.506417
767,76.7,expert-0,aggregator,36.428826
767,76.7,expert-1,aggregator,25.994858
767,76.7,expert-2,aggregator,6.349298
767,76.7,frontend,router,53.494884
767,76.7,frontend,tokenizer,38.750172
767,76.7,router,cache,14.838096
767,76.7,router,expert-0,40.573927
767,76.7,router,expert-1,29.156337
767,76.7,router,expert-2,7.232525
768,76.80000000000001,cache,aggregator,6.402090
768,76.80000000000001,expert-0,aggregator,35.725217
768,76.80000000000001,expert-1,aggregator,25.506395
768,76.80000000000001,expert-2,aggregator,6.232812
768,76.80000000000001,frontend,router,52.481304
768,76.80000000000001,frontend,tokenizer,38.011922
768,76.80000000000001,router,cache,14.589682
768,76.80000000000001,router,expert-0,39.793138
768,76.80000000000001,router,expert-1,28.610650
768,76.80000000000001,router,expert-2,7.100943
769,76.9,cache,aggregator,7.100983
769,76.9,expert-0,aggregator,39.493996
769,76.9,expert-1,aggregator,28.212159
769,76.9,expert-2,aggregator,6.897285
769,76.9,frontend,router,58.039396
769,76.9,frontend,tokenizer,42.033168
769,76.9,router,cache,16.170776
769,76.9,router,expert-0,43.994243
769,76.9,router,expert-1,31.648133
769,76.9,router,expert-2,7.859183
770,77.0,cache,aggregator,6.337247
770,77.0,expert-0,aggregator,35.130356
770,77.0,expert-1,aggregator,25.108336
770,77.0,expert-2,aggregator,6.141532
770,77.0,frontend,router,51.645895
770,77.0,frontend,tokenizer,37.398935
770,77.0,router,cache,14.421222
770,77.0,router,expert-0,39.136213
770,77.0,router,expert-1,28.168440
770,77.0,router,expert-2,6.999111
771,77.10000000000001,cache,aggregator,6.398597
771,77.10000000000001,expert-0,aggregator,35.354586
771,77.10000000000001,expert-1,aggregator,25.281937
771,77.10000000000001,expert-2,aggregator,6.187229
771,77.10000000000001,frontend,router,51.994791
771,77.10000000000001,frontend,tokenizer,37.647630
771,77.10000000000001,router,cache,14.550431
771,77.10000000000001,router,expert-0,39.388867
771,77.10000000000001,router,expert-1,28.365358
771,77.10000000000001,router,expert-2,7.052268
772,77.2,cache,aggregator,6.524897
772,77.2,expert-0,aggregator,35.935484
772,77.2,expert-1,aggregator,25.710846
772,77.2,expert-2,aggregator,6.295631
772,77.2,frontend,router,52.868595
772,77.2,frontend,tokenizer,38.276317
772,77.2,router,cache,14.827060
772,77.2,router,expert-0,40.038954
772,77.2,router,expert-1,28.848772
772,77.2,router,expert-2,7.176918
773,77.30000000000001,cache,aggregator,7.087111
773,77.30000000000001,expert-0,aggregator,38.906099
773,77.30000000000001,expert-1,aggregator,27.850816
773,77.30000000000001,expert-2,aggregator,6.823512
773,77.30000000000001,frontend,router,57.260023
773,77.30000000000001,frontend,tokenizer,41.451346
773,77.30000000000001,router,cache,16.093167
773,77.30000000000001,router,expert-0,43.351928
773,77.30000000000001,router,expert-1,31.252291
773,77.30000000000001,router,expert-2,7.779870
774,77.4,cache,aggregator,6.516270
774,77.4,expert-0,aggregator,35.657916
774,77.4,expert-1,aggregator,25.538923
774,77.4,expert-2,aggregator,6.260799
774,77.4,frontend,router,52.498717
774,77.4,frontend,tokenizer,38.000625
774,77.4,router,cache,14.786416
774,77.4,router,expert-0,39.735456
774,77.4,router,expert-1,28.660217
774,77.4,router,expert-2,7.139362
775,77.5,cache,aggregator,7.040259
775,77.5,expert-0,aggregator,38.402878
775,77.5,expert-1,aggregator,27.519200
775,77.5,expert-2,aggregator,6.750410
775,77.5,frontend,router,56.560695
775,77.5,frontend,tokenizer,40.936615
775,77.5,router,cache,15.964108
775,77.5,router,expert-0,42.797413
775,77.5,router,expert-1,30.884859
775,77.5,router,expert-2,7.698827
776,77.60000000000001,cache,aggregator,6.946294
776,77.60000000000001,expert-0,aggregator,37.770819
776,77.60000000000001,expert-1,aggregator,27.080263
776,77.60000000000001,expert-2,aggregator,6.646979
776,77.60000000000001,frontend,router,55.649970
776,77.60000000000001,frontend,tokenizer,40.273322
776,77.60000000000001,router,cache,15.739903
776,77.60000000000001,router,expert-0,42.096081
776,77.60000000000001,router,expert-1,30.394540
776,77.60000000000001,router,expert-2,7.581988
777,77.7,cache,aggregator,7.434672
777,77.7,expert-0,aggregator,40.299799
777,77.7,expert-1,aggregator,28.908317
777,77.7,expert-2,aggregator,7.100376
777,77.7,frontend,router,59.397519
777,77.7,frontend,tokenizer,42.980983
777,77.7,router,cache,16.834650
777,77.7,router,expert-0,44.917923
777,77.7,router,expert-1,32.448777
777,77.7,router,expert-2,8.100354
777,77.7,router,expert-3,5.073955
778,77.80000000000001,cache,aggregator,6.678363
778,77.80000000000001,expert-0,aggregator,36.087666
778,77.80000000000001,expert-1,aggregator,25.900084
778,77.80000000000001,expert-2,aggregator,6.365854
778,77.80000000000001,frontend,router,53.208426
778,77.80000000000001,frontend,tokenizer,38.498533
778,77.80000000000001,router,cache,15.111457
778,77.80000000000001,router,expert-0,40.226023
778,77.80000000000001,router,expert-1,29.074314
778,77.80000000000001,router,expert-2,7.263447
779,77.9,cache,aggregator,7.363818
779,77.9,expert-0,aggregator,39.668827
779,77.9,expert-1,aggregator,28.484799
779,77.9,expert-2,aggregator,7.006087
779,77.9,frontend,router,58.509513
779,77.9,frontend,tokenizer,42.329796
779,77.9,router,cache,16.650758
779,77.9,router,expert-0,44.221063
779,77.9,router,expert-1,31.978215
779,77.9,router,expert-2,7.995113
779,77.9,router,expert-3,5.047299
780,78.0,cache,aggregator,6.958105
780,78.0,expert-0,aggregator,37.368417
780,78.0,expert-1,aggregator,26.846575
780,78.0,expert-2,aggregator,6.607969
780,78.0,frontend,router,55.136172
780,78.0,frontend,tokenizer,39.885261
780,78.0,router,cache,15.722342
780,78.0,router,expert-0,41.659689
780,78.0,router,expert-1,30.141346
780,78.0,router,expert-2,7.541880
781,78.10000000000001,cache,aggregator,6.680026
781,78.10000000000001,expert-0,aggregator,35.765895
781,78.10000000000001,expert-1,aggregator,25.708257
781,78.10000000000001,expert-2,aggregator,6.332546
781,78.10000000000001,frontend,router,52.790416
781,78.10000000000001,frontend,tokenizer,38.184513
781,78.10000000000001,router,cache,15.083435
781,78.10000000000001,router,expert-0,39.876031
781,78.10000000000001,router,expert-1,28.865498
781,78.10000000000001,router,expert-2,7.228563
782,78.2,cache,aggregator,7.559492
782,78.2,expert-0,aggregator,40.352517
782,78.2,expert-1,aggregator,29.019669
782,78.2,expert-2,aggregator,7.153763
782,78.2,frontend,router,59.581300
782,78.2,frontend,tokenizer,43.092203
782,78.2,router,cache,17.057335
782,78.2,router,expert-0,44.993001
782,78.2,router,expert-1,32.586032
782,78.2,router,expert-2,8.167135
782,78.2,router,expert-3,5.214920
783,78.30000000000001,cache,aggregator,7.307954
783,78.30000000000001,expert-0,aggregator,38.892940
783,78.30000000000001,expert-1,aggregator,27.984002
783,78.30000000000001,expert-2,aggregator,6.903957
783,78.30000000000001,frontend,router,57.446389
783,78.30000000000001,frontend,tokenizer,41.543991
783,78.30000000000001,router,cache,16.478262
783,78.30000000000001,router,expert-0,43.368719
783,78.30000000000001,router,expert-1,31.425443
783,78.30000000000001,router,expert-2,7.883051
783,78.30000000000001,router,expert-3,5.052214
784,78.4,cache,aggregator,7.203487
784,78.4,expert-0,aggregator,38.222979
784,78.4,expert-1,aggregator,27.515647
784,78.4,expert-2,aggregator,6.793974
784,78.4,frontend,router,56.476577
784,78.4,frontend,tokenizer,40.838599
784,78.4,router,cache,16.231401
784,78.4,router,expert-0,42.624749
784,78.4,router,expert-1,30.901803
784,78.4,router,expert-2,7.758552
785,78.5,cache,aggregator,7.166567
785,78.5,expert-0,aggregator,37.914877
785,78.5,expert-1,aggregator,27.307372
785,78.5,expert-2,aggregator,6.748227
785,78.5,frontend,router,56.040837
785,78.5,frontend,tokenizer,40.519518
785,78.5,router,cache,16.136994
785,78.5,router,expert-0,42.284229
785,78.5,router,expert-1,30.670188
785,78.5,router,expert-2,7.707376
786,78.60000000000001,cache,aggregator,6.920189
786,78.60000000000001,expert-0,aggregator,36.504214
786,78.60000000000001,expert-1,aggregator,26.304327
786,78.60000000000001,expert-2,aggregator,6.505973
786,78.60000000000001,frontend,router,53.974461
786,78.60000000000001,frontend,tokenizer,39.021629
786,78.60000000000001,router,cache,15.571420
786,78.60000000000001,router,expert-0,40.713948
786,78.60000000000001,router,expert-1,29.545825
786,78.60000000000001,router,expert-2,7.431709
787,78.7,cache,aggregator,7.199183
787,78.7,expert-0,aggregator,37.865591
787,78.7,expert-1,aggregator,27.298686
787,78.7,expert-2,aggregator,6.757899
787,78.7,frontend,router,56.006655
787,78.7,frontend,tokenizer,40.486884
787,78.7,router,cache,16.187987
787,78.7,router,expert-0,42.235378
787,78.7,router,expert-1,30.665003
787,78.7,router,expert-2,7.720532
787,78.7,router,expert-3,5.019750
788,78.80000000000001,cache,aggregator,6.736645
788,78.80000000000001,expert-0,aggregator,35.330645
788,78.80000000000001,expert-1,aggregator,25.483570
788,78.80000000000001,expert-2,aggregator,6.314293
788,78.80000000000001,frontend,router,52.275148
788,78.80000000000001,frontend,tokenizer,37.785732
788,78.80000000000001,router,cache,15.137469
788,78.80000000000001,router,expert-0,39.410744
788,78.80000000000001,router,expert-1,28.628185
788,78.80000000000001,router,expert-2,7.214708
789,78.9,cache,aggregator,7.739497
789,78.9,expert-0,aggregator,40.474079
789,78.9,expert-1,aggregator,29.207624
789,78.9,expert-2,aggregator,7.243771
789,78.9,frontend,router,59.905776
789,78.9,frontend,tokenizer,43.297154
789,78.9,router,cache,17.378925
789,78.9,router,expert-0,45.151422
789,78.9,router,expert-1,32.814213
789,78.9,router,expert-2,8.277836
789,78.9,router,expert-3,5.419532
790,79.0,cache,aggregator,7.258080
790,79.0,expert-0,aggregator,37.848809
790,79.0,expert-1,aggregator,27.326302
790,79.0,expert-2,aggregator,6.783642
790,79.0,frontend,router,56.039102
790,79.0,frontend,tokenizer,40.498612
790,79.0,router,cache,16.286698
790,79.0,router,expert-0,42.225817
790,79.0,router,expert-1,30.702857
790,79.0,router,expert-2,7.753049
790,79.0,router,expert-3,5.093241
791,79.10000000000001,cache,aggregator,7.632128
791,79.10000000000001,expert-0,aggregator,39.687361
791,79.10000000000001,expert-1,aggregator,28.667452
791,79.10000000000001,expert-2,aggregator,7.123513
791,79.10000000000001,frontend,router,58.781083
791,79.10000000000001,frontend,tokenizer,42.476146
791,79.10000000000001,router,cache,17.114278
791,79.10000000000001,router,expert-0,44.280184
791,79.10000000000001,router,expert-1,32.212106
791,79.10000000000001,router,expert-2,8.142557
791,79.10000000000001,router,expert-3,5.367109
792,79.2,cache,aggregator,6.869066
792,79.2,expert-0,aggregator,35.619710
792,79.2,expert-1,aggregator,25.741526
792,79.2,expert-2,aggregator,6.402829
792,79.2,frontend,router,52.774160
792,79.2,frontend,tokenizer,38.131828
792,79.2,router,cache,15.392632
792,79.2,router,expert-0,39.744670
792,79.2,router,expert-1,28.926531
792,79.2,router,expert-2,7.319727
793,79.30000000000001,cache,aggregator,7.605850
793,79.30000000000001,expert-0,aggregator,39.331135
793,79.30000000000001,expert-1,aggregator,28.437161
793,79.30000000000001,expert-2,aggregator,7.080530
793,79.30000000000001,frontend,router,58.292435
793,79.30000000000001,frontend,tokenizer,42.115069
793,79.30000000000001,router,cache,17.032004
793,79.30000000000001,router,expert-0,43.889061
793,79.30000000000001,router,expert-1,31.958050
793,79.30000000000001,router,expert-2,8.095518
793,79.30000000000001,router,expert-3,5.371357
794,79.4,cache,aggregator,7.893309
794,79.4,expert-0,aggregator,40.705561
794,79.4,expert-1,aggregator,29.444770
794,79.4,expert-2,aggregator,7.339034
794,79.4,frontend,router,60.349462
794,79.4,frontend,tokenizer,43.597138
794,79.4,router,cache,17.663648
794,79.4,router,expert-0,45.426035
794,79.4,router,expert-1,33.092844
794,79.4,router,expert-2,8.392148
794,79.4,router,expert-3,5.586174
795,79.5,cache,aggregator,7.916239
795,79.5,expert-0,aggregator,40.712657
795,79.5,expert-1,aggregator,29.463701
795,79.5,expert-2,aggregator,7.351544
795,79.5,frontend,router,60.379874
795,79.5,frontend,tokenizer,43.615040
795,79.5,router,cache,17.702886
795,79.5,router,expert-0,45.437222
795,79.5,router,expert-1,33.116547
795,79.5,router,expert-2,8.407513
795,79.5,router,expert-3,5.614256
796,79.60000000000001,cache,aggregator,7.382215
796,79.60000000000001,expert-0,aggregator,37.863708
796,79.60000000000001,expert-1,aggregator,27.414681
796,79.60000000000001,expert-2,aggregator,6.847693
796,79.60000000000001,frontend,router,56.173067
796,79.60000000000001,frontend,tokenizer,40.572517
796,79.60000000000001,router,cache,16.497431
796,79.60000000000001,router,expert-0,42.260699
796,79.60000000000001,router,expert-1,30.815748
796,79.60000000000001,router,expert-2,7.832267
796,79.60000000000001,router,expert-3,5.246588
797,79.7,cache,aggregator,7.622491
797,79.7,expert-0,aggregator,38.991435
797,79.7,expert-1,aggregator,28.244262
797,79.7,expert-2,aggregator,7.062693
797,79.7,frontend,router,57.864951
797,79.7,frontend,tokenizer,41.790675
797,79.7,router,cache,17.022821
797,79.7,router,expert-0,43.522509
797,79.7,router,expert-1,31.750563
797,79.7,router,expert-2,8.079178
797,79.7,router,expert-3,5.428789
798,79.80000000000001,cache,aggregator,7.085952
798,79.80000000000001,expert-0,aggregator,36.150669
798,79.80000000000001,expert-1,aggregator,26.198538
798,79.80000000000001,expert-2,aggregator,6.558512
798,79.80000000000001,frontend,router,53.666494
798,79.80000000000001,frontend,tokenizer,38.754956
798,79.80000000000001,router,cache,15.813877
798,79.80000000000001,router,expert-0,40.354519
798,79.80000000000001,router,expert-1,29.453023
798,79.80000000000001,router,expert-2,7.503352
798,79.80000000000001,router,expert-3,5.057303
799,79.9,cache,aggregator,7.871560
799,79.9,expert-0,aggregator,40.052974
799,79.9,expert-1,aggregator,29.039821
799,79.9,expert-2,aggregator,7.278124
799,79.9,frontend,router,59.478675
799,79.9,frontend,tokenizer,42.948282
799,79.9,router,cache,17.555250
799,79.9,router,expert-0,44.713813
799,79.9,router,expert-1,32.649633
799,79.9,router,expert-2,8.327641
799,79.9,router,expert-3,5.629829
800,80.0,cache,aggregator,7.879490
800,80.0,expert-0,aggregator,39.988754
800,80.0,expert-1,aggregator,29.006425
800,80.0,expert-2,aggregator,7.278235
800,80.0,frontend,router,59.402284
800,80.0,frontend,tokenizer,42.889244
800,80.0,router,cache,17.561067
800,80.0,router,expert-0,44.645313
800,80.0,router,expert-1,32.614449
800,80.0,router,expert-2,8.328765
800,80.0,router,expert-3,5.647354
801,80.10000000000001,cache,aggregator,8.079287
801,80.10000000000001,expert-0,aggregator,40.896731
801,80.10000000000001,expert-1,aggregator,29.678423
801,80.10000000000001,expert-2,aggregator,7.455693
801,80.10000000000001,frontend,router,60.770347
801,80.10000000000001,frontend,tokenizer,43.873063
801,80.10000000000001,router,cache,17.994217
801,80.10000000000001,router,expert-0,45.662282
801,80.10000000000001,router,expert-1,33.372446
801,80.10000000000001,router,expert-2,8.532846
801,80.10000000000001,router,expert-3,5.802717
802,80.2,cache,aggregator,7.880861
802,80.2,expert-0,aggregator,39.790103
802,80.2,expert-1,aggregator,28.888292
802,80.2,expert-2,aggregator,7.265967
802,80.2,frontend,router,59.144605
802,80.2,frontend,tokenizer,42.695551
802,80.2,router,cache,17.540471
802,80.2,router,expert-0,44.429872
802,80.2,router,expert-1,32.486311
802,80.2,router,expert-2,8.316682
802,80.2,router,expert-3,5.672080
803,80.30000000000001,cache,aggregator,7.351307
803,80.30000000000001,expert-0,aggregator,37.022158
803,80.30000000000001,expert-1,aggregator,26.890681
803,80.30000000000001,expert-2,aggregator,6.771838
803,80.30000000000001,frontend,router,55.047530
803,80.30000000000001,frontend,tokenizer,39.734415
803,80.30000000000001,router,cache,16.350847
803,80.30000000000001,router,expert-0,41.342111
803,80.30000000000001,router,expert-1,30.242073
803,80.30000000000001,router,expert-2,7.751995
803,80.30000000000001,router,expert-3,5.302033
804,80.4,cache,aggregator,7.549287
804,80.4,expert-0,aggregator,37.923548
804,80.4,expert-1,aggregator,27.557575
804,80.4,expert-2,aggregator,6.948448
804,80.4,frontend,router,56.405336
804,80.4,frontend,tokenizer,40.710923
804,80.4,router,cache,16.779937
804,80.4,router,expert-0,42.351693
804,80.4,router,expert-1,30.994304
804,80.4,router,expert-2,7.955077
804,80.4,router,expert-3,5.456221
805,80.5,cache,aggregator,8.232430
805,80.5,expert-0,aggregator,41.252183
805,80.5,expert-1,aggregator,29.989524
805,80.5,expert-2,aggregator,7.571245
805,80.5,expert-3,aggregator,5.110628
805,80.5,frontend,router,61.375119
805,80.5,frontend,tokenizer,44.294023
805,80.5,router,cache,18.286122
805,80.5,router,expert-0,46.072266
805,80.5,router,expert-1,33.731957
805,80.5,router,expert-2,8.669078
805,80.5,router,expert-3,5.962400
806,80.60000000000001,cache,aggregator,7.724517
806,80.60000000000001,expert-0,aggregator,38.611453
806,80.60000000000001,expert-1,aggregator,28.082001
806,80.60000000000001,expert-2,aggregator,7.098807
806,80.60000000000001,frontend,router,57.463861
806,80.60000000000001,frontend,tokenizer,41.467694
806,80.60000000000001,router,cache,17.146467
806,80.60000000000001,router,expert-0,43.126038
806,80.60000000000001,router,expert-1,31.588645
806,80.60000000000001,router,expert-2,8.129044
806,80.60000000000001,router,expert-3,5.606223
807,80.7,cache,aggregator,7.973681
807,80.7,expert-0,aggregator,39.759378
807,80.7,expert-1,aggregator,28.929399
807,80.7,expert-2,aggregator,7.322596
807,80.7,frontend,router,59.190300
807,80.7,frontend,tokenizer,42.709864
807,80.7,router,cache,17.687740
807,80.7,router,expert-0,44.411325
807,80.7,router,expert-1,32.544173
807,80.7,router,expert-2,8.386234
807,80.7,router,expert-3,5.799128
808,80.80000000000001,cache,aggregator,8.121943
808,80.80000000000001,expert-0,aggregator,40.400493
808,80.80000000000001,expert-1,aggregator,29.408511
808,80.80000000000001,expert-2,aggregator,7.453764
808,80.80000000000001,expert-3,aggregator,5.073653
808,80.80000000000001,frontend,router,60.162930
808,80.80000000000001,frontend,tokenizer,43.407967
808,80.80000000000001,router,cache,18.004628
808,80.80000000000001,router,expert-0,45.130640
808,80.80000000000001,router,expert-1,33.085497
808,80.80000000000001,router,expert-2,8.537383
808,80.80000000000001,router,expert-3,5.919262
809,80.9,cache,aggregator,8.318161
809,80.9,expert-0,aggregator,41.277184
809,80.9,expert-1,aggregator,30.059490
809,80.9,expert-2,aggregator,7.629037
809,80.9,expert-3,aggregator,5.207038
809,80.9,frontend,router,61.486924
809,80.9,frontend,tokenizer,44.359470
809,80.9,router,cache,18.427344
809,80.9,router,expert-0,46.113227
809,80.9,router,expert-1,33.820261
809,80.9,router,expert-2,8.739076
809,80.9,router,expert-3,6.074878
810,81.0,cache,aggregator,7.930690
810,81.0,expert-0,aggregator,39.260863
810,81.0,expert-1,aggregator,28.603235
810,81.0,expert-2,aggregator,7.269378
810,81.0,frontend,router,58.500820
810,81.0,frontend,tokenizer,42.201600
810,81.0,router,cache,17.557316
810,81.0,router,expert-0,43.863760
810,81.0,router,expert-1,32.184082
810,81.0,router,expert-2,8.327970
810,81.0,router,expert-3,5.803938
811,81.10000000000001,cache,aggregator,8.010251
811,81.10000000000001,expert-0,aggregator,39.561353
811,81.10000000000001,expert-1,aggregator,28.834261
811,81.10000000000001,expert-2,aggregator,7.338266
811,81.10000000000001,expert-3,aggregator,5.035141
811,81.10000000000001,frontend,router,58.966003
811,81.10000000000001,frontend,tokenizer,42.533616
811,81.10000000000001,router,cache,17.721703
811,81.10000000000001,router,expert-0,44.202584
811,81.10000000000001,router,expert-1,32.446311
811,81.10000000000001,router,expert-2,8.407768
811,81.10000000000001,router,expert-3,5.874331
812,81.2,cache,aggregator,7.922399
812,81.2,expert-0,aggregator,39.036242
812,81.2,expert-1,aggregator,28.463392
812,81.2,expert-2,aggregator,7.254076
812,81.2,frontend,router,58.200404
812,81.2,frontend,tokenizer,41.977884
812,81.2,router,cache,17.515751
812,81.2,router,expert-0,43.618925
812,81.2,router,expert-1,32.031227
812,81.2,router,expert-2,8.312167
812,81.2,router,expert-3,5.821949
813,81.30000000000001,cache,aggregator,7.401176
813,81.30000000000001,expert-0,aggregator,36.383820
813,81.30000000000001,expert-1,aggregator,26.540340
813,81.30000000000001,expert-2,aggregator,6.773625
813,81.30000000000001,frontend,router,54.261619
813,81.30000000000001,frontend,tokenizer,39.133754
813,81.30000000000001,router,cache,16.352566
813,81.30000000000001,router,expert-0,40.657965
813,81.30000000000001,router,expert-1,29.869211
813,81.30000000000001,router,expert-2,7.762427
813,81.30000000000001,router,expert-3,5.450178
814,81.4,cache,aggregator,8.438740
814,81.4,expert-0,aggregator,41.389633
814,81.4,expert-1,aggregator,30.204236
814,81.4,expert-2,aggregator,7.719871
814,81.4,expert-3,aggregator,5.337501
814,81.4,frontend,router,61.744955
814,81.4,frontend,tokenizer,44.527133
814,81.4,router,cache,18.632728
814,81.4,router,expert-0,46.255057
814,81.4,router,expert-1,33.995026
814,81.4,router,expert-2,8.847691
814,81.4,router,expert-3,6.227085
815,81.5,cache,aggregator,7.964731
815,81.5,expert-0,aggregator,38.976391
815,81.5,expert-1,aggregator,28.454736
815,81.5,expert-2,aggregator,7.283371
815,81.5,expert-3,aggregator,5.048097
815,81.5,frontend,router,58.161549
815,81.5,frontend,tokenizer,41.939573
815,81.5,router,cache,17.574547
815,81.5,router,expert-0,43.561168
815,81.5,router,expert-1,32.028178
815,81.5,router,expert-2,8.348248
815,81.5,router,expert-3,5.889446
816,81.60000000000001,cache,aggregator,8.498054
816,81.60000000000001,expert-0,aggregator,41.493167
816,81.60000000000001,expert-1,aggregator,30.304333
816,81.60000000000001,expert-2,aggregator,7.768308
816,81.60000000000001,expert-3,aggregator,5.397232
816,81.60000000000001,frontend,router,61.934743
816,81.60000000000001,frontend,tokenizer,44.656785
816,81.60000000000001,router,cache,18.739030
816,81.60000000000001,router,expert-0,46.377213
816,81.60000000000001,router,expert-1,34.112412
816,81.60000000000001,router,expert-2,8.904954
816,81.60000000000001,router,expert-3,6.296771
817,81.7,cache,aggregator,8.490738
817,81.7,expert-0,aggregator,41.365591
817,81.7,expert-1,aggregator,30.223247
817,81.7,expert-2,aggregator,7.759160
817,81.7,expert-3,aggregator,5.403697
817,81.7,frontend,router,61.761721
817,81.7,frontend,tokenizer,44.528479
817,81.7,router,cache,18.710618
817,81.7,router,expert-0,46.237826
817,81.7,router,expert-1,34.023483
817,81.7,router,expert-2,8.895323
817,81.7,router,expert-3,6.304314
818,81.80000000000001,cache,aggregator,8.018572
818,81.80000000000001,expert-0,aggregator,38.979621
818,81.80000000000001,expert-1,aggregator,28.491266
818,81.80000000000001,expert-2,aggregator,7.325635
818,81.80000000000001,expert-3,aggregator,5.113703
818,81.80000000000001,frontend,router,58.215566
818,81.80000000000001,frontend,tokenizer,41.968480
818,81.80000000000001,router,cache,17.658559
818,81.80000000000001,router,expert-0,43.573839
818,81.80000000000001,router,expert-1,32.075929
818,81.80000000000001,router,expert-2,8.399112
818,81.80000000000001,router,expert-3,5.965987
819,81.9,cache,aggregator,7.577003
819,81.9,expert-0,aggregator,36.753187
819,81.9,expert-1,aggregator,26.874470
819,81.9,expert-2,aggregator,6.920561
819,81.9,frontend,router,54.905624
819,81.9,frontend,tokenizer,39.579189
819,81.9,router,cache,16.675226
819,81.9,router,expert-0,41.087827
819,81.9,router,expert-1,30.257786
819,81.9,router,expert-2,7.935420
819,81.9,router,expert-3,5.649039
820,82.0,cache,aggregator,8.278596
820,82.0,expert-0,aggregator,40.070180
820,82.0,expert-1,aggregator,29.311326
820,82.0,expert-2,aggregator,7.559841
820,82.0,expert-3,aggregator,5.301244
820,82.0,frontend,router,59.877323
820,82.0,frontend,tokenizer,43.159725
820,82.0,router,cache,18.207379
820,82.0,router,expert-0,44.799105
820,82.0,router,expert-1,33.003677
820,82.0,router,expert-2,8.669241
820,82.0,router,expert-3,6.184784
821,82.10000000000001,cache,aggregator,8.311838
821,82.10000000000001,expert-0,aggregator,40.145682
821,82.10000000000001,expert-1,aggregator,29.377902
821,82.10000000000001,expert-2,aggregator,7.588947
821,82.10000000000001,expert-3,aggregator,5.333445
821,82.10000000000001,frontend,router,60.006477
821,82.10000000000001,frontend,tokenizer,43.249487
821,82.10000000000001,router,cache,18.268578
821,82.10000000000001,router,expert-0,44.886597
821,82.10000000000001,router,expert-1,33.080889
821,82.10000000000001,router,expert-2,8.703405
821,82.10000000000001,router,expert-3,6.222353
822,82.2,cache,aggregator,8.491269
822,82.2,expert-0,aggregator,40.926226
822,82.2,expert-1,aggregator,29.960556
822,82.2,expert-2,aggregator,7.751790
822,82.2,expert-3,aggregator,5.459740
822,82.2,frontend,router,61.189671
822,82.2,frontend,tokenizer,44.098903
822,82.2,router,cache,18.650808
822,82.2,router,expert-0,45.762449
822,82.2,router,expert-1,33.739270
822,82.2,router,expert-2,8.890951
822,82.2,router,expert-3,6.369697
823,82.30000000000001,cache,aggregator,7.815207
823,82.30000000000001,expert-0,aggregator,37.589542
823,82.30000000000001,expert-1,aggregator,27.528334
823,82.30000000000001,expert-2,aggregator,7.133966
823,82.30000000000001,expert-3,aggregator,5.035324
823,82.30000000000001,frontend,router,56.215945
823,82.30000000000001,frontend,tokenizer,40.511313
823,82.30000000000001,router,cache,17.154710
823,82.30000000000001,router,expert-0,42.034340
823,82.30000000000001,router,expert-1,31.002380
823,82.30000000000001,router,expert-2,8.183051
823,82.30000000000001,router,expert-3,5.874545
824,82.4,cache,aggregator,7.966034
824,82.4,expert-0,aggregator,38.236341
824,82.4,expert-1,aggregator,28.012534
824,82.4,expert-2,aggregator,7.271268
824,82.4,expert-3,aggregator,5.142990
824,82.4,frontend,router,57.198389
824,82.4,frontend,tokenizer,41.216208
824,82.4,router,cache,17.474443
824,82.4,router,expert-0,42.760531
824,82.4,router,expert-1,31.549807
824,82.4,router,expert-2,8.341261
824,82.4,router,expert-3,6.000155
825,82.5,cache,aggregator,8.474652
825,82.5,expert-0,aggregator,40.595115
825,82.5,expert-1,aggregator,29.751678
825,82.5,expert-2,aggregator,7.735411
825,82.5,expert-3,aggregator,5.482527
825,82.5,frontend,router,60.742846
825,82.5,frontend,tokenizer,43.767034
825,82.5,router,cache,18.578120
825,82.5,router,expert-0,45.401479
825,82.5,router,expert-1,33.510804
825,82.5,router,expert-2,8.874454
825,82.5,router,expert-3,6.396282
826,82.60000000000001,cache,aggregator,8.668221
826,82.60000000000001,expert-0,aggregator,41.439051
826,82.60000000000001,expert-1,aggregator,30.381384
826,82.60000000000001,expert-2,aggregator,7.912270
826,82.60000000000001,expert-3,aggregator,5.619185
826,82.60000000000001,frontend,router,62.021742
826,82.60000000000001,frontend,tokenizer,44.685229
826,82.60000000000001,router,cache,18.990178
826,82.60000000000001,router,expert-0,46.348471
826,82.60000000000001,router,expert-1,34.222357
826,82.60000000000001,router,expert-2,9.078110
826,82.60000000000001,router,expert-3,6.555716
827,82.7,cache,aggregator,7.760187
827,82.7,expert-0,aggregator,37.024578
827,82.7,expert-1,aggregator,27.154785
827,82.7,expert-2,aggregator,7.083844
827,82.7,expert-3,aggregator,5.040794
827,82.7,frontend,router,55.428864
827,82.7,frontend,tokenizer,39.932303
827,82.7,router,cache,16.989902
827,82.7,router,expert-0,41.413795
827,82.7,router,expert-1,30.589867
827,82.7,router,expert-2,8.128282
827,82.7,router,expert-3,5.880926
828,82.80000000000001,cache,aggregator,8.228222
828,82.80000000000001,expert-0,aggregator,39.180699
828,82.80000000000001,expert-1,aggregator,28.746524
828,82.80000000000001,expert-2,aggregator,7.511806
828,82.80000000000001,expert-3,aggregator,5.355685
828,82.80000000000001,frontend,router,58.671693
828,82.80000000000001,frontend,tokenizer,42.265467
828,82.80000000000001,router,cache,18.002994
828,82.80000000000001,router,expert-0,43.828468
828,82.80000000000001,router,expert-1,32.385104
828,82.80000000000001,router,expert-2,8.620032
828,82.80000000000001,router,expert-3,6.248300
829,82.9,cache,aggregator,8.081236
829,82.9,expert-0,aggregator,38.406296
829,82.9,expert-1,aggregator,28.188431
829,82.9,expert-2,aggregator,7.378593
829,82.9,expert-3,aggregator,5.270698
829,82.9,frontend,router,57.526550
829,82.9,frontend,tokenizer,41.437578
829,82.9,router,cache,17.670019
829,82.9,router,expert-0,42.965082
829,82.9,router,expert-1,31.758464
829,82.9,router,expert-2,8.467833
829,82.9,router,expert-3,6.149148
830,83.0,cache,aggregator,8.604645
830,83.0,expert-0,aggregator,40.815602
830,83.0,expert-1,aggregator,29.967356
830,83.0,expert-2,aggregator,7.857818
830,83.0,expert-3,aggregator,5.623460
830,83.0,frontend,router,61.150563
830,83.0,frontend,tokenizer,44.044915
830,83.0,router,cache,18.802392
830,83.0,router,expert-0,45.663421
830,83.0,router,expert-1,33.764903
830,83.0,router,expert-2,9.018497
830,83.0,router,expert-3,6.560703
831,83.10000000000001,cache,aggregator,8.616470
831,83.10000000000001,expert-0,aggregator,40.794478
831,83.10000000000001,expert-1,aggregator,29.962339
831,83.10000000000001,expert-2,aggregator,7.870226
831,83.10000000000001,expert-3,aggregator,5.642599
831,83.10000000000001,frontend,router,61.134004
831,83.10000000000001,frontend,tokenizer,44.029908
831,83.10000000000001,router,cache,18.816151
831,83.10000000000001,router,expert-0,45.642827
831,83.10000000000001,router,expert-1,33.761457
831,83.10000000000001,router,expert-2,9.033422
831,83.10000000000001,router,expert-3,6.583032
832,83.2,cache,aggregator,8.592347
832,83.2,expert-0,aggregator,40.604374
832,83.2,expert-1,aggregator,29.833051
832,83.2,expert-2,aggregator,7.850081
832,83.2,expert-3,aggregator,5.638192
832,83.2,frontend,router,60.863981
832,83.2,frontend,tokenizer,43.832396
832,83.2,router,cache,18.751456
832,83.2,router,expert-0,45.433144
832,83.2,router,expert-1,33.617962
832,83.2,router,expert-2,9.010969
832,83.2,router,expert-3,6.577891
833,83.30000000000001,cache,aggregator,8.865690
833,83.30000000000001,expert-0,aggregator,41.818915
833,83.30000000000001,expert-1,aggregator,30.735939
833,83.30000000000001,expert-2,aggregator,8.102051
833,83.30000000000001,expert-3,aggregator,5.829319
833,83.30000000000001,frontend,router,62.699665
833,83.30000000000001,frontend,tokenizer,45.151307
833,83.30000000000001,router,cache,19.335612
833,83.30000000000001,router,expert-0,46.795216
833,83.30000000000001,router,expert-1,34.637643
833,83.30000000000001,router,expert-2,9.300877
833,83.30000000000001,router,expert-3,6.800872
834,83.4,cache,aggregator,8.638259
834,83.4,expert-0,aggregator,40.672027
834,83.4,expert-1,aggregator,29.903139
834,83.4,expert-2,aggregator,7.896672
834,83.4,expert-3,aggregator,5.691250
834,83.4,frontend,router,60.994692
834,83.4,frontend,tokenizer,43.920545
834,83.4,router,cache,18.827565
834,83.4,router,expert-0,45.514851
834,83.4,router,expert-1,33.701299
834,83.4,router,expert-2,9.065756
834,83.4,router,expert-3,6.639791
835,83.5,cache,aggregator,9.055341
835,83.5,expert-0,aggregator,42.559255
835,83.5,expert-1,aggregator,31.301170
835,83.5,expert-2,aggregator,8.280825
835,83.5,expert-3,aggregator,5.978076
835,83.5,frontend,router,63.839997
835,83.5,frontend,tokenizer,45.966286
835,83.5,router,cache,19.724034
835,83.5,router,expert-0,47.629918
835,83.5,router,expert-1,35.279167
835,83.5,router,expert-2,9.507446
835,83.5,router,expert-3,6.974422
836,83.60000000000001,cache,aggregator,8.783164
836,83.60000000000001,expert-0,aggregator,41.206906
836,83.60000000000001,expert-1,aggregator,30.316601
836,83.60000000000001,expert-2,aggregator,8.035002
836,83.60000000000001,expert-3,aggregator,5.810075
836,83.60000000000001,frontend,router,61.825879
836,83.60000000000001,frontend,tokenizer,44.513124
836,83.60000000000001,router,cache,19.119007
836,83.60000000000001,router,expert-0,46.119462
836,83.60000000000001,router,expert-1,34.171655
836,83.60000000000001,router,expert-2,9.225841
836,83.60000000000001,router,expert-3,6.778421
837,83.7,cache,aggregator,8.947638
837,83.7,expert-0,aggregator,41.905151
837,83.7,expert-1,aggregator,30.840413
837,83.7,expert-2,aggregator,8.188886
837,83.7,expert-3,aggregator,5.930787
837,83.7,frontend,router,62.888028
837,83.7,frontend,tokenizer,45.274879
837,83.7,router,cache,19.464647
837,83.7,router,expert-0,46.904007
837,83.7,router,expert-1,34.764287
837,83.7,router,expert-2,9.403160
837,83.7,router,expert-3,6.919251
838,83.80000000000001,cache,aggregator,8.833690
838,83.80000000000001,expert-0,aggregator,41.300131
838,83.80000000000001,expert-1,aggregator,30.404987
838,83.80000000000001,expert-2,aggregator,8.088261
838,83.80000000000001,expert-3,aggregator,5.867029
838,83.80000000000001,frontend,router,61.994205
838,83.80000000000001,frontend,tokenizer,44.628499
838,83.80000000000001,router,cache,19.204566
838,83.80000000000001,router,expert-0,46.229814
838,83.80000000000001,router,expert-1,34.275630
838,83.80000000000001,router,expert-2,9.288223
838,83.80000000000001,router,expert-3,6.844867
839,83.9,cache,aggregator,8.740567
839,83.9,expert-0,aggregator,40.795227
839,83.9,expert-1,aggregator,30.042887
839,83.9,expert-2,aggregator,8.006898
839,83.9,expert-3,aggregator,5.816836
839,83.9,frontend,router,61.250118
839,83.9,frontend,tokenizer,44.090022
839,83.9,router,cache,18.990070
839,83.9,router,expert-0,45.667597
839,83.9,router,expert-1,33.869569
839,83.9,router,expert-2,9.195377
839,83.9,router,expert-3,6.786309
840,84.0,cache,aggregator,8.688963
840,84.0,expert-0,aggregator,40.486326
840,84.0,expert-1,aggregator,29.824826
840,84.0,expert-2,aggregator,7.963780
840,84.0,expert-3,aggregator,5.794092
840,84.0,frontend,router,60.799871
840,84.0,frontend,tokenizer,43.763151
840,84.0,router,cache,18.866002
840,84.0,router,expert-0,45.324721
840,84.0,router,expert-1,33.625841
840,84.0,router,expert-2,9.146431
840,84.0,router,expert-3,6.759774
841,84.10000000000001,cache,aggregator,8.596038
841,84.10000000000001,expert-0,aggregator,39.987084
841,84.10000000000001,expert-1,aggregator,29.466247
841,84.10000000000001,expert-2,aggregator,7.882994
841,84.10000000000001,expert-3,aggregator,5.743611
841,84.10000000000001,frontend,router,60.063348
841,84.10000000000001,frontend,tokenizer,43.230308
841,84.10000000000001,router,cache,18.652442
841,84.10000000000001,router,expert-0,44.768686
841,84.10000000000001,router,expert-1,33.223636
841,84.10000000000001,router,expert-2,9.054201
841,84.10000000000001,router,expert-3,6.700879
842,84.2,cache,aggregator,8.191031
842,84.2,expert-0,aggregator,38.040929
842,84.2,expert-1,aggregator,28.040777
842,84.2,expert-2,aggregator,7.516018
842,84.2,expert-3,aggregator,5.483949
842,84.2,frontend,router,57.152500
842,84.2,frontend,tokenizer,41.132700
842,84.2,router,cache,17.762402
842,84.2,router,expert-0,42.592533
842,84.2,router,expert-1,31.618360
842,84.2,router,expert-2,8.633216
842,84.2,router,expert-3,6.397941
843,84.30000000000001,cache,aggregator,8.890435
843,84.30000000000001,expert-0,aggregator,41.222753
843,84.30000000000001,expert-1,aggregator,30.395413
843,84.30000000000001,expert-2,aggregator,8.162880
843,84.30000000000001,expert-3,aggregator,5.964103
843,84.30000000000001,frontend,router,61.946135
843,84.30000000000001,frontend,tokenizer,44.579967
843,84.30000000000001,router,cache,19.266921
843,84.30000000000001,router,expert-0,46.157998
843,84.30000000000001,router,expert-1,34.275529
843,84.30000000000001,router,expert-2,9.376775
843,84.30000000000001,router,expert-3,6.958120
844,84.4,cache,aggregator,8.472025
844,84.4,expert-0,aggregator,39.220476
844,84.4,expert-1,aggregator,28.927727
844,84.4,expert-2,aggregator,7.783831
844,84.4,expert-3,aggregator,5.694763
844,84.4,frontend,router,58.949750
844,84.4,frontend,tokenizer,42.421045
844,84.4,router,cache,18.348605
844,84.4,router,expert-0,43.918786
844,84.4,router,expert-1,32.622491
844,84.4,router,expert-2,8.941865
844,84.4,router,expert-3,6.643890
845,84.5,cache,aggregator,8.338919
845,84.5,expert-0,aggregator,38.544050
845,84.5,expert-1,aggregator,28.437241
845,84.5,expert-2,aggregator,7.666839
845,84.5,expert-3,aggregator,5.616471
845,84.5,frontend,router,57.945153
845,84.5,frontend,tokenizer,41.695647
845,84.5,router,cache,18.048975
845,84.5,router,expert-0,43.164050
845,84.5,router,expert-1,32.071319
845,84.5,router,expert-2,8.807954
845,84.5,router,expert-3,6.552550
846,84.60000000000001,cache,aggregator,8.946521
846,84.60000000000001,expert-0,aggregator,41.288961
846,84.60000000000001,expert-1,aggregator,30.471301
846,84.60000000000001,expert-2,aggregator,8.231437
846,84.60000000000001,expert-3,aggregator,6.037712
846,84.60000000000001,frontend,router,62.084496
846,84.60000000000001,frontend,tokenizer,44.671580
846,84.60000000000001,router,cache,19.351931
846,84.60000000000001,router,expert-0,46.240876
846,84.60000000000001,router,expert-1,34.367408
846,84.60000000000001,router,expert-2,9.457095
846,84.60000000000001,router,expert-3,7.043997
847,84.7,cache,aggregator,9.136279
847,84.7,expert-0,aggregator,42.100919
847,84.7,expert-1,aggregator,31.079484
847,84.7,expert-2,aggregator,8.412405
847,84.7,expert-3,aggregator,6.178044
847,84.7,frontend,router,63.318260
847,84.7,frontend,tokenizer,45.556676
847,84.7,router,cache,19.750003
847,84.7,router,expert-0,47.153160
847,84.7,router,expert-1,35.055474
847,84.7,router,expert-2,9.665515
847,84.7,router,expert-3,7.207718
848,84.80000000000001,cache,aggregator,8.678699
848,84.80000000000001,expert-0,aggregator,39.932780
848,84.80000000000001,expert-1,aggregator,29.487313
848,84.80000000000001,expert-2,aggregator,7.997405
848,84.80000000000001,expert-3,aggregator,5.880290
848,84.80000000000001,frontend,router,60.069484
848,84.80000000000001,frontend,tokenizer,43.216759
848,84.80000000000001,router,cache,18.749102
848,84.80000000000001,router,expert-0,44.727618
848,84.80000000000001,router,expert-1,33.261618
848,84.80000000000001,router,expert-2,9.189165
848,84.80000000000001,router,expert-3,6.860338
849,84.9,cache,aggregator,8.573436
849,84.9,expert-0,aggregator,39.390616
849,84.9,expert-1,aggregator,29.095116
849,84.9,expert-2,aggregator,7.906919
849,84.9,expert-3,aggregator,5.820504
849,84.9,frontend,router,59.265621
849,84.9,frontend,tokenizer,42.636026
849,84.9,router,cache,18.510117
849,84.9,router,expert-0,44.123085
849,84.9,router,expert-1,32.821185
849,84.9,router,expert-2,9.085644
849,84.9,router,expert-3,6.790588
850,85.0,cache,aggregator,9.468973
850,85.0,expert-0,aggregator,43.442418
850,85.0,expert-1,aggregator,32.096761
850,85.0,expert-2,aggregator,8.740320
850,85.0,expert-3,aggregator,6.441236
850,85.0,frontend,router,65.374521
850,85.0,frontend,tokenizer,47.028197
850,85.0,router,cache,20.430826
850,85.0,router,expert-0,48.664676
850,85.0,router,expert-1,36.209390
850,85.0,router,expert-2,10.043768
850,85.0,router,expert-3,7.514775
851,85.10000000000001,cache,aggregator,8.646878
851,85.10000000000001,expert-0,aggregator,39.614480
851,85.10000000000001,expert-1,aggregator,29.276509
851,85.10000000000001,expert-2,aggregator,7.988588
851,85.10000000000001,expert-3,aggregator,5.893664
851,85.10000000000001,frontend,router,59.625452
851,85.10000000000001,frontend,tokenizer,42.890171
851,85.10000000000001,router,cache,18.645392
851,85.10000000000001,router,expert-0,44.379296
851,85.10000000000001,router,expert-1,33.029727
851,85.10000000000001,router,expert-2,9.180357
851,85.10000000000001,router,expert-3,6.875941
852,85.2,cache,aggregator,9.202952
852,85.2,expert-0,aggregator,42.103248
852,85.2,expert-1,aggregator,31.124134
852,85.2,expert-2,aggregator,8.510166
852,85.2,expert-3,aggregator,6.285097
852,85.2,frontend,router,63.383361
852,85.2,frontend,tokenizer,45.590881
852,85.2,router,cache,19.832107
852,85.2,router,expert-0,47.170288
852,85.2,router,expert-1,35.116280
852,85.2,router,expert-2,9.780189
852,85.2,router,expert-3,7.332613
853,85.30000000000001,cache,aggregator,8.397939
853,85.30000000000001,expert-0,aggregator,38.367654
853,85.30000000000001,expert-1,aggregator,28.370139
853,85.30000000000001,expert-2,aggregator,7.773163
853,85.30000000000001,expert-3,aggregator,5.746659
853,85.30000000000001,frontend,router,57.770427
853,85.30000000000001,frontend,tokenizer,41.551364
853,85.30000000000001,router,cache,18.086074
853,85.30000000000001,router,expert-0,42.987730
853,85.30000000000001,router,expert-1,32.010915
853,85.30000000000001,router,expert-2,8.933589
853,85.30000000000001,router,expert-3,6.704436
854,85.4,cache,aggregator,9.506301
854,85.4,expert-0,aggregator,43.372898
854,85.4,expert-1,aggregator,32.079486
854,85.4,expert-2,aggregator,8.807742
854,85.4,expert-3,aggregator,6.517953
854,85.4,frontend,router,65.318796
854,85.4,frontend,tokenizer,46.978074
854,85.4,router,cache,20.460363
854,85.4,router,expert-0,48.598617
854,85.4,router,expert-1,36.198392
854,85.4,router,expert-2,10.123046
854,85.4,router,expert-3,7.604279
855,85.5,cache,aggregator,8.689184
855,85.5,expert-0,aggregator,39.592281
855,85.5,expert-1,aggregator,29.290746
855,85.5,expert-2,aggregator,8.058863
855,85.5,expert-3,aggregator,5.969456
855,85.5,frontend,router,59.635982
855,85.5,frontend,tokenizer,42.888722
855,85.5,router,cache,18.690087
855,85.5,router,expert-0,44.365161
855,85.5,router,expert-1,33.053496
855,85.5,router,expert-2,9.262713
855,85.5,router,expert-3,6.964365
856,85.60000000000001,cache,aggregator,8.842191
856,85.60000000000001,expert-0,aggregator,40.237074
856,85.60000000000001,expert-1,aggregator,29.775251
856,85.60000000000001,expert-2,aggregator,8.209375
856,85.60000000000001,expert-3,aggregator,6.086545
856,85.60000000000001,frontend,router,60.617926
856,85.60000000000001,frontend,tokenizer,43.592707
856,85.60000000000001,router,cache,19.007420
856,85.60000000000001,router,expert-0,45.090376
856,85.60000000000001,router,expert-1,33.602171
856,85.60000000000001,router,expert-2,9.436082
856,85.60000000000001,router,expert-3,7.100969
857,85.7,cache,aggregator,8.735705
857,85.7,expert-0,aggregator,39.701756
857,85.7,expert-1,aggregator,29.386378
857,85.7,expert-2,aggregator,8.119274
857,85.7,expert-3,aggregator,6.025086
857,85.7,frontend,router,59.821863
857,85.7,frontend,tokenizer,43.018088
857,85.7,router,cache,18.766898
857,85.7,router,expert-0,44.493130
857,85.7,router,expert-1,33.165210
857,85.7,router,expert-2,9.332874
857,85.7,router,expert-3,7.029267
858,85.80000000000001,cache,aggregator,9.167422
858,85.80000000000001,expert-0,aggregator,41.611609
858,85.80000000000001,expert-1,aggregator,30.807491
858,85.80000000000001,expert-2,aggregator,8.530000
858,85.80000000000001,expert-3,aggregator,6.335281
858,85.80000000000001,frontend,router,62.710314
858,85.80000000000001,frontend,tokenizer,45.092977
858,85.80000000000001,router,cache,19.682187
858,85.80000000000001,router,expert-0,46.636225
858,85.80000000000001,router,expert-1,34.771038
858,85.80000000000001,router,expert-2,9.805352
858,85.80000000000001,router,expert-3,7.391161
859,85.9,cache,aggregator,8.842523
859,85.9,expert-0,aggregator,40.087530
859,85.9,expert-1,aggregator,29.686212
859,85.9,expert-2,aggregator,8.237093
859,85.9,expert-3,aggregator,6.122762
859,85.9,frontend,router,60.423617
859,85.9,frontend,tokenizer,43.446596
859,85.9,router,cache,18.972922
859,85.9,router,expert-0,44.930751
859,85.9,router,expert-1,33.507388
859,85.9,router,expert-2,9.468986
859,85.9,router,expert-3,7.143223
860,86.0,cache,aggregator,8.866090
860,86.0,expert-0,aggregator,40.145917
860,86.0,expert-1,aggregator,29.736420
860,86.0,expert-2,aggregator,8.268738
860,86.0,expert-3,aggregator,6.151131
860,86.0,frontend,router,60.521607
860,86.0,frontend,tokenizer,43.514998
860,86.0,router,cache,19.011765
860,86.0,router,expert-0,44.998818
860,86.0,router,expert-1,33.565939
860,86.0,router,expert-2,9.505687
860,86.0,router,expert-3,7.176320
861,86.10000000000001,cache,aggregator,9.420794
861,86.10000000000001,expert-0,aggregator,42.607223
861,86.10000000000001,expert-1,aggregator,31.566795
861,86.10000000000001,expert-2,aggregator,8.796648
861,86.10000000000001,expert-3,aggregator,6.548792
861,86.10000000000001,frontend,router,64.242528
861,86.10000000000001,frontend,tokenizer,46.188194
861,86.10000000000001,router,cache,20.188796
861,86.10000000000001,router,expert-0,47.760421
861,86.10000000000001,router,expert-1,35.634015
861,86.10000000000001,router,expert-2,10.112899
861,86.10000000000001,router,expert-3,7.640258
862,86.2,cache,aggregator,8.678662
862,86.2,expert-0,aggregator,39.205342
862,86.2,expert-1,aggregator,29.052976
862,86.2,expert-2,aggregator,8.113687
862,86.2,expert-3,aggregator,6.044723
862,86.2,frontend,router,59.122619
862,86.2,frontend,tokenizer,42.505215
862,86.2,router,cache,18.586971
862,86.2,router,expert-0,43.949628
862,86.2,router,expert-1,32.798116
862,86.2,router,expert-2,9.328037
862,86.2,router,expert-3,7.052177
863,86.30000000000001,cache,aggregator,9.397062
863,86.30000000000001,expert-0,aggregator,42.402516
863,86.30000000000001,expert-1,aggregator,31.429195
863,86.30000000000001,expert-2,aggregator,8.796430
863,86.30000000000001,expert-3,aggregator,6.557901
863,86.30000000000001,frontend,router,63.954005
863,86.30000000000001,frontend,tokenizer,45.976602
863,86.30000000000001,router,cache,20.113200
863,86.30000000000001,router,expert-0,47.536421
863,86.30000000000001,router,expert-1,35.482595
863,86.30000000000001,router,expert-2,10.113266
863,86.30000000000001,router,expert-3,7.650885
864,86.4,cache,aggregator,9.666449
864,86.4,expert-0,aggregator,43.569631
864,86.4,expert-1,aggregator,32.301293
864,86.4,expert-2,aggregator,9.060314
864,86.4,expert-3,aggregator,6.759087
864,86.4,frontend,router,65.724364
864,86.4,frontend,tokenizer,47.247240
864,86.4,router,cache,20.677100
864,86.4,router,expert-0,48.847628
864,86.4,router,expert-1,36.469156
864,86.4,router,expert-2,10.416951
864,86.4,router,expert-3,7.885601
865,86.5,cache,aggregator,9.106467
865,86.5,expert-0,aggregator,41.001010
865,86.5,expert-1,aggregator,30.403467
865,86.5,expert-2,aggregator,8.546751
865,86.5,expert-3,aggregator,6.379967
865,86.5,frontend,router,61.858890
865,86.5,frontend,tokenizer,44.466553
865,86.5,router,cache,19.467335
865,86.5,router,expert-0,45.970448
865,86.5,router,expert-1,34.328310
865,86.5,router,expert-2,9.826757
865,86.5,router,expert-3,7.443295
866,86.60000000000001,cache,aggregator,9.325007
866,86.60000000000001,expert-0,aggregator,41.940325
866,86.60000000000001,expert-1,aggregator,31.106490
866,86.60000000000001,expert-2,aggregator,8.763709
866,86.60000000000001,expert-3,aggregator,6.545823
866,86.60000000000001,frontend,router,63.285336
866,86.60000000000001,frontend,tokenizer,45.490016
866,86.60000000000001,router,cache,19.922322
866,86.60000000000001,router,expert-0,47.026257
866,86.60000000000001,router,expert-1,35.123977
866,86.60000000000001,router,expert-2,10.076469
866,86.60000000000001,router,expert-3,7.636793
867,86.7,cache,aggregator,8.979518
867,86.7,expert-0,aggregator,40.344470
867,86.7,expert-1,aggregator,29.928986
867,86.7,expert-2,aggregator,8.450693
867,86.7,expert-3,aggregator,6.315590
867,86.7,frontend,router,60.886036
867,86.7,frontend,tokenizer,43.763569
867,86.7,router,cache,19.172483
867,86.7,router,expert-0,45.239407
867,86.7,router,expert-1,33.796199
867,86.7,router,expert-2,9.716801
867,86.7,router,expert-3,7.368188
868,86.80000000000001,cache,aggregator,9.599547
868,86.80000000000001,expert-0,aggregator,43.086414
868,86.80000000000001,expert-1,aggregator,31.969455
868,86.80000000000001,expert-2,aggregator,9.046970
868,86.80000000000001,expert-3,aggregator,6.764825
868,86.80000000000001,frontend,router,65.033195
868,86.80000000000001,frontend,tokenizer,46.742563
868,86.80000000000001,router,cache,20.483818
868,86.80000000000001,router,expert-0,48.316710
868,86.80000000000001,router,expert-1,36.102237
868,86.80000000000001,router,expert-2,10.402655
868,86.80000000000001,router,expert-3,7.892296
869,86.9,cache,aggregator,9.792471
869,86.9,expert-0,aggregator,43.908730
869,86.9,expert-1,aggregator,32.585978
869,86.9,expert-2,aggregator,9.242096
869,86.9,expert-3,aggregator,6.914206
869,86.9,frontend,router,66.283484
869,86.9,frontend,tokenizer,47.639317
869,86.9,router,cache,20.882746
869,86.9,router,expert-0,49.241563
869,86.9,router,expert-1,36.800395
869,86.9,router,expert-2,10.627252
869,86.9,router,expert-3,8.066573
870,87.0,cache,aggregator,9.974990
870,87.0,expert-0,aggregator,44.683827
870,87.0,expert-1,aggregator,33.167547
870,87.0,expert-2,aggregator,9.428203
870,87.0,expert-3,aggregator,7.056768
870,87.0,frontend,router,67.462617
870,87.0,frontend,tokenizer,48.484902
870,87.0,router,cache,21.259020
870,87.0,router,expert-0,50.113543
870,87.0,router,expert-1,37.459137
870,87.0,router,expert-2,10.841475
870,87.0,router,expert-3,8.232896
871,87.10000000000001,cache,aggregator,9.200867
871,87.10000000000001,expert-0,aggregator,41.177150
871,87.10000000000001,expert-1,aggregator,30.570354
871,87.10000000000001,expert-2,aggregator,8.709554
871,87.10000000000001,expert-3,aggregator,6.521759
871,87.10000000000001,frontend,router,62.176478
871,87.10000000000001,frontend,tokenizer,44.684095
871,87.10000000000001,router,cache,19.597258
871,87.10000000000001,router,expert-0,46.183267
871,87.10000000000001,router,expert-1,34.527680
871,87.10000000000001,router,expert-2,10.015294
871,87.10000000000001,router,expert-3,7.608718
872,87.2,cache,aggregator,9.461848
872,87.2,expert-0,aggregator,42.306145
872,87.2,expert-1,aggregator,31.414268
872,87.2,expert-2,aggregator,8.970285
872,87.2,expert-3,aggregator,6.719759
872,87.2,frontend,router,63.889420
872,87.2,frontend,tokenizer,45.913424
872,87.2,router,cache,20.140887
872,87.2,router,expert-0,47.452083
872,87.2,router,expert-1,35.482664
872,87.2,router,expert-2,10.315297
872,87.2,router,expert-3,7.839719
873,87.30000000000001,cache,aggregator,8.930643
873,87.30000000000001,expert-0,aggregator,39.895189
873,87.30000000000001,expert-1,aggregator,29.629300
873,87.30000000000001,expert-2,aggregator,8.479854
873,87.30000000000001,expert-3,aggregator,6.354794
873,87.30000000000001,frontend,router,60.256002
873,87.30000000000001,frontend,tokenizer,43.300739
873,87.30000000000001,router,cache,18.998606
873,87.30000000000001,router,expert-0,44.750268
873,87.30000000000001,router,expert-1,33.468238
873,87.30000000000001,router,expert-2,9.751492
873,87.30000000000001,router,expert-3,7.413927
874,87.4,cache,aggregator,9.225835
874,87.4,expert-0,aggregator,41.177886
874,87.4,expert-1,aggregator,30.587247
874,87.4,expert-2,aggregator,8.774024
874,87.4,expert-3,aggregator,6.577558
874,87.4,frontend,router,62.200916
874,87.4,frontend,tokenizer,44.696797
874,87.4,router,cache,19.614683
874,87.4,router,expert-0,46.191523
874,87.4,router,expert-1,34.552052
874,87.4,router,expert-2,10.089930
874,87.4,router,expert-3,7.673817
875,87.5,cache,aggregator,9.394800
875,87.5,expert-0,aggregator,41.896415
875,87.5,expert-1,aggregator,31.126246
875,87.5,expert-2,aggregator,8.949121
875,87.5,expert-3,aggregator,6.710981
875,87.5,frontend,router,63.293800
875,87.5,frontend,tokenizer,45.480560
875,87.5,router,cache,19.961819
875,87.5,router,expert-0,47.000021
875,87.5,router,expert-1,35.162686
875,87.5,router,expert-2,10.291431
875,87.5,router,expert-3,7.829478
876,87.60000000000001,cache,aggregator,9.757316
876,87.60000000000001,expert-0,aggregator,43.477142
876,87.60000000000001,expert-1,aggregator,32.305949
876,87.60000000000001,expert-2,aggregator,9.309683
876,87.60000000000001,expert-3,aggregator,6.983410
876,87.60000000000001,frontend,router,65.689432
876,87.60000000000001,frontend,tokenizer,47.200383
876,87.60000000000001,router,cache,20.719544
876,87.60000000000001,router,expert-0,48.775862
876,87.60000000000001,router,expert-1,36.497191
876,87.60000000000001,router,expert-2,10.706212
876,87.60000000000001,router,expert-3,8.147312
877,87.7,cache,aggregator,9.507842
877,87.7,expert-0,aggregator,42.331550
877,87.7,expert-1,aggregator,31.459759
877,87.7,expert-2,aggregator,9.086782
877,87.7,expert-3,aggregator,6.818001
877,87.7,frontend,router,63.965755
877,87.7,frontend,tokenizer,45.960349
877,87.7,router,cache,20.177591
877,87.7,router,expert-0,47.493125
877,87.7,router,expert-1,35.542978
877,87.7,router,expert-2,10.449994
877,87.7,router,expert-3,7.954335
878,87.80000000000001,cache,aggregator,9.576473
878,87.80000000000001,expert-0,aggregator,42.603938
878,87.80000000000001,expert-1,aggregator,31.667132
878,87.80000000000001,expert-2,aggregator,9.167887
878,87.80000000000001,expert-3,aggregator,6.880467
878,87.80000000000001,frontend,router,64.384387
878,87.80000000000001,frontend,tokenizer,46.259666
878,87.80000000000001,router,cache,20.310974
878,87.80000000000001,router,expert-0,47.801195
878,87.80000000000001,router,expert-1,35.779021
878,87.80000000000001,router,expert-2,10.543374
878,87.80000000000001,router,expert-3,8.027212
879,87.9,cache,aggregator,9.958597
879,87.9,expert-0,aggregator,44.270515
879,87.9,expert-1,aggregator,32.910872
879,87.9,expert-2,aggregator,9.550127
879,87.9,expert-3,aggregator,7.168808
879,87.9,frontend,router,66.910070
879,87.9,frontend,tokenizer,48.072857
879,87.9,router,cache,21.108696
879,87.9,router,expert-0,49.673624
879,87.9,router,expert-1,37.186067
879,87.9,router,expert-2,10.983060
879,87.9,router,expert-3,8.363610
880,88.0,cache,aggregator,9.400559
880,88.0,expert-0,aggregator,41.759251
880,88.0,expert-1,aggregator,31.048556
880,88.0,expert-2,aggregator,9.030747
880,88.0,expert-3,aggregator,6.780133
880,88.0,frontend,router,63.121065
880,88.0,frontend,tokenizer,45.349204
880,88.0,router,cache,19.913853
880,88.0,router,expert-0,46.858248
880,88.0,router,expert-1,35.083524
880,88.0,router,expert-2,10.385830
880,88.0,router,expert-3,7.910156
881,88.10000000000001,cache,aggregator,10.108441
881,88.10000000000001,expert-0,aggregator,44.872076
881,88.10000000000001,expert-1,aggregator,33.367742
881,88.10000000000001,expert-2,aggregator,9.728028
881,88.10000000000001,expert-3,aggregator,7.304723
881,88.10000000000001,frontend,router,67.833013
881,88.10000000000001,frontend,tokenizer,48.733065
881,88.10000000000001,router,cache,21.400527
881,88.10000000000001,router,expert-0,50.353703
881,88.10000000000001,router,expert-1,37.705907
881,88.10000000000001,router,expert-2,11.187812
881,88.10000000000001,router,expert-3,8.522177
882,88.2,cache,aggregator,9.631993
882,88.2,expert-0,aggregator,42.727886
882,88.2,expert-1,aggregator,31.777671
882,88.2,expert-2,aggregator,9.286220
882,88.2,expert-3,aggregator,6.973809
882,88.2,frontend,router,64.597885
882,88.2,frontend,tokenizer,46.407544
882,88.2,router,cache,20.379586
882,88.2,router,expert-0,47.949975
882,88.2,router,expert-1,35.910812
882,88.2,router,expert-2,10.679762
882,88.2,router,expert-3,8.136111
883,88.30000000000001,cache,aggregator,10.060956
883,88.30000000000001,expert-0,aggregator,44.601363
883,88.30000000000001,expert-1,aggregator,33.175451
883,88.30000000000001,expert-2,aggregator,9.717526
883,88.30000000000001,expert-3,aggregator,7.298385
883,88.30000000000001,frontend,router,67.436585
883,88.30000000000001,frontend,tokenizer,48.445551
883,88.30000000000001,router,cache,21.274416
883,88.30000000000001,router,expert-0,50.054905
883,88.30000000000001,router,expert-1,37.492155
883,88.30000000000001,router,expert-2,11.175838
883,88.30000000000001,router,expert-3,8.514782
884,88.4,cache,aggregator,9.971434
884,88.4,expert-0,aggregator,44.176415
884,88.4,expert-1,aggregator,32.863610
884,88.4,expert-2,aggregator,9.648930
884,88.4,expert-3,aggregator,7.247330
884,88.4,frontend,router,66.800094
884,88.4,frontend,tokenizer,47.987025
884,88.4,router,cache,21.072473
884,88.4,router,expert-0,49.580436
884,88.4,router,expert-1,37.141468
884,88.4,router,expert-2,11.096978
884,88.4,router,expert-3,8.455219
885,88.5,cache,aggregator,9.377370
885,88.5,expert-0,aggregator,41.519122
885,88.5,expert-1,aggregator,30.890654
885,88.5,expert-2,aggregator,9.091152
885,88.5,expert-3,aggregator,6.828632
885,88.5,frontend,router,62.787405
885,88.5,frontend,tokenizer,45.103277
885,88.5,router,cache,19.805174
885,88.5,router,expert-0,46.600353
885,88.5,router,expert-1,34.913303
885,88.5,router,expert-2,10.455509
885,88.5,router,expert-3,7.966737
886,88.60000000000001,cache,aggregator,9.543179
886,88.60000000000001,expert-0,aggregator,42.228416
886,88.60000000000001,expert-1,aggregator,31.422151
886,88.60000000000001,expert-2,aggregator,9.269546
886,88.60000000000001,expert-3,aggregator,6.962692
886,88.60000000000001,frontend,router,63.865386
886,88.60000000000001,frontend,tokenizer,45.876502
886,88.60000000000001,router,cache,20.143302
886,88.60000000000001,router,expert-0,47.398743
886,88.60000000000001,router,expert-1,35.515637
886,88.60000000000001,router,expert-2,10.660681
886,88.60000000000001,router,expert-3,8.123141
887,88.7,cache,aggregator,9.206547
887,88.7,expert-0,aggregator,40.715846
887,88.7,expert-1,aggregator,30.300152
887,88.7,expert-2,aggregator,8.959854
887,88.7,expert-3,aggregator,6.729949
887,88.7,frontend,router,61.582766
887,88.7,frontend,tokenizer,44.235763
887,88.7,router,cache,19.421136
887,88.7,router,expert-0,45.703167
887,88.7,router,expert-1,34.249022
887,88.7,router,expert-2,10.304503
887,88.7,router,expert-3,7.851607
888,88.80000000000001,cache,aggregator,10.112378
888,88.80000000000001,expert-0,aggregator,44.697708
888,88.80000000000001,expert-1,aggregator,33.267093
888,88.80000000000001,expert-2,aggregator,9.860688
888,88.80000000000001,expert-3,aggregator,7.406252
888,88.80000000000001,frontend,router,67.610565
888,88.80000000000001,frontend,tokenizer,48.564493
888,88.80000000000001,router,cache,21.319237
888,88.80000000000001,router,expert-0,50.175153
888,88.80000000000001,router,expert-1,37.604317
888,88.80000000000001,router,expert-2,11.340507
888,88.80000000000001,router,expert-3,8.640627
889,88.9,cache,aggregator,9.296718
889,88.9,expert-0,aggregator,41.071185
889,88.9,expert-1,aggregator,30.571243
889,88.9,expert-2,aggregator,9.083315
889,88.9,expert-3,aggregator,6.821884
889,88.9,frontend,router,62.129623
889,88.9,frontend,tokenizer,44.626554
889,88.9,router,cache,19.587941
889,88.9,router,expert-0,46.106389
889,88.9,router,expert-1,34.558531
889,88.9,router,expert-2,10.446439
889,88.9,router,expert-3,7.958865
890,89.0,cache,aggregator,10.107010
890,89.0,expert-0,aggregator,44.628907
890,89.0,expert-1,aggregator,33.222815
890,89.0,expert-2,aggregator,9.894848
890,89.0,expert-3,aggregator,7.430640
890,89.0,frontend,router,67.516281
890,89.0,frontend,tokenizer,48.494656
890,89.0,router,cache,21.282511
890,89.0,router,expert-0,50.102611
890,89.0,router,expert-1,37.557590
890,89.0,router,expert-2,11.379709
890,89.0,router,expert-3,8.669081
891,89.10000000000001,cache,aggregator,9.571271
891,89.10000000000001,expert-0,aggregator,42.243455
891,89.10000000000001,expert-1,aggregator,31.450094
891,89.10000000000001,expert-2,aggregator,9.389416
891,89.10000000000001,expert-3,aggregator,7.050199
891,89.10000000000001,frontend,router,63.911801
891,89.10000000000001,frontend,tokenizer,45.904741
891,89.10000000000001,router,cache,20.142392
891,89.10000000000001,router,expert-0,47.426773
891,89.10000000000001,router,expert-1,35.555120
891,89.10000000000001,router,expert-2,10.798371
891,89.10000000000001,router,expert-3,8.225232
892,89.2,cache,aggregator,9.951543
892,89.2,expert-0,aggregator,43.902257
892,89.2,expert-1,aggregator,32.688104
892,89.2,expert-2,aggregator,9.782564
892,89.2,expert-3,aggregator,7.344288
892,89.2,frontend,router,66.425746
892,89.2,frontend,tokenizer,47.709453
892,89.2,router,cache,20.930200
892,89.2,router,expert-0,49.291365
892,89.2,router,expert-1,36.956316
892,89.2,router,expert-2,11.250439
892,89.2,router,expert-3,8.568336
893,89.30000000000001,cache,aggregator,10.459011
893,89.30000000000001,expert-0,aggregator,46.121560
893,89.30000000000001,expert-1,aggregator,34.343556
893,89.30000000000001,expert-2,aggregator,10.302838
893,89.30000000000001,expert-3,aggregator,7.733514
893,89.30000000000001,frontend,router,69.787902
893,89.30000000000001,frontend,tokenizer,50.123343
893,89.30000000000001,router,cache,21.984437
893,89.30000000000001,router,expert-0,51.785437
893,89.30000000000001,router,expert-1,38.829585
893,89.30000000000001,router,expert-2,11.848690
893,89.30000000000001,router,expert-3,9.022433
894,89.4,cache,aggregator,10.142299
894,89.4,expert-0,aggregator,44.707157
894,89.4,expert-1,aggregator,33.293137
894,89.4,expert-2,aggregator,10.011917
894,89.4,expert-3,aggregator,7.513615
894,89.4,frontend,router,67.651643
894,89.4,frontend,tokenizer,48.588167
894,89.4,router,cache,21.306060
894,89.4,router,expert-0,50.199589
894,89.4,router,expert-1,37.643550
894,89.4,router,expert-2,11.514017
894,89.4,router,expert-3,8.765884
895,89.5,cache,aggregator,9.518339
895,89.5,expert-0,aggregator,41.941062
895,89.5,expert-1,aggregator,31.235720
895,89.5,expert-2,aggregator,9.416015
895,89.5,expert-3,aggregator,7.064792
895,89.5,frontend,router,63.469410
895,89.5,frontend,tokenizer,45.583670
895,89.5,router,cache,19.983436
895,89.5,router,expert-0,47.095760
895,89.5,router,expert-1,35.318767
895,89.5,router,expert-2,10.828603
895,89.5,router,expert-3,8.242258
896,89.60000000000001,cache,aggregator,10.556626
896,89.60000000000001,expert-0,aggregator,46.499827
896,89.60000000000001,expert-1,aggregator,34.633459
896,89.60000000000001,expert-2,aggregator,10.465662
896,89.60000000000001,expert-3,aggregator,7.850340
896,89.60000000000001,frontend,router,70.371806
896,89.60000000000001,frontend,tokenizer,50.540157
896,89.60000000000001,router,cache,22.150149
896,89.60000000000001,router,expert-0,52.217104
896,89.60000000000001,router,expert-1,39.162270
896,89.60000000000001,router,expert-2,12.035585
896,89.60000000000001,router,expert-3,9.158730
897,89.7,cache,aggregator,10.302933
897,89.7,expert-0,aggregator,45.367550
897,89.7,expert-1,aggregator,33.792499
897,89.7,expert-2,aggregator,10.236428
897,89.7,expert-3,aggregator,7.676242
897,89.7,frontend,router,68.661549
897,89.7,frontend,tokenizer,49.311127
897,89.7,router,cache,21.605042
897,89.7,router,expert-0,50.947824
897,89.7,router,expert-1,38.212908
897,89.7,router,expert-2,11.771820
897,89.7,router,expert-3,8.955616
898,89.80000000000001,cache,aggregator,9.486798
898,89.80000000000001,expert-0,aggregator,41.761170
898,89.80000000000001,expert-1,aggregator,31.108288
898,89.80000000000001,expert-2,aggregator,9.446337
898,89.80000000000001,expert-3,aggregator,7.081599
898,89.80000000000001,frontend,router,63.206309
898,89.80000000000001,frontend,tokenizer,45.392656
898,89.80000000000001,router,cache,19.881852
898,89.80000000000001,router,expert-0,46.899870
898,89.80000000000001,router,expert-1,35.178999
898,89.80000000000001,router,expert-2,10.863077
898,89.80000000000001,router,expert-3,8.261865
899,89.9,cache,aggregator,9.764697
899,89.9,expert-0,aggregator,42.972507
899,89.9,expert-1,aggregator,32.012576
899,89.9,expert-2,aggregator,9.744713
899,89.9,expert-3,aggregator,7.302873
899,89.9,frontend,router,65.042397
899,89.9,frontend,tokenizer,46.710651
899,89.9,router,cache,20.452159
899,89.9,router,expert-0,48.262313
899,89.9,router,expert-1,36.203068
899,89.9,router,expert-2,11.206043
899,89.9,router,expert-3,8.520018
900,90.0,cache,aggregator,9.907106
900,90.0,expert-0,aggregator,43.588101
900,90.0,expert-1,aggregator,32.472997
900,90.0,expert-2,aggregator,9.909090
900,90.0,expert-3,aggregator,7.423428
900,90.0,frontend,router,65.976681
900,90.0,frontend,tokenizer,47.381026
900,90.0,router,cache,20.738180
900,90.0,router,expert-0,48.955745
900,90.0,router,expert-1,36.725214
900,90.0,router,expert-2,11.394894
900,90.0,router,expert-3,8.660666
901,90.10000000000001,cache,aggregator,10.563993
901,90.10000000000001,expert-0,aggregator,46.467440
901,90.10000000000001,expert-1,aggregator,34.619889
901,90.10000000000001,expert-2,aggregator,10.590141
901,90.10000000000001,expert-3,aggregator,7.930634
901,90.10000000000001,frontend,router,70.337432
901,90.10000000000001,frontend,tokenizer,50.512109
901,90.10000000000001,router,cache,22.100167
901,90.10000000000001,router,expert-0,52.191829
901,90.10000000000001,router,expert-1,39.154766
901,90.10000000000001,router,expert-2,12.177864
901,90.10000000000001,router,expert-3,9.252406
902,90.2,cache,aggregator,9.702899
902,90.2,expert-0,aggregator,42.670919
902,90.2,expert-1,aggregator,31.792849
902,90.2,expert-2,aggregator,9.749265
902,90.2,expert-3,aggregator,7.297983
902,90.2,frontend,router,64.592723
902,90.2,frontend,tokenizer,46.386113
902,90.2,router,cache,20.286767
902,90.2,router,expert-0,47.929580
902,90.2,router,expert-1,35.958801
902,90.2,router,expert-2,11.210724
902,90.2,router,expert-3,8.514314
903,90.30000000000001,cache,aggregator,10.590387
903,90.30000000000001,expert-0,aggregator,46.565308
903,90.30000000000001,expert-1,aggregator,34.695923
903,90.30000000000001,expert-2,aggregator,10.665688
903,90.30000000000001,expert-3,aggregator,7.980576
903,90.30000000000001,frontend,router,70.489835
903,90.30000000000001,frontend,tokenizer,50.620527
903,90.30000000000001,router,cache,22.129279
903,90.30000000000001,router,expert-0,52.306031
903,90.30000000000001,router,expert-1,39.243779
903,90.30000000000001,router,expert-2,12.264295
903,90.30000000000001,router,expert-3,9.310672
904,90.4,cache,aggregator,9.672976
904,90.4,expert-0,aggregator,42.524697
904,90.4,expert-1,aggregator,31.686460
904,90.4,expert-2,aggregator,9.764583
904,90.4,expert-3,aggregator,7.303028
904,90.4,frontend,router,64.374851
904,90.4,frontend,tokenizer,46.228795
904,90.4,router,cache,20.200395
904,90.4,router,expert-0,47.769199
904,90.4,router,expert-1,35.841197
904,90.4,router,expert-2,11.227910
904,90.4,router,expert-3,8.520199
905,90.5,cache,aggregator,10.425985
905,90.5,expert-0,aggregator,45.828854
905,90.5,expert-1,aggregator,34.149633
905,90.5,expert-2,aggregator,10.549625
905,90.5,expert-3,aggregator,7.886419
905,90.5,frontend,router,69.378289
905,90.5,frontend,tokenizer,49.821463
905,90.5,router,cache,21.760125
905,90.5,router,expert-0,51.482896
905,90.5,router,expert-1,38.628783
905,90.5,router,expert-2,12.130348
905,90.5,router,expert-3,9.200823
906,90.60000000000001,cache,aggregator,10.307033
906,90.60000000000001,expert-0,aggregator,45.300882
906,90.60000000000001,expert-1,aggregator,33.757186
906,90.60000000000001,expert-2,aggregator,10.454172
906,90.60000000000001,expert-3,aggregator,7.811166
906,90.60000000000001,frontend,router,68.580303
906,90.60000000000001,frontend,tokenizer,49.248074
906,90.60000000000001,router,cache,21.499220
906,90.60000000000001,router,expert-0,50.891782
906,90.60000000000001,router,expert-1,38.186270
906,90.60000000000001,router,expert-2,12.020333
906,90.60000000000001,router,expert-3,9.113026
907,90.7,cache,aggregator,10.083081
907,90.7,expert-0,aggregator,44.312640
907,90.7,expert-1,aggregator,33.021573
907,90.7,expert-2,aggregator,10.251676
907,90.7,expert-3,aggregator,7.655865
907,90.7,frontend,router,67.085260
907,90.7,frontend,tokenizer,48.174176
907,90.7,router,cache,21.019736
907,90.7,router,expert-0,49.783502
907,90.7,router,expert-1,37.355501
907,90.7,router,expert-2,11.787235
907,90.7,router,expert-3,8.931843
908,90.80000000000001,cache,aggregator,10.068587
908,90.80000000000001,expert-0,aggregator,44.246057
908,90.80000000000001,expert-1,aggregator,32.972606
908,90.80000000000001,expert-2,aggregator,10.261844
908,90.80000000000001,expert-3,aggregator,7.659279
908,90.80000000000001,frontend,router,66.985280
908,90.80000000000001,frontend,tokenizer,48.102128
908,90.80000000000001,router,cache,20.977208
908,90.80000000000001,router,expert-0,49.710600
908,90.80000000000001,router,expert-1,37.301448
908,90.80000000000001,router,expert-2,11.798647
908,90.80000000000001,router,expert-3,8.935826
909,90.9,cache,aggregator,9.948442
909,90.9,expert-0,aggregator,43.716270
909,90.9,expert-1,aggregator,32.578296
909,90.9,expert-2,aggregator,10.164282
909,90.9,expert-3,aggregator,7.582148
909,90.9,frontend,router,66.183816
909,90.9,frontend,tokenizer,47.526391
909,90.9,router,cache,20.714746
909,90.9,router,expert-0,49.117237
909,90.9,router,expert-1,36.856678
909,90.9,router,expert-2,11.686187
909,90.9,router,expert-3,8.845840
910,91.0,cache,aggregator,9.718977
910,91.0,expert-0,aggregator,42.707178
910,91.0,expert-1,aggregator,31.826634
910,91.0,expert-2,aggregator,9.954430
910,91.0,expert-3,aggregator,7.421216
910,91.0,frontend,router,64.656480
910,91.0,frontend,tokenizer,46.429457
910,91.0,router,cache,20.225101
910,91.0,router,expert-0,47.985264
910,91.0,router,expert-1,36.007564
910,91.0,router,expert-2,11.444621
910,91.0,router,expert-3,8.658086
911,91.10000000000001,cache,aggregator,10.786657
911,91.10000000000001,expert-0,aggregator,47.399062
911,91.10000000000001,expert-1,aggregator,35.323373
911,91.10000000000001,expert-2,aggregator,11.075575
911,91.10000000000001,expert-3,aggregator,8.251981
911,91.10000000000001,frontend,router,71.759928
911,91.10000000000001,frontend,tokenizer,51.530274
911,91.10000000000001,router,cache,22.433797
911,91.10000000000001,router,expert-0,53.258966
911,91.10000000000001,router,expert-1,39.965036
911,91.10000000000001,router,expert-2,12.733264
911,91.10000000000001,router,expert-3,9.627312
912,91.2,cache,aggregator,10.757884
912,91.2,expert-0,aggregator,47.274022
912,91.2,expert-1,aggregator,35.230238
912,91.2,expert-2,aggregator,11.073862
912,91.2,expert-3,aggregator,8.245453
912,91.2,frontend,router,71.570567
912,91.2,frontend,tokenizer,51.394211
912,91.2,router,cache,22.360872
912,91.2,router,expert-0,53.120396
912,91.2,router,expert-1,39.861020
912,91.2,router,expert-2,12.730945
912,91.2,router,expert-3,9.619696
913,91.30000000000001,cache,aggregator,10.769652
913,91.30000000000001,expert-0,aggregator,47.328257
913,91.30000000000001,expert-1,aggregator,35.270543
913,91.30000000000001,expert-2,aggregator,11.114143
913,91.30000000000001,expert-3,aggregator,8.269995
913,91.30000000000001,frontend,router,71.652384
913,91.30000000000001,frontend,tokenizer,51.452925
913,91.30000000000001,router,cache,22.372254
913,91.30000000000001,router,expert-0,53.183243
913,91.30000000000001,router,expert-1,39.907964
913,91.30000000000001,router,expert-2,12.776891
913,91.30000000000001,router,expert-3,9.648327
914,91.4,cache,aggregator,10.211839
914,91.4,expert-0,aggregator,44.880347
914,91.4,expert-1,aggregator,33.446020
914,91.4,expert-2,aggregator,10.565487
914,91.4,expert-3,aggregator,7.856388
914,91.4,frontend,router,67.945884
914,91.4,frontend,tokenizer,48.791329
914,91.4,router,cache,21.201101
914,91.4,router,expert-0,50.434282
914,91.4,router,expert-1,37.844805
914,91.4,router,expert-2,12.145795
914,91.4,router,expert-3,9.165786
915,91.5,cache,aggregator,10.470660
915,91.5,expert-0,aggregator,46.022480
915,91.5,expert-1,aggregator,34.296743
915,91.5,expert-2,aggregator,10.861253
915,91.5,expert-3,aggregator,8.070639
915,91.5,frontend,router,69.674258
915,91.5,frontend,tokenizer,50.032512
915,91.5,router,cache,21.725767
915,91.5,router,expert-0,51.719552
915,91.5,router,expert-1,38.808681
915,91.5,router,expert-2,12.485421
915,91.5,router,expert-3,9.415746
916,91.60000000000001,cache,aggregator,10.255029
916,91.60000000000001,expert-0,aggregator,45.080302
916,91.60000000000001,expert-1,aggregator,33.594047
916,91.60000000000001,expert-2,aggregator,10.665277
916,91.60000000000001,expert-3,aggregator,7.919272
916,91.60000000000001,frontend,router,68.246933
916,91.60000000000001,frontend,tokenizer,49.007658
916,91.60000000000001,router,cache,21.265947
916,91.60000000000001,router,expert-0,50.662482
916,91.60000000000001,router,expert-1,38.014764
916,91.60000000000001,router,expert-2,12.259756
916,91.60000000000001,router,expert-3,9.239151
917,91.7,cache,aggregator,10.730039
917,91.7,expert-0,aggregator,47.175384
917,91.7,expert-1,aggregator,35.154554
917,91.7,expert-2,aggregator,11.188576
917,91.7,expert-3,aggregator,8.301636
917,91.7,frontend,router,71.417448
917,91.7,frontend,tokenizer,51.284530
917,91.7,router,cache,22.238018
917,91.7,router,expert-0,53.018784
917,91.7,router,expert-1,39.781884
917,91.7,router,expert-2,12.860876
917,91.7,router,expert-3,9.685242
918,91.80000000000001,cache,aggregator,10.294571
918,91.80000000000001,expert-0,aggregator,45.268584
918,91.80000000000001,expert-1,aggregator,33.732748
918,91.80000000000001,expert-2,aggregator,10.762892
918,91.80000000000001,expert-3,aggregator,7.979657
918,91.80000000000001,frontend,router,68.529403
918,91.80000000000001,frontend,tokenizer,49.210823
918,91.80000000000001,router,cache,21.323093
918,91.80000000000001,router,expert-0,50.877492
918,91.80000000000001,router,expert-1,38.174121
918,91.80000000000001,router,expert-2,12.371158
918,91.80000000000001,router,expert-3,9.309600
919,91.9,cache,aggregator,10.245577
919,91.9,expert-0,aggregator,45.061935
919,91.9,expert-1,aggregator,33.577730
919,91.9,expert-2,aggregator,10.740220
919,91.9,expert-3,aggregator,7.956564
919,91.9,frontend,router,68.214958
919,91.9,frontend,tokenizer,48.985249
919,91.9,router,cache,21.209269
919,91.9,router,expert-0,50.646899
919,91.9,router,expert-1,37.999862
919,91.9,router,expert-2,12.344679
919,91.9,router,expert-3,9.282658
920,92.0,cache,aggregator,10.600292
920,92.0,expert-0,aggregator,46.632238
920,92.0,expert-1,aggregator,34.746612
920,92.0,expert-2,aggregator,11.141902
920,92.0,expert-3,aggregator,8.247450
920,92.0,frontend,router,70.590194
920,92.0,frontend,tokenizer,50.691189
920,92.0,router,cache,21.930808
920,92.0,router,expert-0,52.413517
920,92.0,router,expert-1,39.323874
920,92.0,router,expert-2,12.805922
920,92.0,router,expert-3,9.622025
921,92.10000000000001,cache,aggregator,9.891936
921,92.10000000000001,expert-0,aggregator,43.526626
921,92.10000000000001,expert-1,aggregator,32.431267
921,92.10000000000001,expert-2,aggregator,10.425485
921,92.10000000000001,expert-3,aggregator,7.710729
921,92.10000000000001,frontend,router,65.887046
921,92.10000000000001,frontend,tokenizer,47.314139
921,92.10000000000001,router,cache,20.453414
921,92.10000000000001,router,expert-0,48.924438
921,92.10000000000001,router,expert-1,36.704617
921,92.10000000000001,router,expert-2,11.982082
921,92.10000000000001,router,expert-3,8.995851
922,92.2,cache,aggregator,10.783706
922,92.2,expert-0,aggregator,47.463225
922,92.2,expert-1,aggregator,35.362821
922,92.2,expert-2,aggregator,11.396332
922,92.2,expert-3,aggregator,8.421590
922,92.2,frontend,router,71.843551
922,92.2,frontend,tokenizer,51.591942
922,92.2,router,cache,22.284373
922,92.2,router,expert-0,53.350890
922,92.2,router,expert-1,40.023624
922,92.2,router,expert-2,13.097404
922,92.2,router,expert-3,9.825188
923,92.30000000000001,cache,aggregator,10.410730
923,92.30000000000001,expert-0,aggregator,45.834888
923,92.30000000000001,expert-1,aggregator,34.147947
923,92.30000000000001,expert-2,aggregator,11.032372
923,92.30000000000001,expert-3,aggregator,8.145519
923,92.30000000000001,frontend,router,69.376251
923,92.30000000000001,frontend,tokenizer,49.820547
923,92.30000000000001,router,cache,21.501148
923,92.30000000000001,router,expert-0,51.522148
923,92.30000000000001,router,expert-1,38.649745
923,92.30000000000001,router,expert-2,12.678644
923,92.30000000000001,router,expert-3,9.503105
924,92.4,cache,aggregator,10.224292
924,92.4,expert-0,aggregator,45.028163
924,92.4,expert-1,aggregator,33.545127
924,92.4,expert-2,aggregator,10.864759
924,92.4,expert-3,aggregator,8.014601
924,92.4,frontend,router,68.152467
924,92.4,frontend,tokenizer,48.942168
924,92.4,router,cache,21.103862
924,92.4,router,expert-0,50.616853
924,92.4,router,expert-1,37.968530
924,92.4,router,expert-2,12.485542
924,92.4,router,expert-3,9.350368
925,92.5,cache,aggregator,10.363012
925,92.5,expert-0,aggregator,45.654458
925,92.5,expert-1,aggregator,34.009732
925,92.5,expert-2,aggregator,11.042831
925,92.5,expert-3,aggregator,8.138519
925,92.5,frontend,router,69.097421
925,92.5,frontend,tokenizer,49.621262
925,92.5,router,cache,21.377804
925,92.5,router,expert-0,51.322406
925,92.5,router,expert-1,38.495473
925,92.5,router,expert-2,12.689682
925,92.5,router,expert-3,9.494938
926,92.60000000000001,cache,aggregator,10.444679
926,92.60000000000001,expert-0,aggregator,46.030826
926,92.60000000000001,expert-1,aggregator,34.287959
926,92.60000000000001,expert-2,aggregator,11.161061
926,92.60000000000001,expert-3,aggregator,8.217975
926,92.60000000000001,frontend,router,69.663824
926,92.60000000000001,frontend,tokenizer,50.028561
926,92.60000000000001,router,cache,21.533805
926,92.60000000000001,router,expert-0,51.747012
926,92.60000000000001,router,expert-1,38.811460
926,92.60000000000001,router,expert-2,12.825032
926,92.60000000000001,router,expert-3,9.587638
927,92.7,cache,aggregator,10.802797
927,92.7,expert-0,aggregator,47.627365
927,92.7,expert-1,aggregator,35.474829
927,92.7,expert-2,aggregator,11.576329
927,92.7,expert-3,aggregator,8.515613
927,92.7,frontend,router,72.076484
927,92.7,frontend,tokenizer,51.761805
927,92.7,router,cache,22.259256
927,92.7,router,expert-0,53.543348
927,92.7,router,expert-1,40.155989
927,92.7,router,expert-2,13.301669
927,92.7,router,expert-3,9.934881
928,92.80000000000001,cache,aggregator,10.590377
928,92.80000000000001,expert-0,aggregator,46.709873
928,92.80000000000001,expert-1,aggregator,34.788952
928,92.80000000000001,expert-2,aggregator,11.380952
928,92.80000000000001,expert-3,aggregator,8.363744
928,92.80000000000001,frontend,router,70.684277
928,92.80000000000001,frontend,tokenizer,50.762633
928,92.80000000000001,router,cache,21.808951
928,92.80000000000001,router,expert-0,52.513370
928,92.80000000000001,router,expert-1,39.380646
928,92.80000000000001,router,expert-2,13.076630
928,92.80000000000001,router,expert-3,9.757701
929,92.9,cache,aggregator,10.520269
929,92.9,expert-0,aggregator,46.420652
929,92.9,expert-1,aggregator,34.570914
929,92.9,expert-2,aggregator,11.337955
929,92.9,expert-3,aggregator,8.323873
929,92.9,frontend,router,70.242681
929,92.9,frontend,tokenizer,50.446180
929,92.9,router,cache,21.652064
929,92.9,router,expert-0,52.189658
929,92.9,router,expert-1,39.134844
929,92.9,router,expert-2,13.026676
929,92.9,router,expert-3,9.711185
930,93.0,cache,aggregator,11.094420
930,93.0,expert-0,aggregator,48.976337
930,93.0,expert-1,aggregator,36.471273
930,93.0,expert-2,aggregator,11.991163
930,93.0,expert-3,aggregator,8.794519
930,93.0,frontend,router,74.105502
930,93.0,frontend,tokenizer,53.221111
930,93.0,router,cache,22.820560
930,93.0,router,expert-0,55.064449
930,93.0,router,expert-1,41.287132
930,93.0,router,expert-2,13.776581
930,93.0,router,expert-3,10.260272
931,93.10000000000001,cache,aggregator,10.780667
931,93.10000000000001,expert-0,aggregator,47.614021
931,93.10000000000001,expert-1,aggregator,35.453778
931,93.10000000000001,expert-2,aggregator,11.685821
931,93.10000000000001,expert-3,aggregator,8.561733
931,93.10000000000001,frontend,router,72.039706
931,93.10000000000001,frontend,tokenizer,51.738290
931,93.10000000000001,router,cache,22.162398
931,93.10000000000001,router,expert-0,53.534212
931,93.10000000000001,router,expert-1,40.136282
931,93.10000000000001,router,expert-2,13.425186
931,93.10000000000001,router,expert-3,9.988689
932,93.2,cache,aggregator,10.520231
932,93.2,expert-0,aggregator,46.487076
932,93.2,expert-1,aggregator,34.611544
932,93.2,expert-2,aggregator,11.436781
932,93.2,expert-3,aggregator,8.370465
932,93.2,frontend,router,70.330034
932,93.2,frontend,tokenizer,50.511238
932,93.2,router,cache,21.614538
932,93.2,router,expert-0,52.268509
932,93.2,router,expert-1,39.183770
932,93.2,router,expert-2,13.138490
932,93.2,router,expert-3,9.765542
933,93.30000000000001,cache,aggregator,10.771047
933,93.30000000000001,expert-0,aggregator,47.620373
933,93.30000000000001,expert-1,aggregator,35.451995
933,93.30000000000001,expert-2,aggregator,11.743817
933,93.30000000000001,expert-3,aggregator,8.585985
933,93.30000000000001,frontend,router,72.039641
933,93.30000000000001,frontend,tokenizer,51.739967
933,93.30000000000001,router,cache,22.117108
933,93.30000000000001,router,expert-0,53.544119
933,93.30000000000001,router,expert-1,40.136206
933,93.30000000000001,router,expert-2,13.490598
933,93.30000000000001,router,expert-3,10.016983
934,93.4,cache,aggregator,10.156464
934,93.4,expert-0,aggregator,44.927836
934,93.4,expert-1,aggregator,33.444182
934,93.4,expert-2,aggregator,11.106434
934,93.4,expert-3,aggregator,8.111148
934,93.4,frontend,router,67.961508
934,93.4,frontend,tokenizer,48.811867
934,93.4,router,cache,20.843124
934,93.4,router,expert-0,50.517907
934,93.4,router,expert-1,37.863993
934,93.4,router,expert-2,12.757820
934,93.4,router,expert-3,9.463006
935,93.5,cache,aggregator,10.040508
935,93.5,expert-0,aggregator,44.440294
935,93.5,expert-1,aggregator,33.077848
935,93.5,expert-2,aggregator,11.012257
935,93.5,expert-3,aggregator,8.033463
935,93.5,frontend,router,67.218963
935,93.5,frontend,tokenizer,48.279461
935,93.5,router,cache,20.593303
935,93.5,router,expert-0,49.970928
935,93.5,router,expert-1,37.450107
935,93.5,router,expert-2,12.649047
935,93.5,router,expert-3,9.372373
936,93.60000000000001,cache,aggregator,10.438284
936,93.60000000000001,expert-0,aggregator,46.228396
936,93.60000000000001,expert-1,aggregator,34.405071
936,93.60000000000001,expert-2,aggregator,11.482756
936,93.60000000000001,expert-3,aggregator,8.367260
936,93.60000000000001,frontend,router,69.918116
936,93.60000000000001,frontend,tokenizer,50.219095
936,93.60000000000001,router,cache,21.396840
936,93.60000000000001,router,expert-0,51.982808
936,93.60000000000001,router,expert-1,38.953639
936,93.60000000000001,router,expert-2,13.188849
936,93.60000000000001,router,expert-3,9.761803
937,93.7,cache,aggregator,10.469058
937,93.7,expert-0,aggregator,46.393371
937,93.7,expert-1,aggregator,34.523987
937,93.7,expert-2,aggregator,11.551242
937,93.7,expert-3,aggregator,8.407530
937,93.7,frontend,router,70.161917
937,93.7,frontend,tokenizer,50.395246
937,93.7,router,cache,21.447588
937,93.7,router,expert-0,52.169542
937,93.7,router,expert-1,39.089135
937,93.7,router,expert-2,13.266868
937,93.7,router,expert-3,9.808785
938,93.80000000000001,cache,aggregator,11.102456
938,93.80000000000001,expert-0,aggregator,49.231856
938,93.80000000000001,expert-1,aggregator,36.632003
938,93.80000000000001,expert-2,aggregator,12.287170
938,93.80000000000001,expert-3,aggregator,8.932774
938,93.80000000000001,frontend,router,74.448333
938,93.80000000000001,frontend,tokenizer,53.475201
938,93.80000000000001,router,cache,22.732146
938,93.80000000000001,router,expert-0,55.362698
938,93.80000000000001,router,expert-1,41.476787
938,93.80000000000001,router,expert-2,14.111406
938,93.80000000000001,router,expert-3,10.421570
939,93.9,cache,aggregator,10.536967
939,93.9,expert-0,aggregator,46.755392
939,93.9,expert-1,aggregator,34.785134
939,93.9,expert-2,aggregator,11.696818
939,93.9,expert-3,aggregator,8.493546
939,93.9,frontend,router,70.697223
939,93.9,frontend,tokenizer,50.781966
939,93.9,router,cache,21.561930
939,93.9,router,expert-0,52.579017
939,93.9,router,expert-1,39.386486
939,93.9,router,expert-2,13.432737
939,93.9,router,expert-3,9.909137
940,94.0,cache,aggregator,10.725640
940,94.0,expert-0,aggregator,47.625370
940,94.0,expert-1,aggregator,35.427944
940,94.0,expert-2,aggregator,11.942691
940,94.0,expert-3,aggregator,8.661688
940,94.0,frontend,router,72.006142
940,94.0,frontend,tokenizer,51.723366
940,94.0,router,cache,21.935421
940,94.0,router,expert-0,53.558527
940,94.0,router,expert-1,40.115148
940,94.0,router,expert-2,13.714406
940,94.0,router,expert-3,10.105302
941,94.10000000000001,cache,aggregator,10.158579
941,94.10000000000001,expert-0,aggregator,45.139564
941,94.10000000000001,expert-1,aggregator,33.574428
941,94.10000000000001,expert-2,aggregator,11.346092
941,94.10000000000001,expert-3,aggregator,8.218980
941,94.10000000000001,frontend,router,68.241365
941,94.10000000000001,frontend,tokenizer,49.020237
941,94.10000000000001,router,cache,20.763792
941,94.10000000000001,router,expert-0,50.764122
941,94.10000000000001,router,expert-1,38.017168
941,94.10000000000001,router,expert-2,13.028634
941,94.10000000000001,router,expert-3,9.588810
942,94.2,cache,aggregator,10.333581
942,94.2,expert-0,aggregator,45.950962
942,94.2,expert-1,aggregator,34.173356
942,94.2,expert-2,aggregator,11.577265
942,94.2,expert-3,aggregator,8.376087
942,94.2,frontend,router,69.461274
942,94.2,frontend,tokenizer,49.897787
942,94.2,router,cache,21.109386
942,94.2,router,expert-0,51.677697
942,94.2,router,expert-1,38.696103
942,94.2,router,expert-2,13.293398
942,94.2,router,expert-3,9.772101
943,94.30000000000001,cache,aggregator,10.479242
943,94.30000000000001,expert-0,aggregator,46.634051
943,94.30000000000001,expert-1,aggregator,34.676561
943,94.30000000000001,expert-2,aggregator,11.776987
943,94.30000000000001,expert-3,aggregator,8.509917
943,94.30000000000001,frontend,router,70.486789
943,94.30000000000001,frontend,tokenizer,50.635777
943,94.30000000000001,router,cache,21.394683
943,94.30000000000001,router,expert-0,52.446980
943,94.30000000000001,router,expert-1,39.266652
943,94.30000000000001,router,expert-2,13.522014
943,94.30000000000001,router,expert-3,9.928237
944,94.4,cache,aggregator,11.207944
944,94.4,expert-0,aggregator,49.915893
944,94.4,expert-1,aggregator,37.111600
944,94.4,expert-2,aggregator,12.635336
944,94.4,expert-3,aggregator,9.118561
944,94.4,frontend,router,75.439450
944,94.4,frontend,tokenizer,54.195080
944,94.4,router,cache,22.869321
944,94.4,router,expert-0,56.139010
944,94.4,router,expert-1,42.024791
944,94.4,router,expert-2,14.506773
944,94.4,router,expert-3,10.638321
945,94.5,cache,aggregator,10.516593
945,94.5,expert-0,aggregator,46.874613
945,94.5,expert-1,aggregator,34.845330
945,94.5,expert-2,aggregator,11.893226
945,94.5,expert-3,aggregator,8.571959
945,94.5,frontend,router,70.835524
945,94.5,frontend,tokenizer,50.889059
945,94.5,router,cache,21.446373
945,94.5,router,expert-0,52.719579
945,94.5,router,expert-1,39.459200
945,94.5,router,expert-2,13.654013
945,94.5,router,expert-3,10.000619
946,94.60000000000001,cache,aggregator,10.380301
946,94.60000000000001,expert-0,aggregator,46.305485
946,94.60000000000001,expert-1,aggregator,34.417038
946,94.60000000000001,expert-2,aggregator,11.776211
946,94.60000000000001,expert-3,aggregator,8.476556
946,94.60000000000001,frontend,router,69.967805
946,94.60000000000001,frontend,tokenizer,50.267107
946,94.60000000000001,router,cache,21.156332
946,94.60000000000001,router,expert-0,52.080456
946,94.60000000000001,router,expert-1,38.974879
946,94.60000000000001,router,expert-2,13.518936
946,94.60000000000001,router,expert-3,9.889316
947,94.7,cache,aggregator,10.896548
947,94.7,expert-0,aggregator,48.649836
947,94.7,expert-1,aggregator,36.153862
947,94.7,expert-2,aggregator,12.401173
947,94.7,expert-3,aggregator,8.914617
947,94.7,frontend,router,73.501846
947,94.7,frontend,tokenizer,52.807621
947,94.7,router,cache,22.195815
947,94.7,router,expert-0,54.718172
947,94.7,router,expert-1,40.942406
947,94.7,router,expert-2,14.235598
947,94.7,router,expert-3,10.400387
948,94.80000000000001,cache,aggregator,11.132926
948,94.80000000000001,expert-0,aggregator,49.748708
948,94.80000000000001,expert-1,aggregator,36.964558
948,94.80000000000001,expert-2,aggregator,12.710670
948,94.80000000000001,expert-3,aggregator,9.124879
948,94.80000000000001,frontend,router,75.153360
948,94.80000000000001,frontend,tokenizer,53.995782
948,94.80000000000001,router,cache,22.664355
948,94.80000000000001,router,expert-0,55.955096
948,94.80000000000001,router,expert-1,41.861168
948,94.80000000000001,router,expert-2,14.590062
948,94.80000000000001,router,expert-3,10.645693
949,94.9,cache,aggregator,10.541467
949,94.9,expert-0,aggregator,47.148043
949,94.9,expert-1,aggregator,35.026431
949,94.9,expert-2,aggregator,12.074038
949,94.9,expert-3,aggregator,8.656109
949,94.9,frontend,router,71.216176
949,94.9,frontend,tokenizer,51.168600
949,94.9,router,cache,21.448015
949,94.9,router,expert-0,53.030889
949,94.9,router,expert-1,39.666936
949,94.9,router,expert-2,13.858516
949,94.9,router,expert-3,10.098794
950,95.0,cache,aggregator,11.274859
950,95.0,expert-0,aggregator,50.474725
950,95.0,expert-1,aggregator,37.491499
950,95.0,expert-2,aggregator,12.955733
950,95.0,expert-3,aggregator,9.275481
950,95.0,frontend,router,76.231770
950,95.0,frontend,tokenizer,54.774031
950,95.0,router,cache,22.927110
950,95.0,router,expert-0,56.773591
950,95.0,router,expert-1,42.459248
950,95.0,router,expert-2,14.869672
950,95.0,router,expert-3,10.821395
951,95.10000000000001,cache,aggregator,11.025218
951,95.10000000000001,expert-0,aggregator,49.403797
951,95.10000000000001,expert-1,aggregator,36.689681
951,95.10000000000001,expert-2,aggregator,12.709967
951,95.10000000000001,expert-3,aggregator,9.086906
951,95.10000000000001,frontend,router,74.605028
951,95.10000000000001,frontend,tokenizer,53.606936
951,95.10000000000001,router,cache,22.406687
951,95.10000000000001,router,expert-0,55.569906
951,95.10000000000001,router,expert-1,41.551809
951,95.10000000000001,router,expert-2,14.586758
951,95.10000000000001,router,expert-3,10.601390
952,95.2,cache,aggregator,10.470231
952,95.2,expert-0,aggregator,46.962341
952,95.2,expert-1,aggregator,34.870345
952,95.2,expert-2,aggregator,12.109515
952,95.2,expert-3,aggregator,8.645466
952,95.2,frontend,router,70.909091
952,95.2,frontend,tokenizer,50.952953
952,95.2,router,cache,21.266651
952,95.2,router,expert-0,52.824546
952,95.2,router,expert-1,39.491946
952,95.2,router,expert-2,13.896831
952,95.2,router,expert-3,10.086376
953,95.30000000000001,cache,aggregator,11.173054
953,95.30000000000001,expert-0,aggregator,50.164418
953,95.30000000000001,expert-1,aggregator,37.241172
953,95.30000000000001,expert-2,aggregator,12.964702
953,95.30000000000001,expert-3,aggregator,9.242877
953,95.30000000000001,frontend,router,75.734029
953,95.30000000000001,frontend,tokenizer,54.421865
953,95.30000000000001,router,cache,22.681263
953,95.30000000000001,router,expert-0,56.427171
953,95.30000000000001,router,expert-1,42.177583
953,95.30000000000001,router,expert-2,14.877364
953,95.30000000000001,router,expert-3,10.783356
954,95.4,cache,aggregator,11.232388
954,95.4,expert-0,aggregator,50.481989
954,95.4,expert-1,aggregator,37.469958
954,95.4,expert-2,aggregator,13.076446
954,95.4,expert-3,aggregator,9.309158
954,95.4,frontend,router,76.203255
954,95.4,frontend,tokenizer,54.760975
954,95.4,router,cache,22.788728
954,95.4,router,expert-0,56.785203
954,95.4,router,expert-1,42.437267
954,95.4,router,expert-2,15.004701
954,95.4,router,expert-3,10.860684
955,95.5,cache,aggregator,11.176799
955,95.5,expert-0,aggregator,50.284287
955,95.5,expert-1,aggregator,37.316113
955,95.5,expert-2,aggregator,13.054757
955,95.5,expert-3,aggregator,9.280226
955,95.5,frontend,router,75.894419
955,95.5,frontend,tokenizer,54.541004
955,95.5,router,cache,22.663040
955,95.5,router,expert-0,56.563597
955,95.5,router,expert-1,42.263574
955,95.5,router,expert-2,14.978914
955,95.5,router,expert-3,10.826931
956,95.60000000000001,aggregator,cache,5.033872
956,95.60000000000001,cache,aggregator,11.407508
956,95.60000000000001,expert-0,aggregator,51.376699
956,95.60000000000001,expert-1,aggregator,38.119379
956,95.60000000000001,expert-2,aggregator,13.368498
956,95.60000000000001,expert-3,aggregator,9.489310
956,95.60000000000001,frontend,router,77.532344
956,95.60000000000001,frontend,tokenizer,55.720143
956,95.60000000000001,router,cache,23.117688
956,95.60000000000001,router,expert-0,57.793192
956,95.60000000000001,router,expert-1,43.173877
956,95.60000000000001,router,expert-2,15.337968
956,95.60000000000001,router,expert-3,11.070862
957,95.7,aggregator,cache,5.054906
957,95.7,cache,aggregator,11.401547
957,95.7,expert-0,aggregator,51.405523
957,95.7,expert-1,aggregator,38.133185
957,95.7,expert-2,aggregator,13.406109
957,95.7,expert-3,aggregator,9.501895
957,95.7,frontend,router,77.564747
957,95.7,frontend,tokenizer,55.745531
957,95.7,router,cache,23.092471
957,95.7,router,expert-0,57.826352
957,95.7,router,expert-1,43.190030
957,95.7,router,expert-2,15.380180
957,95.7,router,expert-3,11.085545
958,95.80000000000001,cache,aggregator,11.107344
958,95.80000000000001,expert-0,aggregator,50.134512
958,95.80000000000001,expert-1,aggregator,37.182787
958,95.80000000000001,expert-2,aggregator,13.103972
958,95.80000000000001,expert-3,aggregator,9.273830
958,95.80000000000001,frontend,router,75.635899
958,95.80000000000001,frontend,tokenizer,54.361369
958,95.80000000000001,router,cache,22.483811
958,95.80000000000001,router,expert-0,56.397272
958,95.80000000000001,router,expert-1,42.114082
958,95.80000000000001,router,expert-2,15.032624
958,95.80000000000001,router,expert-3,10.819468
959,95.9,cache,aggregator,10.607278
959,95.9,expert-0,aggregator,47.931512
959,95.9,expert-1,aggregator,35.541546
959,95.9,expert-2,aggregator,12.556166
959,95.9,expert-3,aggregator,8.872688
959,95.9,frontend,router,72.301551
959,95.9,frontend,tokenizer,51.966937
959,95.9,router,cache,21.459366
959,95.9,router,expert-0,53.919704
959,95.9,router,expert-1,40.255615
959,95.9,router,expert-2,14.403295
959,95.9,router,expert-3,10.351470
960,96.0,cache,aggregator,10.525414
960,96.0,expert-0,aggregator,47.616444
960,96.0,expert-1,aggregator,35.300460
960,96.0,expert-2,aggregator,12.501415
960,96.0,expert-3,aggregator,8.820490
960,96.0,frontend,router,71.815378
960,96.0,frontend,tokenizer,51.619573
960,96.0,router,cache,21.281657
960,96.0,router,expert-0,53.565869
960,96.0,router,expert-1,39.982970
960,96.0,router,expert-2,14.339589
960,96.0,router,expert-3,10.290571
961,96.10000000000001,cache,aggregator,10.718045
961,96.10000000000001,expert-0,aggregator,48.544938
961,96.10000000000001,expert-1,aggregator,35.981045
961,96.10000000000001,expert-2,aggregator,12.773472
961,96.10000000000001,expert-3,aggregator,8.998523
961,96.10000000000001,frontend,router,73.204399
961,96.10000000000001,frontend,tokenizer,52.620133
961,96.10000000000001,router,cache,21.658844
961,96.10000000000001,router,expert-0,54.610951
961,96.10000000000001,router,expert-1,40.754237
961,96.10000000000001,router,expert-2,14.650721
961,96.10000000000001,router,expert-3,10.498277
962,96.2,cache,aggregator,10.575799
962,96.2,expert-0,aggregator,47.958121
962,96.2,expert-1,aggregator,35.538296
962,96.2,expert-2,aggregator,12.646968
962,96.2,expert-3,aggregator,8.895511
962,96.2,frontend,router,72.308082
962,96.2,frontend,tokenizer,51.978024
962,96.2,router,cache,21.359271
962,96.2,router,expert-0,53.951348
962,96.2,router,expert-1,40.253133
962,96.2,router,expert-2,14.504699
962,96.2,router,expert-3,10.378096
963,96.30000000000001,aggregator,cache,5.213649
963,96.30000000000001,cache,aggregator,11.433494
963,96.30000000000001,expert-0,aggregator,51.910890
963,96.30000000000001,expert-1,aggregator,38.458801
963,96.30000000000001,expert-2,aggregator,13.719505
963,96.30000000000001,expert-3,aggregator,9.634710
963,96.30000000000001,frontend,router,78.255228
963,96.30000000000001,frontend,tokenizer,56.255476
963,96.30000000000001,router,cache,23.078408
963,96.30000000000001,router,expert-0,58.398642
963,96.30000000000001,router,expert-1,43.561488
963,96.30000000000001,router,expert-2,15.733769
963,96.30000000000001,router,expert-3,11.240495
964,96.4,aggregator,cache,5.108084
964,96.4,cache,aggregator,11.149666
964,96.4,expert-0,aggregator,50.685289
964,96.4,expert-1,aggregator,37.542244
964,96.4,expert-2,aggregator,13.424990
964,96.4,expert-3,aggregator,9.412900
964,96.4,frontend,router,76.395141
964,96.4,frontend,tokenizer,54.920698
964,96.4,router,cache,22.492749
964,96.4,router,expert-0,57.020377
964,96.4,router,expert-1,42.523680
964,96.4,router,expert-2,15.395015
964,96.4,router,expert-3,10.981717
965,96.5,aggregator,cache,5.024943
965,96.5,cache,aggregator,10.916973
965,96.5,expert-0,aggregator,49.690436
965,96.5,expert-1,aggregator,36.796827
965,96.5,expert-2,aggregator,13.190258
965,96.5,expert-3,aggregator,9.233485
965,96.5,frontend,router,74.883183
965,96.5,frontend,tokenizer,53.836129
965,96.5,router,cache,22.010849
965,96.5,router,expert-0,55.901649
965,96.5,router,expert-1,41.679684
965,96.5,router,expert-2,15.124849
965,96.5,router,expert-3,10.772400
966,96.60000000000001,aggregator,cache,5.095079
966,96.60000000000001,cache,aggregator,11.017677
966,96.60000000000001,expert-0,aggregator,50.213564
966,96.60000000000001,expert-1,aggregator,37.175439
966,96.60000000000001,expert-2,aggregator,13.358149
966,96.60000000000001,expert-3,aggregator,9.335879
966,96.60000000000001,frontend,router,75.658714
966,96.60000000000001,frontend,tokenizer,54.396137
966,96.60000000000001,router,cache,22.201308
966,96.60000000000001,router,expert-0,56.490613
966,96.60000000000001,router,expert-1,42.108848
966,96.60000000000001,router,expert-2,15.316356
966,96.60000000000001,router,expert-3,10.891859
967,96.7,aggregator,cache,5.154485
967,96.7,cache,aggregator,11.094124
967,96.7,expert-0,aggregator,50.628424
967,96.7,expert-1,aggregator,37.473580
967,96.7,expert-2,aggregator,13.497728
967,96.7,expert-3,aggregator,9.418027
967,96.7,frontend,router,76.270657
967,96.7,frontend,tokenizer,54.838619
967,96.7,router,cache,22.342697
967,96.7,router,expert-0,56.957751
967,96.7,router,expert-1,42.446847
967,96.7,router,expert-2,15.475370
967,96.7,router,expert-3,10.987698
968,96.80000000000001,aggregator,cache,5.244150
968,96.80000000000001,cache,aggregator,11.234457
968,96.80000000000001,expert-0,aggregator,51.337395
968,96.80000000000001,expert-1,aggregator,37.989062
968,96.80000000000001,expert-2,aggregator,13.716314
968,96.80000000000001,expert-3,aggregator,9.554780
968,96.80000000000001,frontend,router,77.325161
968,96.80000000000001,frontend,tokenizer,55.599403
968,96.80000000000001,router,cache,22.612515
968,96.80000000000001,router,expert-0,57.755746
968,96.80000000000001,router,expert-1,43.031016
968,96.80000000000001,router,expert-2,15.724930
968,96.80000000000001,router,expert-3,11.147244
969,96.9,aggregator,cache,5.057299
969,96.9,cache,aggregator,10.783643
969,96.9,expert-0,aggregator,49.344356
969,96.9,expert-1,aggregator,36.505175
969,96.9,expert-2,aggregator,13.212183
969,96.9,expert-3,aggregator,9.188312
969,96.9,frontend,router,74.309988
969,96.9,frontend,tokenizer,53.433928
969,96.9,router,cache,21.692847
969,96.9,router,expert-0,55.513880
969,96.9,router,expert-1,41.350430
969,96.9,router,expert-2,15.145956
969,96.9,router,expert-3,10.719698
970,97.0,aggregator,cache,5.151776
970,97.0,cache,aggregator,10.933882
970,97.0,expert-0,aggregator,50.101015
970,97.0,expert-1,aggregator,37.055609
970,97.0,expert-2,aggregator,13.443531
970,97.0,expert-3,aggregator,9.333537
970,97.0,frontend,router,75.435835
970,97.0,frontend,tokenizer,54.246106
970,97.0,router,cache,21.982638
970,97.0,router,expert-0,56.365467
970,97.0,router,expert-1,41.974147
970,97.0,router,expert-2,15.410120
970,97.0,router,expert-3,10.889126
971,97.10000000000001,aggregator,cache,5.365545
971,97.10000000000001,cache,aggregator,11.334500
971,97.10000000000001,expert-0,aggregator,52.009730
971,97.10000000000001,expert-1,aggregator,38.457475
971,97.10000000000001,expert-2,aggregator,13.985478
971,97.10000000000001,expert-3,aggregator,9.693393
971,97.10000000000001,frontend,router,78.295358
971,97.10000000000001,frontend,tokenizer,56.305159
971,97.10000000000001,router,cache,22.775204
971,97.10000000000001,router,expert-0,58.513144
971,97.10000000000001,router,expert-1,43.562301
971,97.10000000000001,router,expert-2,16.030252
971,97.10000000000001,router,expert-3,11.308959
972,97.2,aggregator,cache,5.260679
972,97.2,cache,aggregator,11.061196
972,97.2,expert-0,aggregator,50.828151
972,97.2,expert-1,aggregator,37.574006
972,97.2,expert-2,aggregator,13.696798
972,97.2,expert-3,aggregator,9.477137
972,97.2,frontend,router,76.502347
972,97.2,frontend,tokenizer,55.018478
972,97.2,router,cache,22.213479
972,97.2,router,expert-0,57.184085
972,97.2,router,expert-1,42.561747
972,97.2,router,expert-2,15.698287
972,97.2,router,expert-3,11.056660
973,97.30000000000001,aggregator,cache,5.029423
973,97.30000000000001,cache,aggregator,10.525696
973,97.30000000000001,expert-0,aggregator,48.437633
973,97.30000000000001,expert-1,aggregator,35.797393
973,97.30000000000001,expert-2,aggregator,13.080242
973,97.30000000000001,expert-3,aggregator,9.034986
973,97.30000000000001,frontend,router,72.890539
973,97.30000000000001,frontend,tokenizer,52.423615
973,97.30000000000001,router,cache,21.126131
973,97.30000000000001,router,expert-0,54.494863
973,97.30000000000001,router,expert-1,40.549454
973,97.30000000000001,router,expert-2,14.990599
973,97.30000000000001,router,expert-3,10.540817
974,97.4,aggregator,cache,5.287628
974,97.4,cache,aggregator,11.014543
974,97.4,expert-0,aggregator,50.761956
974,97.4,expert-1,aggregator,37.505108
974,97.4,expert-2,aggregator,13.736795
974,97.4,expert-3,aggregator,9.472067
974,97.4,frontend,router,76.373590
974,97.4,frontend,tokenizer,54.931485
974,97.4,router,cache,22.094817
974,97.4,router,expert-0,57.110052
974,97.4,router,expert-1,42.484009
974,97.4,router,expert-2,15.741945
974,97.4,router,expert-3,11.050745
975,97.5,aggregator,cache,5.433680
975,97.5,cache,aggregator,11.266089
975,97.5,expert-0,aggregator,51.998960
975,97.5,expert-1,aggregator,38.408612
975,97.5,expert-2,aggregator,14.101066
975,97.5,expert-3,aggregator,9.706285
975,97.5,frontend,router,78.219480
975,97.5,frontend,tokenizer,56.262071
975,97.5,router,cache,22.586657
975,97.5,router,expert-0,58.501930
975,97.5,router,expert-1,43.507580
975,97.5,router,expert-2,16.158258
975,97.5,router,expert-3,11.324000
976,97.60000000000001,aggregator,cache,5.017615
976,97.60000000000001,cache,aggregator,10.355013
976,97.60000000000001,expert-0,aggregator,47.866494
976,97.60000000000001,expert-1,aggregator,35.346447
976,97.60000000000001,expert-2,aggregator,13.007539
976,97.60000000000001,expert-3,aggregator,8.937831
976,97.60000000000001,frontend,router,71.988992
976,97.60000000000001,frontend,tokenizer,51.783319
976,97.60000000000001,router,cache,20.748388
976,97.60000000000001,router,expert-0,53.852795
976,97.60000000000001,router,expert-1,40.038988
976,97.60000000000001,router,expert-2,14.904149
976,97.60000000000001,router,expert-3,10.427470
977,97.7,aggregator,cache,5.200030
977,97.7,cache,aggregator,10.681541
977,97.7,expert-0,aggregator,49.452042
977,97.7,expert-1,aggregator,36.507062
977,97.7,expert-2,aggregator,13.466353
977,97.7,expert-3,aggregator,9.236705
977,97.7,frontend,router,74.358690
977,97.7,frontend,tokenizer,53.490770
977,97.7,router,cache,21.390586
977,97.7,router,expert-0,55.636746
977,97.7,router,expert-1,41.353761
977,97.7,router,expert-2,15.428769
977,97.7,router,expert-3,10.776156
978,97.80000000000001,aggregator,cache,5.304034
978,97.80000000000001,cache,aggregator,10.844504
978,97.80000000000001,expert-0,aggregator,50.285088
978,97.80000000000001,expert-1,aggregator,37.111515
978,97.80000000000001,expert-2,aggregator,13.721550
978,97.80000000000001,expert-3,aggregator,9.394952
978,97.80000000000001,frontend,router,75.595954
978,97.80000000000001,frontend,tokenizer,54.383774
978,97.80000000000001,router,cache,21.704690
978,97.80000000000001,router,expert-0,56.574059
978,97.80000000000001,router,expert-1,42.038519
978,97.80000000000001,router,expert-2,15.720035
978,97.80000000000001,router,expert-3,10.960778
979,97.9,aggregator,cache,5.405693
979,97.9,cache,aggregator,11.000961
979,97.9,expert-0,aggregator,51.091564
979,97.9,expert-1,aggregator,37.695875
979,97.9,expert-2,aggregator,13.970350
979,97.9,expert-3,aggregator,9.548107
979,97.9,frontend,router,76.792570
979,97.9,frontend,tokenizer,55.247673
979,97.9,router,cache,22.005426
979,97.9,router,expert-0,57.481452
979,97.9,router,expert-1,42.700496
979,97.9,router,expert-2,16.003925
979,97.9,router,expert-3,11.139458
980,98.0,aggregator,cache,5.468432
980,98.0,cache,aggregator,11.076908
980,98.0,expert-0,aggregator,51.527131
980,98.0,expert-1,aggregator,38.006169
980,98.0,expert-2,aggregator,14.118354
980,98.0,expert-3,aggregator,9.631790
980,98.0,frontend,router,77.431107
980,98.0,frontend,tokenizer,55.710183
980,98.0,router,cache,22.144863
980,98.0,router,expert-0,57.971517
980,98.0,router,expert-1,43.051999
980,98.0,router,expert-2,16.172309
980,98.0,router,expert-3,11.237088
981,98.10000000000001,aggregator,cache,5.497227
981,98.10000000000001,cache,aggregator,11.083486
981,98.10000000000001,expert-0,aggregator,51.641930
981,98.10000000000001,expert-1,aggregator,38.079605
981,98.10000000000001,expert-2,aggregator,14.178702
981,98.10000000000001,expert-3,aggregator,9.655321
981,98.10000000000001,frontend,router,77.587240
981,98.10000000000001,frontend,tokenizer,55.825686
981,98.10000000000001,router,cache,22.145537
981,98.10000000000001,router,expert-0,58.100666
981,98.10000000000001,router,expert-1,43.135178
981,98.10000000000001,router,expert-2,16.240260
981,98.10000000000001,router,expert-3,11.264541
982,98.2,aggregator,cache,5.657010
982,98.2,cache,aggregator,11.352650
982,98.2,expert-0,aggregator,52.983642
982,98.2,expert-1,aggregator,39.057279
982,98.2,expert-2,aggregator,14.576645
982,98.2,expert-3,aggregator,9.908080
982,98.2,frontend,router,79.586027
982,98.2,frontend,tokenizer,57.267151
982,98.2,router,cache,22.670576
982,98.2,router,expert-0,59.610144
982,98.2,router,expert-1,44.242622
982,98.2,router,expert-2,16.694848
982,98.2,router,expert-3,11.559427
983,98.30000000000001,aggregator,cache,5.513158
983,98.30000000000001,cache,aggregator,11.012572
983,98.30000000000001,expert-0,aggregator,51.482738
983,98.30000000000001,expert-1,aggregator,37.939393
983,98.30000000000001,expert-2,aggregator,14.192372
983,98.30000000000001,expert-3,aggregator,9.629042
983,98.30000000000001,frontend,router,77.314807
983,98.30000000000001,frontend,tokenizer,55.636107
983,98.30000000000001,router,cache,21.979088
983,98.30000000000001,router,expert-0,57.921457
983,98.30000000000001,router,expert-1,42.976272
983,98.30000000000001,router,expert-2,16.253546
983,98.30000000000001,router,expert-3,11.233882
984,98.4,aggregator,cache,5.467167
984,98.4,cache,aggregator,10.869995
984,98.4,expert-0,aggregator,50.902633
984,98.4,expert-1,aggregator,37.500403
984,98.4,expert-2,aggregator,14.060702
984,98.4,expert-3,aggregator,9.521946
984,98.4,frontend,router,76.426889
984,98.4,frontend,tokenizer,55.000403
984,98.4,router,cache,21.682326
984,98.4,router,expert-0,57.268703
984,98.4,router,expert-1,42.478930
984,98.4,router,expert-2,16.101569
984,98.4,router,expert-3,11.108937
985,98.5,aggregator,cache,5.247925
985,98.5,cache,aggregator,10.385651
985,98.5,expert-0,aggregator,48.718344
985,98.5,expert-1,aggregator,35.880090
985,98.5,expert-2,aggregator,13.484301
985,98.5,expert-3,aggregator,9.114489
985,98.5,frontend,router,73.131115
985,98.5,frontend,tokenizer,52.631753
985,98.5,router,cache,20.704561
985,98.5,router,expert-0,54.811115
985,98.5,router,expert-1,40.643417
985,98.5,router,expert-2,15.440364
985,98.5,router,expert-3,10.633571
986,98.60000000000001,aggregator,cache,5.416920
986,98.60000000000001,cache,aggregator,10.670339
986,98.60000000000001,expert-0,aggregator,50.141188
986,98.60000000000001,expert-1,aggregator,36.916400
986,98.60000000000001,expert-2,aggregator,13.905784
986,98.60000000000001,expert-3,aggregator,9.381648
986,98.60000000000001,frontend,router,75.250071
986,98.60000000000001,frontend,tokenizer,54.160022
986,98.60000000000001,router,cache,21.260150
986,98.60000000000001,router,expert-0,56.411746
986,98.60000000000001,router,expert-1,41.817193
986,98.60000000000001,router,expert-2,15.921805
986,98.60000000000001,router,expert-3,10.945256
987,98.7,aggregator,cache,5.619644
987,98.7,cache,aggregator,11.018305
987,98.7,expert-0,aggregator,51.867889
987,98.7,expert-1,aggregator,38.175560
987,98.7,expert-2,aggregator,14.413189
987,98.7,expert-3,aggregator,9.705504
987,98.7,frontend,router,77.823789
987,98.7,frontend,tokenizer,56.015843
987,98.7,router,cache,21.941121
987,98.7,router,expert-0,58.354193
987,98.7,router,expert-1,43.243374
987,98.7,router,expert-2,16.501542
987,98.7,router,expert-3,11.323089
988,98.80000000000001,aggregator,cache,5.631578
988,98.80000000000001,cache,aggregator,10.990484
988,98.80000000000001,expert-0,aggregator,51.829583
988,98.80000000000001,expert-1,aggregator,38.135118
988,98.80000000000001,expert-2,aggregator,14.430972
988,98.80000000000001,expert-3,aggregator,9.698904
988,98.80000000000001,frontend,router,77.748477
988,98.80000000000001,frontend,tokenizer,55.965102
988,98.80000000000001,router,cache,21.873426
988,98.80000000000001,router,expert-0,58.310875
988,98.80000000000001,router,expert-1,43.197404
988,98.80000000000001,router,expert-2,16.520663
988,98.80000000000001,router,expert-3,11.315388
989,98.9,aggregator,cache,5.815762
989,98.9,cache,aggregator,11.297296
989,98.9,expert-0,aggregator,53.373079
989,98.9,expert-1,aggregator,39.258037
989,98.9,expert-2,aggregator,14.889914
989,98.9,expert-3,aggregator,9.988103
989,98.9,frontend,router,80.045276
989,98.9,frontend,tokenizer,57.622001
989,98.9,router,cache,22.471422
989,98.9,router,expert-0,60.047125
989,98.9,router,expert-1,44.469201
989,98.9,router,expert-2,17.044779
989,98.9,router,expert-3,11.652786
990,99.0,aggregator,cache,5.664593
990,99.0,cache,aggregator,10.952625
990,99.0,expert-0,aggregator,51.839713
990,99.0,expert-1,aggregator,38.117665
990,99.0,expert-2,aggregator,14.490396
990,99.0,expert-3,aggregator,9.701291
990,99.0,frontend,router,77.727411
990,99.0,frontend,tokenizer,55.956993
990,99.0,router,cache,21.773609
990,99.0,router,expert-0,58.321735
990,99.0,router,expert-1,43.177253
990,99.0,router,expert-2,16.586188
990,99.0,router,expert-3,11.318172
991,99.10000000000001,aggregator,cache,5.714922
991,99.10000000000001,cache,aggregator,10.998715
991,99.10000000000001,expert-0,aggregator,52.154602
991,99.10000000000001,expert-1,aggregator,38.336473
991,99.10000000000001,expert-2,aggregator,14.606752
991,99.10000000000001,expert-3,aggregator,9.760143
991,99.10000000000001,frontend,router,78.181019
991,99.10000000000001,frontend,tokenizer,56.287160
991,99.10000000000001,router,cache,21.852965
991,99.10000000000001,router,expert-0,58.675683
991,99.10000000000001,router,expert-1,43.424880
991,99.10000000000001,router,expert-2,16.718104
991,99.10000000000001,router,expert-3,11.386833
992,99.2,aggregator,cache,5.493039
992,99.2,cache,aggregator,10.522693
992,99.2,expert-0,aggregator,49.991205
992,99.2,expert-1,aggregator,36.733929
992,99.2,expert-2,aggregator,14.027931
992,99.2,expert-3,aggregator,9.355009
992,99.2,frontend,router,74.920088
992,99.2,frontend,tokenizer,53.942919
992,99.2,router,cache,20.895444
992,99.2,router,expert-0,56.241457
992,99.2,router,expert-1,41.609395
992,99.2,router,expert-2,16.054392
992,99.2,router,expert-3,10.914177
993,99.30000000000001,aggregator,cache,5.832930
993,99.30000000000001,cache,aggregator,11.122029
993,99.30000000000001,expert-0,aggregator,52.939089
993,99.30000000000001,expert-1,aggregator,38.886868
993,99.30000000000001,expert-2,aggregator,14.883707
993,99.30000000000001,expert-3,aggregator,9.906143
993,99.30000000000001,frontend,router,79.318785
993,99.30000000000001,frontend,tokenizer,57.113751
993,99.30000000000001,router,cache,22.073191
993,99.30000000000001,router,expert-0,59.557526
993,99.30000000000001,router,expert-1,44.047810
993,99.30000000000001,router,expert-2,17.032487
993,99.30000000000001,router,expert-3,11.557167
994,99.4,aggregator,cache,5.579579
994,99.4,cache,aggregator,10.589662
994,99.4,expert-0,aggregator,50.502160
994,99.4,expert-1,aggregator,37.084092
994,99.4,expert-2,aggregator,14.225737
994,99.4,expert-3,aggregator,9.449440
994,99.4,frontend,router,75.649032
994,99.4,frontend,tokenizer,54.474941
994,99.4,router,cache,21.004853
994,99.4,router,expert-0,56.815540
994,99.4,router,expert-1,42.005495
994,99.4,router,expert-2,16.278274
994,99.4,router,expert-3,11.024347
995,99.5,aggregator,cache,5.796746
995,99.5,cache,aggregator,10.950876
995,99.5,expert-0,aggregator,52.326514
995,99.5,expert-1,aggregator,38.410429
995,99.5,expert-2,aggregator,14.767684
995,99.5,expert-3,aggregator,9.789858
995,99.5,frontend,router,78.362447
995,99.5,frontend,tokenizer,56.432652
995,99.5,router,cache,21.709155
995,99.5,router,expert-0,58.867522
995,99.5,router,expert-1,43.507539
995,99.5,router,expert-2,16.897109
995,99.5,router,expert-3,11.421501
996,99.60000000000001,aggregator,cache,5.632001
996,99.60000000000001,cache,aggregator,10.590382
996,99.60000000000001,expert-0,aggregator,50.703664
996,99.60000000000001,expert-1,aggregator,37.206161
996,99.60000000000001,expert-2,aggregator,14.336767
996,99.60000000000001,expert-3,aggregator,9.485122
996,99.60000000000001,frontend,router,75.913190
996,99.60000000000001,frontend,tokenizer,54.672519
996,99.60000000000001,router,cache,20.982745
996,99.60000000000001,router,expert-0,57.041358
996,99.60000000000001,router,expert-1,42.143140
996,99.60000000000001,router,expert-2,16.402786
996,99.60000000000001,router,expert-3,11.065976
997,99.7,aggregator,cache,6.074537
997,99.7,cache,aggregator,11.369643
997,99.7,expert-0,aggregator,54.542995
997,99.7,expert-1,aggregator,40.009317
997,99.7,expert-2,aggregator,15.451395
997,99.7,expert-3,aggregator,10.201925
997,99.7,frontend,router,81.640852
997,99.7,frontend,tokenizer,58.801588
997,99.7,router,cache,22.514079
997,99.7,router,expert-0,61.360066
997,99.7,router,expert-1,45.317887
997,99.7,router,expert-2,17.676663
997,99.7,router,expert-3,11.902245
998,99.80000000000001,aggregator,cache,5.890888
998,99.80000000000001,cache,aggregator,10.974873
998,99.80000000000001,expert-0,aggregator,52.755259
998,99.80000000000001,expert-1,aggregator,38.684151
998,99.80000000000001,expert-2,aggregator,14.972931
998,99.80000000000001,expert-3,aggregator,9.865951
998,99.80000000000001,frontend,router,78.944871
998,99.80000000000001,frontend,tokenizer,56.863739
998,99.80000000000001,router,cache,21.720191
998,99.80000000000001,router,expert-0,59.348358
998,99.80000000000001,router,expert-1,43.816516
998,99.80000000000001,router,expert-2,17.127955
998,99.80000000000001,router,expert-3,11.510276
999,99.9,aggregator,cache,5.686469
999,99.9,cache,aggregator,10.545009
999,99.9,expert-0,aggregator,50.792188
999,99.9,expert-1,aggregator,37.231275
999,99.9,expert-2,aggregator,14.442615
999,99.9,expert-3,aggregator,9.497095
999,99.9,frontend,router,75.987762
999,99.9,frontend,tokenizer,54.737558
999,99.9,router,cache,20.857771
999,99.9,router,expert-0,57.139410
999,99.9,router,expert-1,42.170496
999,99.9,router,expert-2,16.520016
999,99.9,router,expert-3,11.079944
