benchmark,run_id,namespace,scale,replica_level,replica_config,workload_mode,repeat,policy,policy_display_name,step,time_s,evidence_type,request_type,traffic_stress,weighted_edge_distance,active_edge_count,request_mix_entropy,top3_hotspot_churn,traffic_stress_gini,traffic_stress_skew,migration_count,policy_decision_time_ms,gda_query_latency_ms,gda_build_time_ms,gda_total_time_ms,gda_nodes,gda_edges,gda_query_count,latency_ms,p50_ms,p95_ms,p99_ms,throughput_rps,error_rate,sla_ms,sla_pressure,sla_violation_ratio,worker_nodes_selected,actual_app_pods,ready_app_pods,non_empty_worker_nodes,pod_node_occupancy_ratio,pod_restarts,total_pods,cluster_cpu_utilization,cluster_memory_utilization,top_node_cpu_utilization
online-boutique,online-boutique-longmix-stageC-scale20-replica5-sinusoidal-steps500-20260612T140721Z,idyn-ob-scale20-replica5,scale20,replica5,adservice=5;cartservice=5;checkoutservice=5;currencyservice=5;emailservice=5;frontend=5;paymentservice=5;productcatalogservice=5;recommendationservice=5;redis-cart=1;shippingservice=5,sinusoidal,stageC,kubernetes-default,K8s default,0,0.000,replay,mixed,0.978681,0.000000,7,1.563267,0.000000,0.307166,0.178480,,,0.000000,0.017232,0.017232,7,7,0,88.053462,88.053462,88.053462,88.053462,120.000000,0.000000,135.890114,0.647975,0.000000,20,,,,,,,,,
online-boutique,online-boutique-longmix-stageC-scale20-replica5-sinusoidal-steps500-20260612T140721Z,idyn-ob-scale20-replica5,scale20,replica5,adservice=5;cartservice=5;checkoutservice=5;currencyservice=5;emailservice=5;frontend=5;paymentservice=5;productcatalogservice=5;recommendationservice=5;redis-cart=1;shippingservice=5,sinusoidal,stageC,cga,CGA,0,0.000,replay,mixed,0.978681,0.000000,7,1.563267,0.000000,0.307166,0.178480,,,0.000000,0.017232,0.017232,7,7,0,81.817154,81.817154,81.817154,81.817154,120.000000,0.000000,135.890114,0.602083,0.000000,20,,,,,,,,,
online-boutique,online-boutique-longmix-stageC-scale20-replica5-sinusoidal-steps500-20260612T140721Z,idyn-ob-scale20-replica5,scale20,replica5,adservice=5;cartservice=5;checkoutservice=5;currencyservice=5;emailservice=5;frontend=5;paymentservice=5;productcatalogservice=5;recommendationservice=5;redis-cart=1;shippingservice=5,sinusoidal,stageC,hda,HDA,0,0.000,replay,mixed,0.978681,0.000000,7,1.563267,0.000000,0.307166,0.178480,,,0.000000,0.017232,0.017232,7,7,0,72.380747,72.380747,72.380747,72.380747,120.000000,0.000000,135.890114,0.532642,0.000000,20,,,,,,,,,
online-boutique,online-boutique-longmix-stageC-scale20-replica5-sinusoidal-steps500-20260612T140721Z,idyn-ob-scale20-replica5,scale20,replica5,adservice=5;cartservice=5;checkoutservice=5;currencyservice=5;emailservice=5;frontend=5;paymentservice=5;productcatalogservice=5;recommendationservice=5;redis-cart=1;shippingservice=5,sinusoidal,stageC,kubernetes-default,K8s default,1,1.000,replay,mixed,0.976378,0.003183,7,1.564522,0.000000,0.307755,0.175129,,,0.000000,0.010610,0.010610,7,7,0,87.140886,87.140886,87.140886,87.140886,120.000000,0.000000,135.867720,0.641366,0.000000,20,,,,,,,,,
online-boutique,online-boutique-longmix-stageC-scale20-replica5-sinusoidal-steps500-20260612T140721Z,idyn-ob-scale20-replica5,scale20,replica5,adservice=5;cartservice=5;checkoutservice=5;currencyservice=5;emailservice=5;frontend=5;paymentservice=5;productcatalogservice=5;recommendationservice=5;redis-cart=1;shippingservice=5,sinusoidal,stageC,cga,CGA,1,1.000,replay,mixed,0.976378,0.003183,7,1.564522,0.000000,0.307755,0.175129,,,0.000000,0.010610,0.010610,7,7,0,76.206572,76.206572,76.206572,76.206572,120.000000,0.000000,135.867720,0.560888,0.000000,20,,,,,,,,,
online-boutique,online-boutique-longmix-stageC-scale20-replica5-sinusoidal-steps500-20260612T140721Z,idyn-ob-scale20-replica5,scale20,replica5,adservice=5;cartservice=5;checkoutservice=5;currencyservice=5;emailservice=5;frontend=5;paymentservice=5;productcatalogservice=5;recommendationservice=5;redis-cart=1;shippingservice=5,sinusoidal,stageC,hda,HDA,1,1.000,replay,mixed,0.976378,0.003183,7,1.564522,0.000000,0.307755,0.175129,,,0.000000,0.010610,0.010610,7,7,0,72.953892,72.953892,72.953892,72.953892,120.000000,0.000000,135.867720,0.536948,0.000000,20,,,,,,,,,
online-boutique,online-boutique-longmix-stageC-scale20-replica5-sinusoidal-steps500-20260612T140721Z,idyn-ob-scale20-replica5,scale20,replica5,adservice=5;cartservice=5;checkoutservice=5;currencyservice=5;emailservice=5;frontend=5;paymentservice=5;productcatalogservice=5;recommendationservice=5;redis-cart=1;shippingservice=5,sinusoidal,stageC,kubernetes-default,K8s default,2,2.000,replay,mixed,0.974189,0.003083,7,1.565837,0.000000,0.308333,0.171827,,,0.000000,0.020078,0.020078,7,7,0,86.037159,86.037159,86.037159,86.037159,120.000000,0.000000,135.845543,0.633345,0.000000,20,,,,,,,,,
online-boutique,online-boutique-longmix-stageC-scale20-replica5-sinusoidal-steps500-20260612T140721Z,idyn-ob-scale20-replica5,scale20,replica5,adservice=5;cartservice=5;checkoutservice=5;currencyservice=5;emailservice=5;frontend=5;paymentservice=5;productcatalogservice=5;recommendationservice=5;redis-cart=1;shippingservice=5,sinusoidal,stageC,cga,CGA,2,2.000,replay,mixed,0.974189,0.003083,7,1.565837,0.000000,0.308333,0.171827,,,0.000000,0.020078,0.020078,7,7,0,81.167218,81.167218,81.167218,81.167218,120.000000,0.000000,135.845543,0.597496,0.000000,20,,,,,,,,,
online-boutique,online-boutique-longmix-stageC-scale20-replica5-sinusoidal-steps500-20260612T140721Z,idyn-ob-scale20-replica5,scale20,replica5,adservice=5;cartservice=5;checkoutservice=5;currencyservice=5;emailservice=5;frontend=5;paymentservice=5;productcatalogservice=5;recommendationservice=5;redis-cart=1;shippingservice=5,sinusoidal,stageC,hda,HDA,2,2.000,replay,mixed,0.974189,0.003083,7,1.565837,0.000000,0.308333,0.171827,,,0.000000,0.020078,0.020078,7,7,0,76.635797,76.635797,76.635797,76.635797,120.000000,0.000000,135.845543,0.564139,0.000000,20,,,,,,,,,
online-boutique,online-boutique-longmix-stageC-scale20-replica5-sinusoidal-steps500-20260612T140721Z,idyn-ob-scale20-replica5,scale20,replica5,adservice=5;cartservice=5;checkoutservice=5;currencyservice=5;emailservice=5;frontend=5;paymentservice=5;productcatalogservice=5;recommendationservice=5;redis-cart=1;shippingservice=5,sinusoidal,stageC,kubernetes-default,K8s default,3,3.000,replay,mixed,0.966759,0.008477,7,1.567212,0.000000,0.308898,0.168575,,,0.000000,0.009627,0.009627,7,7,0,86.139865,86.139865,86.139865,86.139865,120.000000,0.000000,135.823587,0.634204,0.000000,20,,,,,,,,,
online-boutique,online-boutique-longmix-stageC-scale20-replica5-sinusoidal-steps500-20260612T140721Z,idyn-ob-scale20-replica5,scale20,replica5,adservice=5;cartservice=5;checkoutservice=5;currencyservice=5;emailservice=5;frontend=5;paymentservice=5;productcatalogservice=5;recommendationservice=5;redis-cart=1;shippingservice=5,sinusoidal,stageC,cga,CGA,3,3.000,replay,mixed,0.966759,0.008477,7,1.567212,0.000000,0.308898,0.168575,,,0.000000,0.009627,0.009627,7,7,0,77.694069,77.694069,77.694069,77.694069,120.000000,0.000000,135.823587,0.572022,0.000000,20,,,,,,,,,
online-boutique,online-boutique-longmix-stageC-scale20-replica5-sinusoidal-steps500-20260612T140721Z,idyn-ob-scale20-replica5,scale20,replica5,adservice=5;cartservice=5;checkoutservice=5;currencyservice=5;emailservice=5;frontend=5;paymentservice=5;productcatalogservice=5;recommendationservice=5;redis-cart=1;shippingservice=5,sinusoidal,stageC,hda,HDA,3,3.000,replay,mixed,0.966759,0.008477,7,1.567212,0.000000,0.308898,0.168575,,,0.000000,0.009627,0.009627,7,7,0,72.911175,72.911175,72.911175,72.911175,120.000000,0.000000,135.823587,0.536808,0.000000,20,,,,,,,,,
online-boutique,online-boutique-longmix-stageC-scale20-replica5-sinusoidal-steps500-20260612T140721Z,idyn-ob-scale20-replica5,scale20,replica5,adservice=5;cartservice=5;checkoutservice=5;currencyservice=5;emailservice=5;frontend=5;paymentservice=5;productcatalogservice=5;recommendationservice=5;redis-cart=1;shippingservice=5,sinusoidal,stageC,kubernetes-default,K8s default,4,4.000,replay,mixed,1.002093,0.034423,7,1.568649,0.000000,0.309450,0.165373,,,0.000000,0.009097,0.009097,7,7,0,86.255924,86.255924,86.255924,86.255924,120.000000,0.000000,135.801854,0.635160,0.000000,20,,,,,,,,,
online-boutique,online-boutique-longmix-stageC-scale20-replica5-sinusoidal-steps500-20260612T140721Z,idyn-ob-scale20-replica5,scale20,replica5,adservice=5;cartservice=5;checkoutservice=5;currencyservice=5;emailservice=5;frontend=5;paymentservice=5;productcatalogservice=5;recommendationservice=5;redis-cart=1;shippingservice=5,sinusoidal,stageC,cga,CGA,4,4.000,replay,mixed,1.002093,0.034423,7,1.568649,0.000000,0.309450,0.165373,,,0.000000,0.009097,0.009097,7,7,0,83.131212,83.131212,83.131212,83.131212,120.000000,0.000000,135.801854,0.612151,0.000000,20,,,,,,,,,
online-boutique,online-boutique-longmix-stageC-scale20-replica5-sinusoidal-steps500-20260612T140721Z,idyn-ob-scale20-replica5,scale20,replica5,adservice=5;cartservice=5;checkoutservice=5;currencyservice=5;emailservice=5;frontend=5;paymentservice=5;productcatalogservice=5;recommendationservice=5;redis-cart=1;shippingservice=5,sinusoidal,stageC,hda,HDA,4,4.000,replay,mixed,1.002093,0.034423,7,1.568649,0.000000,0.309450,0.165373,,,0.000000,0.009097,0.009097,7,7,0,77.465792,77.465792,77.465792,77.465792,120.000000,0.000000,135.801854,0.570433,0.000000,20,,,,,,,,,
online-boutique,online-boutique-longmix-stageC-scale20-replica5-sinusoidal-steps500-20260612T140721Z,idyn-ob-scale20-replica5,scale20,replica5,adservice=5;cartservice=5;checkoutservice=5;currencyservice=5;emailservice=5;frontend=5;paymentservice=5;productcatalogservice=5;recommendationservice=5;redis-cart=1;shippingservice=5,sinusoidal,stageC,kubernetes-default,K8s default,5,5.000,replay,mixed,0.934081,0.068691,7,1.570147,0.000000,0.309991,0.162222,,,0.000000,0.013014,0.013014,7,7,0,89.552380,89.552380,89.552380,89.552380,120.000000,0.000000,135.780347,0.659539,0.000000,20,,,,,,,,,
online-boutique,online-boutique-longmix-stageC-scale20-replica5-sinusoidal-steps500-20260612T140721Z,idyn-ob-scale20-replica5,scale20,replica5,adservice=5;cartservice=5;checkoutservice=5;currencyservice=5;emailservice=5;frontend=5;paymentservice=5;productcatalogservice=5;recommendationservice=5;redis-cart=1;shippingservice=5,sinusoidal,stageC,cga,CGA,5,5.000,replay,mixed,0.934081,0.068691,7,1.570147,0.000000,0.309991,0.162222,,,0.000000,0.013014,0.013014,7,7,0,86.811217,86.811217,86.811217,86.811217,120.000000,0.000000,135.780347,0.639350,0.000000,20,,,,,,,,,
online-boutique,online-boutique-longmix-stageC-scale20-replica5-sinusoidal-steps500-20260612T140721Z,idyn-ob-scale20-replica5,scale20,replica5,adservice=5;cartservice=5;checkoutservice=5;currencyservice=5;emailservice=5;frontend=5;paymentservice=5;productcatalogservice=5;recommendationservice=5;redis-cart=1;shippingservice=5,sinusoidal,stageC,hda,HDA,5,5.000,replay,mixed,0.934081,0.068691,7,1.570147,0.000000,0.309991,0.162222,,,0.000000,0.013014,0.013014,7,7,0,77.926898,77.926898,77.926898,77.926898,120.000000,0.000000,135.780347,0.573919,0.000000,20,,,,,,,,,
online-boutique,online-boutique-longmix-stageC-scale20-replica5-sinusoidal-steps500-20260612T140721Z,idyn-ob-scale20-replica5,scale20,replica5,adservice=5;cartservice=5;checkoutservice=5;currencyservice=5;emailservice=5;frontend=5;paymentservice=5;productcatalogservice=5;recommendationservice=5;redis-cart=1;shippingservice=5,sinusoidal,stageC,kubernetes-default,K8s default,6,6.000,replay,mixed,0.952292,0.018245,7,1.571707,0.000000,0.310519,0.159121,,,0.000000,0.008656,0.008656,7,7,0,85.507546,85.507546,85.507546,85.507546,120.000000,0.000000,135.759070,0.629848,0.000000,20,,,,,,,,,
online-boutique,online-boutique-longmix-stageC-scale20-replica5-sinusoidal-steps500-20260612T140721Z,idyn-ob-scale20-replica5,scale20,replica5,adservice=5;cartservice=5;checkoutservice=5;currencyservice=5;emailservice=5;frontend=5;paymentservice=5;productcatalogservice=5;recommendationservice=5;redis-cart=1;shippingservice=5,sinusoidal,stageC,cga,CGA,6,6.000,replay,mixed,0.952292,0.018245,7,1.571707,0.000000,0.310519,0.159121,,,0.000000,0.008656,0.008656,7,7,0,78.357260,78.357260,78.357260,78.357260,120.000000,0.000000,135.759070,0.577179,0.000000,20,,,,,,,,,
online-boutique,online-boutique-longmix-stageC-scale20-replica5-sinusoidal-steps500-20260612T140721Z,idyn-ob-scale20-replica5,scale20,replica5,adservice=5;cartservice=5;checkoutservice=5;currencyservice=5;emailservice=5;frontend=5;paymentservice=5;productcatalogservice=5;recommendationservice=5;redis-cart=1;shippingservice=5,sinusoidal,stageC,hda,HDA,6,6.000,replay,mixed,0.952292,0.018245,7,1.571707,0.000000,0.310519,0.159121,,,0.000000,0.008656,0.008656,7,7,0,74.231880,74.231880,74.231880,74.231880,120.000000,0.000000,135.759070,0.546791,0.000000,20,,,,,,,,,
online-boutique,online-boutique-longmix-stageC-scale20-replica5-sinusoidal-steps500-20260612T140721Z,idyn-ob-scale20-replica5,scale20,replica5,adservice=5;cartservice=5;checkoutservice=5;currencyservice=5;emailservice=5;frontend=5;paymentservice=5;productcatalogservice=5;recommendationservice=5;redis-cart=1;shippingservice=5,sinusoidal,stageC,kubernetes-default,K8s default,7,7.000,replay,mixed,0.985291,0.032615,7,1.573331,0.000000,0.311034,0.156071,,,0.000000,0.011872,0.011872,7,7,0,85.931298,85.931298,85.931298,85.931298,120.000000,0.000000,135.738025,0.633067,0.000000,20,,,,,,,,,
online-boutique,online-boutique-longmix-stageC-scale20-replica5-sinusoidal-steps500-20260612T140721Z,idyn-ob-scale20-replica5,scale20,replica5,adservice=5;cartservice=5;checkoutservice=5;currencyservice=5;emailservice=5;frontend=5;paymentservice=5;productcatalogservice=5;recommendationservice=5;redis-cart=1;shippingservice=5,sinusoidal,stageC,cga,CGA,7,7.000,replay,mixed,0.985291,0.032615,7,1.573331,0.000000,0.311034,0.156071,,,0.000000,0.011872,0.011872,7,7,0,82.163034,82.163034,82.163034,82.163034,120.000000,0.000000,135.738025,0.605306,0.000000,20,,,,,,,,,
online-boutique,online-boutique-longmix-stageC-scale20-replica5-sinusoidal-steps500-20260612T140721Z,idyn-ob-scale20-replica5,scale20,replica5,adservice=5;cartservice=5;checkoutservice=5;currencyservice=5;emailservice=5;frontend=5;paymentservice=5;productcatalogservice=5;recommendationservice=5;redis-cart=1;shippingservice=5,sinusoidal,stageC,hda,HDA,7,7.000,replay,mixed,0.985291,0.032615,7,1.573331,0.000000,0.311034,0.156071,,,0.000000,0.011872,0.011872,7,7,0,74.983762,74.983762,74.983762,74.983762,120.000000,0.000000,135.738025,0.552415,0.000000,20,,,,,,,,,
online-boutique,online-boutique-longmix-stageC-scale20-replica5-sinusoidal-steps500-20260612T140721Z,idyn-ob-scale20-replica5,scale20,replica5,adservice=5;cartservice=5;checkoutservice=5;currencyservice=5;emailservice=5;frontend=5;paymentservice=5;productcatalogservice=5;recommendationservice=5;redis-cart=1;shippingservice=5,sinusoidal,stageC,kubernetes-default,K8s default,8,8.000,replay,mixed,0.943147,0.043653,7,1.575018,0.000000,0.311547,0.153072,,,0.000000,0.008726,0.008726,7,7,0,84.968057,84.968057,84.968057,84.968057,120.000000,0.000000,135.717216,0.626067,0.000000,20,,,,,,,,,
online-boutique,online-boutique-longmix-stageC-scale20-replica5-sinusoidal-steps500-20260612T140721Z,idyn-ob-scale20-replica5,scale20,replica5,adservice=5;cartservice=5;checkoutservice=5;currencyservice=5;emailservice=5;frontend=5;paymentservice=5;productcatalogservice=5;recommendationservice=5;redis-cart=1;shippingservice=5,sinusoidal,stageC,cga,CGA,8,8.000,replay,mixed,0.943147,0.043653,7,1.575018,0.000000,0.311547,0.153072,,,0.000000,0.008726,0.008726,7,7,0,81.185939,81.185939,81.185939,81.185939,120.000000,0.000000,135.717216,0.598199,0.000000,20,,,,,,,,,
online-boutique,online-boutique-longmix-stageC-scale20-replica5-sinusoidal-steps500-20260612T140721Z,idyn-ob-scale20-replica5,scale20,replica5,adservice=5;cartservice=5;checkoutservice=5;currencyservice=5;emailservice=5;frontend=5;paymentservice=5;productcatalogservice=5;recommendationservice=5;redis-cart=1;shippingservice=5,sinusoidal,stageC,hda,HDA,8,8.000,replay,mixed,0.943147,0.043653,7,1.575018,0.000000,0.311547,0.153072,,,0.000000,0.008726,0.008726,7,7,0,77.644840,77.644840,77.644840,77.644840,120.000000,0.000000,135.717216,0.572108,0.000000,20,,,,,,,,,
online-boutique,online-boutique-longmix-stageC-scale20-replica5-sinusoidal-steps500-20260612T140721Z,idyn-ob-scale20-replica5,scale20,replica5,adservice=5;cartservice=5;checkoutservice=5;currencyservice=5;emailservice=5;frontend=5;paymentservice=5;productcatalogservice=5;recommendationservice=5;redis-cart=1;shippingservice=5,sinusoidal,stageC,kubernetes-default,K8s default,9,9.000,replay,mixed,0.993439,0.049738,7,1.576769,0.000000,0.312067,0.150125,,,0.000000,0.010059,0.010059,7,7,0,89.068706,89.068706,89.068706,89.068706,120.000000,0.000000,135.696645,0.656381,0.000000,20,,,,,,,,,
online-boutique,online-boutique-longmix-stageC-scale20-replica5-sinusoidal-steps500-20260612T140721Z,idyn-ob-scale20-replica5,scale20,replica5,adservice=5;cartservice=5;checkoutservice=5;currencyservice=5;emailservice=5;frontend=5;paymentservice=5;productcatalogservice=5;recommendationservice=5;redis-cart=1;shippingservice=5,sinusoidal,stageC,cga,CGA,9,9.000,replay,mixed,0.993439,0.049738,7,1.576769,0.000000,0.312067,0.150125,,,0.000000,0.010059,0.010059,7,7,0,80.691259,80.691259,80.691259,80.691259,120.000000,0.000000,135.696645,0.594644,0.000000,20,,,,,,,,,
online-boutique,online-boutique-longmix-stageC-scale20-replica5-sinusoidal-steps500-20260612T140721Z,idyn-ob-scale20-replica5,scale20,replica5,adservice=5;cartservice=5;checkoutservice=5;currencyservice=5;emailservice=5;frontend=5;paymentservice=5;productcatalogservice=5;recommendationservice=5;redis-cart=1;shippingservice=5,sinusoidal,stageC,hda,HDA,9,9.000,replay,mixed,0.993439,0.049738,7,1.576769,0.000000,0.312067,0.150125,,,0.000000,0.010059,0.010059,7,7,0,74.844874,74.844874,74.844874,74.844874,120.000000,0.000000,135.696645,0.551560,0.000000,20,,,,,,,,,
online-boutique,online-boutique-longmix-stageC-scale20-replica5-sinusoidal-steps500-20260612T140721Z,idyn-ob-scale20-replica5,scale20,replica5,adservice=5;cartservice=5;checkoutservice=5;currencyservice=5;emailservice=5;frontend=5;paymentservice=5;productcatalogservice=5;recommendationservice=5;redis-cart=1;shippingservice=5,sinusoidal,stageC,kubernetes-default,K8s default,10,10.000,replay,mixed,0.967814,0.026715,7,1.578584,0.000000,0.312574,0.147231,,,0.000000,0.008787,0.008787,7,7,0,85.250174,85.250174,85.250174,85.250174,120.000000,0.000000,135.676316,0.628335,0.000000,20,,,,,,,,,
online-boutique,online-boutique-longmix-stageC-scale20-replica5-sinusoidal-steps500-20260612T140721Z,idyn-ob-scale20-replica5,scale20,replica5,adservice=5;cartservice=5;checkoutservice=5;currencyservice=5;emailservice=5;frontend=5;paymentservice=5;productcatalogservice=5;recommendationservice=5;redis-cart=1;shippingservice=5,sinusoidal,stageC,cga,CGA,10,10.000,replay,mixed,0.967814,0.026715,7,1.578584,0.000000,0.312574,0.147231,,,0.000000,0.008787,0.008787,7,7,0,82.001240,82.001240,82.001240,82.001240,120.000000,0.000000,135.676316,0.604389,0.000000,20,,,,,,,,,
online-boutique,online-boutique-longmix-stageC-scale20-replica5-sinusoidal-steps500-20260612T140721Z,idyn-ob-scale20-replica5,scale20,replica5,adservice=5;cartservice=5;checkoutservice=5;currencyservice=5;emailservice=5;frontend=5;paymentservice=5;productcatalogservice=5;recommendationservice=5;redis-cart=1;shippingservice=5,sinusoidal,stageC,hda,HDA,10,10.000,replay,mixed,0.967814,0.026715,7,1.578584,0.000000,0.312574,0.147231,,,0.000000,0.008787,0.008787,7,7,0,76.882568,76.882568,76.882568,76.882568,120.000000,0.000000,135.676316,0.566662,0.000000,20,,,,,,,,,
online-boutique,online-boutique-longmix-stageC-scale20-replica5-sinusoidal-steps500-20260612T140721Z,idyn-ob-scale20-replica5,scale20,replica5,adservice=5;cartservice=5;checkoutservice=5;currencyservice=5;emailservice=5;frontend=5;paymentservice=5;productcatalogservice=5;recommendationservice=5;redis-cart=1;shippingservice=5,sinusoidal,stageC,kubernetes-default,K8s default,11,11.000,replay,mixed,1.017496,0.047915,7,1.580465,0.000000,0.313067,0.144388,,,0.000000,0.008716,0.008716,7,7,0,88.940378,88.940378,88.940378,88.940378,120.000000,0.000000,135.656233,0.655631,0.000000,20,,,,,,,,,
online-boutique,online-boutique-longmix-stageC-scale20-replica5-sinusoidal-steps500-20260612T140721Z,idyn-ob-scale20-replica5,scale20,replica5,adservice=5;cartservice=5;checkoutservice=5;currencyservice=5;emailservice=5;frontend=5;paymentservice=5;productcatalogservice=5;recommendationservice=5;redis-cart=1;shippingservice=5,sinusoidal,stageC,cga,CGA,11,11.000,replay,mixed,1.017496,0.047915,7,1.580465,0.000000,0.313067,0.144388,,,0.000000,0.008716,0.008716,7,7,0,81.267166,81.267166,81.267166,81.267166,120.000000,0.000000,135.656233,0.599067,0.000000,20,,,,,,,,,
online-boutique,online-boutique-longmix-stageC-scale20-replica5-sinusoidal-steps500-20260612T140721Z,idyn-ob-scale20-replica5,scale20,replica5,adservice=5;cartservice=5;checkoutservice=5;currencyservice=5;emailservice=5;frontend=5;paymentservice=5;productcatalogservice=5;recommendationservice=5;redis-cart=1;shippingservice=5,sinusoidal,stageC,hda,HDA,11,11.000,replay,mixed,1.017496,0.047915,7,1.580465,0.000000,0.313067,0.144388,,,0.000000,0.008716,0.008716,7,7,0,81.600936,81.600936,81.600936,81.600936,120.000000,0.000000,135.656233,0.601527,0.000000,20,,,,,,,,,
online-boutique,online-boutique-longmix-stageC-scale20-replica5-sinusoidal-steps500-20260612T140721Z,idyn-ob-scale20-replica5,scale20,replica5,adservice=5;cartservice=5;checkoutservice=5;currencyservice=5;emailservice=5;frontend=5;paymentservice=5;productcatalogservice=5;recommendationservice=5;redis-cart=1;shippingservice=5,sinusoidal,stageC,kubernetes-default,K8s default,12,12.000,replay,mixed,0.962578,0.054893,7,1.582412,0.000000,0.313548,0.141599,,,0.000000,0.027192,0.027192,7,7,0,91.073074,91.073074,91.073074,91.073074,120.000000,0.000000,135.636398,0.671450,0.000000,20,,,,,,,,,
online-boutique,online-boutique-longmix-stageC-scale20-replica5-sinusoidal-steps500-20260612T140721Z,idyn-ob-scale20-replica5,scale20,replica5,adservice=5;cartservice=5;checkoutservice=5;currencyservice=5;emailservice=5;frontend=5;paymentservice=5;productcatalogservice=5;recommendationservice=5;redis-cart=1;shippingservice=5,sinusoidal,stageC,cga,CGA,12,12.000,replay,mixed,0.962578,0.054893,7,1.582412,0.000000,0.313548,0.141599,,,0.000000,0.027192,0.027192,7,7,0,83.677369,83.677369,83.677369,83.677369,120.000000,0.000000,135.636398,0.616924,0.000000,20,,,,,,,,,
online-boutique,online-boutique-longmix-stageC-scale20-replica5-sinusoidal-steps500-20260612T140721Z,idyn-ob-scale20-replica5,scale20,replica5,adservice=5;cartservice=5;checkoutservice=5;currencyservice=5;emailservice=5;frontend=5;paymentservice=5;productcatalogservice=5;recommendationservice=5;redis-cart=1;shippingservice=5,sinusoidal,stageC,hda,HDA,12,12.000,replay,mixed,0.962578,0.054893,7,1.582412,0.000000,0.313548,0.141599,,,0.000000,0.027192,0.027192,7,7,0,81.719630,81.719630,81.719630,81.719630,120.000000,0.000000,135.636398,0.602490,0.000000,20,,,,,,,,,
online-boutique,online-boutique-longmix-stageC-scale20-replica5-sinusoidal-steps500-20260612T140721Z,idyn-ob-scale20-replica5,scale20,replica5,adservice=5;cartservice=5;checkoutservice=5;currencyservice=5;emailservice=5;frontend=5;paymentservice=5;productcatalogservice=5;recommendationservice=5;redis-cart=1;shippingservice=5,sinusoidal,stageC,kubernetes-default,K8s default,13,13.000,replay,mixed,1.020955,0.056250,7,1.584425,0.000000,0.314016,0.138862,,,0.000000,0.008736,0.008736,7,7,0,90.105318,90.105318,90.105318,90.105318,120.000000,0.000000,135.616816,0.664411,0.000000,20,,,,,,,,,
online-boutique,online-boutique-longmix-stageC-scale20-replica5-sinusoidal-steps500-20260612T140721Z,idyn-ob-scale20-replica5,scale20,replica5,adservice=5;cartservice=5;checkoutservice=5;currencyservice=5;emailservice=5;frontend=5;paymentservice=5;productcatalogservice=5;recommendationservice=5;redis-cart=1;shippingservice=5,sinusoidal,stageC,cga,CGA,13,13.000,replay,mixed,1.020955,0.056250,7,1.584425,0.000000,0.314016,0.138862,,,0.000000,0.008736,0.008736,7,7,0,86.239675,86.239675,86.239675,86.239675,120.000000,0.000000,135.616816,0.635907,0.000000,20,,,,,,,,,
online-boutique,online-boutique-longmix-stageC-scale20-replica5-sinusoidal-steps500-20260612T140721Z,idyn-ob-scale20-replica5,scale20,replica5,adservice=5;cartservice=5;checkoutservice=5;currencyservice=5;emailservice=5;frontend=5;paymentservice=5;productcatalogservice=5;recommendationservice=5;redis-cart=1;shippingservice=5,sinusoidal,stageC,hda,HDA,13,13.000,replay,mixed,1.020955,0.056250,7,1.584425,0.000000,0.314016,0.138862,,,0.000000,0.008736,0.008736,7,7,0,79.269856,79.269856,79.269856,79.269856,120.000000,0.000000,135.616816,0.584513,0.000000,20,,,,,,,,,
online-boutique,online-boutique-longmix-stageC-scale20-replica5-sinusoidal-steps500-20260612T140721Z,idyn-ob-scale20-replica5,scale20,replica5,adservice=5;cartservice=5;checkoutservice=5;currencyservice=5;emailservice=5;frontend=5;paymentservice=5;productcatalogservice=5;recommendationservice=5;redis-cart=1;shippingservice=5,sinusoidal,stageC,kubernetes-default,K8s default,14,14.000,replay,mixed,1.032305,0.010007,7,1.586505,0.000000,0.314469,0.136180,,,0.000000,0.012172,0.012172,7,7,0,86.860067,86.860067,86.860067,86.860067,120.000000,0.000000,135.597489,0.640573,0.000000,20,,,,,,,,,
online-boutique,online-boutique-longmix-stageC-scale20-replica5-sinusoidal-steps500-20260612T140721Z,idyn-ob-scale20-replica5,scale20,replica5,adservice=5;cartservice=5;checkoutservice=5;currencyservice=5;emailservice=5;frontend=5;paymentservice=5;productcatalogservice=5;recommendationservice=5;redis-cart=1;shippingservice=5,sinusoidal,stageC,cga,CGA,14,14.000,replay,mixed,1.032305,0.010007,7,1.586505,0.000000,0.314469,0.136180,,,0.000000,0.012172,0.012172,7,7,0,81.936749,81.936749,81.936749,81.936749,120.000000,0.000000,135.597489,0.604265,0.000000,20,,,,,,,,,
online-boutique,online-boutique-longmix-stageC-scale20-replica5-sinusoidal-steps500-20260612T140721Z,idyn-ob-scale20-replica5,scale20,replica5,adservice=5;cartservice=5;checkoutservice=5;currencyservice=5;emailservice=5;frontend=5;paymentservice=5;productcatalogservice=5;recommendationservice=5;redis-cart=1;shippingservice=5,sinusoidal,stageC,hda,HDA,14,14.000,replay,mixed,1.032305,0.010007,7,1.586505,0.000000,0.314469,0.136180,,,0.000000,0.012172,0.012172,7,7,0,78.161368,78.161368,78.161368,78.161368,120.000000,0.000000,135.597489,0.576422,0.000000,20,,,,,,,,,
online-boutique,online-boutique-longmix-stageC-scale20-replica5-sinusoidal-steps500-20260612T140721Z,idyn-ob-scale20-replica5,scale20,replica5,adservice=5;cartservice=5;checkoutservice=5;currencyservice=5;emailservice=5;frontend=5;paymentservice=5;productcatalogservice=5;recommendationservice=5;redis-cart=1;shippingservice=5,sinusoidal,stageC,kubernetes-default,K8s default,15,15.000,replay,mixed,0.968848,0.062420,7,1.588653,0.000000,0.314910,0.133552,,,0.000000,0.009688,0.009688,7,7,0,88.020323,88.020323,88.020323,88.020323,120.000000,0.000000,135.578420,0.649221,0.000000,20,,,,,,,,,
online-boutique,online-boutique-longmix-stageC-scale20-replica5-sinusoidal-steps500-20260612T140721Z,idyn-ob-scale20-replica5,scale20,replica5,adservice=5;cartservice=5;checkoutservice=5;currencyservice=5;emailservice=5;frontend=5;paymentservice=5;productcatalogservice=5;recommendationservice=5;redis-cart=1;shippingservice=5,sinusoidal,stageC,cga,CGA,15,15.000,replay,mixed,0.968848,0.062420,7,1.588653,0.000000,0.314910,0.133552,,,0.000000,0.009688,0.009688,7,7,0,83.515578,83.515578,83.515578,83.515578,120.000000,0.000000,135.578420,0.615995,0.000000,20,,,,,,,,,
online-boutique,online-boutique-longmix-stageC-scale20-replica5-sinusoidal-steps500-20260612T140721Z,idyn-ob-scale20-replica5,scale20,replica5,adservice=5;cartservice=5;checkoutservice=5;currencyservice=5;emailservice=5;frontend=5;paymentservice=5;productcatalogservice=5;recommendationservice=5;redis-cart=1;shippingservice=5,sinusoidal,stageC,hda,HDA,15,15.000,replay,mixed,0.968848,0.062420,7,1.588653,0.000000,0.314910,0.133552,,,0.000000,0.009688,0.009688,7,7,0,81.901185,81.901185,81.901185,81.901185,120.000000,0.000000,135.578420,0.604087,0.000000,20,,,,,,,,,
online-boutique,online-boutique-longmix-stageC-scale20-replica5-sinusoidal-steps500-20260612T140721Z,idyn-ob-scale20-replica5,scale20,replica5,adservice=5;cartservice=5;checkoutservice=5;currencyservice=5;emailservice=5;frontend=5;paymentservice=5;productcatalogservice=5;recommendationservice=5;redis-cart=1;shippingservice=5,sinusoidal,stageC,kubernetes-default,K8s default,16,16.000,replay,mixed,0.968254,0.001673,7,1.590869,0.000000,0.315336,0.130978,,,0.000000,0.008597,0.008597,7,7,0,86.868984,86.868984,86.868984,86.868984,120.000000,0.000000,135.559615,0.640818,0.000000,20,,,,,,,,,
online-boutique,online-boutique-longmix-stageC-scale20-replica5-sinusoidal-steps500-20260612T140721Z,idyn-ob-scale20-replica5,scale20,replica5,adservice=5;cartservice=5;checkoutservice=5;currencyservice=5;emailservice=5;frontend=5;paymentservice=5;productcatalogservice=5;recommendationservice=5;redis-cart=1;shippingservice=5,sinusoidal,stageC,cga,CGA,16,16.000,replay,mixed,0.968254,0.001673,7,1.590869,0.000000,0.315336,0.130978,,,0.000000,0.008597,0.008597,7,7,0,79.769078,79.769078,79.769078,79.769078,120.000000,0.000000,135.559615,0.588443,0.000000,20,,,,,,,,,
online-boutique,online-boutique-longmix-stageC-scale20-replica5-sinusoidal-steps500-20260612T140721Z,idyn-ob-scale20-replica5,scale20,replica5,adservice=5;cartservice=5;checkoutservice=5;currencyservice=5;emailservice=5;frontend=5;paymentservice=5;productcatalogservice=5;recommendationservice=5;redis-cart=1;shippingservice=5,sinusoidal,stageC,hda,HDA,16,16.000,replay,mixed,0.968254,0.001673,7,1.590869,0.000000,0.315336,0.130978,,,0.000000,0.008597,0.008597,7,7,0,77.122582,77.122582,77.122582,77.122582,120.000000,0.000000,135.559615,0.568920,0.000000,20,,,,,,,,,
online-boutique,online-boutique-longmix-stageC-scale20-replica5-sinusoidal-steps500-20260612T140721Z,idyn-ob-scale20-replica5,scale20,replica5,adservice=5;cartservice=5;checkoutservice=5;currencyservice=5;emailservice=5;frontend=5;paymentservice=5;productcatalogservice=5;recommendationservice=5;redis-cart=1;shippingservice=5,sinusoidal,stageC,kubernetes-default,K8s default,17,17.000,replay,mixed,0.947330,0.022626,7,1.593153,0.000000,0.315749,0.128460,,,0.000000,0.009027,0.009027,7,7,0,83.566601,83.566601,83.566601,83.566601,120.000000,0.000000,135.541076,0.616541,0.000000,20,,,,,,,,,
online-boutique,online-boutique-longmix-stageC-scale20-replica5-sinusoidal-steps500-20260612T140721Z,idyn-ob-scale20-replica5,scale20,replica5,adservice=5;cartservice=5;checkoutservice=5;currencyservice=5;emailservice=5;frontend=5;paymentservice=5;productcatalogservice=5;recommendationservice=5;redis-cart=1;shippingservice=5,sinusoidal,stageC,cga,CGA,17,17.000,replay,mixed,0.947330,0.022626,7,1.593153,0.000000,0.315749,0.128460,,,0.000000,0.009027,0.009027,7,7,0,77.334516,77.334516,77.334516,77.334516,120.000000,0.000000,135.541076,0.570561,0.000000,20,,,,,,,,,
online-boutique,online-boutique-longmix-stageC-scale20-replica5-sinusoidal-steps500-20260612T140721Z,idyn-ob-scale20-replica5,scale20,replica5,adservice=5;cartservice=5;checkoutservice=5;currencyservice=5;emailservice=5;frontend=5;paymentservice=5;productcatalogservice=5;recommendationservice=5;redis-cart=1;shippingservice=5,sinusoidal,stageC,hda,HDA,17,17.000,replay,mixed,0.947330,0.022626,7,1.593153,0.000000,0.315749,0.128460,,,0.000000,0.009027,0.009027,7,7,0,76.683545,76.683545,76.683545,76.683545,120.000000,0.000000,135.541076,0.565759,0.000000,20,,,,,,,,,
online-boutique,online-boutique-longmix-stageC-scale20-replica5-sinusoidal-steps500-20260612T140721Z,idyn-ob-scale20-replica5,scale20,replica5,adservice=5;cartservice=5;checkoutservice=5;currencyservice=5;emailservice=5;frontend=5;paymentservice=5;productcatalogservice=5;recommendationservice=5;redis-cart=1;shippingservice=5,sinusoidal,stageC,kubernetes-default,K8s default,18,18.000,replay,mixed,0.974160,0.026519,7,1.595507,0.000000,0.316147,0.125997,,,0.000000,0.008335,0.008335,7,7,0,83.921385,83.921385,83.921385,83.921385,120.000000,0.000000,135.522807,0.619242,0.000000,20,,,,,,,,,
online-boutique,online-boutique-longmix-stageC-scale20-replica5-sinusoidal-steps500-20260612T140721Z,idyn-ob-scale20-replica5,scale20,replica5,adservice=5;cartservice=5;checkoutservice=5;currencyservice=5;emailservice=5;frontend=5;paymentservice=5;productcatalogservice=5;recommendationservice=5;redis-cart=1;shippingservice=5,sinusoidal,stageC,cga,CGA,18,18.000,replay,mixed,0.974160,0.026519,7,1.595507,0.000000,0.316147,0.125997,,,0.000000,0.008335,0.008335,7,7,0,78.908760,78.908760,78.908760,78.908760,120.000000,0.000000,135.522807,0.582254,0.000000,20,,,,,,,,,
online-boutique,online-boutique-longmix-stageC-scale20-replica5-sinusoidal-steps500-20260612T140721Z,idyn-ob-scale20-replica5,scale20,replica5,adservice=5;cartservice=5;checkoutservice=5;currencyservice=5;emailservice=5;frontend=5;paymentservice=5;productcatalogservice=5;recommendationservice=5;redis-cart=1;shippingservice=5,sinusoidal,stageC,hda,HDA,18,18.000,replay,mixed,0.974160,0.026519,7,1.595507,0.000000,0.316147,0.125997,,,0.000000,0.008335,0.008335,7,7,0,74.512125,74.512125,74.512125,74.512125,120.000000,0.000000,135.522807,0.549812,0.000000,20,,,,,,,,,
online-boutique,online-boutique-longmix-stageC-scale20-replica5-sinusoidal-steps500-20260612T140721Z,idyn-ob-scale20-replica5,scale20,replica5,adservice=5;cartservice=5;checkoutservice=5;currencyservice=5;emailservice=5;frontend=5;paymentservice=5;productcatalogservice=5;recommendationservice=5;redis-cart=1;shippingservice=5,sinusoidal,stageC,kubernetes-default,K8s default,19,19.000,replay,mixed,0.972745,0.002516,7,1.597931,0.000000,0.316531,0.123590,,,0.000000,0.008666,0.008666,7,7,0,87.024722,87.024722,87.024722,87.024722,120.000000,0.000000,135.504811,0.642226,0.000000,20,,,,,,,,,
online-boutique,online-boutique-longmix-stageC-scale20-replica5-sinusoidal-steps500-20260612T140721Z,idyn-ob-scale20-replica5,scale20,replica5,adservice=5;cartservice=5;checkoutservice=5;currencyservice=5;emailservice=5;frontend=5;paymentservice=5;productcatalogservice=5;recommendationservice=5;redis-cart=1;shippingservice=5,sinusoidal,stageC,cga,CGA,19,19.000,replay,mixed,0.972745,0.002516,7,1.597931,0.000000,0.316531,0.123590,,,0.000000,0.008666,0.008666,7,7,0,77.357530,77.357530,77.357530,77.357530,120.000000,0.000000,135.504811,0.570884,0.000000,20,,,,,,,,,
online-boutique,online-boutique-longmix-stageC-scale20-replica5-sinusoidal-steps500-20260612T140721Z,idyn-ob-scale20-replica5,scale20,replica5,adservice=5;cartservice=5;checkoutservice=5;currencyservice=5;emailservice=5;frontend=5;paymentservice=5;productcatalogservice=5;recommendationservice=5;redis-cart=1;shippingservice=5,sinusoidal,stageC,hda,HDA,19,19.000,replay,mixed,0.972745,0.002516,7,1.597931,0.000000,0.316531,0.123590,,,0.000000,0.008666,0.008666,7,7,0,76.962893,76.962893,76.962893,76.962893,120.000000,0.000000,135.504811,0.567972,0.000000,20,,,,,,,,,
online-boutique,online-boutique-longmix-stageC-scale20-replica5-sinusoidal-steps500-20260612T140721Z,idyn-ob-scale20-replica5,scale20,replica5,adservice=5;cartservice=5;checkoutservice=5;currencyservice=5;emailservice=5;frontend=5;paymentservice=5;productcatalogservice=5;recommendationservice=5;redis-cart=1;shippingservice=5,sinusoidal,stageC,kubernetes-default,K8s default,20,20.000,replay,mixed,1.001375,0.027542,7,1.600426,0.000000,0.316900,0.121240,,,0.000000,0.012253,0.012253,7,7,0,81.470363,81.470363,81.470363,81.470363,120.000000,0.000000,135.487093,0.601315,0.000000,20,,,,,,,,,
online-boutique,online-boutique-longmix-stageC-scale20-replica5-sinusoidal-steps500-20260612T140721Z,idyn-ob-scale20-replica5,scale20,replica5,adservice=5;cartservice=5;checkoutservice=5;currencyservice=5;emailservice=5;frontend=5;paymentservice=5;productcatalogservice=5;recommendationservice=5;redis-cart=1;shippingservice=5,sinusoidal,stageC,cga,CGA,20,20.000,replay,mixed,1.001375,0.027542,7,1.600426,0.000000,0.316900,0.121240,,,0.000000,0.012253,0.012253,7,7,0,81.889840,81.889840,81.889840,81.889840,120.000000,0.000000,135.487093,0.604411,0.000000,20,,,,,,,,,
online-boutique,online-boutique-longmix-stageC-scale20-replica5-sinusoidal-steps500-20260612T140721Z,idyn-ob-scale20-replica5,scale20,replica5,adservice=5;cartservice=5;checkoutservice=5;currencyservice=5;emailservice=5;frontend=5;paymentservice=5;productcatalogservice=5;recommendationservice=5;redis-cart=1;shippingservice=5,sinusoidal,stageC,hda,HDA,20,20.000,replay,mixed,1.001375,0.027542,7,1.600426,0.000000,0.316900,0.121240,,,0.000000,0.012253,0.012253,7,7,0,79.816149,79.816149,79.816149,79.816149,120.000000,0.000000,135.487093,0.589105,0.000000,20,,,,,,,,,
online-boutique,online-boutique-longmix-stageC-scale20-replica5-sinusoidal-steps500-20260612T140721Z,idyn-ob-scale20-replica5,scale20,replica5,adservice=5;cartservice=5;checkoutservice=5;currencyservice=5;emailservice=5;frontend=5;paymentservice=5;productcatalogservice=5;recommendationservice=5;redis-cart=1;shippingservice=5,sinusoidal,stageC,kubernetes-default,K8s default,21,21.000,replay,mixed,1.048603,0.043995,7,1.602991,0.000000,0.317255,0.118948,,,0.000000,0.011592,0.011592,7,7,0,84.597361,84.597361,84.597361,84.597361,120.000000,0.000000,135.469657,0.624475,0.000000,20,,,,,,,,,
online-boutique,online-boutique-longmix-stageC-scale20-replica5-sinusoidal-steps500-20260612T140721Z,idyn-ob-scale20-replica5,scale20,replica5,adservice=5;cartservice=5;checkoutservice=5;currencyservice=5;emailservice=5;frontend=5;paymentservice=5;productcatalogservice=5;recommendationservice=5;redis-cart=1;shippingservice=5,sinusoidal,stageC,cga,CGA,21,21.000,replay,mixed,1.048603,0.043995,7,1.602991,0.000000,0.317255,0.118948,,,0.000000,0.011592,0.011592,7,7,0,80.670072,80.670072,80.670072,80.670072,120.000000,0.000000,135.469657,0.595484,0.000000,20,,,,,,,,,
online-boutique,online-boutique-longmix-stageC-scale20-replica5-sinusoidal-steps500-20260612T140721Z,idyn-ob-scale20-replica5,scale20,replica5,adservice=5;cartservice=5;checkoutservice=5;currencyservice=5;emailservice=5;frontend=5;paymentservice=5;productcatalogservice=5;recommendationservice=5;redis-cart=1;shippingservice=5,sinusoidal,stageC,hda,HDA,21,21.000,replay,mixed,1.048603,0.043995,7,1.602991,0.000000,0.317255,0.118948,,,0.000000,0.011592,0.011592,7,7,0,74.470915,74.470915,74.470915,74.470915,120.000000,0.000000,135.469657,0.549724,0.000000,20,,,,,,,,,
online-boutique,online-boutique-longmix-stageC-scale20-replica5-sinusoidal-steps500-20260612T140721Z,idyn-ob-scale20-replica5,scale20,replica5,adservice=5;cartservice=5;checkoutservice=5;currencyservice=5;emailservice=5;frontend=5;paymentservice=5;productcatalogservice=5;recommendationservice=5;redis-cart=1;shippingservice=5,sinusoidal,stageC,kubernetes-default,K8s default,22,22.000,replay,mixed,0.981808,0.064734,7,1.605629,0.000000,0.317594,0.116713,,,0.000000,0.014216,0.014216,7,7,0,91.014474,91.014474,91.014474,91.014474,120.000000,0.000000,135.452506,0.671929,0.000000,20,,,,,,,,,
online-boutique,online-boutique-longmix-stageC-scale20-replica5-sinusoidal-steps500-20260612T140721Z,idyn-ob-scale20-replica5,scale20,replica5,adservice=5;cartservice=5;checkoutservice=5;currencyservice=5;emailservice=5;frontend=5;paymentservice=5;productcatalogservice=5;recommendationservice=5;redis-cart=1;shippingservice=5,sinusoidal,stageC,cga,CGA,22,22.000,replay,mixed,0.981808,0.064734,7,1.605629,0.000000,0.317594,0.116713,,,0.000000,0.014216,0.014216,7,7,0,78.527963,78.527963,78.527963,78.527963,120.000000,0.000000,135.452506,0.579745,0.000000,20,,,,,,,,,
online-boutique,online-boutique-longmix-stageC-scale20-replica5-sinusoidal-steps500-20260612T140721Z,idyn-ob-scale20-replica5,scale20,replica5,adservice=5;cartservice=5;checkoutservice=5;currencyservice=5;emailservice=5;frontend=5;paymentservice=5;productcatalogservice=5;recommendationservice=5;redis-cart=1;shippingservice=5,sinusoidal,stageC,hda,HDA,22,22.000,replay,mixed,0.981808,0.064734,7,1.605629,0.000000,0.317594,0.116713,,,0.000000,0.014216,0.014216,7,7,0,77.033469,77.033469,77.033469,77.033469,120.000000,0.000000,135.452506,0.568712,0.000000,20,,,,,,,,,
online-boutique,online-boutique-longmix-stageC-scale20-replica5-sinusoidal-steps500-20260612T140721Z,idyn-ob-scale20-replica5,scale20,replica5,adservice=5;cartservice=5;checkoutservice=5;currencyservice=5;emailservice=5;frontend=5;paymentservice=5;productcatalogservice=5;recommendationservice=5;redis-cart=1;shippingservice=5,sinusoidal,stageC,kubernetes-default,K8s default,23,23.000,replay,mixed,1.025708,0.041726,7,1.608338,0.000000,0.317918,0.114537,,,0.000000,0.008987,0.008987,7,7,0,84.299857,84.299857,84.299857,84.299857,120.000000,0.000000,135.435645,0.622435,0.000000,20,,,,,,,,,
online-boutique,online-boutique-longmix-stageC-scale20-replica5-sinusoidal-steps500-20260612T140721Z,idyn-ob-scale20-replica5,scale20,replica5,adservice=5;cartservice=5;checkoutservice=5;currencyservice=5;emailservice=5;frontend=5;paymentservice=5;productcatalogservice=5;recommendationservice=5;redis-cart=1;shippingservice=5,sinusoidal,stageC,cga,CGA,23,23.000,replay,mixed,1.025708,0.041726,7,1.608338,0.000000,0.317918,0.114537,,,0.000000,0.008987,0.008987,7,7,0,83.059698,83.059698,83.059698,83.059698,120.000000,0.000000,135.435645,0.613278,0.000000,20,,,,,,,,,
online-boutique,online-boutique-longmix-stageC-scale20-replica5-sinusoidal-steps500-20260612T140721Z,idyn-ob-scale20-replica5,scale20,replica5,adservice=5;cartservice=5;checkoutservice=5;currencyservice=5;emailservice=5;frontend=5;paymentservice=5;productcatalogservice=5;recommendationservice=5;redis-cart=1;shippingservice=5,sinusoidal,stageC,hda,HDA,23,23.000,replay,mixed,1.025708,0.041726,7,1.608338,0.000000,0.317918,0.114537,,,0.000000,0.008987,0.008987,7,7,0,79.240416,79.240416,79.240416,79.240416,120.000000,0.000000,135.435645,0.585078,0.000000,20,,,,,,,,,
online-boutique,online-boutique-longmix-stageC-scale20-replica5-sinusoidal-steps500-20260612T140721Z,idyn-ob-scale20-replica5,scale20,replica5,adservice=5;cartservice=5;checkoutservice=5;currencyservice=5;emailservice=5;frontend=5;paymentservice=5;productcatalogservice=5;recommendationservice=5;redis-cart=1;shippingservice=5,sinusoidal,stageC,kubernetes-default,K8s default,24,24.000,replay,mixed,0.990845,0.035084,7,1.611120,0.000000,0.318227,0.112421,,,0.000000,0.008597,0.008597,7,7,0,87.596455,87.596455,87.596455,87.596455,120.000000,0.000000,135.419077,0.646855,0.000000,20,,,,,,,,,
online-boutique,online-boutique-longmix-stageC-scale20-replica5-sinusoidal-steps500-20260612T140721Z,idyn-ob-scale20-replica5,scale20,replica5,adservice=5;cartservice=5;checkoutservice=5;currencyservice=5;emailservice=5;frontend=5;paymentservice=5;productcatalogservice=5;recommendationservice=5;redis-cart=1;shippingservice=5,sinusoidal,stageC,cga,CGA,24,24.000,replay,mixed,0.990845,0.035084,7,1.611120,0.000000,0.318227,0.112421,,,0.000000,0.008597,0.008597,7,7,0,78.977073,78.977073,78.977073,78.977073,120.000000,0.000000,135.419077,0.583205,0.000000,20,,,,,,,,,
online-boutique,online-boutique-longmix-stageC-scale20-replica5-sinusoidal-steps500-20260612T140721Z,idyn-ob-scale20-replica5,scale20,replica5,adservice=5;cartservice=5;checkoutservice=5;currencyservice=5;emailservice=5;frontend=5;paymentservice=5;productcatalogservice=5;recommendationservice=5;redis-cart=1;shippingservice=5,sinusoidal,stageC,hda,HDA,24,24.000,replay,mixed,0.990845,0.035084,7,1.611120,0.000000,0.318227,0.112421,,,0.000000,0.008597,0.008597,7,7,0,76.248906,76.248906,76.248906,76.248906,120.000000,0.000000,135.419077,0.563059,0.000000,20,,,,,,,,,
online-boutique,online-boutique-longmix-stageC-scale20-replica5-sinusoidal-steps500-20260612T140721Z,idyn-ob-scale20-replica5,scale20,replica5,adservice=5;cartservice=5;checkoutservice=5;currencyservice=5;emailservice=5;frontend=5;paymentservice=5;productcatalogservice=5;recommendationservice=5;redis-cart=1;shippingservice=5,sinusoidal,stageC,kubernetes-default,K8s default,25,25.000,replay,mixed,0.991047,0.001261,7,1.613975,0.000000,0.318520,0.110364,,,0.000000,0.008276,0.008276,7,7,0,85.487112,85.487112,85.487112,85.487112,120.000000,0.000000,135.402807,0.631354,0.000000,20,,,,,,,,,
online-boutique,online-boutique-longmix-stageC-scale20-replica5-sinusoidal-steps500-20260612T140721Z,idyn-ob-scale20-replica5,scale20,replica5,adservice=5;cartservice=5;checkoutservice=5;currencyservice=5;emailservice=5;frontend=5;paymentservice=5;productcatalogservice=5;recommendationservice=5;redis-cart=1;shippingservice=5,sinusoidal,stageC,cga,CGA,25,25.000,replay,mixed,0.991047,0.001261,7,1.613975,0.000000,0.318520,0.110364,,,0.000000,0.008276,0.008276,7,7,0,77.811947,77.811947,77.811947,77.811947,120.000000,0.000000,135.402807,0.574670,0.000000,20,,,,,,,,,
online-boutique,online-boutique-longmix-stageC-scale20-replica5-sinusoidal-steps500-20260612T140721Z,idyn-ob-scale20-replica5,scale20,replica5,adservice=5;cartservice=5;checkoutservice=5;currencyservice=5;emailservice=5;frontend=5;paymentservice=5;productcatalogservice=5;recommendationservice=5;redis-cart=1;shippingservice=5,sinusoidal,stageC,hda,HDA,25,25.000,replay,mixed,0.991047,0.001261,7,1.613975,0.000000,0.318520,0.110364,,,0.000000,0.008276,0.008276,7,7,0,80.408036,80.408036,80.408036,80.408036,120.000000,0.000000,135.402807,0.593843,0.000000,20,,,,,,,,,
online-boutique,online-boutique-longmix-stageC-scale20-replica5-sinusoidal-steps500-20260612T140721Z,idyn-ob-scale20-replica5,scale20,replica5,adservice=5;cartservice=5;checkoutservice=5;currencyservice=5;emailservice=5;frontend=5;paymentservice=5;productcatalogservice=5;recommendationservice=5;redis-cart=1;shippingservice=5,sinusoidal,stageC,kubernetes-default,K8s default,26,26.000,replay,mixed,0.981209,0.011077,7,1.616903,0.000000,0.318798,0.108368,,,0.000000,0.012554,0.012554,7,7,0,83.644668,83.644668,83.644668,83.644668,120.000000,0.000000,135.386839,0.617820,0.000000,20,,,,,,,,,
online-boutique,online-boutique-longmix-stageC-scale20-replica5-sinusoidal-steps500-20260612T140721Z,idyn-ob-scale20-replica5,scale20,replica5,adservice=5;cartservice=5;checkoutservice=5;currencyservice=5;emailservice=5;frontend=5;paymentservice=5;productcatalogservice=5;recommendationservice=5;redis-cart=1;shippingservice=5,sinusoidal,stageC,cga,CGA,26,26.000,replay,mixed,0.981209,0.011077,7,1.616903,0.000000,0.318798,0.108368,,,0.000000,0.012554,0.012554,7,7,0,77.150956,77.150956,77.150956,77.150956,120.000000,0.000000,135.386839,0.569856,0.000000,20,,,,,,,,,
online-boutique,online-boutique-longmix-stageC-scale20-replica5-sinusoidal-steps500-20260612T140721Z,idyn-ob-scale20-replica5,scale20,replica5,adservice=5;cartservice=5;checkoutservice=5;currencyservice=5;emailservice=5;frontend=5;paymentservice=5;productcatalogservice=5;recommendationservice=5;redis-cart=1;shippingservice=5,sinusoidal,stageC,hda,HDA,26,26.000,replay,mixed,0.981209,0.011077,7,1.616903,0.000000,0.318798,0.108368,,,0.000000,0.012554,0.012554,7,7,0,74.515181,74.515181,74.515181,74.515181,120.000000,0.000000,135.386839,0.550387,0.000000,20,,,,,,,,,
online-boutique,online-boutique-longmix-stageC-scale20-replica5-sinusoidal-steps500-20260612T140721Z,idyn-ob-scale20-replica5,scale20,replica5,adservice=5;cartservice=5;checkoutservice=5;currencyservice=5;emailservice=5;frontend=5;paymentservice=5;productcatalogservice=5;recommendationservice=5;redis-cart=1;shippingservice=5,sinusoidal,stageC,kubernetes-default,K8s default,27,27.000,replay,mixed,1.044041,0.059075,7,1.619906,0.000000,0.319059,0.106433,,,0.000000,0.012643,0.012643,7,7,0,85.965081,85.965081,85.965081,85.965081,120.000000,0.000000,135.371178,0.635032,0.000000,20,,,,,,,,,
online-boutique,online-boutique-longmix-stageC-scale20-replica5-sinusoidal-steps500-20260612T140721Z,idyn-ob-scale20-replica5,scale20,replica5,adservice=5;cartservice=5;checkoutservice=5;currencyservice=5;emailservice=5;frontend=5;paymentservice=5;productcatalogservice=5;recommendationservice=5;redis-cart=1;shippingservice=5,sinusoidal,stageC,cga,CGA,27,27.000,replay,mixed,1.044041,0.059075,7,1.619906,0.000000,0.319059,0.106433,,,0.000000,0.012643,0.012643,7,7,0,84.890029,84.890029,84.890029,84.890029,120.000000,0.000000,135.371178,0.627091,0.000000,20,,,,,,,,,
online-boutique,online-boutique-longmix-stageC-scale20-replica5-sinusoidal-steps500-20260612T140721Z,idyn-ob-scale20-replica5,scale20,replica5,adservice=5;cartservice=5;checkoutservice=5;currencyservice=5;emailservice=5;frontend=5;paymentservice=5;productcatalogservice=5;recommendationservice=5;redis-cart=1;shippingservice=5,sinusoidal,stageC,hda,HDA,27,27.000,replay,mixed,1.044041,0.059075,7,1.619906,0.000000,0.319059,0.106433,,,0.000000,0.012643,0.012643,7,7,0,84.160695,84.160695,84.160695,84.160695,120.000000,0.000000,135.371178,0.621703,0.000000,20,,,,,,,,,
online-boutique,online-boutique-longmix-stageC-scale20-replica5-sinusoidal-steps500-20260612T140721Z,idyn-ob-scale20-replica5,scale20,replica5,adservice=5;cartservice=5;checkoutservice=5;currencyservice=5;emailservice=5;frontend=5;paymentservice=5;productcatalogservice=5;recommendationservice=5;redis-cart=1;shippingservice=5,sinusoidal,stageC,kubernetes-default,K8s default,28,28.000,replay,mixed,1.057780,0.011812,7,1.622984,0.000000,0.319304,0.104560,,,0.000000,0.014968,0.014968,7,7,0,90.020137,90.020137,90.020137,90.020137,120.000000,0.000000,135.355827,0.665063,0.000000,20,,,,,,,,,
online-boutique,online-boutique-longmix-stageC-scale20-replica5-sinusoidal-steps500-20260612T140721Z,idyn-ob-scale20-replica5,scale20,replica5,adservice=5;cartservice=5;checkoutservice=5;currencyservice=5;emailservice=5;frontend=5;paymentservice=5;productcatalogservice=5;recommendationservice=5;redis-cart=1;shippingservice=5,sinusoidal,stageC,cga,CGA,28,28.000,replay,mixed,1.057780,0.011812,7,1.622984,0.000000,0.319304,0.104560,,,0.000000,0.014968,0.014968,7,7,0,83.564824,83.564824,83.564824,83.564824,120.000000,0.000000,135.355827,0.617371,0.000000,20,,,,,,,,,
online-boutique,online-boutique-longmix-stageC-scale20-replica5-sinusoidal-steps500-20260612T140721Z,idyn-ob-scale20-replica5,scale20,replica5,adservice=5;cartservice=5;checkoutservice=5;currencyservice=5;emailservice=5;frontend=5;paymentservice=5;productcatalogservice=5;recommendationservice=5;redis-cart=1;shippingservice=5,sinusoidal,stageC,hda,HDA,28,28.000,replay,mixed,1.057780,0.011812,7,1.622984,0.000000,0.319304,0.104560,,,0.000000,0.014968,0.014968,7,7,0,78.837360,78.837360,78.837360,78.837360,120.000000,0.000000,135.355827,0.582445,0.000000,20,,,,,,,,,
online-boutique,online-boutique-longmix-stageC-scale20-replica5-sinusoidal-steps500-20260612T140721Z,idyn-ob-scale20-replica5,scale20,replica5,adservice=5;cartservice=5;checkoutservice=5;currencyservice=5;emailservice=5;frontend=5;paymentservice=5;productcatalogservice=5;recommendationservice=5;redis-cart=1;shippingservice=5,sinusoidal,stageC,kubernetes-default,K8s default,29,29.000,replay,mixed,0.984709,0.070201,7,1.626136,0.000000,0.319532,0.102750,,,0.000000,0.009038,0.009038,7,7,0,88.890730,88.890730,88.890730,88.890730,120.000000,0.000000,135.340790,0.656792,0.000000,20,,,,,,,,,
online-boutique,online-boutique-longmix-stageC-scale20-replica5-sinusoidal-steps500-20260612T140721Z,idyn-ob-scale20-replica5,scale20,replica5,adservice=5;cartservice=5;checkoutservice=5;currencyservice=5;emailservice=5;frontend=5;paymentservice=5;productcatalogservice=5;recommendationservice=5;redis-cart=1;shippingservice=5,sinusoidal,stageC,cga,CGA,29,29.000,replay,mixed,0.984709,0.070201,7,1.626136,0.000000,0.319532,0.102750,,,0.000000,0.009038,0.009038,7,7,0,78.199163,78.199163,78.199163,78.199163,120.000000,0.000000,135.340790,0.577794,0.000000,20,,,,,,,,,
online-boutique,online-boutique-longmix-stageC-scale20-replica5-sinusoidal-steps500-20260612T140721Z,idyn-ob-scale20-replica5,scale20,replica5,adservice=5;cartservice=5;checkoutservice=5;currencyservice=5;emailservice=5;frontend=5;paymentservice=5;productcatalogservice=5;recommendationservice=5;redis-cart=1;shippingservice=5,sinusoidal,stageC,hda,HDA,29,29.000,replay,mixed,0.984709,0.070201,7,1.626136,0.000000,0.319532,0.102750,,,0.000000,0.009038,0.009038,7,7,0,77.509415,77.509415,77.509415,77.509415,120.000000,0.000000,135.340790,0.572698,0.000000,20,,,,,,,,,
online-boutique,online-boutique-longmix-stageC-scale20-replica5-sinusoidal-steps500-20260612T140721Z,idyn-ob-scale20-replica5,scale20,replica5,adservice=5;cartservice=5;checkoutservice=5;currencyservice=5;emailservice=5;frontend=5;paymentservice=5;productcatalogservice=5;recommendationservice=5;redis-cart=1;shippingservice=5,sinusoidal,stageC,kubernetes-default,K8s default,30,30.000,replay,mixed,1.035517,0.047905,7,1.629364,0.000000,0.319744,0.101004,,,0.000000,0.009167,0.009167,7,7,0,87.665304,87.665304,87.665304,87.665304,120.000000,0.000000,135.326074,0.647808,0.000000,20,,,,,,,,,
online-boutique,online-boutique-longmix-stageC-scale20-replica5-sinusoidal-steps500-20260612T140721Z,idyn-ob-scale20-replica5,scale20,replica5,adservice=5;cartservice=5;checkoutservice=5;currencyservice=5;emailservice=5;frontend=5;paymentservice=5;productcatalogservice=5;recommendationservice=5;redis-cart=1;shippingservice=5,sinusoidal,stageC,cga,CGA,30,30.000,replay,mixed,1.035517,0.047905,7,1.629364,0.000000,0.319744,0.101004,,,0.000000,0.009167,0.009167,7,7,0,79.187759,79.187759,79.187759,79.187759,120.000000,0.000000,135.326074,0.585163,0.000000,20,,,,,,,,,
online-boutique,online-boutique-longmix-stageC-scale20-replica5-sinusoidal-steps500-20260612T140721Z,idyn-ob-scale20-replica5,scale20,replica5,adservice=5;cartservice=5;checkoutservice=5;currencyservice=5;emailservice=5;frontend=5;paymentservice=5;productcatalogservice=5;recommendationservice=5;redis-cart=1;shippingservice=5,sinusoidal,stageC,hda,HDA,30,30.000,replay,mixed,1.035517,0.047905,7,1.629364,0.000000,0.319744,0.101004,,,0.000000,0.009167,0.009167,7,7,0,80.481711,80.481711,80.481711,80.481711,120.000000,0.000000,135.326074,0.594724,0.000000,20,,,,,,,,,
online-boutique,online-boutique-longmix-stageC-scale20-replica5-sinusoidal-steps500-20260612T140721Z,idyn-ob-scale20-replica5,scale20,replica5,adservice=5;cartservice=5;checkoutservice=5;currencyservice=5;emailservice=5;frontend=5;paymentservice=5;productcatalogservice=5;recommendationservice=5;redis-cart=1;shippingservice=5,sinusoidal,stageC,kubernetes-default,K8s default,31,31.000,replay,mixed,1.036810,0.000730,7,1.632668,0.000000,0.319939,0.099322,,,0.000000,0.012243,0.012243,7,7,0,85.907927,85.907927,85.907927,85.907927,120.000000,0.000000,135.311681,0.634889,0.000000,20,,,,,,,,,
online-boutique,online-boutique-longmix-stageC-scale20-replica5-sinusoidal-steps500-20260612T140721Z,idyn-ob-scale20-replica5,scale20,replica5,adservice=5;cartservice=5;checkoutservice=5;currencyservice=5;emailservice=5;frontend=5;paymentservice=5;productcatalogservice=5;recommendationservice=5;redis-cart=1;shippingservice=5,sinusoidal,stageC,cga,CGA,31,31.000,replay,mixed,1.036810,0.000730,7,1.632668,0.000000,0.319939,0.099322,,,0.000000,0.012243,0.012243,7,7,0,82.969139,82.969139,82.969139,82.969139,120.000000,0.000000,135.311681,0.613171,0.000000,20,,,,,,,,,
online-boutique,online-boutique-longmix-stageC-scale20-replica5-sinusoidal-steps500-20260612T140721Z,idyn-ob-scale20-replica5,scale20,replica5,adservice=5;cartservice=5;checkoutservice=5;currencyservice=5;emailservice=5;frontend=5;paymentservice=5;productcatalogservice=5;recommendationservice=5;redis-cart=1;shippingservice=5,sinusoidal,stageC,hda,HDA,31,31.000,replay,mixed,1.036810,0.000730,7,1.632668,0.000000,0.319939,0.099322,,,0.000000,0.012243,0.012243,7,7,0,77.116023,77.116023,77.116023,77.116023,120.000000,0.000000,135.311681,0.569914,0.000000,20,,,,,,,,,
online-boutique,online-boutique-longmix-stageC-scale20-replica5-sinusoidal-steps500-20260612T140721Z,idyn-ob-scale20-replica5,scale20,replica5,adservice=5;cartservice=5;checkoutservice=5;currencyservice=5;emailservice=5;frontend=5;paymentservice=5;productcatalogservice=5;recommendationservice=5;redis-cart=1;shippingservice=5,sinusoidal,stageC,kubernetes-default,K8s default,32,32.000,replay,mixed,1.035755,0.002264,7,1.636048,0.000000,0.320116,0.097706,,,0.000000,0.012253,0.012253,7,7,0,88.873423,88.873423,88.873423,88.873423,120.000000,0.000000,135.297618,0.656874,0.000000,20,,,,,,,,,
online-boutique,online-boutique-longmix-stageC-scale20-replica5-sinusoidal-steps500-20260612T140721Z,idyn-ob-scale20-replica5,scale20,replica5,adservice=5;cartservice=5;checkoutservice=5;currencyservice=5;emailservice=5;frontend=5;paymentservice=5;productcatalogservice=5;recommendationservice=5;redis-cart=1;shippingservice=5,sinusoidal,stageC,cga,CGA,32,32.000,replay,mixed,1.035755,0.002264,7,1.636048,0.000000,0.320116,0.097706,,,0.000000,0.012253,0.012253,7,7,0,79.434653,79.434653,79.434653,79.434653,120.000000,0.000000,135.297618,0.587111,0.000000,20,,,,,,,,,
online-boutique,online-boutique-longmix-stageC-scale20-replica5-sinusoidal-steps500-20260612T140721Z,idyn-ob-scale20-replica5,scale20,replica5,adservice=5;cartservice=5;checkoutservice=5;currencyservice=5;emailservice=5;frontend=5;paymentservice=5;productcatalogservice=5;recommendationservice=5;redis-cart=1;shippingservice=5,sinusoidal,stageC,hda,HDA,32,32.000,replay,mixed,1.035755,0.002264,7,1.636048,0.000000,0.320116,0.097706,,,0.000000,0.012253,0.012253,7,7,0,80.901222,80.901222,80.901222,80.901222,120.000000,0.000000,135.297618,0.597950,0.000000,20,,,,,,,,,
online-boutique,online-boutique-longmix-stageC-scale20-replica5-sinusoidal-steps500-20260612T140721Z,idyn-ob-scale20-replica5,scale20,replica5,adservice=5;cartservice=5;checkoutservice=5;currencyservice=5;emailservice=5;frontend=5;paymentservice=5;productcatalogservice=5;recommendationservice=5;redis-cart=1;shippingservice=5,sinusoidal,stageC,kubernetes-default,K8s default,33,33.000,replay,mixed,1.006410,0.029558,7,1.639505,0.000000,0.320275,0.096156,,,0.000000,0.009749,0.009749,7,7,0,89.903927,89.903927,89.903927,89.903927,120.000000,0.000000,135.283887,0.664558,0.000000,20,,,,,,,,,
online-boutique,online-boutique-longmix-stageC-scale20-replica5-sinusoidal-steps500-20260612T140721Z,idyn-ob-scale20-replica5,scale20,replica5,adservice=5;cartservice=5;checkoutservice=5;currencyservice=5;emailservice=5;frontend=5;paymentservice=5;productcatalogservice=5;recommendationservice=5;redis-cart=1;shippingservice=5,sinusoidal,stageC,cga,CGA,33,33.000,replay,mixed,1.006410,0.029558,7,1.639505,0.000000,0.320275,0.096156,,,0.000000,0.009749,0.009749,7,7,0,82.587373,82.587373,82.587373,82.587373,120.000000,0.000000,135.283887,0.610475,0.000000,20,,,,,,,,,
online-boutique,online-boutique-longmix-stageC-scale20-replica5-sinusoidal-steps500-20260612T140721Z,idyn-ob-scale20-replica5,scale20,replica5,adservice=5;cartservice=5;checkoutservice=5;currencyservice=5;emailservice=5;frontend=5;paymentservice=5;productcatalogservice=5;recommendationservice=5;redis-cart=1;shippingservice=5,sinusoidal,stageC,hda,HDA,33,33.000,replay,mixed,1.006410,0.029558,7,1.639505,0.000000,0.320275,0.096156,,,0.000000,0.009749,0.009749,7,7,0,77.981387,77.981387,77.981387,77.981387,120.000000,0.000000,135.283887,0.576428,0.000000,20,,,,,,,,,
online-boutique,online-boutique-longmix-stageC-scale20-replica5-sinusoidal-steps500-20260612T140721Z,idyn-ob-scale20-replica5,scale20,replica5,adservice=5;cartservice=5;checkoutservice=5;currencyservice=5;emailservice=5;frontend=5;paymentservice=5;productcatalogservice=5;recommendationservice=5;redis-cart=1;shippingservice=5,sinusoidal,stageC,kubernetes-default,K8s default,34,34.000,replay,mixed,0.980490,0.026998,7,1.643038,0.000000,0.320417,0.094673,,,0.000000,0.016952,0.016952,7,7,0,83.323874,83.323874,83.323874,83.323874,120.000000,0.000000,135.270495,0.615980,0.000000,20,,,,,,,,,
online-boutique,online-boutique-longmix-stageC-scale20-replica5-sinusoidal-steps500-20260612T140721Z,idyn-ob-scale20-replica5,scale20,replica5,adservice=5;cartservice=5;checkoutservice=5;currencyservice=5;emailservice=5;frontend=5;paymentservice=5;productcatalogservice=5;recommendationservice=5;redis-cart=1;shippingservice=5,sinusoidal,stageC,cga,CGA,34,34.000,replay,mixed,0.980490,0.026998,7,1.643038,0.000000,0.320417,0.094673,,,0.000000,0.016952,0.016952,7,7,0,80.056322,80.056322,80.056322,80.056322,120.000000,0.000000,135.270495,0.591824,0.000000,20,,,,,,,,,
online-boutique,online-boutique-longmix-stageC-scale20-replica5-sinusoidal-steps500-20260612T140721Z,idyn-ob-scale20-replica5,scale20,replica5,adservice=5;cartservice=5;checkoutservice=5;currencyservice=5;emailservice=5;frontend=5;paymentservice=5;productcatalogservice=5;recommendationservice=5;redis-cart=1;shippingservice=5,sinusoidal,stageC,hda,HDA,34,34.000,replay,mixed,0.980490,0.026998,7,1.643038,0.000000,0.320417,0.094673,,,0.000000,0.016952,0.016952,7,7,0,76.703293,76.703293,76.703293,76.703293,120.000000,0.000000,135.270495,0.567036,0.000000,20,,,,,,,,,
online-boutique,online-boutique-longmix-stageC-scale20-replica5-sinusoidal-steps500-20260612T140721Z,idyn-ob-scale20-replica5,scale20,replica5,adservice=5;cartservice=5;checkoutservice=5;currencyservice=5;emailservice=5;frontend=5;paymentservice=5;productcatalogservice=5;recommendationservice=5;redis-cart=1;shippingservice=5,sinusoidal,stageC,kubernetes-default,K8s default,35,35.000,replay,mixed,1.041751,0.057589,7,1.646649,0.000000,0.320541,0.093259,,,0.000000,0.009178,0.009178,7,7,0,88.717596,88.717596,88.717596,88.717596,120.000000,0.000000,135.257446,0.655917,0.000000,20,,,,,,,,,
online-boutique,online-boutique-longmix-stageC-scale20-replica5-sinusoidal-steps500-20260612T140721Z,idyn-ob-scale20-replica5,scale20,replica5,adservice=5;cartservice=5;checkoutservice=5;currencyservice=5;emailservice=5;frontend=5;paymentservice=5;productcatalogservice=5;recommendationservice=5;redis-cart=1;shippingservice=5,sinusoidal,stageC,cga,CGA,35,35.000,replay,mixed,1.041751,0.057589,7,1.646649,0.000000,0.320541,0.093259,,,0.000000,0.009178,0.009178,7,7,0,84.522080,84.522080,84.522080,84.522080,120.000000,0.000000,135.257446,0.624898,0.000000,20,,,,,,,,,
online-boutique,online-boutique-longmix-stageC-scale20-replica5-sinusoidal-steps500-20260612T140721Z,idyn-ob-scale20-replica5,scale20,replica5,adservice=5;cartservice=5;checkoutservice=5;currencyservice=5;emailservice=5;frontend=5;paymentservice=5;productcatalogservice=5;recommendationservice=5;redis-cart=1;shippingservice=5,sinusoidal,stageC,hda,HDA,35,35.000,replay,mixed,1.041751,0.057589,7,1.646649,0.000000,0.320541,0.093259,,,0.000000,0.009178,0.009178,7,7,0,81.385498,81.385498,81.385498,81.385498,120.000000,0.000000,135.257446,0.601708,0.000000,20,,,,,,,,,
online-boutique,online-boutique-longmix-stageC-scale20-replica5-sinusoidal-steps500-20260612T140721Z,idyn-ob-scale20-replica5,scale20,replica5,adservice=5;cartservice=5;checkoutservice=5;currencyservice=5;emailservice=5;frontend=5;paymentservice=5;productcatalogservice=5;recommendationservice=5;redis-cart=1;shippingservice=5,sinusoidal,stageC,kubernetes-default,K8s default,36,36.000,replay,mixed,1.018320,0.023769,7,1.650337,0.000000,0.320651,0.091914,,,0.000000,0.009398,0.009398,7,7,0,83.131409,83.131409,83.131409,83.131409,120.000000,0.000000,135.244744,0.614674,0.000000,20,,,,,,,,,
online-boutique,online-boutique-longmix-stageC-scale20-replica5-sinusoidal-steps500-20260612T140721Z,idyn-ob-scale20-replica5,scale20,replica5,adservice=5;cartservice=5;checkoutservice=5;currencyservice=5;emailservice=5;frontend=5;paymentservice=5;productcatalogservice=5;recommendationservice=5;redis-cart=1;shippingservice=5,sinusoidal,stageC,cga,CGA,36,36.000,replay,mixed,1.018320,0.023769,7,1.650337,0.000000,0.320651,0.091914,,,0.000000,0.009398,0.009398,7,7,0,80.446568,80.446568,80.446568,80.446568,120.000000,0.000000,135.244744,0.594822,0.000000,20,,,,,,,,,
online-boutique,online-boutique-longmix-stageC-scale20-replica5-sinusoidal-steps500-20260612T140721Z,idyn-ob-scale20-replica5,scale20,replica5,adservice=5;cartservice=5;checkoutservice=5;currencyservice=5;emailservice=5;frontend=5;paymentservice=5;productcatalogservice=5;recommendationservice=5;redis-cart=1;shippingservice=5,sinusoidal,stageC,hda,HDA,36,36.000,replay,mixed,1.018320,0.023769,7,1.650337,0.000000,0.320651,0.091914,,,0.000000,0.009398,0.009398,7,7,0,76.548244,76.548244,76.548244,76.548244,120.000000,0.000000,135.244744,0.565998,0.000000,20,,,,,,,,,
online-boutique,online-boutique-longmix-stageC-scale20-replica5-sinusoidal-steps500-20260612T140721Z,idyn-ob-scale20-replica5,scale20,replica5,adservice=5;cartservice=5;checkoutservice=5;currencyservice=5;emailservice=5;frontend=5;paymentservice=5;productcatalogservice=5;recommendationservice=5;redis-cart=1;shippingservice=5,sinusoidal,stageC,kubernetes-default,K8s default,37,37.000,replay,mixed,1.014586,0.004983,7,1.654103,0.000000,0.320868,0.090639,,,0.000000,0.008716,0.008716,7,7,0,86.137248,86.137248,86.137248,86.137248,120.000000,0.000000,135.232396,0.636957,0.000000,20,,,,,,,,,
online-boutique,online-boutique-longmix-stageC-scale20-replica5-sinusoidal-steps500-20260612T140721Z,idyn-ob-scale20-replica5,scale20,replica5,adservice=5;cartservice=5;checkoutservice=5;currencyservice=5;emailservice=5;frontend=5;paymentservice=5;productcatalogservice=5;recommendationservice=5;redis-cart=1;shippingservice=5,sinusoidal,stageC,cga,CGA,37,37.000,replay,mixed,1.014586,0.004983,7,1.654103,0.000000,0.320868,0.090639,,,0.000000,0.008716,0.008716,7,7,0,82.353990,82.353990,82.353990,82.353990,120.000000,0.000000,135.232396,0.608981,0.000000,20,,,,,,,,,
online-boutique,online-boutique-longmix-stageC-scale20-replica5-sinusoidal-steps500-20260612T140721Z,idyn-ob-scale20-replica5,scale20,replica5,adservice=5;cartservice=5;checkoutservice=5;currencyservice=5;emailservice=5;frontend=5;paymentservice=5;productcatalogservice=5;recommendationservice=5;redis-cart=1;shippingservice=5,sinusoidal,stageC,hda,HDA,37,37.000,replay,mixed,1.014586,0.004983,7,1.654103,0.000000,0.320868,0.090639,,,0.000000,0.008716,0.008716,7,7,0,69.836073,69.836073,69.836073,69.836073,120.000000,0.000000,135.232396,0.516415,0.000000,20,,,,,,,,,
online-boutique,online-boutique-longmix-stageC-scale20-replica5-sinusoidal-steps500-20260612T140721Z,idyn-ob-scale20-replica5,scale20,replica5,adservice=5;cartservice=5;checkoutservice=5;currencyservice=5;emailservice=5;frontend=5;paymentservice=5;productcatalogservice=5;recommendationservice=5;redis-cart=1;shippingservice=5,sinusoidal,stageC,kubernetes-default,K8s default,38,38.000,replay,mixed,1.052645,0.034866,7,1.657947,0.000000,0.321068,0.089435,,,0.000000,0.008747,0.008747,7,7,0,87.035040,87.035040,87.035040,87.035040,120.000000,0.000000,135.220405,0.643653,0.000000,20,,,,,,,,,
online-boutique,online-boutique-longmix-stageC-scale20-replica5-sinusoidal-steps500-20260612T140721Z,idyn-ob-scale20-replica5,scale20,replica5,adservice=5;cartservice=5;checkoutservice=5;currencyservice=5;emailservice=5;frontend=5;paymentservice=5;productcatalogservice=5;recommendationservice=5;redis-cart=1;shippingservice=5,sinusoidal,stageC,cga,CGA,38,38.000,replay,mixed,1.052645,0.034866,7,1.657947,0.000000,0.321068,0.089435,,,0.000000,0.008747,0.008747,7,7,0,82.946276,82.946276,82.946276,82.946276,120.000000,0.000000,135.220405,0.613415,0.000000,20,,,,,,,,,
online-boutique,online-boutique-longmix-stageC-scale20-replica5-sinusoidal-steps500-20260612T140721Z,idyn-ob-scale20-replica5,scale20,replica5,adservice=5;cartservice=5;checkoutservice=5;currencyservice=5;emailservice=5;frontend=5;paymentservice=5;productcatalogservice=5;recommendationservice=5;redis-cart=1;shippingservice=5,sinusoidal,stageC,hda,HDA,38,38.000,replay,mixed,1.052645,0.034866,7,1.657947,0.000000,0.321068,0.089435,,,0.000000,0.008747,0.008747,7,7,0,76.666771,76.666771,76.666771,76.666771,120.000000,0.000000,135.220405,0.566976,0.000000,20,,,,,,,,,
online-boutique,online-boutique-longmix-stageC-scale20-replica5-sinusoidal-steps500-20260612T140721Z,idyn-ob-scale20-replica5,scale20,replica5,adservice=5;cartservice=5;checkoutservice=5;currencyservice=5;emailservice=5;frontend=5;paymentservice=5;productcatalogservice=5;recommendationservice=5;redis-cart=1;shippingservice=5,sinusoidal,stageC,kubernetes-default,K8s default,39,39.000,replay,mixed,0.990374,0.060427,7,1.661869,0.000000,0.321251,0.088304,,,0.000000,0.008907,0.008907,7,7,0,86.699640,86.699640,86.699640,86.699640,120.000000,0.000000,135.208777,0.641228,0.000000,20,,,,,,,,,
online-boutique,online-boutique-longmix-stageC-scale20-replica5-sinusoidal-steps500-20260612T140721Z,idyn-ob-scale20-replica5,scale20,replica5,adservice=5;cartservice=5;checkoutservice=5;currencyservice=5;emailservice=5;frontend=5;paymentservice=5;productcatalogservice=5;recommendationservice=5;redis-cart=1;shippingservice=5,sinusoidal,stageC,cga,CGA,39,39.000,replay,mixed,0.990374,0.060427,7,1.661869,0.000000,0.321251,0.088304,,,0.000000,0.008907,0.008907,7,7,0,80.933999,80.933999,80.933999,80.933999,120.000000,0.000000,135.208777,0.598585,0.000000,20,,,,,,,,,
online-boutique,online-boutique-longmix-stageC-scale20-replica5-sinusoidal-steps500-20260612T140721Z,idyn-ob-scale20-replica5,scale20,replica5,adservice=5;cartservice=5;checkoutservice=5;currencyservice=5;emailservice=5;frontend=5;paymentservice=5;productcatalogservice=5;recommendationservice=5;redis-cart=1;shippingservice=5,sinusoidal,stageC,hda,HDA,39,39.000,replay,mixed,0.990374,0.060427,7,1.661869,0.000000,0.321251,0.088304,,,0.000000,0.008907,0.008907,7,7,0,83.996560,83.996560,83.996560,83.996560,120.000000,0.000000,135.208777,0.621236,0.000000,20,,,,,,,,,
online-boutique,online-boutique-longmix-stageC-scale20-replica5-sinusoidal-steps500-20260612T140721Z,idyn-ob-scale20-replica5,scale20,replica5,adservice=5;cartservice=5;checkoutservice=5;currencyservice=5;emailservice=5;frontend=5;paymentservice=5;productcatalogservice=5;recommendationservice=5;redis-cart=1;shippingservice=5,sinusoidal,stageC,kubernetes-default,K8s default,40,40.000,replay,mixed,0.999219,0.007497,7,1.665870,0.000000,0.321416,0.087247,,,0.000000,0.013216,0.013216,7,7,0,82.089582,82.089582,82.089582,82.089582,120.000000,0.000000,135.197518,0.607183,0.000000,20,,,,,,,,,
online-boutique,online-boutique-longmix-stageC-scale20-replica5-sinusoidal-steps500-20260612T140721Z,idyn-ob-scale20-replica5,scale20,replica5,adservice=5;cartservice=5;checkoutservice=5;currencyservice=5;emailservice=5;frontend=5;paymentservice=5;productcatalogservice=5;recommendationservice=5;redis-cart=1;shippingservice=5,sinusoidal,stageC,cga,CGA,40,40.000,replay,mixed,0.999219,0.007497,7,1.665870,0.000000,0.321416,0.087247,,,0.000000,0.013216,0.013216,7,7,0,79.262408,79.262408,79.262408,79.262408,120.000000,0.000000,135.197518,0.586271,0.000000,20,,,,,,,,,
online-boutique,online-boutique-longmix-stageC-scale20-replica5-sinusoidal-steps500-20260612T140721Z,idyn-ob-scale20-replica5,scale20,replica5,adservice=5;cartservice=5;checkoutservice=5;currencyservice=5;emailservice=5;frontend=5;paymentservice=5;productcatalogservice=5;recommendationservice=5;redis-cart=1;shippingservice=5,sinusoidal,stageC,hda,HDA,40,40.000,replay,mixed,0.999219,0.007497,7,1.665870,0.000000,0.321416,0.087247,,,0.000000,0.013216,0.013216,7,7,0,75.761382,75.761382,75.761382,75.761382,120.000000,0.000000,135.197518,0.560376,0.000000,20,,,,,,,,,
online-boutique,online-boutique-longmix-stageC-scale20-replica5-sinusoidal-steps500-20260612T140721Z,idyn-ob-scale20-replica5,scale20,replica5,adservice=5;cartservice=5;checkoutservice=5;currencyservice=5;emailservice=5;frontend=5;paymentservice=5;productcatalogservice=5;recommendationservice=5;redis-cart=1;shippingservice=5,sinusoidal,stageC,kubernetes-default,K8s default,41,41.000,replay,mixed,1.006575,0.005935,7,1.669949,0.000000,0.321563,0.086264,,,0.000000,0.009137,0.009137,7,7,0,83.785806,83.785806,83.785806,83.785806,120.000000,0.000000,135.186632,0.619779,0.000000,20,,,,,,,,,
online-boutique,online-boutique-longmix-stageC-scale20-replica5-sinusoidal-steps500-20260612T140721Z,idyn-ob-scale20-replica5,scale20,replica5,adservice=5;cartservice=5;checkoutservice=5;currencyservice=5;emailservice=5;frontend=5;paymentservice=5;productcatalogservice=5;recommendationservice=5;redis-cart=1;shippingservice=5,sinusoidal,stageC,cga,CGA,41,41.000,replay,mixed,1.006575,0.005935,7,1.669949,0.000000,0.321563,0.086264,,,0.000000,0.009137,0.009137,7,7,0,80.170433,80.170433,80.170433,80.170433,120.000000,0.000000,135.186632,0.593035,0.000000,20,,,,,,,,,
online-boutique,online-boutique-longmix-stageC-scale20-replica5-sinusoidal-steps500-20260612T140721Z,idyn-ob-scale20-replica5,scale20,replica5,adservice=5;cartservice=5;checkoutservice=5;currencyservice=5;emailservice=5;frontend=5;paymentservice=5;productcatalogservice=5;recommendationservice=5;redis-cart=1;shippingservice=5,sinusoidal,stageC,hda,HDA,41,41.000,replay,mixed,1.006575,0.005935,7,1.669949,0.000000,0.321563,0.086264,,,0.000000,0.009137,0.009137,7,7,0,75.486398,75.486398,75.486398,75.486398,120.000000,0.000000,135.186632,0.558387,0.000000,20,,,,,,,,,
online-boutique,online-boutique-longmix-stageC-scale20-replica5-sinusoidal-steps500-20260612T140721Z,idyn-ob-scale20-replica5,scale20,replica5,adservice=5;cartservice=5;checkoutservice=5;currencyservice=5;emailservice=5;frontend=5;paymentservice=5;productcatalogservice=5;recommendationservice=5;redis-cart=1;shippingservice=5,sinusoidal,stageC,kubernetes-default,K8s default,42,42.000,replay,mixed,1.076308,0.063482,7,1.674106,0.000000,0.321691,0.085358,,,0.000000,0.008896,0.008896,7,7,0,91.061290,91.061290,91.061290,91.061290,120.000000,0.000000,135.176124,0.673649,0.000000,20,,,,,,,,,
online-boutique,online-boutique-longmix-stageC-scale20-replica5-sinusoidal-steps500-20260612T140721Z,idyn-ob-scale20-replica5,scale20,replica5,adservice=5;cartservice=5;checkoutservice=5;currencyservice=5;emailservice=5;frontend=5;paymentservice=5;productcatalogservice=5;recommendationservice=5;redis-cart=1;shippingservice=5,sinusoidal,stageC,cga,CGA,42,42.000,replay,mixed,1.076308,0.063482,7,1.674106,0.000000,0.321691,0.085358,,,0.000000,0.008896,0.008896,7,7,0,86.652416,86.652416,86.652416,86.652416,120.000000,0.000000,135.176124,0.641033,0.000000,20,,,,,,,,,
online-boutique,online-boutique-longmix-stageC-scale20-replica5-sinusoidal-steps500-20260612T140721Z,idyn-ob-scale20-replica5,scale20,replica5,adservice=5;cartservice=5;checkoutservice=5;currencyservice=5;emailservice=5;frontend=5;paymentservice=5;productcatalogservice=5;recommendationservice=5;redis-cart=1;shippingservice=5,sinusoidal,stageC,hda,HDA,42,42.000,replay,mixed,1.076308,0.063482,7,1.674106,0.000000,0.321691,0.085358,,,0.000000,0.008896,0.008896,7,7,0,81.117545,81.117545,81.117545,81.117545,120.000000,0.000000,135.176124,0.600088,0.000000,20,,,,,,,,,
online-boutique,online-boutique-longmix-stageC-scale20-replica5-sinusoidal-steps500-20260612T140721Z,idyn-ob-scale20-replica5,scale20,replica5,adservice=5;cartservice=5;checkoutservice=5;currencyservice=5;emailservice=5;frontend=5;paymentservice=5;productcatalogservice=5;recommendationservice=5;redis-cart=1;shippingservice=5,sinusoidal,stageC,kubernetes-default,K8s default,43,43.000,replay,mixed,1.026351,0.047761,7,1.678342,0.000000,0.321802,0.084529,,,0.000000,0.015480,0.015480,7,7,0,85.739817,85.739817,85.739817,85.739817,120.000000,0.000000,135.166001,0.634330,0.000000,20,,,,,,,,,
online-boutique,online-boutique-longmix-stageC-scale20-replica5-sinusoidal-steps500-20260612T140721Z,idyn-ob-scale20-replica5,scale20,replica5,adservice=5;cartservice=5;checkoutservice=5;currencyservice=5;emailservice=5;frontend=5;paymentservice=5;productcatalogservice=5;recommendationservice=5;redis-cart=1;shippingservice=5,sinusoidal,stageC,cga,CGA,43,43.000,replay,mixed,1.026351,0.047761,7,1.678342,0.000000,0.321802,0.084529,,,0.000000,0.015480,0.015480,7,7,0,83.766740,83.766740,83.766740,83.766740,120.000000,0.000000,135.166001,0.619732,0.000000,20,,,,,,,,,
online-boutique,online-boutique-longmix-stageC-scale20-replica5-sinusoidal-steps500-20260612T140721Z,idyn-ob-scale20-replica5,scale20,replica5,adservice=5;cartservice=5;checkoutservice=5;currencyservice=5;emailservice=5;frontend=5;paymentservice=5;productcatalogservice=5;recommendationservice=5;redis-cart=1;shippingservice=5,sinusoidal,stageC,hda,HDA,43,43.000,replay,mixed,1.026351,0.047761,7,1.678342,0.000000,0.321802,0.084529,,,0.000000,0.015480,0.015480,7,7,0,77.815695,77.815695,77.815695,77.815695,120.000000,0.000000,135.166001,0.575705,0.000000,20,,,,,,,,,
online-boutique,online-boutique-longmix-stageC-scale20-replica5-sinusoidal-steps500-20260612T140721Z,idyn-ob-scale20-replica5,scale20,replica5,adservice=5;cartservice=5;checkoutservice=5;currencyservice=5;emailservice=5;frontend=5;paymentservice=5;productcatalogservice=5;recommendationservice=5;redis-cart=1;shippingservice=5,sinusoidal,stageC,kubernetes-default,K8s default,44,44.000,replay,mixed,1.031558,0.003627,7,1.682657,0.000000,0.321893,0.083779,,,0.000000,0.008897,0.008897,7,7,0,89.408815,89.408815,89.408815,89.408815,120.000000,0.000000,135.156267,0.661522,0.000000,20,,,,,,,,,
online-boutique,online-boutique-longmix-stageC-scale20-replica5-sinusoidal-steps500-20260612T140721Z,idyn-ob-scale20-replica5,scale20,replica5,adservice=5;cartservice=5;checkoutservice=5;currencyservice=5;emailservice=5;frontend=5;paymentservice=5;productcatalogservice=5;recommendationservice=5;redis-cart=1;shippingservice=5,sinusoidal,stageC,cga,CGA,44,44.000,replay,mixed,1.031558,0.003627,7,1.682657,0.000000,0.321893,0.083779,,,0.000000,0.008897,0.008897,7,7,0,78.628276,78.628276,78.628276,78.628276,120.000000,0.000000,135.156267,0.581758,0.000000,20,,,,,,,,,
online-boutique,online-boutique-longmix-stageC-scale20-replica5-sinusoidal-steps500-20260612T140721Z,idyn-ob-scale20-replica5,scale20,replica5,adservice=5;cartservice=5;checkoutservice=5;currencyservice=5;emailservice=5;frontend=5;paymentservice=5;productcatalogservice=5;recommendationservice=5;redis-cart=1;shippingservice=5,sinusoidal,stageC,hda,HDA,44,44.000,replay,mixed,1.031558,0.003627,7,1.682657,0.000000,0.321893,0.083779,,,0.000000,0.008897,0.008897,7,7,0,75.872562,75.872562,75.872562,75.872562,120.000000,0.000000,135.156267,0.561369,0.000000,20,,,,,,,,,
online-boutique,online-boutique-longmix-stageC-scale20-replica5-sinusoidal-steps500-20260612T140721Z,idyn-ob-scale20-replica5,scale20,replica5,adservice=5;cartservice=5;checkoutservice=5;currencyservice=5;emailservice=5;frontend=5;paymentservice=5;productcatalogservice=5;recommendationservice=5;redis-cart=1;shippingservice=5,sinusoidal,stageC,kubernetes-default,K8s default,45,45.000,replay,mixed,1.059557,0.025020,7,1.687050,0.000000,0.321965,0.083109,,,0.000000,0.014517,0.014517,7,7,0,89.522820,89.522820,89.522820,89.522820,120.000000,0.000000,135.146928,0.662411,0.000000,20,,,,,,,,,
online-boutique,online-boutique-longmix-stageC-scale20-replica5-sinusoidal-steps500-20260612T140721Z,idyn-ob-scale20-replica5,scale20,replica5,adservice=5;cartservice=5;checkoutservice=5;currencyservice=5;emailservice=5;frontend=5;paymentservice=5;productcatalogservice=5;recommendationservice=5;redis-cart=1;shippingservice=5,sinusoidal,stageC,cga,CGA,45,45.000,replay,mixed,1.059557,0.025020,7,1.687050,0.000000,0.321965,0.083109,,,0.000000,0.014517,0.014517,7,7,0,82.804403,82.804403,82.804403,82.804403,120.000000,0.000000,135.146928,0.612699,0.000000,20,,,,,,,,,
online-boutique,online-boutique-longmix-stageC-scale20-replica5-sinusoidal-steps500-20260612T140721Z,idyn-ob-scale20-replica5,scale20,replica5,adservice=5;cartservice=5;checkoutservice=5;currencyservice=5;emailservice=5;frontend=5;paymentservice=5;productcatalogservice=5;recommendationservice=5;redis-cart=1;shippingservice=5,sinusoidal,stageC,hda,HDA,45,45.000,replay,mixed,1.059557,0.025020,7,1.687050,0.000000,0.321965,0.083109,,,0.000000,0.014517,0.014517,7,7,0,78.624984,78.624984,78.624984,78.624984,120.000000,0.000000,135.146928,0.581774,0.000000,20,,,,,,,,,
online-boutique,online-boutique-longmix-stageC-scale20-replica5-sinusoidal-steps500-20260612T140721Z,idyn-ob-scale20-replica5,scale20,replica5,adservice=5;cartservice=5;checkoutservice=5;currencyservice=5;emailservice=5;frontend=5;paymentservice=5;productcatalogservice=5;recommendationservice=5;redis-cart=1;shippingservice=5,sinusoidal,stageC,kubernetes-default,K8s default,46,46.000,replay,mixed,1.013625,0.044743,7,1.691521,0.000000,0.322018,0.082520,,,0.000000,0.009879,0.009879,7,7,0,87.092867,87.092867,87.092867,87.092867,120.000000,0.000000,135.137990,0.644474,0.000000,20,,,,,,,,,
online-boutique,online-boutique-longmix-stageC-scale20-replica5-sinusoidal-steps500-20260612T140721Z,idyn-ob-scale20-replica5,scale20,replica5,adservice=5;cartservice=5;checkoutservice=5;currencyservice=5;emailservice=5;frontend=5;paymentservice=5;productcatalogservice=5;recommendationservice=5;redis-cart=1;shippingservice=5,sinusoidal,stageC,cga,CGA,46,46.000,replay,mixed,1.013625,0.044743,7,1.691521,0.000000,0.322018,0.082520,,,0.000000,0.009879,0.009879,7,7,0,82.513696,82.513696,82.513696,82.513696,120.000000,0.000000,135.137990,0.610588,0.000000,20,,,,,,,,,
online-boutique,online-boutique-longmix-stageC-scale20-replica5-sinusoidal-steps500-20260612T140721Z,idyn-ob-scale20-replica5,scale20,replica5,adservice=5;cartservice=5;checkoutservice=5;currencyservice=5;emailservice=5;frontend=5;paymentservice=5;productcatalogservice=5;recommendationservice=5;redis-cart=1;shippingservice=5,sinusoidal,stageC,hda,HDA,46,46.000,replay,mixed,1.013625,0.044743,7,1.691521,0.000000,0.322018,0.082520,,,0.000000,0.009879,0.009879,7,7,0,77.021100,77.021100,77.021100,77.021100,120.000000,0.000000,135.137990,0.569944,0.000000,20,,,,,,,,,
online-boutique,online-boutique-longmix-stageC-scale20-replica5-sinusoidal-steps500-20260612T140721Z,idyn-ob-scale20-replica5,scale20,replica5,adservice=5;cartservice=5;checkoutservice=5;currencyservice=5;emailservice=5;frontend=5;paymentservice=5;productcatalogservice=5;recommendationservice=5;redis-cart=1;shippingservice=5,sinusoidal,stageC,kubernetes-default,K8s default,47,47.000,replay,mixed,0.989571,0.025167,7,1.696071,0.000000,0.322051,0.082015,,,0.000000,0.012083,0.012083,7,7,0,84.248692,84.248692,84.248692,84.248692,120.000000,0.000000,135.129458,0.623467,0.000000,20,,,,,,,,,
online-boutique,online-boutique-longmix-stageC-scale20-replica5-sinusoidal-steps500-20260612T140721Z,idyn-ob-scale20-replica5,scale20,replica5,adservice=5;cartservice=5;checkoutservice=5;currencyservice=5;emailservice=5;frontend=5;paymentservice=5;productcatalogservice=5;recommendationservice=5;redis-cart=1;shippingservice=5,sinusoidal,stageC,cga,CGA,47,47.000,replay,mixed,0.989571,0.025167,7,1.696071,0.000000,0.322051,0.082015,,,0.000000,0.012083,0.012083,7,7,0,80.966852,80.966852,80.966852,80.966852,120.000000,0.000000,135.129458,0.599180,0.000000,20,,,,,,,,,
online-boutique,online-boutique-longmix-stageC-scale20-replica5-sinusoidal-steps500-20260612T140721Z,idyn-ob-scale20-replica5,scale20,replica5,adservice=5;cartservice=5;checkoutservice=5;currencyservice=5;emailservice=5;frontend=5;paymentservice=5;productcatalogservice=5;recommendationservice=5;redis-cart=1;shippingservice=5,sinusoidal,stageC,hda,HDA,47,47.000,replay,mixed,0.989571,0.025167,7,1.696071,0.000000,0.322051,0.082015,,,0.000000,0.012083,0.012083,7,7,0,74.288577,74.288577,74.288577,74.288577,120.000000,0.000000,135.129458,0.549759,0.000000,20,,,,,,,,,
online-boutique,online-boutique-longmix-stageC-scale20-replica5-sinusoidal-steps500-20260612T140721Z,idyn-ob-scale20-replica5,scale20,replica5,adservice=5;cartservice=5;checkoutservice=5;currencyservice=5;emailservice=5;frontend=5;paymentservice=5;productcatalogservice=5;recommendationservice=5;redis-cart=1;shippingservice=5,sinusoidal,stageC,kubernetes-default,K8s default,48,48.000,replay,mixed,1.010877,0.019619,7,1.700700,0.000000,0.322064,0.081594,,,0.000000,0.008816,0.008816,7,7,0,85.998411,85.998411,85.998411,85.998411,120.000000,0.000000,135.121338,0.636453,0.000000,20,,,,,,,,,
online-boutique,online-boutique-longmix-stageC-scale20-replica5-sinusoidal-steps500-20260612T140721Z,idyn-ob-scale20-replica5,scale20,replica5,adservice=5;cartservice=5;checkoutservice=5;currencyservice=5;emailservice=5;frontend=5;paymentservice=5;productcatalogservice=5;recommendationservice=5;redis-cart=1;shippingservice=5,sinusoidal,stageC,cga,CGA,48,48.000,replay,mixed,1.010877,0.019619,7,1.700700,0.000000,0.322064,0.081594,,,0.000000,0.008816,0.008816,7,7,0,79.353123,79.353123,79.353123,79.353123,120.000000,0.000000,135.121338,0.587273,0.000000,20,,,,,,,,,
online-boutique,online-boutique-longmix-stageC-scale20-replica5-sinusoidal-steps500-20260612T140721Z,idyn-ob-scale20-replica5,scale20,replica5,adservice=5;cartservice=5;checkoutservice=5;currencyservice=5;emailservice=5;frontend=5;paymentservice=5;productcatalogservice=5;recommendationservice=5;redis-cart=1;shippingservice=5,sinusoidal,stageC,hda,HDA,48,48.000,replay,mixed,1.010877,0.019619,7,1.700700,0.000000,0.322064,0.081594,,,0.000000,0.008816,0.008816,7,7,0,79.773477,79.773477,79.773477,79.773477,120.000000,0.000000,135.121338,0.590384,0.000000,20,,,,,,,,,
online-boutique,online-boutique-longmix-stageC-scale20-replica5-sinusoidal-steps500-20260612T140721Z,idyn-ob-scale20-replica5,scale20,replica5,adservice=5;cartservice=5;checkoutservice=5;currencyservice=5;emailservice=5;frontend=5;paymentservice=5;productcatalogservice=5;recommendationservice=5;redis-cart=1;shippingservice=5,sinusoidal,stageC,kubernetes-default,K8s default,49,49.000,replay,mixed,0.990920,0.021215,7,1.705406,0.000000,0.322056,0.081259,,,0.000000,0.008656,0.008656,7,7,0,84.009465,84.009465,84.009465,84.009465,120.000000,0.000000,135.113636,0.621769,0.000000,20,,,,,,,,,
online-boutique,online-boutique-longmix-stageC-scale20-replica5-sinusoidal-steps500-20260612T140721Z,idyn-ob-scale20-replica5,scale20,replica5,adservice=5;cartservice=5;checkoutservice=5;currencyservice=5;emailservice=5;frontend=5;paymentservice=5;productcatalogservice=5;recommendationservice=5;redis-cart=1;shippingservice=5,sinusoidal,stageC,cga,CGA,49,49.000,replay,mixed,0.990920,0.021215,7,1.705406,0.000000,0.322056,0.081259,,,0.000000,0.008656,0.008656,7,7,0,82.514161,82.514161,82.514161,82.514161,120.000000,0.000000,135.113636,0.610702,0.000000,20,,,,,,,,,
online-boutique,online-boutique-longmix-stageC-scale20-replica5-sinusoidal-steps500-20260612T140721Z,idyn-ob-scale20-replica5,scale20,replica5,adservice=5;cartservice=5;checkoutservice=5;currencyservice=5;emailservice=5;frontend=5;paymentservice=5;productcatalogservice=5;recommendationservice=5;redis-cart=1;shippingservice=5,sinusoidal,stageC,hda,HDA,49,49.000,replay,mixed,0.990920,0.021215,7,1.705406,0.000000,0.322056,0.081259,,,0.000000,0.008656,0.008656,7,7,0,77.820193,77.820193,77.820193,77.820193,120.000000,0.000000,135.113636,0.575961,0.000000,20,,,,,,,,,
online-boutique,online-boutique-longmix-stageC-scale20-replica5-sinusoidal-steps500-20260612T140721Z,idyn-ob-scale20-replica5,scale20,replica5,adservice=5;cartservice=5;checkoutservice=5;currencyservice=5;emailservice=5;frontend=5;paymentservice=5;productcatalogservice=5;recommendationservice=5;redis-cart=1;shippingservice=5,sinusoidal,stageC,kubernetes-default,K8s default,50,50.000,replay,mixed,1.057179,0.061250,7,1.710190,0.000000,0.322028,0.081012,,,0.000000,0.008917,0.008917,7,7,0,88.313640,88.313640,88.313640,88.313640,120.000000,0.000000,135.106357,0.653660,0.000000,20,,,,,,,,,
online-boutique,online-boutique-longmix-stageC-scale20-replica5-sinusoidal-steps500-20260612T140721Z,idyn-ob-scale20-replica5,scale20,replica5,adservice=5;cartservice=5;checkoutservice=5;currencyservice=5;emailservice=5;frontend=5;paymentservice=5;productcatalogservice=5;recommendationservice=5;redis-cart=1;shippingservice=5,sinusoidal,stageC,cga,CGA,50,50.000,replay,mixed,1.057179,0.061250,7,1.710190,0.000000,0.322028,0.081012,,,0.000000,0.008917,0.008917,7,7,0,81.854248,81.854248,81.854248,81.854248,120.000000,0.000000,135.106357,0.605850,0.000000,20,,,,,,,,,
online-boutique,online-boutique-longmix-stageC-scale20-replica5-sinusoidal-steps500-20260612T140721Z,idyn-ob-scale20-replica5,scale20,replica5,adservice=5;cartservice=5;checkoutservice=5;currencyservice=5;emailservice=5;frontend=5;paymentservice=5;productcatalogservice=5;recommendationservice=5;redis-cart=1;shippingservice=5,sinusoidal,stageC,hda,HDA,50,50.000,replay,mixed,1.057179,0.061250,7,1.710190,0.000000,0.322028,0.081012,,,0.000000,0.008917,0.008917,7,7,0,81.559047,81.559047,81.559047,81.559047,120.000000,0.000000,135.106357,0.603666,0.000000,20,,,,,,,,,
online-boutique,online-boutique-longmix-stageC-scale20-replica5-sinusoidal-steps500-20260612T140721Z,idyn-ob-scale20-replica5,scale20,replica5,adservice=5;cartservice=5;checkoutservice=5;currencyservice=5;emailservice=5;frontend=5;paymentservice=5;productcatalogservice=5;recommendationservice=5;redis-cart=1;shippingservice=5,sinusoidal,stageC,kubernetes-default,K8s default,51,51.000,replay,mixed,1.065640,0.006416,7,1.715052,0.000000,0.321979,0.080854,,,0.000000,0.008627,0.008627,7,7,0,86.332958,86.332958,86.332958,86.332958,120.000000,0.000000,135.099508,0.639032,0.000000,20,,,,,,,,,
online-boutique,online-boutique-longmix-stageC-scale20-replica5-sinusoidal-steps500-20260612T140721Z,idyn-ob-scale20-replica5,scale20,replica5,adservice=5;cartservice=5;checkoutservice=5;currencyservice=5;emailservice=5;frontend=5;paymentservice=5;productcatalogservice=5;recommendationservice=5;redis-cart=1;shippingservice=5,sinusoidal,stageC,cga,CGA,51,51.000,replay,mixed,1.065640,0.006416,7,1.715052,0.000000,0.321979,0.080854,,,0.000000,0.008627,0.008627,7,7,0,84.840883,84.840883,84.840883,84.840883,120.000000,0.000000,135.099508,0.627988,0.000000,20,,,,,,,,,
online-boutique,online-boutique-longmix-stageC-scale20-replica5-sinusoidal-steps500-20260612T140721Z,idyn-ob-scale20-replica5,scale20,replica5,adservice=5;cartservice=5;checkoutservice=5;currencyservice=5;emailservice=5;frontend=5;paymentservice=5;productcatalogservice=5;recommendationservice=5;redis-cart=1;shippingservice=5,sinusoidal,stageC,hda,HDA,51,51.000,replay,mixed,1.065640,0.006416,7,1.715052,0.000000,0.321979,0.080854,,,0.000000,0.008627,0.008627,7,7,0,78.853651,78.853651,78.853651,78.853651,120.000000,0.000000,135.099508,0.583671,0.000000,20,,,,,,,,,
online-boutique,online-boutique-longmix-stageC-scale20-replica5-sinusoidal-steps500-20260612T140721Z,idyn-ob-scale20-replica5,scale20,replica5,adservice=5;cartservice=5;checkoutservice=5;currencyservice=5;emailservice=5;frontend=5;paymentservice=5;productcatalogservice=5;recommendationservice=5;redis-cart=1;shippingservice=5,sinusoidal,stageC,kubernetes-default,K8s default,52,52.000,replay,mixed,1.025111,0.039522,7,1.719992,0.000000,0.321908,0.080788,,,0.000000,0.020148,0.020148,7,7,0,92.998187,92.998187,92.998187,92.998187,120.000000,0.000000,135.093095,0.688401,0.000000,20,,,,,,,,,
online-boutique,online-boutique-longmix-stageC-scale20-replica5-sinusoidal-steps500-20260612T140721Z,idyn-ob-scale20-replica5,scale20,replica5,adservice=5;cartservice=5;checkoutservice=5;currencyservice=5;emailservice=5;frontend=5;paymentservice=5;productcatalogservice=5;recommendationservice=5;redis-cart=1;shippingservice=5,sinusoidal,stageC,cga,CGA,52,52.000,replay,mixed,1.025111,0.039522,7,1.719992,0.000000,0.321908,0.080788,,,0.000000,0.020148,0.020148,7,7,0,78.497580,78.497580,78.497580,78.497580,120.000000,0.000000,135.093095,0.581063,0.000000,20,,,,,,,,,
online-boutique,online-boutique-longmix-stageC-scale20-replica5-sinusoidal-steps500-20260612T140721Z,idyn-ob-scale20-replica5,scale20,replica5,adservice=5;cartservice=5;checkoutservice=5;currencyservice=5;emailservice=5;frontend=5;paymentservice=5;productcatalogservice=5;recommendationservice=5;redis-cart=1;shippingservice=5,sinusoidal,stageC,hda,HDA,52,52.000,replay,mixed,1.025111,0.039522,7,1.719992,0.000000,0.321908,0.080788,,,0.000000,0.020148,0.020148,7,7,0,81.358644,81.358644,81.358644,81.358644,120.000000,0.000000,135.093095,0.602241,0.000000,20,,,,,,,,,
online-boutique,online-boutique-longmix-stageC-scale20-replica5-sinusoidal-steps500-20260612T140721Z,idyn-ob-scale20-replica5,scale20,replica5,adservice=5;cartservice=5;checkoutservice=5;currencyservice=5;emailservice=5;frontend=5;paymentservice=5;productcatalogservice=5;recommendationservice=5;redis-cart=1;shippingservice=5,sinusoidal,stageC,kubernetes-default,K8s default,53,53.000,replay,mixed,0.988688,0.037040,7,1.725008,0.000000,0.321815,0.080814,,,0.000000,0.009969,0.009969,7,7,0,85.368691,85.368691,85.368691,85.368691,120.000000,0.000000,135.087123,0.631953,0.000000,20,,,,,,,,,
online-boutique,online-boutique-longmix-stageC-scale20-replica5-sinusoidal-steps500-20260612T140721Z,idyn-ob-scale20-replica5,scale20,replica5,adservice=5;cartservice=5;checkoutservice=5;currencyservice=5;emailservice=5;frontend=5;paymentservice=5;productcatalogservice=5;recommendationservice=5;redis-cart=1;shippingservice=5,sinusoidal,stageC,cga,CGA,53,53.000,replay,mixed,0.988688,0.037040,7,1.725008,0.000000,0.321815,0.080814,,,0.000000,0.009969,0.009969,7,7,0,78.289500,78.289500,78.289500,78.289500,120.000000,0.000000,135.087123,0.579548,0.000000,20,,,,,,,,,
online-boutique,online-boutique-longmix-stageC-scale20-replica5-sinusoidal-steps500-20260612T140721Z,idyn-ob-scale20-replica5,scale20,replica5,adservice=5;cartservice=5;checkoutservice=5;currencyservice=5;emailservice=5;frontend=5;paymentservice=5;productcatalogservice=5;recommendationservice=5;redis-cart=1;shippingservice=5,sinusoidal,stageC,hda,HDA,53,53.000,replay,mixed,0.988688,0.037040,7,1.725008,0.000000,0.321815,0.080814,,,0.000000,0.009969,0.009969,7,7,0,79.630994,79.630994,79.630994,79.630994,120.000000,0.000000,135.087123,0.589479,0.000000,20,,,,,,,,,
online-boutique,online-boutique-longmix-stageC-scale20-replica5-sinusoidal-steps500-20260612T140721Z,idyn-ob-scale20-replica5,scale20,replica5,adservice=5;cartservice=5;checkoutservice=5;currencyservice=5;emailservice=5;frontend=5;paymentservice=5;productcatalogservice=5;recommendationservice=5;redis-cart=1;shippingservice=5,sinusoidal,stageC,kubernetes-default,K8s default,54,54.000,replay,mixed,0.994459,0.004231,7,1.730101,0.000000,0.321701,0.080936,,,0.000000,0.024797,0.024797,7,7,0,84.033772,84.033772,84.033772,84.033772,120.000000,0.000000,135.081598,0.622096,0.000000,20,,,,,,,,,
online-boutique,online-boutique-longmix-stageC-scale20-replica5-sinusoidal-steps500-20260612T140721Z,idyn-ob-scale20-replica5,scale20,replica5,adservice=5;cartservice=5;checkoutservice=5;currencyservice=5;emailservice=5;frontend=5;paymentservice=5;productcatalogservice=5;recommendationservice=5;redis-cart=1;shippingservice=5,sinusoidal,stageC,cga,CGA,54,54.000,replay,mixed,0.994459,0.004231,7,1.730101,0.000000,0.321701,0.080936,,,0.000000,0.024797,0.024797,7,7,0,81.119640,81.119640,81.119640,81.119640,120.000000,0.000000,135.081598,0.600523,0.000000,20,,,,,,,,,
online-boutique,online-boutique-longmix-stageC-scale20-replica5-sinusoidal-steps500-20260612T140721Z,idyn-ob-scale20-replica5,scale20,replica5,adservice=5;cartservice=5;checkoutservice=5;currencyservice=5;emailservice=5;frontend=5;paymentservice=5;productcatalogservice=5;recommendationservice=5;redis-cart=1;shippingservice=5,sinusoidal,stageC,hda,HDA,54,54.000,replay,mixed,0.994459,0.004231,7,1.730101,0.000000,0.321701,0.080936,,,0.000000,0.024797,0.024797,7,7,0,77.840855,77.840855,77.840855,77.840855,120.000000,0.000000,135.081598,0.576251,0.000000,20,,,,,,,,,
online-boutique,online-boutique-longmix-stageC-scale20-replica5-sinusoidal-steps500-20260612T140721Z,idyn-ob-scale20-replica5,scale20,replica5,adservice=5;cartservice=5;checkoutservice=5;currencyservice=5;emailservice=5;frontend=5;paymentservice=5;productcatalogservice=5;recommendationservice=5;redis-cart=1;shippingservice=5,sinusoidal,stageC,kubernetes-default,K8s default,55,55.000,replay,mixed,0.998686,0.002641,7,1.735270,0.000000,0.321563,0.081154,,,0.000000,0.008556,0.008556,7,7,0,87.377984,87.377984,87.377984,87.377984,120.000000,0.000000,135.076528,0.646878,0.000000,20,,,,,,,,,
online-boutique,online-boutique-longmix-stageC-scale20-replica5-sinusoidal-steps500-20260612T140721Z,idyn-ob-scale20-replica5,scale20,replica5,adservice=5;cartservice=5;checkoutservice=5;currencyservice=5;emailservice=5;frontend=5;paymentservice=5;productcatalogservice=5;recommendationservice=5;redis-cart=1;shippingservice=5,sinusoidal,stageC,cga,CGA,55,55.000,replay,mixed,0.998686,0.002641,7,1.735270,0.000000,0.321563,0.081154,,,0.000000,0.008556,0.008556,7,7,0,81.263355,81.263355,81.263355,81.263355,120.000000,0.000000,135.076528,0.601610,0.000000,20,,,,,,,,,
online-boutique,online-boutique-longmix-stageC-scale20-replica5-sinusoidal-steps500-20260612T140721Z,idyn-ob-scale20-replica5,scale20,replica5,adservice=5;cartservice=5;checkoutservice=5;currencyservice=5;emailservice=5;frontend=5;paymentservice=5;productcatalogservice=5;recommendationservice=5;redis-cart=1;shippingservice=5,sinusoidal,stageC,hda,HDA,55,55.000,replay,mixed,0.998686,0.002641,7,1.735270,0.000000,0.321563,0.081154,,,0.000000,0.008556,0.008556,7,7,0,78.412707,78.412707,78.412707,78.412707,120.000000,0.000000,135.076528,0.580506,0.000000,20,,,,,,,,,
online-boutique,online-boutique-longmix-stageC-scale20-replica5-sinusoidal-steps500-20260612T140721Z,idyn-ob-scale20-replica5,scale20,replica5,adservice=5;cartservice=5;checkoutservice=5;currencyservice=5;emailservice=5;frontend=5;paymentservice=5;productcatalogservice=5;recommendationservice=5;redis-cart=1;shippingservice=5,sinusoidal,stageC,kubernetes-default,K8s default,56,56.000,replay,mixed,1.005283,0.004959,7,1.740515,0.000000,0.321403,0.081471,,,0.000000,0.020970,0.020970,7,7,0,82.305596,82.305596,82.305596,82.305596,120.000000,0.000000,135.071918,0.609346,0.000000,20,,,,,,,,,
online-boutique,online-boutique-longmix-stageC-scale20-replica5-sinusoidal-steps500-20260612T140721Z,idyn-ob-scale20-replica5,scale20,replica5,adservice=5;cartservice=5;checkoutservice=5;currencyservice=5;emailservice=5;frontend=5;paymentservice=5;productcatalogservice=5;recommendationservice=5;redis-cart=1;shippingservice=5,sinusoidal,stageC,cga,CGA,56,56.000,replay,mixed,1.005283,0.004959,7,1.740515,0.000000,0.321403,0.081471,,,0.000000,0.020970,0.020970,7,7,0,76.954934,76.954934,76.954934,76.954934,120.000000,0.000000,135.071918,0.569733,0.000000,20,,,,,,,,,
online-boutique,online-boutique-longmix-stageC-scale20-replica5-sinusoidal-steps500-20260612T140721Z,idyn-ob-scale20-replica5,scale20,replica5,adservice=5;cartservice=5;checkoutservice=5;currencyservice=5;emailservice=5;frontend=5;paymentservice=5;productcatalogservice=5;recommendationservice=5;redis-cart=1;shippingservice=5,sinusoidal,stageC,hda,HDA,56,56.000,replay,mixed,1.005283,0.004959,7,1.740515,0.000000,0.321403,0.081471,,,0.000000,0.020970,0.020970,7,7,0,78.242863,78.242863,78.242863,78.242863,120.000000,0.000000,135.071918,0.579268,0.000000,20,,,,,,,,,
online-boutique,online-boutique-longmix-stageC-scale20-replica5-sinusoidal-steps500-20260612T140721Z,idyn-ob-scale20-replica5,scale20,replica5,adservice=5;cartservice=5;checkoutservice=5;currencyservice=5;emailservice=5;frontend=5;paymentservice=5;productcatalogservice=5;recommendationservice=5;redis-cart=1;shippingservice=5,sinusoidal,stageC,kubernetes-default,K8s default,57,57.000,replay,mixed,1.039011,0.030885,7,1.745835,0.000000,0.321220,0.081888,,,0.000000,0.011992,0.011992,7,7,0,87.687724,87.687724,87.687724,87.687724,120.000000,0.000000,135.067774,0.649213,0.000000,20,,,,,,,,,
online-boutique,online-boutique-longmix-stageC-scale20-replica5-sinusoidal-steps500-20260612T140721Z,idyn-ob-scale20-replica5,scale20,replica5,adservice=5;cartservice=5;checkoutservice=5;currencyservice=5;emailservice=5;frontend=5;paymentservice=5;productcatalogservice=5;recommendationservice=5;redis-cart=1;shippingservice=5,sinusoidal,stageC,cga,CGA,57,57.000,replay,mixed,1.039011,0.030885,7,1.745835,0.000000,0.321220,0.081888,,,0.000000,0.011992,0.011992,7,7,0,83.557709,83.557709,83.557709,83.557709,120.000000,0.000000,135.067774,0.618635,0.000000,20,,,,,,,,,
online-boutique,online-boutique-longmix-stageC-scale20-replica5-sinusoidal-steps500-20260612T140721Z,idyn-ob-scale20-replica5,scale20,replica5,adservice=5;cartservice=5;checkoutservice=5;currencyservice=5;emailservice=5;frontend=5;paymentservice=5;productcatalogservice=5;recommendationservice=5;redis-cart=1;shippingservice=5,sinusoidal,stageC,hda,HDA,57,57.000,replay,mixed,1.039011,0.030885,7,1.745835,0.000000,0.321220,0.081888,,,0.000000,0.011992,0.011992,7,7,0,81.514945,81.514945,81.514945,81.514945,120.000000,0.000000,135.067774,0.603511,0.000000,20,,,,,,,,,
online-boutique,online-boutique-longmix-stageC-scale20-replica5-sinusoidal-steps500-20260612T140721Z,idyn-ob-scale20-replica5,scale20,replica5,adservice=5;cartservice=5;checkoutservice=5;currencyservice=5;emailservice=5;frontend=5;paymentservice=5;productcatalogservice=5;recommendationservice=5;redis-cart=1;shippingservice=5,sinusoidal,stageC,kubernetes-default,K8s default,58,58.000,replay,mixed,0.989046,0.049652,7,1.751230,0.000000,0.321013,0.082408,,,0.000000,0.008635,0.008635,7,7,0,90.667825,90.667825,90.667825,90.667825,120.000000,0.000000,135.064103,0.671295,0.000000,20,,,,,,,,,
online-boutique,online-boutique-longmix-stageC-scale20-replica5-sinusoidal-steps500-20260612T140721Z,idyn-ob-scale20-replica5,scale20,replica5,adservice=5;cartservice=5;checkoutservice=5;currencyservice=5;emailservice=5;frontend=5;paymentservice=5;productcatalogservice=5;recommendationservice=5;redis-cart=1;shippingservice=5,sinusoidal,stageC,cga,CGA,58,58.000,replay,mixed,0.989046,0.049652,7,1.751230,0.000000,0.321013,0.082408,,,0.000000,0.008635,0.008635,7,7,0,79.645111,79.645111,79.645111,79.645111,120.000000,0.000000,135.064103,0.589684,0.000000,20,,,,,,,,,
online-boutique,online-boutique-longmix-stageC-scale20-replica5-sinusoidal-steps500-20260612T140721Z,idyn-ob-scale20-replica5,scale20,replica5,adservice=5;cartservice=5;checkoutservice=5;currencyservice=5;emailservice=5;frontend=5;paymentservice=5;productcatalogservice=5;recommendationservice=5;redis-cart=1;shippingservice=5,sinusoidal,stageC,hda,HDA,58,58.000,replay,mixed,0.989046,0.049652,7,1.751230,0.000000,0.321013,0.082408,,,0.000000,0.008635,0.008635,7,7,0,79.304868,79.304868,79.304868,79.304868,120.000000,0.000000,135.064103,0.587165,0.000000,20,,,,,,,,,
online-boutique,online-boutique-longmix-stageC-scale20-replica5-sinusoidal-steps500-20260612T140721Z,idyn-ob-scale20-replica5,scale20,replica5,adservice=5;cartservice=5;checkoutservice=5;currencyservice=5;emailservice=5;frontend=5;paymentservice=5;productcatalogservice=5;recommendationservice=5;redis-cart=1;shippingservice=5,sinusoidal,stageC,kubernetes-default,K8s default,59,59.000,replay,mixed,1.032826,0.040798,7,1.756699,0.000000,0.320782,0.083034,,,0.000000,0.008216,0.008216,7,7,0,90.953579,90.953579,90.953579,90.953579,120.000000,0.000000,135.060911,0.673426,0.000000,20,,,,,,,,,
online-boutique,online-boutique-longmix-stageC-scale20-replica5-sinusoidal-steps500-20260612T140721Z,idyn-ob-scale20-replica5,scale20,replica5,adservice=5;cartservice=5;checkoutservice=5;currencyservice=5;emailservice=5;frontend=5;paymentservice=5;productcatalogservice=5;recommendationservice=5;redis-cart=1;shippingservice=5,sinusoidal,stageC,cga,CGA,59,59.000,replay,mixed,1.032826,0.040798,7,1.756699,0.000000,0.320782,0.083034,,,0.000000,0.008216,0.008216,7,7,0,83.559568,83.559568,83.559568,83.559568,120.000000,0.000000,135.060911,0.618681,0.000000,20,,,,,,,,,
online-boutique,online-boutique-longmix-stageC-scale20-replica5-sinusoidal-steps500-20260612T140721Z,idyn-ob-scale20-replica5,scale20,replica5,adservice=5;cartservice=5;checkoutservice=5;currencyservice=5;emailservice=5;frontend=5;paymentservice=5;productcatalogservice=5;recommendationservice=5;redis-cart=1;shippingservice=5,sinusoidal,stageC,hda,HDA,59,59.000,replay,mixed,1.032826,0.040798,7,1.756699,0.000000,0.320782,0.083034,,,0.000000,0.008216,0.008216,7,7,0,79.914822,79.914822,79.914822,79.914822,120.000000,0.000000,135.060911,0.591695,0.000000,20,,,,,,,,,
online-boutique,online-boutique-longmix-stageC-scale20-replica5-sinusoidal-steps500-20260612T140721Z,idyn-ob-scale20-replica5,scale20,replica5,adservice=5;cartservice=5;checkoutservice=5;currencyservice=5;emailservice=5;frontend=5;paymentservice=5;productcatalogservice=5;recommendationservice=5;redis-cart=1;shippingservice=5,sinusoidal,stageC,kubernetes-default,K8s default,60,60.000,replay,mixed,1.025688,0.008574,7,1.762242,0.000000,0.320527,0.083766,,,0.000000,0.013094,0.013094,7,7,0,90.075731,90.075731,90.075731,90.075731,120.000000,0.000000,135.058204,0.666940,0.000000,20,,,,,,,,,
online-boutique,online-boutique-longmix-stageC-scale20-replica5-sinusoidal-steps500-20260612T140721Z,idyn-ob-scale20-replica5,scale20,replica5,adservice=5;cartservice=5;checkoutservice=5;currencyservice=5;emailservice=5;frontend=5;paymentservice=5;productcatalogservice=5;recommendationservice=5;redis-cart=1;shippingservice=5,sinusoidal,stageC,cga,CGA,60,60.000,replay,mixed,1.025688,0.008574,7,1.762242,0.000000,0.320527,0.083766,,,0.000000,0.013094,0.013094,7,7,0,80.297766,80.297766,80.297766,80.297766,120.000000,0.000000,135.058204,0.594542,0.000000,20,,,,,,,,,
online-boutique,online-boutique-longmix-stageC-scale20-replica5-sinusoidal-steps500-20260612T140721Z,idyn-ob-scale20-replica5,scale20,replica5,adservice=5;cartservice=5;checkoutservice=5;currencyservice=5;emailservice=5;frontend=5;paymentservice=5;productcatalogservice=5;recommendationservice=5;redis-cart=1;shippingservice=5,sinusoidal,stageC,hda,HDA,60,60.000,replay,mixed,1.025688,0.008574,7,1.762242,0.000000,0.320527,0.083766,,,0.000000,0.013094,0.013094,7,7,0,76.506807,76.506807,76.506807,76.506807,120.000000,0.000000,135.058204,0.566473,0.000000,20,,,,,,,,,
online-boutique,online-boutique-longmix-stageC-scale20-replica5-sinusoidal-steps500-20260612T140721Z,idyn-ob-scale20-replica5,scale20,replica5,adservice=5;cartservice=5;checkoutservice=5;currencyservice=5;emailservice=5;frontend=5;paymentservice=5;productcatalogservice=5;recommendationservice=5;redis-cart=1;shippingservice=5,sinusoidal,stageC,kubernetes-default,K8s default,61,61.000,replay,mixed,1.004333,0.022474,7,1.767857,0.000000,0.320247,0.084608,,,0.000000,0.011882,0.011882,7,7,0,84.899687,84.899687,84.899687,84.899687,120.000000,0.000000,135.055990,0.628626,0.000000,20,,,,,,,,,
online-boutique,online-boutique-longmix-stageC-scale20-replica5-sinusoidal-steps500-20260612T140721Z,idyn-ob-scale20-replica5,scale20,replica5,adservice=5;cartservice=5;checkoutservice=5;currencyservice=5;emailservice=5;frontend=5;paymentservice=5;productcatalogservice=5;recommendationservice=5;redis-cart=1;shippingservice=5,sinusoidal,stageC,cga,CGA,61,61.000,replay,mixed,1.004333,0.022474,7,1.767857,0.000000,0.320247,0.084608,,,0.000000,0.011882,0.011882,7,7,0,79.315251,79.315251,79.315251,79.315251,120.000000,0.000000,135.055990,0.587277,0.000000,20,,,,,,,,,
online-boutique,online-boutique-longmix-stageC-scale20-replica5-sinusoidal-steps500-20260612T140721Z,idyn-ob-scale20-replica5,scale20,replica5,adservice=5;cartservice=5;checkoutservice=5;currencyservice=5;emailservice=5;frontend=5;paymentservice=5;productcatalogservice=5;recommendationservice=5;redis-cart=1;shippingservice=5,sinusoidal,stageC,hda,HDA,61,61.000,replay,mixed,1.004333,0.022474,7,1.767857,0.000000,0.320247,0.084608,,,0.000000,0.011882,0.011882,7,7,0,75.264484,75.264484,75.264484,75.264484,120.000000,0.000000,135.055990,0.557284,0.000000,20,,,,,,,,,
online-boutique,online-boutique-longmix-stageC-scale20-replica5-sinusoidal-steps500-20260612T140721Z,idyn-ob-scale20-replica5,scale20,replica5,adservice=5;cartservice=5;checkoutservice=5;currencyservice=5;emailservice=5;frontend=5;paymentservice=5;productcatalogservice=5;recommendationservice=5;redis-cart=1;shippingservice=5,sinusoidal,stageC,kubernetes-default,K8s default,62,62.000,replay,mixed,1.010807,0.021018,8,1.773545,0.000000,0.383974,0.225856,,,0.000000,0.009097,0.009097,8,8,0,83.272595,83.272595,83.272595,83.272595,120.000000,0.000000,135.054274,0.616586,0.000000,20,,,,,,,,,
online-boutique,online-boutique-longmix-stageC-scale20-replica5-sinusoidal-steps500-20260612T140721Z,idyn-ob-scale20-replica5,scale20,replica5,adservice=5;cartservice=5;checkoutservice=5;currencyservice=5;emailservice=5;frontend=5;paymentservice=5;productcatalogservice=5;recommendationservice=5;redis-cart=1;shippingservice=5,sinusoidal,stageC,cga,CGA,62,62.000,replay,mixed,1.010807,0.021018,8,1.773545,0.000000,0.383974,0.225856,,,0.000000,0.009097,0.009097,8,8,0,83.839481,83.839481,83.839481,83.839481,120.000000,0.000000,135.054274,0.620784,0.000000,20,,,,,,,,,
online-boutique,online-boutique-longmix-stageC-scale20-replica5-sinusoidal-steps500-20260612T140721Z,idyn-ob-scale20-replica5,scale20,replica5,adservice=5;cartservice=5;checkoutservice=5;currencyservice=5;emailservice=5;frontend=5;paymentservice=5;productcatalogservice=5;recommendationservice=5;redis-cart=1;shippingservice=5,sinusoidal,stageC,hda,HDA,62,62.000,replay,mixed,1.010807,0.021018,8,1.773545,0.000000,0.383974,0.225856,,,0.000000,0.009097,0.009097,8,8,0,77.207573,77.207573,77.207573,77.207573,120.000000,0.000000,135.054274,0.571678,0.000000,20,,,,,,,,,
online-boutique,online-boutique-longmix-stageC-scale20-replica5-sinusoidal-steps500-20260612T140721Z,idyn-ob-scale20-replica5,scale20,replica5,adservice=5;cartservice=5;checkoutservice=5;currencyservice=5;emailservice=5;frontend=5;paymentservice=5;productcatalogservice=5;recommendationservice=5;redis-cart=1;shippingservice=5,sinusoidal,stageC,kubernetes-default,K8s default,63,63.000,replay,mixed,1.055717,0.041155,8,1.779303,0.000000,0.383341,0.227096,,,0.000000,0.008346,0.008346,8,8,0,84.673113,84.673113,84.673113,84.673113,120.000000,0.000000,135.053064,0.626962,0.000000,20,,,,,,,,,
online-boutique,online-boutique-longmix-stageC-scale20-replica5-sinusoidal-steps500-20260612T140721Z,idyn-ob-scale20-replica5,scale20,replica5,adservice=5;cartservice=5;checkoutservice=5;currencyservice=5;emailservice=5;frontend=5;paymentservice=5;productcatalogservice=5;recommendationservice=5;redis-cart=1;shippingservice=5,sinusoidal,stageC,cga,CGA,63,63.000,replay,mixed,1.055717,0.041155,8,1.779303,0.000000,0.383341,0.227096,,,0.000000,0.008346,0.008346,8,8,0,80.096730,80.096730,80.096730,80.096730,120.000000,0.000000,135.053064,0.593076,0.000000,20,,,,,,,,,
online-boutique,online-boutique-longmix-stageC-scale20-replica5-sinusoidal-steps500-20260612T140721Z,idyn-ob-scale20-replica5,scale20,replica5,adservice=5;cartservice=5;checkoutservice=5;currencyservice=5;emailservice=5;frontend=5;paymentservice=5;productcatalogservice=5;recommendationservice=5;redis-cart=1;shippingservice=5,sinusoidal,stageC,hda,HDA,63,63.000,replay,mixed,1.055717,0.041155,8,1.779303,0.000000,0.383341,0.227096,,,0.000000,0.008346,0.008346,8,8,0,82.986307,82.986307,82.986307,82.986307,120.000000,0.000000,135.053064,0.614472,0.000000,20,,,,,,,,,
online-boutique,online-boutique-longmix-stageC-scale20-replica5-sinusoidal-steps500-20260612T140721Z,idyn-ob-scale20-replica5,scale20,replica5,adservice=5;cartservice=5;checkoutservice=5;currencyservice=5;emailservice=5;frontend=5;paymentservice=5;productcatalogservice=5;recommendationservice=5;redis-cart=1;shippingservice=5,sinusoidal,stageC,kubernetes-default,K8s default,64,64.000,replay,mixed,1.058637,0.001582,8,1.785133,0.000000,0.382682,0.228399,,,0.000000,0.008906,0.008906,8,8,0,87.015737,87.015737,87.015737,87.015737,120.000000,0.000000,135.052365,0.644311,0.000000,20,,,,,,,,,
online-boutique,online-boutique-longmix-stageC-scale20-replica5-sinusoidal-steps500-20260612T140721Z,idyn-ob-scale20-replica5,scale20,replica5,adservice=5;cartservice=5;checkoutservice=5;currencyservice=5;emailservice=5;frontend=5;paymentservice=5;productcatalogservice=5;recommendationservice=5;redis-cart=1;shippingservice=5,sinusoidal,stageC,cga,CGA,64,64.000,replay,mixed,1.058637,0.001582,8,1.785133,0.000000,0.382682,0.228399,,,0.000000,0.008906,0.008906,8,8,0,84.651670,84.651670,84.651670,84.651670,120.000000,0.000000,135.052365,0.626806,0.000000,20,,,,,,,,,
online-boutique,online-boutique-longmix-stageC-scale20-replica5-sinusoidal-steps500-20260612T140721Z,idyn-ob-scale20-replica5,scale20,replica5,adservice=5;cartservice=5;checkoutservice=5;currencyservice=5;emailservice=5;frontend=5;paymentservice=5;productcatalogservice=5;recommendationservice=5;redis-cart=1;shippingservice=5,sinusoidal,stageC,hda,HDA,64,64.000,replay,mixed,1.058637,0.001582,8,1.785133,0.000000,0.382682,0.228399,,,0.000000,0.008906,0.008906,8,8,0,77.166375,77.166375,77.166375,77.166375,120.000000,0.000000,135.052365,0.571381,0.000000,20,,,,,,,,,
online-boutique,online-boutique-longmix-stageC-scale20-replica5-sinusoidal-steps500-20260612T140721Z,idyn-ob-scale20-replica5,scale20,replica5,adservice=5;cartservice=5;checkoutservice=5;currencyservice=5;emailservice=5;frontend=5;paymentservice=5;productcatalogservice=5;recommendationservice=5;redis-cart=1;shippingservice=5,sinusoidal,stageC,kubernetes-default,K8s default,65,65.000,replay,mixed,1.011109,0.046298,8,1.791032,0.000000,0.381995,0.229767,,,0.000000,0.008616,0.008616,8,8,0,84.799716,84.799716,84.799716,84.799716,120.000000,0.000000,135.052185,0.627903,0.000000,20,,,,,,,,,
online-boutique,online-boutique-longmix-stageC-scale20-replica5-sinusoidal-steps500-20260612T140721Z,idyn-ob-scale20-replica5,scale20,replica5,adservice=5;cartservice=5;checkoutservice=5;currencyservice=5;emailservice=5;frontend=5;paymentservice=5;productcatalogservice=5;recommendationservice=5;redis-cart=1;shippingservice=5,sinusoidal,stageC,cga,CGA,65,65.000,replay,mixed,1.011109,0.046298,8,1.791032,0.000000,0.381995,0.229767,,,0.000000,0.008616,0.008616,8,8,0,78.889199,78.889199,78.889199,78.889199,120.000000,0.000000,135.052185,0.584139,0.000000,20,,,,,,,,,
online-boutique,online-boutique-longmix-stageC-scale20-replica5-sinusoidal-steps500-20260612T140721Z,idyn-ob-scale20-replica5,scale20,replica5,adservice=5;cartservice=5;checkoutservice=5;currencyservice=5;emailservice=5;frontend=5;paymentservice=5;productcatalogservice=5;recommendationservice=5;redis-cart=1;shippingservice=5,sinusoidal,stageC,hda,HDA,65,65.000,replay,mixed,1.011109,0.046298,8,1.791032,0.000000,0.381995,0.229767,,,0.000000,0.008616,0.008616,8,8,0,81.547399,81.547399,81.547399,81.547399,120.000000,0.000000,135.052185,0.603821,0.000000,20,,,,,,,,,
online-boutique,online-boutique-longmix-stageC-scale20-replica5-sinusoidal-steps500-20260612T140721Z,idyn-ob-scale20-replica5,scale20,replica5,adservice=5;cartservice=5;checkoutservice=5;currencyservice=5;emailservice=5;frontend=5;paymentservice=5;productcatalogservice=5;recommendationservice=5;redis-cart=1;shippingservice=5,sinusoidal,stageC,kubernetes-default,K8s default,66,66.000,replay,mixed,1.039159,0.025551,8,1.797000,0.000000,0.381281,0.231202,,,0.000000,0.008627,0.008627,8,8,0,86.978184,86.978184,86.978184,86.978184,120.000000,0.000000,135.052530,0.644032,0.000000,20,,,,,,,,,
online-boutique,online-boutique-longmix-stageC-scale20-replica5-sinusoidal-steps500-20260612T140721Z,idyn-ob-scale20-replica5,scale20,replica5,adservice=5;cartservice=5;checkoutservice=5;currencyservice=5;emailservice=5;frontend=5;paymentservice=5;productcatalogservice=5;recommendationservice=5;redis-cart=1;shippingservice=5,sinusoidal,stageC,cga,CGA,66,66.000,replay,mixed,1.039159,0.025551,8,1.797000,0.000000,0.381281,0.231202,,,0.000000,0.008627,0.008627,8,8,0,83.137862,83.137862,83.137862,83.137862,120.000000,0.000000,135.052530,0.615596,0.000000,20,,,,,,,,,
online-boutique,online-boutique-longmix-stageC-scale20-replica5-sinusoidal-steps500-20260612T140721Z,idyn-ob-scale20-replica5,scale20,replica5,adservice=5;cartservice=5;checkoutservice=5;currencyservice=5;emailservice=5;frontend=5;paymentservice=5;productcatalogservice=5;recommendationservice=5;redis-cart=1;shippingservice=5,sinusoidal,stageC,hda,HDA,66,66.000,replay,mixed,1.039159,0.025551,8,1.797000,0.000000,0.381281,0.231202,,,0.000000,0.008627,0.008627,8,8,0,80.171179,80.171179,80.171179,80.171179,120.000000,0.000000,135.052530,0.593630,0.000000,20,,,,,,,,,
online-boutique,online-boutique-longmix-stageC-scale20-replica5-sinusoidal-steps500-20260612T140721Z,idyn-ob-scale20-replica5,scale20,replica5,adservice=5;cartservice=5;checkoutservice=5;currencyservice=5;emailservice=5;frontend=5;paymentservice=5;productcatalogservice=5;recommendationservice=5;redis-cart=1;shippingservice=5,sinusoidal,stageC,kubernetes-default,K8s default,67,67.000,replay,mixed,1.076870,0.033577,8,1.803036,0.000000,0.380539,0.232706,,,0.000000,0.012022,0.012022,8,8,0,89.706156,89.706156,89.706156,89.706156,120.000000,0.000000,135.053408,0.664227,0.000000,20,,,,,,,,,
online-boutique,online-boutique-longmix-stageC-scale20-replica5-sinusoidal-steps500-20260612T140721Z,idyn-ob-scale20-replica5,scale20,replica5,adservice=5;cartservice=5;checkoutservice=5;currencyservice=5;emailservice=5;frontend=5;paymentservice=5;productcatalogservice=5;recommendationservice=5;redis-cart=1;shippingservice=5,sinusoidal,stageC,cga,CGA,67,67.000,replay,mixed,1.076870,0.033577,8,1.803036,0.000000,0.380539,0.232706,,,0.000000,0.012022,0.012022,8,8,0,81.924189,81.924189,81.924189,81.924189,120.000000,0.000000,135.053408,0.606606,0.000000,20,,,,,,,,,
online-boutique,online-boutique-longmix-stageC-scale20-replica5-sinusoidal-steps500-20260612T140721Z,idyn-ob-scale20-replica5,scale20,replica5,adservice=5;cartservice=5;checkoutservice=5;currencyservice=5;emailservice=5;frontend=5;paymentservice=5;productcatalogservice=5;recommendationservice=5;redis-cart=1;shippingservice=5,sinusoidal,stageC,hda,HDA,67,67.000,replay,mixed,1.076870,0.033577,8,1.803036,0.000000,0.380539,0.232706,,,0.000000,0.012022,0.012022,8,8,0,81.224133,81.224133,81.224133,81.224133,120.000000,0.000000,135.053408,0.601422,0.000000,20,,,,,,,,,
online-boutique,online-boutique-longmix-stageC-scale20-replica5-sinusoidal-steps500-20260612T140721Z,idyn-ob-scale20-replica5,scale20,replica5,adservice=5;cartservice=5;checkoutservice=5;currencyservice=5;emailservice=5;frontend=5;paymentservice=5;productcatalogservice=5;recommendationservice=5;redis-cart=1;shippingservice=5,sinusoidal,stageC,kubernetes-default,K8s default,68,68.000,replay,mixed,1.043089,0.032825,8,1.809138,0.000000,0.379768,0.234279,,,0.000000,0.012463,0.012463,8,8,0,87.441336,87.441336,87.441336,87.441336,120.000000,0.000000,135.054824,0.647451,0.000000,20,,,,,,,,,
online-boutique,online-boutique-longmix-stageC-scale20-replica5-sinusoidal-steps500-20260612T140721Z,idyn-ob-scale20-replica5,scale20,replica5,adservice=5;cartservice=5;checkoutservice=5;currencyservice=5;emailservice=5;frontend=5;paymentservice=5;productcatalogservice=5;recommendationservice=5;redis-cart=1;shippingservice=5,sinusoidal,stageC,cga,CGA,68,68.000,replay,mixed,1.043089,0.032825,8,1.809138,0.000000,0.379768,0.234279,,,0.000000,0.012463,0.012463,8,8,0,76.950081,76.950081,76.950081,76.950081,120.000000,0.000000,135.054824,0.569769,0.000000,20,,,,,,,,,
online-boutique,online-boutique-longmix-stageC-scale20-replica5-sinusoidal-steps500-20260612T140721Z,idyn-ob-scale20-replica5,scale20,replica5,adservice=5;cartservice=5;checkoutservice=5;currencyservice=5;emailservice=5;frontend=5;paymentservice=5;productcatalogservice=5;recommendationservice=5;redis-cart=1;shippingservice=5,sinusoidal,stageC,hda,HDA,68,68.000,replay,mixed,1.043089,0.032825,8,1.809138,0.000000,0.379768,0.234279,,,0.000000,0.012463,0.012463,8,8,0,76.130615,76.130615,76.130615,76.130615,120.000000,0.000000,135.054824,0.563702,0.000000,20,,,,,,,,,
online-boutique,online-boutique-longmix-stageC-scale20-replica5-sinusoidal-steps500-20260612T140721Z,idyn-ob-scale20-replica5,scale20,replica5,adservice=5;cartservice=5;checkoutservice=5;currencyservice=5;emailservice=5;frontend=5;paymentservice=5;productcatalogservice=5;recommendationservice=5;redis-cart=1;shippingservice=5,sinusoidal,stageC,kubernetes-default,K8s default,69,69.000,replay,mixed,1.070323,0.023966,8,1.815307,0.000000,0.378968,0.235925,,,0.000000,0.008406,0.008406,8,8,0,88.996741,88.996741,88.996741,88.996741,120.000000,0.000000,135.056787,0.658958,0.000000,20,,,,,,,,,
online-boutique,online-boutique-longmix-stageC-scale20-replica5-sinusoidal-steps500-20260612T140721Z,idyn-ob-scale20-replica5,scale20,replica5,adservice=5;cartservice=5;checkoutservice=5;currencyservice=5;emailservice=5;frontend=5;paymentservice=5;productcatalogservice=5;recommendationservice=5;redis-cart=1;shippingservice=5,sinusoidal,stageC,cga,CGA,69,69.000,replay,mixed,1.070323,0.023966,8,1.815307,0.000000,0.378968,0.235925,,,0.000000,0.008406,0.008406,8,8,0,82.269900,82.269900,82.269900,82.269900,120.000000,0.000000,135.056787,0.609150,0.000000,20,,,,,,,,,
online-boutique,online-boutique-longmix-stageC-scale20-replica5-sinusoidal-steps500-20260612T140721Z,idyn-ob-scale20-replica5,scale20,replica5,adservice=5;cartservice=5;checkoutservice=5;currencyservice=5;emailservice=5;frontend=5;paymentservice=5;productcatalogservice=5;recommendationservice=5;redis-cart=1;shippingservice=5,sinusoidal,stageC,hda,HDA,69,69.000,replay,mixed,1.070323,0.023966,8,1.815307,0.000000,0.378968,0.235925,,,0.000000,0.008406,0.008406,8,8,0,83.737425,83.737425,83.737425,83.737425,120.000000,0.000000,135.056787,0.620016,0.000000,20,,,,,,,,,
online-boutique,online-boutique-longmix-stageC-scale20-replica5-sinusoidal-steps500-20260612T140721Z,idyn-ob-scale20-replica5,scale20,replica5,adservice=5;cartservice=5;checkoutservice=5;currencyservice=5;emailservice=5;frontend=5;paymentservice=5;productcatalogservice=5;recommendationservice=5;redis-cart=1;shippingservice=5,sinusoidal,stageC,kubernetes-default,K8s default,70,70.000,replay,mixed,1.083135,0.010319,8,1.821541,0.000000,0.378139,0.237645,,,0.000000,0.008406,0.008406,8,8,0,94.069891,94.069891,94.069891,94.069891,120.000000,0.000000,135.059302,0.696508,0.000000,20,,,,,,,,,
online-boutique,online-boutique-longmix-stageC-scale20-replica5-sinusoidal-steps500-20260612T140721Z,idyn-ob-scale20-replica5,scale20,replica5,adservice=5;cartservice=5;checkoutservice=5;currencyservice=5;emailservice=5;frontend=5;paymentservice=5;productcatalogservice=5;recommendationservice=5;redis-cart=1;shippingservice=5,sinusoidal,stageC,cga,CGA,70,70.000,replay,mixed,1.083135,0.010319,8,1.821541,0.000000,0.378139,0.237645,,,0.000000,0.008406,0.008406,8,8,0,85.429148,85.429148,85.429148,85.429148,120.000000,0.000000,135.059302,0.632531,0.000000,20,,,,,,,,,
online-boutique,online-boutique-longmix-stageC-scale20-replica5-sinusoidal-steps500-20260612T140721Z,idyn-ob-scale20-replica5,scale20,replica5,adservice=5;cartservice=5;checkoutservice=5;currencyservice=5;emailservice=5;frontend=5;paymentservice=5;productcatalogservice=5;recommendationservice=5;redis-cart=1;shippingservice=5,sinusoidal,stageC,hda,HDA,70,70.000,replay,mixed,1.083135,0.010319,8,1.821541,0.000000,0.378139,0.237645,,,0.000000,0.008406,0.008406,8,8,0,79.159525,79.159525,79.159525,79.159525,120.000000,0.000000,135.059302,0.586109,0.000000,20,,,,,,,,,
online-boutique,online-boutique-longmix-stageC-scale20-replica5-sinusoidal-steps500-20260612T140721Z,idyn-ob-scale20-replica5,scale20,replica5,adservice=5;cartservice=5;checkoutservice=5;currencyservice=5;emailservice=5;frontend=5;paymentservice=5;productcatalogservice=5;recommendationservice=5;redis-cart=1;shippingservice=5,sinusoidal,stageC,kubernetes-default,K8s default,71,71.000,replay,mixed,1.036019,0.044970,8,1.827838,0.000000,0.377281,0.239441,,,0.000000,0.011763,0.011763,8,8,0,91.593102,91.593102,91.593102,91.593102,120.000000,0.000000,135.062377,0.678154,0.000000,20,,,,,,,,,
online-boutique,online-boutique-longmix-stageC-scale20-replica5-sinusoidal-steps500-20260612T140721Z,idyn-ob-scale20-replica5,scale20,replica5,adservice=5;cartservice=5;checkoutservice=5;currencyservice=5;emailservice=5;frontend=5;paymentservice=5;productcatalogservice=5;recommendationservice=5;redis-cart=1;shippingservice=5,sinusoidal,stageC,cga,CGA,71,71.000,replay,mixed,1.036019,0.044970,8,1.827838,0.000000,0.377281,0.239441,,,0.000000,0.011763,0.011763,8,8,0,84.771382,84.771382,84.771382,84.771382,120.000000,0.000000,135.062377,0.627646,0.000000,20,,,,,,,,,
online-boutique,online-boutique-longmix-stageC-scale20-replica5-sinusoidal-steps500-20260612T140721Z,idyn-ob-scale20-replica5,scale20,replica5,adservice=5;cartservice=5;checkoutservice=5;currencyservice=5;emailservice=5;frontend=5;paymentservice=5;productcatalogservice=5;recommendationservice=5;redis-cart=1;shippingservice=5,sinusoidal,stageC,hda,HDA,71,71.000,replay,mixed,1.036019,0.044970,8,1.827838,0.000000,0.377281,0.239441,,,0.000000,0.011763,0.011763,8,8,0,80.565149,80.565149,80.565149,80.565149,120.000000,0.000000,135.062377,0.596503,0.000000,20,,,,,,,,,
online-boutique,online-boutique-longmix-stageC-scale20-replica5-sinusoidal-steps500-20260612T140721Z,idyn-ob-scale20-replica5,scale20,replica5,adservice=5;cartservice=5;checkoutservice=5;currencyservice=5;emailservice=5;frontend=5;paymentservice=5;productcatalogservice=5;recommendationservice=5;redis-cart=1;shippingservice=5,sinusoidal,stageC,kubernetes-default,K8s default,72,72.000,replay,mixed,1.004152,0.032261,8,1.834198,0.000000,0.376392,0.241315,,,0.000000,0.008357,0.008357,8,8,0,89.011284,89.011284,89.011284,89.011284,120.000000,0.000000,135.066018,0.659021,0.000000,20,,,,,,,,,
online-boutique,online-boutique-longmix-stageC-scale20-replica5-sinusoidal-steps500-20260612T140721Z,idyn-ob-scale20-replica5,scale20,replica5,adservice=5;cartservice=5;checkoutservice=5;currencyservice=5;emailservice=5;frontend=5;paymentservice=5;productcatalogservice=5;recommendationservice=5;redis-cart=1;shippingservice=5,sinusoidal,stageC,cga,CGA,72,72.000,replay,mixed,1.004152,0.032261,8,1.834198,0.000000,0.376392,0.241315,,,0.000000,0.008357,0.008357,8,8,0,80.275995,80.275995,80.275995,80.275995,120.000000,0.000000,135.066018,0.594346,0.000000,20,,,,,,,,,
online-boutique,online-boutique-longmix-stageC-scale20-replica5-sinusoidal-steps500-20260612T140721Z,idyn-ob-scale20-replica5,scale20,replica5,adservice=5;cartservice=5;checkoutservice=5;currencyservice=5;emailservice=5;frontend=5;paymentservice=5;productcatalogservice=5;recommendationservice=5;redis-cart=1;shippingservice=5,sinusoidal,stageC,hda,HDA,72,72.000,replay,mixed,1.004152,0.032261,8,1.834198,0.000000,0.376392,0.241315,,,0.000000,0.008357,0.008357,8,8,0,79.447944,79.447944,79.447944,79.447944,120.000000,0.000000,135.066018,0.588216,0.000000,20,,,,,,,,,
online-boutique,online-boutique-longmix-stageC-scale20-replica5-sinusoidal-steps500-20260612T140721Z,idyn-ob-scale20-replica5,scale20,replica5,adservice=5;cartservice=5;checkoutservice=5;currencyservice=5;emailservice=5;frontend=5;paymentservice=5;productcatalogservice=5;recommendationservice=5;redis-cart=1;shippingservice=5,sinusoidal,stageC,kubernetes-default,K8s default,73,73.000,replay,mixed,0.991472,0.014231,8,1.840620,0.000000,0.375474,0.243268,,,0.000000,0.007965,0.007965,8,8,0,79.658779,79.658779,79.658779,79.658779,120.000000,0.000000,135.070233,0.589758,0.000000,20,,,,,,,,,
online-boutique,online-boutique-longmix-stageC-scale20-replica5-sinusoidal-steps500-20260612T140721Z,idyn-ob-scale20-replica5,scale20,replica5,adservice=5;cartservice=5;checkoutservice=5;currencyservice=5;emailservice=5;frontend=5;paymentservice=5;productcatalogservice=5;recommendationservice=5;redis-cart=1;shippingservice=5,sinusoidal,stageC,cga,CGA,73,73.000,replay,mixed,0.991472,0.014231,8,1.840620,0.000000,0.375474,0.243268,,,0.000000,0.007965,0.007965,8,8,0,78.490749,78.490749,78.490749,78.490749,120.000000,0.000000,135.070233,0.581111,0.000000,20,,,,,,,,,
online-boutique,online-boutique-longmix-stageC-scale20-replica5-sinusoidal-steps500-20260612T140721Z,idyn-ob-scale20-replica5,scale20,replica5,adservice=5;cartservice=5;checkoutservice=5;currencyservice=5;emailservice=5;frontend=5;paymentservice=5;productcatalogservice=5;recommendationservice=5;redis-cart=1;shippingservice=5,sinusoidal,stageC,hda,HDA,73,73.000,replay,mixed,0.991472,0.014231,8,1.840620,0.000000,0.375474,0.243268,,,0.000000,0.007965,0.007965,8,8,0,78.993771,78.993771,78.993771,78.993771,120.000000,0.000000,135.070233,0.584835,0.000000,20,,,,,,,,,
online-boutique,online-boutique-longmix-stageC-scale20-replica5-sinusoidal-steps500-20260612T140721Z,idyn-ob-scale20-replica5,scale20,replica5,adservice=5;cartservice=5;checkoutservice=5;currencyservice=5;emailservice=5;frontend=5;paymentservice=5;productcatalogservice=5;recommendationservice=5;redis-cart=1;shippingservice=5,sinusoidal,stageC,kubernetes-default,K8s default,74,74.000,replay,mixed,1.050602,0.054796,8,1.847102,0.000000,0.374524,0.245303,,,0.000000,0.011621,0.011621,8,8,0,88.430789,88.430789,88.430789,88.430789,120.000000,0.000000,135.075028,0.654679,0.000000,20,,,,,,,,,
online-boutique,online-boutique-longmix-stageC-scale20-replica5-sinusoidal-steps500-20260612T140721Z,idyn-ob-scale20-replica5,scale20,replica5,adservice=5;cartservice=5;checkoutservice=5;currencyservice=5;emailservice=5;frontend=5;paymentservice=5;productcatalogservice=5;recommendationservice=5;redis-cart=1;shippingservice=5,sinusoidal,stageC,cga,CGA,74,74.000,replay,mixed,1.050602,0.054796,8,1.847102,0.000000,0.374524,0.245303,,,0.000000,0.011621,0.011621,8,8,0,81.643774,81.643774,81.643774,81.643774,120.000000,0.000000,135.075028,0.604433,0.000000,20,,,,,,,,,
online-boutique,online-boutique-longmix-stageC-scale20-replica5-sinusoidal-steps500-20260612T140721Z,idyn-ob-scale20-replica5,scale20,replica5,adservice=5;cartservice=5;checkoutservice=5;currencyservice=5;emailservice=5;frontend=5;paymentservice=5;productcatalogservice=5;recommendationservice=5;redis-cart=1;shippingservice=5,sinusoidal,stageC,hda,HDA,74,74.000,replay,mixed,1.050602,0.054796,8,1.847102,0.000000,0.374524,0.245303,,,0.000000,0.011621,0.011621,8,8,0,76.625020,76.625020,76.625020,76.625020,120.000000,0.000000,135.075028,0.567277,0.000000,20,,,,,,,,,
online-boutique,online-boutique-longmix-stageC-scale20-replica5-sinusoidal-steps500-20260612T140721Z,idyn-ob-scale20-replica5,scale20,replica5,adservice=5;cartservice=5;checkoutservice=5;currencyservice=5;emailservice=5;frontend=5;paymentservice=5;productcatalogservice=5;recommendationservice=5;redis-cart=1;shippingservice=5,sinusoidal,stageC,kubernetes-default,K8s default,75,75.000,replay,mixed,1.085410,0.045963,9,1.853643,0.000000,0.421953,0.397926,,,0.000000,0.012364,0.012364,8,9,0,91.817394,91.817394,91.817394,91.817394,120.000000,0.000000,135.080411,0.679724,0.000000,20,,,,,,,,,
online-boutique,online-boutique-longmix-stageC-scale20-replica5-sinusoidal-steps500-20260612T140721Z,idyn-ob-scale20-replica5,scale20,replica5,adservice=5;cartservice=5;checkoutservice=5;currencyservice=5;emailservice=5;frontend=5;paymentservice=5;productcatalogservice=5;recommendationservice=5;redis-cart=1;shippingservice=5,sinusoidal,stageC,cga,CGA,75,75.000,replay,mixed,1.085410,0.045963,9,1.853643,0.000000,0.421953,0.397926,,,0.000000,0.012364,0.012364,8,9,0,86.584119,86.584119,86.584119,86.584119,120.000000,0.000000,135.080411,0.640982,0.000000,20,,,,,,,,,
online-boutique,online-boutique-longmix-stageC-scale20-replica5-sinusoidal-steps500-20260612T140721Z,idyn-ob-scale20-replica5,scale20,replica5,adservice=5;cartservice=5;checkoutservice=5;currencyservice=5;emailservice=5;frontend=5;paymentservice=5;productcatalogservice=5;recommendationservice=5;redis-cart=1;shippingservice=5,sinusoidal,stageC,hda,HDA,75,75.000,replay,mixed,1.085410,0.045963,9,1.853643,0.000000,0.421953,0.397926,,,0.000000,0.012364,0.012364,8,9,0,82.640408,82.640408,82.640408,82.640408,120.000000,0.000000,135.080411,0.611787,0.000000,20,,,,,,,,,
online-boutique,online-boutique-longmix-stageC-scale20-replica5-sinusoidal-steps500-20260612T140721Z,idyn-ob-scale20-replica5,scale20,replica5,adservice=5;cartservice=5;checkoutservice=5;currencyservice=5;emailservice=5;frontend=5;paymentservice=5;productcatalogservice=5;recommendationservice=5;redis-cart=1;shippingservice=5,sinusoidal,stageC,kubernetes-default,K8s default,76,76.000,replay,mixed,1.050383,0.033569,9,1.860242,0.000000,0.420736,0.399581,,,0.000000,0.008376,0.008376,8,9,0,88.042466,88.042466,88.042466,88.042466,120.000000,0.000000,135.086388,0.651749,0.000000,20,,,,,,,,,
online-boutique,online-boutique-longmix-stageC-scale20-replica5-sinusoidal-steps500-20260612T140721Z,idyn-ob-scale20-replica5,scale20,replica5,adservice=5;cartservice=5;checkoutservice=5;currencyservice=5;emailservice=5;frontend=5;paymentservice=5;productcatalogservice=5;recommendationservice=5;redis-cart=1;shippingservice=5,sinusoidal,stageC,cga,CGA,76,76.000,replay,mixed,1.050383,0.033569,9,1.860242,0.000000,0.420736,0.399581,,,0.000000,0.008376,0.008376,8,9,0,84.002143,84.002143,84.002143,84.002143,120.000000,0.000000,135.086388,0.621840,0.000000,20,,,,,,,,,
online-boutique,online-boutique-longmix-stageC-scale20-replica5-sinusoidal-steps500-20260612T140721Z,idyn-ob-scale20-replica5,scale20,replica5,adservice=5;cartservice=5;checkoutservice=5;currencyservice=5;emailservice=5;frontend=5;paymentservice=5;productcatalogservice=5;recommendationservice=5;redis-cart=1;shippingservice=5,sinusoidal,stageC,hda,HDA,76,76.000,replay,mixed,1.050383,0.033569,9,1.860242,0.000000,0.420736,0.399581,,,0.000000,0.008376,0.008376,8,9,0,76.659020,76.659020,76.659020,76.659020,120.000000,0.000000,135.086388,0.567481,0.000000,20,,,,,,,,,
online-boutique,online-boutique-longmix-stageC-scale20-replica5-sinusoidal-steps500-20260612T140721Z,idyn-ob-scale20-replica5,scale20,replica5,adservice=5;cartservice=5;checkoutservice=5;currencyservice=5;emailservice=5;frontend=5;paymentservice=5;productcatalogservice=5;recommendationservice=5;redis-cart=1;shippingservice=5,sinusoidal,stageC,kubernetes-default,K8s default,77,77.000,replay,mixed,1.022781,0.027590,9,1.866897,0.000000,0.419489,0.401290,,,0.000000,0.013956,0.013956,8,9,0,85.880153,85.880153,85.880153,85.880153,120.000000,0.000000,135.092967,0.635712,0.000000,20,,,,,,,,,
online-boutique,online-boutique-longmix-stageC-scale20-replica5-sinusoidal-steps500-20260612T140721Z,idyn-ob-scale20-replica5,scale20,replica5,adservice=5;cartservice=5;checkoutservice=5;currencyservice=5;emailservice=5;frontend=5;paymentservice=5;productcatalogservice=5;recommendationservice=5;redis-cart=1;shippingservice=5,sinusoidal,stageC,cga,CGA,77,77.000,replay,mixed,1.022781,0.027590,9,1.866897,0.000000,0.419489,0.401290,,,0.000000,0.013956,0.013956,8,9,0,81.960644,81.960644,81.960644,81.960644,120.000000,0.000000,135.092967,0.606698,0.000000,20,,,,,,,,,
online-boutique,online-boutique-longmix-stageC-scale20-replica5-sinusoidal-steps500-20260612T140721Z,idyn-ob-scale20-replica5,scale20,replica5,adservice=5;cartservice=5;checkoutservice=5;currencyservice=5;emailservice=5;frontend=5;paymentservice=5;productcatalogservice=5;recommendationservice=5;redis-cart=1;shippingservice=5,sinusoidal,stageC,hda,HDA,77,77.000,replay,mixed,1.022781,0.027590,9,1.866897,0.000000,0.419489,0.401290,,,0.000000,0.013956,0.013956,8,9,0,78.852571,78.852571,78.852571,78.852571,120.000000,0.000000,135.092967,0.583691,0.000000,20,,,,,,,,,
online-boutique,online-boutique-longmix-stageC-scale20-replica5-sinusoidal-steps500-20260612T140721Z,idyn-ob-scale20-replica5,scale20,replica5,adservice=5;cartservice=5;checkoutservice=5;currencyservice=5;emailservice=5;frontend=5;paymentservice=5;productcatalogservice=5;recommendationservice=5;redis-cart=1;shippingservice=5,sinusoidal,stageC,kubernetes-default,K8s default,78,78.000,replay,mixed,0.997571,0.025971,9,1.873607,0.000000,0.418209,0.403053,,,0.000000,0.008836,0.008836,8,9,0,88.400023,88.400023,88.400023,88.400023,120.000000,0.000000,135.100155,0.654330,0.000000,20,,,,,,,,,
online-boutique,online-boutique-longmix-stageC-scale20-replica5-sinusoidal-steps500-20260612T140721Z,idyn-ob-scale20-replica5,scale20,replica5,adservice=5;cartservice=5;checkoutservice=5;currencyservice=5;emailservice=5;frontend=5;paymentservice=5;productcatalogservice=5;recommendationservice=5;redis-cart=1;shippingservice=5,sinusoidal,stageC,cga,CGA,78,78.000,replay,mixed,0.997571,0.025971,9,1.873607,0.000000,0.418209,0.403053,,,0.000000,0.008836,0.008836,8,9,0,83.868934,83.868934,83.868934,83.868934,120.000000,0.000000,135.100155,0.620791,0.000000,20,,,,,,,,,
online-boutique,online-boutique-longmix-stageC-scale20-replica5-sinusoidal-steps500-20260612T140721Z,idyn-ob-scale20-replica5,scale20,replica5,adservice=5;cartservice=5;checkoutservice=5;currencyservice=5;emailservice=5;frontend=5;paymentservice=5;productcatalogservice=5;recommendationservice=5;redis-cart=1;shippingservice=5,sinusoidal,stageC,hda,HDA,78,78.000,replay,mixed,0.997571,0.025971,9,1.873607,0.000000,0.418209,0.403053,,,0.000000,0.008836,0.008836,8,9,0,78.043335,78.043335,78.043335,78.043335,120.000000,0.000000,135.100155,0.577670,0.000000,20,,,,,,,,,
online-boutique,online-boutique-longmix-stageC-scale20-replica5-sinusoidal-steps500-20260612T140721Z,idyn-ob-scale20-replica5,scale20,replica5,adservice=5;cartservice=5;checkoutservice=5;currencyservice=5;emailservice=5;frontend=5;paymentservice=5;productcatalogservice=5;recommendationservice=5;redis-cart=1;shippingservice=5,sinusoidal,stageC,kubernetes-default,K8s default,79,79.000,replay,mixed,1.064802,0.061861,9,1.880371,0.000000,0.416898,0.404872,,,0.000000,0.013826,0.013826,8,9,0,90.498332,90.498332,90.498332,90.498332,120.000000,0.000000,135.107958,0.669822,0.000000,20,,,,,,,,,
online-boutique,online-boutique-longmix-stageC-scale20-replica5-sinusoidal-steps500-20260612T140721Z,idyn-ob-scale20-replica5,scale20,replica5,adservice=5;cartservice=5;checkoutservice=5;currencyservice=5;emailservice=5;frontend=5;paymentservice=5;productcatalogservice=5;recommendationservice=5;redis-cart=1;shippingservice=5,sinusoidal,stageC,cga,CGA,79,79.000,replay,mixed,1.064802,0.061861,9,1.880371,0.000000,0.416898,0.404872,,,0.000000,0.013826,0.013826,8,9,0,89.789091,89.789091,89.789091,89.789091,120.000000,0.000000,135.107958,0.664573,0.000000,20,,,,,,,,,
online-boutique,online-boutique-longmix-stageC-scale20-replica5-sinusoidal-steps500-20260612T140721Z,idyn-ob-scale20-replica5,scale20,replica5,adservice=5;cartservice=5;checkoutservice=5;currencyservice=5;emailservice=5;frontend=5;paymentservice=5;productcatalogservice=5;recommendationservice=5;redis-cart=1;shippingservice=5,sinusoidal,stageC,hda,HDA,79,79.000,replay,mixed,1.064802,0.061861,9,1.880371,0.000000,0.416898,0.404872,,,0.000000,0.013826,0.013826,8,9,0,80.765422,80.765422,80.765422,80.765422,120.000000,0.000000,135.107958,0.597784,0.000000,20,,,,,,,,,
online-boutique,online-boutique-longmix-stageC-scale20-replica5-sinusoidal-steps500-20260612T140721Z,idyn-ob-scale20-replica5,scale20,replica5,adservice=5;cartservice=5;checkoutservice=5;currencyservice=5;emailservice=5;frontend=5;paymentservice=5;productcatalogservice=5;recommendationservice=5;redis-cart=1;shippingservice=5,sinusoidal,stageC,kubernetes-default,K8s default,80,80.000,replay,mixed,0.996936,0.065020,9,1.887187,0.000000,0.415554,0.406747,,,0.000000,0.012353,0.012353,8,9,0,86.949749,86.949749,86.949749,86.949749,120.000000,0.000000,135.116384,0.643517,0.000000,20,,,,,,,,,
online-boutique,online-boutique-longmix-stageC-scale20-replica5-sinusoidal-steps500-20260612T140721Z,idyn-ob-scale20-replica5,scale20,replica5,adservice=5;cartservice=5;checkoutservice=5;currencyservice=5;emailservice=5;frontend=5;paymentservice=5;productcatalogservice=5;recommendationservice=5;redis-cart=1;shippingservice=5,sinusoidal,stageC,cga,CGA,80,80.000,replay,mixed,0.996936,0.065020,9,1.887187,0.000000,0.415554,0.406747,,,0.000000,0.012353,0.012353,8,9,0,80.178369,80.178369,80.178369,80.178369,120.000000,0.000000,135.116384,0.593402,0.000000,20,,,,,,,,,
online-boutique,online-boutique-longmix-stageC-scale20-replica5-sinusoidal-steps500-20260612T140721Z,idyn-ob-scale20-replica5,scale20,replica5,adservice=5;cartservice=5;checkoutservice=5;currencyservice=5;emailservice=5;frontend=5;paymentservice=5;productcatalogservice=5;recommendationservice=5;redis-cart=1;shippingservice=5,sinusoidal,stageC,hda,HDA,80,80.000,replay,mixed,0.996936,0.065020,9,1.887187,0.000000,0.415554,0.406747,,,0.000000,0.012353,0.012353,8,9,0,79.797092,79.797092,79.797092,79.797092,120.000000,0.000000,135.116384,0.590580,0.000000,20,,,,,,,,,
online-boutique,online-boutique-longmix-stageC-scale20-replica5-sinusoidal-steps500-20260612T140721Z,idyn-ob-scale20-replica5,scale20,replica5,adservice=5;cartservice=5;checkoutservice=5;currencyservice=5;emailservice=5;frontend=5;paymentservice=5;productcatalogservice=5;recommendationservice=5;redis-cart=1;shippingservice=5,sinusoidal,stageC,kubernetes-default,K8s default,81,81.000,replay,mixed,1.050490,0.049671,9,1.894053,0.000000,0.414178,0.408680,,,0.000000,0.008435,0.008435,8,9,0,95.302013,95.302013,95.302013,95.302013,120.000000,0.000000,135.125439,0.705285,0.000000,20,,,,,,,,,
online-boutique,online-boutique-longmix-stageC-scale20-replica5-sinusoidal-steps500-20260612T140721Z,idyn-ob-scale20-replica5,scale20,replica5,adservice=5;cartservice=5;checkoutservice=5;currencyservice=5;emailservice=5;frontend=5;paymentservice=5;productcatalogservice=5;recommendationservice=5;redis-cart=1;shippingservice=5,sinusoidal,stageC,cga,CGA,81,81.000,replay,mixed,1.050490,0.049671,9,1.894053,0.000000,0.414178,0.408680,,,0.000000,0.008435,0.008435,8,9,0,80.576651,80.576651,80.576651,80.576651,120.000000,0.000000,135.125439,0.596310,0.000000,20,,,,,,,,,
online-boutique,online-boutique-longmix-stageC-scale20-replica5-sinusoidal-steps500-20260612T140721Z,idyn-ob-scale20-replica5,scale20,replica5,adservice=5;cartservice=5;checkoutservice=5;currencyservice=5;emailservice=5;frontend=5;paymentservice=5;productcatalogservice=5;recommendationservice=5;redis-cart=1;shippingservice=5,sinusoidal,stageC,hda,HDA,81,81.000,replay,mixed,1.050490,0.049671,9,1.894053,0.000000,0.414178,0.408680,,,0.000000,0.008435,0.008435,8,9,0,78.069165,78.069165,78.069165,78.069165,120.000000,0.000000,135.125439,0.577753,0.000000,20,,,,,,,,,
online-boutique,online-boutique-longmix-stageC-scale20-replica5-sinusoidal-steps500-20260612T140721Z,idyn-ob-scale20-replica5,scale20,replica5,adservice=5;cartservice=5;checkoutservice=5;currencyservice=5;emailservice=5;frontend=5;paymentservice=5;productcatalogservice=5;recommendationservice=5;redis-cart=1;shippingservice=5,sinusoidal,stageC,kubernetes-default,K8s default,82,82.000,replay,mixed,1.062270,0.009718,9,1.900969,0.000000,0.412769,0.410671,,,0.000000,0.012213,0.012213,8,9,0,90.324111,90.324111,90.324111,90.324111,120.000000,0.000000,135.135131,0.668398,0.000000,20,,,,,,,,,
online-boutique,online-boutique-longmix-stageC-scale20-replica5-sinusoidal-steps500-20260612T140721Z,idyn-ob-scale20-replica5,scale20,replica5,adservice=5;cartservice=5;checkoutservice=5;currencyservice=5;emailservice=5;frontend=5;paymentservice=5;productcatalogservice=5;recommendationservice=5;redis-cart=1;shippingservice=5,sinusoidal,stageC,cga,CGA,82,82.000,replay,mixed,1.062270,0.009718,9,1.900969,0.000000,0.412769,0.410671,,,0.000000,0.012213,0.012213,8,9,0,82.168064,82.168064,82.168064,82.168064,120.000000,0.000000,135.135131,0.608044,0.000000,20,,,,,,,,,
online-boutique,online-boutique-longmix-stageC-scale20-replica5-sinusoidal-steps500-20260612T140721Z,idyn-ob-scale20-replica5,scale20,replica5,adservice=5;cartservice=5;checkoutservice=5;currencyservice=5;emailservice=5;frontend=5;paymentservice=5;productcatalogservice=5;recommendationservice=5;redis-cart=1;shippingservice=5,sinusoidal,stageC,hda,HDA,82,82.000,replay,mixed,1.062270,0.009718,9,1.900969,0.000000,0.412769,0.410671,,,0.000000,0.012213,0.012213,8,9,0,75.931162,75.931162,75.931162,75.931162,120.000000,0.000000,135.135131,0.561891,0.000000,20,,,,,,,,,
online-boutique,online-boutique-longmix-stageC-scale20-replica5-sinusoidal-steps500-20260612T140721Z,idyn-ob-scale20-replica5,scale20,replica5,adservice=5;cartservice=5;checkoutservice=5;currencyservice=5;emailservice=5;frontend=5;paymentservice=5;productcatalogservice=5;recommendationservice=5;redis-cart=1;shippingservice=5,sinusoidal,stageC,kubernetes-default,K8s default,83,83.000,replay,mixed,1.044497,0.018100,9,1.907933,0.000000,0.411327,0.412721,,,0.000000,0.008736,0.008736,8,9,0,83.022222,83.022222,83.022222,83.022222,120.000000,0.000000,135.145466,0.614317,0.000000,20,,,,,,,,,
online-boutique,online-boutique-longmix-stageC-scale20-replica5-sinusoidal-steps500-20260612T140721Z,idyn-ob-scale20-replica5,scale20,replica5,adservice=5;cartservice=5;checkoutservice=5;currencyservice=5;emailservice=5;frontend=5;paymentservice=5;productcatalogservice=5;recommendationservice=5;redis-cart=1;shippingservice=5,sinusoidal,stageC,cga,CGA,83,83.000,replay,mixed,1.044497,0.018100,9,1.907933,0.000000,0.411327,0.412721,,,0.000000,0.008736,0.008736,8,9,0,81.635333,81.635333,81.635333,81.635333,120.000000,0.000000,135.145466,0.604055,0.000000,20,,,,,,,,,
online-boutique,online-boutique-longmix-stageC-scale20-replica5-sinusoidal-steps500-20260612T140721Z,idyn-ob-scale20-replica5,scale20,replica5,adservice=5;cartservice=5;checkoutservice=5;currencyservice=5;emailservice=5;frontend=5;paymentservice=5;productcatalogservice=5;recommendationservice=5;redis-cart=1;shippingservice=5,sinusoidal,stageC,hda,HDA,83,83.000,replay,mixed,1.044497,0.018100,9,1.907933,0.000000,0.411327,0.412721,,,0.000000,0.008736,0.008736,8,9,0,77.672214,77.672214,77.672214,77.672214,120.000000,0.000000,135.145466,0.574730,0.000000,20,,,,,,,,,
online-boutique,online-boutique-longmix-stageC-scale20-replica5-sinusoidal-steps500-20260612T140721Z,idyn-ob-scale20-replica5,scale20,replica5,adservice=5;cartservice=5;checkoutservice=5;currencyservice=5;emailservice=5;frontend=5;paymentservice=5;productcatalogservice=5;recommendationservice=5;redis-cart=1;shippingservice=5,sinusoidal,stageC,kubernetes-default,K8s default,84,84.000,replay,mixed,1.070262,0.038075,10,1.914942,0.000000,0.447341,0.554243,,,0.000000,0.009729,0.009729,9,10,0,88.923526,88.923526,88.923526,88.923526,120.000000,0.000000,135.156452,0.657930,0.000000,20,,,,,,,,,
online-boutique,online-boutique-longmix-stageC-scale20-replica5-sinusoidal-steps500-20260612T140721Z,idyn-ob-scale20-replica5,scale20,replica5,adservice=5;cartservice=5;checkoutservice=5;currencyservice=5;emailservice=5;frontend=5;paymentservice=5;productcatalogservice=5;recommendationservice=5;redis-cart=1;shippingservice=5,sinusoidal,stageC,cga,CGA,84,84.000,replay,mixed,1.070262,0.038075,10,1.914942,0.000000,0.447341,0.554243,,,0.000000,0.009729,0.009729,9,10,0,83.234364,83.234364,83.234364,83.234364,120.000000,0.000000,135.156452,0.615837,0.000000,20,,,,,,,,,
online-boutique,online-boutique-longmix-stageC-scale20-replica5-sinusoidal-steps500-20260612T140721Z,idyn-ob-scale20-replica5,scale20,replica5,adservice=5;cartservice=5;checkoutservice=5;currencyservice=5;emailservice=5;frontend=5;paymentservice=5;productcatalogservice=5;recommendationservice=5;redis-cart=1;shippingservice=5,sinusoidal,stageC,hda,HDA,84,84.000,replay,mixed,1.070262,0.038075,10,1.914942,0.000000,0.447341,0.554243,,,0.000000,0.009729,0.009729,9,10,0,77.694387,77.694387,77.694387,77.694387,120.000000,0.000000,135.156452,0.574848,0.000000,20,,,,,,,,,
online-boutique,online-boutique-longmix-stageC-scale20-replica5-sinusoidal-steps500-20260612T140721Z,idyn-ob-scale20-replica5,scale20,replica5,adservice=5;cartservice=5;checkoutservice=5;currencyservice=5;emailservice=5;frontend=5;paymentservice=5;productcatalogservice=5;recommendationservice=5;redis-cart=1;shippingservice=5,sinusoidal,stageC,kubernetes-default,K8s default,85,85.000,replay,mixed,0.994238,0.086925,9,1.921996,0.000000,0.408343,0.417001,,,0.000000,0.010078,0.010078,8,9,0,90.157501,90.157501,90.157501,90.157501,120.000000,0.000000,135.168095,0.667003,0.000000,20,,,,,,,,,
online-boutique,online-boutique-longmix-stageC-scale20-replica5-sinusoidal-steps500-20260612T140721Z,idyn-ob-scale20-replica5,scale20,replica5,adservice=5;cartservice=5;checkoutservice=5;currencyservice=5;emailservice=5;frontend=5;paymentservice=5;productcatalogservice=5;recommendationservice=5;redis-cart=1;shippingservice=5,sinusoidal,stageC,cga,CGA,85,85.000,replay,mixed,0.994238,0.086925,9,1.921996,0.000000,0.408343,0.417001,,,0.000000,0.010078,0.010078,8,9,0,84.614316,84.614316,84.614316,84.614316,120.000000,0.000000,135.168095,0.625993,0.000000,20,,,,,,,,,
online-boutique,online-boutique-longmix-stageC-scale20-replica5-sinusoidal-steps500-20260612T140721Z,idyn-ob-scale20-replica5,scale20,replica5,adservice=5;cartservice=5;checkoutservice=5;currencyservice=5;emailservice=5;frontend=5;paymentservice=5;productcatalogservice=5;recommendationservice=5;redis-cart=1;shippingservice=5,sinusoidal,stageC,hda,HDA,85,85.000,replay,mixed,0.994238,0.086925,9,1.921996,0.000000,0.408343,0.417001,,,0.000000,0.010078,0.010078,8,9,0,82.934616,82.934616,82.934616,82.934616,120.000000,0.000000,135.168095,0.613567,0.000000,20,,,,,,,,,
online-boutique,online-boutique-longmix-stageC-scale20-replica5-sinusoidal-steps500-20260612T140721Z,idyn-ob-scale20-replica5,scale20,replica5,adservice=5;cartservice=5;checkoutservice=5;currencyservice=5;emailservice=5;frontend=5;paymentservice=5;productcatalogservice=5;recommendationservice=5;redis-cart=1;shippingservice=5,sinusoidal,stageC,kubernetes-default,K8s default,86,86.000,replay,mixed,0.996111,0.003435,9,1.929092,0.000000,0.406800,0.419233,,,0.000000,0.019127,0.019127,8,9,0,84.118150,84.118150,84.118150,84.118150,120.000000,0.000000,135.180403,0.622266,0.000000,20,,,,,,,,,
online-boutique,online-boutique-longmix-stageC-scale20-replica5-sinusoidal-steps500-20260612T140721Z,idyn-ob-scale20-replica5,scale20,replica5,adservice=5;cartservice=5;checkoutservice=5;currencyservice=5;emailservice=5;frontend=5;paymentservice=5;productcatalogservice=5;recommendationservice=5;redis-cart=1;shippingservice=5,sinusoidal,stageC,cga,CGA,86,86.000,replay,mixed,0.996111,0.003435,9,1.929092,0.000000,0.406800,0.419233,,,0.000000,0.019127,0.019127,8,9,0,80.040869,80.040869,80.040869,80.040869,120.000000,0.000000,135.180403,0.592104,0.000000,20,,,,,,,,,
online-boutique,online-boutique-longmix-stageC-scale20-replica5-sinusoidal-steps500-20260612T140721Z,idyn-ob-scale20-replica5,scale20,replica5,adservice=5;cartservice=5;checkoutservice=5;currencyservice=5;emailservice=5;frontend=5;paymentservice=5;productcatalogservice=5;recommendationservice=5;redis-cart=1;shippingservice=5,sinusoidal,stageC,hda,HDA,86,86.000,replay,mixed,0.996111,0.003435,9,1.929092,0.000000,0.406800,0.419233,,,0.000000,0.019127,0.019127,8,9,0,74.693966,74.693966,74.693966,74.693966,120.000000,0.000000,135.180403,0.552550,0.000000,20,,,,,,,,,
online-boutique,online-boutique-longmix-stageC-scale20-replica5-sinusoidal-steps500-20260612T140721Z,idyn-ob-scale20-replica5,scale20,replica5,adservice=5;cartservice=5;checkoutservice=5;currencyservice=5;emailservice=5;frontend=5;paymentservice=5;productcatalogservice=5;recommendationservice=5;redis-cart=1;shippingservice=5,sinusoidal,stageC,kubernetes-default,K8s default,87,87.000,replay,mixed,1.082150,0.093347,10,1.936229,0.000000,0.442276,0.559168,,,0.000000,0.011903,0.011903,9,10,0,93.106819,93.106819,93.106819,93.106819,120.000000,0.000000,135.193381,0.688694,0.000000,20,,,,,,,,,
online-boutique,online-boutique-longmix-stageC-scale20-replica5-sinusoidal-steps500-20260612T140721Z,idyn-ob-scale20-replica5,scale20,replica5,adservice=5;cartservice=5;checkoutservice=5;currencyservice=5;emailservice=5;frontend=5;paymentservice=5;productcatalogservice=5;recommendationservice=5;redis-cart=1;shippingservice=5,sinusoidal,stageC,cga,CGA,87,87.000,replay,mixed,1.082150,0.093347,10,1.936229,0.000000,0.442276,0.559168,,,0.000000,0.011903,0.011903,9,10,0,84.353548,84.353548,84.353548,84.353548,120.000000,0.000000,135.193381,0.623947,0.000000,20,,,,,,,,,
online-boutique,online-boutique-longmix-stageC-scale20-replica5-sinusoidal-steps500-20260612T140721Z,idyn-ob-scale20-replica5,scale20,replica5,adservice=5;cartservice=5;checkoutservice=5;currencyservice=5;emailservice=5;frontend=5;paymentservice=5;productcatalogservice=5;recommendationservice=5;redis-cart=1;shippingservice=5,sinusoidal,stageC,hda,HDA,87,87.000,replay,mixed,1.082150,0.093347,10,1.936229,0.000000,0.442276,0.559168,,,0.000000,0.011903,0.011903,9,10,0,83.102869,83.102869,83.102869,83.102869,120.000000,0.000000,135.193381,0.614696,0.000000,20,,,,,,,,,
online-boutique,online-boutique-longmix-stageC-scale20-replica5-sinusoidal-steps500-20260612T140721Z,idyn-ob-scale20-replica5,scale20,replica5,adservice=5;cartservice=5;checkoutservice=5;currencyservice=5;emailservice=5;frontend=5;paymentservice=5;productcatalogservice=5;recommendationservice=5;redis-cart=1;shippingservice=5,sinusoidal,stageC,kubernetes-default,K8s default,88,88.000,replay,mixed,1.034850,0.044836,10,1.943406,0.000000,0.440522,0.560883,,,0.000000,0.008936,0.008936,9,10,0,85.871381,85.871381,85.871381,85.871381,120.000000,0.000000,135.207037,0.635110,0.000000,20,,,,,,,,,
online-boutique,online-boutique-longmix-stageC-scale20-replica5-sinusoidal-steps500-20260612T140721Z,idyn-ob-scale20-replica5,scale20,replica5,adservice=5;cartservice=5;checkoutservice=5;currencyservice=5;emailservice=5;frontend=5;paymentservice=5;productcatalogservice=5;recommendationservice=5;redis-cart=1;shippingservice=5,sinusoidal,stageC,cga,CGA,88,88.000,replay,mixed,1.034850,0.044836,10,1.943406,0.000000,0.440522,0.560883,,,0.000000,0.008936,0.008936,9,10,0,81.687535,81.687535,81.687535,81.687535,120.000000,0.000000,135.207037,0.604166,0.000000,20,,,,,,,,,
online-boutique,online-boutique-longmix-stageC-scale20-replica5-sinusoidal-steps500-20260612T140721Z,idyn-ob-scale20-replica5,scale20,replica5,adservice=5;cartservice=5;checkoutservice=5;currencyservice=5;emailservice=5;frontend=5;paymentservice=5;productcatalogservice=5;recommendationservice=5;redis-cart=1;shippingservice=5,sinusoidal,stageC,hda,HDA,88,88.000,replay,mixed,1.034850,0.044836,10,1.943406,0.000000,0.440522,0.560883,,,0.000000,0.008936,0.008936,9,10,0,76.214686,76.214686,76.214686,76.214686,120.000000,0.000000,135.207037,0.563689,0.000000,20,,,,,,,,,
online-boutique,online-boutique-longmix-stageC-scale20-replica5-sinusoidal-steps500-20260612T140721Z,idyn-ob-scale20-replica5,scale20,replica5,adservice=5;cartservice=5;checkoutservice=5;currencyservice=5;emailservice=5;frontend=5;paymentservice=5;productcatalogservice=5;recommendationservice=5;redis-cart=1;shippingservice=5,sinusoidal,stageC,kubernetes-default,K8s default,89,89.000,replay,mixed,1.011333,0.023881,10,1.950620,0.000000,0.438735,0.562633,,,0.000000,0.014357,0.014357,9,10,0,85.516913,85.516913,85.516913,85.516913,120.000000,0.000000,135.221378,0.632422,0.000000,20,,,,,,,,,
online-boutique,online-boutique-longmix-stageC-scale20-replica5-sinusoidal-steps500-20260612T140721Z,idyn-ob-scale20-replica5,scale20,replica5,adservice=5;cartservice=5;checkoutservice=5;currencyservice=5;emailservice=5;frontend=5;paymentservice=5;productcatalogservice=5;recommendationservice=5;redis-cart=1;shippingservice=5,sinusoidal,stageC,cga,CGA,89,89.000,replay,mixed,1.011333,0.023881,10,1.950620,0.000000,0.438735,0.562633,,,0.000000,0.014357,0.014357,9,10,0,74.397359,74.397359,74.397359,74.397359,120.000000,0.000000,135.221378,0.550189,0.000000,20,,,,,,,,,
online-boutique,online-boutique-longmix-stageC-scale20-replica5-sinusoidal-steps500-20260612T140721Z,idyn-ob-scale20-replica5,scale20,replica5,adservice=5;cartservice=5;checkoutservice=5;currencyservice=5;emailservice=5;frontend=5;paymentservice=5;productcatalogservice=5;recommendationservice=5;redis-cart=1;shippingservice=5,sinusoidal,stageC,hda,HDA,89,89.000,replay,mixed,1.011333,0.023881,10,1.950620,0.000000,0.438735,0.562633,,,0.000000,0.014357,0.014357,9,10,0,76.877277,76.877277,76.877277,76.877277,120.000000,0.000000,135.221378,0.568529,0.000000,20,,,,,,,,,
online-boutique,online-boutique-longmix-stageC-scale20-replica5-sinusoidal-steps500-20260612T140721Z,idyn-ob-scale20-replica5,scale20,replica5,adservice=5;cartservice=5;checkoutservice=5;currencyservice=5;emailservice=5;frontend=5;paymentservice=5;productcatalogservice=5;recommendationservice=5;redis-cart=1;shippingservice=5,sinusoidal,stageC,kubernetes-default,K8s default,90,90.000,replay,mixed,1.057853,0.042841,10,1.957869,0.000000,0.436914,0.564419,,,0.000000,0.013096,0.013096,9,10,0,87.827312,87.827312,87.827312,87.827312,120.000000,0.000000,135.236410,0.649435,0.000000,20,,,,,,,,,
online-boutique,online-boutique-longmix-stageC-scale20-replica5-sinusoidal-steps500-20260612T140721Z,idyn-ob-scale20-replica5,scale20,replica5,adservice=5;cartservice=5;checkoutservice=5;currencyservice=5;emailservice=5;frontend=5;paymentservice=5;productcatalogservice=5;recommendationservice=5;redis-cart=1;shippingservice=5,sinusoidal,stageC,cga,CGA,90,90.000,replay,mixed,1.057853,0.042841,10,1.957869,0.000000,0.436914,0.564419,,,0.000000,0.013096,0.013096,9,10,0,82.231630,82.231630,82.231630,82.231630,120.000000,0.000000,135.236410,0.608058,0.000000,20,,,,,,,,,
online-boutique,online-boutique-longmix-stageC-scale20-replica5-sinusoidal-steps500-20260612T140721Z,idyn-ob-scale20-replica5,scale20,replica5,adservice=5;cartservice=5;checkoutservice=5;currencyservice=5;emailservice=5;frontend=5;paymentservice=5;productcatalogservice=5;recommendationservice=5;redis-cart=1;shippingservice=5,sinusoidal,stageC,hda,HDA,90,90.000,replay,mixed,1.057853,0.042841,10,1.957869,0.000000,0.436914,0.564419,,,0.000000,0.013096,0.013096,9,10,0,79.276141,79.276141,79.276141,79.276141,120.000000,0.000000,135.236410,0.586204,0.000000,20,,,,,,,,,
online-boutique,online-boutique-longmix-stageC-scale20-replica5-sinusoidal-steps500-20260612T140721Z,idyn-ob-scale20-replica5,scale20,replica5,adservice=5;cartservice=5;checkoutservice=5;currencyservice=5;emailservice=5;frontend=5;paymentservice=5;productcatalogservice=5;recommendationservice=5;redis-cart=1;shippingservice=5,sinusoidal,stageC,kubernetes-default,K8s default,91,91.000,replay,mixed,1.067487,0.007846,10,1.965152,0.000000,0.435060,0.566239,,,0.000000,0.009187,0.009187,9,10,0,87.624169,87.624169,87.624169,87.624169,120.000000,0.000000,135.252140,0.647858,0.000000,20,,,,,,,,,
online-boutique,online-boutique-longmix-stageC-scale20-replica5-sinusoidal-steps500-20260612T140721Z,idyn-ob-scale20-replica5,scale20,replica5,adservice=5;cartservice=5;checkoutservice=5;currencyservice=5;emailservice=5;frontend=5;paymentservice=5;productcatalogservice=5;recommendationservice=5;redis-cart=1;shippingservice=5,sinusoidal,stageC,cga,CGA,91,91.000,replay,mixed,1.067487,0.007846,10,1.965152,0.000000,0.435060,0.566239,,,0.000000,0.009187,0.009187,9,10,0,83.019609,83.019609,83.019609,83.019609,120.000000,0.000000,135.252140,0.613814,0.000000,20,,,,,,,,,
online-boutique,online-boutique-longmix-stageC-scale20-replica5-sinusoidal-steps500-20260612T140721Z,idyn-ob-scale20-replica5,scale20,replica5,adservice=5;cartservice=5;checkoutservice=5;currencyservice=5;emailservice=5;frontend=5;paymentservice=5;productcatalogservice=5;recommendationservice=5;redis-cart=1;shippingservice=5,sinusoidal,stageC,hda,HDA,91,91.000,replay,mixed,1.067487,0.007846,10,1.965152,0.000000,0.435060,0.566239,,,0.000000,0.009187,0.009187,9,10,0,79.940628,79.940628,79.940628,79.940628,120.000000,0.000000,135.252140,0.591049,0.000000,20,,,,,,,,,
online-boutique,online-boutique-longmix-stageC-scale20-replica5-sinusoidal-steps500-20260612T140721Z,idyn-ob-scale20-replica5,scale20,replica5,adservice=5;cartservice=5;checkoutservice=5;currencyservice=5;emailservice=5;frontend=5;paymentservice=5;productcatalogservice=5;recommendationservice=5;redis-cart=1;shippingservice=5,sinusoidal,stageC,kubernetes-default,K8s default,92,92.000,replay,mixed,1.014792,0.050496,10,1.972466,0.000000,0.433173,0.568092,,,0.000000,0.008566,0.008566,9,10,0,81.659024,81.659024,81.659024,81.659024,120.000000,0.000000,135.268573,0.603681,0.000000,20,,,,,,,,,
online-boutique,online-boutique-longmix-stageC-scale20-replica5-sinusoidal-steps500-20260612T140721Z,idyn-ob-scale20-replica5,scale20,replica5,adservice=5;cartservice=5;checkoutservice=5;currencyservice=5;emailservice=5;frontend=5;paymentservice=5;productcatalogservice=5;recommendationservice=5;redis-cart=1;shippingservice=5,sinusoidal,stageC,cga,CGA,92,92.000,replay,mixed,1.014792,0.050496,10,1.972466,0.000000,0.433173,0.568092,,,0.000000,0.008566,0.008566,9,10,0,81.723598,81.723598,81.723598,81.723598,120.000000,0.000000,135.268573,0.604158,0.000000,20,,,,,,,,,
online-boutique,online-boutique-longmix-stageC-scale20-replica5-sinusoidal-steps500-20260612T140721Z,idyn-ob-scale20-replica5,scale20,replica5,adservice=5;cartservice=5;checkoutservice=5;currencyservice=5;emailservice=5;frontend=5;paymentservice=5;productcatalogservice=5;recommendationservice=5;redis-cart=1;shippingservice=5,sinusoidal,stageC,hda,HDA,92,92.000,replay,mixed,1.014792,0.050496,10,1.972466,0.000000,0.433173,0.568092,,,0.000000,0.008566,0.008566,9,10,0,76.767987,76.767987,76.767987,76.767987,120.000000,0.000000,135.268573,0.567523,0.000000,20,,,,,,,,,
online-boutique,online-boutique-longmix-stageC-scale20-replica5-sinusoidal-steps500-20260612T140721Z,idyn-ob-scale20-replica5,scale20,replica5,adservice=5;cartservice=5;checkoutservice=5;currencyservice=5;emailservice=5;frontend=5;paymentservice=5;productcatalogservice=5;recommendationservice=5;redis-cart=1;shippingservice=5,sinusoidal,stageC,kubernetes-default,K8s default,93,93.000,replay,mixed,1.001090,0.014680,10,1.979811,0.000000,0.431251,0.569979,,,0.000000,0.011672,0.011672,9,10,0,82.742503,82.742503,82.742503,82.742503,120.000000,0.000000,135.285718,0.611613,0.000000,20,,,,,,,,,
online-boutique,online-boutique-longmix-stageC-scale20-replica5-sinusoidal-steps500-20260612T140721Z,idyn-ob-scale20-replica5,scale20,replica5,adservice=5;cartservice=5;checkoutservice=5;currencyservice=5;emailservice=5;frontend=5;paymentservice=5;productcatalogservice=5;recommendationservice=5;redis-cart=1;shippingservice=5,sinusoidal,stageC,cga,CGA,93,93.000,replay,mixed,1.001090,0.014680,10,1.979811,0.000000,0.431251,0.569979,,,0.000000,0.011672,0.011672,9,10,0,80.498620,80.498620,80.498620,80.498620,120.000000,0.000000,135.285718,0.595027,0.000000,20,,,,,,,,,
online-boutique,online-boutique-longmix-stageC-scale20-replica5-sinusoidal-steps500-20260612T140721Z,idyn-ob-scale20-replica5,scale20,replica5,adservice=5;cartservice=5;checkoutservice=5;currencyservice=5;emailservice=5;frontend=5;paymentservice=5;productcatalogservice=5;recommendationservice=5;redis-cart=1;shippingservice=5,sinusoidal,stageC,hda,HDA,93,93.000,replay,mixed,1.001090,0.014680,10,1.979811,0.000000,0.431251,0.569979,,,0.000000,0.011672,0.011672,9,10,0,77.790200,77.790200,77.790200,77.790200,120.000000,0.000000,135.285718,0.575007,0.000000,20,,,,,,,,,
online-boutique,online-boutique-longmix-stageC-scale20-replica5-sinusoidal-steps500-20260612T140721Z,idyn-ob-scale20-replica5,scale20,replica5,adservice=5;cartservice=5;checkoutservice=5;currencyservice=5;emailservice=5;frontend=5;paymentservice=5;productcatalogservice=5;recommendationservice=5;redis-cart=1;shippingservice=5,sinusoidal,stageC,kubernetes-default,K8s default,94,94.000,replay,mixed,1.001183,0.004910,10,1.987183,0.000000,0.429295,0.571897,,,0.000000,0.008516,0.008516,9,10,0,82.456053,82.456053,82.456053,82.456053,120.000000,0.000000,135.303579,0.609415,0.000000,20,,,,,,,,,
online-boutique,online-boutique-longmix-stageC-scale20-replica5-sinusoidal-steps500-20260612T140721Z,idyn-ob-scale20-replica5,scale20,replica5,adservice=5;cartservice=5;checkoutservice=5;currencyservice=5;emailservice=5;frontend=5;paymentservice=5;productcatalogservice=5;recommendationservice=5;redis-cart=1;shippingservice=5,sinusoidal,stageC,cga,CGA,94,94.000,replay,mixed,1.001183,0.004910,10,1.987183,0.000000,0.429295,0.571897,,,0.000000,0.008516,0.008516,9,10,0,78.763748,78.763748,78.763748,78.763748,120.000000,0.000000,135.303579,0.582126,0.000000,20,,,,,,,,,
online-boutique,online-boutique-longmix-stageC-scale20-replica5-sinusoidal-steps500-20260612T140721Z,idyn-ob-scale20-replica5,scale20,replica5,adservice=5;cartservice=5;checkoutservice=5;currencyservice=5;emailservice=5;frontend=5;paymentservice=5;productcatalogservice=5;recommendationservice=5;redis-cart=1;shippingservice=5,sinusoidal,stageC,hda,HDA,94,94.000,replay,mixed,1.001183,0.004910,10,1.987183,0.000000,0.429295,0.571897,,,0.000000,0.008516,0.008516,9,10,0,73.406514,73.406514,73.406514,73.406514,120.000000,0.000000,135.303579,0.542532,0.000000,20,,,,,,,,,
online-boutique,online-boutique-longmix-stageC-scale20-replica5-sinusoidal-steps500-20260612T140721Z,idyn-ob-scale20-replica5,scale20,replica5,adservice=5;cartservice=5;checkoutservice=5;currencyservice=5;emailservice=5;frontend=5;paymentservice=5;productcatalogservice=5;recommendationservice=5;redis-cart=1;shippingservice=5,sinusoidal,stageC,kubernetes-default,K8s default,95,95.000,replay,mixed,1.043676,0.039565,10,1.994581,0.000000,0.427306,0.573845,,,0.000000,0.008114,0.008114,9,10,0,89.223063,89.223063,89.223063,89.223063,120.000000,0.000000,135.322163,0.659338,0.000000,20,,,,,,,,,
online-boutique,online-boutique-longmix-stageC-scale20-replica5-sinusoidal-steps500-20260612T140721Z,idyn-ob-scale20-replica5,scale20,replica5,adservice=5;cartservice=5;checkoutservice=5;currencyservice=5;emailservice=5;frontend=5;paymentservice=5;productcatalogservice=5;recommendationservice=5;redis-cart=1;shippingservice=5,sinusoidal,stageC,cga,CGA,95,95.000,replay,mixed,1.043676,0.039565,10,1.994581,0.000000,0.427306,0.573845,,,0.000000,0.008114,0.008114,9,10,0,81.105282,81.105282,81.105282,81.105282,120.000000,0.000000,135.322163,0.599350,0.000000,20,,,,,,,,,
online-boutique,online-boutique-longmix-stageC-scale20-replica5-sinusoidal-steps500-20260612T140721Z,idyn-ob-scale20-replica5,scale20,replica5,adservice=5;cartservice=5;checkoutservice=5;currencyservice=5;emailservice=5;frontend=5;paymentservice=5;productcatalogservice=5;recommendationservice=5;redis-cart=1;shippingservice=5,sinusoidal,stageC,hda,HDA,95,95.000,replay,mixed,1.043676,0.039565,10,1.994581,0.000000,0.427306,0.573845,,,0.000000,0.008114,0.008114,9,10,0,76.409383,76.409383,76.409383,76.409383,120.000000,0.000000,135.322163,0.564648,0.000000,20,,,,,,,,,
online-boutique,online-boutique-longmix-stageC-scale20-replica5-sinusoidal-steps500-20260612T140721Z,idyn-ob-scale20-replica5,scale20,replica5,adservice=5;cartservice=5;checkoutservice=5;currencyservice=5;emailservice=5;frontend=5;paymentservice=5;productcatalogservice=5;recommendationservice=5;redis-cart=1;shippingservice=5,sinusoidal,stageC,kubernetes-default,K8s default,96,96.000,replay,mixed,1.066668,0.035812,11,2.002002,0.000000,0.455685,0.697810,,,0.000000,0.012253,0.012253,10,11,0,89.444128,89.444128,89.444128,89.444128,120.000000,0.000000,135.341476,0.660877,0.000000,20,,,,,,,,,
online-boutique,online-boutique-longmix-stageC-scale20-replica5-sinusoidal-steps500-20260612T140721Z,idyn-ob-scale20-replica5,scale20,replica5,adservice=5;cartservice=5;checkoutservice=5;currencyservice=5;emailservice=5;frontend=5;paymentservice=5;productcatalogservice=5;recommendationservice=5;redis-cart=1;shippingservice=5,sinusoidal,stageC,cga,CGA,96,96.000,replay,mixed,1.066668,0.035812,11,2.002002,0.000000,0.455685,0.697810,,,0.000000,0.012253,0.012253,10,11,0,83.584078,83.584078,83.584078,83.584078,120.000000,0.000000,135.341476,0.617579,0.000000,20,,,,,,,,,
online-boutique,online-boutique-longmix-stageC-scale20-replica5-sinusoidal-steps500-20260612T140721Z,idyn-ob-scale20-replica5,scale20,replica5,adservice=5;cartservice=5;checkoutservice=5;currencyservice=5;emailservice=5;frontend=5;paymentservice=5;productcatalogservice=5;recommendationservice=5;redis-cart=1;shippingservice=5,sinusoidal,stageC,hda,HDA,96,96.000,replay,mixed,1.066668,0.035812,11,2.002002,0.000000,0.455685,0.697810,,,0.000000,0.012253,0.012253,10,11,0,79.027762,79.027762,79.027762,79.027762,120.000000,0.000000,135.341476,0.583914,0.000000,20,,,,,,,,,
online-boutique,online-boutique-longmix-stageC-scale20-replica5-sinusoidal-steps500-20260612T140721Z,idyn-ob-scale20-replica5,scale20,replica5,adservice=5;cartservice=5;checkoutservice=5;currencyservice=5;emailservice=5;frontend=5;paymentservice=5;productcatalogservice=5;recommendationservice=5;redis-cart=1;shippingservice=5,sinusoidal,stageC,kubernetes-default,K8s default,97,97.000,replay,mixed,1.002556,0.076023,10,2.009445,0.000000,0.423225,0.577824,,,0.000000,0.009178,0.009178,9,10,0,91.390072,91.390072,91.390072,91.390072,120.000000,0.000000,135.361524,0.675155,0.000000,20,,,,,,,,,
online-boutique,online-boutique-longmix-stageC-scale20-replica5-sinusoidal-steps500-20260612T140721Z,idyn-ob-scale20-replica5,scale20,replica5,adservice=5;cartservice=5;checkoutservice=5;currencyservice=5;emailservice=5;frontend=5;paymentservice=5;productcatalogservice=5;recommendationservice=5;redis-cart=1;shippingservice=5,sinusoidal,stageC,cga,CGA,97,97.000,replay,mixed,1.002556,0.076023,10,2.009445,0.000000,0.423225,0.577824,,,0.000000,0.009178,0.009178,9,10,0,84.318861,84.318861,84.318861,84.318861,120.000000,0.000000,135.361524,0.622916,0.000000,20,,,,,,,,,
online-boutique,online-boutique-longmix-stageC-scale20-replica5-sinusoidal-steps500-20260612T140721Z,idyn-ob-scale20-replica5,scale20,replica5,adservice=5;cartservice=5;checkoutservice=5;currencyservice=5;emailservice=5;frontend=5;paymentservice=5;productcatalogservice=5;recommendationservice=5;redis-cart=1;shippingservice=5,sinusoidal,stageC,hda,HDA,97,97.000,replay,mixed,1.002556,0.076023,10,2.009445,0.000000,0.423225,0.577824,,,0.000000,0.009178,0.009178,9,10,0,79.040516,79.040516,79.040516,79.040516,120.000000,0.000000,135.361524,0.583922,0.000000,20,,,,,,,,,
online-boutique,online-boutique-longmix-stageC-scale20-replica5-sinusoidal-steps500-20260612T140721Z,idyn-ob-scale20-replica5,scale20,replica5,adservice=5;cartservice=5;checkoutservice=5;currencyservice=5;emailservice=5;frontend=5;paymentservice=5;productcatalogservice=5;recommendationservice=5;redis-cart=1;shippingservice=5,sinusoidal,stageC,kubernetes-default,K8s default,98,98.000,replay,mixed,1.029555,0.040834,11,2.016907,0.000000,0.451372,0.700510,,,0.000000,0.008426,0.008426,10,11,0,86.472203,86.472203,86.472203,86.472203,120.000000,0.000000,135.382314,0.638726,0.000000,20,,,,,,,,,
online-boutique,online-boutique-longmix-stageC-scale20-replica5-sinusoidal-steps500-20260612T140721Z,idyn-ob-scale20-replica5,scale20,replica5,adservice=5;cartservice=5;checkoutservice=5;currencyservice=5;emailservice=5;frontend=5;paymentservice=5;productcatalogservice=5;recommendationservice=5;redis-cart=1;shippingservice=5,sinusoidal,stageC,cga,CGA,98,98.000,replay,mixed,1.029555,0.040834,11,2.016907,0.000000,0.451372,0.700510,,,0.000000,0.008426,0.008426,10,11,0,82.748367,82.748367,82.748367,82.748367,120.000000,0.000000,135.382314,0.611220,0.000000,20,,,,,,,,,
online-boutique,online-boutique-longmix-stageC-scale20-replica5-sinusoidal-steps500-20260612T140721Z,idyn-ob-scale20-replica5,scale20,replica5,adservice=5;cartservice=5;checkoutservice=5;currencyservice=5;emailservice=5;frontend=5;paymentservice=5;productcatalogservice=5;recommendationservice=5;redis-cart=1;shippingservice=5,sinusoidal,stageC,hda,HDA,98,98.000,replay,mixed,1.029555,0.040834,11,2.016907,0.000000,0.451372,0.700510,,,0.000000,0.008426,0.008426,10,11,0,76.298220,76.298220,76.298220,76.298220,120.000000,0.000000,135.382314,0.563576,0.000000,20,,,,,,,,,
online-boutique,online-boutique-longmix-stageC-scale20-replica5-sinusoidal-steps500-20260612T140721Z,idyn-ob-scale20-replica5,scale20,replica5,adservice=5;cartservice=5;checkoutservice=5;currencyservice=5;emailservice=5;frontend=5;paymentservice=5;productcatalogservice=5;recommendationservice=5;redis-cart=1;shippingservice=5,sinusoidal,stageC,kubernetes-default,K8s default,99,99.000,replay,mixed,0.989132,0.055951,10,2.024387,0.000000,0.419006,0.581902,,,0.000000,0.008116,0.008116,9,10,0,86.017876,86.017876,86.017876,86.017876,120.000000,0.000000,135.403850,0.635269,0.000000,20,,,,,,,,,
online-boutique,online-boutique-longmix-stageC-scale20-replica5-sinusoidal-steps500-20260612T140721Z,idyn-ob-scale20-replica5,scale20,replica5,adservice=5;cartservice=5;checkoutservice=5;currencyservice=5;emailservice=5;frontend=5;paymentservice=5;productcatalogservice=5;recommendationservice=5;redis-cart=1;shippingservice=5,sinusoidal,stageC,cga,CGA,99,99.000,replay,mixed,0.989132,0.055951,10,2.024387,0.000000,0.419006,0.581902,,,0.000000,0.008116,0.008116,9,10,0,80.785590,80.785590,80.785590,80.785590,120.000000,0.000000,135.403850,0.596627,0.000000,20,,,,,,,,,
online-boutique,online-boutique-longmix-stageC-scale20-replica5-sinusoidal-steps500-20260612T140721Z,idyn-ob-scale20-replica5,scale20,replica5,adservice=5;cartservice=5;checkoutservice=5;currencyservice=5;emailservice=5;frontend=5;paymentservice=5;productcatalogservice=5;recommendationservice=5;redis-cart=1;shippingservice=5,sinusoidal,stageC,hda,HDA,99,99.000,replay,mixed,0.989132,0.055951,10,2.024387,0.000000,0.419006,0.581902,,,0.000000,0.008116,0.008116,9,10,0,76.824957,76.824957,76.824957,76.824957,120.000000,0.000000,135.403850,0.567376,0.000000,20,,,,,,,,,
online-boutique,online-boutique-longmix-stageC-scale20-replica5-sinusoidal-steps500-20260612T140721Z,idyn-ob-scale20-replica5,scale20,replica5,adservice=5;cartservice=5;checkoutservice=5;currencyservice=5;emailservice=5;frontend=5;paymentservice=5;productcatalogservice=5;recommendationservice=5;redis-cart=1;shippingservice=5,sinusoidal,stageC,kubernetes-default,K8s default,100,100.000,replay,mixed,0.999976,0.026119,11,2.031881,0.000000,0.446931,0.703209,,,0.000000,0.009257,0.009257,10,11,0,85.653759,85.653759,85.653759,85.653759,120.000000,0.000000,135.426138,0.632476,0.000000,20,,,,,,,,,
online-boutique,online-boutique-longmix-stageC-scale20-replica5-sinusoidal-steps500-20260612T140721Z,idyn-ob-scale20-replica5,scale20,replica5,adservice=5;cartservice=5;checkoutservice=5;currencyservice=5;emailservice=5;frontend=5;paymentservice=5;productcatalogservice=5;recommendationservice=5;redis-cart=1;shippingservice=5,sinusoidal,stageC,cga,CGA,100,100.000,replay,mixed,0.999976,0.026119,11,2.031881,0.000000,0.446931,0.703209,,,0.000000,0.009257,0.009257,10,11,0,86.297156,86.297156,86.297156,86.297156,120.000000,0.000000,135.426138,0.637227,0.000000,20,,,,,,,,,
online-boutique,online-boutique-longmix-stageC-scale20-replica5-sinusoidal-steps500-20260612T140721Z,idyn-ob-scale20-replica5,scale20,replica5,adservice=5;cartservice=5;checkoutservice=5;currencyservice=5;emailservice=5;frontend=5;paymentservice=5;productcatalogservice=5;recommendationservice=5;redis-cart=1;shippingservice=5,sinusoidal,stageC,hda,HDA,100,100.000,replay,mixed,0.999976,0.026119,11,2.031881,0.000000,0.446931,0.703209,,,0.000000,0.009257,0.009257,10,11,0,78.878362,78.878362,78.878362,78.878362,120.000000,0.000000,135.426138,0.582446,0.000000,20,,,,,,,,,
online-boutique,online-boutique-longmix-stageC-scale20-replica5-sinusoidal-steps500-20260612T140721Z,idyn-ob-scale20-replica5,scale20,replica5,adservice=5;cartservice=5;checkoutservice=5;currencyservice=5;emailservice=5;frontend=5;paymentservice=5;productcatalogservice=5;recommendationservice=5;redis-cart=1;shippingservice=5,sinusoidal,stageC,kubernetes-default,K8s default,101,101.000,replay,mixed,1.015259,0.014089,11,2.039389,0.000000,0.444662,0.704551,,,0.000000,0.011602,0.011602,10,11,0,80.425085,80.425085,80.425085,80.425085,120.000000,0.000000,135.449183,0.593766,0.000000,20,,,,,,,,,
online-boutique,online-boutique-longmix-stageC-scale20-replica5-sinusoidal-steps500-20260612T140721Z,idyn-ob-scale20-replica5,scale20,replica5,adservice=5;cartservice=5;checkoutservice=5;currencyservice=5;emailservice=5;frontend=5;paymentservice=5;productcatalogservice=5;recommendationservice=5;redis-cart=1;shippingservice=5,sinusoidal,stageC,cga,CGA,101,101.000,replay,mixed,1.015259,0.014089,11,2.039389,0.000000,0.444662,0.704551,,,0.000000,0.011602,0.011602,10,11,0,75.897847,75.897847,75.897847,75.897847,120.000000,0.000000,135.449183,0.560342,0.000000,20,,,,,,,,,
online-boutique,online-boutique-longmix-stageC-scale20-replica5-sinusoidal-steps500-20260612T140721Z,idyn-ob-scale20-replica5,scale20,replica5,adservice=5;cartservice=5;checkoutservice=5;currencyservice=5;emailservice=5;frontend=5;paymentservice=5;productcatalogservice=5;recommendationservice=5;redis-cart=1;shippingservice=5,sinusoidal,stageC,hda,HDA,101,101.000,replay,mixed,1.015259,0.014089,11,2.039389,0.000000,0.444662,0.704551,,,0.000000,0.011602,0.011602,10,11,0,72.200637,72.200637,72.200637,72.200637,120.000000,0.000000,135.449183,0.533046,0.000000,20,,,,,,,,,
online-boutique,online-boutique-longmix-stageC-scale20-replica5-sinusoidal-steps500-20260612T140721Z,idyn-ob-scale20-replica5,scale20,replica5,adservice=5;cartservice=5;checkoutservice=5;currencyservice=5;emailservice=5;frontend=5;paymentservice=5;productcatalogservice=5;recommendationservice=5;redis-cart=1;shippingservice=5,sinusoidal,stageC,kubernetes-default,K8s default,102,102.000,replay,mixed,1.021240,0.004891,11,2.046906,0.000000,0.442361,0.705883,,,0.000000,0.014828,0.014828,10,11,0,86.117861,86.117861,86.117861,86.117861,120.000000,0.000000,135.472991,0.635683,0.000000,20,,,,,,,,,
online-boutique,online-boutique-longmix-stageC-scale20-replica5-sinusoidal-steps500-20260612T140721Z,idyn-ob-scale20-replica5,scale20,replica5,adservice=5;cartservice=5;checkoutservice=5;currencyservice=5;emailservice=5;frontend=5;paymentservice=5;productcatalogservice=5;recommendationservice=5;redis-cart=1;shippingservice=5,sinusoidal,stageC,cga,CGA,102,102.000,replay,mixed,1.021240,0.004891,11,2.046906,0.000000,0.442361,0.705883,,,0.000000,0.014828,0.014828,10,11,0,79.370051,79.370051,79.370051,79.370051,120.000000,0.000000,135.472991,0.585874,0.000000,20,,,,,,,,,
online-boutique,online-boutique-longmix-stageC-scale20-replica5-sinusoidal-steps500-20260612T140721Z,idyn-ob-scale20-replica5,scale20,replica5,adservice=5;cartservice=5;checkoutservice=5;currencyservice=5;emailservice=5;frontend=5;paymentservice=5;productcatalogservice=5;recommendationservice=5;redis-cart=1;shippingservice=5,sinusoidal,stageC,hda,HDA,102,102.000,replay,mixed,1.021240,0.004891,11,2.046906,0.000000,0.442361,0.705883,,,0.000000,0.014828,0.014828,10,11,0,76.885734,76.885734,76.885734,76.885734,120.000000,0.000000,135.472991,0.567536,0.000000,20,,,,,,,,,
online-boutique,online-boutique-longmix-stageC-scale20-replica5-sinusoidal-steps500-20260612T140721Z,idyn-ob-scale20-replica5,scale20,replica5,adservice=5;cartservice=5;checkoutservice=5;currencyservice=5;emailservice=5;frontend=5;paymentservice=5;productcatalogservice=5;recommendationservice=5;redis-cart=1;shippingservice=5,sinusoidal,stageC,kubernetes-default,K8s default,103,103.000,replay,mixed,0.976873,0.044377,11,2.054431,0.000000,0.440029,0.707202,,,0.000000,0.015118,0.015118,10,11,0,81.136002,81.136002,81.136002,81.136002,120.000000,0.000000,135.497568,0.598800,0.000000,20,,,,,,,,,
online-boutique,online-boutique-longmix-stageC-scale20-replica5-sinusoidal-steps500-20260612T140721Z,idyn-ob-scale20-replica5,scale20,replica5,adservice=5;cartservice=5;checkoutservice=5;currencyservice=5;emailservice=5;frontend=5;paymentservice=5;productcatalogservice=5;recommendationservice=5;redis-cart=1;shippingservice=5,sinusoidal,stageC,cga,CGA,103,103.000,replay,mixed,0.976873,0.044377,11,2.054431,0.000000,0.440029,0.707202,,,0.000000,0.015118,0.015118,10,11,0,81.330739,81.330739,81.330739,81.330739,120.000000,0.000000,135.497568,0.600238,0.000000,20,,,,,,,,,
online-boutique,online-boutique-longmix-stageC-scale20-replica5-sinusoidal-steps500-20260612T140721Z,idyn-ob-scale20-replica5,scale20,replica5,adservice=5;cartservice=5;checkoutservice=5;currencyservice=5;emailservice=5;frontend=5;paymentservice=5;productcatalogservice=5;recommendationservice=5;redis-cart=1;shippingservice=5,sinusoidal,stageC,hda,HDA,103,103.000,replay,mixed,0.976873,0.044377,11,2.054431,0.000000,0.440029,0.707202,,,0.000000,0.015118,0.015118,10,11,0,79.712919,79.712919,79.712919,79.712919,120.000000,0.000000,135.497568,0.588298,0.000000,20,,,,,,,,,
online-boutique,online-boutique-longmix-stageC-scale20-replica5-sinusoidal-steps500-20260612T140721Z,idyn-ob-scale20-replica5,scale20,replica5,adservice=5;cartservice=5;checkoutservice=5;currencyservice=5;emailservice=5;frontend=5;paymentservice=5;productcatalogservice=5;recommendationservice=5;redis-cart=1;shippingservice=5,sinusoidal,stageC,kubernetes-default,K8s default,104,104.000,replay,mixed,1.057244,0.075120,11,2.061963,0.000000,0.437665,0.708503,,,0.000000,0.009107,0.009107,10,11,0,93.463103,93.463103,93.463103,93.463103,120.000000,0.000000,135.522916,0.689648,0.000000,20,,,,,,,,,
online-boutique,online-boutique-longmix-stageC-scale20-replica5-sinusoidal-steps500-20260612T140721Z,idyn-ob-scale20-replica5,scale20,replica5,adservice=5;cartservice=5;checkoutservice=5;currencyservice=5;emailservice=5;frontend=5;paymentservice=5;productcatalogservice=5;recommendationservice=5;redis-cart=1;shippingservice=5,sinusoidal,stageC,cga,CGA,104,104.000,replay,mixed,1.057244,0.075120,11,2.061963,0.000000,0.437665,0.708503,,,0.000000,0.009107,0.009107,10,11,0,89.923288,89.923288,89.923288,89.923288,120.000000,0.000000,135.522916,0.663528,0.000000,20,,,,,,,,,
online-boutique,online-boutique-longmix-stageC-scale20-replica5-sinusoidal-steps500-20260612T140721Z,idyn-ob-scale20-replica5,scale20,replica5,adservice=5;cartservice=5;checkoutservice=5;currencyservice=5;emailservice=5;frontend=5;paymentservice=5;productcatalogservice=5;recommendationservice=5;redis-cart=1;shippingservice=5,sinusoidal,stageC,hda,HDA,104,104.000,replay,mixed,1.057244,0.075120,11,2.061963,0.000000,0.437665,0.708503,,,0.000000,0.009107,0.009107,10,11,0,79.798437,79.798437,79.798437,79.798437,120.000000,0.000000,135.522916,0.588819,0.000000,20,,,,,,,,,
online-boutique,online-boutique-longmix-stageC-scale20-replica5-sinusoidal-steps500-20260612T140721Z,idyn-ob-scale20-replica5,scale20,replica5,adservice=5;cartservice=5;checkoutservice=5;currencyservice=5;emailservice=5;frontend=5;paymentservice=5;productcatalogservice=5;recommendationservice=5;redis-cart=1;shippingservice=5,sinusoidal,stageC,kubernetes-default,K8s default,105,105.000,replay,mixed,1.056917,0.006090,11,2.069497,0.000000,0.435269,0.709783,,,0.000000,0.019016,0.019016,10,11,0,84.410753,84.410753,84.410753,84.410753,120.000000,0.000000,135.549043,0.622732,0.000000,20,,,,,,,,,
online-boutique,online-boutique-longmix-stageC-scale20-replica5-sinusoidal-steps500-20260612T140721Z,idyn-ob-scale20-replica5,scale20,replica5,adservice=5;cartservice=5;checkoutservice=5;currencyservice=5;emailservice=5;frontend=5;paymentservice=5;productcatalogservice=5;recommendationservice=5;redis-cart=1;shippingservice=5,sinusoidal,stageC,cga,CGA,105,105.000,replay,mixed,1.056917,0.006090,11,2.069497,0.000000,0.435269,0.709783,,,0.000000,0.019016,0.019016,10,11,0,83.250488,83.250488,83.250488,83.250488,120.000000,0.000000,135.549043,0.614172,0.000000,20,,,,,,,,,
online-boutique,online-boutique-longmix-stageC-scale20-replica5-sinusoidal-steps500-20260612T140721Z,idyn-ob-scale20-replica5,scale20,replica5,adservice=5;cartservice=5;checkoutservice=5;currencyservice=5;emailservice=5;frontend=5;paymentservice=5;productcatalogservice=5;recommendationservice=5;redis-cart=1;shippingservice=5,sinusoidal,stageC,hda,HDA,105,105.000,replay,mixed,1.056917,0.006090,11,2.069497,0.000000,0.435269,0.709783,,,0.000000,0.019016,0.019016,10,11,0,76.239198,76.239198,76.239198,76.239198,120.000000,0.000000,135.549043,0.562447,0.000000,20,,,,,,,,,
online-boutique,online-boutique-longmix-stageC-scale20-replica5-sinusoidal-steps500-20260612T140721Z,idyn-ob-scale20-replica5,scale20,replica5,adservice=5;cartservice=5;checkoutservice=5;currencyservice=5;emailservice=5;frontend=5;paymentservice=5;productcatalogservice=5;recommendationservice=5;redis-cart=1;shippingservice=5,sinusoidal,stageC,kubernetes-default,K8s default,106,106.000,replay,mixed,1.042625,0.014477,11,2.077032,0.000000,0.432841,0.711035,,,0.000000,0.009367,0.009367,10,11,0,87.271073,87.271073,87.271073,87.271073,120.000000,0.000000,135.575950,0.643706,0.000000,20,,,,,,,,,
online-boutique,online-boutique-longmix-stageC-scale20-replica5-sinusoidal-steps500-20260612T140721Z,idyn-ob-scale20-replica5,scale20,replica5,adservice=5;cartservice=5;checkoutservice=5;currencyservice=5;emailservice=5;frontend=5;paymentservice=5;productcatalogservice=5;recommendationservice=5;redis-cart=1;shippingservice=5,sinusoidal,stageC,cga,CGA,106,106.000,replay,mixed,1.042625,0.014477,11,2.077032,0.000000,0.432841,0.711035,,,0.000000,0.009367,0.009367,10,11,0,83.133656,83.133656,83.133656,83.133656,120.000000,0.000000,135.575950,0.613189,0.000000,20,,,,,,,,,
online-boutique,online-boutique-longmix-stageC-scale20-replica5-sinusoidal-steps500-20260612T140721Z,idyn-ob-scale20-replica5,scale20,replica5,adservice=5;cartservice=5;checkoutservice=5;currencyservice=5;emailservice=5;frontend=5;paymentservice=5;productcatalogservice=5;recommendationservice=5;redis-cart=1;shippingservice=5,sinusoidal,stageC,hda,HDA,106,106.000,replay,mixed,1.042625,0.014477,11,2.077032,0.000000,0.432841,0.711035,,,0.000000,0.009367,0.009367,10,11,0,76.849225,76.849225,76.849225,76.849225,120.000000,0.000000,135.575950,0.566835,0.000000,20,,,,,,,,,
online-boutique,online-boutique-longmix-stageC-scale20-replica5-sinusoidal-steps500-20260612T140721Z,idyn-ob-scale20-replica5,scale20,replica5,adservice=5;cartservice=5;checkoutservice=5;currencyservice=5;emailservice=5;frontend=5;paymentservice=5;productcatalogservice=5;recommendationservice=5;redis-cart=1;shippingservice=5,sinusoidal,stageC,kubernetes-default,K8s default,107,107.000,replay,mixed,1.063513,0.018694,11,2.084565,0.000000,0.430383,0.712256,,,0.000000,0.008927,0.008927,10,11,0,89.587367,89.587367,89.587367,89.587367,120.000000,0.000000,135.603644,0.660656,0.000000,20,,,,,,,,,
online-boutique,online-boutique-longmix-stageC-scale20-replica5-sinusoidal-steps500-20260612T140721Z,idyn-ob-scale20-replica5,scale20,replica5,adservice=5;cartservice=5;checkoutservice=5;currencyservice=5;emailservice=5;frontend=5;paymentservice=5;productcatalogservice=5;recommendationservice=5;redis-cart=1;shippingservice=5,sinusoidal,stageC,cga,CGA,107,107.000,replay,mixed,1.063513,0.018694,11,2.084565,0.000000,0.430383,0.712256,,,0.000000,0.008927,0.008927,10,11,0,76.927298,76.927298,76.927298,76.927298,120.000000,0.000000,135.603644,0.567295,0.000000,20,,,,,,,,,
online-boutique,online-boutique-longmix-stageC-scale20-replica5-sinusoidal-steps500-20260612T140721Z,idyn-ob-scale20-replica5,scale20,replica5,adservice=5;cartservice=5;checkoutservice=5;currencyservice=5;emailservice=5;frontend=5;paymentservice=5;productcatalogservice=5;recommendationservice=5;redis-cart=1;shippingservice=5,sinusoidal,stageC,hda,HDA,107,107.000,replay,mixed,1.063513,0.018694,11,2.084565,0.000000,0.430383,0.712256,,,0.000000,0.008927,0.008927,10,11,0,77.180216,77.180216,77.180216,77.180216,120.000000,0.000000,135.603644,0.569160,0.000000,20,,,,,,,,,
online-boutique,online-boutique-longmix-stageC-scale20-replica5-sinusoidal-steps500-20260612T140721Z,idyn-ob-scale20-replica5,scale20,replica5,adservice=5;cartservice=5;checkoutservice=5;currencyservice=5;emailservice=5;frontend=5;paymentservice=5;productcatalogservice=5;recommendationservice=5;redis-cart=1;shippingservice=5,sinusoidal,stageC,kubernetes-default,K8s default,108,108.000,replay,mixed,1.020336,0.041521,11,2.092094,0.000000,0.427893,0.713440,,,0.000000,0.008947,0.008947,10,11,0,85.989616,85.989616,85.989616,85.989616,120.000000,0.000000,135.632128,0.633991,0.000000,20,,,,,,,,,
online-boutique,online-boutique-longmix-stageC-scale20-replica5-sinusoidal-steps500-20260612T140721Z,idyn-ob-scale20-replica5,scale20,replica5,adservice=5;cartservice=5;checkoutservice=5;currencyservice=5;emailservice=5;frontend=5;paymentservice=5;productcatalogservice=5;recommendationservice=5;redis-cart=1;shippingservice=5,sinusoidal,stageC,cga,CGA,108,108.000,replay,mixed,1.020336,0.041521,11,2.092094,0.000000,0.427893,0.713440,,,0.000000,0.008947,0.008947,10,11,0,81.474377,81.474377,81.474377,81.474377,120.000000,0.000000,135.632128,0.600701,0.000000,20,,,,,,,,,
online-boutique,online-boutique-longmix-stageC-scale20-replica5-sinusoidal-steps500-20260612T140721Z,idyn-ob-scale20-replica5,scale20,replica5,adservice=5;cartservice=5;checkoutservice=5;currencyservice=5;emailservice=5;frontend=5;paymentservice=5;productcatalogservice=5;recommendationservice=5;redis-cart=1;shippingservice=5,sinusoidal,stageC,hda,HDA,108,108.000,replay,mixed,1.020336,0.041521,11,2.092094,0.000000,0.427893,0.713440,,,0.000000,0.008947,0.008947,10,11,0,75.942870,75.942870,75.942870,75.942870,120.000000,0.000000,135.632128,0.559918,0.000000,20,,,,,,,,,
online-boutique,online-boutique-longmix-stageC-scale20-replica5-sinusoidal-steps500-20260612T140721Z,idyn-ob-scale20-replica5,scale20,replica5,adservice=5;cartservice=5;checkoutservice=5;currencyservice=5;emailservice=5;frontend=5;paymentservice=5;productcatalogservice=5;recommendationservice=5;redis-cart=1;shippingservice=5,sinusoidal,stageC,kubernetes-default,K8s default,109,109.000,replay,mixed,0.989926,0.030732,11,2.099616,0.000000,0.425372,0.714581,,,0.000000,0.009117,0.009117,10,11,0,82.772095,82.772095,82.772095,82.772095,120.000000,0.000000,135.661406,0.610137,0.000000,20,,,,,,,,,
online-boutique,online-boutique-longmix-stageC-scale20-replica5-sinusoidal-steps500-20260612T140721Z,idyn-ob-scale20-replica5,scale20,replica5,adservice=5;cartservice=5;checkoutservice=5;currencyservice=5;emailservice=5;frontend=5;paymentservice=5;productcatalogservice=5;recommendationservice=5;redis-cart=1;shippingservice=5,sinusoidal,stageC,cga,CGA,109,109.000,replay,mixed,0.989926,0.030732,11,2.099616,0.000000,0.425372,0.714581,,,0.000000,0.009117,0.009117,10,11,0,85.830821,85.830821,85.830821,85.830821,120.000000,0.000000,135.661406,0.632684,0.000000,20,,,,,,,,,
online-boutique,online-boutique-longmix-stageC-scale20-replica5-sinusoidal-steps500-20260612T140721Z,idyn-ob-scale20-replica5,scale20,replica5,adservice=5;cartservice=5;checkoutservice=5;currencyservice=5;emailservice=5;frontend=5;paymentservice=5;productcatalogservice=5;recommendationservice=5;redis-cart=1;shippingservice=5,sinusoidal,stageC,hda,HDA,109,109.000,replay,mixed,0.989926,0.030732,11,2.099616,0.000000,0.425372,0.714581,,,0.000000,0.009117,0.009117,10,11,0,81.545146,81.545146,81.545146,81.545146,120.000000,0.000000,135.661406,0.601093,0.000000,20,,,,,,,,,
online-boutique,online-boutique-longmix-stageC-scale20-replica5-sinusoidal-steps500-20260612T140721Z,idyn-ob-scale20-replica5,scale20,replica5,adservice=5;cartservice=5;checkoutservice=5;currencyservice=5;emailservice=5;frontend=5;paymentservice=5;productcatalogservice=5;recommendationservice=5;redis-cart=1;shippingservice=5,sinusoidal,stageC,kubernetes-default,K8s default,110,110.000,replay,mixed,0.983596,0.009790,11,2.107129,0.000000,0.422820,0.715672,,,0.000000,0.012964,0.012964,10,11,0,85.606387,85.606387,85.606387,85.606387,120.000000,0.000000,135.691481,0.630890,0.000000,20,,,,,,,,,
online-boutique,online-boutique-longmix-stageC-scale20-replica5-sinusoidal-steps500-20260612T140721Z,idyn-ob-scale20-replica5,scale20,replica5,adservice=5;cartservice=5;checkoutservice=5;currencyservice=5;emailservice=5;frontend=5;paymentservice=5;productcatalogservice=5;recommendationservice=5;redis-cart=1;shippingservice=5,sinusoidal,stageC,cga,CGA,110,110.000,replay,mixed,0.983596,0.009790,11,2.107129,0.000000,0.422820,0.715672,,,0.000000,0.012964,0.012964,10,11,0,80.598035,80.598035,80.598035,80.598035,120.000000,0.000000,135.691481,0.593980,0.000000,20,,,,,,,,,
online-boutique,online-boutique-longmix-stageC-scale20-replica5-sinusoidal-steps500-20260612T140721Z,idyn-ob-scale20-replica5,scale20,replica5,adservice=5;cartservice=5;checkoutservice=5;currencyservice=5;emailservice=5;frontend=5;paymentservice=5;productcatalogservice=5;recommendationservice=5;redis-cart=1;shippingservice=5,sinusoidal,stageC,hda,HDA,110,110.000,replay,mixed,0.983596,0.009790,11,2.107129,0.000000,0.422820,0.715672,,,0.000000,0.012964,0.012964,10,11,0,78.347341,78.347341,78.347341,78.347341,120.000000,0.000000,135.691481,0.577393,0.000000,20,,,,,,,,,
online-boutique,online-boutique-longmix-stageC-scale20-replica5-sinusoidal-steps500-20260612T140721Z,idyn-ob-scale20-replica5,scale20,replica5,adservice=5;cartservice=5;checkoutservice=5;currencyservice=5;emailservice=5;frontend=5;paymentservice=5;productcatalogservice=5;recommendationservice=5;redis-cart=1;shippingservice=5,sinusoidal,stageC,kubernetes-default,K8s default,111,111.000,replay,mixed,1.007996,0.023279,11,2.114629,0.000000,0.420238,0.716708,,,0.000000,0.008826,0.008826,10,11,0,85.185531,85.185531,85.185531,85.185531,120.000000,0.000000,135.722357,0.627646,0.000000,20,,,,,,,,,
online-boutique,online-boutique-longmix-stageC-scale20-replica5-sinusoidal-steps500-20260612T140721Z,idyn-ob-scale20-replica5,scale20,replica5,adservice=5;cartservice=5;checkoutservice=5;currencyservice=5;emailservice=5;frontend=5;paymentservice=5;productcatalogservice=5;recommendationservice=5;redis-cart=1;shippingservice=5,sinusoidal,stageC,cga,CGA,111,111.000,replay,mixed,1.007996,0.023279,11,2.114629,0.000000,0.420238,0.716708,,,0.000000,0.008826,0.008826,10,11,0,80.340741,80.340741,80.340741,80.340741,120.000000,0.000000,135.722357,0.591949,0.000000,20,,,,,,,,,
online-boutique,online-boutique-longmix-stageC-scale20-replica5-sinusoidal-steps500-20260612T140721Z,idyn-ob-scale20-replica5,scale20,replica5,adservice=5;cartservice=5;checkoutservice=5;currencyservice=5;emailservice=5;frontend=5;paymentservice=5;productcatalogservice=5;recommendationservice=5;redis-cart=1;shippingservice=5,sinusoidal,stageC,hda,HDA,111,111.000,replay,mixed,1.007996,0.023279,11,2.114629,0.000000,0.420238,0.716708,,,0.000000,0.008826,0.008826,10,11,0,77.836580,77.836580,77.836580,77.836580,120.000000,0.000000,135.722357,0.573499,0.000000,20,,,,,,,,,
online-boutique,online-boutique-longmix-stageC-scale20-replica5-sinusoidal-steps500-20260612T140721Z,idyn-ob-scale20-replica5,scale20,replica5,adservice=5;cartservice=5;checkoutservice=5;currencyservice=5;emailservice=5;frontend=5;paymentservice=5;productcatalogservice=5;recommendationservice=5;redis-cart=1;shippingservice=5,sinusoidal,stageC,kubernetes-default,K8s default,112,112.000,replay,mixed,0.991196,0.017596,11,2.122115,0.000000,0.417626,0.717680,,,0.000000,0.012824,0.012824,10,11,0,86.253646,86.253646,86.253646,86.253646,120.000000,0.000000,135.754036,0.635367,0.000000,20,,,,,,,,,
online-boutique,online-boutique-longmix-stageC-scale20-replica5-sinusoidal-steps500-20260612T140721Z,idyn-ob-scale20-replica5,scale20,replica5,adservice=5;cartservice=5;checkoutservice=5;currencyservice=5;emailservice=5;frontend=5;paymentservice=5;productcatalogservice=5;recommendationservice=5;redis-cart=1;shippingservice=5,sinusoidal,stageC,cga,CGA,112,112.000,replay,mixed,0.991196,0.017596,11,2.122115,0.000000,0.417626,0.717680,,,0.000000,0.012824,0.012824,10,11,0,78.893952,78.893952,78.893952,78.893952,120.000000,0.000000,135.754036,0.581154,0.000000,20,,,,,,,,,
online-boutique,online-boutique-longmix-stageC-scale20-replica5-sinusoidal-steps500-20260612T140721Z,idyn-ob-scale20-replica5,scale20,replica5,adservice=5;cartservice=5;checkoutservice=5;currencyservice=5;emailservice=5;frontend=5;paymentservice=5;productcatalogservice=5;recommendationservice=5;redis-cart=1;shippingservice=5,sinusoidal,stageC,hda,HDA,112,112.000,replay,mixed,0.991196,0.017596,11,2.122115,0.000000,0.417626,0.717680,,,0.000000,0.012824,0.012824,10,11,0,73.190277,73.190277,73.190277,73.190277,120.000000,0.000000,135.754036,0.539139,0.000000,20,,,,,,,,,
online-boutique,online-boutique-longmix-stageC-scale20-replica5-sinusoidal-steps500-20260612T140721Z,idyn-ob-scale20-replica5,scale20,replica5,adservice=5;cartservice=5;checkoutservice=5;currencyservice=5;emailservice=5;frontend=5;paymentservice=5;productcatalogservice=5;recommendationservice=5;redis-cart=1;shippingservice=5,sinusoidal,stageC,kubernetes-default,K8s default,113,113.000,replay,mixed,1.013352,0.020944,11,2.129583,0.000000,0.414984,0.718582,,,0.000000,0.008956,0.008956,10,11,0,90.140873,90.140873,90.140873,90.140873,120.000000,0.000000,135.786522,0.663843,0.000000,20,,,,,,,,,
online-boutique,online-boutique-longmix-stageC-scale20-replica5-sinusoidal-steps500-20260612T140721Z,idyn-ob-scale20-replica5,scale20,replica5,adservice=5;cartservice=5;checkoutservice=5;currencyservice=5;emailservice=5;frontend=5;paymentservice=5;productcatalogservice=5;recommendationservice=5;redis-cart=1;shippingservice=5,sinusoidal,stageC,cga,CGA,113,113.000,replay,mixed,1.013352,0.020944,11,2.129583,0.000000,0.414984,0.718582,,,0.000000,0.008956,0.008956,10,11,0,80.769996,80.769996,80.769996,80.769996,120.000000,0.000000,135.786522,0.594831,0.000000,20,,,,,,,,,
online-boutique,online-boutique-longmix-stageC-scale20-replica5-sinusoidal-steps500-20260612T140721Z,idyn-ob-scale20-replica5,scale20,replica5,adservice=5;cartservice=5;checkoutservice=5;currencyservice=5;emailservice=5;frontend=5;paymentservice=5;productcatalogservice=5;recommendationservice=5;redis-cart=1;shippingservice=5,sinusoidal,stageC,hda,HDA,113,113.000,replay,mixed,1.013352,0.020944,11,2.129583,0.000000,0.414984,0.718582,,,0.000000,0.008956,0.008956,10,11,0,76.317461,76.317461,76.317461,76.317461,120.000000,0.000000,135.786522,0.562040,0.000000,20,,,,,,,,,
online-boutique,online-boutique-longmix-stageC-scale20-replica5-sinusoidal-steps500-20260612T140721Z,idyn-ob-scale20-replica5,scale20,replica5,adservice=5;cartservice=5;checkoutservice=5;currencyservice=5;emailservice=5;frontend=5;paymentservice=5;productcatalogservice=5;recommendationservice=5;redis-cart=1;shippingservice=5,sinusoidal,stageC,kubernetes-default,K8s default,114,114.000,replay,mixed,0.996016,0.018027,11,2.137031,0.000000,0.412387,0.719406,,,0.000000,0.009307,0.009307,10,11,0,87.875413,87.875413,87.875413,87.875413,120.000000,0.000000,135.819816,0.647000,0.000000,20,,,,,,,,,
online-boutique,online-boutique-longmix-stageC-scale20-replica5-sinusoidal-steps500-20260612T140721Z,idyn-ob-scale20-replica5,scale20,replica5,adservice=5;cartservice=5;checkoutservice=5;currencyservice=5;emailservice=5;frontend=5;paymentservice=5;productcatalogservice=5;recommendationservice=5;redis-cart=1;shippingservice=5,sinusoidal,stageC,cga,CGA,114,114.000,replay,mixed,0.996016,0.018027,11,2.137031,0.000000,0.412387,0.719406,,,0.000000,0.009307,0.009307,10,11,0,80.304814,80.304814,80.304814,80.304814,120.000000,0.000000,135.819816,0.591260,0.000000,20,,,,,,,,,
online-boutique,online-boutique-longmix-stageC-scale20-replica5-sinusoidal-steps500-20260612T140721Z,idyn-ob-scale20-replica5,scale20,replica5,adservice=5;cartservice=5;checkoutservice=5;currencyservice=5;emailservice=5;frontend=5;paymentservice=5;productcatalogservice=5;recommendationservice=5;redis-cart=1;shippingservice=5,sinusoidal,stageC,hda,HDA,114,114.000,replay,mixed,0.996016,0.018027,11,2.137031,0.000000,0.412387,0.719406,,,0.000000,0.009307,0.009307,10,11,0,79.904604,79.904604,79.904604,79.904604,120.000000,0.000000,135.819816,0.588313,0.000000,20,,,,,,,,,
online-boutique,online-boutique-longmix-stageC-scale20-replica5-sinusoidal-steps500-20260612T140721Z,idyn-ob-scale20-replica5,scale20,replica5,adservice=5;cartservice=5;checkoutservice=5;currencyservice=5;emailservice=5;frontend=5;paymentservice=5;productcatalogservice=5;recommendationservice=5;redis-cart=1;shippingservice=5,sinusoidal,stageC,kubernetes-default,K8s default,115,115.000,replay,mixed,1.000893,0.005476,11,2.144455,0.000000,0.409934,0.720143,,,0.000000,0.013816,0.013816,10,11,0,82.831592,82.831592,82.831592,82.831592,120.000000,0.000000,135.853921,0.609711,0.000000,20,,,,,,,,,
online-boutique,online-boutique-longmix-stageC-scale20-replica5-sinusoidal-steps500-20260612T140721Z,idyn-ob-scale20-replica5,scale20,replica5,adservice=5;cartservice=5;checkoutservice=5;currencyservice=5;emailservice=5;frontend=5;paymentservice=5;productcatalogservice=5;recommendationservice=5;redis-cart=1;shippingservice=5,sinusoidal,stageC,cga,CGA,115,115.000,replay,mixed,1.000893,0.005476,11,2.144455,0.000000,0.409934,0.720143,,,0.000000,0.013816,0.013816,10,11,0,81.534167,81.534167,81.534167,81.534167,120.000000,0.000000,135.853921,0.600161,0.000000,20,,,,,,,,,
online-boutique,online-boutique-longmix-stageC-scale20-replica5-sinusoidal-steps500-20260612T140721Z,idyn-ob-scale20-replica5,scale20,replica5,adservice=5;cartservice=5;checkoutservice=5;currencyservice=5;emailservice=5;frontend=5;paymentservice=5;productcatalogservice=5;recommendationservice=5;redis-cart=1;shippingservice=5,sinusoidal,stageC,hda,HDA,115,115.000,replay,mixed,1.000893,0.005476,11,2.144455,0.000000,0.409934,0.720143,,,0.000000,0.013816,0.013816,10,11,0,76.663000,76.663000,76.663000,76.663000,120.000000,0.000000,135.853921,0.564305,0.000000,20,,,,,,,,,
online-boutique,online-boutique-longmix-stageC-scale20-replica5-sinusoidal-steps500-20260612T140721Z,idyn-ob-scale20-replica5,scale20,replica5,adservice=5;cartservice=5;checkoutservice=5;currencyservice=5;emailservice=5;frontend=5;paymentservice=5;productcatalogservice=5;recommendationservice=5;redis-cart=1;shippingservice=5,sinusoidal,stageC,kubernetes-default,K8s default,116,116.000,replay,mixed,0.982872,0.018911,11,2.151854,0.000000,0.407457,0.720785,,,0.000000,0.009147,0.009147,10,11,0,82.303292,82.303292,82.303292,82.303292,120.000000,0.000000,135.888839,0.605666,0.000000,20,,,,,,,,,
online-boutique,online-boutique-longmix-stageC-scale20-replica5-sinusoidal-steps500-20260612T140721Z,idyn-ob-scale20-replica5,scale20,replica5,adservice=5;cartservice=5;checkoutservice=5;currencyservice=5;emailservice=5;frontend=5;paymentservice=5;productcatalogservice=5;recommendationservice=5;redis-cart=1;shippingservice=5,sinusoidal,stageC,cga,CGA,116,116.000,replay,mixed,0.982872,0.018911,11,2.151854,0.000000,0.407457,0.720785,,,0.000000,0.009147,0.009147,10,11,0,82.279241,82.279241,82.279241,82.279241,120.000000,0.000000,135.888839,0.605489,0.000000,20,,,,,,,,,
online-boutique,online-boutique-longmix-stageC-scale20-replica5-sinusoidal-steps500-20260612T140721Z,idyn-ob-scale20-replica5,scale20,replica5,adservice=5;cartservice=5;checkoutservice=5;currencyservice=5;emailservice=5;frontend=5;paymentservice=5;productcatalogservice=5;recommendationservice=5;redis-cart=1;shippingservice=5,sinusoidal,stageC,hda,HDA,116,116.000,replay,mixed,0.982872,0.018911,11,2.151854,0.000000,0.407457,0.720785,,,0.000000,0.009147,0.009147,10,11,0,75.509408,75.509408,75.509408,75.509408,120.000000,0.000000,135.888839,0.555670,0.000000,20,,,,,,,,,
online-boutique,online-boutique-longmix-stageC-scale20-replica5-sinusoidal-steps500-20260612T140721Z,idyn-ob-scale20-replica5,scale20,replica5,adservice=5;cartservice=5;checkoutservice=5;currencyservice=5;emailservice=5;frontend=5;paymentservice=5;productcatalogservice=5;recommendationservice=5;redis-cart=1;shippingservice=5,sinusoidal,stageC,kubernetes-default,K8s default,117,117.000,replay,mixed,1.013392,0.029226,11,2.159224,0.000000,0.404955,0.721322,,,0.000000,0.008687,0.008687,10,11,0,88.977787,88.977787,88.977787,88.977787,120.000000,0.000000,135.924571,0.654612,0.000000,20,,,,,,,,,
online-boutique,online-boutique-longmix-stageC-scale20-replica5-sinusoidal-steps500-20260612T140721Z,idyn-ob-scale20-replica5,scale20,replica5,adservice=5;cartservice=5;checkoutservice=5;currencyservice=5;emailservice=5;frontend=5;paymentservice=5;productcatalogservice=5;recommendationservice=5;redis-cart=1;shippingservice=5,sinusoidal,stageC,cga,CGA,117,117.000,replay,mixed,1.013392,0.029226,11,2.159224,0.000000,0.404955,0.721322,,,0.000000,0.008687,0.008687,10,11,0,80.962226,80.962226,80.962226,80.962226,120.000000,0.000000,135.924571,0.595641,0.000000,20,,,,,,,,,
online-boutique,online-boutique-longmix-stageC-scale20-replica5-sinusoidal-steps500-20260612T140721Z,idyn-ob-scale20-replica5,scale20,replica5,adservice=5;cartservice=5;checkoutservice=5;currencyservice=5;emailservice=5;frontend=5;paymentservice=5;productcatalogservice=5;recommendationservice=5;redis-cart=1;shippingservice=5,sinusoidal,stageC,hda,HDA,117,117.000,replay,mixed,1.013392,0.029226,11,2.159224,0.000000,0.404955,0.721322,,,0.000000,0.008687,0.008687,10,11,0,77.349514,77.349514,77.349514,77.349514,120.000000,0.000000,135.924571,0.569062,0.000000,20,,,,,,,,,
online-boutique,online-boutique-longmix-stageC-scale20-replica5-sinusoidal-steps500-20260612T140721Z,idyn-ob-scale20-replica5,scale20,replica5,adservice=5;cartservice=5;checkoutservice=5;currencyservice=5;emailservice=5;frontend=5;paymentservice=5;productcatalogservice=5;recommendationservice=5;redis-cart=1;shippingservice=5,sinusoidal,stageC,kubernetes-default,K8s default,118,118.000,replay,mixed,0.990079,0.023893,11,2.166563,0.000000,0.402428,0.721745,,,0.000000,0.008597,0.008597,10,11,0,83.200316,83.200316,83.200316,83.200316,120.000000,0.000000,135.961117,0.611942,0.000000,20,,,,,,,,,
online-boutique,online-boutique-longmix-stageC-scale20-replica5-sinusoidal-steps500-20260612T140721Z,idyn-ob-scale20-replica5,scale20,replica5,adservice=5;cartservice=5;checkoutservice=5;currencyservice=5;emailservice=5;frontend=5;paymentservice=5;productcatalogservice=5;recommendationservice=5;redis-cart=1;shippingservice=5,sinusoidal,stageC,cga,CGA,118,118.000,replay,mixed,0.990079,0.023893,11,2.166563,0.000000,0.402428,0.721745,,,0.000000,0.008597,0.008597,10,11,0,80.821112,80.821112,80.821112,80.821112,120.000000,0.000000,135.961117,0.594443,0.000000,20,,,,,,,,,
online-boutique,online-boutique-longmix-stageC-scale20-replica5-sinusoidal-steps500-20260612T140721Z,idyn-ob-scale20-replica5,scale20,replica5,adservice=5;cartservice=5;checkoutservice=5;currencyservice=5;emailservice=5;frontend=5;paymentservice=5;productcatalogservice=5;recommendationservice=5;redis-cart=1;shippingservice=5,sinusoidal,stageC,hda,HDA,118,118.000,replay,mixed,0.990079,0.023893,11,2.166563,0.000000,0.402428,0.721745,,,0.000000,0.008597,0.008597,10,11,0,79.472902,79.472902,79.472902,79.472902,120.000000,0.000000,135.961117,0.584527,0.000000,20,,,,,,,,,
online-boutique,online-boutique-longmix-stageC-scale20-replica5-sinusoidal-steps500-20260612T140721Z,idyn-ob-scale20-replica5,scale20,replica5,adservice=5;cartservice=5;checkoutservice=5;currencyservice=5;emailservice=5;frontend=5;paymentservice=5;productcatalogservice=5;recommendationservice=5;redis-cart=1;shippingservice=5,sinusoidal,stageC,kubernetes-default,K8s default,119,119.000,replay,mixed,1.011258,0.020058,11,2.173867,0.000000,0.399878,0.722044,,,0.000000,0.008306,0.008306,10,11,0,83.127540,83.127540,83.127540,83.127540,120.000000,0.000000,135.998480,0.611239,0.000000,20,,,,,,,,,
online-boutique,online-boutique-longmix-stageC-scale20-replica5-sinusoidal-steps500-20260612T140721Z,idyn-ob-scale20-replica5,scale20,replica5,adservice=5;cartservice=5;checkoutservice=5;currencyservice=5;emailservice=5;frontend=5;paymentservice=5;productcatalogservice=5;recommendationservice=5;redis-cart=1;shippingservice=5,sinusoidal,stageC,cga,CGA,119,119.000,replay,mixed,1.011258,0.020058,11,2.173867,0.000000,0.399878,0.722044,,,0.000000,0.008306,0.008306,10,11,0,84.413264,84.413264,84.413264,84.413264,120.000000,0.000000,135.998480,0.620693,0.000000,20,,,,,,,,,
online-boutique,online-boutique-longmix-stageC-scale20-replica5-sinusoidal-steps500-20260612T140721Z,idyn-ob-scale20-replica5,scale20,replica5,adservice=5;cartservice=5;checkoutservice=5;currencyservice=5;emailservice=5;frontend=5;paymentservice=5;productcatalogservice=5;recommendationservice=5;redis-cart=1;shippingservice=5,sinusoidal,stageC,hda,HDA,119,119.000,replay,mixed,1.011258,0.020058,11,2.173867,0.000000,0.399878,0.722044,,,0.000000,0.008306,0.008306,10,11,0,78.171333,78.171333,78.171333,78.171333,120.000000,0.000000,135.998480,0.574796,0.000000,20,,,,,,,,,
online-boutique,online-boutique-longmix-stageC-scale20-replica5-sinusoidal-steps500-20260612T140721Z,idyn-ob-scale20-replica5,scale20,replica5,adservice=5;cartservice=5;checkoutservice=5;currencyservice=5;emailservice=5;frontend=5;paymentservice=5;productcatalogservice=5;recommendationservice=5;redis-cart=1;shippingservice=5,sinusoidal,stageC,kubernetes-default,K8s default,120,120.000,replay,mixed,0.982145,0.029659,11,2.181134,0.000000,0.397305,0.722208,,,0.000000,0.013245,0.013245,10,11,0,83.200597,83.200597,83.200597,83.200597,120.000000,0.000000,136.036659,0.611604,0.000000,20,,,,,,,,,
online-boutique,online-boutique-longmix-stageC-scale20-replica5-sinusoidal-steps500-20260612T140721Z,idyn-ob-scale20-replica5,scale20,replica5,adservice=5;cartservice=5;checkoutservice=5;currencyservice=5;emailservice=5;frontend=5;paymentservice=5;productcatalogservice=5;recommendationservice=5;redis-cart=1;shippingservice=5,sinusoidal,stageC,cga,CGA,120,120.000,replay,mixed,0.982145,0.029659,11,2.181134,0.000000,0.397305,0.722208,,,0.000000,0.013245,0.013245,10,11,0,83.479967,83.479967,83.479967,83.479967,120.000000,0.000000,136.036659,0.613658,0.000000,20,,,,,,,,,
online-boutique,online-boutique-longmix-stageC-scale20-replica5-sinusoidal-steps500-20260612T140721Z,idyn-ob-scale20-replica5,scale20,replica5,adservice=5;cartservice=5;checkoutservice=5;currencyservice=5;emailservice=5;frontend=5;paymentservice=5;productcatalogservice=5;recommendationservice=5;redis-cart=1;shippingservice=5,sinusoidal,stageC,hda,HDA,120,120.000,replay,mixed,0.982145,0.029659,11,2.181134,0.000000,0.397305,0.722208,,,0.000000,0.013245,0.013245,10,11,0,71.330842,71.330842,71.330842,71.330842,120.000000,0.000000,136.036659,0.524350,0.000000,20,,,,,,,,,
online-boutique,online-boutique-longmix-stageC-scale20-replica5-sinusoidal-steps500-20260612T140721Z,idyn-ob-scale20-replica5,scale20,replica5,adservice=5;cartservice=5;checkoutservice=5;currencyservice=5;emailservice=5;frontend=5;paymentservice=5;productcatalogservice=5;recommendationservice=5;redis-cart=1;shippingservice=5,sinusoidal,stageC,kubernetes-default,K8s default,121,121.000,replay,mixed,1.024005,0.040027,11,2.188360,0.000000,0.394708,0.722227,,,0.000000,0.012463,0.012463,10,11,0,89.021805,89.021805,89.021805,89.021805,120.000000,0.000000,136.075654,0.654208,0.000000,20,,,,,,,,,
online-boutique,online-boutique-longmix-stageC-scale20-replica5-sinusoidal-steps500-20260612T140721Z,idyn-ob-scale20-replica5,scale20,replica5,adservice=5;cartservice=5;checkoutservice=5;currencyservice=5;emailservice=5;frontend=5;paymentservice=5;productcatalogservice=5;recommendationservice=5;redis-cart=1;shippingservice=5,sinusoidal,stageC,cga,CGA,121,121.000,replay,mixed,1.024005,0.040027,11,2.188360,0.000000,0.394708,0.722227,,,0.000000,0.012463,0.012463,10,11,0,79.567972,79.567972,79.567972,79.567972,120.000000,0.000000,136.075654,0.584733,0.000000,20,,,,,,,,,
online-boutique,online-boutique-longmix-stageC-scale20-replica5-sinusoidal-steps500-20260612T140721Z,idyn-ob-scale20-replica5,scale20,replica5,adservice=5;cartservice=5;checkoutservice=5;currencyservice=5;emailservice=5;frontend=5;paymentservice=5;productcatalogservice=5;recommendationservice=5;redis-cart=1;shippingservice=5,sinusoidal,stageC,hda,HDA,121,121.000,replay,mixed,1.024005,0.040027,11,2.188360,0.000000,0.394708,0.722227,,,0.000000,0.012463,0.012463,10,11,0,79.439575,79.439575,79.439575,79.439575,120.000000,0.000000,136.075654,0.583790,0.000000,20,,,,,,,,,
online-boutique,online-boutique-longmix-stageC-scale20-replica5-sinusoidal-steps500-20260612T140721Z,idyn-ob-scale20-replica5,scale20,replica5,adservice=5;cartservice=5;checkoutservice=5;currencyservice=5;emailservice=5;frontend=5;paymentservice=5;productcatalogservice=5;recommendationservice=5;redis-cart=1;shippingservice=5,sinusoidal,stageC,kubernetes-default,K8s default,122,122.000,replay,mixed,0.960129,0.063203,11,2.195543,0.000000,0.392089,0.722089,,,0.000000,0.012023,0.012023,10,11,0,87.968494,87.968494,87.968494,87.968494,120.000000,0.000000,136.115465,0.646278,0.000000,20,,,,,,,,,
online-boutique,online-boutique-longmix-stageC-scale20-replica5-sinusoidal-steps500-20260612T140721Z,idyn-ob-scale20-replica5,scale20,replica5,adservice=5;cartservice=5;checkoutservice=5;currencyservice=5;emailservice=5;frontend=5;paymentservice=5;productcatalogservice=5;recommendationservice=5;redis-cart=1;shippingservice=5,sinusoidal,stageC,cga,CGA,122,122.000,replay,mixed,0.960129,0.063203,11,2.195543,0.000000,0.392089,0.722089,,,0.000000,0.012023,0.012023,10,11,0,79.393793,79.393793,79.393793,79.393793,120.000000,0.000000,136.115465,0.583283,0.000000,20,,,,,,,,,
online-boutique,online-boutique-longmix-stageC-scale20-replica5-sinusoidal-steps500-20260612T140721Z,idyn-ob-scale20-replica5,scale20,replica5,adservice=5;cartservice=5;checkoutservice=5;currencyservice=5;emailservice=5;frontend=5;paymentservice=5;productcatalogservice=5;recommendationservice=5;redis-cart=1;shippingservice=5,sinusoidal,stageC,hda,HDA,122,122.000,replay,mixed,0.960129,0.063203,11,2.195543,0.000000,0.392089,0.722089,,,0.000000,0.012023,0.012023,10,11,0,76.182483,76.182483,76.182483,76.182483,120.000000,0.000000,136.115465,0.559690,0.000000,20,,,,,,,,,
online-boutique,online-boutique-longmix-stageC-scale20-replica5-sinusoidal-steps500-20260612T140721Z,idyn-ob-scale20-replica5,scale20,replica5,adservice=5;cartservice=5;checkoutservice=5;currencyservice=5;emailservice=5;frontend=5;paymentservice=5;productcatalogservice=5;recommendationservice=5;redis-cart=1;shippingservice=5,sinusoidal,stageC,kubernetes-default,K8s default,123,123.000,replay,mixed,1.037273,0.073564,11,2.202679,0.000000,0.389449,0.721784,,,0.000000,0.008156,0.008156,10,11,0,91.626179,91.626179,91.626179,91.626179,120.000000,0.000000,136.156091,0.672950,0.000000,20,,,,,,,,,
online-boutique,online-boutique-longmix-stageC-scale20-replica5-sinusoidal-steps500-20260612T140721Z,idyn-ob-scale20-replica5,scale20,replica5,adservice=5;cartservice=5;checkoutservice=5;currencyservice=5;emailservice=5;frontend=5;paymentservice=5;productcatalogservice=5;recommendationservice=5;redis-cart=1;shippingservice=5,sinusoidal,stageC,cga,CGA,123,123.000,replay,mixed,1.037273,0.073564,11,2.202679,0.000000,0.389449,0.721784,,,0.000000,0.008156,0.008156,10,11,0,83.983628,83.983628,83.983628,83.983628,120.000000,0.000000,136.156091,0.616819,0.000000,20,,,,,,,,,
online-boutique,online-boutique-longmix-stageC-scale20-replica5-sinusoidal-steps500-20260612T140721Z,idyn-ob-scale20-replica5,scale20,replica5,adservice=5;cartservice=5;checkoutservice=5;currencyservice=5;emailservice=5;frontend=5;paymentservice=5;productcatalogservice=5;recommendationservice=5;redis-cart=1;shippingservice=5,sinusoidal,stageC,hda,HDA,123,123.000,replay,mixed,1.037273,0.073564,11,2.202679,0.000000,0.389449,0.721784,,,0.000000,0.008156,0.008156,10,11,0,79.967960,79.967960,79.967960,79.967960,120.000000,0.000000,136.156091,0.587326,0.000000,20,,,,,,,,,
online-boutique,online-boutique-longmix-stageC-scale20-replica5-sinusoidal-steps500-20260612T140721Z,idyn-ob-scale20-replica5,scale20,replica5,adservice=5;cartservice=5;checkoutservice=5;currencyservice=5;emailservice=5;frontend=5;paymentservice=5;productcatalogservice=5;recommendationservice=5;redis-cart=1;shippingservice=5,sinusoidal,stageC,kubernetes-default,K8s default,124,124.000,replay,mixed,0.974170,0.061645,11,2.209767,0.000000,0.386787,0.721300,,,0.000000,0.011762,0.011762,10,11,0,82.646369,82.646369,82.646369,82.646369,120.000000,0.000000,136.197530,0.606813,0.000000,20,,,,,,,,,
online-boutique,online-boutique-longmix-stageC-scale20-replica5-sinusoidal-steps500-20260612T140721Z,idyn-ob-scale20-replica5,scale20,replica5,adservice=5;cartservice=5;checkoutservice=5;currencyservice=5;emailservice=5;frontend=5;paymentservice=5;productcatalogservice=5;recommendationservice=5;redis-cart=1;shippingservice=5,sinusoidal,stageC,cga,CGA,124,124.000,replay,mixed,0.974170,0.061645,11,2.209767,0.000000,0.386787,0.721300,,,0.000000,0.011762,0.011762,10,11,0,78.757914,78.757914,78.757914,78.757914,120.000000,0.000000,136.197530,0.578262,0.000000,20,,,,,,,,,
online-boutique,online-boutique-longmix-stageC-scale20-replica5-sinusoidal-steps500-20260612T140721Z,idyn-ob-scale20-replica5,scale20,replica5,adservice=5;cartservice=5;checkoutservice=5;currencyservice=5;emailservice=5;frontend=5;paymentservice=5;productcatalogservice=5;recommendationservice=5;redis-cart=1;shippingservice=5,sinusoidal,stageC,hda,HDA,124,124.000,replay,mixed,0.974170,0.061645,11,2.209767,0.000000,0.386787,0.721300,,,0.000000,0.011762,0.011762,10,11,0,81.199877,81.199877,81.199877,81.199877,120.000000,0.000000,136.197530,0.596192,0.000000,20,,,,,,,,,
online-boutique,online-boutique-longmix-stageC-scale20-replica5-sinusoidal-steps500-20260612T140721Z,idyn-ob-scale20-replica5,scale20,replica5,adservice=5;cartservice=5;checkoutservice=5;currencyservice=5;emailservice=5;frontend=5;paymentservice=5;productcatalogservice=5;recommendationservice=5;redis-cart=1;shippingservice=5,sinusoidal,stageC,kubernetes-default,K8s default,125,125.000,replay,mixed,1.016991,0.041288,11,2.216802,0.000000,0.384104,0.720624,,,0.000000,0.008566,0.008566,10,11,0,89.469795,89.469795,89.469795,89.469795,120.000000,0.000000,136.239782,0.656708,0.000000,20,,,,,,,,,
online-boutique,online-boutique-longmix-stageC-scale20-replica5-sinusoidal-steps500-20260612T140721Z,idyn-ob-scale20-replica5,scale20,replica5,adservice=5;cartservice=5;checkoutservice=5;currencyservice=5;emailservice=5;frontend=5;paymentservice=5;productcatalogservice=5;recommendationservice=5;redis-cart=1;shippingservice=5,sinusoidal,stageC,cga,CGA,125,125.000,replay,mixed,1.016991,0.041288,11,2.216802,0.000000,0.384104,0.720624,,,0.000000,0.008566,0.008566,10,11,0,85.966613,85.966613,85.966613,85.966613,120.000000,0.000000,136.239782,0.630995,0.000000,20,,,,,,,,,
online-boutique,online-boutique-longmix-stageC-scale20-replica5-sinusoidal-steps500-20260612T140721Z,idyn-ob-scale20-replica5,scale20,replica5,adservice=5;cartservice=5;checkoutservice=5;currencyservice=5;emailservice=5;frontend=5;paymentservice=5;productcatalogservice=5;recommendationservice=5;redis-cart=1;shippingservice=5,sinusoidal,stageC,hda,HDA,125,125.000,replay,mixed,1.016991,0.041288,11,2.216802,0.000000,0.384104,0.720624,,,0.000000,0.008566,0.008566,10,11,0,73.550757,73.550757,73.550757,73.550757,120.000000,0.000000,136.239782,0.539863,0.000000,20,,,,,,,,,
online-boutique,online-boutique-longmix-stageC-scale20-replica5-sinusoidal-steps500-20260612T140721Z,idyn-ob-scale20-replica5,scale20,replica5,adservice=5;cartservice=5;checkoutservice=5;currencyservice=5;emailservice=5;frontend=5;paymentservice=5;productcatalogservice=5;recommendationservice=5;redis-cart=1;shippingservice=5,sinusoidal,stageC,kubernetes-default,K8s default,126,126.000,replay,mixed,1.026411,0.008342,11,2.223781,0.000000,0.381401,0.719745,,,0.000000,0.008386,0.008386,10,11,0,83.269002,83.269002,83.269002,83.269002,120.000000,0.000000,136.282844,0.611001,0.000000,20,,,,,,,,,
online-boutique,online-boutique-longmix-stageC-scale20-replica5-sinusoidal-steps500-20260612T140721Z,idyn-ob-scale20-replica5,scale20,replica5,adservice=5;cartservice=5;checkoutservice=5;currencyservice=5;emailservice=5;frontend=5;paymentservice=5;productcatalogservice=5;recommendationservice=5;redis-cart=1;shippingservice=5,sinusoidal,stageC,cga,CGA,126,126.000,replay,mixed,1.026411,0.008342,11,2.223781,0.000000,0.381401,0.719745,,,0.000000,0.008386,0.008386,10,11,0,76.455868,76.455868,76.455868,76.455868,120.000000,0.000000,136.282844,0.561009,0.000000,20,,,,,,,,,
online-boutique,online-boutique-longmix-stageC-scale20-replica5-sinusoidal-steps500-20260612T140721Z,idyn-ob-scale20-replica5,scale20,replica5,adservice=5;cartservice=5;checkoutservice=5;currencyservice=5;emailservice=5;frontend=5;paymentservice=5;productcatalogservice=5;recommendationservice=5;redis-cart=1;shippingservice=5,sinusoidal,stageC,hda,HDA,126,126.000,replay,mixed,1.026411,0.008342,11,2.223781,0.000000,0.381401,0.719745,,,0.000000,0.008386,0.008386,10,11,0,77.320015,77.320015,77.320015,77.320015,120.000000,0.000000,136.282844,0.567350,0.000000,20,,,,,,,,,
online-boutique,online-boutique-longmix-stageC-scale20-replica5-sinusoidal-steps500-20260612T140721Z,idyn-ob-scale20-replica5,scale20,replica5,adservice=5;cartservice=5;checkoutservice=5;currencyservice=5;emailservice=5;frontend=5;paymentservice=5;productcatalogservice=5;recommendationservice=5;redis-cart=1;shippingservice=5,sinusoidal,stageC,kubernetes-default,K8s default,127,127.000,replay,mixed,0.942291,0.082720,11,2.230703,0.000000,0.378679,0.718651,,,0.000000,0.032069,0.032069,10,11,0,81.500167,81.500167,81.500167,81.500167,120.000000,0.000000,136.326713,0.597830,0.000000,20,,,,,,,,,
online-boutique,online-boutique-longmix-stageC-scale20-replica5-sinusoidal-steps500-20260612T140721Z,idyn-ob-scale20-replica5,scale20,replica5,adservice=5;cartservice=5;checkoutservice=5;currencyservice=5;emailservice=5;frontend=5;paymentservice=5;productcatalogservice=5;recommendationservice=5;redis-cart=1;shippingservice=5,sinusoidal,stageC,cga,CGA,127,127.000,replay,mixed,0.942291,0.082720,11,2.230703,0.000000,0.378679,0.718651,,,0.000000,0.032069,0.032069,10,11,0,75.772597,75.772597,75.772597,75.772597,120.000000,0.000000,136.326713,0.555816,0.000000,20,,,,,,,,,
online-boutique,online-boutique-longmix-stageC-scale20-replica5-sinusoidal-steps500-20260612T140721Z,idyn-ob-scale20-replica5,scale20,replica5,adservice=5;cartservice=5;checkoutservice=5;currencyservice=5;emailservice=5;frontend=5;paymentservice=5;productcatalogservice=5;recommendationservice=5;redis-cart=1;shippingservice=5,sinusoidal,stageC,hda,HDA,127,127.000,replay,mixed,0.942291,0.082720,11,2.230703,0.000000,0.378679,0.718651,,,0.000000,0.032069,0.032069,10,11,0,76.845456,76.845456,76.845456,76.845456,120.000000,0.000000,136.326713,0.563686,0.000000,20,,,,,,,,,
online-boutique,online-boutique-longmix-stageC-scale20-replica5-sinusoidal-steps500-20260612T140721Z,idyn-ob-scale20-replica5,scale20,replica5,adservice=5;cartservice=5;checkoutservice=5;currencyservice=5;emailservice=5;frontend=5;paymentservice=5;productcatalogservice=5;recommendationservice=5;redis-cart=1;shippingservice=5,sinusoidal,stageC,kubernetes-default,K8s default,128,128.000,replay,mixed,0.945890,0.006512,11,2.237563,0.000000,0.376192,0.717330,,,0.000000,0.012954,0.012954,10,11,0,80.387392,80.387392,80.387392,80.387392,120.000000,0.000000,136.371387,0.589474,0.000000,20,,,,,,,,,
online-boutique,online-boutique-longmix-stageC-scale20-replica5-sinusoidal-steps500-20260612T140721Z,idyn-ob-scale20-replica5,scale20,replica5,adservice=5;cartservice=5;checkoutservice=5;currencyservice=5;emailservice=5;frontend=5;paymentservice=5;productcatalogservice=5;recommendationservice=5;redis-cart=1;shippingservice=5,sinusoidal,stageC,cga,CGA,128,128.000,replay,mixed,0.945890,0.006512,11,2.237563,0.000000,0.376192,0.717330,,,0.000000,0.012954,0.012954,10,11,0,75.713517,75.713517,75.713517,75.713517,120.000000,0.000000,136.371387,0.555201,0.000000,20,,,,,,,,,
online-boutique,online-boutique-longmix-stageC-scale20-replica5-sinusoidal-steps500-20260612T140721Z,idyn-ob-scale20-replica5,scale20,replica5,adservice=5;cartservice=5;checkoutservice=5;currencyservice=5;emailservice=5;frontend=5;paymentservice=5;productcatalogservice=5;recommendationservice=5;redis-cart=1;shippingservice=5,sinusoidal,stageC,hda,HDA,128,128.000,replay,mixed,0.945890,0.006512,11,2.237563,0.000000,0.376192,0.717330,,,0.000000,0.012954,0.012954,10,11,0,70.937499,70.937499,70.937499,70.937499,120.000000,0.000000,136.371387,0.520179,0.000000,20,,,,,,,,,
online-boutique,online-boutique-longmix-stageC-scale20-replica5-sinusoidal-steps500-20260612T140721Z,idyn-ob-scale20-replica5,scale20,replica5,adservice=5;cartservice=5;checkoutservice=5;currencyservice=5;emailservice=5;frontend=5;paymentservice=5;productcatalogservice=5;recommendationservice=5;redis-cart=1;shippingservice=5,sinusoidal,stageC,kubernetes-default,K8s default,129,129.000,replay,mixed,0.978169,0.032215,11,2.244358,0.000000,0.373699,0.715769,,,0.000000,0.009058,0.009058,10,11,0,89.502021,89.502021,89.502021,89.502021,120.000000,0.000000,136.416862,0.656092,0.000000,20,,,,,,,,,
online-boutique,online-boutique-longmix-stageC-scale20-replica5-sinusoidal-steps500-20260612T140721Z,idyn-ob-scale20-replica5,scale20,replica5,adservice=5;cartservice=5;checkoutservice=5;currencyservice=5;emailservice=5;frontend=5;paymentservice=5;productcatalogservice=5;recommendationservice=5;redis-cart=1;shippingservice=5,sinusoidal,stageC,cga,CGA,129,129.000,replay,mixed,0.978169,0.032215,11,2.244358,0.000000,0.373699,0.715769,,,0.000000,0.009058,0.009058,10,11,0,77.914077,77.914077,77.914077,77.914077,120.000000,0.000000,136.416862,0.571147,0.000000,20,,,,,,,,,
online-boutique,online-boutique-longmix-stageC-scale20-replica5-sinusoidal-steps500-20260612T140721Z,idyn-ob-scale20-replica5,scale20,replica5,adservice=5;cartservice=5;checkoutservice=5;currencyservice=5;emailservice=5;frontend=5;paymentservice=5;productcatalogservice=5;recommendationservice=5;redis-cart=1;shippingservice=5,sinusoidal,stageC,hda,HDA,129,129.000,replay,mixed,0.978169,0.032215,11,2.244358,0.000000,0.373699,0.715769,,,0.000000,0.009058,0.009058,10,11,0,73.326189,73.326189,73.326189,73.326189,120.000000,0.000000,136.416862,0.537516,0.000000,20,,,,,,,,,
online-boutique,online-boutique-longmix-stageC-scale20-replica5-sinusoidal-steps500-20260612T140721Z,idyn-ob-scale20-replica5,scale20,replica5,adservice=5;cartservice=5;checkoutservice=5;currencyservice=5;emailservice=5;frontend=5;paymentservice=5;productcatalogservice=5;recommendationservice=5;redis-cart=1;shippingservice=5,sinusoidal,stageC,kubernetes-default,K8s default,130,130.000,replay,mixed,1.001196,0.022218,11,2.251086,0.000000,0.371192,0.713958,,,0.000000,0.009658,0.009658,10,11,0,84.542479,84.542479,84.542479,84.542479,120.000000,0.000000,136.463135,0.619526,0.000000,20,,,,,,,,,
online-boutique,online-boutique-longmix-stageC-scale20-replica5-sinusoidal-steps500-20260612T140721Z,idyn-ob-scale20-replica5,scale20,replica5,adservice=5;cartservice=5;checkoutservice=5;currencyservice=5;emailservice=5;frontend=5;paymentservice=5;productcatalogservice=5;recommendationservice=5;redis-cart=1;shippingservice=5,sinusoidal,stageC,cga,CGA,130,130.000,replay,mixed,1.001196,0.022218,11,2.251086,0.000000,0.371192,0.713958,,,0.000000,0.009658,0.009658,10,11,0,80.708607,80.708607,80.708607,80.708607,120.000000,0.000000,136.463135,0.591432,0.000000,20,,,,,,,,,
online-boutique,online-boutique-longmix-stageC-scale20-replica5-sinusoidal-steps500-20260612T140721Z,idyn-ob-scale20-replica5,scale20,replica5,adservice=5;cartservice=5;checkoutservice=5;currencyservice=5;emailservice=5;frontend=5;paymentservice=5;productcatalogservice=5;recommendationservice=5;redis-cart=1;shippingservice=5,sinusoidal,stageC,hda,HDA,130,130.000,replay,mixed,1.001196,0.022218,11,2.251086,0.000000,0.371192,0.713958,,,0.000000,0.009658,0.009658,10,11,0,79.752653,79.752653,79.752653,79.752653,120.000000,0.000000,136.463135,0.584426,0.000000,20,,,,,,,,,
online-boutique,online-boutique-longmix-stageC-scale20-replica5-sinusoidal-steps500-20260612T140721Z,idyn-ob-scale20-replica5,scale20,replica5,adservice=5;cartservice=5;checkoutservice=5;currencyservice=5;emailservice=5;frontend=5;paymentservice=5;productcatalogservice=5;recommendationservice=5;redis-cart=1;shippingservice=5,sinusoidal,stageC,kubernetes-default,K8s default,131,131.000,replay,mixed,0.946675,0.055199,11,2.257743,0.000000,0.368742,0.711885,,,0.000000,0.008586,0.008586,10,11,0,82.773114,82.773114,82.773114,82.773114,120.000000,0.000000,136.510200,0.606351,0.000000,20,,,,,,,,,
online-boutique,online-boutique-longmix-stageC-scale20-replica5-sinusoidal-steps500-20260612T140721Z,idyn-ob-scale20-replica5,scale20,replica5,adservice=5;cartservice=5;checkoutservice=5;currencyservice=5;emailservice=5;frontend=5;paymentservice=5;productcatalogservice=5;recommendationservice=5;redis-cart=1;shippingservice=5,sinusoidal,stageC,cga,CGA,131,131.000,replay,mixed,0.946675,0.055199,11,2.257743,0.000000,0.368742,0.711885,,,0.000000,0.008586,0.008586,10,11,0,80.029350,80.029350,80.029350,80.029350,120.000000,0.000000,136.510200,0.586252,0.000000,20,,,,,,,,,
online-boutique,online-boutique-longmix-stageC-scale20-replica5-sinusoidal-steps500-20260612T140721Z,idyn-ob-scale20-replica5,scale20,replica5,adservice=5;cartservice=5;checkoutservice=5;currencyservice=5;emailservice=5;frontend=5;paymentservice=5;productcatalogservice=5;recommendationservice=5;redis-cart=1;shippingservice=5,sinusoidal,stageC,hda,HDA,131,131.000,replay,mixed,0.946675,0.055199,11,2.257743,0.000000,0.368742,0.711885,,,0.000000,0.008586,0.008586,10,11,0,75.152310,75.152310,75.152310,75.152310,120.000000,0.000000,136.510200,0.550525,0.000000,20,,,,,,,,,
online-boutique,online-boutique-longmix-stageC-scale20-replica5-sinusoidal-steps500-20260612T140721Z,idyn-ob-scale20-replica5,scale20,replica5,adservice=5;cartservice=5;checkoutservice=5;currencyservice=5;emailservice=5;frontend=5;paymentservice=5;productcatalogservice=5;recommendationservice=5;redis-cart=1;shippingservice=5,sinusoidal,stageC,kubernetes-default,K8s default,132,132.000,replay,mixed,1.007684,0.059815,11,2.264327,0.000000,0.366374,0.709539,,,0.000000,0.008536,0.008536,10,11,0,88.104110,88.104110,88.104110,88.104110,120.000000,0.000000,136.558052,0.645177,0.000000,20,,,,,,,,,
online-boutique,online-boutique-longmix-stageC-scale20-replica5-sinusoidal-steps500-20260612T140721Z,idyn-ob-scale20-replica5,scale20,replica5,adservice=5;cartservice=5;checkoutservice=5;currencyservice=5;emailservice=5;frontend=5;paymentservice=5;productcatalogservice=5;recommendationservice=5;redis-cart=1;shippingservice=5,sinusoidal,stageC,cga,CGA,132,132.000,replay,mixed,1.007684,0.059815,11,2.264327,0.000000,0.366374,0.709539,,,0.000000,0.008536,0.008536,10,11,0,83.432945,83.432945,83.432945,83.432945,120.000000,0.000000,136.558052,0.610971,0.000000,20,,,,,,,,,
online-boutique,online-boutique-longmix-stageC-scale20-replica5-sinusoidal-steps500-20260612T140721Z,idyn-ob-scale20-replica5,scale20,replica5,adservice=5;cartservice=5;checkoutservice=5;currencyservice=5;emailservice=5;frontend=5;paymentservice=5;productcatalogservice=5;recommendationservice=5;redis-cart=1;shippingservice=5,sinusoidal,stageC,hda,HDA,132,132.000,replay,mixed,1.007684,0.059815,11,2.264327,0.000000,0.366374,0.709539,,,0.000000,0.008536,0.008536,10,11,0,78.049575,78.049575,78.049575,78.049575,120.000000,0.000000,136.558052,0.571549,0.000000,20,,,,,,,,,
online-boutique,online-boutique-longmix-stageC-scale20-replica5-sinusoidal-steps500-20260612T140721Z,idyn-ob-scale20-replica5,scale20,replica5,adservice=5;cartservice=5;checkoutservice=5;currencyservice=5;emailservice=5;frontend=5;paymentservice=5;productcatalogservice=5;recommendationservice=5;redis-cart=1;shippingservice=5,sinusoidal,stageC,kubernetes-default,K8s default,133,133.000,replay,mixed,0.953625,0.054367,11,2.270834,0.000000,0.363994,0.706910,,,0.000000,0.025257,0.025257,10,11,0,87.688890,87.688890,87.688890,87.688890,120.000000,0.000000,136.606687,0.641908,0.000000,20,,,,,,,,,
online-boutique,online-boutique-longmix-stageC-scale20-replica5-sinusoidal-steps500-20260612T140721Z,idyn-ob-scale20-replica5,scale20,replica5,adservice=5;cartservice=5;checkoutservice=5;currencyservice=5;emailservice=5;frontend=5;paymentservice=5;productcatalogservice=5;recommendationservice=5;redis-cart=1;shippingservice=5,sinusoidal,stageC,cga,CGA,133,133.000,replay,mixed,0.953625,0.054367,11,2.270834,0.000000,0.363994,0.706910,,,0.000000,0.025257,0.025257,10,11,0,78.724412,78.724412,78.724412,78.724412,120.000000,0.000000,136.606687,0.576285,0.000000,20,,,,,,,,,
online-boutique,online-boutique-longmix-stageC-scale20-replica5-sinusoidal-steps500-20260612T140721Z,idyn-ob-scale20-replica5,scale20,replica5,adservice=5;cartservice=5;checkoutservice=5;currencyservice=5;emailservice=5;frontend=5;paymentservice=5;productcatalogservice=5;recommendationservice=5;redis-cart=1;shippingservice=5,sinusoidal,stageC,hda,HDA,133,133.000,replay,mixed,0.953625,0.054367,11,2.270834,0.000000,0.363994,0.706910,,,0.000000,0.025257,0.025257,10,11,0,75.444841,75.444841,75.444841,75.444841,120.000000,0.000000,136.606687,0.552278,0.000000,20,,,,,,,,,
online-boutique,online-boutique-longmix-stageC-scale20-replica5-sinusoidal-steps500-20260612T140721Z,idyn-ob-scale20-replica5,scale20,replica5,adservice=5;cartservice=5;checkoutservice=5;currencyservice=5;emailservice=5;frontend=5;paymentservice=5;productcatalogservice=5;recommendationservice=5;redis-cart=1;shippingservice=5,sinusoidal,stageC,kubernetes-default,K8s default,134,134.000,replay,mixed,0.966106,0.012180,11,2.277261,0.000000,0.361626,0.703988,,,0.000000,0.009338,0.009338,10,11,0,84.682689,84.682689,84.682689,84.682689,120.000000,0.000000,136.656098,0.619677,0.000000,20,,,,,,,,,
online-boutique,online-boutique-longmix-stageC-scale20-replica5-sinusoidal-steps500-20260612T140721Z,idyn-ob-scale20-replica5,scale20,replica5,adservice=5;cartservice=5;checkoutservice=5;currencyservice=5;emailservice=5;frontend=5;paymentservice=5;productcatalogservice=5;recommendationservice=5;redis-cart=1;shippingservice=5,sinusoidal,stageC,cga,CGA,134,134.000,replay,mixed,0.966106,0.012180,11,2.277261,0.000000,0.361626,0.703988,,,0.000000,0.009338,0.009338,10,11,0,80.813779,80.813779,80.813779,80.813779,120.000000,0.000000,136.656098,0.591366,0.000000,20,,,,,,,,,
online-boutique,online-boutique-longmix-stageC-scale20-replica5-sinusoidal-steps500-20260612T140721Z,idyn-ob-scale20-replica5,scale20,replica5,adservice=5;cartservice=5;checkoutservice=5;currencyservice=5;emailservice=5;frontend=5;paymentservice=5;productcatalogservice=5;recommendationservice=5;redis-cart=1;shippingservice=5,sinusoidal,stageC,hda,HDA,134,134.000,replay,mixed,0.966106,0.012180,11,2.277261,0.000000,0.361626,0.703988,,,0.000000,0.009338,0.009338,10,11,0,79.110080,79.110080,79.110080,79.110080,120.000000,0.000000,136.656098,0.578899,0.000000,20,,,,,,,,,
online-boutique,online-boutique-longmix-stageC-scale20-replica5-sinusoidal-steps500-20260612T140721Z,idyn-ob-scale20-replica5,scale20,replica5,adservice=5;cartservice=5;checkoutservice=5;currencyservice=5;emailservice=5;frontend=5;paymentservice=5;productcatalogservice=5;recommendationservice=5;redis-cart=1;shippingservice=5,sinusoidal,stageC,kubernetes-default,K8s default,135,135.000,replay,mixed,0.978100,0.011536,11,2.283606,0.000000,0.359609,0.700765,,,0.000000,0.009217,0.009217,10,11,0,85.448546,85.448546,85.448546,85.448546,120.000000,0.000000,136.706279,0.625052,0.000000,20,,,,,,,,,
online-boutique,online-boutique-longmix-stageC-scale20-replica5-sinusoidal-steps500-20260612T140721Z,idyn-ob-scale20-replica5,scale20,replica5,adservice=5;cartservice=5;checkoutservice=5;currencyservice=5;emailservice=5;frontend=5;paymentservice=5;productcatalogservice=5;recommendationservice=5;redis-cart=1;shippingservice=5,sinusoidal,stageC,cga,CGA,135,135.000,replay,mixed,0.978100,0.011536,11,2.283606,0.000000,0.359609,0.700765,,,0.000000,0.009217,0.009217,10,11,0,79.902930,79.902930,79.902930,79.902930,120.000000,0.000000,136.706279,0.584486,0.000000,20,,,,,,,,,
online-boutique,online-boutique-longmix-stageC-scale20-replica5-sinusoidal-steps500-20260612T140721Z,idyn-ob-scale20-replica5,scale20,replica5,adservice=5;cartservice=5;checkoutservice=5;currencyservice=5;emailservice=5;frontend=5;paymentservice=5;productcatalogservice=5;recommendationservice=5;redis-cart=1;shippingservice=5,sinusoidal,stageC,hda,HDA,135,135.000,replay,mixed,0.978100,0.011536,11,2.283606,0.000000,0.359609,0.700765,,,0.000000,0.009217,0.009217,10,11,0,73.467569,73.467569,73.467569,73.467569,120.000000,0.000000,136.706279,0.537412,0.000000,20,,,,,,,,,
online-boutique,online-boutique-longmix-stageC-scale20-replica5-sinusoidal-steps500-20260612T140721Z,idyn-ob-scale20-replica5,scale20,replica5,adservice=5;cartservice=5;checkoutservice=5;currencyservice=5;emailservice=5;frontend=5;paymentservice=5;productcatalogservice=5;recommendationservice=5;redis-cart=1;shippingservice=5,sinusoidal,stageC,kubernetes-default,K8s default,136,136.000,replay,mixed,0.931929,0.047891,11,2.289865,0.000000,0.357584,0.697234,,,0.000000,0.008516,0.008516,10,11,0,85.845790,85.845790,85.845790,85.845790,120.000000,0.000000,136.757223,0.627724,0.000000,20,,,,,,,,,
online-boutique,online-boutique-longmix-stageC-scale20-replica5-sinusoidal-steps500-20260612T140721Z,idyn-ob-scale20-replica5,scale20,replica5,adservice=5;cartservice=5;checkoutservice=5;currencyservice=5;emailservice=5;frontend=5;paymentservice=5;productcatalogservice=5;recommendationservice=5;redis-cart=1;shippingservice=5,sinusoidal,stageC,cga,CGA,136,136.000,replay,mixed,0.931929,0.047891,11,2.289865,0.000000,0.357584,0.697234,,,0.000000,0.008516,0.008516,10,11,0,78.077422,78.077422,78.077422,78.077422,120.000000,0.000000,136.757223,0.570920,0.000000,20,,,,,,,,,
online-boutique,online-boutique-longmix-stageC-scale20-replica5-sinusoidal-steps500-20260612T140721Z,idyn-ob-scale20-replica5,scale20,replica5,adservice=5;cartservice=5;checkoutservice=5;currencyservice=5;emailservice=5;frontend=5;paymentservice=5;productcatalogservice=5;recommendationservice=5;redis-cart=1;shippingservice=5,sinusoidal,stageC,hda,HDA,136,136.000,replay,mixed,0.931929,0.047891,11,2.289865,0.000000,0.357584,0.697234,,,0.000000,0.008516,0.008516,10,11,0,75.619280,75.619280,75.619280,75.619280,120.000000,0.000000,136.757223,0.552945,0.000000,20,,,,,,,,,
online-boutique,online-boutique-longmix-stageC-scale20-replica5-sinusoidal-steps500-20260612T140721Z,idyn-ob-scale20-replica5,scale20,replica5,adservice=5;cartservice=5;checkoutservice=5;currencyservice=5;emailservice=5;frontend=5;paymentservice=5;productcatalogservice=5;recommendationservice=5;redis-cart=1;shippingservice=5,sinusoidal,stageC,kubernetes-default,K8s default,137,137.000,replay,mixed,0.938214,0.007082,11,2.296036,0.000000,0.355553,0.693388,,,0.000000,0.012032,0.012032,10,11,0,81.003202,81.003202,81.003202,81.003202,120.000000,0.000000,136.808922,0.592090,0.000000,20,,,,,,,,,
online-boutique,online-boutique-longmix-stageC-scale20-replica5-sinusoidal-steps500-20260612T140721Z,idyn-ob-scale20-replica5,scale20,replica5,adservice=5;cartservice=5;checkoutservice=5;currencyservice=5;emailservice=5;frontend=5;paymentservice=5;productcatalogservice=5;recommendationservice=5;redis-cart=1;shippingservice=5,sinusoidal,stageC,cga,CGA,137,137.000,replay,mixed,0.938214,0.007082,11,2.296036,0.000000,0.355553,0.693388,,,0.000000,0.012032,0.012032,10,11,0,81.323308,81.323308,81.323308,81.323308,120.000000,0.000000,136.808922,0.594430,0.000000,20,,,,,,,,,
online-boutique,online-boutique-longmix-stageC-scale20-replica5-sinusoidal-steps500-20260612T140721Z,idyn-ob-scale20-replica5,scale20,replica5,adservice=5;cartservice=5;checkoutservice=5;currencyservice=5;emailservice=5;frontend=5;paymentservice=5;productcatalogservice=5;recommendationservice=5;redis-cart=1;shippingservice=5,sinusoidal,stageC,hda,HDA,137,137.000,replay,mixed,0.938214,0.007082,11,2.296036,0.000000,0.355553,0.693388,,,0.000000,0.012032,0.012032,10,11,0,76.607301,76.607301,76.607301,76.607301,120.000000,0.000000,136.808922,0.559958,0.000000,20,,,,,,,,,
online-boutique,online-boutique-longmix-stageC-scale20-replica5-sinusoidal-steps500-20260612T140721Z,idyn-ob-scale20-replica5,scale20,replica5,adservice=5;cartservice=5;checkoutservice=5;currencyservice=5;emailservice=5;frontend=5;paymentservice=5;productcatalogservice=5;recommendationservice=5;redis-cart=1;shippingservice=5,sinusoidal,stageC,kubernetes-default,K8s default,138,138.000,replay,mixed,0.931717,0.010309,11,2.302116,0.000000,0.353517,0.689223,,,0.000000,0.012694,0.012694,10,11,0,83.457378,83.457378,83.457378,83.457378,120.000000,0.000000,136.861367,0.609795,0.000000,20,,,,,,,,,
online-boutique,online-boutique-longmix-stageC-scale20-replica5-sinusoidal-steps500-20260612T140721Z,idyn-ob-scale20-replica5,scale20,replica5,adservice=5;cartservice=5;checkoutservice=5;currencyservice=5;emailservice=5;frontend=5;paymentservice=5;productcatalogservice=5;recommendationservice=5;redis-cart=1;shippingservice=5,sinusoidal,stageC,cga,CGA,138,138.000,replay,mixed,0.931717,0.010309,11,2.302116,0.000000,0.353517,0.689223,,,0.000000,0.012694,0.012694,10,11,0,80.725428,80.725428,80.725428,80.725428,120.000000,0.000000,136.861367,0.589834,0.000000,20,,,,,,,,,
online-boutique,online-boutique-longmix-stageC-scale20-replica5-sinusoidal-steps500-20260612T140721Z,idyn-ob-scale20-replica5,scale20,replica5,adservice=5;cartservice=5;checkoutservice=5;currencyservice=5;emailservice=5;frontend=5;paymentservice=5;productcatalogservice=5;recommendationservice=5;redis-cart=1;shippingservice=5,sinusoidal,stageC,hda,HDA,138,138.000,replay,mixed,0.931717,0.010309,11,2.302116,0.000000,0.353517,0.689223,,,0.000000,0.012694,0.012694,10,11,0,68.083594,68.083594,68.083594,68.083594,120.000000,0.000000,136.861367,0.497464,0.000000,20,,,,,,,,,
online-boutique,online-boutique-longmix-stageC-scale20-replica5-sinusoidal-steps500-20260612T140721Z,idyn-ob-scale20-replica5,scale20,replica5,adservice=5;cartservice=5;checkoutservice=5;currencyservice=5;emailservice=5;frontend=5;paymentservice=5;productcatalogservice=5;recommendationservice=5;redis-cart=1;shippingservice=5,sinusoidal,stageC,kubernetes-default,K8s default,139,139.000,replay,mixed,0.929983,0.008494,11,2.308101,0.000000,0.351476,0.684736,,,0.000000,0.008957,0.008957,10,11,0,79.273419,79.273419,79.273419,79.273419,120.000000,0.000000,136.914551,0.578999,0.000000,20,,,,,,,,,
online-boutique,online-boutique-longmix-stageC-scale20-replica5-sinusoidal-steps500-20260612T140721Z,idyn-ob-scale20-replica5,scale20,replica5,adservice=5;cartservice=5;checkoutservice=5;currencyservice=5;emailservice=5;frontend=5;paymentservice=5;productcatalogservice=5;recommendationservice=5;redis-cart=1;shippingservice=5,sinusoidal,stageC,cga,CGA,139,139.000,replay,mixed,0.929983,0.008494,11,2.308101,0.000000,0.351476,0.684736,,,0.000000,0.008957,0.008957,10,11,0,76.224588,76.224588,76.224588,76.224588,120.000000,0.000000,136.914551,0.556731,0.000000,20,,,,,,,,,
online-boutique,online-boutique-longmix-stageC-scale20-replica5-sinusoidal-steps500-20260612T140721Z,idyn-ob-scale20-replica5,scale20,replica5,adservice=5;cartservice=5;checkoutservice=5;currencyservice=5;emailservice=5;frontend=5;paymentservice=5;productcatalogservice=5;recommendationservice=5;redis-cart=1;shippingservice=5,sinusoidal,stageC,hda,HDA,139,139.000,replay,mixed,0.929983,0.008494,11,2.308101,0.000000,0.351476,0.684736,,,0.000000,0.008957,0.008957,10,11,0,78.534532,78.534532,78.534532,78.534532,120.000000,0.000000,136.914551,0.573603,0.000000,20,,,,,,,,,
online-boutique,online-boutique-longmix-stageC-scale20-replica5-sinusoidal-steps500-20260612T140721Z,idyn-ob-scale20-replica5,scale20,replica5,adservice=5;cartservice=5;checkoutservice=5;currencyservice=5;emailservice=5;frontend=5;paymentservice=5;productcatalogservice=5;recommendationservice=5;redis-cart=1;shippingservice=5,sinusoidal,stageC,kubernetes-default,K8s default,140,140.000,replay,mixed,0.958526,0.029138,11,2.313989,0.000000,0.349430,0.679926,,,0.000000,0.008496,0.008496,10,11,0,82.443400,82.443400,82.443400,82.443400,120.000000,0.000000,136.968464,0.601915,0.000000,20,,,,,,,,,
online-boutique,online-boutique-longmix-stageC-scale20-replica5-sinusoidal-steps500-20260612T140721Z,idyn-ob-scale20-replica5,scale20,replica5,adservice=5;cartservice=5;checkoutservice=5;currencyservice=5;emailservice=5;frontend=5;paymentservice=5;productcatalogservice=5;recommendationservice=5;redis-cart=1;shippingservice=5,sinusoidal,stageC,cga,CGA,140,140.000,replay,mixed,0.958526,0.029138,11,2.313989,0.000000,0.349430,0.679926,,,0.000000,0.008496,0.008496,10,11,0,80.245103,80.245103,80.245103,80.245103,120.000000,0.000000,136.968464,0.585866,0.000000,20,,,,,,,,,
online-boutique,online-boutique-longmix-stageC-scale20-replica5-sinusoidal-steps500-20260612T140721Z,idyn-ob-scale20-replica5,scale20,replica5,adservice=5;cartservice=5;checkoutservice=5;currencyservice=5;emailservice=5;frontend=5;paymentservice=5;productcatalogservice=5;recommendationservice=5;redis-cart=1;shippingservice=5,sinusoidal,stageC,hda,HDA,140,140.000,replay,mixed,0.958526,0.029138,11,2.313989,0.000000,0.349430,0.679926,,,0.000000,0.008496,0.008496,10,11,0,75.977142,75.977142,75.977142,75.977142,120.000000,0.000000,136.968464,0.554705,0.000000,20,,,,,,,,,
online-boutique,online-boutique-longmix-stageC-scale20-replica5-sinusoidal-steps500-20260612T140721Z,idyn-ob-scale20-replica5,scale20,replica5,adservice=5;cartservice=5;checkoutservice=5;currencyservice=5;emailservice=5;frontend=5;paymentservice=5;productcatalogservice=5;recommendationservice=5;redis-cart=1;shippingservice=5,sinusoidal,stageC,kubernetes-default,K8s default,141,141.000,replay,mixed,0.971737,0.062483,14,2.319777,0.000000,0.423361,0.891018,,,0.000000,0.021601,0.021601,11,14,0,89.376780,89.376780,89.376780,89.376780,120.000000,0.000000,137.023095,0.652275,0.000000,20,,,,,,,,,
online-boutique,online-boutique-longmix-stageC-scale20-replica5-sinusoidal-steps500-20260612T140721Z,idyn-ob-scale20-replica5,scale20,replica5,adservice=5;cartservice=5;checkoutservice=5;currencyservice=5;emailservice=5;frontend=5;paymentservice=5;productcatalogservice=5;recommendationservice=5;redis-cart=1;shippingservice=5,sinusoidal,stageC,cga,CGA,141,141.000,replay,mixed,0.971737,0.062483,14,2.319777,0.000000,0.423361,0.891018,,,0.000000,0.021601,0.021601,11,14,0,81.419495,81.419495,81.419495,81.419495,120.000000,0.000000,137.023095,0.594203,0.000000,20,,,,,,,,,
online-boutique,online-boutique-longmix-stageC-scale20-replica5-sinusoidal-steps500-20260612T140721Z,idyn-ob-scale20-replica5,scale20,replica5,adservice=5;cartservice=5;checkoutservice=5;currencyservice=5;emailservice=5;frontend=5;paymentservice=5;productcatalogservice=5;recommendationservice=5;redis-cart=1;shippingservice=5,sinusoidal,stageC,hda,HDA,141,141.000,replay,mixed,0.971737,0.062483,14,2.319777,0.000000,0.423361,0.891018,,,0.000000,0.021601,0.021601,11,14,0,80.651397,80.651397,80.651397,80.651397,120.000000,0.000000,137.023095,0.588597,0.000000,20,,,,,,,,,
online-boutique,online-boutique-longmix-stageC-scale20-replica5-sinusoidal-steps500-20260612T140721Z,idyn-ob-scale20-replica5,scale20,replica5,adservice=5;cartservice=5;checkoutservice=5;currencyservice=5;emailservice=5;frontend=5;paymentservice=5;productcatalogservice=5;recommendationservice=5;redis-cart=1;shippingservice=5,sinusoidal,stageC,kubernetes-default,K8s default,142,142.000,replay,mixed,0.983142,0.011420,14,2.325463,0.000000,0.421293,0.884394,,,0.000000,0.009829,0.009829,11,14,0,88.975779,88.975779,88.975779,88.975779,120.000000,0.000000,137.078435,0.649087,0.000000,20,,,,,,,,,
online-boutique,online-boutique-longmix-stageC-scale20-replica5-sinusoidal-steps500-20260612T140721Z,idyn-ob-scale20-replica5,scale20,replica5,adservice=5;cartservice=5;checkoutservice=5;currencyservice=5;emailservice=5;frontend=5;paymentservice=5;productcatalogservice=5;recommendationservice=5;redis-cart=1;shippingservice=5,sinusoidal,stageC,cga,CGA,142,142.000,replay,mixed,0.983142,0.011420,14,2.325463,0.000000,0.421293,0.884394,,,0.000000,0.009829,0.009829,11,14,0,78.568273,78.568273,78.568273,78.568273,120.000000,0.000000,137.078435,0.573163,0.000000,20,,,,,,,,,
online-boutique,online-boutique-longmix-stageC-scale20-replica5-sinusoidal-steps500-20260612T140721Z,idyn-ob-scale20-replica5,scale20,replica5,adservice=5;cartservice=5;checkoutservice=5;currencyservice=5;emailservice=5;frontend=5;paymentservice=5;productcatalogservice=5;recommendationservice=5;redis-cart=1;shippingservice=5,sinusoidal,stageC,hda,HDA,142,142.000,replay,mixed,0.983142,0.011420,14,2.325463,0.000000,0.421293,0.884394,,,0.000000,0.009829,0.009829,11,14,0,75.619260,75.619260,75.619260,75.619260,120.000000,0.000000,137.078435,0.551650,0.000000,20,,,,,,,,,
online-boutique,online-boutique-longmix-stageC-scale20-replica5-sinusoidal-steps500-20260612T140721Z,idyn-ob-scale20-replica5,scale20,replica5,adservice=5;cartservice=5;checkoutservice=5;currencyservice=5;emailservice=5;frontend=5;paymentservice=5;productcatalogservice=5;recommendationservice=5;redis-cart=1;shippingservice=5,sinusoidal,stageC,kubernetes-default,K8s default,143,143.000,replay,mixed,0.942951,0.089961,11,2.331044,0.000000,0.343276,0.663578,,,0.000000,0.009850,0.009850,10,11,0,84.219054,84.219054,84.219054,84.219054,120.000000,0.000000,137.134472,0.614135,0.000000,20,,,,,,,,,
online-boutique,online-boutique-longmix-stageC-scale20-replica5-sinusoidal-steps500-20260612T140721Z,idyn-ob-scale20-replica5,scale20,replica5,adservice=5;cartservice=5;checkoutservice=5;currencyservice=5;emailservice=5;frontend=5;paymentservice=5;productcatalogservice=5;recommendationservice=5;redis-cart=1;shippingservice=5,sinusoidal,stageC,cga,CGA,143,143.000,replay,mixed,0.942951,0.089961,11,2.331044,0.000000,0.343276,0.663578,,,0.000000,0.009850,0.009850,10,11,0,83.111057,83.111057,83.111057,83.111057,120.000000,0.000000,137.134472,0.606055,0.000000,20,,,,,,,,,
online-boutique,online-boutique-longmix-stageC-scale20-replica5-sinusoidal-steps500-20260612T140721Z,idyn-ob-scale20-replica5,scale20,replica5,adservice=5;cartservice=5;checkoutservice=5;currencyservice=5;emailservice=5;frontend=5;paymentservice=5;productcatalogservice=5;recommendationservice=5;redis-cart=1;shippingservice=5,sinusoidal,stageC,hda,HDA,143,143.000,replay,mixed,0.942951,0.089961,11,2.331044,0.000000,0.343276,0.663578,,,0.000000,0.009850,0.009850,10,11,0,77.344467,77.344467,77.344467,77.344467,120.000000,0.000000,137.134472,0.564005,0.000000,20,,,,,,,,,
online-boutique,online-boutique-longmix-stageC-scale20-replica5-sinusoidal-steps500-20260612T140721Z,idyn-ob-scale20-replica5,scale20,replica5,adservice=5;cartservice=5;checkoutservice=5;currencyservice=5;emailservice=5;frontend=5;paymentservice=5;productcatalogservice=5;recommendationservice=5;redis-cart=1;shippingservice=5,sinusoidal,stageC,kubernetes-default,K8s default,144,144.000,replay,mixed,0.918975,0.026004,11,2.336516,0.000000,0.341222,0.657509,,,0.000000,0.009046,0.009046,10,11,0,85.534177,85.534177,85.534177,85.534177,120.000000,0.000000,137.191196,0.623467,0.000000,20,,,,,,,,,
online-boutique,online-boutique-longmix-stageC-scale20-replica5-sinusoidal-steps500-20260612T140721Z,idyn-ob-scale20-replica5,scale20,replica5,adservice=5;cartservice=5;checkoutservice=5;currencyservice=5;emailservice=5;frontend=5;paymentservice=5;productcatalogservice=5;recommendationservice=5;redis-cart=1;shippingservice=5,sinusoidal,stageC,cga,CGA,144,144.000,replay,mixed,0.918975,0.026004,11,2.336516,0.000000,0.341222,0.657509,,,0.000000,0.009046,0.009046,10,11,0,79.836271,79.836271,79.836271,79.836271,120.000000,0.000000,137.191196,0.581934,0.000000,20,,,,,,,,,
online-boutique,online-boutique-longmix-stageC-scale20-replica5-sinusoidal-steps500-20260612T140721Z,idyn-ob-scale20-replica5,scale20,replica5,adservice=5;cartservice=5;checkoutservice=5;currencyservice=5;emailservice=5;frontend=5;paymentservice=5;productcatalogservice=5;recommendationservice=5;redis-cart=1;shippingservice=5,sinusoidal,stageC,hda,HDA,144,144.000,replay,mixed,0.918975,0.026004,11,2.336516,0.000000,0.341222,0.657509,,,0.000000,0.009046,0.009046,10,11,0,76.420123,76.420123,76.420123,76.420123,120.000000,0.000000,137.191196,0.557034,0.000000,20,,,,,,,,,
online-boutique,online-boutique-longmix-stageC-scale20-replica5-sinusoidal-steps500-20260612T140721Z,idyn-ob-scale20-replica5,scale20,replica5,adservice=5;cartservice=5;checkoutservice=5;currencyservice=5;emailservice=5;frontend=5;paymentservice=5;productcatalogservice=5;recommendationservice=5;redis-cart=1;shippingservice=5,sinusoidal,stageC,kubernetes-default,K8s default,145,145.000,replay,mixed,0.948372,0.080705,14,2.341879,0.000000,0.415311,0.863665,,,0.000000,0.012384,0.012384,11,14,0,85.673136,85.673136,85.673136,85.673136,120.000000,0.000000,137.248592,0.624219,0.000000,20,,,,,,,,,
online-boutique,online-boutique-longmix-stageC-scale20-replica5-sinusoidal-steps500-20260612T140721Z,idyn-ob-scale20-replica5,scale20,replica5,adservice=5;cartservice=5;checkoutservice=5;currencyservice=5;emailservice=5;frontend=5;paymentservice=5;productcatalogservice=5;recommendationservice=5;redis-cart=1;shippingservice=5,sinusoidal,stageC,cga,CGA,145,145.000,replay,mixed,0.948372,0.080705,14,2.341879,0.000000,0.415311,0.863665,,,0.000000,0.012384,0.012384,11,14,0,83.160405,83.160405,83.160405,83.160405,120.000000,0.000000,137.248592,0.605911,0.000000,20,,,,,,,,,
online-boutique,online-boutique-longmix-stageC-scale20-replica5-sinusoidal-steps500-20260612T140721Z,idyn-ob-scale20-replica5,scale20,replica5,adservice=5;cartservice=5;checkoutservice=5;currencyservice=5;emailservice=5;frontend=5;paymentservice=5;productcatalogservice=5;recommendationservice=5;redis-cart=1;shippingservice=5,sinusoidal,stageC,hda,HDA,145,145.000,replay,mixed,0.948372,0.080705,14,2.341879,0.000000,0.415311,0.863665,,,0.000000,0.012384,0.012384,11,14,0,74.969709,74.969709,74.969709,74.969709,120.000000,0.000000,137.248592,0.546233,0.000000,20,,,,,,,,,
online-boutique,online-boutique-longmix-stageC-scale20-replica5-sinusoidal-steps500-20260612T140721Z,idyn-ob-scale20-replica5,scale20,replica5,adservice=5;cartservice=5;checkoutservice=5;currencyservice=5;emailservice=5;frontend=5;paymentservice=5;productcatalogservice=5;recommendationservice=5;redis-cart=1;shippingservice=5,sinusoidal,stageC,kubernetes-default,K8s default,146,146.000,replay,mixed,0.918014,0.082701,11,2.347128,0.000000,0.337757,0.644506,,,0.000000,0.008556,0.008556,10,11,0,87.839859,87.839859,87.839859,87.839859,120.000000,0.000000,137.306650,0.639735,0.000000,20,,,,,,,,,
online-boutique,online-boutique-longmix-stageC-scale20-replica5-sinusoidal-steps500-20260612T140721Z,idyn-ob-scale20-replica5,scale20,replica5,adservice=5;cartservice=5;checkoutservice=5;currencyservice=5;emailservice=5;frontend=5;paymentservice=5;productcatalogservice=5;recommendationservice=5;redis-cart=1;shippingservice=5,sinusoidal,stageC,cga,CGA,146,146.000,replay,mixed,0.918014,0.082701,11,2.347128,0.000000,0.337757,0.644506,,,0.000000,0.008556,0.008556,10,11,0,79.250380,79.250380,79.250380,79.250380,120.000000,0.000000,137.306650,0.577178,0.000000,20,,,,,,,,,
online-boutique,online-boutique-longmix-stageC-scale20-replica5-sinusoidal-steps500-20260612T140721Z,idyn-ob-scale20-replica5,scale20,replica5,adservice=5;cartservice=5;checkoutservice=5;currencyservice=5;emailservice=5;frontend=5;paymentservice=5;productcatalogservice=5;recommendationservice=5;redis-cart=1;shippingservice=5,sinusoidal,stageC,hda,HDA,146,146.000,replay,mixed,0.918014,0.082701,11,2.347128,0.000000,0.337757,0.644506,,,0.000000,0.008556,0.008556,10,11,0,78.780222,78.780222,78.780222,78.780222,120.000000,0.000000,137.306650,0.573754,0.000000,20,,,,,,,,,
online-boutique,online-boutique-longmix-stageC-scale20-replica5-sinusoidal-steps500-20260612T140721Z,idyn-ob-scale20-replica5,scale20,replica5,adservice=5;cartservice=5;checkoutservice=5;currencyservice=5;emailservice=5;frontend=5;paymentservice=5;productcatalogservice=5;recommendationservice=5;redis-cart=1;shippingservice=5,sinusoidal,stageC,kubernetes-default,K8s default,147,147.000,replay,mixed,0.939390,0.073714,14,2.352262,0.000000,0.411800,0.849312,,,0.000000,0.012013,0.012013,11,14,0,87.492410,87.492410,87.492410,87.492410,120.000000,0.000000,137.365354,0.636932,0.000000,20,,,,,,,,,
online-boutique,online-boutique-longmix-stageC-scale20-replica5-sinusoidal-steps500-20260612T140721Z,idyn-ob-scale20-replica5,scale20,replica5,adservice=5;cartservice=5;checkoutservice=5;currencyservice=5;emailservice=5;frontend=5;paymentservice=5;productcatalogservice=5;recommendationservice=5;redis-cart=1;shippingservice=5,sinusoidal,stageC,cga,CGA,147,147.000,replay,mixed,0.939390,0.073714,14,2.352262,0.000000,0.411800,0.849312,,,0.000000,0.012013,0.012013,11,14,0,82.444727,82.444727,82.444727,82.444727,120.000000,0.000000,137.365354,0.600186,0.000000,20,,,,,,,,,
online-boutique,online-boutique-longmix-stageC-scale20-replica5-sinusoidal-steps500-20260612T140721Z,idyn-ob-scale20-replica5,scale20,replica5,adservice=5;cartservice=5;checkoutservice=5;currencyservice=5;emailservice=5;frontend=5;paymentservice=5;productcatalogservice=5;recommendationservice=5;redis-cart=1;shippingservice=5,sinusoidal,stageC,hda,HDA,147,147.000,replay,mixed,0.939390,0.073714,14,2.352262,0.000000,0.411800,0.849312,,,0.000000,0.012013,0.012013,11,14,0,81.869717,81.869717,81.869717,81.869717,120.000000,0.000000,137.365354,0.596000,0.000000,20,,,,,,,,,
online-boutique,online-boutique-longmix-stageC-scale20-replica5-sinusoidal-steps500-20260612T140721Z,idyn-ob-scale20-replica5,scale20,replica5,adservice=5;cartservice=5;checkoutservice=5;currencyservice=5;emailservice=5;frontend=5;paymentservice=5;productcatalogservice=5;recommendationservice=5;redis-cart=1;shippingservice=5,sinusoidal,stageC,kubernetes-default,K8s default,148,148.000,replay,mixed,0.945510,0.007984,14,2.357279,0.500000,0.410283,0.842040,,,0.000000,0.015559,0.015559,11,14,0,84.096170,84.096170,84.096170,84.096170,120.000000,0.000000,137.424692,0.611944,0.000000,20,,,,,,,,,
online-boutique,online-boutique-longmix-stageC-scale20-replica5-sinusoidal-steps500-20260612T140721Z,idyn-ob-scale20-replica5,scale20,replica5,adservice=5;cartservice=5;checkoutservice=5;currencyservice=5;emailservice=5;frontend=5;paymentservice=5;productcatalogservice=5;recommendationservice=5;redis-cart=1;shippingservice=5,sinusoidal,stageC,cga,CGA,148,148.000,replay,mixed,0.945510,0.007984,14,2.357279,0.500000,0.410283,0.842040,,,0.000000,0.015559,0.015559,11,14,0,80.456744,80.456744,80.456744,80.456744,120.000000,0.000000,137.424692,0.585461,0.000000,20,,,,,,,,,
online-boutique,online-boutique-longmix-stageC-scale20-replica5-sinusoidal-steps500-20260612T140721Z,idyn-ob-scale20-replica5,scale20,replica5,adservice=5;cartservice=5;checkoutservice=5;currencyservice=5;emailservice=5;frontend=5;paymentservice=5;productcatalogservice=5;recommendationservice=5;redis-cart=1;shippingservice=5,sinusoidal,stageC,hda,HDA,148,148.000,replay,mixed,0.945510,0.007984,14,2.357279,0.500000,0.410283,0.842040,,,0.000000,0.015559,0.015559,11,14,0,71.785545,71.785545,71.785545,71.785545,120.000000,0.000000,137.424692,0.522363,0.000000,20,,,,,,,,,
online-boutique,online-boutique-longmix-stageC-scale20-replica5-sinusoidal-steps500-20260612T140721Z,idyn-ob-scale20-replica5,scale20,replica5,adservice=5;cartservice=5;checkoutservice=5;currencyservice=5;emailservice=5;frontend=5;paymentservice=5;productcatalogservice=5;recommendationservice=5;redis-cart=1;shippingservice=5,sinusoidal,stageC,kubernetes-default,K8s default,149,149.000,replay,mixed,0.914921,0.032429,14,2.362176,0.000000,0.408896,0.834735,,,0.000000,0.008736,0.008736,11,14,0,84.900384,84.900384,84.900384,84.900384,120.000000,0.000000,137.484648,0.617526,0.000000,20,,,,,,,,,
online-boutique,online-boutique-longmix-stageC-scale20-replica5-sinusoidal-steps500-20260612T140721Z,idyn-ob-scale20-replica5,scale20,replica5,adservice=5;cartservice=5;checkoutservice=5;currencyservice=5;emailservice=5;frontend=5;paymentservice=5;productcatalogservice=5;recommendationservice=5;redis-cart=1;shippingservice=5,sinusoidal,stageC,cga,CGA,149,149.000,replay,mixed,0.914921,0.032429,14,2.362176,0.000000,0.408896,0.834735,,,0.000000,0.008736,0.008736,11,14,0,78.994709,78.994709,78.994709,78.994709,120.000000,0.000000,137.484648,0.574571,0.000000,20,,,,,,,,,
online-boutique,online-boutique-longmix-stageC-scale20-replica5-sinusoidal-steps500-20260612T140721Z,idyn-ob-scale20-replica5,scale20,replica5,adservice=5;cartservice=5;checkoutservice=5;currencyservice=5;emailservice=5;frontend=5;paymentservice=5;productcatalogservice=5;recommendationservice=5;redis-cart=1;shippingservice=5,sinusoidal,stageC,hda,HDA,149,149.000,replay,mixed,0.914921,0.032429,14,2.362176,0.000000,0.408896,0.834735,,,0.000000,0.008736,0.008736,11,14,0,71.969320,71.969320,71.969320,71.969320,120.000000,0.000000,137.484648,0.523472,0.000000,20,,,,,,,,,
online-boutique,online-boutique-longmix-stageC-scale20-replica5-sinusoidal-steps500-20260612T140721Z,idyn-ob-scale20-replica5,scale20,replica5,adservice=5;cartservice=5;checkoutservice=5;currencyservice=5;emailservice=5;frontend=5;paymentservice=5;productcatalogservice=5;recommendationservice=5;redis-cart=1;shippingservice=5,sinusoidal,stageC,kubernetes-default,K8s default,150,150.000,replay,mixed,0.969412,0.056151,14,2.366951,0.000000,0.407520,0.827426,,,0.000000,0.012403,0.012403,11,14,0,89.902767,89.902767,89.902767,89.902767,120.000000,0.000000,137.545208,0.653623,0.000000,20,,,,,,,,,
online-boutique,online-boutique-longmix-stageC-scale20-replica5-sinusoidal-steps500-20260612T140721Z,idyn-ob-scale20-replica5,scale20,replica5,adservice=5;cartservice=5;checkoutservice=5;currencyservice=5;emailservice=5;frontend=5;paymentservice=5;productcatalogservice=5;recommendationservice=5;redis-cart=1;shippingservice=5,sinusoidal,stageC,cga,CGA,150,150.000,replay,mixed,0.969412,0.056151,14,2.366951,0.000000,0.407520,0.827426,,,0.000000,0.012403,0.012403,11,14,0,85.509247,85.509247,85.509247,85.509247,120.000000,0.000000,137.545208,0.621681,0.000000,20,,,,,,,,,
online-boutique,online-boutique-longmix-stageC-scale20-replica5-sinusoidal-steps500-20260612T140721Z,idyn-ob-scale20-replica5,scale20,replica5,adservice=5;cartservice=5;checkoutservice=5;currencyservice=5;emailservice=5;frontend=5;paymentservice=5;productcatalogservice=5;recommendationservice=5;redis-cart=1;shippingservice=5,sinusoidal,stageC,hda,HDA,150,150.000,replay,mixed,0.969412,0.056151,14,2.366951,0.000000,0.407520,0.827426,,,0.000000,0.012403,0.012403,11,14,0,80.268715,80.268715,80.268715,80.268715,120.000000,0.000000,137.545208,0.583581,0.000000,20,,,,,,,,,
online-boutique,online-boutique-longmix-stageC-scale20-replica5-sinusoidal-steps500-20260612T140721Z,idyn-ob-scale20-replica5,scale20,replica5,adservice=5;cartservice=5;checkoutservice=5;currencyservice=5;emailservice=5;frontend=5;paymentservice=5;productcatalogservice=5;recommendationservice=5;redis-cart=1;shippingservice=5,sinusoidal,stageC,kubernetes-default,K8s default,151,151.000,replay,mixed,0.948159,0.021972,14,2.371603,0.000000,0.406157,0.820138,,,0.000000,0.009437,0.009437,11,14,0,87.717423,87.717423,87.717423,87.717423,120.000000,0.000000,137.606354,0.637452,0.000000,20,,,,,,,,,
online-boutique,online-boutique-longmix-stageC-scale20-replica5-sinusoidal-steps500-20260612T140721Z,idyn-ob-scale20-replica5,scale20,replica5,adservice=5;cartservice=5;checkoutservice=5;currencyservice=5;emailservice=5;frontend=5;paymentservice=5;productcatalogservice=5;recommendationservice=5;redis-cart=1;shippingservice=5,sinusoidal,stageC,cga,CGA,151,151.000,replay,mixed,0.948159,0.021972,14,2.371603,0.000000,0.406157,0.820138,,,0.000000,0.009437,0.009437,11,14,0,81.938752,81.938752,81.938752,81.938752,120.000000,0.000000,137.606354,0.595458,0.000000,20,,,,,,,,,
online-boutique,online-boutique-longmix-stageC-scale20-replica5-sinusoidal-steps500-20260612T140721Z,idyn-ob-scale20-replica5,scale20,replica5,adservice=5;cartservice=5;checkoutservice=5;currencyservice=5;emailservice=5;frontend=5;paymentservice=5;productcatalogservice=5;recommendationservice=5;redis-cart=1;shippingservice=5,sinusoidal,stageC,hda,HDA,151,151.000,replay,mixed,0.948159,0.021972,14,2.371603,0.000000,0.406157,0.820138,,,0.000000,0.009437,0.009437,11,14,0,74.900228,74.900228,74.900228,74.900228,120.000000,0.000000,137.606354,0.544308,0.000000,20,,,,,,,,,
online-boutique,online-boutique-longmix-stageC-scale20-replica5-sinusoidal-steps500-20260612T140721Z,idyn-ob-scale20-replica5,scale20,replica5,adservice=5;cartservice=5;checkoutservice=5;currencyservice=5;emailservice=5;frontend=5;paymentservice=5;productcatalogservice=5;recommendationservice=5;redis-cart=1;shippingservice=5,sinusoidal,stageC,kubernetes-default,K8s default,152,152.000,replay,mixed,0.896189,0.054843,14,2.376128,0.000000,0.404806,0.812903,,,0.000000,0.009970,0.009970,11,14,0,86.187642,86.187642,86.187642,86.187642,120.000000,0.000000,137.668072,0.626054,0.000000,20,,,,,,,,,
online-boutique,online-boutique-longmix-stageC-scale20-replica5-sinusoidal-steps500-20260612T140721Z,idyn-ob-scale20-replica5,scale20,replica5,adservice=5;cartservice=5;checkoutservice=5;currencyservice=5;emailservice=5;frontend=5;paymentservice=5;productcatalogservice=5;recommendationservice=5;redis-cart=1;shippingservice=5,sinusoidal,stageC,cga,CGA,152,152.000,replay,mixed,0.896189,0.054843,14,2.376128,0.000000,0.404806,0.812903,,,0.000000,0.009970,0.009970,11,14,0,82.358190,82.358190,82.358190,82.358190,120.000000,0.000000,137.668072,0.598237,0.000000,20,,,,,,,,,
online-boutique,online-boutique-longmix-stageC-scale20-replica5-sinusoidal-steps500-20260612T140721Z,idyn-ob-scale20-replica5,scale20,replica5,adservice=5;cartservice=5;checkoutservice=5;currencyservice=5;emailservice=5;frontend=5;paymentservice=5;productcatalogservice=5;recommendationservice=5;redis-cart=1;shippingservice=5,sinusoidal,stageC,hda,HDA,152,152.000,replay,mixed,0.896189,0.054843,14,2.376128,0.000000,0.404806,0.812903,,,0.000000,0.009970,0.009970,11,14,0,74.068893,74.068893,74.068893,74.068893,120.000000,0.000000,137.668072,0.538025,0.000000,20,,,,,,,,,
online-boutique,online-boutique-longmix-stageC-scale20-replica5-sinusoidal-steps500-20260612T140721Z,idyn-ob-scale20-replica5,scale20,replica5,adservice=5;cartservice=5;checkoutservice=5;currencyservice=5;emailservice=5;frontend=5;paymentservice=5;productcatalogservice=5;recommendationservice=5;redis-cart=1;shippingservice=5,sinusoidal,stageC,kubernetes-default,K8s default,153,153.000,replay,mixed,0.882680,0.069241,11,2.380526,0.000000,0.328833,0.592022,,,0.000000,0.008936,0.008936,10,11,0,87.532346,87.532346,87.532346,87.532346,120.000000,0.000000,137.730344,0.635534,0.000000,20,,,,,,,,,
online-boutique,online-boutique-longmix-stageC-scale20-replica5-sinusoidal-steps500-20260612T140721Z,idyn-ob-scale20-replica5,scale20,replica5,adservice=5;cartservice=5;checkoutservice=5;currencyservice=5;emailservice=5;frontend=5;paymentservice=5;productcatalogservice=5;recommendationservice=5;redis-cart=1;shippingservice=5,sinusoidal,stageC,cga,CGA,153,153.000,replay,mixed,0.882680,0.069241,11,2.380526,0.000000,0.328833,0.592022,,,0.000000,0.008936,0.008936,10,11,0,80.492072,80.492072,80.492072,80.492072,120.000000,0.000000,137.730344,0.584418,0.000000,20,,,,,,,,,
online-boutique,online-boutique-longmix-stageC-scale20-replica5-sinusoidal-steps500-20260612T140721Z,idyn-ob-scale20-replica5,scale20,replica5,adservice=5;cartservice=5;checkoutservice=5;currencyservice=5;emailservice=5;frontend=5;paymentservice=5;productcatalogservice=5;recommendationservice=5;redis-cart=1;shippingservice=5,sinusoidal,stageC,hda,HDA,153,153.000,replay,mixed,0.882680,0.069241,11,2.380526,0.000000,0.328833,0.592022,,,0.000000,0.008936,0.008936,10,11,0,76.249484,76.249484,76.249484,76.249484,120.000000,0.000000,137.730344,0.553614,0.000000,20,,,,,,,,,
online-boutique,online-boutique-longmix-stageC-scale20-replica5-sinusoidal-steps500-20260612T140721Z,idyn-ob-scale20-replica5,scale20,replica5,adservice=5;cartservice=5;checkoutservice=5;currencyservice=5;emailservice=5;frontend=5;paymentservice=5;productcatalogservice=5;recommendationservice=5;redis-cart=1;shippingservice=5,sinusoidal,stageC,kubernetes-default,K8s default,154,154.000,replay,mixed,0.880456,0.008548,11,2.384795,0.000000,0.327678,0.584020,,,0.000000,0.009097,0.009097,10,11,0,78.930885,78.930885,78.930885,78.930885,120.000000,0.000000,137.793151,0.572822,0.000000,20,,,,,,,,,
online-boutique,online-boutique-longmix-stageC-scale20-replica5-sinusoidal-steps500-20260612T140721Z,idyn-ob-scale20-replica5,scale20,replica5,adservice=5;cartservice=5;checkoutservice=5;currencyservice=5;emailservice=5;frontend=5;paymentservice=5;productcatalogservice=5;recommendationservice=5;redis-cart=1;shippingservice=5,sinusoidal,stageC,cga,CGA,154,154.000,replay,mixed,0.880456,0.008548,11,2.384795,0.000000,0.327678,0.584020,,,0.000000,0.009097,0.009097,10,11,0,73.328089,73.328089,73.328089,73.328089,120.000000,0.000000,137.793151,0.532161,0.000000,20,,,,,,,,,
online-boutique,online-boutique-longmix-stageC-scale20-replica5-sinusoidal-steps500-20260612T140721Z,idyn-ob-scale20-replica5,scale20,replica5,adservice=5;cartservice=5;checkoutservice=5;currencyservice=5;emailservice=5;frontend=5;paymentservice=5;productcatalogservice=5;recommendationservice=5;redis-cart=1;shippingservice=5,sinusoidal,stageC,hda,HDA,154,154.000,replay,mixed,0.880456,0.008548,11,2.384795,0.000000,0.327678,0.584020,,,0.000000,0.009097,0.009097,10,11,0,78.266021,78.266021,78.266021,78.266021,120.000000,0.000000,137.793151,0.567996,0.000000,20,,,,,,,,,
online-boutique,online-boutique-longmix-stageC-scale20-replica5-sinusoidal-steps500-20260612T140721Z,idyn-ob-scale20-replica5,scale20,replica5,adservice=5;cartservice=5;checkoutservice=5;currencyservice=5;emailservice=5;frontend=5;paymentservice=5;productcatalogservice=5;recommendationservice=5;redis-cart=1;shippingservice=5,sinusoidal,stageC,kubernetes-default,K8s default,155,155.000,replay,mixed,0.967322,0.140194,14,2.388933,0.000000,0.400839,0.791818,,,0.000000,0.012013,0.012013,11,14,0,89.716803,89.716803,89.716803,89.716803,120.000000,0.000000,137.856477,0.650799,0.000000,20,,,,,,,,,
online-boutique,online-boutique-longmix-stageC-scale20-replica5-sinusoidal-steps500-20260612T140721Z,idyn-ob-scale20-replica5,scale20,replica5,adservice=5;cartservice=5;checkoutservice=5;currencyservice=5;emailservice=5;frontend=5;paymentservice=5;productcatalogservice=5;recommendationservice=5;redis-cart=1;shippingservice=5,sinusoidal,stageC,cga,CGA,155,155.000,replay,mixed,0.967322,0.140194,14,2.388933,0.000000,0.400839,0.791818,,,0.000000,0.012013,0.012013,11,14,0,83.833563,83.833563,83.833563,83.833563,120.000000,0.000000,137.856477,0.608122,0.000000,20,,,,,,,,,
online-boutique,online-boutique-longmix-stageC-scale20-replica5-sinusoidal-steps500-20260612T140721Z,idyn-ob-scale20-replica5,scale20,replica5,adservice=5;cartservice=5;checkoutservice=5;currencyservice=5;emailservice=5;frontend=5;paymentservice=5;productcatalogservice=5;recommendationservice=5;redis-cart=1;shippingservice=5,sinusoidal,stageC,hda,HDA,155,155.000,replay,mixed,0.967322,0.140194,14,2.388933,0.000000,0.400839,0.791818,,,0.000000,0.012013,0.012013,11,14,0,82.922230,82.922230,82.922230,82.922230,120.000000,0.000000,137.856477,0.601511,0.000000,20,,,,,,,,,
online-boutique,online-boutique-longmix-stageC-scale20-replica5-sinusoidal-steps500-20260612T140721Z,idyn-ob-scale20-replica5,scale20,replica5,adservice=5;cartservice=5;checkoutservice=5;currencyservice=5;emailservice=5;frontend=5;paymentservice=5;productcatalogservice=5;recommendationservice=5;redis-cart=1;shippingservice=5,sinusoidal,stageC,kubernetes-default,K8s default,156,156.000,replay,mixed,0.896527,0.073158,14,2.392938,0.000000,0.399547,0.785103,,,0.000000,0.018505,0.018505,11,14,0,82.109916,82.109916,82.109916,82.109916,120.000000,0.000000,137.920302,0.595343,0.000000,20,,,,,,,,,
online-boutique,online-boutique-longmix-stageC-scale20-replica5-sinusoidal-steps500-20260612T140721Z,idyn-ob-scale20-replica5,scale20,replica5,adservice=5;cartservice=5;checkoutservice=5;currencyservice=5;emailservice=5;frontend=5;paymentservice=5;productcatalogservice=5;recommendationservice=5;redis-cart=1;shippingservice=5,sinusoidal,stageC,cga,CGA,156,156.000,replay,mixed,0.896527,0.073158,14,2.392938,0.000000,0.399547,0.785103,,,0.000000,0.018505,0.018505,11,14,0,80.144098,80.144098,80.144098,80.144098,120.000000,0.000000,137.920302,0.581090,0.000000,20,,,,,,,,,
online-boutique,online-boutique-longmix-stageC-scale20-replica5-sinusoidal-steps500-20260612T140721Z,idyn-ob-scale20-replica5,scale20,replica5,adservice=5;cartservice=5;checkoutservice=5;currencyservice=5;emailservice=5;frontend=5;paymentservice=5;productcatalogservice=5;recommendationservice=5;redis-cart=1;shippingservice=5,sinusoidal,stageC,hda,HDA,156,156.000,replay,mixed,0.896527,0.073158,14,2.392938,0.000000,0.399547,0.785103,,,0.000000,0.018505,0.018505,11,14,0,77.172468,77.172468,77.172468,77.172468,120.000000,0.000000,137.920302,0.559544,0.000000,20,,,,,,,,,
online-boutique,online-boutique-longmix-stageC-scale20-replica5-sinusoidal-steps500-20260612T140721Z,idyn-ob-scale20-replica5,scale20,replica5,adservice=5;cartservice=5;checkoutservice=5;currencyservice=5;emailservice=5;frontend=5;paymentservice=5;productcatalogservice=5;recommendationservice=5;redis-cart=1;shippingservice=5,sinusoidal,stageC,kubernetes-default,K8s default,157,157.000,replay,mixed,0.873675,0.025442,14,2.396809,0.000000,0.398338,0.778600,,,0.000000,0.009318,0.009318,11,14,0,82.791119,82.791119,82.791119,82.791119,120.000000,0.000000,137.984607,0.600003,0.000000,20,,,,,,,,,
online-boutique,online-boutique-longmix-stageC-scale20-replica5-sinusoidal-steps500-20260612T140721Z,idyn-ob-scale20-replica5,scale20,replica5,adservice=5;cartservice=5;checkoutservice=5;currencyservice=5;emailservice=5;frontend=5;paymentservice=5;productcatalogservice=5;recommendationservice=5;redis-cart=1;shippingservice=5,sinusoidal,stageC,cga,CGA,157,157.000,replay,mixed,0.873675,0.025442,14,2.396809,0.000000,0.398338,0.778600,,,0.000000,0.009318,0.009318,11,14,0,76.406899,76.406899,76.406899,76.406899,120.000000,0.000000,137.984607,0.553735,0.000000,20,,,,,,,,,
online-boutique,online-boutique-longmix-stageC-scale20-replica5-sinusoidal-steps500-20260612T140721Z,idyn-ob-scale20-replica5,scale20,replica5,adservice=5;cartservice=5;checkoutservice=5;currencyservice=5;emailservice=5;frontend=5;paymentservice=5;productcatalogservice=5;recommendationservice=5;redis-cart=1;shippingservice=5,sinusoidal,stageC,hda,HDA,157,157.000,replay,mixed,0.873675,0.025442,14,2.396809,0.000000,0.398338,0.778600,,,0.000000,0.009318,0.009318,11,14,0,76.651685,76.651685,76.651685,76.651685,120.000000,0.000000,137.984607,0.555509,0.000000,20,,,,,,,,,
online-boutique,online-boutique-longmix-stageC-scale20-replica5-sinusoidal-steps500-20260612T140721Z,idyn-ob-scale20-replica5,scale20,replica5,adservice=5;cartservice=5;checkoutservice=5;currencyservice=5;emailservice=5;frontend=5;paymentservice=5;productcatalogservice=5;recommendationservice=5;redis-cart=1;shippingservice=5,sinusoidal,stageC,kubernetes-default,K8s default,158,158.000,replay,mixed,0.906234,0.035990,14,2.400546,0.000000,0.397410,0.772342,,,0.000000,0.008507,0.008507,11,14,0,83.189558,83.189558,83.189558,83.189558,120.000000,0.000000,138.049372,0.602607,0.000000,20,,,,,,,,,
online-boutique,online-boutique-longmix-stageC-scale20-replica5-sinusoidal-steps500-20260612T140721Z,idyn-ob-scale20-replica5,scale20,replica5,adservice=5;cartservice=5;checkoutservice=5;currencyservice=5;emailservice=5;frontend=5;paymentservice=5;productcatalogservice=5;recommendationservice=5;redis-cart=1;shippingservice=5,sinusoidal,stageC,cga,CGA,158,158.000,replay,mixed,0.906234,0.035990,14,2.400546,0.000000,0.397410,0.772342,,,0.000000,0.008507,0.008507,11,14,0,79.320590,79.320590,79.320590,79.320590,120.000000,0.000000,138.049372,0.574581,0.000000,20,,,,,,,,,
online-boutique,online-boutique-longmix-stageC-scale20-replica5-sinusoidal-steps500-20260612T140721Z,idyn-ob-scale20-replica5,scale20,replica5,adservice=5;cartservice=5;checkoutservice=5;currencyservice=5;emailservice=5;frontend=5;paymentservice=5;productcatalogservice=5;recommendationservice=5;redis-cart=1;shippingservice=5,sinusoidal,stageC,hda,HDA,158,158.000,replay,mixed,0.906234,0.035990,14,2.400546,0.000000,0.397410,0.772342,,,0.000000,0.008507,0.008507,11,14,0,72.811828,72.811828,72.811828,72.811828,120.000000,0.000000,138.049372,0.527433,0.000000,20,,,,,,,,,
online-boutique,online-boutique-longmix-stageC-scale20-replica5-sinusoidal-steps500-20260612T140721Z,idyn-ob-scale20-replica5,scale20,replica5,adservice=5;cartservice=5;checkoutservice=5;currencyservice=5;emailservice=5;frontend=5;paymentservice=5;productcatalogservice=5;recommendationservice=5;redis-cart=1;shippingservice=5,sinusoidal,stageC,kubernetes-default,K8s default,159,159.000,replay,mixed,0.912393,0.008226,14,2.404146,0.000000,0.396500,0.766360,,,0.000000,0.008737,0.008737,11,14,0,82.556773,82.556773,82.556773,82.556773,120.000000,0.000000,138.114576,0.597741,0.000000,20,,,,,,,,,
online-boutique,online-boutique-longmix-stageC-scale20-replica5-sinusoidal-steps500-20260612T140721Z,idyn-ob-scale20-replica5,scale20,replica5,adservice=5;cartservice=5;checkoutservice=5;currencyservice=5;emailservice=5;frontend=5;paymentservice=5;productcatalogservice=5;recommendationservice=5;redis-cart=1;shippingservice=5,sinusoidal,stageC,cga,CGA,159,159.000,replay,mixed,0.912393,0.008226,14,2.404146,0.000000,0.396500,0.766360,,,0.000000,0.008737,0.008737,11,14,0,75.887345,75.887345,75.887345,75.887345,120.000000,0.000000,138.114576,0.549452,0.000000,20,,,,,,,,,
online-boutique,online-boutique-longmix-stageC-scale20-replica5-sinusoidal-steps500-20260612T140721Z,idyn-ob-scale20-replica5,scale20,replica5,adservice=5;cartservice=5;checkoutservice=5;currencyservice=5;emailservice=5;frontend=5;paymentservice=5;productcatalogservice=5;recommendationservice=5;redis-cart=1;shippingservice=5,sinusoidal,stageC,hda,HDA,159,159.000,replay,mixed,0.912393,0.008226,14,2.404146,0.000000,0.396500,0.766360,,,0.000000,0.008737,0.008737,11,14,0,75.715851,75.715851,75.715851,75.715851,120.000000,0.000000,138.114576,0.548210,0.000000,20,,,,,,,,,
online-boutique,online-boutique-longmix-stageC-scale20-replica5-sinusoidal-steps500-20260612T140721Z,idyn-ob-scale20-replica5,scale20,replica5,adservice=5;cartservice=5;checkoutservice=5;currencyservice=5;emailservice=5;frontend=5;paymentservice=5;productcatalogservice=5;recommendationservice=5;redis-cart=1;shippingservice=5,sinusoidal,stageC,kubernetes-default,K8s default,160,160.000,replay,mixed,0.933209,0.022402,14,2.407609,0.000000,0.395607,0.760686,,,0.000000,0.022172,0.022172,11,14,0,87.795370,87.795370,87.795370,87.795370,120.000000,0.000000,138.180199,0.635369,0.000000,20,,,,,,,,,
online-boutique,online-boutique-longmix-stageC-scale20-replica5-sinusoidal-steps500-20260612T140721Z,idyn-ob-scale20-replica5,scale20,replica5,adservice=5;cartservice=5;checkoutservice=5;currencyservice=5;emailservice=5;frontend=5;paymentservice=5;productcatalogservice=5;recommendationservice=5;redis-cart=1;shippingservice=5,sinusoidal,stageC,cga,CGA,160,160.000,replay,mixed,0.933209,0.022402,14,2.407609,0.000000,0.395607,0.760686,,,0.000000,0.022172,0.022172,11,14,0,78.277800,78.277800,78.277800,78.277800,120.000000,0.000000,138.180199,0.566491,0.000000,20,,,,,,,,,
online-boutique,online-boutique-longmix-stageC-scale20-replica5-sinusoidal-steps500-20260612T140721Z,idyn-ob-scale20-replica5,scale20,replica5,adservice=5;cartservice=5;checkoutservice=5;currencyservice=5;emailservice=5;frontend=5;paymentservice=5;productcatalogservice=5;recommendationservice=5;redis-cart=1;shippingservice=5,sinusoidal,stageC,hda,HDA,160,160.000,replay,mixed,0.933209,0.022402,14,2.407609,0.000000,0.395607,0.760686,,,0.000000,0.022172,0.022172,11,14,0,78.691229,78.691229,78.691229,78.691229,120.000000,0.000000,138.180199,0.569483,0.000000,20,,,,,,,,,
online-boutique,online-boutique-longmix-stageC-scale20-replica5-sinusoidal-steps500-20260612T140721Z,idyn-ob-scale20-replica5,scale20,replica5,adservice=5;cartservice=5;checkoutservice=5;currencyservice=5;emailservice=5;frontend=5;paymentservice=5;productcatalogservice=5;recommendationservice=5;redis-cart=1;shippingservice=5,sinusoidal,stageC,kubernetes-default,K8s default,161,161.000,replay,mixed,0.890720,0.045420,14,2.410934,0.000000,0.394733,0.755352,,,0.000000,0.011692,0.011692,11,14,0,84.322649,84.322649,84.322649,84.322649,120.000000,0.000000,138.246219,0.609945,0.000000,20,,,,,,,,,
online-boutique,online-boutique-longmix-stageC-scale20-replica5-sinusoidal-steps500-20260612T140721Z,idyn-ob-scale20-replica5,scale20,replica5,adservice=5;cartservice=5;checkoutservice=5;currencyservice=5;emailservice=5;frontend=5;paymentservice=5;productcatalogservice=5;recommendationservice=5;redis-cart=1;shippingservice=5,sinusoidal,stageC,cga,CGA,161,161.000,replay,mixed,0.890720,0.045420,14,2.410934,0.000000,0.394733,0.755352,,,0.000000,0.011692,0.011692,11,14,0,81.362546,81.362546,81.362546,81.362546,120.000000,0.000000,138.246219,0.588534,0.000000,20,,,,,,,,,
online-boutique,online-boutique-longmix-stageC-scale20-replica5-sinusoidal-steps500-20260612T140721Z,idyn-ob-scale20-replica5,scale20,replica5,adservice=5;cartservice=5;checkoutservice=5;currencyservice=5;emailservice=5;frontend=5;paymentservice=5;productcatalogservice=5;recommendationservice=5;redis-cart=1;shippingservice=5,sinusoidal,stageC,hda,HDA,161,161.000,replay,mixed,0.890720,0.045420,14,2.410934,0.000000,0.394733,0.755352,,,0.000000,0.011692,0.011692,11,14,0,71.883757,71.883757,71.883757,71.883757,120.000000,0.000000,138.246219,0.519969,0.000000,20,,,,,,,,,
online-boutique,online-boutique-longmix-stageC-scale20-replica5-sinusoidal-steps500-20260612T140721Z,idyn-ob-scale20-replica5,scale20,replica5,adservice=5;cartservice=5;checkoutservice=5;currencyservice=5;emailservice=5;frontend=5;paymentservice=5;productcatalogservice=5;recommendationservice=5;redis-cart=1;shippingservice=5,sinusoidal,stageC,kubernetes-default,K8s default,162,162.000,replay,mixed,0.945309,0.057871,14,2.414121,0.000000,0.393878,0.750387,,,0.000000,0.011491,0.011491,11,14,0,89.073349,89.073349,89.073349,89.073349,120.000000,0.000000,138.312613,0.644000,0.000000,20,,,,,,,,,
online-boutique,online-boutique-longmix-stageC-scale20-replica5-sinusoidal-steps500-20260612T140721Z,idyn-ob-scale20-replica5,scale20,replica5,adservice=5;cartservice=5;checkoutservice=5;currencyservice=5;emailservice=5;frontend=5;paymentservice=5;productcatalogservice=5;recommendationservice=5;redis-cart=1;shippingservice=5,sinusoidal,stageC,cga,CGA,162,162.000,replay,mixed,0.945309,0.057871,14,2.414121,0.000000,0.393878,0.750387,,,0.000000,0.011491,0.011491,11,14,0,81.511530,81.511530,81.511530,81.511530,120.000000,0.000000,138.312613,0.589328,0.000000,20,,,,,,,,,
online-boutique,online-boutique-longmix-stageC-scale20-replica5-sinusoidal-steps500-20260612T140721Z,idyn-ob-scale20-replica5,scale20,replica5,adservice=5;cartservice=5;checkoutservice=5;currencyservice=5;emailservice=5;frontend=5;paymentservice=5;productcatalogservice=5;recommendationservice=5;redis-cart=1;shippingservice=5,sinusoidal,stageC,hda,HDA,162,162.000,replay,mixed,0.945309,0.057871,14,2.414121,0.000000,0.393878,0.750387,,,0.000000,0.011491,0.011491,11,14,0,74.471971,74.471971,74.471971,74.471971,120.000000,0.000000,138.312613,0.538432,0.000000,20,,,,,,,,,
online-boutique,online-boutique-longmix-stageC-scale20-replica5-sinusoidal-steps500-20260612T140721Z,idyn-ob-scale20-replica5,scale20,replica5,adservice=5;cartservice=5;checkoutservice=5;currencyservice=5;emailservice=5;frontend=5;paymentservice=5;productcatalogservice=5;recommendationservice=5;redis-cart=1;shippingservice=5,sinusoidal,stageC,kubernetes-default,K8s default,163,163.000,replay,mixed,0.949193,0.007531,14,2.417168,0.000000,0.393042,0.745818,,,0.000000,0.013867,0.013867,11,14,0,82.116471,82.116471,82.116471,82.116471,120.000000,0.000000,138.379360,0.593416,0.000000,20,,,,,,,,,
online-boutique,online-boutique-longmix-stageC-scale20-replica5-sinusoidal-steps500-20260612T140721Z,idyn-ob-scale20-replica5,scale20,replica5,adservice=5;cartservice=5;checkoutservice=5;currencyservice=5;emailservice=5;frontend=5;paymentservice=5;productcatalogservice=5;recommendationservice=5;redis-cart=1;shippingservice=5,sinusoidal,stageC,cga,CGA,163,163.000,replay,mixed,0.949193,0.007531,14,2.417168,0.000000,0.393042,0.745818,,,0.000000,0.013867,0.013867,11,14,0,81.281412,81.281412,81.281412,81.281412,120.000000,0.000000,138.379360,0.587381,0.000000,20,,,,,,,,,
online-boutique,online-boutique-longmix-stageC-scale20-replica5-sinusoidal-steps500-20260612T140721Z,idyn-ob-scale20-replica5,scale20,replica5,adservice=5;cartservice=5;checkoutservice=5;currencyservice=5;emailservice=5;frontend=5;paymentservice=5;productcatalogservice=5;recommendationservice=5;redis-cart=1;shippingservice=5,sinusoidal,stageC,hda,HDA,163,163.000,replay,mixed,0.949193,0.007531,14,2.417168,0.000000,0.393042,0.745818,,,0.000000,0.013867,0.013867,11,14,0,77.151536,77.151536,77.151536,77.151536,120.000000,0.000000,138.379360,0.557536,0.000000,20,,,,,,,,,
online-boutique,online-boutique-longmix-stageC-scale20-replica5-sinusoidal-steps500-20260612T140721Z,idyn-ob-scale20-replica5,scale20,replica5,adservice=5;cartservice=5;checkoutservice=5;currencyservice=5;emailservice=5;frontend=5;paymentservice=5;productcatalogservice=5;recommendationservice=5;redis-cart=1;shippingservice=5,sinusoidal,stageC,kubernetes-default,K8s default,164,164.000,replay,mixed,0.892808,0.059248,14,2.420076,0.000000,0.392226,0.741671,,,0.000000,0.008847,0.008847,11,14,0,85.524087,85.524087,85.524087,85.524087,120.000000,0.000000,138.446435,0.617741,0.000000,20,,,,,,,,,
online-boutique,online-boutique-longmix-stageC-scale20-replica5-sinusoidal-steps500-20260612T140721Z,idyn-ob-scale20-replica5,scale20,replica5,adservice=5;cartservice=5;checkoutservice=5;currencyservice=5;emailservice=5;frontend=5;paymentservice=5;productcatalogservice=5;recommendationservice=5;redis-cart=1;shippingservice=5,sinusoidal,stageC,cga,CGA,164,164.000,replay,mixed,0.892808,0.059248,14,2.420076,0.000000,0.392226,0.741671,,,0.000000,0.008847,0.008847,11,14,0,79.676728,79.676728,79.676728,79.676728,120.000000,0.000000,138.446435,0.575506,0.000000,20,,,,,,,,,
online-boutique,online-boutique-longmix-stageC-scale20-replica5-sinusoidal-steps500-20260612T140721Z,idyn-ob-scale20-replica5,scale20,replica5,adservice=5;cartservice=5;checkoutservice=5;currencyservice=5;emailservice=5;frontend=5;paymentservice=5;productcatalogservice=5;recommendationservice=5;redis-cart=1;shippingservice=5,sinusoidal,stageC,hda,HDA,164,164.000,replay,mixed,0.892808,0.059248,14,2.420076,0.000000,0.392226,0.741671,,,0.000000,0.008847,0.008847,11,14,0,80.894295,80.894295,80.894295,80.894295,120.000000,0.000000,138.446435,0.584300,0.000000,20,,,,,,,,,
online-boutique,online-boutique-longmix-stageC-scale20-replica5-sinusoidal-steps500-20260612T140721Z,idyn-ob-scale20-replica5,scale20,replica5,adservice=5;cartservice=5;checkoutservice=5;currencyservice=5;emailservice=5;frontend=5;paymentservice=5;productcatalogservice=5;recommendationservice=5;redis-cart=1;shippingservice=5,sinusoidal,stageC,kubernetes-default,K8s default,165,165.000,replay,mixed,0.894565,0.007279,14,2.422843,0.000000,0.391430,0.737970,,,0.000000,0.008947,0.008947,11,14,0,84.022720,84.022720,84.022720,84.022720,120.000000,0.000000,138.513817,0.606602,0.000000,20,,,,,,,,,
online-boutique,online-boutique-longmix-stageC-scale20-replica5-sinusoidal-steps500-20260612T140721Z,idyn-ob-scale20-replica5,scale20,replica5,adservice=5;cartservice=5;checkoutservice=5;currencyservice=5;emailservice=5;frontend=5;paymentservice=5;productcatalogservice=5;recommendationservice=5;redis-cart=1;shippingservice=5,sinusoidal,stageC,cga,CGA,165,165.000,replay,mixed,0.894565,0.007279,14,2.422843,0.000000,0.391430,0.737970,,,0.000000,0.008947,0.008947,11,14,0,80.459753,80.459753,80.459753,80.459753,120.000000,0.000000,138.513817,0.580879,0.000000,20,,,,,,,,,
online-boutique,online-boutique-longmix-stageC-scale20-replica5-sinusoidal-steps500-20260612T140721Z,idyn-ob-scale20-replica5,scale20,replica5,adservice=5;cartservice=5;checkoutservice=5;currencyservice=5;emailservice=5;frontend=5;paymentservice=5;productcatalogservice=5;recommendationservice=5;redis-cart=1;shippingservice=5,sinusoidal,stageC,hda,HDA,165,165.000,replay,mixed,0.894565,0.007279,14,2.422843,0.000000,0.391430,0.737970,,,0.000000,0.008947,0.008947,11,14,0,76.660858,76.660858,76.660858,76.660858,120.000000,0.000000,138.513817,0.553453,0.000000,20,,,,,,,,,
online-boutique,online-boutique-longmix-stageC-scale20-replica5-sinusoidal-steps500-20260612T140721Z,idyn-ob-scale20-replica5,scale20,replica5,adservice=5;cartservice=5;checkoutservice=5;currencyservice=5;emailservice=5;frontend=5;paymentservice=5;productcatalogservice=5;recommendationservice=5;redis-cart=1;shippingservice=5,sinusoidal,stageC,kubernetes-default,K8s default,166,166.000,replay,mixed,0.847659,0.052244,14,2.425471,0.000000,0.390655,0.734737,,,0.000000,0.008496,0.008496,11,14,0,86.344852,86.344852,86.344852,86.344852,120.000000,0.000000,138.581479,0.623062,0.000000,20,,,,,,,,,
online-boutique,online-boutique-longmix-stageC-scale20-replica5-sinusoidal-steps500-20260612T140721Z,idyn-ob-scale20-replica5,scale20,replica5,adservice=5;cartservice=5;checkoutservice=5;currencyservice=5;emailservice=5;frontend=5;paymentservice=5;productcatalogservice=5;recommendationservice=5;redis-cart=1;shippingservice=5,sinusoidal,stageC,cga,CGA,166,166.000,replay,mixed,0.847659,0.052244,14,2.425471,0.000000,0.390655,0.734737,,,0.000000,0.008496,0.008496,11,14,0,77.879464,77.879464,77.879464,77.879464,120.000000,0.000000,138.581479,0.561976,0.000000,20,,,,,,,,,
online-boutique,online-boutique-longmix-stageC-scale20-replica5-sinusoidal-steps500-20260612T140721Z,idyn-ob-scale20-replica5,scale20,replica5,adservice=5;cartservice=5;checkoutservice=5;currencyservice=5;emailservice=5;frontend=5;paymentservice=5;productcatalogservice=5;recommendationservice=5;redis-cart=1;shippingservice=5,sinusoidal,stageC,hda,HDA,166,166.000,replay,mixed,0.847659,0.052244,14,2.425471,0.000000,0.390655,0.734737,,,0.000000,0.008496,0.008496,11,14,0,74.021391,74.021391,74.021391,74.021391,120.000000,0.000000,138.581479,0.534136,0.000000,20,,,,,,,,,
online-boutique,online-boutique-longmix-stageC-scale20-replica5-sinusoidal-steps500-20260612T140721Z,idyn-ob-scale20-replica5,scale20,replica5,adservice=5;cartservice=5;checkoutservice=5;currencyservice=5;emailservice=5;frontend=5;paymentservice=5;productcatalogservice=5;recommendationservice=5;redis-cart=1;shippingservice=5,sinusoidal,stageC,kubernetes-default,K8s default,167,167.000,replay,mixed,0.855855,0.009880,14,2.427958,0.000000,0.389902,0.731990,,,0.000000,0.008626,0.008626,11,14,0,78.143732,78.143732,78.143732,78.143732,120.000000,0.000000,138.649400,0.563607,0.000000,20,,,,,,,,,
online-boutique,online-boutique-longmix-stageC-scale20-replica5-sinusoidal-steps500-20260612T140721Z,idyn-ob-scale20-replica5,scale20,replica5,adservice=5;cartservice=5;checkoutservice=5;currencyservice=5;emailservice=5;frontend=5;paymentservice=5;productcatalogservice=5;recommendationservice=5;redis-cart=1;shippingservice=5,sinusoidal,stageC,cga,CGA,167,167.000,replay,mixed,0.855855,0.009880,14,2.427958,0.000000,0.389902,0.731990,,,0.000000,0.008626,0.008626,11,14,0,77.412460,77.412460,77.412460,77.412460,120.000000,0.000000,138.649400,0.558332,0.000000,20,,,,,,,,,
online-boutique,online-boutique-longmix-stageC-scale20-replica5-sinusoidal-steps500-20260612T140721Z,idyn-ob-scale20-replica5,scale20,replica5,adservice=5;cartservice=5;checkoutservice=5;currencyservice=5;emailservice=5;frontend=5;paymentservice=5;productcatalogservice=5;recommendationservice=5;redis-cart=1;shippingservice=5,sinusoidal,stageC,hda,HDA,167,167.000,replay,mixed,0.855855,0.009880,14,2.427958,0.000000,0.389902,0.731990,,,0.000000,0.008626,0.008626,11,14,0,75.021650,75.021650,75.021650,75.021650,120.000000,0.000000,138.649400,0.541089,0.000000,20,,,,,,,,,
online-boutique,online-boutique-longmix-stageC-scale20-replica5-sinusoidal-steps500-20260612T140721Z,idyn-ob-scale20-replica5,scale20,replica5,adservice=5;cartservice=5;checkoutservice=5;currencyservice=5;emailservice=5;frontend=5;paymentservice=5;productcatalogservice=5;recommendationservice=5;redis-cart=1;shippingservice=5,sinusoidal,stageC,kubernetes-default,K8s default,168,168.000,replay,mixed,0.871581,0.018274,14,2.430306,0.000000,0.389210,0.729744,,,0.000000,0.012213,0.012213,11,14,0,80.300811,80.300811,80.300811,80.300811,120.000000,0.000000,138.717552,0.578880,0.000000,20,,,,,,,,,
online-boutique,online-boutique-longmix-stageC-scale20-replica5-sinusoidal-steps500-20260612T140721Z,idyn-ob-scale20-replica5,scale20,replica5,adservice=5;cartservice=5;checkoutservice=5;currencyservice=5;emailservice=5;frontend=5;paymentservice=5;productcatalogservice=5;recommendationservice=5;redis-cart=1;shippingservice=5,sinusoidal,stageC,cga,CGA,168,168.000,replay,mixed,0.871581,0.018274,14,2.430306,0.000000,0.389210,0.729744,,,0.000000,0.012213,0.012213,11,14,0,80.342918,80.342918,80.342918,80.342918,120.000000,0.000000,138.717552,0.579184,0.000000,20,,,,,,,,,
online-boutique,online-boutique-longmix-stageC-scale20-replica5-sinusoidal-steps500-20260612T140721Z,idyn-ob-scale20-replica5,scale20,replica5,adservice=5;cartservice=5;checkoutservice=5;currencyservice=5;emailservice=5;frontend=5;paymentservice=5;productcatalogservice=5;recommendationservice=5;redis-cart=1;shippingservice=5,sinusoidal,stageC,hda,HDA,168,168.000,replay,mixed,0.871581,0.018274,14,2.430306,0.000000,0.389210,0.729744,,,0.000000,0.012213,0.012213,11,14,0,74.422915,74.422915,74.422915,74.422915,120.000000,0.000000,138.717552,0.536507,0.000000,20,,,,,,,,,
online-boutique,online-boutique-longmix-stageC-scale20-replica5-sinusoidal-steps500-20260612T140721Z,idyn-ob-scale20-replica5,scale20,replica5,adservice=5;cartservice=5;checkoutservice=5;currencyservice=5;emailservice=5;frontend=5;paymentservice=5;productcatalogservice=5;recommendationservice=5;redis-cart=1;shippingservice=5,sinusoidal,stageC,kubernetes-default,K8s default,169,169.000,replay,mixed,0.917285,0.050065,14,2.432513,0.000000,0.388590,0.728014,,,0.000000,0.009988,0.009988,11,14,0,84.286555,84.286555,84.286555,84.286555,120.000000,0.000000,138.785911,0.607313,0.000000,20,,,,,,,,,
online-boutique,online-boutique-longmix-stageC-scale20-replica5-sinusoidal-steps500-20260612T140721Z,idyn-ob-scale20-replica5,scale20,replica5,adservice=5;cartservice=5;checkoutservice=5;currencyservice=5;emailservice=5;frontend=5;paymentservice=5;productcatalogservice=5;recommendationservice=5;redis-cart=1;shippingservice=5,sinusoidal,stageC,cga,CGA,169,169.000,replay,mixed,0.917285,0.050065,14,2.432513,0.000000,0.388590,0.728014,,,0.000000,0.009988,0.009988,11,14,0,78.767137,78.767137,78.767137,78.767137,120.000000,0.000000,138.785911,0.567544,0.000000,20,,,,,,,,,
online-boutique,online-boutique-longmix-stageC-scale20-replica5-sinusoidal-steps500-20260612T140721Z,idyn-ob-scale20-replica5,scale20,replica5,adservice=5;cartservice=5;checkoutservice=5;currencyservice=5;emailservice=5;frontend=5;paymentservice=5;productcatalogservice=5;recommendationservice=5;redis-cart=1;shippingservice=5,sinusoidal,stageC,hda,HDA,169,169.000,replay,mixed,0.917285,0.050065,14,2.432513,0.000000,0.388590,0.728014,,,0.000000,0.009988,0.009988,11,14,0,74.353142,74.353142,74.353142,74.353142,120.000000,0.000000,138.785911,0.535740,0.000000,20,,,,,,,,,
online-boutique,online-boutique-longmix-stageC-scale20-replica5-sinusoidal-steps500-20260612T140721Z,idyn-ob-scale20-replica5,scale20,replica5,adservice=5;cartservice=5;checkoutservice=5;currencyservice=5;emailservice=5;frontend=5;paymentservice=5;productcatalogservice=5;recommendationservice=5;redis-cart=1;shippingservice=5,sinusoidal,stageC,kubernetes-default,K8s default,170,170.000,replay,mixed,0.862193,0.059808,14,2.434582,0.000000,0.387992,0.726808,,,0.000000,0.008847,0.008847,11,14,0,84.057488,84.057488,84.057488,84.057488,120.000000,0.000000,138.854452,0.605364,0.000000,20,,,,,,,,,
online-boutique,online-boutique-longmix-stageC-scale20-replica5-sinusoidal-steps500-20260612T140721Z,idyn-ob-scale20-replica5,scale20,replica5,adservice=5;cartservice=5;checkoutservice=5;currencyservice=5;emailservice=5;frontend=5;paymentservice=5;productcatalogservice=5;recommendationservice=5;redis-cart=1;shippingservice=5,sinusoidal,stageC,cga,CGA,170,170.000,replay,mixed,0.862193,0.059808,14,2.434582,0.000000,0.387992,0.726808,,,0.000000,0.008847,0.008847,11,14,0,79.596645,79.596645,79.596645,79.596645,120.000000,0.000000,138.854452,0.573238,0.000000,20,,,,,,,,,
online-boutique,online-boutique-longmix-stageC-scale20-replica5-sinusoidal-steps500-20260612T140721Z,idyn-ob-scale20-replica5,scale20,replica5,adservice=5;cartservice=5;checkoutservice=5;currencyservice=5;emailservice=5;frontend=5;paymentservice=5;productcatalogservice=5;recommendationservice=5;redis-cart=1;shippingservice=5,sinusoidal,stageC,hda,HDA,170,170.000,replay,mixed,0.862193,0.059808,14,2.434582,0.000000,0.387992,0.726808,,,0.000000,0.008847,0.008847,11,14,0,74.099092,74.099092,74.099092,74.099092,120.000000,0.000000,138.854452,0.533646,0.000000,20,,,,,,,,,
online-boutique,online-boutique-longmix-stageC-scale20-replica5-sinusoidal-steps500-20260612T140721Z,idyn-ob-scale20-replica5,scale20,replica5,adservice=5;cartservice=5;checkoutservice=5;currencyservice=5;emailservice=5;frontend=5;paymentservice=5;productcatalogservice=5;recommendationservice=5;redis-cart=1;shippingservice=5,sinusoidal,stageC,kubernetes-default,K8s default,171,171.000,replay,mixed,0.885577,0.026685,14,2.436511,0.000000,0.387414,0.726132,,,0.000000,0.013124,0.013124,11,14,0,85.754949,85.754949,85.754949,85.754949,120.000000,0.000000,138.923149,0.617283,0.000000,20,,,,,,,,,
online-boutique,online-boutique-longmix-stageC-scale20-replica5-sinusoidal-steps500-20260612T140721Z,idyn-ob-scale20-replica5,scale20,replica5,adservice=5;cartservice=5;checkoutservice=5;currencyservice=5;emailservice=5;frontend=5;paymentservice=5;productcatalogservice=5;recommendationservice=5;redis-cart=1;shippingservice=5,sinusoidal,stageC,cga,CGA,171,171.000,replay,mixed,0.885577,0.026685,14,2.436511,0.000000,0.387414,0.726132,,,0.000000,0.013124,0.013124,11,14,0,79.290783,79.290783,79.290783,79.290783,120.000000,0.000000,138.923149,0.570753,0.000000,20,,,,,,,,,
online-boutique,online-boutique-longmix-stageC-scale20-replica5-sinusoidal-steps500-20260612T140721Z,idyn-ob-scale20-replica5,scale20,replica5,adservice=5;cartservice=5;checkoutservice=5;currencyservice=5;emailservice=5;frontend=5;paymentservice=5;productcatalogservice=5;recommendationservice=5;redis-cart=1;shippingservice=5,sinusoidal,stageC,hda,HDA,171,171.000,replay,mixed,0.885577,0.026685,14,2.436511,0.000000,0.387414,0.726132,,,0.000000,0.013124,0.013124,11,14,0,78.397203,78.397203,78.397203,78.397203,120.000000,0.000000,138.923149,0.564321,0.000000,20,,,,,,,,,
online-boutique,online-boutique-longmix-stageC-scale20-replica5-sinusoidal-steps500-20260612T140721Z,idyn-ob-scale20-replica5,scale20,replica5,adservice=5;cartservice=5;checkoutservice=5;currencyservice=5;emailservice=5;frontend=5;paymentservice=5;productcatalogservice=5;recommendationservice=5;redis-cart=1;shippingservice=5,sinusoidal,stageC,kubernetes-default,K8s default,172,172.000,replay,mixed,0.831059,0.061277,14,2.438303,0.000000,0.387070,0.725991,,,0.000000,0.012634,0.012634,11,14,0,85.627426,85.627426,85.627426,85.627426,120.000000,0.000000,138.991974,0.616060,0.000000,20,,,,,,,,,
online-boutique,online-boutique-longmix-stageC-scale20-replica5-sinusoidal-steps500-20260612T140721Z,idyn-ob-scale20-replica5,scale20,replica5,adservice=5;cartservice=5;checkoutservice=5;currencyservice=5;emailservice=5;frontend=5;paymentservice=5;productcatalogservice=5;recommendationservice=5;redis-cart=1;shippingservice=5,sinusoidal,stageC,cga,CGA,172,172.000,replay,mixed,0.831059,0.061277,14,2.438303,0.000000,0.387070,0.725991,,,0.000000,0.012634,0.012634,11,14,0,79.318150,79.318150,79.318150,79.318150,120.000000,0.000000,138.991974,0.570667,0.000000,20,,,,,,,,,
online-boutique,online-boutique-longmix-stageC-scale20-replica5-sinusoidal-steps500-20260612T140721Z,idyn-ob-scale20-replica5,scale20,replica5,adservice=5;cartservice=5;checkoutservice=5;currencyservice=5;emailservice=5;frontend=5;paymentservice=5;productcatalogservice=5;recommendationservice=5;redis-cart=1;shippingservice=5,sinusoidal,stageC,hda,HDA,172,172.000,replay,mixed,0.831059,0.061277,14,2.438303,0.000000,0.387070,0.725991,,,0.000000,0.012634,0.012634,11,14,0,70.883400,70.883400,70.883400,70.883400,120.000000,0.000000,138.991974,0.509982,0.000000,20,,,,,,,,,
online-boutique,online-boutique-longmix-stageC-scale20-replica5-sinusoidal-steps500-20260612T140721Z,idyn-ob-scale20-replica5,scale20,replica5,adservice=5;cartservice=5;checkoutservice=5;currencyservice=5;emailservice=5;frontend=5;paymentservice=5;productcatalogservice=5;recommendationservice=5;redis-cart=1;shippingservice=5,sinusoidal,stageC,kubernetes-default,K8s default,173,173.000,replay,mixed,0.902426,0.079379,14,2.439957,0.000000,0.386864,0.726385,,,0.000000,0.008867,0.008867,11,14,0,85.352093,85.352093,85.352093,85.352093,120.000000,0.000000,139.060902,0.613775,0.000000,20,,,,,,,,,
online-boutique,online-boutique-longmix-stageC-scale20-replica5-sinusoidal-steps500-20260612T140721Z,idyn-ob-scale20-replica5,scale20,replica5,adservice=5;cartservice=5;checkoutservice=5;currencyservice=5;emailservice=5;frontend=5;paymentservice=5;productcatalogservice=5;recommendationservice=5;redis-cart=1;shippingservice=5,sinusoidal,stageC,cga,CGA,173,173.000,replay,mixed,0.902426,0.079379,14,2.439957,0.000000,0.386864,0.726385,,,0.000000,0.008867,0.008867,11,14,0,82.924246,82.924246,82.924246,82.924246,120.000000,0.000000,139.060902,0.596316,0.000000,20,,,,,,,,,
online-boutique,online-boutique-longmix-stageC-scale20-replica5-sinusoidal-steps500-20260612T140721Z,idyn-ob-scale20-replica5,scale20,replica5,adservice=5;cartservice=5;checkoutservice=5;currencyservice=5;emailservice=5;frontend=5;paymentservice=5;productcatalogservice=5;recommendationservice=5;redis-cart=1;shippingservice=5,sinusoidal,stageC,hda,HDA,173,173.000,replay,mixed,0.902426,0.079379,14,2.439957,0.000000,0.386864,0.726385,,,0.000000,0.008867,0.008867,11,14,0,74.979355,74.979355,74.979355,74.979355,120.000000,0.000000,139.060902,0.539184,0.000000,20,,,,,,,,,
online-boutique,online-boutique-longmix-stageC-scale20-replica5-sinusoidal-steps500-20260612T140721Z,idyn-ob-scale20-replica5,scale20,replica5,adservice=5;cartservice=5;checkoutservice=5;currencyservice=5;emailservice=5;frontend=5;paymentservice=5;productcatalogservice=5;recommendationservice=5;redis-cart=1;shippingservice=5,sinusoidal,stageC,kubernetes-default,K8s default,174,174.000,replay,mixed,0.891068,0.012251,14,2.441475,0.000000,0.386676,0.727310,,,0.000000,0.008355,0.008355,11,14,0,83.194677,83.194677,83.194677,83.194677,120.000000,0.000000,139.129906,0.597964,0.000000,20,,,,,,,,,
online-boutique,online-boutique-longmix-stageC-scale20-replica5-sinusoidal-steps500-20260612T140721Z,idyn-ob-scale20-replica5,scale20,replica5,adservice=5;cartservice=5;checkoutservice=5;currencyservice=5;emailservice=5;frontend=5;paymentservice=5;productcatalogservice=5;recommendationservice=5;redis-cart=1;shippingservice=5,sinusoidal,stageC,cga,CGA,174,174.000,replay,mixed,0.891068,0.012251,14,2.441475,0.000000,0.386676,0.727310,,,0.000000,0.008355,0.008355,11,14,0,85.726425,85.726425,85.726425,85.726425,120.000000,0.000000,139.129906,0.616161,0.000000,20,,,,,,,,,
online-boutique,online-boutique-longmix-stageC-scale20-replica5-sinusoidal-steps500-20260612T140721Z,idyn-ob-scale20-replica5,scale20,replica5,adservice=5;cartservice=5;checkoutservice=5;currencyservice=5;emailservice=5;frontend=5;paymentservice=5;productcatalogservice=5;recommendationservice=5;redis-cart=1;shippingservice=5,sinusoidal,stageC,hda,HDA,174,174.000,replay,mixed,0.891068,0.012251,14,2.441475,0.000000,0.386676,0.727310,,,0.000000,0.008355,0.008355,11,14,0,74.968977,74.968977,74.968977,74.968977,120.000000,0.000000,139.129906,0.538842,0.000000,20,,,,,,,,,
online-boutique,online-boutique-longmix-stageC-scale20-replica5-sinusoidal-steps500-20260612T140721Z,idyn-ob-scale20-replica5,scale20,replica5,adservice=5;cartservice=5;checkoutservice=5;currencyservice=5;emailservice=5;frontend=5;paymentservice=5;productcatalogservice=5;recommendationservice=5;redis-cart=1;shippingservice=5,sinusoidal,stageC,kubernetes-default,K8s default,175,175.000,replay,mixed,0.869371,0.024004,14,2.442857,0.000000,0.386508,0.728760,,,0.000000,0.008185,0.008185,11,14,0,81.290946,81.290946,81.290946,81.290946,120.000000,0.000000,139.198958,0.583991,0.000000,20,,,,,,,,,
online-boutique,online-boutique-longmix-stageC-scale20-replica5-sinusoidal-steps500-20260612T140721Z,idyn-ob-scale20-replica5,scale20,replica5,adservice=5;cartservice=5;checkoutservice=5;currencyservice=5;emailservice=5;frontend=5;paymentservice=5;productcatalogservice=5;recommendationservice=5;redis-cart=1;shippingservice=5,sinusoidal,stageC,cga,CGA,175,175.000,replay,mixed,0.869371,0.024004,14,2.442857,0.000000,0.386508,0.728760,,,0.000000,0.008185,0.008185,11,14,0,76.213578,76.213578,76.213578,76.213578,120.000000,0.000000,139.198958,0.547515,0.000000,20,,,,,,,,,
online-boutique,online-boutique-longmix-stageC-scale20-replica5-sinusoidal-steps500-20260612T140721Z,idyn-ob-scale20-replica5,scale20,replica5,adservice=5;cartservice=5;checkoutservice=5;currencyservice=5;emailservice=5;frontend=5;paymentservice=5;productcatalogservice=5;recommendationservice=5;redis-cart=1;shippingservice=5,sinusoidal,stageC,hda,HDA,175,175.000,replay,mixed,0.869371,0.024004,14,2.442857,0.000000,0.386508,0.728760,,,0.000000,0.008185,0.008185,11,14,0,74.827474,74.827474,74.827474,74.827474,120.000000,0.000000,139.198958,0.537558,0.000000,20,,,,,,,,,
online-boutique,online-boutique-longmix-stageC-scale20-replica5-sinusoidal-steps500-20260612T140721Z,idyn-ob-scale20-replica5,scale20,replica5,adservice=5;cartservice=5;checkoutservice=5;currencyservice=5;emailservice=5;frontend=5;paymentservice=5;productcatalogservice=5;recommendationservice=5;redis-cart=1;shippingservice=5,sinusoidal,stageC,kubernetes-default,K8s default,176,176.000,replay,mixed,0.863400,0.008079,14,2.444106,0.000000,0.386358,0.730726,,,0.000000,0.016430,0.016430,11,14,0,85.023063,85.023063,85.023063,85.023063,120.000000,0.000000,139.268030,0.610500,0.000000,20,,,,,,,,,
online-boutique,online-boutique-longmix-stageC-scale20-replica5-sinusoidal-steps500-20260612T140721Z,idyn-ob-scale20-replica5,scale20,replica5,adservice=5;cartservice=5;checkoutservice=5;currencyservice=5;emailservice=5;frontend=5;paymentservice=5;productcatalogservice=5;recommendationservice=5;redis-cart=1;shippingservice=5,sinusoidal,stageC,cga,CGA,176,176.000,replay,mixed,0.863400,0.008079,14,2.444106,0.000000,0.386358,0.730726,,,0.000000,0.016430,0.016430,11,14,0,77.376341,77.376341,77.376341,77.376341,120.000000,0.000000,139.268030,0.555593,0.000000,20,,,,,,,,,
online-boutique,online-boutique-longmix-stageC-scale20-replica5-sinusoidal-steps500-20260612T140721Z,idyn-ob-scale20-replica5,scale20,replica5,adservice=5;cartservice=5;checkoutservice=5;currencyservice=5;emailservice=5;frontend=5;paymentservice=5;productcatalogservice=5;recommendationservice=5;redis-cart=1;shippingservice=5,sinusoidal,stageC,hda,HDA,176,176.000,replay,mixed,0.863400,0.008079,14,2.444106,0.000000,0.386358,0.730726,,,0.000000,0.016430,0.016430,11,14,0,82.075842,82.075842,82.075842,82.075842,120.000000,0.000000,139.268030,0.589337,0.000000,20,,,,,,,,,
online-boutique,online-boutique-longmix-stageC-scale20-replica5-sinusoidal-steps500-20260612T140721Z,idyn-ob-scale20-replica5,scale20,replica5,adservice=5;cartservice=5;checkoutservice=5;currencyservice=5;emailservice=5;frontend=5;paymentservice=5;productcatalogservice=5;recommendationservice=5;redis-cart=1;shippingservice=5,sinusoidal,stageC,kubernetes-default,K8s default,177,177.000,replay,mixed,0.855400,0.009199,14,2.445222,0.000000,0.386228,0.733197,,,0.000000,0.013756,0.013756,11,14,0,80.554590,80.554590,80.554590,80.554590,120.000000,0.000000,139.337097,0.578127,0.000000,20,,,,,,,,,
online-boutique,online-boutique-longmix-stageC-scale20-replica5-sinusoidal-steps500-20260612T140721Z,idyn-ob-scale20-replica5,scale20,replica5,adservice=5;cartservice=5;checkoutservice=5;currencyservice=5;emailservice=5;frontend=5;paymentservice=5;productcatalogservice=5;recommendationservice=5;redis-cart=1;shippingservice=5,sinusoidal,stageC,cga,CGA,177,177.000,replay,mixed,0.855400,0.009199,14,2.445222,0.000000,0.386228,0.733197,,,0.000000,0.013756,0.013756,11,14,0,77.100377,77.100377,77.100377,77.100377,120.000000,0.000000,139.337097,0.553337,0.000000,20,,,,,,,,,
online-boutique,online-boutique-longmix-stageC-scale20-replica5-sinusoidal-steps500-20260612T140721Z,idyn-ob-scale20-replica5,scale20,replica5,adservice=5;cartservice=5;checkoutservice=5;currencyservice=5;emailservice=5;frontend=5;paymentservice=5;productcatalogservice=5;recommendationservice=5;redis-cart=1;shippingservice=5,sinusoidal,stageC,hda,HDA,177,177.000,replay,mixed,0.855400,0.009199,14,2.445222,0.000000,0.386228,0.733197,,,0.000000,0.013756,0.013756,11,14,0,72.050747,72.050747,72.050747,72.050747,120.000000,0.000000,139.337097,0.517097,0.000000,20,,,,,,,,,
online-boutique,online-boutique-longmix-stageC-scale20-replica5-sinusoidal-steps500-20260612T140721Z,idyn-ob-scale20-replica5,scale20,replica5,adservice=5;cartservice=5;checkoutservice=5;currencyservice=5;emailservice=5;frontend=5;paymentservice=5;productcatalogservice=5;recommendationservice=5;redis-cart=1;shippingservice=5,sinusoidal,stageC,kubernetes-default,K8s default,178,178.000,replay,mixed,0.858153,0.006431,14,2.446207,0.000000,0.386118,0.736157,,,0.000000,0.012194,0.012194,11,14,0,81.426198,81.426198,81.426198,81.426198,120.000000,0.000000,139.406128,0.584093,0.000000,20,,,,,,,,,
online-boutique,online-boutique-longmix-stageC-scale20-replica5-sinusoidal-steps500-20260612T140721Z,idyn-ob-scale20-replica5,scale20,replica5,adservice=5;cartservice=5;checkoutservice=5;currencyservice=5;emailservice=5;frontend=5;paymentservice=5;productcatalogservice=5;recommendationservice=5;redis-cart=1;shippingservice=5,sinusoidal,stageC,cga,CGA,178,178.000,replay,mixed,0.858153,0.006431,14,2.446207,0.000000,0.386118,0.736157,,,0.000000,0.012194,0.012194,11,14,0,76.849677,76.849677,76.849677,76.849677,120.000000,0.000000,139.406128,0.551265,0.000000,20,,,,,,,,,
online-boutique,online-boutique-longmix-stageC-scale20-replica5-sinusoidal-steps500-20260612T140721Z,idyn-ob-scale20-replica5,scale20,replica5,adservice=5;cartservice=5;checkoutservice=5;currencyservice=5;emailservice=5;frontend=5;paymentservice=5;productcatalogservice=5;recommendationservice=5;redis-cart=1;shippingservice=5,sinusoidal,stageC,hda,HDA,178,178.000,replay,mixed,0.858153,0.006431,14,2.446207,0.000000,0.386118,0.736157,,,0.000000,0.012194,0.012194,11,14,0,73.307527,73.307527,73.307527,73.307527,120.000000,0.000000,139.406128,0.525856,0.000000,20,,,,,,,,,
online-boutique,online-boutique-longmix-stageC-scale20-replica5-sinusoidal-steps500-20260612T140721Z,idyn-ob-scale20-replica5,scale20,replica5,adservice=5;cartservice=5;checkoutservice=5;currencyservice=5;emailservice=5;frontend=5;paymentservice=5;productcatalogservice=5;recommendationservice=5;redis-cart=1;shippingservice=5,sinusoidal,stageC,kubernetes-default,K8s default,179,179.000,replay,mixed,0.907337,0.054607,14,2.447062,0.000000,0.386027,0.739590,,,0.000000,0.008847,0.008847,11,14,0,85.134495,85.134495,85.134495,85.134495,120.000000,0.000000,139.475097,0.610392,0.000000,20,,,,,,,,,
online-boutique,online-boutique-longmix-stageC-scale20-replica5-sinusoidal-steps500-20260612T140721Z,idyn-ob-scale20-replica5,scale20,replica5,adservice=5;cartservice=5;checkoutservice=5;currencyservice=5;emailservice=5;frontend=5;paymentservice=5;productcatalogservice=5;recommendationservice=5;redis-cart=1;shippingservice=5,sinusoidal,stageC,cga,CGA,179,179.000,replay,mixed,0.907337,0.054607,14,2.447062,0.000000,0.386027,0.739590,,,0.000000,0.008847,0.008847,11,14,0,78.949671,78.949671,78.949671,78.949671,120.000000,0.000000,139.475097,0.566049,0.000000,20,,,,,,,,,
online-boutique,online-boutique-longmix-stageC-scale20-replica5-sinusoidal-steps500-20260612T140721Z,idyn-ob-scale20-replica5,scale20,replica5,adservice=5;cartservice=5;checkoutservice=5;currencyservice=5;emailservice=5;frontend=5;paymentservice=5;productcatalogservice=5;recommendationservice=5;redis-cart=1;shippingservice=5,sinusoidal,stageC,hda,HDA,179,179.000,replay,mixed,0.907337,0.054607,14,2.447062,0.000000,0.386027,0.739590,,,0.000000,0.008847,0.008847,11,14,0,78.958861,78.958861,78.958861,78.958861,120.000000,0.000000,139.475097,0.566114,0.000000,20,,,,,,,,,
online-boutique,online-boutique-longmix-stageC-scale20-replica5-sinusoidal-steps500-20260612T140721Z,idyn-ob-scale20-replica5,scale20,replica5,adservice=5;cartservice=5;checkoutservice=5;currencyservice=5;emailservice=5;frontend=5;paymentservice=5;productcatalogservice=5;recommendationservice=5;redis-cart=1;shippingservice=5,sinusoidal,stageC,kubernetes-default,K8s default,180,180.000,replay,mixed,0.838895,0.075026,14,2.447789,0.000000,0.385956,0.743476,,,0.000000,0.009127,0.009127,11,14,0,85.931314,85.931314,85.931314,85.931314,120.000000,0.000000,139.543976,0.615801,0.000000,20,,,,,,,,,
online-boutique,online-boutique-longmix-stageC-scale20-replica5-sinusoidal-steps500-20260612T140721Z,idyn-ob-scale20-replica5,scale20,replica5,adservice=5;cartservice=5;checkoutservice=5;currencyservice=5;emailservice=5;frontend=5;paymentservice=5;productcatalogservice=5;recommendationservice=5;redis-cart=1;shippingservice=5,sinusoidal,stageC,cga,CGA,180,180.000,replay,mixed,0.838895,0.075026,14,2.447789,0.000000,0.385956,0.743476,,,0.000000,0.009127,0.009127,11,14,0,76.889502,76.889502,76.889502,76.889502,120.000000,0.000000,139.543976,0.551006,0.000000,20,,,,,,,,,
online-boutique,online-boutique-longmix-stageC-scale20-replica5-sinusoidal-steps500-20260612T140721Z,idyn-ob-scale20-replica5,scale20,replica5,adservice=5;cartservice=5;checkoutservice=5;currencyservice=5;emailservice=5;frontend=5;paymentservice=5;productcatalogservice=5;recommendationservice=5;redis-cart=1;shippingservice=5,sinusoidal,stageC,hda,HDA,180,180.000,replay,mixed,0.838895,0.075026,14,2.447789,0.000000,0.385956,0.743476,,,0.000000,0.009127,0.009127,11,14,0,77.248273,77.248273,77.248273,77.248273,120.000000,0.000000,139.543976,0.553577,0.000000,20,,,,,,,,,
online-boutique,online-boutique-longmix-stageC-scale20-replica5-sinusoidal-steps500-20260612T140721Z,idyn-ob-scale20-replica5,scale20,replica5,adservice=5;cartservice=5;checkoutservice=5;currencyservice=5;emailservice=5;frontend=5;paymentservice=5;productcatalogservice=5;recommendationservice=5;redis-cart=1;shippingservice=5,sinusoidal,stageC,kubernetes-default,K8s default,181,181.000,replay,mixed,0.834388,0.007070,14,2.448390,0.000000,0.385904,0.747794,,,0.000000,0.015910,0.015910,11,14,0,77.674077,77.674077,77.674077,77.674077,120.000000,0.000000,139.612736,0.556354,0.000000,20,,,,,,,,,
online-boutique,online-boutique-longmix-stageC-scale20-replica5-sinusoidal-steps500-20260612T140721Z,idyn-ob-scale20-replica5,scale20,replica5,adservice=5;cartservice=5;checkoutservice=5;currencyservice=5;emailservice=5;frontend=5;paymentservice=5;productcatalogservice=5;recommendationservice=5;redis-cart=1;shippingservice=5,sinusoidal,stageC,cga,CGA,181,181.000,replay,mixed,0.834388,0.007070,14,2.448390,0.000000,0.385904,0.747794,,,0.000000,0.015910,0.015910,11,14,0,75.930674,75.930674,75.930674,75.930674,120.000000,0.000000,139.612736,0.543866,0.000000,20,,,,,,,,,
online-boutique,online-boutique-longmix-stageC-scale20-replica5-sinusoidal-steps500-20260612T140721Z,idyn-ob-scale20-replica5,scale20,replica5,adservice=5;cartservice=5;checkoutservice=5;currencyservice=5;emailservice=5;frontend=5;paymentservice=5;productcatalogservice=5;recommendationservice=5;redis-cart=1;shippingservice=5,sinusoidal,stageC,hda,HDA,181,181.000,replay,mixed,0.834388,0.007070,14,2.448390,0.000000,0.385904,0.747794,,,0.000000,0.015910,0.015910,11,14,0,75.477496,75.477496,75.477496,75.477496,120.000000,0.000000,139.612736,0.540620,0.000000,20,,,,,,,,,
online-boutique,online-boutique-longmix-stageC-scale20-replica5-sinusoidal-steps500-20260612T140721Z,idyn-ob-scale20-replica5,scale20,replica5,adservice=5;cartservice=5;checkoutservice=5;currencyservice=5;emailservice=5;frontend=5;paymentservice=5;productcatalogservice=5;recommendationservice=5;redis-cart=1;shippingservice=5,sinusoidal,stageC,kubernetes-default,K8s default,182,182.000,replay,mixed,0.857389,0.027285,14,2.448867,0.000000,0.385873,0.752520,,,0.000000,0.008686,0.008686,11,14,0,81.644319,81.644319,81.644319,81.644319,120.000000,0.000000,139.681348,0.584504,0.000000,20,,,,,,,,,
online-boutique,online-boutique-longmix-stageC-scale20-replica5-sinusoidal-steps500-20260612T140721Z,idyn-ob-scale20-replica5,scale20,replica5,adservice=5;cartservice=5;checkoutservice=5;currencyservice=5;emailservice=5;frontend=5;paymentservice=5;productcatalogservice=5;recommendationservice=5;redis-cart=1;shippingservice=5,sinusoidal,stageC,cga,CGA,182,182.000,replay,mixed,0.857389,0.027285,14,2.448867,0.000000,0.385873,0.752520,,,0.000000,0.008686,0.008686,11,14,0,77.597738,77.597738,77.597738,77.597738,120.000000,0.000000,139.681348,0.555534,0.000000,20,,,,,,,,,
online-boutique,online-boutique-longmix-stageC-scale20-replica5-sinusoidal-steps500-20260612T140721Z,idyn-ob-scale20-replica5,scale20,replica5,adservice=5;cartservice=5;checkoutservice=5;currencyservice=5;emailservice=5;frontend=5;paymentservice=5;productcatalogservice=5;recommendationservice=5;redis-cart=1;shippingservice=5,sinusoidal,stageC,hda,HDA,182,182.000,replay,mixed,0.857389,0.027285,14,2.448867,0.000000,0.385873,0.752520,,,0.000000,0.008686,0.008686,11,14,0,75.457978,75.457978,75.457978,75.457978,120.000000,0.000000,139.681348,0.540215,0.000000,20,,,,,,,,,
online-boutique,online-boutique-longmix-stageC-scale20-replica5-sinusoidal-steps500-20260612T140721Z,idyn-ob-scale20-replica5,scale20,replica5,adservice=5;cartservice=5;checkoutservice=5;currencyservice=5;emailservice=5;frontend=5;paymentservice=5;productcatalogservice=5;recommendationservice=5;redis-cart=1;shippingservice=5,sinusoidal,stageC,kubernetes-default,K8s default,183,183.000,replay,mixed,0.868232,0.012970,14,2.449221,0.500000,0.386151,0.757630,,,0.000000,0.008886,0.008886,11,14,0,86.353248,86.353248,86.353248,86.353248,120.000000,0.000000,139.749785,0.617913,0.000000,20,,,,,,,,,
online-boutique,online-boutique-longmix-stageC-scale20-replica5-sinusoidal-steps500-20260612T140721Z,idyn-ob-scale20-replica5,scale20,replica5,adservice=5;cartservice=5;checkoutservice=5;currencyservice=5;emailservice=5;frontend=5;paymentservice=5;productcatalogservice=5;recommendationservice=5;redis-cart=1;shippingservice=5,sinusoidal,stageC,cga,CGA,183,183.000,replay,mixed,0.868232,0.012970,14,2.449221,0.500000,0.386151,0.757630,,,0.000000,0.008886,0.008886,11,14,0,78.673325,78.673325,78.673325,78.673325,120.000000,0.000000,139.749785,0.562958,0.000000,20,,,,,,,,,
online-boutique,online-boutique-longmix-stageC-scale20-replica5-sinusoidal-steps500-20260612T140721Z,idyn-ob-scale20-replica5,scale20,replica5,adservice=5;cartservice=5;checkoutservice=5;currencyservice=5;emailservice=5;frontend=5;paymentservice=5;productcatalogservice=5;recommendationservice=5;redis-cart=1;shippingservice=5,sinusoidal,stageC,hda,HDA,183,183.000,replay,mixed,0.868232,0.012970,14,2.449221,0.500000,0.386151,0.757630,,,0.000000,0.008886,0.008886,11,14,0,80.159292,80.159292,80.159292,80.159292,120.000000,0.000000,139.749785,0.573592,0.000000,20,,,,,,,,,
online-boutique,online-boutique-longmix-stageC-scale20-replica5-sinusoidal-steps500-20260612T140721Z,idyn-ob-scale20-replica5,scale20,replica5,adservice=5;cartservice=5;checkoutservice=5;currencyservice=5;emailservice=5;frontend=5;paymentservice=5;productcatalogservice=5;recommendationservice=5;redis-cart=1;shippingservice=5,sinusoidal,stageC,kubernetes-default,K8s default,184,184.000,replay,mixed,0.816050,0.059629,14,2.449455,0.000000,0.386447,0.763098,,,0.000000,0.008316,0.008316,11,14,0,79.051533,79.051533,79.051533,79.051533,120.000000,0.000000,139.818019,0.565389,0.000000,20,,,,,,,,,
online-boutique,online-boutique-longmix-stageC-scale20-replica5-sinusoidal-steps500-20260612T140721Z,idyn-ob-scale20-replica5,scale20,replica5,adservice=5;cartservice=5;checkoutservice=5;currencyservice=5;emailservice=5;frontend=5;paymentservice=5;productcatalogservice=5;recommendationservice=5;redis-cart=1;shippingservice=5,sinusoidal,stageC,cga,CGA,184,184.000,replay,mixed,0.816050,0.059629,14,2.449455,0.000000,0.386447,0.763098,,,0.000000,0.008316,0.008316,11,14,0,75.597292,75.597292,75.597292,75.597292,120.000000,0.000000,139.818019,0.540683,0.000000,20,,,,,,,,,
online-boutique,online-boutique-longmix-stageC-scale20-replica5-sinusoidal-steps500-20260612T140721Z,idyn-ob-scale20-replica5,scale20,replica5,adservice=5;cartservice=5;checkoutservice=5;currencyservice=5;emailservice=5;frontend=5;paymentservice=5;productcatalogservice=5;recommendationservice=5;redis-cart=1;shippingservice=5,sinusoidal,stageC,hda,HDA,184,184.000,replay,mixed,0.816050,0.059629,14,2.449455,0.000000,0.386447,0.763098,,,0.000000,0.008316,0.008316,11,14,0,83.480985,83.480985,83.480985,83.480985,120.000000,0.000000,139.818019,0.597069,0.000000,20,,,,,,,,,
online-boutique,online-boutique-longmix-stageC-scale20-replica5-sinusoidal-steps500-20260612T140721Z,idyn-ob-scale20-replica5,scale20,replica5,adservice=5;cartservice=5;checkoutservice=5;currencyservice=5;emailservice=5;frontend=5;paymentservice=5;productcatalogservice=5;recommendationservice=5;redis-cart=1;shippingservice=5,sinusoidal,stageC,kubernetes-default,K8s default,185,185.000,replay,mixed,0.852749,0.043532,14,2.449570,0.000000,0.386758,0.768896,,,0.000000,0.014216,0.014216,11,14,0,81.418264,81.418264,81.418264,81.418264,120.000000,0.000000,139.886021,0.582033,0.000000,20,,,,,,,,,
online-boutique,online-boutique-longmix-stageC-scale20-replica5-sinusoidal-steps500-20260612T140721Z,idyn-ob-scale20-replica5,scale20,replica5,adservice=5;cartservice=5;checkoutservice=5;currencyservice=5;emailservice=5;frontend=5;paymentservice=5;productcatalogservice=5;recommendationservice=5;redis-cart=1;shippingservice=5,sinusoidal,stageC,cga,CGA,185,185.000,replay,mixed,0.852749,0.043532,14,2.449570,0.000000,0.386758,0.768896,,,0.000000,0.014216,0.014216,11,14,0,78.451957,78.451957,78.451957,78.451957,120.000000,0.000000,139.886021,0.560828,0.000000,20,,,,,,,,,
online-boutique,online-boutique-longmix-stageC-scale20-replica5-sinusoidal-steps500-20260612T140721Z,idyn-ob-scale20-replica5,scale20,replica5,adservice=5;cartservice=5;checkoutservice=5;currencyservice=5;emailservice=5;frontend=5;paymentservice=5;productcatalogservice=5;recommendationservice=5;redis-cart=1;shippingservice=5,sinusoidal,stageC,hda,HDA,185,185.000,replay,mixed,0.852749,0.043532,14,2.449570,0.000000,0.386758,0.768896,,,0.000000,0.014216,0.014216,11,14,0,72.941733,72.941733,72.941733,72.941733,120.000000,0.000000,139.886021,0.521437,0.000000,20,,,,,,,,,
online-boutique,online-boutique-longmix-stageC-scale20-replica5-sinusoidal-steps500-20260612T140721Z,idyn-ob-scale20-replica5,scale20,replica5,adservice=5;cartservice=5;checkoutservice=5;currencyservice=5;emailservice=5;frontend=5;paymentservice=5;productcatalogservice=5;recommendationservice=5;redis-cart=1;shippingservice=5,sinusoidal,stageC,kubernetes-default,K8s default,186,186.000,replay,mixed,0.887044,0.039176,14,2.449570,0.000000,0.387084,0.774997,,,0.000000,0.009358,0.009358,11,14,0,84.000668,84.000668,84.000668,84.000668,120.000000,0.000000,139.953762,0.600203,0.000000,20,,,,,,,,,
online-boutique,online-boutique-longmix-stageC-scale20-replica5-sinusoidal-steps500-20260612T140721Z,idyn-ob-scale20-replica5,scale20,replica5,adservice=5;cartservice=5;checkoutservice=5;currencyservice=5;emailservice=5;frontend=5;paymentservice=5;productcatalogservice=5;recommendationservice=5;redis-cart=1;shippingservice=5,sinusoidal,stageC,cga,CGA,186,186.000,replay,mixed,0.887044,0.039176,14,2.449570,0.000000,0.387084,0.774997,,,0.000000,0.009358,0.009358,11,14,0,80.578692,80.578692,80.578692,80.578692,120.000000,0.000000,139.953762,0.575752,0.000000,20,,,,,,,,,
online-boutique,online-boutique-longmix-stageC-scale20-replica5-sinusoidal-steps500-20260612T140721Z,idyn-ob-scale20-replica5,scale20,replica5,adservice=5;cartservice=5;checkoutservice=5;currencyservice=5;emailservice=5;frontend=5;paymentservice=5;productcatalogservice=5;recommendationservice=5;redis-cart=1;shippingservice=5,sinusoidal,stageC,hda,HDA,186,186.000,replay,mixed,0.887044,0.039176,14,2.449570,0.000000,0.387084,0.774997,,,0.000000,0.009358,0.009358,11,14,0,72.657507,72.657507,72.657507,72.657507,120.000000,0.000000,139.953762,0.519154,0.000000,20,,,,,,,,,
online-boutique,online-boutique-longmix-stageC-scale20-replica5-sinusoidal-steps500-20260612T140721Z,idyn-ob-scale20-replica5,scale20,replica5,adservice=5;cartservice=5;checkoutservice=5;currencyservice=5;emailservice=5;frontend=5;paymentservice=5;productcatalogservice=5;recommendationservice=5;redis-cart=1;shippingservice=5,sinusoidal,stageC,kubernetes-default,K8s default,187,187.000,replay,mixed,0.875678,0.012271,14,2.449456,0.000000,0.387608,0.781373,,,0.000000,0.015158,0.015158,11,14,0,86.300460,86.300460,86.300460,86.300460,120.000000,0.000000,140.021215,0.616338,0.000000,20,,,,,,,,,
online-boutique,online-boutique-longmix-stageC-scale20-replica5-sinusoidal-steps500-20260612T140721Z,idyn-ob-scale20-replica5,scale20,replica5,adservice=5;cartservice=5;checkoutservice=5;currencyservice=5;emailservice=5;frontend=5;paymentservice=5;productcatalogservice=5;recommendationservice=5;redis-cart=1;shippingservice=5,sinusoidal,stageC,cga,CGA,187,187.000,replay,mixed,0.875678,0.012271,14,2.449456,0.000000,0.387608,0.781373,,,0.000000,0.015158,0.015158,11,14,0,79.789299,79.789299,79.789299,79.789299,120.000000,0.000000,140.021215,0.569837,0.000000,20,,,,,,,,,
online-boutique,online-boutique-longmix-stageC-scale20-replica5-sinusoidal-steps500-20260612T140721Z,idyn-ob-scale20-replica5,scale20,replica5,adservice=5;cartservice=5;checkoutservice=5;currencyservice=5;emailservice=5;frontend=5;paymentservice=5;productcatalogservice=5;recommendationservice=5;redis-cart=1;shippingservice=5,sinusoidal,stageC,hda,HDA,187,187.000,replay,mixed,0.875678,0.012271,14,2.449456,0.000000,0.387608,0.781373,,,0.000000,0.015158,0.015158,11,14,0,75.065840,75.065840,75.065840,75.065840,120.000000,0.000000,140.021215,0.536103,0.000000,20,,,,,,,,,
online-boutique,online-boutique-longmix-stageC-scale20-replica5-sinusoidal-steps500-20260612T140721Z,idyn-ob-scale20-replica5,scale20,replica5,adservice=5;cartservice=5;checkoutservice=5;currencyservice=5;emailservice=5;frontend=5;paymentservice=5;productcatalogservice=5;recommendationservice=5;redis-cart=1;shippingservice=5,sinusoidal,stageC,kubernetes-default,K8s default,188,188.000,replay,mixed,0.834874,0.046060,14,2.449231,0.000000,0.388214,0.787993,,,0.000000,0.012433,0.012433,11,14,0,89.869437,89.869437,89.869437,89.869437,120.000000,0.000000,140.088351,0.641520,0.000000,20,,,,,,,,,
online-boutique,online-boutique-longmix-stageC-scale20-replica5-sinusoidal-steps500-20260612T140721Z,idyn-ob-scale20-replica5,scale20,replica5,adservice=5;cartservice=5;checkoutservice=5;currencyservice=5;emailservice=5;frontend=5;paymentservice=5;productcatalogservice=5;recommendationservice=5;redis-cart=1;shippingservice=5,sinusoidal,stageC,cga,CGA,188,188.000,replay,mixed,0.834874,0.046060,14,2.449231,0.000000,0.388214,0.787993,,,0.000000,0.012433,0.012433,11,14,0,78.180570,78.180570,78.180570,78.180570,120.000000,0.000000,140.088351,0.558080,0.000000,20,,,,,,,,,
online-boutique,online-boutique-longmix-stageC-scale20-replica5-sinusoidal-steps500-20260612T140721Z,idyn-ob-scale20-replica5,scale20,replica5,adservice=5;cartservice=5;checkoutservice=5;currencyservice=5;emailservice=5;frontend=5;paymentservice=5;productcatalogservice=5;recommendationservice=5;redis-cart=1;shippingservice=5,sinusoidal,stageC,hda,HDA,188,188.000,replay,mixed,0.834874,0.046060,14,2.449231,0.000000,0.388214,0.787993,,,0.000000,0.012433,0.012433,11,14,0,76.303719,76.303719,76.303719,76.303719,120.000000,0.000000,140.088351,0.544683,0.000000,20,,,,,,,,,
online-boutique,online-boutique-longmix-stageC-scale20-replica5-sinusoidal-steps500-20260612T140721Z,idyn-ob-scale20-replica5,scale20,replica5,adservice=5;cartservice=5;checkoutservice=5;currencyservice=5;emailservice=5;frontend=5;paymentservice=5;productcatalogservice=5;recommendationservice=5;redis-cart=1;shippingservice=5,sinusoidal,stageC,kubernetes-default,K8s default,189,189.000,replay,mixed,0.819781,0.017509,14,2.448896,0.000000,0.388855,0.794830,,,0.000000,0.012193,0.012193,11,14,0,82.682709,82.682709,82.682709,82.682709,120.000000,0.000000,140.155143,0.589937,0.000000,20,,,,,,,,,
online-boutique,online-boutique-longmix-stageC-scale20-replica5-sinusoidal-steps500-20260612T140721Z,idyn-ob-scale20-replica5,scale20,replica5,adservice=5;cartservice=5;checkoutservice=5;currencyservice=5;emailservice=5;frontend=5;paymentservice=5;productcatalogservice=5;recommendationservice=5;redis-cart=1;shippingservice=5,sinusoidal,stageC,cga,CGA,189,189.000,replay,mixed,0.819781,0.017509,14,2.448896,0.000000,0.388855,0.794830,,,0.000000,0.012193,0.012193,11,14,0,79.451458,79.451458,79.451458,79.451458,120.000000,0.000000,140.155143,0.566882,0.000000,20,,,,,,,,,
online-boutique,online-boutique-longmix-stageC-scale20-replica5-sinusoidal-steps500-20260612T140721Z,idyn-ob-scale20-replica5,scale20,replica5,adservice=5;cartservice=5;checkoutservice=5;currencyservice=5;emailservice=5;frontend=5;paymentservice=5;productcatalogservice=5;recommendationservice=5;redis-cart=1;shippingservice=5,sinusoidal,stageC,hda,HDA,189,189.000,replay,mixed,0.819781,0.017509,14,2.448896,0.000000,0.388855,0.794830,,,0.000000,0.012193,0.012193,11,14,0,74.744202,74.744202,74.744202,74.744202,120.000000,0.000000,140.155143,0.533296,0.000000,20,,,,,,,,,
online-boutique,online-boutique-longmix-stageC-scale20-replica5-sinusoidal-steps500-20260612T140721Z,idyn-ob-scale20-replica5,scale20,replica5,adservice=5;cartservice=5;checkoutservice=5;currencyservice=5;emailservice=5;frontend=5;paymentservice=5;productcatalogservice=5;recommendationservice=5;redis-cart=1;shippingservice=5,sinusoidal,stageC,kubernetes-default,K8s default,190,190.000,replay,mixed,0.846083,0.031662,14,2.448455,0.000000,0.389531,0.801854,,,0.000000,0.009278,0.009278,11,14,0,83.471715,83.471715,83.471715,83.471715,120.000000,0.000000,140.221562,0.595284,0.000000,20,,,,,,,,,
online-boutique,online-boutique-longmix-stageC-scale20-replica5-sinusoidal-steps500-20260612T140721Z,idyn-ob-scale20-replica5,scale20,replica5,adservice=5;cartservice=5;checkoutservice=5;currencyservice=5;emailservice=5;frontend=5;paymentservice=5;productcatalogservice=5;recommendationservice=5;redis-cart=1;shippingservice=5,sinusoidal,stageC,cga,CGA,190,190.000,replay,mixed,0.846083,0.031662,14,2.448455,0.000000,0.389531,0.801854,,,0.000000,0.009278,0.009278,11,14,0,75.432547,75.432547,75.432547,75.432547,120.000000,0.000000,140.221562,0.537953,0.000000,20,,,,,,,,,
online-boutique,online-boutique-longmix-stageC-scale20-replica5-sinusoidal-steps500-20260612T140721Z,idyn-ob-scale20-replica5,scale20,replica5,adservice=5;cartservice=5;checkoutservice=5;currencyservice=5;emailservice=5;frontend=5;paymentservice=5;productcatalogservice=5;recommendationservice=5;redis-cart=1;shippingservice=5,sinusoidal,stageC,hda,HDA,190,190.000,replay,mixed,0.846083,0.031662,14,2.448455,0.000000,0.389531,0.801854,,,0.000000,0.009278,0.009278,11,14,0,76.571164,76.571164,76.571164,76.571164,120.000000,0.000000,140.221562,0.546073,0.000000,20,,,,,,,,,
online-boutique,online-boutique-longmix-stageC-scale20-replica5-sinusoidal-steps500-20260612T140721Z,idyn-ob-scale20-replica5,scale20,replica5,adservice=5;cartservice=5;checkoutservice=5;currencyservice=5;emailservice=5;frontend=5;paymentservice=5;productcatalogservice=5;recommendationservice=5;redis-cart=1;shippingservice=5,sinusoidal,stageC,kubernetes-default,K8s default,191,191.000,replay,mixed,0.789077,0.066809,14,2.447910,0.000000,0.390216,0.809036,,,0.000000,0.009587,0.009587,11,14,0,84.539220,84.539220,84.539220,84.539220,120.000000,0.000000,140.287582,0.602614,0.000000,20,,,,,,,,,
online-boutique,online-boutique-longmix-stageC-scale20-replica5-sinusoidal-steps500-20260612T140721Z,idyn-ob-scale20-replica5,scale20,replica5,adservice=5;cartservice=5;checkoutservice=5;currencyservice=5;emailservice=5;frontend=5;paymentservice=5;productcatalogservice=5;recommendationservice=5;redis-cart=1;shippingservice=5,sinusoidal,stageC,cga,CGA,191,191.000,replay,mixed,0.789077,0.066809,14,2.447910,0.000000,0.390216,0.809036,,,0.000000,0.009587,0.009587,11,14,0,76.322933,76.322933,76.322933,76.322933,120.000000,0.000000,140.287582,0.544046,0.000000,20,,,,,,,,,
online-boutique,online-boutique-longmix-stageC-scale20-replica5-sinusoidal-steps500-20260612T140721Z,idyn-ob-scale20-replica5,scale20,replica5,adservice=5;cartservice=5;checkoutservice=5;currencyservice=5;emailservice=5;frontend=5;paymentservice=5;productcatalogservice=5;recommendationservice=5;redis-cart=1;shippingservice=5,sinusoidal,stageC,hda,HDA,191,191.000,replay,mixed,0.789077,0.066809,14,2.447910,0.000000,0.390216,0.809036,,,0.000000,0.009587,0.009587,11,14,0,73.997556,73.997556,73.997556,73.997556,120.000000,0.000000,140.287582,0.527470,0.000000,20,,,,,,,,,
online-boutique,online-boutique-longmix-stageC-scale20-replica5-sinusoidal-steps500-20260612T140721Z,idyn-ob-scale20-replica5,scale20,replica5,adservice=5;cartservice=5;checkoutservice=5;currencyservice=5;emailservice=5;frontend=5;paymentservice=5;productcatalogservice=5;recommendationservice=5;redis-cart=1;shippingservice=5,sinusoidal,stageC,kubernetes-default,K8s default,192,192.000,replay,mixed,0.872131,0.095794,14,2.447263,0.000000,0.390911,0.816347,,,0.000000,0.009218,0.009218,11,14,0,88.654458,88.654458,88.654458,88.654458,120.000000,0.000000,140.353175,0.631653,0.000000,20,,,,,,,,,
online-boutique,online-boutique-longmix-stageC-scale20-replica5-sinusoidal-steps500-20260612T140721Z,idyn-ob-scale20-replica5,scale20,replica5,adservice=5;cartservice=5;checkoutservice=5;currencyservice=5;emailservice=5;frontend=5;paymentservice=5;productcatalogservice=5;recommendationservice=5;redis-cart=1;shippingservice=5,sinusoidal,stageC,cga,CGA,192,192.000,replay,mixed,0.872131,0.095794,14,2.447263,0.000000,0.390911,0.816347,,,0.000000,0.009218,0.009218,11,14,0,82.927726,82.927726,82.927726,82.927726,120.000000,0.000000,140.353175,0.590850,0.000000,20,,,,,,,,,
online-boutique,online-boutique-longmix-stageC-scale20-replica5-sinusoidal-steps500-20260612T140721Z,idyn-ob-scale20-replica5,scale20,replica5,adservice=5;cartservice=5;checkoutservice=5;currencyservice=5;emailservice=5;frontend=5;paymentservice=5;productcatalogservice=5;recommendationservice=5;redis-cart=1;shippingservice=5,sinusoidal,stageC,hda,HDA,192,192.000,replay,mixed,0.872131,0.095794,14,2.447263,0.000000,0.390911,0.816347,,,0.000000,0.009218,0.009218,11,14,0,79.244621,79.244621,79.244621,79.244621,120.000000,0.000000,140.353175,0.564609,0.000000,20,,,,,,,,,
online-boutique,online-boutique-longmix-stageC-scale20-replica5-sinusoidal-steps500-20260612T140721Z,idyn-ob-scale20-replica5,scale20,replica5,adservice=5;cartservice=5;checkoutservice=5;currencyservice=5;emailservice=5;frontend=5;paymentservice=5;productcatalogservice=5;recommendationservice=5;redis-cart=1;shippingservice=5,sinusoidal,stageC,kubernetes-default,K8s default,193,193.000,replay,mixed,0.790988,0.092463,14,2.446516,0.000000,0.391615,0.823761,,,0.000000,0.012294,0.012294,11,14,0,88.488424,88.488424,88.488424,88.488424,120.000000,0.000000,140.418313,0.630177,0.000000,20,,,,,,,,,
online-boutique,online-boutique-longmix-stageC-scale20-replica5-sinusoidal-steps500-20260612T140721Z,idyn-ob-scale20-replica5,scale20,replica5,adservice=5;cartservice=5;checkoutservice=5;currencyservice=5;emailservice=5;frontend=5;paymentservice=5;productcatalogservice=5;recommendationservice=5;redis-cart=1;shippingservice=5,sinusoidal,stageC,cga,CGA,193,193.000,replay,mixed,0.790988,0.092463,14,2.446516,0.000000,0.391615,0.823761,,,0.000000,0.012294,0.012294,11,14,0,81.279126,81.279126,81.279126,81.279126,120.000000,0.000000,140.418313,0.578836,0.000000,20,,,,,,,,,
online-boutique,online-boutique-longmix-stageC-scale20-replica5-sinusoidal-steps500-20260612T140721Z,idyn-ob-scale20-replica5,scale20,replica5,adservice=5;cartservice=5;checkoutservice=5;currencyservice=5;emailservice=5;frontend=5;paymentservice=5;productcatalogservice=5;recommendationservice=5;redis-cart=1;shippingservice=5,sinusoidal,stageC,hda,HDA,193,193.000,replay,mixed,0.790988,0.092463,14,2.446516,0.000000,0.391615,0.823761,,,0.000000,0.012294,0.012294,11,14,0,77.881129,77.881129,77.881129,77.881129,120.000000,0.000000,140.418313,0.554637,0.000000,20,,,,,,,,,
online-boutique,online-boutique-longmix-stageC-scale20-replica5-sinusoidal-steps500-20260612T140721Z,idyn-ob-scale20-replica5,scale20,replica5,adservice=5;cartservice=5;checkoutservice=5;currencyservice=5;emailservice=5;frontend=5;paymentservice=5;productcatalogservice=5;recommendationservice=5;redis-cart=1;shippingservice=5,sinusoidal,stageC,kubernetes-default,K8s default,194,194.000,replay,mixed,0.837405,0.056042,14,2.445673,0.000000,0.392328,0.831248,,,0.000000,0.015680,0.015680,11,14,0,86.180170,86.180170,86.180170,86.180170,120.000000,0.000000,140.482971,0.613456,0.000000,20,,,,,,,,,
online-boutique,online-boutique-longmix-stageC-scale20-replica5-sinusoidal-steps500-20260612T140721Z,idyn-ob-scale20-replica5,scale20,replica5,adservice=5;cartservice=5;checkoutservice=5;currencyservice=5;emailservice=5;frontend=5;paymentservice=5;productcatalogservice=5;recommendationservice=5;redis-cart=1;shippingservice=5,sinusoidal,stageC,cga,CGA,194,194.000,replay,mixed,0.837405,0.056042,14,2.445673,0.000000,0.392328,0.831248,,,0.000000,0.015680,0.015680,11,14,0,78.571946,78.571946,78.571946,78.571946,120.000000,0.000000,140.482971,0.559299,0.000000,20,,,,,,,,,
online-boutique,online-boutique-longmix-stageC-scale20-replica5-sinusoidal-steps500-20260612T140721Z,idyn-ob-scale20-replica5,scale20,replica5,adservice=5;cartservice=5;checkoutservice=5;currencyservice=5;emailservice=5;frontend=5;paymentservice=5;productcatalogservice=5;recommendationservice=5;redis-cart=1;shippingservice=5,sinusoidal,stageC,hda,HDA,194,194.000,replay,mixed,0.837405,0.056042,14,2.445673,0.000000,0.392328,0.831248,,,0.000000,0.015680,0.015680,11,14,0,75.800988,75.800988,75.800988,75.800988,120.000000,0.000000,140.482971,0.539574,0.000000,20,,,,,,,,,
online-boutique,online-boutique-longmix-stageC-scale20-replica5-sinusoidal-steps500-20260612T140721Z,idyn-ob-scale20-replica5,scale20,replica5,adservice=5;cartservice=5;checkoutservice=5;currencyservice=5;emailservice=5;frontend=5;paymentservice=5;productcatalogservice=5;recommendationservice=5;redis-cart=1;shippingservice=5,sinusoidal,stageC,kubernetes-default,K8s default,195,195.000,replay,mixed,0.847662,0.012755,14,2.444736,0.000000,0.393049,0.838783,,,0.000000,0.008686,0.008686,11,14,0,82.289330,82.289330,82.289330,82.289330,120.000000,0.000000,140.547121,0.585493,0.000000,20,,,,,,,,,
online-boutique,online-boutique-longmix-stageC-scale20-replica5-sinusoidal-steps500-20260612T140721Z,idyn-ob-scale20-replica5,scale20,replica5,adservice=5;cartservice=5;checkoutservice=5;currencyservice=5;emailservice=5;frontend=5;paymentservice=5;productcatalogservice=5;recommendationservice=5;redis-cart=1;shippingservice=5,sinusoidal,stageC,cga,CGA,195,195.000,replay,mixed,0.847662,0.012755,14,2.444736,0.000000,0.393049,0.838783,,,0.000000,0.008686,0.008686,11,14,0,77.340235,77.340235,77.340235,77.340235,120.000000,0.000000,140.547121,0.550280,0.000000,20,,,,,,,,,
online-boutique,online-boutique-longmix-stageC-scale20-replica5-sinusoidal-steps500-20260612T140721Z,idyn-ob-scale20-replica5,scale20,replica5,adservice=5;cartservice=5;checkoutservice=5;currencyservice=5;emailservice=5;frontend=5;paymentservice=5;productcatalogservice=5;recommendationservice=5;redis-cart=1;shippingservice=5,sinusoidal,stageC,hda,HDA,195,195.000,replay,mixed,0.847662,0.012755,14,2.444736,0.000000,0.393049,0.838783,,,0.000000,0.008686,0.008686,11,14,0,77.923563,77.923563,77.923563,77.923563,120.000000,0.000000,140.547121,0.554430,0.000000,20,,,,,,,,,
online-boutique,online-boutique-longmix-stageC-scale20-replica5-sinusoidal-steps500-20260612T140721Z,idyn-ob-scale20-replica5,scale20,replica5,adservice=5;cartservice=5;checkoutservice=5;currencyservice=5;emailservice=5;frontend=5;paymentservice=5;productcatalogservice=5;recommendationservice=5;redis-cart=1;shippingservice=5,sinusoidal,stageC,kubernetes-default,K8s default,196,196.000,replay,mixed,0.785774,0.072385,14,2.443707,0.000000,0.393778,0.846339,,,0.000000,0.008767,0.008767,11,14,0,87.983487,87.983487,87.983487,87.983487,120.000000,0.000000,140.610737,0.625724,0.000000,20,,,,,,,,,
online-boutique,online-boutique-longmix-stageC-scale20-replica5-sinusoidal-steps500-20260612T140721Z,idyn-ob-scale20-replica5,scale20,replica5,adservice=5;cartservice=5;checkoutservice=5;currencyservice=5;emailservice=5;frontend=5;paymentservice=5;productcatalogservice=5;recommendationservice=5;redis-cart=1;shippingservice=5,sinusoidal,stageC,cga,CGA,196,196.000,replay,mixed,0.785774,0.072385,14,2.443707,0.000000,0.393778,0.846339,,,0.000000,0.008767,0.008767,11,14,0,74.999431,74.999431,74.999431,74.999431,120.000000,0.000000,140.610737,0.533383,0.000000,20,,,,,,,,,
online-boutique,online-boutique-longmix-stageC-scale20-replica5-sinusoidal-steps500-20260612T140721Z,idyn-ob-scale20-replica5,scale20,replica5,adservice=5;cartservice=5;checkoutservice=5;currencyservice=5;emailservice=5;frontend=5;paymentservice=5;productcatalogservice=5;recommendationservice=5;redis-cart=1;shippingservice=5,sinusoidal,stageC,hda,HDA,196,196.000,replay,mixed,0.785774,0.072385,14,2.443707,0.000000,0.393778,0.846339,,,0.000000,0.008767,0.008767,11,14,0,75.470223,75.470223,75.470223,75.470223,120.000000,0.000000,140.610737,0.536732,0.000000,20,,,,,,,,,
online-boutique,online-boutique-longmix-stageC-scale20-replica5-sinusoidal-steps500-20260612T140721Z,idyn-ob-scale20-replica5,scale20,replica5,adservice=5;cartservice=5;checkoutservice=5;currencyservice=5;emailservice=5;frontend=5;paymentservice=5;productcatalogservice=5;recommendationservice=5;redis-cart=1;shippingservice=5,sinusoidal,stageC,kubernetes-default,K8s default,197,197.000,replay,mixed,0.798192,0.016235,14,2.442588,0.000000,0.394514,0.853892,,,0.000000,0.010269,0.010269,11,14,0,82.021218,82.021218,82.021218,82.021218,120.000000,0.000000,140.673794,0.583060,0.000000,20,,,,,,,,,
online-boutique,online-boutique-longmix-stageC-scale20-replica5-sinusoidal-steps500-20260612T140721Z,idyn-ob-scale20-replica5,scale20,replica5,adservice=5;cartservice=5;checkoutservice=5;currencyservice=5;emailservice=5;frontend=5;paymentservice=5;productcatalogservice=5;recommendationservice=5;redis-cart=1;shippingservice=5,sinusoidal,stageC,cga,CGA,197,197.000,replay,mixed,0.798192,0.016235,14,2.442588,0.000000,0.394514,0.853892,,,0.000000,0.010269,0.010269,11,14,0,72.618875,72.618875,72.618875,72.618875,120.000000,0.000000,140.673794,0.516222,0.000000,20,,,,,,,,,
online-boutique,online-boutique-longmix-stageC-scale20-replica5-sinusoidal-steps500-20260612T140721Z,idyn-ob-scale20-replica5,scale20,replica5,adservice=5;cartservice=5;checkoutservice=5;currencyservice=5;emailservice=5;frontend=5;paymentservice=5;productcatalogservice=5;recommendationservice=5;redis-cart=1;shippingservice=5,sinusoidal,stageC,hda,HDA,197,197.000,replay,mixed,0.798192,0.016235,14,2.442588,0.000000,0.394514,0.853892,,,0.000000,0.010269,0.010269,11,14,0,77.240032,77.240032,77.240032,77.240032,120.000000,0.000000,140.673794,0.549072,0.000000,20,,,,,,,,,
online-boutique,online-boutique-longmix-stageC-scale20-replica5-sinusoidal-steps500-20260612T140721Z,idyn-ob-scale20-replica5,scale20,replica5,adservice=5;cartservice=5;checkoutservice=5;currencyservice=5;emailservice=5;frontend=5;paymentservice=5;productcatalogservice=5;recommendationservice=5;redis-cart=1;shippingservice=5,sinusoidal,stageC,kubernetes-default,K8s default,198,198.000,replay,mixed,0.839866,0.050285,14,2.441382,0.000000,0.395258,0.861417,,,0.000000,0.008887,0.008887,11,14,0,83.414186,83.414186,83.414186,83.414186,120.000000,0.000000,140.736267,0.592699,0.000000,20,,,,,,,,,
online-boutique,online-boutique-longmix-stageC-scale20-replica5-sinusoidal-steps500-20260612T140721Z,idyn-ob-scale20-replica5,scale20,replica5,adservice=5;cartservice=5;checkoutservice=5;currencyservice=5;emailservice=5;frontend=5;paymentservice=5;productcatalogservice=5;recommendationservice=5;redis-cart=1;shippingservice=5,sinusoidal,stageC,cga,CGA,198,198.000,replay,mixed,0.839866,0.050285,14,2.441382,0.000000,0.395258,0.861417,,,0.000000,0.008887,0.008887,11,14,0,79.173913,79.173913,79.173913,79.173913,120.000000,0.000000,140.736267,0.562569,0.000000,20,,,,,,,,,
online-boutique,online-boutique-longmix-stageC-scale20-replica5-sinusoidal-steps500-20260612T140721Z,idyn-ob-scale20-replica5,scale20,replica5,adservice=5;cartservice=5;checkoutservice=5;currencyservice=5;emailservice=5;frontend=5;paymentservice=5;productcatalogservice=5;recommendationservice=5;redis-cart=1;shippingservice=5,sinusoidal,stageC,hda,HDA,198,198.000,replay,mixed,0.839866,0.050285,14,2.441382,0.000000,0.395258,0.861417,,,0.000000,0.008887,0.008887,11,14,0,78.470968,78.470968,78.470968,78.470968,120.000000,0.000000,140.736267,0.557575,0.000000,20,,,,,,,,,
online-boutique,online-boutique-longmix-stageC-scale20-replica5-sinusoidal-steps500-20260612T140721Z,idyn-ob-scale20-replica5,scale20,replica5,adservice=5;cartservice=5;checkoutservice=5;currencyservice=5;emailservice=5;frontend=5;paymentservice=5;productcatalogservice=5;recommendationservice=5;redis-cart=1;shippingservice=5,sinusoidal,stageC,kubernetes-default,K8s default,199,199.000,replay,mixed,0.820397,0.022486,14,2.440092,0.000000,0.396032,0.868892,,,0.000000,0.008315,0.008315,11,14,0,76.859015,76.859015,76.859015,76.859015,120.000000,0.000000,140.798130,0.545881,0.000000,20,,,,,,,,,
online-boutique,online-boutique-longmix-stageC-scale20-replica5-sinusoidal-steps500-20260612T140721Z,idyn-ob-scale20-replica5,scale20,replica5,adservice=5;cartservice=5;checkoutservice=5;currencyservice=5;emailservice=5;frontend=5;paymentservice=5;productcatalogservice=5;recommendationservice=5;redis-cart=1;shippingservice=5,sinusoidal,stageC,cga,CGA,199,199.000,replay,mixed,0.820397,0.022486,14,2.440092,0.000000,0.396032,0.868892,,,0.000000,0.008315,0.008315,11,14,0,75.497656,75.497656,75.497656,75.497656,120.000000,0.000000,140.798130,0.536212,0.000000,20,,,,,,,,,
online-boutique,online-boutique-longmix-stageC-scale20-replica5-sinusoidal-steps500-20260612T140721Z,idyn-ob-scale20-replica5,scale20,replica5,adservice=5;cartservice=5;checkoutservice=5;currencyservice=5;emailservice=5;frontend=5;paymentservice=5;productcatalogservice=5;recommendationservice=5;redis-cart=1;shippingservice=5,sinusoidal,stageC,hda,HDA,199,199.000,replay,mixed,0.820397,0.022486,14,2.440092,0.000000,0.396032,0.868892,,,0.000000,0.008315,0.008315,11,14,0,72.243924,72.243924,72.243924,72.243924,120.000000,0.000000,140.798130,0.513103,0.000000,20,,,,,,,,,
online-boutique,online-boutique-longmix-stageC-scale20-replica5-sinusoidal-steps500-20260612T140721Z,idyn-ob-scale20-replica5,scale20,replica5,adservice=5;cartservice=5;checkoutservice=5;currencyservice=5;emailservice=5;frontend=5;paymentservice=5;productcatalogservice=5;recommendationservice=5;redis-cart=1;shippingservice=5,sinusoidal,stageC,kubernetes-default,K8s default,200,200.000,replay,mixed,0.790960,0.035183,14,2.438720,0.000000,0.396934,0.876294,,,0.000000,0.012904,0.012904,11,14,0,82.875416,82.875416,82.875416,82.875416,120.000000,0.000000,140.859358,0.588356,0.000000,20,,,,,,,,,
online-boutique,online-boutique-longmix-stageC-scale20-replica5-sinusoidal-steps500-20260612T140721Z,idyn-ob-scale20-replica5,scale20,replica5,adservice=5;cartservice=5;checkoutservice=5;currencyservice=5;emailservice=5;frontend=5;paymentservice=5;productcatalogservice=5;recommendationservice=5;redis-cart=1;shippingservice=5,sinusoidal,stageC,cga,CGA,200,200.000,replay,mixed,0.790960,0.035183,14,2.438720,0.000000,0.396934,0.876294,,,0.000000,0.012904,0.012904,11,14,0,76.930151,76.930151,76.930151,76.930151,120.000000,0.000000,140.859358,0.546149,0.000000,20,,,,,,,,,
online-boutique,online-boutique-longmix-stageC-scale20-replica5-sinusoidal-steps500-20260612T140721Z,idyn-ob-scale20-replica5,scale20,replica5,adservice=5;cartservice=5;checkoutservice=5;currencyservice=5;emailservice=5;frontend=5;paymentservice=5;productcatalogservice=5;recommendationservice=5;redis-cart=1;shippingservice=5,sinusoidal,stageC,hda,HDA,200,200.000,replay,mixed,0.790960,0.035183,14,2.438720,0.000000,0.396934,0.876294,,,0.000000,0.012904,0.012904,11,14,0,77.271609,77.271609,77.271609,77.271609,120.000000,0.000000,140.859358,0.548573,0.000000,20,,,,,,,,,
online-boutique,online-boutique-longmix-stageC-scale20-replica5-sinusoidal-steps500-20260612T140721Z,idyn-ob-scale20-replica5,scale20,replica5,adservice=5;cartservice=5;checkoutservice=5;currencyservice=5;emailservice=5;frontend=5;paymentservice=5;productcatalogservice=5;recommendationservice=5;redis-cart=1;shippingservice=5,sinusoidal,stageC,kubernetes-default,K8s default,201,201.000,replay,mixed,0.800558,0.012714,14,2.437269,0.000000,0.397950,0.883602,,,0.000000,0.008456,0.008456,11,14,0,81.291745,81.291745,81.291745,81.291745,120.000000,0.000000,140.919929,0.576865,0.000000,20,,,,,,,,,
online-boutique,online-boutique-longmix-stageC-scale20-replica5-sinusoidal-steps500-20260612T140721Z,idyn-ob-scale20-replica5,scale20,replica5,adservice=5;cartservice=5;checkoutservice=5;currencyservice=5;emailservice=5;frontend=5;paymentservice=5;productcatalogservice=5;recommendationservice=5;redis-cart=1;shippingservice=5,sinusoidal,stageC,cga,CGA,201,201.000,replay,mixed,0.800558,0.012714,14,2.437269,0.000000,0.397950,0.883602,,,0.000000,0.008456,0.008456,11,14,0,80.306577,80.306577,80.306577,80.306577,120.000000,0.000000,140.919929,0.569874,0.000000,20,,,,,,,,,
online-boutique,online-boutique-longmix-stageC-scale20-replica5-sinusoidal-steps500-20260612T140721Z,idyn-ob-scale20-replica5,scale20,replica5,adservice=5;cartservice=5;checkoutservice=5;currencyservice=5;emailservice=5;frontend=5;paymentservice=5;productcatalogservice=5;recommendationservice=5;redis-cart=1;shippingservice=5,sinusoidal,stageC,hda,HDA,201,201.000,replay,mixed,0.800558,0.012714,14,2.437269,0.000000,0.397950,0.883602,,,0.000000,0.008456,0.008456,11,14,0,76.389101,76.389101,76.389101,76.389101,120.000000,0.000000,140.919929,0.542075,0.000000,20,,,,,,,,,
online-boutique,online-boutique-longmix-stageC-scale20-replica5-sinusoidal-steps500-20260612T140721Z,idyn-ob-scale20-replica5,scale20,replica5,adservice=5;cartservice=5;checkoutservice=5;currencyservice=5;emailservice=5;frontend=5;paymentservice=5;productcatalogservice=5;recommendationservice=5;redis-cart=1;shippingservice=5,sinusoidal,stageC,kubernetes-default,K8s default,202,202.000,replay,mixed,0.833734,0.040508,14,2.435739,0.000000,0.398966,0.890796,,,0.000000,0.008075,0.008075,11,14,0,84.548805,84.548805,84.548805,84.548805,120.000000,0.000000,140.979818,0.599723,0.000000,20,,,,,,,,,
online-boutique,online-boutique-longmix-stageC-scale20-replica5-sinusoidal-steps500-20260612T140721Z,idyn-ob-scale20-replica5,scale20,replica5,adservice=5;cartservice=5;checkoutservice=5;currencyservice=5;emailservice=5;frontend=5;paymentservice=5;productcatalogservice=5;recommendationservice=5;redis-cart=1;shippingservice=5,sinusoidal,stageC,cga,CGA,202,202.000,replay,mixed,0.833734,0.040508,14,2.435739,0.000000,0.398966,0.890796,,,0.000000,0.008075,0.008075,11,14,0,81.464814,81.464814,81.464814,81.464814,120.000000,0.000000,140.979818,0.577847,0.000000,20,,,,,,,,,
online-boutique,online-boutique-longmix-stageC-scale20-replica5-sinusoidal-steps500-20260612T140721Z,idyn-ob-scale20-replica5,scale20,replica5,adservice=5;cartservice=5;checkoutservice=5;currencyservice=5;emailservice=5;frontend=5;paymentservice=5;productcatalogservice=5;recommendationservice=5;redis-cart=1;shippingservice=5,sinusoidal,stageC,hda,HDA,202,202.000,replay,mixed,0.833734,0.040508,14,2.435739,0.000000,0.398966,0.890796,,,0.000000,0.008075,0.008075,11,14,0,76.802852,76.802852,76.802852,76.802852,120.000000,0.000000,140.979818,0.544779,0.000000,20,,,,,,,,,
online-boutique,online-boutique-longmix-stageC-scale20-replica5-sinusoidal-steps500-20260612T140721Z,idyn-ob-scale20-replica5,scale20,replica5,adservice=5;cartservice=5;checkoutservice=5;currencyservice=5;emailservice=5;frontend=5;paymentservice=5;productcatalogservice=5;recommendationservice=5;redis-cart=1;shippingservice=5,sinusoidal,stageC,kubernetes-default,K8s default,203,203.000,replay,mixed,0.826743,0.007636,14,2.434135,0.000000,0.399980,0.897857,,,0.000000,0.009347,0.009347,11,14,0,80.267619,80.267619,80.267619,80.267619,120.000000,0.000000,141.039003,0.569116,0.000000,20,,,,,,,,,
online-boutique,online-boutique-longmix-stageC-scale20-replica5-sinusoidal-steps500-20260612T140721Z,idyn-ob-scale20-replica5,scale20,replica5,adservice=5;cartservice=5;checkoutservice=5;currencyservice=5;emailservice=5;frontend=5;paymentservice=5;productcatalogservice=5;recommendationservice=5;redis-cart=1;shippingservice=5,sinusoidal,stageC,cga,CGA,203,203.000,replay,mixed,0.826743,0.007636,14,2.434135,0.000000,0.399980,0.897857,,,0.000000,0.009347,0.009347,11,14,0,77.795907,77.795907,77.795907,77.795907,120.000000,0.000000,141.039003,0.551591,0.000000,20,,,,,,,,,
online-boutique,online-boutique-longmix-stageC-scale20-replica5-sinusoidal-steps500-20260612T140721Z,idyn-ob-scale20-replica5,scale20,replica5,adservice=5;cartservice=5;checkoutservice=5;currencyservice=5;emailservice=5;frontend=5;paymentservice=5;productcatalogservice=5;recommendationservice=5;redis-cart=1;shippingservice=5,sinusoidal,stageC,hda,HDA,203,203.000,replay,mixed,0.826743,0.007636,14,2.434135,0.000000,0.399980,0.897857,,,0.000000,0.009347,0.009347,11,14,0,76.259929,76.259929,76.259929,76.259929,120.000000,0.000000,141.039003,0.540701,0.000000,20,,,,,,,,,
online-boutique,online-boutique-longmix-stageC-scale20-replica5-sinusoidal-steps500-20260612T140721Z,idyn-ob-scale20-replica5,scale20,replica5,adservice=5;cartservice=5;checkoutservice=5;currencyservice=5;emailservice=5;frontend=5;paymentservice=5;productcatalogservice=5;recommendationservice=5;redis-cart=1;shippingservice=5,sinusoidal,stageC,kubernetes-default,K8s default,204,204.000,replay,mixed,0.812570,0.016389,14,2.432457,0.000000,0.400993,0.904768,,,0.000000,0.019366,0.019366,11,14,0,82.665763,82.665763,82.665763,82.665763,120.000000,0.000000,141.097460,0.585877,0.000000,20,,,,,,,,,
online-boutique,online-boutique-longmix-stageC-scale20-replica5-sinusoidal-steps500-20260612T140721Z,idyn-ob-scale20-replica5,scale20,replica5,adservice=5;cartservice=5;checkoutservice=5;currencyservice=5;emailservice=5;frontend=5;paymentservice=5;productcatalogservice=5;recommendationservice=5;redis-cart=1;shippingservice=5,sinusoidal,stageC,cga,CGA,204,204.000,replay,mixed,0.812570,0.016389,14,2.432457,0.000000,0.400993,0.904768,,,0.000000,0.019366,0.019366,11,14,0,78.383241,78.383241,78.383241,78.383241,120.000000,0.000000,141.097460,0.555526,0.000000,20,,,,,,,,,
online-boutique,online-boutique-longmix-stageC-scale20-replica5-sinusoidal-steps500-20260612T140721Z,idyn-ob-scale20-replica5,scale20,replica5,adservice=5;cartservice=5;checkoutservice=5;currencyservice=5;emailservice=5;frontend=5;paymentservice=5;productcatalogservice=5;recommendationservice=5;redis-cart=1;shippingservice=5,sinusoidal,stageC,hda,HDA,204,204.000,replay,mixed,0.812570,0.016389,14,2.432457,0.000000,0.400993,0.904768,,,0.000000,0.019366,0.019366,11,14,0,72.200369,72.200369,72.200369,72.200369,120.000000,0.000000,141.097460,0.511706,0.000000,20,,,,,,,,,
online-boutique,online-boutique-longmix-stageC-scale20-replica5-sinusoidal-steps500-20260612T140721Z,idyn-ob-scale20-replica5,scale20,replica5,adservice=5;cartservice=5;checkoutservice=5;currencyservice=5;emailservice=5;frontend=5;paymentservice=5;productcatalogservice=5;recommendationservice=5;redis-cart=1;shippingservice=5,sinusoidal,stageC,kubernetes-default,K8s default,205,205.000,replay,mixed,0.791224,0.025514,14,2.430709,0.000000,0.402003,0.911510,,,0.000000,0.012363,0.012363,11,14,0,87.213775,87.213775,87.213775,87.213775,120.000000,0.000000,141.155169,0.617857,0.000000,20,,,,,,,,,
online-boutique,online-boutique-longmix-stageC-scale20-replica5-sinusoidal-steps500-20260612T140721Z,idyn-ob-scale20-replica5,scale20,replica5,adservice=5;cartservice=5;checkoutservice=5;currencyservice=5;emailservice=5;frontend=5;paymentservice=5;productcatalogservice=5;recommendationservice=5;redis-cart=1;shippingservice=5,sinusoidal,stageC,cga,CGA,205,205.000,replay,mixed,0.791224,0.025514,14,2.430709,0.000000,0.402003,0.911510,,,0.000000,0.012363,0.012363,11,14,0,75.861443,75.861443,75.861443,75.861443,120.000000,0.000000,141.155169,0.537433,0.000000,20,,,,,,,,,
online-boutique,online-boutique-longmix-stageC-scale20-replica5-sinusoidal-steps500-20260612T140721Z,idyn-ob-scale20-replica5,scale20,replica5,adservice=5;cartservice=5;checkoutservice=5;currencyservice=5;emailservice=5;frontend=5;paymentservice=5;productcatalogservice=5;recommendationservice=5;redis-cart=1;shippingservice=5,sinusoidal,stageC,hda,HDA,205,205.000,replay,mixed,0.791224,0.025514,14,2.430709,0.000000,0.402003,0.911510,,,0.000000,0.012363,0.012363,11,14,0,74.461230,74.461230,74.461230,74.461230,120.000000,0.000000,141.155169,0.527513,0.000000,20,,,,,,,,,
online-boutique,online-boutique-longmix-stageC-scale20-replica5-sinusoidal-steps500-20260612T140721Z,idyn-ob-scale20-replica5,scale20,replica5,adservice=5;cartservice=5;checkoutservice=5;currencyservice=5;emailservice=5;frontend=5;paymentservice=5;productcatalogservice=5;recommendationservice=5;redis-cart=1;shippingservice=5,sinusoidal,stageC,kubernetes-default,K8s default,206,206.000,replay,mixed,0.821218,0.037281,14,2.428892,0.000000,0.403010,0.918070,,,0.000000,0.011661,0.011661,11,14,0,80.481207,80.481207,80.481207,80.481207,120.000000,0.000000,141.212107,0.569931,0.000000,20,,,,,,,,,
online-boutique,online-boutique-longmix-stageC-scale20-replica5-sinusoidal-steps500-20260612T140721Z,idyn-ob-scale20-replica5,scale20,replica5,adservice=5;cartservice=5;checkoutservice=5;currencyservice=5;emailservice=5;frontend=5;paymentservice=5;productcatalogservice=5;recommendationservice=5;redis-cart=1;shippingservice=5,sinusoidal,stageC,cga,CGA,206,206.000,replay,mixed,0.821218,0.037281,14,2.428892,0.000000,0.403010,0.918070,,,0.000000,0.011661,0.011661,11,14,0,80.966453,80.966453,80.966453,80.966453,120.000000,0.000000,141.212107,0.573368,0.000000,20,,,,,,,,,
online-boutique,online-boutique-longmix-stageC-scale20-replica5-sinusoidal-steps500-20260612T140721Z,idyn-ob-scale20-replica5,scale20,replica5,adservice=5;cartservice=5;checkoutservice=5;currencyservice=5;emailservice=5;frontend=5;paymentservice=5;productcatalogservice=5;recommendationservice=5;redis-cart=1;shippingservice=5,sinusoidal,stageC,hda,HDA,206,206.000,replay,mixed,0.821218,0.037281,14,2.428892,0.000000,0.403010,0.918070,,,0.000000,0.011661,0.011661,11,14,0,76.725754,76.725754,76.725754,76.725754,120.000000,0.000000,141.212107,0.543337,0.000000,20,,,,,,,,,
online-boutique,online-boutique-longmix-stageC-scale20-replica5-sinusoidal-steps500-20260612T140721Z,idyn-ob-scale20-replica5,scale20,replica5,adservice=5;cartservice=5;checkoutservice=5;currencyservice=5;emailservice=5;frontend=5;paymentservice=5;productcatalogservice=5;recommendationservice=5;redis-cart=1;shippingservice=5,sinusoidal,stageC,kubernetes-default,K8s default,207,207.000,replay,mixed,0.745364,0.148830,11,2.427008,0.000000,0.343200,0.652961,,,0.000000,0.008576,0.008576,10,11,0,83.583569,83.583569,83.583569,83.583569,120.000000,0.000000,141.268255,0.591666,0.000000,20,,,,,,,,,
online-boutique,online-boutique-longmix-stageC-scale20-replica5-sinusoidal-steps500-20260612T140721Z,idyn-ob-scale20-replica5,scale20,replica5,adservice=5;cartservice=5;checkoutservice=5;currencyservice=5;emailservice=5;frontend=5;paymentservice=5;productcatalogservice=5;recommendationservice=5;redis-cart=1;shippingservice=5,sinusoidal,stageC,cga,CGA,207,207.000,replay,mixed,0.745364,0.148830,11,2.427008,0.000000,0.343200,0.652961,,,0.000000,0.008576,0.008576,10,11,0,83.633425,83.633425,83.633425,83.633425,120.000000,0.000000,141.268255,0.592019,0.000000,20,,,,,,,,,
online-boutique,online-boutique-longmix-stageC-scale20-replica5-sinusoidal-steps500-20260612T140721Z,idyn-ob-scale20-replica5,scale20,replica5,adservice=5;cartservice=5;checkoutservice=5;currencyservice=5;emailservice=5;frontend=5;paymentservice=5;productcatalogservice=5;recommendationservice=5;redis-cart=1;shippingservice=5,sinusoidal,stageC,hda,HDA,207,207.000,replay,mixed,0.745364,0.148830,11,2.427008,0.000000,0.343200,0.652961,,,0.000000,0.008576,0.008576,10,11,0,72.597500,72.597500,72.597500,72.597500,120.000000,0.000000,141.268255,0.513898,0.000000,20,,,,,,,,,
online-boutique,online-boutique-longmix-stageC-scale20-replica5-sinusoidal-steps500-20260612T140721Z,idyn-ob-scale20-replica5,scale20,replica5,adservice=5;cartservice=5;checkoutservice=5;currencyservice=5;emailservice=5;frontend=5;paymentservice=5;productcatalogservice=5;recommendationservice=5;redis-cart=1;shippingservice=5,sinusoidal,stageC,kubernetes-default,K8s default,208,208.000,replay,mixed,0.795785,0.123029,14,2.425059,0.000000,0.405015,0.930579,,,0.000000,0.011903,0.011903,11,14,0,89.994812,89.994812,89.994812,89.994812,120.000000,0.000000,141.323591,0.636800,0.000000,20,,,,,,,,,
online-boutique,online-boutique-longmix-stageC-scale20-replica5-sinusoidal-steps500-20260612T140721Z,idyn-ob-scale20-replica5,scale20,replica5,adservice=5;cartservice=5;checkoutservice=5;currencyservice=5;emailservice=5;frontend=5;paymentservice=5;productcatalogservice=5;recommendationservice=5;redis-cart=1;shippingservice=5,sinusoidal,stageC,cga,CGA,208,208.000,replay,mixed,0.795785,0.123029,14,2.425059,0.000000,0.405015,0.930579,,,0.000000,0.011903,0.011903,11,14,0,80.855687,80.855687,80.855687,80.855687,120.000000,0.000000,141.323591,0.572132,0.000000,20,,,,,,,,,
online-boutique,online-boutique-longmix-stageC-scale20-replica5-sinusoidal-steps500-20260612T140721Z,idyn-ob-scale20-replica5,scale20,replica5,adservice=5;cartservice=5;checkoutservice=5;currencyservice=5;emailservice=5;frontend=5;paymentservice=5;productcatalogservice=5;recommendationservice=5;redis-cart=1;shippingservice=5,sinusoidal,stageC,hda,HDA,208,208.000,replay,mixed,0.795785,0.123029,14,2.425059,0.000000,0.405015,0.930579,,,0.000000,0.011903,0.011903,11,14,0,79.502195,79.502195,79.502195,79.502195,120.000000,0.000000,141.323591,0.562554,0.000000,20,,,,,,,,,
online-boutique,online-boutique-longmix-stageC-scale20-replica5-sinusoidal-steps500-20260612T140721Z,idyn-ob-scale20-replica5,scale20,replica5,adservice=5;cartservice=5;checkoutservice=5;currencyservice=5;emailservice=5;frontend=5;paymentservice=5;productcatalogservice=5;recommendationservice=5;redis-cart=1;shippingservice=5,sinusoidal,stageC,kubernetes-default,K8s default,209,209.000,replay,mixed,0.769323,0.032469,14,2.423046,0.000000,0.406011,0.936502,,,0.000000,0.009608,0.009608,11,14,0,81.846845,81.846845,81.846845,81.846845,120.000000,0.000000,141.378097,0.578922,0.000000,20,,,,,,,,,
online-boutique,online-boutique-longmix-stageC-scale20-replica5-sinusoidal-steps500-20260612T140721Z,idyn-ob-scale20-replica5,scale20,replica5,adservice=5;cartservice=5;checkoutservice=5;currencyservice=5;emailservice=5;frontend=5;paymentservice=5;productcatalogservice=5;recommendationservice=5;redis-cart=1;shippingservice=5,sinusoidal,stageC,cga,CGA,209,209.000,replay,mixed,0.769323,0.032469,14,2.423046,0.000000,0.406011,0.936502,,,0.000000,0.009608,0.009608,11,14,0,77.175665,77.175665,77.175665,77.175665,120.000000,0.000000,141.378097,0.545881,0.000000,20,,,,,,,,,
online-boutique,online-boutique-longmix-stageC-scale20-replica5-sinusoidal-steps500-20260612T140721Z,idyn-ob-scale20-replica5,scale20,replica5,adservice=5;cartservice=5;checkoutservice=5;currencyservice=5;emailservice=5;frontend=5;paymentservice=5;productcatalogservice=5;recommendationservice=5;redis-cart=1;shippingservice=5,sinusoidal,stageC,hda,HDA,209,209.000,replay,mixed,0.769323,0.032469,14,2.423046,0.000000,0.406011,0.936502,,,0.000000,0.009608,0.009608,11,14,0,76.736713,76.736713,76.736713,76.736713,120.000000,0.000000,141.378097,0.542777,0.000000,20,,,,,,,,,
online-boutique,online-boutique-longmix-stageC-scale20-replica5-sinusoidal-steps500-20260612T140721Z,idyn-ob-scale20-replica5,scale20,replica5,adservice=5;cartservice=5;checkoutservice=5;currencyservice=5;emailservice=5;frontend=5;paymentservice=5;productcatalogservice=5;recommendationservice=5;redis-cart=1;shippingservice=5,sinusoidal,stageC,kubernetes-default,K8s default,210,210.000,replay,mixed,0.825391,0.068694,14,2.420973,0.000000,0.407003,0.942187,,,0.000000,0.008346,0.008346,11,14,0,84.031429,84.031429,84.031429,84.031429,120.000000,0.000000,141.431754,0.594148,0.000000,20,,,,,,,,,
online-boutique,online-boutique-longmix-stageC-scale20-replica5-sinusoidal-steps500-20260612T140721Z,idyn-ob-scale20-replica5,scale20,replica5,adservice=5;cartservice=5;checkoutservice=5;currencyservice=5;emailservice=5;frontend=5;paymentservice=5;productcatalogservice=5;recommendationservice=5;redis-cart=1;shippingservice=5,sinusoidal,stageC,cga,CGA,210,210.000,replay,mixed,0.825391,0.068694,14,2.420973,0.000000,0.407003,0.942187,,,0.000000,0.008346,0.008346,11,14,0,79.186943,79.186943,79.186943,79.186943,120.000000,0.000000,141.431754,0.559895,0.000000,20,,,,,,,,,
online-boutique,online-boutique-longmix-stageC-scale20-replica5-sinusoidal-steps500-20260612T140721Z,idyn-ob-scale20-replica5,scale20,replica5,adservice=5;cartservice=5;checkoutservice=5;currencyservice=5;emailservice=5;frontend=5;paymentservice=5;productcatalogservice=5;recommendationservice=5;redis-cart=1;shippingservice=5,sinusoidal,stageC,hda,HDA,210,210.000,replay,mixed,0.825391,0.068694,14,2.420973,0.000000,0.407003,0.942187,,,0.000000,0.008346,0.008346,11,14,0,76.500503,76.500503,76.500503,76.500503,120.000000,0.000000,141.431754,0.540900,0.000000,20,,,,,,,,,
online-boutique,online-boutique-longmix-stageC-scale20-replica5-sinusoidal-steps500-20260612T140721Z,idyn-ob-scale20-replica5,scale20,replica5,adservice=5;cartservice=5;checkoutservice=5;currencyservice=5;emailservice=5;frontend=5;paymentservice=5;productcatalogservice=5;recommendationservice=5;redis-cart=1;shippingservice=5,sinusoidal,stageC,kubernetes-default,K8s default,211,211.000,replay,mixed,0.775547,0.059612,14,2.418840,0.000000,0.407990,0.947623,,,0.000000,0.008727,0.008727,11,14,0,81.072718,81.072718,81.072718,81.072718,120.000000,0.000000,141.484544,0.573015,0.000000,20,,,,,,,,,
online-boutique,online-boutique-longmix-stageC-scale20-replica5-sinusoidal-steps500-20260612T140721Z,idyn-ob-scale20-replica5,scale20,replica5,adservice=5;cartservice=5;checkoutservice=5;currencyservice=5;emailservice=5;frontend=5;paymentservice=5;productcatalogservice=5;recommendationservice=5;redis-cart=1;shippingservice=5,sinusoidal,stageC,cga,CGA,211,211.000,replay,mixed,0.775547,0.059612,14,2.418840,0.000000,0.407990,0.947623,,,0.000000,0.008727,0.008727,11,14,0,78.502846,78.502846,78.502846,78.502846,120.000000,0.000000,141.484544,0.554851,0.000000,20,,,,,,,,,
online-boutique,online-boutique-longmix-stageC-scale20-replica5-sinusoidal-steps500-20260612T140721Z,idyn-ob-scale20-replica5,scale20,replica5,adservice=5;cartservice=5;checkoutservice=5;currencyservice=5;emailservice=5;frontend=5;paymentservice=5;productcatalogservice=5;recommendationservice=5;redis-cart=1;shippingservice=5,sinusoidal,stageC,hda,HDA,211,211.000,replay,mixed,0.775547,0.059612,14,2.418840,0.000000,0.407990,0.947623,,,0.000000,0.008727,0.008727,11,14,0,68.560744,68.560744,68.560744,68.560744,120.000000,0.000000,141.484544,0.484581,0.000000,20,,,,,,,,,
online-boutique,online-boutique-longmix-stageC-scale20-replica5-sinusoidal-steps500-20260612T140721Z,idyn-ob-scale20-replica5,scale20,replica5,adservice=5;cartservice=5;checkoutservice=5;currencyservice=5;emailservice=5;frontend=5;paymentservice=5;productcatalogservice=5;recommendationservice=5;redis-cart=1;shippingservice=5,sinusoidal,stageC,kubernetes-default,K8s default,212,212.000,replay,mixed,0.766318,0.011075,14,2.416649,0.000000,0.408972,0.952799,,,0.000000,0.008385,0.008385,11,14,0,76.364188,76.364188,76.364188,76.364188,120.000000,0.000000,141.536449,0.539537,0.000000,20,,,,,,,,,
online-boutique,online-boutique-longmix-stageC-scale20-replica5-sinusoidal-steps500-20260612T140721Z,idyn-ob-scale20-replica5,scale20,replica5,adservice=5;cartservice=5;checkoutservice=5;currencyservice=5;emailservice=5;frontend=5;paymentservice=5;productcatalogservice=5;recommendationservice=5;redis-cart=1;shippingservice=5,sinusoidal,stageC,cga,CGA,212,212.000,replay,mixed,0.766318,0.011075,14,2.416649,0.000000,0.408972,0.952799,,,0.000000,0.008385,0.008385,11,14,0,76.342501,76.342501,76.342501,76.342501,120.000000,0.000000,141.536449,0.539384,0.000000,20,,,,,,,,,
online-boutique,online-boutique-longmix-stageC-scale20-replica5-sinusoidal-steps500-20260612T140721Z,idyn-ob-scale20-replica5,scale20,replica5,adservice=5;cartservice=5;checkoutservice=5;currencyservice=5;emailservice=5;frontend=5;paymentservice=5;productcatalogservice=5;recommendationservice=5;redis-cart=1;shippingservice=5,sinusoidal,stageC,hda,HDA,212,212.000,replay,mixed,0.766318,0.011075,14,2.416649,0.000000,0.408972,0.952799,,,0.000000,0.008385,0.008385,11,14,0,71.299401,71.299401,71.299401,71.299401,120.000000,0.000000,141.536449,0.503753,0.000000,20,,,,,,,,,
online-boutique,online-boutique-longmix-stageC-scale20-replica5-sinusoidal-steps500-20260612T140721Z,idyn-ob-scale20-replica5,scale20,replica5,adservice=5;cartservice=5;checkoutservice=5;currencyservice=5;emailservice=5;frontend=5;paymentservice=5;productcatalogservice=5;recommendationservice=5;redis-cart=1;shippingservice=5,sinusoidal,stageC,kubernetes-default,K8s default,213,213.000,replay,mixed,0.775143,0.012216,14,2.414401,0.000000,0.409948,0.957706,,,0.000000,0.008656,0.008656,11,14,0,82.440699,82.440699,82.440699,82.440699,120.000000,0.000000,141.587453,0.582260,0.000000,20,,,,,,,,,
online-boutique,online-boutique-longmix-stageC-scale20-replica5-sinusoidal-steps500-20260612T140721Z,idyn-ob-scale20-replica5,scale20,replica5,adservice=5;cartservice=5;checkoutservice=5;currencyservice=5;emailservice=5;frontend=5;paymentservice=5;productcatalogservice=5;recommendationservice=5;redis-cart=1;shippingservice=5,sinusoidal,stageC,cga,CGA,213,213.000,replay,mixed,0.775143,0.012216,14,2.414401,0.000000,0.409948,0.957706,,,0.000000,0.008656,0.008656,11,14,0,76.621192,76.621192,76.621192,76.621192,120.000000,0.000000,141.587453,0.541158,0.000000,20,,,,,,,,,
online-boutique,online-boutique-longmix-stageC-scale20-replica5-sinusoidal-steps500-20260612T140721Z,idyn-ob-scale20-replica5,scale20,replica5,adservice=5;cartservice=5;checkoutservice=5;currencyservice=5;emailservice=5;frontend=5;paymentservice=5;productcatalogservice=5;recommendationservice=5;redis-cart=1;shippingservice=5,sinusoidal,stageC,hda,HDA,213,213.000,replay,mixed,0.775143,0.012216,14,2.414401,0.000000,0.409948,0.957706,,,0.000000,0.008656,0.008656,11,14,0,76.772770,76.772770,76.772770,76.772770,120.000000,0.000000,141.587453,0.542229,0.000000,20,,,,,,,,,
online-boutique,online-boutique-longmix-stageC-scale20-replica5-sinusoidal-steps500-20260612T140721Z,idyn-ob-scale20-replica5,scale20,replica5,adservice=5;cartservice=5;checkoutservice=5;currencyservice=5;emailservice=5;frontend=5;paymentservice=5;productcatalogservice=5;recommendationservice=5;redis-cart=1;shippingservice=5,sinusoidal,stageC,kubernetes-default,K8s default,214,214.000,replay,mixed,0.743316,0.099663,11,2.412098,0.000000,0.350766,0.690699,,,0.000000,0.008967,0.008967,10,11,0,83.397387,83.397387,83.397387,83.397387,120.000000,0.000000,141.637539,0.588809,0.000000,20,,,,,,,,,
online-boutique,online-boutique-longmix-stageC-scale20-replica5-sinusoidal-steps500-20260612T140721Z,idyn-ob-scale20-replica5,scale20,replica5,adservice=5;cartservice=5;checkoutservice=5;currencyservice=5;emailservice=5;frontend=5;paymentservice=5;productcatalogservice=5;recommendationservice=5;redis-cart=1;shippingservice=5,sinusoidal,stageC,cga,CGA,214,214.000,replay,mixed,0.743316,0.099663,11,2.412098,0.000000,0.350766,0.690699,,,0.000000,0.008967,0.008967,10,11,0,79.202925,79.202925,79.202925,79.202925,120.000000,0.000000,141.637539,0.559194,0.000000,20,,,,,,,,,
online-boutique,online-boutique-longmix-stageC-scale20-replica5-sinusoidal-steps500-20260612T140721Z,idyn-ob-scale20-replica5,scale20,replica5,adservice=5;cartservice=5;checkoutservice=5;currencyservice=5;emailservice=5;frontend=5;paymentservice=5;productcatalogservice=5;recommendationservice=5;redis-cart=1;shippingservice=5,sinusoidal,stageC,hda,HDA,214,214.000,replay,mixed,0.743316,0.099663,11,2.412098,0.000000,0.350766,0.690699,,,0.000000,0.008967,0.008967,10,11,0,77.140213,77.140213,77.140213,77.140213,120.000000,0.000000,141.637539,0.544631,0.000000,20,,,,,,,,,
online-boutique,online-boutique-longmix-stageC-scale20-replica5-sinusoidal-steps500-20260612T140721Z,idyn-ob-scale20-replica5,scale20,replica5,adservice=5;cartservice=5;checkoutservice=5;currencyservice=5;emailservice=5;frontend=5;paymentservice=5;productcatalogservice=5;recommendationservice=5;redis-cart=1;shippingservice=5,sinusoidal,stageC,kubernetes-default,K8s default,215,215.000,replay,mixed,0.754333,0.015640,11,2.409741,0.000000,0.351753,0.695036,,,0.000000,0.012162,0.012162,10,11,0,82.534569,82.534569,82.534569,82.534569,120.000000,0.000000,141.686693,0.582515,0.000000,20,,,,,,,,,
online-boutique,online-boutique-longmix-stageC-scale20-replica5-sinusoidal-steps500-20260612T140721Z,idyn-ob-scale20-replica5,scale20,replica5,adservice=5;cartservice=5;checkoutservice=5;currencyservice=5;emailservice=5;frontend=5;paymentservice=5;productcatalogservice=5;recommendationservice=5;redis-cart=1;shippingservice=5,sinusoidal,stageC,cga,CGA,215,215.000,replay,mixed,0.754333,0.015640,11,2.409741,0.000000,0.351753,0.695036,,,0.000000,0.012162,0.012162,10,11,0,76.162228,76.162228,76.162228,76.162228,120.000000,0.000000,141.686693,0.537540,0.000000,20,,,,,,,,,
online-boutique,online-boutique-longmix-stageC-scale20-replica5-sinusoidal-steps500-20260612T140721Z,idyn-ob-scale20-replica5,scale20,replica5,adservice=5;cartservice=5;checkoutservice=5;currencyservice=5;emailservice=5;frontend=5;paymentservice=5;productcatalogservice=5;recommendationservice=5;redis-cart=1;shippingservice=5,sinusoidal,stageC,hda,HDA,215,215.000,replay,mixed,0.754333,0.015640,11,2.409741,0.000000,0.351753,0.695036,,,0.000000,0.012162,0.012162,10,11,0,77.847810,77.847810,77.847810,77.847810,120.000000,0.000000,141.686693,0.549436,0.000000,20,,,,,,,,,
online-boutique,online-boutique-longmix-stageC-scale20-replica5-sinusoidal-steps500-20260612T140721Z,idyn-ob-scale20-replica5,scale20,replica5,adservice=5;cartservice=5;checkoutservice=5;currencyservice=5;emailservice=5;frontend=5;paymentservice=5;productcatalogservice=5;recommendationservice=5;redis-cart=1;shippingservice=5,sinusoidal,stageC,kubernetes-default,K8s default,216,216.000,replay,mixed,0.787224,0.101697,14,2.407331,0.000000,0.412839,0.970726,,,0.000000,0.015909,0.015909,11,14,0,88.559836,88.559836,88.559836,88.559836,120.000000,0.000000,141.734899,0.624827,0.000000,20,,,,,,,,,
online-boutique,online-boutique-longmix-stageC-scale20-replica5-sinusoidal-steps500-20260612T140721Z,idyn-ob-scale20-replica5,scale20,replica5,adservice=5;cartservice=5;checkoutservice=5;currencyservice=5;emailservice=5;frontend=5;paymentservice=5;productcatalogservice=5;recommendationservice=5;redis-cart=1;shippingservice=5,sinusoidal,stageC,cga,CGA,216,216.000,replay,mixed,0.787224,0.101697,14,2.407331,0.000000,0.412839,0.970726,,,0.000000,0.015909,0.015909,11,14,0,82.034604,82.034604,82.034604,82.034604,120.000000,0.000000,141.734899,0.578789,0.000000,20,,,,,,,,,
online-boutique,online-boutique-longmix-stageC-scale20-replica5-sinusoidal-steps500-20260612T140721Z,idyn-ob-scale20-replica5,scale20,replica5,adservice=5;cartservice=5;checkoutservice=5;currencyservice=5;emailservice=5;frontend=5;paymentservice=5;productcatalogservice=5;recommendationservice=5;redis-cart=1;shippingservice=5,sinusoidal,stageC,hda,HDA,216,216.000,replay,mixed,0.787224,0.101697,14,2.407331,0.000000,0.412839,0.970726,,,0.000000,0.015909,0.015909,11,14,0,74.606957,74.606957,74.606957,74.606957,120.000000,0.000000,141.734899,0.526384,0.000000,20,,,,,,,,,
online-boutique,online-boutique-longmix-stageC-scale20-replica5-sinusoidal-steps500-20260612T140721Z,idyn-ob-scale20-replica5,scale20,replica5,adservice=5;cartservice=5;checkoutservice=5;currencyservice=5;emailservice=5;frontend=5;paymentservice=5;productcatalogservice=5;recommendationservice=5;redis-cart=1;shippingservice=5,sinusoidal,stageC,kubernetes-default,K8s default,217,217.000,replay,mixed,0.783122,0.004351,14,2.404871,0.000000,0.413789,0.974473,,,0.000000,0.011702,0.011702,11,14,0,82.106165,82.106165,82.106165,82.106165,120.000000,0.000000,141.782144,0.579101,0.000000,20,,,,,,,,,
online-boutique,online-boutique-longmix-stageC-scale20-replica5-sinusoidal-steps500-20260612T140721Z,idyn-ob-scale20-replica5,scale20,replica5,adservice=5;cartservice=5;checkoutservice=5;currencyservice=5;emailservice=5;frontend=5;paymentservice=5;productcatalogservice=5;recommendationservice=5;redis-cart=1;shippingservice=5,sinusoidal,stageC,cga,CGA,217,217.000,replay,mixed,0.783122,0.004351,14,2.404871,0.000000,0.413789,0.974473,,,0.000000,0.011702,0.011702,11,14,0,78.072990,78.072990,78.072990,78.072990,120.000000,0.000000,141.782144,0.550655,0.000000,20,,,,,,,,,
online-boutique,online-boutique-longmix-stageC-scale20-replica5-sinusoidal-steps500-20260612T140721Z,idyn-ob-scale20-replica5,scale20,replica5,adservice=5;cartservice=5;checkoutservice=5;currencyservice=5;emailservice=5;frontend=5;paymentservice=5;productcatalogservice=5;recommendationservice=5;redis-cart=1;shippingservice=5,sinusoidal,stageC,hda,HDA,217,217.000,replay,mixed,0.783122,0.004351,14,2.404871,0.000000,0.413789,0.974473,,,0.000000,0.011702,0.011702,11,14,0,77.727555,77.727555,77.727555,77.727555,120.000000,0.000000,141.782144,0.548218,0.000000,20,,,,,,,,,
online-boutique,online-boutique-longmix-stageC-scale20-replica5-sinusoidal-steps500-20260612T140721Z,idyn-ob-scale20-replica5,scale20,replica5,adservice=5;cartservice=5;checkoutservice=5;currencyservice=5;emailservice=5;frontend=5;paymentservice=5;productcatalogservice=5;recommendationservice=5;redis-cart=1;shippingservice=5,sinusoidal,stageC,kubernetes-default,K8s default,218,218.000,replay,mixed,0.734175,0.119033,11,2.402360,0.000000,0.354567,0.706261,,,0.000000,0.013696,0.013696,10,11,0,85.063907,85.063907,85.063907,85.063907,120.000000,0.000000,141.828414,0.599766,0.000000,20,,,,,,,,,
online-boutique,online-boutique-longmix-stageC-scale20-replica5-sinusoidal-steps500-20260612T140721Z,idyn-ob-scale20-replica5,scale20,replica5,adservice=5;cartservice=5;checkoutservice=5;currencyservice=5;emailservice=5;frontend=5;paymentservice=5;productcatalogservice=5;recommendationservice=5;redis-cart=1;shippingservice=5,sinusoidal,stageC,cga,CGA,218,218.000,replay,mixed,0.734175,0.119033,11,2.402360,0.000000,0.354567,0.706261,,,0.000000,0.013696,0.013696,10,11,0,77.481217,77.481217,77.481217,77.481217,120.000000,0.000000,141.828414,0.546302,0.000000,20,,,,,,,,,
online-boutique,online-boutique-longmix-stageC-scale20-replica5-sinusoidal-steps500-20260612T140721Z,idyn-ob-scale20-replica5,scale20,replica5,adservice=5;cartservice=5;checkoutservice=5;currencyservice=5;emailservice=5;frontend=5;paymentservice=5;productcatalogservice=5;recommendationservice=5;redis-cart=1;shippingservice=5,sinusoidal,stageC,hda,HDA,218,218.000,replay,mixed,0.734175,0.119033,11,2.402360,0.000000,0.354567,0.706261,,,0.000000,0.013696,0.013696,10,11,0,78.040943,78.040943,78.040943,78.040943,120.000000,0.000000,141.828414,0.550249,0.000000,20,,,,,,,,,
online-boutique,online-boutique-longmix-stageC-scale20-replica5-sinusoidal-steps500-20260612T140721Z,idyn-ob-scale20-replica5,scale20,replica5,adservice=5;cartservice=5;checkoutservice=5;currencyservice=5;emailservice=5;frontend=5;paymentservice=5;productcatalogservice=5;recommendationservice=5;redis-cart=1;shippingservice=5,sinusoidal,stageC,kubernetes-default,K8s default,219,219.000,replay,mixed,0.731442,0.002942,11,2.399799,0.000000,0.355485,0.709383,,,0.000000,0.008306,0.008306,10,11,0,80.363117,80.363117,80.363117,80.363117,120.000000,0.000000,141.873698,0.566441,0.000000,20,,,,,,,,,
online-boutique,online-boutique-longmix-stageC-scale20-replica5-sinusoidal-steps500-20260612T140721Z,idyn-ob-scale20-replica5,scale20,replica5,adservice=5;cartservice=5;checkoutservice=5;currencyservice=5;emailservice=5;frontend=5;paymentservice=5;productcatalogservice=5;recommendationservice=5;redis-cart=1;shippingservice=5,sinusoidal,stageC,cga,CGA,219,219.000,replay,mixed,0.731442,0.002942,11,2.399799,0.000000,0.355485,0.709383,,,0.000000,0.008306,0.008306,10,11,0,76.298846,76.298846,76.298846,76.298846,120.000000,0.000000,141.873698,0.537794,0.000000,20,,,,,,,,,
online-boutique,online-boutique-longmix-stageC-scale20-replica5-sinusoidal-steps500-20260612T140721Z,idyn-ob-scale20-replica5,scale20,replica5,adservice=5;cartservice=5;checkoutservice=5;currencyservice=5;emailservice=5;frontend=5;paymentservice=5;productcatalogservice=5;recommendationservice=5;redis-cart=1;shippingservice=5,sinusoidal,stageC,hda,HDA,219,219.000,replay,mixed,0.731442,0.002942,11,2.399799,0.000000,0.355485,0.709383,,,0.000000,0.008306,0.008306,10,11,0,72.865958,72.865958,72.865958,72.865958,120.000000,0.000000,141.873698,0.513597,0.000000,20,,,,,,,,,
online-boutique,online-boutique-longmix-stageC-scale20-replica5-sinusoidal-steps500-20260612T140721Z,idyn-ob-scale20-replica5,scale20,replica5,adservice=5;cartservice=5;checkoutservice=5;currencyservice=5;emailservice=5;frontend=5;paymentservice=5;productcatalogservice=5;recommendationservice=5;redis-cart=1;shippingservice=5,sinusoidal,stageC,kubernetes-default,K8s default,220,220.000,replay,mixed,0.788730,0.129872,14,2.397190,0.000000,0.416653,0.983850,,,0.000000,0.009218,0.009218,11,14,0,89.025978,89.025978,89.025978,89.025978,120.000000,0.000000,141.917984,0.627306,0.000000,20,,,,,,,,,
online-boutique,online-boutique-longmix-stageC-scale20-replica5-sinusoidal-steps500-20260612T140721Z,idyn-ob-scale20-replica5,scale20,replica5,adservice=5;cartservice=5;checkoutservice=5;currencyservice=5;emailservice=5;frontend=5;paymentservice=5;productcatalogservice=5;recommendationservice=5;redis-cart=1;shippingservice=5,sinusoidal,stageC,cga,CGA,220,220.000,replay,mixed,0.788730,0.129872,14,2.397190,0.000000,0.416653,0.983850,,,0.000000,0.009218,0.009218,11,14,0,82.425626,82.425626,82.425626,82.425626,120.000000,0.000000,141.917984,0.580798,0.000000,20,,,,,,,,,
online-boutique,online-boutique-longmix-stageC-scale20-replica5-sinusoidal-steps500-20260612T140721Z,idyn-ob-scale20-replica5,scale20,replica5,adservice=5;cartservice=5;checkoutservice=5;currencyservice=5;emailservice=5;frontend=5;paymentservice=5;productcatalogservice=5;recommendationservice=5;redis-cart=1;shippingservice=5,sinusoidal,stageC,hda,HDA,220,220.000,replay,mixed,0.788730,0.129872,14,2.397190,0.000000,0.416653,0.983850,,,0.000000,0.009218,0.009218,11,14,0,74.733456,74.733456,74.733456,74.733456,120.000000,0.000000,141.917984,0.526596,0.000000,20,,,,,,,,,
online-boutique,online-boutique-longmix-stageC-scale20-replica5-sinusoidal-steps500-20260612T140721Z,idyn-ob-scale20-replica5,scale20,replica5,adservice=5;cartservice=5;checkoutservice=5;currencyservice=5;emailservice=5;frontend=5;paymentservice=5;productcatalogservice=5;recommendationservice=5;redis-cart=1;shippingservice=5,sinusoidal,stageC,kubernetes-default,K8s default,221,221.000,replay,mixed,0.730751,0.128736,11,2.394534,0.000000,0.357292,0.714659,,,0.000000,0.012844,0.012844,10,11,0,88.105726,88.105726,88.105726,88.105726,120.000000,0.000000,141.961260,0.620632,0.000000,20,,,,,,,,,
online-boutique,online-boutique-longmix-stageC-scale20-replica5-sinusoidal-steps500-20260612T140721Z,idyn-ob-scale20-replica5,scale20,replica5,adservice=5;cartservice=5;checkoutservice=5;currencyservice=5;emailservice=5;frontend=5;paymentservice=5;productcatalogservice=5;recommendationservice=5;redis-cart=1;shippingservice=5,sinusoidal,stageC,cga,CGA,221,221.000,replay,mixed,0.730751,0.128736,11,2.394534,0.000000,0.357292,0.714659,,,0.000000,0.012844,0.012844,10,11,0,77.962573,77.962573,77.962573,77.962573,120.000000,0.000000,141.961260,0.549182,0.000000,20,,,,,,,,,
online-boutique,online-boutique-longmix-stageC-scale20-replica5-sinusoidal-steps500-20260612T140721Z,idyn-ob-scale20-replica5,scale20,replica5,adservice=5;cartservice=5;checkoutservice=5;currencyservice=5;emailservice=5;frontend=5;paymentservice=5;productcatalogservice=5;recommendationservice=5;redis-cart=1;shippingservice=5,sinusoidal,stageC,hda,HDA,221,221.000,replay,mixed,0.730751,0.128736,11,2.394534,0.000000,0.357292,0.714659,,,0.000000,0.012844,0.012844,10,11,0,80.186246,80.186246,80.186246,80.186246,120.000000,0.000000,141.961260,0.564846,0.000000,20,,,,,,,,,
online-boutique,online-boutique-longmix-stageC-scale20-replica5-sinusoidal-steps500-20260612T140721Z,idyn-ob-scale20-replica5,scale20,replica5,adservice=5;cartservice=5;checkoutservice=5;currencyservice=5;emailservice=5;frontend=5;paymentservice=5;productcatalogservice=5;recommendationservice=5;redis-cart=1;shippingservice=5,sinusoidal,stageC,kubernetes-default,K8s default,222,222.000,replay,mixed,0.755919,0.034398,11,2.391831,0.000000,0.358163,0.716802,,,0.000000,0.008386,0.008386,10,11,0,79.123129,79.123129,79.123129,79.123129,120.000000,0.000000,142.003517,0.557191,0.000000,20,,,,,,,,,
online-boutique,online-boutique-longmix-stageC-scale20-replica5-sinusoidal-steps500-20260612T140721Z,idyn-ob-scale20-replica5,scale20,replica5,adservice=5;cartservice=5;checkoutservice=5;currencyservice=5;emailservice=5;frontend=5;paymentservice=5;productcatalogservice=5;recommendationservice=5;redis-cart=1;shippingservice=5,sinusoidal,stageC,cga,CGA,222,222.000,replay,mixed,0.755919,0.034398,11,2.391831,0.000000,0.358163,0.716802,,,0.000000,0.008386,0.008386,10,11,0,77.532168,77.532168,77.532168,77.532168,120.000000,0.000000,142.003517,0.545988,0.000000,20,,,,,,,,,
online-boutique,online-boutique-longmix-stageC-scale20-replica5-sinusoidal-steps500-20260612T140721Z,idyn-ob-scale20-replica5,scale20,replica5,adservice=5;cartservice=5;checkoutservice=5;currencyservice=5;emailservice=5;frontend=5;paymentservice=5;productcatalogservice=5;recommendationservice=5;redis-cart=1;shippingservice=5,sinusoidal,stageC,hda,HDA,222,222.000,replay,mixed,0.755919,0.034398,11,2.391831,0.000000,0.358163,0.716802,,,0.000000,0.008386,0.008386,10,11,0,76.396165,76.396165,76.396165,76.396165,120.000000,0.000000,142.003517,0.537988,0.000000,20,,,,,,,,,
online-boutique,online-boutique-longmix-stageC-scale20-replica5-sinusoidal-steps500-20260612T140721Z,idyn-ob-scale20-replica5,scale20,replica5,adservice=5;cartservice=5;checkoutservice=5;currencyservice=5;emailservice=5;frontend=5;paymentservice=5;productcatalogservice=5;recommendationservice=5;redis-cart=1;shippingservice=5,sinusoidal,stageC,kubernetes-default,K8s default,223,223.000,replay,mixed,0.726193,0.038216,11,2.389082,0.000000,0.359013,0.718608,,,0.000000,0.008928,0.008928,10,11,0,82.489357,82.489357,82.489357,82.489357,120.000000,0.000000,142.044744,0.580728,0.000000,20,,,,,,,,,
online-boutique,online-boutique-longmix-stageC-scale20-replica5-sinusoidal-steps500-20260612T140721Z,idyn-ob-scale20-replica5,scale20,replica5,adservice=5;cartservice=5;checkoutservice=5;currencyservice=5;emailservice=5;frontend=5;paymentservice=5;productcatalogservice=5;recommendationservice=5;redis-cart=1;shippingservice=5,sinusoidal,stageC,cga,CGA,223,223.000,replay,mixed,0.726193,0.038216,11,2.389082,0.000000,0.359013,0.718608,,,0.000000,0.008928,0.008928,10,11,0,74.210694,74.210694,74.210694,74.210694,120.000000,0.000000,142.044744,0.522446,0.000000,20,,,,,,,,,
online-boutique,online-boutique-longmix-stageC-scale20-replica5-sinusoidal-steps500-20260612T140721Z,idyn-ob-scale20-replica5,scale20,replica5,adservice=5;cartservice=5;checkoutservice=5;currencyservice=5;emailservice=5;frontend=5;paymentservice=5;productcatalogservice=5;recommendationservice=5;redis-cart=1;shippingservice=5,sinusoidal,stageC,hda,HDA,223,223.000,replay,mixed,0.726193,0.038216,11,2.389082,0.000000,0.359013,0.718608,,,0.000000,0.008928,0.008928,10,11,0,74.237361,74.237361,74.237361,74.237361,120.000000,0.000000,142.044744,0.522634,0.000000,20,,,,,,,,,
online-boutique,online-boutique-longmix-stageC-scale20-replica5-sinusoidal-steps500-20260612T140721Z,idyn-ob-scale20-replica5,scale20,replica5,adservice=5;cartservice=5;checkoutservice=5;currencyservice=5;emailservice=5;frontend=5;paymentservice=5;productcatalogservice=5;recommendationservice=5;redis-cart=1;shippingservice=5,sinusoidal,stageC,kubernetes-default,K8s default,224,224.000,replay,mixed,0.776967,0.066434,11,2.386288,0.000000,0.359842,0.720073,,,0.000000,0.008515,0.008515,10,11,0,81.746979,81.746979,81.746979,81.746979,120.000000,0.000000,142.084935,0.575339,0.000000,20,,,,,,,,,
online-boutique,online-boutique-longmix-stageC-scale20-replica5-sinusoidal-steps500-20260612T140721Z,idyn-ob-scale20-replica5,scale20,replica5,adservice=5;cartservice=5;checkoutservice=5;currencyservice=5;emailservice=5;frontend=5;paymentservice=5;productcatalogservice=5;recommendationservice=5;redis-cart=1;shippingservice=5,sinusoidal,stageC,cga,CGA,224,224.000,replay,mixed,0.776967,0.066434,11,2.386288,0.000000,0.359842,0.720073,,,0.000000,0.008515,0.008515,10,11,0,81.468166,81.468166,81.468166,81.468166,120.000000,0.000000,142.084935,0.573377,0.000000,20,,,,,,,,,
online-boutique,online-boutique-longmix-stageC-scale20-replica5-sinusoidal-steps500-20260612T140721Z,idyn-ob-scale20-replica5,scale20,replica5,adservice=5;cartservice=5;checkoutservice=5;currencyservice=5;emailservice=5;frontend=5;paymentservice=5;productcatalogservice=5;recommendationservice=5;redis-cart=1;shippingservice=5,sinusoidal,stageC,hda,HDA,224,224.000,replay,mixed,0.776967,0.066434,11,2.386288,0.000000,0.359842,0.720073,,,0.000000,0.008515,0.008515,10,11,0,77.868715,77.868715,77.868715,77.868715,120.000000,0.000000,142.084935,0.548043,0.000000,20,,,,,,,,,
online-boutique,online-boutique-longmix-stageC-scale20-replica5-sinusoidal-steps500-20260612T140721Z,idyn-ob-scale20-replica5,scale20,replica5,adservice=5;cartservice=5;checkoutservice=5;currencyservice=5;emailservice=5;frontend=5;paymentservice=5;productcatalogservice=5;recommendationservice=5;redis-cart=1;shippingservice=5,sinusoidal,stageC,kubernetes-default,K8s default,225,225.000,replay,mixed,0.710016,0.085097,11,2.383449,0.000000,0.360648,0.721193,,,0.000000,0.008486,0.008486,10,11,0,81.117600,81.117600,81.117600,81.117600,120.000000,0.000000,142.124080,0.570752,0.000000,20,,,,,,,,,
online-boutique,online-boutique-longmix-stageC-scale20-replica5-sinusoidal-steps500-20260612T140721Z,idyn-ob-scale20-replica5,scale20,replica5,adservice=5;cartservice=5;checkoutservice=5;currencyservice=5;emailservice=5;frontend=5;paymentservice=5;productcatalogservice=5;recommendationservice=5;redis-cart=1;shippingservice=5,sinusoidal,stageC,cga,CGA,225,225.000,replay,mixed,0.710016,0.085097,11,2.383449,0.000000,0.360648,0.721193,,,0.000000,0.008486,0.008486,10,11,0,78.306802,78.306802,78.306802,78.306802,120.000000,0.000000,142.124080,0.550975,0.000000,20,,,,,,,,,
online-boutique,online-boutique-longmix-stageC-scale20-replica5-sinusoidal-steps500-20260612T140721Z,idyn-ob-scale20-replica5,scale20,replica5,adservice=5;cartservice=5;checkoutservice=5;currencyservice=5;emailservice=5;frontend=5;paymentservice=5;productcatalogservice=5;recommendationservice=5;redis-cart=1;shippingservice=5,sinusoidal,stageC,hda,HDA,225,225.000,replay,mixed,0.710016,0.085097,11,2.383449,0.000000,0.360648,0.721193,,,0.000000,0.008486,0.008486,10,11,0,75.844508,75.844508,75.844508,75.844508,120.000000,0.000000,142.124080,0.533650,0.000000,20,,,,,,,,,
online-boutique,online-boutique-longmix-stageC-scale20-replica5-sinusoidal-steps500-20260612T140721Z,idyn-ob-scale20-replica5,scale20,replica5,adservice=5;cartservice=5;checkoutservice=5;currencyservice=5;emailservice=5;frontend=5;paymentservice=5;productcatalogservice=5;recommendationservice=5;redis-cart=1;shippingservice=5,sinusoidal,stageC,kubernetes-default,K8s default,226,226.000,replay,mixed,0.749012,0.053183,11,2.380566,0.000000,0.361433,0.721964,,,0.000000,0.009678,0.009678,10,11,0,79.678689,79.678689,79.678689,79.678689,120.000000,0.000000,142.162172,0.560477,0.000000,20,,,,,,,,,
online-boutique,online-boutique-longmix-stageC-scale20-replica5-sinusoidal-steps500-20260612T140721Z,idyn-ob-scale20-replica5,scale20,replica5,adservice=5;cartservice=5;checkoutservice=5;currencyservice=5;emailservice=5;frontend=5;paymentservice=5;productcatalogservice=5;recommendationservice=5;redis-cart=1;shippingservice=5,sinusoidal,stageC,cga,CGA,226,226.000,replay,mixed,0.749012,0.053183,11,2.380566,0.000000,0.361433,0.721964,,,0.000000,0.009678,0.009678,10,11,0,76.407322,76.407322,76.407322,76.407322,120.000000,0.000000,142.162172,0.537466,0.000000,20,,,,,,,,,
online-boutique,online-boutique-longmix-stageC-scale20-replica5-sinusoidal-steps500-20260612T140721Z,idyn-ob-scale20-replica5,scale20,replica5,adservice=5;cartservice=5;checkoutservice=5;currencyservice=5;emailservice=5;frontend=5;paymentservice=5;productcatalogservice=5;recommendationservice=5;redis-cart=1;shippingservice=5,sinusoidal,stageC,hda,HDA,226,226.000,replay,mixed,0.749012,0.053183,11,2.380566,0.000000,0.361433,0.721964,,,0.000000,0.009678,0.009678,10,11,0,76.082574,76.082574,76.082574,76.082574,120.000000,0.000000,142.162172,0.535182,0.000000,20,,,,,,,,,
online-boutique,online-boutique-longmix-stageC-scale20-replica5-sinusoidal-steps500-20260612T140721Z,idyn-ob-scale20-replica5,scale20,replica5,adservice=5;cartservice=5;checkoutservice=5;currencyservice=5;emailservice=5;frontend=5;paymentservice=5;productcatalogservice=5;recommendationservice=5;redis-cart=1;shippingservice=5,sinusoidal,stageC,kubernetes-default,K8s default,227,227.000,replay,mixed,0.767986,0.025867,11,2.377640,0.000000,0.362196,0.722383,,,0.000000,0.008446,0.008446,10,11,0,84.860293,84.860293,84.860293,84.860293,120.000000,0.000000,142.199205,0.596771,0.000000,20,,,,,,,,,
online-boutique,online-boutique-longmix-stageC-scale20-replica5-sinusoidal-steps500-20260612T140721Z,idyn-ob-scale20-replica5,scale20,replica5,adservice=5;cartservice=5;checkoutservice=5;currencyservice=5;emailservice=5;frontend=5;paymentservice=5;productcatalogservice=5;recommendationservice=5;redis-cart=1;shippingservice=5,sinusoidal,stageC,cga,CGA,227,227.000,replay,mixed,0.767986,0.025867,11,2.377640,0.000000,0.362196,0.722383,,,0.000000,0.008446,0.008446,10,11,0,74.388301,74.388301,74.388301,74.388301,120.000000,0.000000,142.199205,0.523127,0.000000,20,,,,,,,,,
online-boutique,online-boutique-longmix-stageC-scale20-replica5-sinusoidal-steps500-20260612T140721Z,idyn-ob-scale20-replica5,scale20,replica5,adservice=5;cartservice=5;checkoutservice=5;currencyservice=5;emailservice=5;frontend=5;paymentservice=5;productcatalogservice=5;recommendationservice=5;redis-cart=1;shippingservice=5,sinusoidal,stageC,hda,HDA,227,227.000,replay,mixed,0.767986,0.025867,11,2.377640,0.000000,0.362196,0.722383,,,0.000000,0.008446,0.008446,10,11,0,71.201890,71.201890,71.201890,71.201890,120.000000,0.000000,142.199205,0.500719,0.000000,20,,,,,,,,,
online-boutique,online-boutique-longmix-stageC-scale20-replica5-sinusoidal-steps500-20260612T140721Z,idyn-ob-scale20-replica5,scale20,replica5,adservice=5;cartservice=5;checkoutservice=5;currencyservice=5;emailservice=5;frontend=5;paymentservice=5;productcatalogservice=5;recommendationservice=5;redis-cart=1;shippingservice=5,sinusoidal,stageC,kubernetes-default,K8s default,228,228.000,replay,mixed,0.718368,0.063487,11,2.374670,0.000000,0.362937,0.722448,,,0.000000,0.008686,0.008686,10,11,0,84.438910,84.438910,84.438910,84.438910,120.000000,0.000000,142.235173,0.593657,0.000000,20,,,,,,,,,
online-boutique,online-boutique-longmix-stageC-scale20-replica5-sinusoidal-steps500-20260612T140721Z,idyn-ob-scale20-replica5,scale20,replica5,adservice=5;cartservice=5;checkoutservice=5;currencyservice=5;emailservice=5;frontend=5;paymentservice=5;productcatalogservice=5;recommendationservice=5;redis-cart=1;shippingservice=5,sinusoidal,stageC,cga,CGA,228,228.000,replay,mixed,0.718368,0.063487,11,2.374670,0.000000,0.362937,0.722448,,,0.000000,0.008686,0.008686,10,11,0,76.237699,76.237699,76.237699,76.237699,120.000000,0.000000,142.235173,0.535998,0.000000,20,,,,,,,,,
online-boutique,online-boutique-longmix-stageC-scale20-replica5-sinusoidal-steps500-20260612T140721Z,idyn-ob-scale20-replica5,scale20,replica5,adservice=5;cartservice=5;checkoutservice=5;currencyservice=5;emailservice=5;frontend=5;paymentservice=5;productcatalogservice=5;recommendationservice=5;redis-cart=1;shippingservice=5,sinusoidal,stageC,hda,HDA,228,228.000,replay,mixed,0.718368,0.063487,11,2.374670,0.000000,0.362937,0.722448,,,0.000000,0.008686,0.008686,10,11,0,72.770522,72.770522,72.770522,72.770522,120.000000,0.000000,142.235173,0.511621,0.000000,20,,,,,,,,,
online-boutique,online-boutique-longmix-stageC-scale20-replica5-sinusoidal-steps500-20260612T140721Z,idyn-ob-scale20-replica5,scale20,replica5,adservice=5;cartservice=5;checkoutservice=5;currencyservice=5;emailservice=5;frontend=5;paymentservice=5;productcatalogservice=5;recommendationservice=5;redis-cart=1;shippingservice=5,sinusoidal,stageC,kubernetes-default,K8s default,229,229.000,replay,mixed,0.731059,0.018543,11,2.371657,0.000000,0.363656,0.722155,,,0.000000,0.013014,0.013014,10,11,0,84.694380,84.694380,84.694380,84.694380,120.000000,0.000000,142.270071,0.595307,0.000000,20,,,,,,,,,
online-boutique,online-boutique-longmix-stageC-scale20-replica5-sinusoidal-steps500-20260612T140721Z,idyn-ob-scale20-replica5,scale20,replica5,adservice=5;cartservice=5;checkoutservice=5;currencyservice=5;emailservice=5;frontend=5;paymentservice=5;productcatalogservice=5;recommendationservice=5;redis-cart=1;shippingservice=5,sinusoidal,stageC,cga,CGA,229,229.000,replay,mixed,0.731059,0.018543,11,2.371657,0.000000,0.363656,0.722155,,,0.000000,0.013014,0.013014,10,11,0,80.977151,80.977151,80.977151,80.977151,120.000000,0.000000,142.270071,0.569179,0.000000,20,,,,,,,,,
online-boutique,online-boutique-longmix-stageC-scale20-replica5-sinusoidal-steps500-20260612T140721Z,idyn-ob-scale20-replica5,scale20,replica5,adservice=5;cartservice=5;checkoutservice=5;currencyservice=5;emailservice=5;frontend=5;paymentservice=5;productcatalogservice=5;recommendationservice=5;redis-cart=1;shippingservice=5,sinusoidal,stageC,hda,HDA,229,229.000,replay,mixed,0.731059,0.018543,11,2.371657,0.000000,0.363656,0.722155,,,0.000000,0.013014,0.013014,10,11,0,69.050769,69.050769,69.050769,69.050769,120.000000,0.000000,142.270071,0.485350,0.000000,20,,,,,,,,,
online-boutique,online-boutique-longmix-stageC-scale20-replica5-sinusoidal-steps500-20260612T140721Z,idyn-ob-scale20-replica5,scale20,replica5,adservice=5;cartservice=5;checkoutservice=5;currencyservice=5;emailservice=5;frontend=5;paymentservice=5;productcatalogservice=5;recommendationservice=5;redis-cart=1;shippingservice=5,sinusoidal,stageC,kubernetes-default,K8s default,230,230.000,replay,mixed,0.682086,0.065857,11,2.368602,0.000000,0.364353,0.721503,,,0.000000,0.014157,0.014157,10,11,0,79.626661,79.626661,79.626661,79.626661,120.000000,0.000000,142.303896,0.559554,0.000000,20,,,,,,,,,
online-boutique,online-boutique-longmix-stageC-scale20-replica5-sinusoidal-steps500-20260612T140721Z,idyn-ob-scale20-replica5,scale20,replica5,adservice=5;cartservice=5;checkoutservice=5;currencyservice=5;emailservice=5;frontend=5;paymentservice=5;productcatalogservice=5;recommendationservice=5;redis-cart=1;shippingservice=5,sinusoidal,stageC,cga,CGA,230,230.000,replay,mixed,0.682086,0.065857,11,2.368602,0.000000,0.364353,0.721503,,,0.000000,0.014157,0.014157,10,11,0,78.745043,78.745043,78.745043,78.745043,120.000000,0.000000,142.303896,0.553358,0.000000,20,,,,,,,,,
online-boutique,online-boutique-longmix-stageC-scale20-replica5-sinusoidal-steps500-20260612T140721Z,idyn-ob-scale20-replica5,scale20,replica5,adservice=5;cartservice=5;checkoutservice=5;currencyservice=5;emailservice=5;frontend=5;paymentservice=5;productcatalogservice=5;recommendationservice=5;redis-cart=1;shippingservice=5,sinusoidal,stageC,hda,HDA,230,230.000,replay,mixed,0.682086,0.065857,11,2.368602,0.000000,0.364353,0.721503,,,0.000000,0.014157,0.014157,10,11,0,73.681979,73.681979,73.681979,73.681979,120.000000,0.000000,142.303896,0.517779,0.000000,20,,,,,,,,,
online-boutique,online-boutique-longmix-stageC-scale20-replica5-sinusoidal-steps500-20260612T140721Z,idyn-ob-scale20-replica5,scale20,replica5,adservice=5;cartservice=5;checkoutservice=5;currencyservice=5;emailservice=5;frontend=5;paymentservice=5;productcatalogservice=5;recommendationservice=5;redis-cart=1;shippingservice=5,sinusoidal,stageC,kubernetes-default,K8s default,231,231.000,replay,mixed,0.707426,0.036995,11,2.365505,0.000000,0.365027,0.720489,,,0.000000,0.011642,0.011642,10,11,0,78.856083,78.856083,78.856083,78.856083,120.000000,0.000000,142.336642,0.554011,0.000000,20,,,,,,,,,
online-boutique,online-boutique-longmix-stageC-scale20-replica5-sinusoidal-steps500-20260612T140721Z,idyn-ob-scale20-replica5,scale20,replica5,adservice=5;cartservice=5;checkoutservice=5;currencyservice=5;emailservice=5;frontend=5;paymentservice=5;productcatalogservice=5;recommendationservice=5;redis-cart=1;shippingservice=5,sinusoidal,stageC,cga,CGA,231,231.000,replay,mixed,0.707426,0.036995,11,2.365505,0.000000,0.365027,0.720489,,,0.000000,0.011642,0.011642,10,11,0,71.756217,71.756217,71.756217,71.756217,120.000000,0.000000,142.336642,0.504130,0.000000,20,,,,,,,,,
online-boutique,online-boutique-longmix-stageC-scale20-replica5-sinusoidal-steps500-20260612T140721Z,idyn-ob-scale20-replica5,scale20,replica5,adservice=5;cartservice=5;checkoutservice=5;currencyservice=5;emailservice=5;frontend=5;paymentservice=5;productcatalogservice=5;recommendationservice=5;redis-cart=1;shippingservice=5,sinusoidal,stageC,hda,HDA,231,231.000,replay,mixed,0.707426,0.036995,11,2.365505,0.000000,0.365027,0.720489,,,0.000000,0.011642,0.011642,10,11,0,75.392504,75.392504,75.392504,75.392504,120.000000,0.000000,142.336642,0.529677,0.000000,20,,,,,,,,,
online-boutique,online-boutique-longmix-stageC-scale20-replica5-sinusoidal-steps500-20260612T140721Z,idyn-ob-scale20-replica5,scale20,replica5,adservice=5;cartservice=5;checkoutservice=5;currencyservice=5;emailservice=5;frontend=5;paymentservice=5;productcatalogservice=5;recommendationservice=5;redis-cart=1;shippingservice=5,sinusoidal,stageC,kubernetes-default,K8s default,232,232.000,replay,mixed,0.725074,0.025533,11,2.362366,0.000000,0.365680,0.719114,,,0.000000,0.008656,0.008656,10,11,0,79.834601,79.834601,79.834601,79.834601,120.000000,0.000000,142.368308,0.560761,0.000000,20,,,,,,,,,
online-boutique,online-boutique-longmix-stageC-scale20-replica5-sinusoidal-steps500-20260612T140721Z,idyn-ob-scale20-replica5,scale20,replica5,adservice=5;cartservice=5;checkoutservice=5;currencyservice=5;emailservice=5;frontend=5;paymentservice=5;productcatalogservice=5;recommendationservice=5;redis-cart=1;shippingservice=5,sinusoidal,stageC,cga,CGA,232,232.000,replay,mixed,0.725074,0.025533,11,2.362366,0.000000,0.365680,0.719114,,,0.000000,0.008656,0.008656,10,11,0,67.860661,67.860661,67.860661,67.860661,120.000000,0.000000,142.368308,0.476656,0.000000,20,,,,,,,,,
online-boutique,online-boutique-longmix-stageC-scale20-replica5-sinusoidal-steps500-20260612T140721Z,idyn-ob-scale20-replica5,scale20,replica5,adservice=5;cartservice=5;checkoutservice=5;currencyservice=5;emailservice=5;frontend=5;paymentservice=5;productcatalogservice=5;recommendationservice=5;redis-cart=1;shippingservice=5,sinusoidal,stageC,hda,HDA,232,232.000,replay,mixed,0.725074,0.025533,11,2.362366,0.000000,0.365680,0.719114,,,0.000000,0.008656,0.008656,10,11,0,72.821697,72.821697,72.821697,72.821697,120.000000,0.000000,142.368308,0.511502,0.000000,20,,,,,,,,,
online-boutique,online-boutique-longmix-stageC-scale20-replica5-sinusoidal-steps500-20260612T140721Z,idyn-ob-scale20-replica5,scale20,replica5,adservice=5;cartservice=5;checkoutservice=5;currencyservice=5;emailservice=5;frontend=5;paymentservice=5;productcatalogservice=5;recommendationservice=5;redis-cart=1;shippingservice=5,sinusoidal,stageC,kubernetes-default,K8s default,233,233.000,replay,mixed,0.702221,0.030326,11,2.359186,0.000000,0.366310,0.717374,,,0.000000,0.009187,0.009187,10,11,0,82.599933,82.599933,82.599933,82.599933,120.000000,0.000000,142.398891,0.580060,0.000000,20,,,,,,,,,
online-boutique,online-boutique-longmix-stageC-scale20-replica5-sinusoidal-steps500-20260612T140721Z,idyn-ob-scale20-replica5,scale20,replica5,adservice=5;cartservice=5;checkoutservice=5;currencyservice=5;emailservice=5;frontend=5;paymentservice=5;productcatalogservice=5;recommendationservice=5;redis-cart=1;shippingservice=5,sinusoidal,stageC,cga,CGA,233,233.000,replay,mixed,0.702221,0.030326,11,2.359186,0.000000,0.366310,0.717374,,,0.000000,0.009187,0.009187,10,11,0,78.943506,78.943506,78.943506,78.943506,120.000000,0.000000,142.398891,0.554383,0.000000,20,,,,,,,,,
online-boutique,online-boutique-longmix-stageC-scale20-replica5-sinusoidal-steps500-20260612T140721Z,idyn-ob-scale20-replica5,scale20,replica5,adservice=5;cartservice=5;checkoutservice=5;currencyservice=5;emailservice=5;frontend=5;paymentservice=5;productcatalogservice=5;recommendationservice=5;redis-cart=1;shippingservice=5,sinusoidal,stageC,hda,HDA,233,233.000,replay,mixed,0.702221,0.030326,11,2.359186,0.000000,0.366310,0.717374,,,0.000000,0.009187,0.009187,10,11,0,76.536153,76.536153,76.536153,76.536153,120.000000,0.000000,142.398891,0.537477,0.000000,20,,,,,,,,,
online-boutique,online-boutique-longmix-stageC-scale20-replica5-sinusoidal-steps500-20260612T140721Z,idyn-ob-scale20-replica5,scale20,replica5,adservice=5;cartservice=5;checkoutservice=5;currencyservice=5;emailservice=5;frontend=5;paymentservice=5;productcatalogservice=5;recommendationservice=5;redis-cart=1;shippingservice=5,sinusoidal,stageC,kubernetes-default,K8s default,234,234.000,replay,mixed,0.737885,0.049507,11,2.355964,0.000000,0.366919,0.715271,,,0.000000,0.012944,0.012944,10,11,0,81.894727,81.894727,81.894727,81.894727,120.000000,0.000000,142.428390,0.574989,0.000000,20,,,,,,,,,
online-boutique,online-boutique-longmix-stageC-scale20-replica5-sinusoidal-steps500-20260612T140721Z,idyn-ob-scale20-replica5,scale20,replica5,adservice=5;cartservice=5;checkoutservice=5;currencyservice=5;emailservice=5;frontend=5;paymentservice=5;productcatalogservice=5;recommendationservice=5;redis-cart=1;shippingservice=5,sinusoidal,stageC,cga,CGA,234,234.000,replay,mixed,0.737885,0.049507,11,2.355964,0.000000,0.366919,0.715271,,,0.000000,0.012944,0.012944,10,11,0,73.447351,73.447351,73.447351,73.447351,120.000000,0.000000,142.428390,0.515679,0.000000,20,,,,,,,,,
online-boutique,online-boutique-longmix-stageC-scale20-replica5-sinusoidal-steps500-20260612T140721Z,idyn-ob-scale20-replica5,scale20,replica5,adservice=5;cartservice=5;checkoutservice=5;currencyservice=5;emailservice=5;frontend=5;paymentservice=5;productcatalogservice=5;recommendationservice=5;redis-cart=1;shippingservice=5,sinusoidal,stageC,hda,HDA,234,234.000,replay,mixed,0.737885,0.049507,11,2.355964,0.000000,0.366919,0.715271,,,0.000000,0.012944,0.012944,10,11,0,74.528239,74.528239,74.528239,74.528239,120.000000,0.000000,142.428390,0.523268,0.000000,20,,,,,,,,,
online-boutique,online-boutique-longmix-stageC-scale20-replica5-sinusoidal-steps500-20260612T140721Z,idyn-ob-scale20-replica5,scale20,replica5,adservice=5;cartservice=5;checkoutservice=5;currencyservice=5;emailservice=5;frontend=5;paymentservice=5;productcatalogservice=5;recommendationservice=5;redis-cart=1;shippingservice=5,sinusoidal,stageC,kubernetes-default,K8s default,235,235.000,replay,mixed,0.684309,0.071458,11,2.352701,0.000000,0.367522,0.712804,,,0.000000,0.008286,0.008286,10,11,0,87.240899,87.240899,87.240899,87.240899,120.000000,0.000000,142.456803,0.612402,0.000000,20,,,,,,,,,
online-boutique,online-boutique-longmix-stageC-scale20-replica5-sinusoidal-steps500-20260612T140721Z,idyn-ob-scale20-replica5,scale20,replica5,adservice=5;cartservice=5;checkoutservice=5;currencyservice=5;emailservice=5;frontend=5;paymentservice=5;productcatalogservice=5;recommendationservice=5;redis-cart=1;shippingservice=5,sinusoidal,stageC,cga,CGA,235,235.000,replay,mixed,0.684309,0.071458,11,2.352701,0.000000,0.367522,0.712804,,,0.000000,0.008286,0.008286,10,11,0,76.662880,76.662880,76.662880,76.662880,120.000000,0.000000,142.456803,0.538148,0.000000,20,,,,,,,,,
online-boutique,online-boutique-longmix-stageC-scale20-replica5-sinusoidal-steps500-20260612T140721Z,idyn-ob-scale20-replica5,scale20,replica5,adservice=5;cartservice=5;checkoutservice=5;currencyservice=5;emailservice=5;frontend=5;paymentservice=5;productcatalogservice=5;recommendationservice=5;redis-cart=1;shippingservice=5,sinusoidal,stageC,hda,HDA,235,235.000,replay,mixed,0.684309,0.071458,11,2.352701,0.000000,0.367522,0.712804,,,0.000000,0.008286,0.008286,10,11,0,74.557390,74.557390,74.557390,74.557390,120.000000,0.000000,142.456803,0.523368,0.000000,20,,,,,,,,,
online-boutique,online-boutique-longmix-stageC-scale20-replica5-sinusoidal-steps500-20260612T140721Z,idyn-ob-scale20-replica5,scale20,replica5,adservice=5;cartservice=5;checkoutservice=5;currencyservice=5;emailservice=5;frontend=5;paymentservice=5;productcatalogservice=5;recommendationservice=5;redis-cart=1;shippingservice=5,sinusoidal,stageC,kubernetes-default,K8s default,236,236.000,replay,mixed,0.681344,0.003605,11,2.349398,0.000000,0.368147,0.709972,,,0.000000,0.007945,0.007945,10,11,0,77.504297,77.504297,77.504297,77.504297,120.000000,0.000000,142.484131,0.543950,0.000000,20,,,,,,,,,
online-boutique,online-boutique-longmix-stageC-scale20-replica5-sinusoidal-steps500-20260612T140721Z,idyn-ob-scale20-replica5,scale20,replica5,adservice=5;cartservice=5;checkoutservice=5;currencyservice=5;emailservice=5;frontend=5;paymentservice=5;productcatalogservice=5;recommendationservice=5;redis-cart=1;shippingservice=5,sinusoidal,stageC,cga,CGA,236,236.000,replay,mixed,0.681344,0.003605,11,2.349398,0.000000,0.368147,0.709972,,,0.000000,0.007945,0.007945,10,11,0,75.777317,75.777317,75.777317,75.777317,120.000000,0.000000,142.484131,0.531830,0.000000,20,,,,,,,,,
online-boutique,online-boutique-longmix-stageC-scale20-replica5-sinusoidal-steps500-20260612T140721Z,idyn-ob-scale20-replica5,scale20,replica5,adservice=5;cartservice=5;checkoutservice=5;currencyservice=5;emailservice=5;frontend=5;paymentservice=5;productcatalogservice=5;recommendationservice=5;redis-cart=1;shippingservice=5,sinusoidal,stageC,hda,HDA,236,236.000,replay,mixed,0.681344,0.003605,11,2.349398,0.000000,0.368147,0.709972,,,0.000000,0.007945,0.007945,10,11,0,68.490077,68.490077,68.490077,68.490077,120.000000,0.000000,142.484131,0.480686,0.000000,20,,,,,,,,,
online-boutique,online-boutique-longmix-stageC-scale20-replica5-sinusoidal-steps500-20260612T140721Z,idyn-ob-scale20-replica5,scale20,replica5,adservice=5;cartservice=5;checkoutservice=5;currencyservice=5;emailservice=5;frontend=5;paymentservice=5;productcatalogservice=5;recommendationservice=5;redis-cart=1;shippingservice=5,sinusoidal,stageC,kubernetes-default,K8s default,237,237.000,replay,mixed,0.684168,0.005656,11,2.346053,0.000000,0.368752,0.706777,,,0.000000,0.008716,0.008716,10,11,0,79.882306,79.882306,79.882306,79.882306,120.000000,0.000000,142.510375,0.560537,0.000000,20,,,,,,,,,
online-boutique,online-boutique-longmix-stageC-scale20-replica5-sinusoidal-steps500-20260612T140721Z,idyn-ob-scale20-replica5,scale20,replica5,adservice=5;cartservice=5;checkoutservice=5;currencyservice=5;emailservice=5;frontend=5;paymentservice=5;productcatalogservice=5;recommendationservice=5;redis-cart=1;shippingservice=5,sinusoidal,stageC,cga,CGA,237,237.000,replay,mixed,0.684168,0.005656,11,2.346053,0.000000,0.368752,0.706777,,,0.000000,0.008716,0.008716,10,11,0,73.407523,73.407523,73.407523,73.407523,120.000000,0.000000,142.510375,0.515103,0.000000,20,,,,,,,,,
online-boutique,online-boutique-longmix-stageC-scale20-replica5-sinusoidal-steps500-20260612T140721Z,idyn-ob-scale20-replica5,scale20,replica5,adservice=5;cartservice=5;checkoutservice=5;currencyservice=5;emailservice=5;frontend=5;paymentservice=5;productcatalogservice=5;recommendationservice=5;redis-cart=1;shippingservice=5,sinusoidal,stageC,hda,HDA,237,237.000,replay,mixed,0.684168,0.005656,11,2.346053,0.000000,0.368752,0.706777,,,0.000000,0.008716,0.008716,10,11,0,68.063475,68.063475,68.063475,68.063475,120.000000,0.000000,142.510375,0.477604,0.000000,20,,,,,,,,,
online-boutique,online-boutique-longmix-stageC-scale20-replica5-sinusoidal-steps500-20260612T140721Z,idyn-ob-scale20-replica5,scale20,replica5,adservice=5;cartservice=5;checkoutservice=5;currencyservice=5;emailservice=5;frontend=5;paymentservice=5;productcatalogservice=5;recommendationservice=5;redis-cart=1;shippingservice=5,sinusoidal,stageC,kubernetes-default,K8s default,238,238.000,replay,mixed,0.697216,0.019938,11,2.342669,0.000000,0.369336,0.703220,,,0.000000,0.008616,0.008616,10,11,0,83.535138,83.535138,83.535138,83.535138,120.000000,0.000000,142.535534,0.586065,0.000000,20,,,,,,,,,
online-boutique,online-boutique-longmix-stageC-scale20-replica5-sinusoidal-steps500-20260612T140721Z,idyn-ob-scale20-replica5,scale20,replica5,adservice=5;cartservice=5;checkoutservice=5;currencyservice=5;emailservice=5;frontend=5;paymentservice=5;productcatalogservice=5;recommendationservice=5;redis-cart=1;shippingservice=5,sinusoidal,stageC,cga,CGA,238,238.000,replay,mixed,0.697216,0.019938,11,2.342669,0.000000,0.369336,0.703220,,,0.000000,0.008616,0.008616,10,11,0,74.124208,74.124208,74.124208,74.124208,120.000000,0.000000,142.535534,0.520040,0.000000,20,,,,,,,,,
online-boutique,online-boutique-longmix-stageC-scale20-replica5-sinusoidal-steps500-20260612T140721Z,idyn-ob-scale20-replica5,scale20,replica5,adservice=5;cartservice=5;checkoutservice=5;currencyservice=5;emailservice=5;frontend=5;paymentservice=5;productcatalogservice=5;recommendationservice=5;redis-cart=1;shippingservice=5,sinusoidal,stageC,hda,HDA,238,238.000,replay,mixed,0.697216,0.019938,11,2.342669,0.000000,0.369336,0.703220,,,0.000000,0.008616,0.008616,10,11,0,74.380356,74.380356,74.380356,74.380356,120.000000,0.000000,142.535534,0.521837,0.000000,20,,,,,,,,,
online-boutique,online-boutique-longmix-stageC-scale20-replica5-sinusoidal-steps500-20260612T140721Z,idyn-ob-scale20-replica5,scale20,replica5,adservice=5;cartservice=5;checkoutservice=5;currencyservice=5;emailservice=5;frontend=5;paymentservice=5;productcatalogservice=5;recommendationservice=5;redis-cart=1;shippingservice=5,sinusoidal,stageC,kubernetes-default,K8s default,239,239.000,replay,mixed,0.679736,0.023851,11,2.339244,0.000000,0.369901,0.699302,,,0.000000,0.008165,0.008165,10,11,0,75.620516,75.620516,75.620516,75.620516,120.000000,0.000000,142.559611,0.530448,0.000000,20,,,,,,,,,
online-boutique,online-boutique-longmix-stageC-scale20-replica5-sinusoidal-steps500-20260612T140721Z,idyn-ob-scale20-replica5,scale20,replica5,adservice=5;cartservice=5;checkoutservice=5;currencyservice=5;emailservice=5;frontend=5;paymentservice=5;productcatalogservice=5;recommendationservice=5;redis-cart=1;shippingservice=5,sinusoidal,stageC,cga,CGA,239,239.000,replay,mixed,0.679736,0.023851,11,2.339244,0.000000,0.369901,0.699302,,,0.000000,0.008165,0.008165,10,11,0,72.652868,72.652868,72.652868,72.652868,120.000000,0.000000,142.559611,0.509632,0.000000,20,,,,,,,,,
online-boutique,online-boutique-longmix-stageC-scale20-replica5-sinusoidal-steps500-20260612T140721Z,idyn-ob-scale20-replica5,scale20,replica5,adservice=5;cartservice=5;checkoutservice=5;currencyservice=5;emailservice=5;frontend=5;paymentservice=5;productcatalogservice=5;recommendationservice=5;redis-cart=1;shippingservice=5,sinusoidal,stageC,hda,HDA,239,239.000,replay,mixed,0.679736,0.023851,11,2.339244,0.000000,0.369901,0.699302,,,0.000000,0.008165,0.008165,10,11,0,71.277438,71.277438,71.277438,71.277438,120.000000,0.000000,142.559611,0.499983,0.000000,20,,,,,,,,,
online-boutique,online-boutique-longmix-stageC-scale20-replica5-sinusoidal-steps500-20260612T140721Z,idyn-ob-scale20-replica5,scale20,replica5,adservice=5;cartservice=5;checkoutservice=5;currencyservice=5;emailservice=5;frontend=5;paymentservice=5;productcatalogservice=5;recommendationservice=5;redis-cart=1;shippingservice=5,sinusoidal,stageC,kubernetes-default,K8s default,240,240.000,replay,mixed,0.713501,0.048515,11,2.335779,0.000000,0.370445,0.695024,,,0.000000,0.012103,0.012103,10,11,0,83.688619,83.688619,83.688619,83.688619,120.000000,0.000000,142.582608,0.586948,0.000000,20,,,,,,,,,
online-boutique,online-boutique-longmix-stageC-scale20-replica5-sinusoidal-steps500-20260612T140721Z,idyn-ob-scale20-replica5,scale20,replica5,adservice=5;cartservice=5;checkoutservice=5;currencyservice=5;emailservice=5;frontend=5;paymentservice=5;productcatalogservice=5;recommendationservice=5;redis-cart=1;shippingservice=5,sinusoidal,stageC,cga,CGA,240,240.000,replay,mixed,0.713501,0.048515,11,2.335779,0.000000,0.370445,0.695024,,,0.000000,0.012103,0.012103,10,11,0,76.422378,76.422378,76.422378,76.422378,120.000000,0.000000,142.582608,0.535987,0.000000,20,,,,,,,,,
online-boutique,online-boutique-longmix-stageC-scale20-replica5-sinusoidal-steps500-20260612T140721Z,idyn-ob-scale20-replica5,scale20,replica5,adservice=5;cartservice=5;checkoutservice=5;currencyservice=5;emailservice=5;frontend=5;paymentservice=5;productcatalogservice=5;recommendationservice=5;redis-cart=1;shippingservice=5,sinusoidal,stageC,hda,HDA,240,240.000,replay,mixed,0.713501,0.048515,11,2.335779,0.000000,0.370445,0.695024,,,0.000000,0.012103,0.012103,10,11,0,66.818778,66.818778,66.818778,66.818778,120.000000,0.000000,142.582608,0.468632,0.000000,20,,,,,,,,,
online-boutique,online-boutique-longmix-stageC-scale20-replica5-sinusoidal-steps500-20260612T140721Z,idyn-ob-scale20-replica5,scale20,replica5,adservice=5;cartservice=5;checkoutservice=5;currencyservice=5;emailservice=5;frontend=5;paymentservice=5;productcatalogservice=5;recommendationservice=5;redis-cart=1;shippingservice=5,sinusoidal,stageC,kubernetes-default,K8s default,241,241.000,replay,mixed,0.684630,0.039260,11,2.332275,0.000000,0.370970,0.690390,,,0.000000,0.012083,0.012083,10,11,0,80.759588,80.759588,80.759588,80.759588,120.000000,0.000000,142.604528,0.566319,0.000000,20,,,,,,,,,
online-boutique,online-boutique-longmix-stageC-scale20-replica5-sinusoidal-steps500-20260612T140721Z,idyn-ob-scale20-replica5,scale20,replica5,adservice=5;cartservice=5;checkoutservice=5;currencyservice=5;emailservice=5;frontend=5;paymentservice=5;productcatalogservice=5;recommendationservice=5;redis-cart=1;shippingservice=5,sinusoidal,stageC,cga,CGA,241,241.000,replay,mixed,0.684630,0.039260,11,2.332275,0.000000,0.370970,0.690390,,,0.000000,0.012083,0.012083,10,11,0,80.947690,80.947690,80.947690,80.947690,120.000000,0.000000,142.604528,0.567638,0.000000,20,,,,,,,,,
online-boutique,online-boutique-longmix-stageC-scale20-replica5-sinusoidal-steps500-20260612T140721Z,idyn-ob-scale20-replica5,scale20,replica5,adservice=5;cartservice=5;checkoutservice=5;currencyservice=5;emailservice=5;frontend=5;paymentservice=5;productcatalogservice=5;recommendationservice=5;redis-cart=1;shippingservice=5,sinusoidal,stageC,hda,HDA,241,241.000,replay,mixed,0.684630,0.039260,11,2.332275,0.000000,0.370970,0.690390,,,0.000000,0.012083,0.012083,10,11,0,71.539493,71.539493,71.539493,71.539493,120.000000,0.000000,142.604528,0.501664,0.000000,20,,,,,,,,,
online-boutique,online-boutique-longmix-stageC-scale20-replica5-sinusoidal-steps500-20260612T140721Z,idyn-ob-scale20-replica5,scale20,replica5,adservice=5;cartservice=5;checkoutservice=5;currencyservice=5;emailservice=5;frontend=5;paymentservice=5;productcatalogservice=5;recommendationservice=5;redis-cart=1;shippingservice=5,sinusoidal,stageC,kubernetes-default,K8s default,242,242.000,replay,mixed,0.651524,0.047163,11,2.328731,0.000000,0.371475,0.685402,,,0.000000,0.011632,0.011632,10,11,0,77.964145,77.964145,77.964145,77.964145,120.000000,0.000000,142.625374,0.546636,0.000000,20,,,,,,,,,
online-boutique,online-boutique-longmix-stageC-scale20-replica5-sinusoidal-steps500-20260612T140721Z,idyn-ob-scale20-replica5,scale20,replica5,adservice=5;cartservice=5;checkoutservice=5;currencyservice=5;emailservice=5;frontend=5;paymentservice=5;productcatalogservice=5;recommendationservice=5;redis-cart=1;shippingservice=5,sinusoidal,stageC,cga,CGA,242,242.000,replay,mixed,0.651524,0.047163,11,2.328731,0.000000,0.371475,0.685402,,,0.000000,0.011632,0.011632,10,11,0,75.384265,75.384265,75.384265,75.384265,120.000000,0.000000,142.625374,0.528547,0.000000,20,,,,,,,,,
online-boutique,online-boutique-longmix-stageC-scale20-replica5-sinusoidal-steps500-20260612T140721Z,idyn-ob-scale20-replica5,scale20,replica5,adservice=5;cartservice=5;checkoutservice=5;currencyservice=5;emailservice=5;frontend=5;paymentservice=5;productcatalogservice=5;recommendationservice=5;redis-cart=1;shippingservice=5,sinusoidal,stageC,hda,HDA,242,242.000,replay,mixed,0.651524,0.047163,11,2.328731,0.000000,0.371475,0.685402,,,0.000000,0.011632,0.011632,10,11,0,71.703871,71.703871,71.703871,71.703871,120.000000,0.000000,142.625374,0.502743,0.000000,20,,,,,,,,,
online-boutique,online-boutique-longmix-stageC-scale20-replica5-sinusoidal-steps500-20260612T140721Z,idyn-ob-scale20-replica5,scale20,replica5,adservice=5;cartservice=5;checkoutservice=5;currencyservice=5;emailservice=5;frontend=5;paymentservice=5;productcatalogservice=5;recommendationservice=5;redis-cart=1;shippingservice=5,sinusoidal,stageC,kubernetes-default,K8s default,243,243.000,replay,mixed,0.738499,0.118879,11,2.325148,0.000000,0.371961,0.680063,,,0.000000,0.016611,0.016611,10,11,0,84.523602,84.523602,84.523602,84.523602,120.000000,0.000000,142.645150,0.592545,0.000000,20,,,,,,,,,
online-boutique,online-boutique-longmix-stageC-scale20-replica5-sinusoidal-steps500-20260612T140721Z,idyn-ob-scale20-replica5,scale20,replica5,adservice=5;cartservice=5;checkoutservice=5;currencyservice=5;emailservice=5;frontend=5;paymentservice=5;productcatalogservice=5;recommendationservice=5;redis-cart=1;shippingservice=5,sinusoidal,stageC,cga,CGA,243,243.000,replay,mixed,0.738499,0.118879,11,2.325148,0.000000,0.371961,0.680063,,,0.000000,0.016611,0.016611,10,11,0,82.808868,82.808868,82.808868,82.808868,120.000000,0.000000,142.645150,0.580524,0.000000,20,,,,,,,,,
online-boutique,online-boutique-longmix-stageC-scale20-replica5-sinusoidal-steps500-20260612T140721Z,idyn-ob-scale20-replica5,scale20,replica5,adservice=5;cartservice=5;checkoutservice=5;currencyservice=5;emailservice=5;frontend=5;paymentservice=5;productcatalogservice=5;recommendationservice=5;redis-cart=1;shippingservice=5,sinusoidal,stageC,hda,HDA,243,243.000,replay,mixed,0.738499,0.118879,11,2.325148,0.000000,0.371961,0.680063,,,0.000000,0.016611,0.016611,10,11,0,73.104715,73.104715,73.104715,73.104715,120.000000,0.000000,142.645150,0.512494,0.000000,20,,,,,,,,,
online-boutique,online-boutique-longmix-stageC-scale20-replica5-sinusoidal-steps500-20260612T140721Z,idyn-ob-scale20-replica5,scale20,replica5,adservice=5;cartservice=5;checkoutservice=5;currencyservice=5;emailservice=5;frontend=5;paymentservice=5;productcatalogservice=5;recommendationservice=5;redis-cart=1;shippingservice=5,sinusoidal,stageC,kubernetes-default,K8s default,244,244.000,replay,mixed,0.681358,0.076217,11,2.321525,0.000000,0.372426,0.674378,,,0.000000,0.013255,0.013255,10,11,0,81.313935,81.313935,81.313935,81.313935,120.000000,0.000000,142.663861,0.569969,0.000000,20,,,,,,,,,
online-boutique,online-boutique-longmix-stageC-scale20-replica5-sinusoidal-steps500-20260612T140721Z,idyn-ob-scale20-replica5,scale20,replica5,adservice=5;cartservice=5;checkoutservice=5;currencyservice=5;emailservice=5;frontend=5;paymentservice=5;productcatalogservice=5;recommendationservice=5;redis-cart=1;shippingservice=5,sinusoidal,stageC,cga,CGA,244,244.000,replay,mixed,0.681358,0.076217,11,2.321525,0.000000,0.372426,0.674378,,,0.000000,0.013255,0.013255,10,11,0,77.541547,77.541547,77.541547,77.541547,120.000000,0.000000,142.663861,0.543526,0.000000,20,,,,,,,,,
online-boutique,online-boutique-longmix-stageC-scale20-replica5-sinusoidal-steps500-20260612T140721Z,idyn-ob-scale20-replica5,scale20,replica5,adservice=5;cartservice=5;checkoutservice=5;currencyservice=5;emailservice=5;frontend=5;paymentservice=5;productcatalogservice=5;recommendationservice=5;redis-cart=1;shippingservice=5,sinusoidal,stageC,hda,HDA,244,244.000,replay,mixed,0.681358,0.076217,11,2.321525,0.000000,0.372426,0.674378,,,0.000000,0.013255,0.013255,10,11,0,70.372534,70.372534,70.372534,70.372534,120.000000,0.000000,142.663861,0.493275,0.000000,20,,,,,,,,,
online-boutique,online-boutique-longmix-stageC-scale20-replica5-sinusoidal-steps500-20260612T140721Z,idyn-ob-scale20-replica5,scale20,replica5,adservice=5;cartservice=5;checkoutservice=5;currencyservice=5;emailservice=5;frontend=5;paymentservice=5;productcatalogservice=5;recommendationservice=5;redis-cart=1;shippingservice=5,sinusoidal,stageC,kubernetes-default,K8s default,245,245.000,replay,mixed,0.685615,0.007454,11,2.317864,0.000000,0.372873,0.668349,,,0.000000,0.008375,0.008375,10,11,0,81.567727,81.567727,81.567727,81.567727,120.000000,0.000000,142.681512,0.571677,0.000000,20,,,,,,,,,
online-boutique,online-boutique-longmix-stageC-scale20-replica5-sinusoidal-steps500-20260612T140721Z,idyn-ob-scale20-replica5,scale20,replica5,adservice=5;cartservice=5;checkoutservice=5;currencyservice=5;emailservice=5;frontend=5;paymentservice=5;productcatalogservice=5;recommendationservice=5;redis-cart=1;shippingservice=5,sinusoidal,stageC,cga,CGA,245,245.000,replay,mixed,0.685615,0.007454,11,2.317864,0.000000,0.372873,0.668349,,,0.000000,0.008375,0.008375,10,11,0,73.914405,73.914405,73.914405,73.914405,120.000000,0.000000,142.681512,0.518038,0.000000,20,,,,,,,,,
online-boutique,online-boutique-longmix-stageC-scale20-replica5-sinusoidal-steps500-20260612T140721Z,idyn-ob-scale20-replica5,scale20,replica5,adservice=5;cartservice=5;checkoutservice=5;currencyservice=5;emailservice=5;frontend=5;paymentservice=5;productcatalogservice=5;recommendationservice=5;redis-cart=1;shippingservice=5,sinusoidal,stageC,hda,HDA,245,245.000,replay,mixed,0.685615,0.007454,11,2.317864,0.000000,0.372873,0.668349,,,0.000000,0.008375,0.008375,10,11,0,70.644533,70.644533,70.644533,70.644533,120.000000,0.000000,142.681512,0.495120,0.000000,20,,,,,,,,,
online-boutique,online-boutique-longmix-stageC-scale20-replica5-sinusoidal-steps500-20260612T140721Z,idyn-ob-scale20-replica5,scale20,replica5,adservice=5;cartservice=5;checkoutservice=5;currencyservice=5;emailservice=5;frontend=5;paymentservice=5;productcatalogservice=5;recommendationservice=5;redis-cart=1;shippingservice=5,sinusoidal,stageC,kubernetes-default,K8s default,246,246.000,replay,mixed,0.697976,0.018938,11,2.314165,0.000000,0.373300,0.661982,,,0.000000,0.008386,0.008386,10,11,0,81.001379,81.001379,81.001379,81.001379,120.000000,0.000000,142.698108,0.567642,0.000000,20,,,,,,,,,
online-boutique,online-boutique-longmix-stageC-scale20-replica5-sinusoidal-steps500-20260612T140721Z,idyn-ob-scale20-replica5,scale20,replica5,adservice=5;cartservice=5;checkoutservice=5;currencyservice=5;emailservice=5;frontend=5;paymentservice=5;productcatalogservice=5;recommendationservice=5;redis-cart=1;shippingservice=5,sinusoidal,stageC,cga,CGA,246,246.000,replay,mixed,0.697976,0.018938,11,2.314165,0.000000,0.373300,0.661982,,,0.000000,0.008386,0.008386,10,11,0,78.053547,78.053547,78.053547,78.053547,120.000000,0.000000,142.698108,0.546984,0.000000,20,,,,,,,,,
online-boutique,online-boutique-longmix-stageC-scale20-replica5-sinusoidal-steps500-20260612T140721Z,idyn-ob-scale20-replica5,scale20,replica5,adservice=5;cartservice=5;checkoutservice=5;currencyservice=5;emailservice=5;frontend=5;paymentservice=5;productcatalogservice=5;recommendationservice=5;redis-cart=1;shippingservice=5,sinusoidal,stageC,hda,HDA,246,246.000,replay,mixed,0.697976,0.018938,11,2.314165,0.000000,0.373300,0.661982,,,0.000000,0.008386,0.008386,10,11,0,72.714504,72.714504,72.714504,72.714504,120.000000,0.000000,142.698108,0.509569,0.000000,20,,,,,,,,,
online-boutique,online-boutique-longmix-stageC-scale20-replica5-sinusoidal-steps500-20260612T140721Z,idyn-ob-scale20-replica5,scale20,replica5,adservice=5;cartservice=5;checkoutservice=5;currencyservice=5;emailservice=5;frontend=5;paymentservice=5;productcatalogservice=5;recommendationservice=5;redis-cart=1;shippingservice=5,sinusoidal,stageC,kubernetes-default,K8s default,247,247.000,replay,mixed,0.664239,0.047143,11,2.310427,0.000000,0.373707,0.655281,,,0.000000,0.020087,0.020087,10,11,0,76.134636,76.134636,76.134636,76.134636,120.000000,0.000000,142.713655,0.533478,0.000000,20,,,,,,,,,
online-boutique,online-boutique-longmix-stageC-scale20-replica5-sinusoidal-steps500-20260612T140721Z,idyn-ob-scale20-replica5,scale20,replica5,adservice=5;cartservice=5;checkoutservice=5;currencyservice=5;emailservice=5;frontend=5;paymentservice=5;productcatalogservice=5;recommendationservice=5;redis-cart=1;shippingservice=5,sinusoidal,stageC,cga,CGA,247,247.000,replay,mixed,0.664239,0.047143,11,2.310427,0.000000,0.373707,0.655281,,,0.000000,0.020087,0.020087,10,11,0,83.248494,83.248494,83.248494,83.248494,120.000000,0.000000,142.713655,0.583325,0.000000,20,,,,,,,,,
online-boutique,online-boutique-longmix-stageC-scale20-replica5-sinusoidal-steps500-20260612T140721Z,idyn-ob-scale20-replica5,scale20,replica5,adservice=5;cartservice=5;checkoutservice=5;currencyservice=5;emailservice=5;frontend=5;paymentservice=5;productcatalogservice=5;recommendationservice=5;redis-cart=1;shippingservice=5,sinusoidal,stageC,hda,HDA,247,247.000,replay,mixed,0.664239,0.047143,11,2.310427,0.000000,0.373707,0.655281,,,0.000000,0.020087,0.020087,10,11,0,70.673531,70.673531,70.673531,70.673531,120.000000,0.000000,142.713655,0.495212,0.000000,20,,,,,,,,,
online-boutique,online-boutique-longmix-stageC-scale20-replica5-sinusoidal-steps500-20260612T140721Z,idyn-ob-scale20-replica5,scale20,replica5,adservice=5;cartservice=5;checkoutservice=5;currencyservice=5;emailservice=5;frontend=5;paymentservice=5;productcatalogservice=5;recommendationservice=5;redis-cart=1;shippingservice=5,sinusoidal,stageC,kubernetes-default,K8s default,248,248.000,replay,mixed,0.650969,0.018753,11,2.306652,0.000000,0.374096,0.648254,,,0.000000,0.008536,0.008536,10,11,0,76.592382,76.592382,76.592382,76.592382,120.000000,0.000000,142.728160,0.536631,0.000000,20,,,,,,,,,
online-boutique,online-boutique-longmix-stageC-scale20-replica5-sinusoidal-steps500-20260612T140721Z,idyn-ob-scale20-replica5,scale20,replica5,adservice=5;cartservice=5;checkoutservice=5;currencyservice=5;emailservice=5;frontend=5;paymentservice=5;productcatalogservice=5;recommendationservice=5;redis-cart=1;shippingservice=5,sinusoidal,stageC,cga,CGA,248,248.000,replay,mixed,0.650969,0.018753,11,2.306652,0.000000,0.374096,0.648254,,,0.000000,0.008536,0.008536,10,11,0,73.441515,73.441515,73.441515,73.441515,120.000000,0.000000,142.728160,0.514555,0.000000,20,,,,,,,,,
online-boutique,online-boutique-longmix-stageC-scale20-replica5-sinusoidal-steps500-20260612T140721Z,idyn-ob-scale20-replica5,scale20,replica5,adservice=5;cartservice=5;checkoutservice=5;currencyservice=5;emailservice=5;frontend=5;paymentservice=5;productcatalogservice=5;recommendationservice=5;redis-cart=1;shippingservice=5,sinusoidal,stageC,hda,HDA,248,248.000,replay,mixed,0.650969,0.018753,11,2.306652,0.000000,0.374096,0.648254,,,0.000000,0.008536,0.008536,10,11,0,70.256675,70.256675,70.256675,70.256675,120.000000,0.000000,142.728160,0.492241,0.000000,20,,,,,,,,,
online-boutique,online-boutique-longmix-stageC-scale20-replica5-sinusoidal-steps500-20260612T140721Z,idyn-ob-scale20-replica5,scale20,replica5,adservice=5;cartservice=5;checkoutservice=5;currencyservice=5;emailservice=5;frontend=5;paymentservice=5;productcatalogservice=5;recommendationservice=5;redis-cart=1;shippingservice=5,sinusoidal,stageC,kubernetes-default,K8s default,249,249.000,replay,mixed,0.648033,0.004599,11,2.302838,0.000000,0.374465,0.640905,,,0.000000,0.009628,0.009628,10,11,0,74.381447,74.381447,74.381447,74.381447,120.000000,0.000000,142.741630,0.521091,0.000000,20,,,,,,,,,
online-boutique,online-boutique-longmix-stageC-scale20-replica5-sinusoidal-steps500-20260612T140721Z,idyn-ob-scale20-replica5,scale20,replica5,adservice=5;cartservice=5;checkoutservice=5;currencyservice=5;emailservice=5;frontend=5;paymentservice=5;productcatalogservice=5;recommendationservice=5;redis-cart=1;shippingservice=5,sinusoidal,stageC,cga,CGA,249,249.000,replay,mixed,0.648033,0.004599,11,2.302838,0.000000,0.374465,0.640905,,,0.000000,0.009628,0.009628,10,11,0,72.735170,72.735170,72.735170,72.735170,120.000000,0.000000,142.741630,0.509558,0.000000,20,,,,,,,,,
online-boutique,online-boutique-longmix-stageC-scale20-replica5-sinusoidal-steps500-20260612T140721Z,idyn-ob-scale20-replica5,scale20,replica5,adservice=5;cartservice=5;checkoutservice=5;currencyservice=5;emailservice=5;frontend=5;paymentservice=5;productcatalogservice=5;recommendationservice=5;redis-cart=1;shippingservice=5,sinusoidal,stageC,hda,HDA,249,249.000,replay,mixed,0.648033,0.004599,11,2.302838,0.000000,0.374465,0.640905,,,0.000000,0.009628,0.009628,10,11,0,71.131488,71.131488,71.131488,71.131488,120.000000,0.000000,142.741630,0.498323,0.000000,20,,,,,,,,,
online-boutique,online-boutique-longmix-stageC-scale20-replica5-sinusoidal-steps500-20260612T140721Z,idyn-ob-scale20-replica5,scale20,replica5,adservice=5;cartservice=5;checkoutservice=5;currencyservice=5;emailservice=5;frontend=5;paymentservice=5;productcatalogservice=5;recommendationservice=5;redis-cart=1;shippingservice=5,sinusoidal,stageC,kubernetes-default,K8s default,250,250.000,replay,mixed,0.644788,0.004835,11,2.298988,0.000000,0.374816,0.633241,,,0.000000,0.009227,0.009227,10,11,0,77.767675,77.767675,77.767675,77.767675,120.000000,0.000000,142.754072,0.544767,0.000000,20,,,,,,,,,
online-boutique,online-boutique-longmix-stageC-scale20-replica5-sinusoidal-steps500-20260612T140721Z,idyn-ob-scale20-replica5,scale20,replica5,adservice=5;cartservice=5;checkoutservice=5;currencyservice=5;emailservice=5;frontend=5;paymentservice=5;productcatalogservice=5;recommendationservice=5;redis-cart=1;shippingservice=5,sinusoidal,stageC,cga,CGA,250,250.000,replay,mixed,0.644788,0.004835,11,2.298988,0.000000,0.374816,0.633241,,,0.000000,0.009227,0.009227,10,11,0,73.341098,73.341098,73.341098,73.341098,120.000000,0.000000,142.754072,0.513758,0.000000,20,,,,,,,,,
online-boutique,online-boutique-longmix-stageC-scale20-replica5-sinusoidal-steps500-20260612T140721Z,idyn-ob-scale20-replica5,scale20,replica5,adservice=5;cartservice=5;checkoutservice=5;currencyservice=5;emailservice=5;frontend=5;paymentservice=5;productcatalogservice=5;recommendationservice=5;redis-cart=1;shippingservice=5,sinusoidal,stageC,hda,HDA,250,250.000,replay,mixed,0.644788,0.004835,11,2.298988,0.000000,0.374816,0.633241,,,0.000000,0.009227,0.009227,10,11,0,64.870169,64.870169,64.870169,64.870169,120.000000,0.000000,142.754072,0.454419,0.000000,20,,,,,,,,,
online-boutique,online-boutique-longmix-stageC-scale20-replica5-sinusoidal-steps500-20260612T140721Z,idyn-ob-scale20-replica5,scale20,replica5,adservice=5;cartservice=5;checkoutservice=5;currencyservice=5;emailservice=5;frontend=5;paymentservice=5;productcatalogservice=5;recommendationservice=5;redis-cart=1;shippingservice=5,sinusoidal,stageC,kubernetes-default,K8s default,251,251.000,replay,mixed,0.643472,0.003875,11,2.295101,0.000000,0.375149,0.625270,,,0.000000,0.008566,0.008566,10,11,0,72.384513,72.384513,72.384513,72.384513,120.000000,0.000000,142.765493,0.507017,0.000000,20,,,,,,,,,
online-boutique,online-boutique-longmix-stageC-scale20-replica5-sinusoidal-steps500-20260612T140721Z,idyn-ob-scale20-replica5,scale20,replica5,adservice=5;cartservice=5;checkoutservice=5;currencyservice=5;emailservice=5;frontend=5;paymentservice=5;productcatalogservice=5;recommendationservice=5;redis-cart=1;shippingservice=5,sinusoidal,stageC,cga,CGA,251,251.000,replay,mixed,0.643472,0.003875,11,2.295101,0.000000,0.375149,0.625270,,,0.000000,0.008566,0.008566,10,11,0,75.761157,75.761157,75.761157,75.761157,120.000000,0.000000,142.765493,0.530669,0.000000,20,,,,,,,,,
online-boutique,online-boutique-longmix-stageC-scale20-replica5-sinusoidal-steps500-20260612T140721Z,idyn-ob-scale20-replica5,scale20,replica5,adservice=5;cartservice=5;checkoutservice=5;currencyservice=5;emailservice=5;frontend=5;paymentservice=5;productcatalogservice=5;recommendationservice=5;redis-cart=1;shippingservice=5,sinusoidal,stageC,hda,HDA,251,251.000,replay,mixed,0.643472,0.003875,11,2.295101,0.000000,0.375149,0.625270,,,0.000000,0.008566,0.008566,10,11,0,70.426167,70.426167,70.426167,70.426167,120.000000,0.000000,142.765493,0.493300,0.000000,20,,,,,,,,,
online-boutique,online-boutique-longmix-stageC-scale20-replica5-sinusoidal-steps500-20260612T140721Z,idyn-ob-scale20-replica5,scale20,replica5,adservice=5;cartservice=5;checkoutservice=5;currencyservice=5;emailservice=5;frontend=5;paymentservice=5;productcatalogservice=5;recommendationservice=5;redis-cart=1;shippingservice=5,sinusoidal,stageC,kubernetes-default,K8s default,252,252.000,replay,mixed,0.635259,0.011542,11,2.291178,0.500000,0.375465,0.616999,,,0.000000,0.011972,0.011972,10,11,0,77.579625,77.579625,77.579625,77.579625,120.000000,0.000000,142.775903,0.543366,0.000000,20,,,,,,,,,
online-boutique,online-boutique-longmix-stageC-scale20-replica5-sinusoidal-steps500-20260612T140721Z,idyn-ob-scale20-replica5,scale20,replica5,adservice=5;cartservice=5;checkoutservice=5;currencyservice=5;emailservice=5;frontend=5;paymentservice=5;productcatalogservice=5;recommendationservice=5;redis-cart=1;shippingservice=5,sinusoidal,stageC,cga,CGA,252,252.000,replay,mixed,0.635259,0.011542,11,2.291178,0.500000,0.375465,0.616999,,,0.000000,0.011972,0.011972,10,11,0,71.927792,71.927792,71.927792,71.927792,120.000000,0.000000,142.775903,0.503781,0.000000,20,,,,,,,,,
online-boutique,online-boutique-longmix-stageC-scale20-replica5-sinusoidal-steps500-20260612T140721Z,idyn-ob-scale20-replica5,scale20,replica5,adservice=5;cartservice=5;checkoutservice=5;currencyservice=5;emailservice=5;frontend=5;paymentservice=5;productcatalogservice=5;recommendationservice=5;redis-cart=1;shippingservice=5,sinusoidal,stageC,hda,HDA,252,252.000,replay,mixed,0.635259,0.011542,11,2.291178,0.500000,0.375465,0.616999,,,0.000000,0.011972,0.011972,10,11,0,70.839630,70.839630,70.839630,70.839630,120.000000,0.000000,142.775903,0.496160,0.000000,20,,,,,,,,,
online-boutique,online-boutique-longmix-stageC-scale20-replica5-sinusoidal-steps500-20260612T140721Z,idyn-ob-scale20-replica5,scale20,replica5,adservice=5;cartservice=5;checkoutservice=5;currencyservice=5;emailservice=5;frontend=5;paymentservice=5;productcatalogservice=5;recommendationservice=5;redis-cart=1;shippingservice=5,sinusoidal,stageC,kubernetes-default,K8s default,253,253.000,replay,mixed,0.668783,0.051299,11,2.287219,0.000000,0.375918,0.608437,,,0.000000,0.008728,0.008728,10,11,0,84.072228,84.072228,84.072228,84.072228,120.000000,0.000000,142.785309,0.588802,0.000000,20,,,,,,,,,
online-boutique,online-boutique-longmix-stageC-scale20-replica5-sinusoidal-steps500-20260612T140721Z,idyn-ob-scale20-replica5,scale20,replica5,adservice=5;cartservice=5;checkoutservice=5;currencyservice=5;emailservice=5;frontend=5;paymentservice=5;productcatalogservice=5;recommendationservice=5;redis-cart=1;shippingservice=5,sinusoidal,stageC,cga,CGA,253,253.000,replay,mixed,0.668783,0.051299,11,2.287219,0.000000,0.375918,0.608437,,,0.000000,0.008728,0.008728,10,11,0,75.461029,75.461029,75.461029,75.461029,120.000000,0.000000,142.785309,0.528493,0.000000,20,,,,,,,,,
online-boutique,online-boutique-longmix-stageC-scale20-replica5-sinusoidal-steps500-20260612T140721Z,idyn-ob-scale20-replica5,scale20,replica5,adservice=5;cartservice=5;checkoutservice=5;currencyservice=5;emailservice=5;frontend=5;paymentservice=5;productcatalogservice=5;recommendationservice=5;redis-cart=1;shippingservice=5,sinusoidal,stageC,hda,HDA,253,253.000,replay,mixed,0.668783,0.051299,11,2.287219,0.000000,0.375918,0.608437,,,0.000000,0.008728,0.008728,10,11,0,71.590515,71.590515,71.590515,71.590515,120.000000,0.000000,142.785309,0.501386,0.000000,20,,,,,,,,,
online-boutique,online-boutique-longmix-stageC-scale20-replica5-sinusoidal-steps500-20260612T140721Z,idyn-ob-scale20-replica5,scale20,replica5,adservice=5;cartservice=5;checkoutservice=5;currencyservice=5;emailservice=5;frontend=5;paymentservice=5;productcatalogservice=5;recommendationservice=5;redis-cart=1;shippingservice=5,sinusoidal,stageC,kubernetes-default,K8s default,254,254.000,replay,mixed,0.639943,0.041946,11,2.283225,0.000000,0.376355,0.599592,,,0.000000,0.008375,0.008375,10,11,0,81.086427,81.086427,81.086427,81.086427,120.000000,0.000000,142.793720,0.567857,0.000000,20,,,,,,,,,
online-boutique,online-boutique-longmix-stageC-scale20-replica5-sinusoidal-steps500-20260612T140721Z,idyn-ob-scale20-replica5,scale20,replica5,adservice=5;cartservice=5;checkoutservice=5;currencyservice=5;emailservice=5;frontend=5;paymentservice=5;productcatalogservice=5;recommendationservice=5;redis-cart=1;shippingservice=5,sinusoidal,stageC,cga,CGA,254,254.000,replay,mixed,0.639943,0.041946,11,2.283225,0.000000,0.376355,0.599592,,,0.000000,0.008375,0.008375,10,11,0,71.569265,71.569265,71.569265,71.569265,120.000000,0.000000,142.793720,0.501207,0.000000,20,,,,,,,,,
online-boutique,online-boutique-longmix-stageC-scale20-replica5-sinusoidal-steps500-20260612T140721Z,idyn-ob-scale20-replica5,scale20,replica5,adservice=5;cartservice=5;checkoutservice=5;currencyservice=5;emailservice=5;frontend=5;paymentservice=5;productcatalogservice=5;recommendationservice=5;redis-cart=1;shippingservice=5,sinusoidal,stageC,hda,HDA,254,254.000,replay,mixed,0.639943,0.041946,11,2.283225,0.000000,0.376355,0.599592,,,0.000000,0.008375,0.008375,10,11,0,70.487483,70.487483,70.487483,70.487483,120.000000,0.000000,142.793720,0.493632,0.000000,20,,,,,,,,,
online-boutique,online-boutique-longmix-stageC-scale20-replica5-sinusoidal-steps500-20260612T140721Z,idyn-ob-scale20-replica5,scale20,replica5,adservice=5;cartservice=5;checkoutservice=5;currencyservice=5;emailservice=5;frontend=5;paymentservice=5;productcatalogservice=5;recommendationservice=5;redis-cart=1;shippingservice=5,sinusoidal,stageC,kubernetes-default,K8s default,255,255.000,replay,mixed,0.712543,0.102988,11,2.279195,0.000000,0.376773,0.590473,,,0.000000,0.009227,0.009227,10,11,0,80.953697,80.953697,80.953697,80.953697,120.000000,0.000000,142.801145,0.566898,0.000000,20,,,,,,,,,
online-boutique,online-boutique-longmix-stageC-scale20-replica5-sinusoidal-steps500-20260612T140721Z,idyn-ob-scale20-replica5,scale20,replica5,adservice=5;cartservice=5;checkoutservice=5;currencyservice=5;emailservice=5;frontend=5;paymentservice=5;productcatalogservice=5;recommendationservice=5;redis-cart=1;shippingservice=5,sinusoidal,stageC,cga,CGA,255,255.000,replay,mixed,0.712543,0.102988,11,2.279195,0.000000,0.376773,0.590473,,,0.000000,0.009227,0.009227,10,11,0,75.679072,75.679072,75.679072,75.679072,120.000000,0.000000,142.801145,0.529961,0.000000,20,,,,,,,,,
online-boutique,online-boutique-longmix-stageC-scale20-replica5-sinusoidal-steps500-20260612T140721Z,idyn-ob-scale20-replica5,scale20,replica5,adservice=5;cartservice=5;checkoutservice=5;currencyservice=5;emailservice=5;frontend=5;paymentservice=5;productcatalogservice=5;recommendationservice=5;redis-cart=1;shippingservice=5,sinusoidal,stageC,hda,HDA,255,255.000,replay,mixed,0.712543,0.102988,11,2.279195,0.000000,0.376773,0.590473,,,0.000000,0.009227,0.009227,10,11,0,78.900874,78.900874,78.900874,78.900874,120.000000,0.000000,142.801145,0.552523,0.000000,20,,,,,,,,,
online-boutique,online-boutique-longmix-stageC-scale20-replica5-sinusoidal-steps500-20260612T140721Z,idyn-ob-scale20-replica5,scale20,replica5,adservice=5;cartservice=5;checkoutservice=5;currencyservice=5;emailservice=5;frontend=5;paymentservice=5;productcatalogservice=5;recommendationservice=5;redis-cart=1;shippingservice=5,sinusoidal,stageC,kubernetes-default,K8s default,256,256.000,replay,mixed,0.622229,0.148076,10,2.275132,0.000000,0.352157,0.457952,,,0.000000,0.015099,0.015099,9,10,0,79.590376,79.590376,79.590376,79.590376,120.000000,0.000000,142.807595,0.557326,0.000000,20,,,,,,,,,
online-boutique,online-boutique-longmix-stageC-scale20-replica5-sinusoidal-steps500-20260612T140721Z,idyn-ob-scale20-replica5,scale20,replica5,adservice=5;cartservice=5;checkoutservice=5;currencyservice=5;emailservice=5;frontend=5;paymentservice=5;productcatalogservice=5;recommendationservice=5;redis-cart=1;shippingservice=5,sinusoidal,stageC,cga,CGA,256,256.000,replay,mixed,0.622229,0.148076,10,2.275132,0.000000,0.352157,0.457952,,,0.000000,0.015099,0.015099,9,10,0,77.893829,77.893829,77.893829,77.893829,120.000000,0.000000,142.807595,0.545446,0.000000,20,,,,,,,,,
online-boutique,online-boutique-longmix-stageC-scale20-replica5-sinusoidal-steps500-20260612T140721Z,idyn-ob-scale20-replica5,scale20,replica5,adservice=5;cartservice=5;checkoutservice=5;currencyservice=5;emailservice=5;frontend=5;paymentservice=5;productcatalogservice=5;recommendationservice=5;redis-cart=1;shippingservice=5,sinusoidal,stageC,hda,HDA,256,256.000,replay,mixed,0.622229,0.148076,10,2.275132,0.000000,0.352157,0.457952,,,0.000000,0.015099,0.015099,9,10,0,76.379710,76.379710,76.379710,76.379710,120.000000,0.000000,142.807595,0.534843,0.000000,20,,,,,,,,,
online-boutique,online-boutique-longmix-stageC-scale20-replica5-sinusoidal-steps500-20260612T140721Z,idyn-ob-scale20-replica5,scale20,replica5,adservice=5;cartservice=5;checkoutservice=5;currencyservice=5;emailservice=5;frontend=5;paymentservice=5;productcatalogservice=5;recommendationservice=5;redis-cart=1;shippingservice=5,sinusoidal,stageC,kubernetes-default,K8s default,257,257.000,replay,mixed,0.673490,0.100869,11,2.271035,0.000000,0.377726,0.571455,,,0.000000,0.012733,0.012733,10,11,0,83.963952,83.963952,83.963952,83.963952,120.000000,0.000000,142.813079,0.587929,0.000000,20,,,,,,,,,
online-boutique,online-boutique-longmix-stageC-scale20-replica5-sinusoidal-steps500-20260612T140721Z,idyn-ob-scale20-replica5,scale20,replica5,adservice=5;cartservice=5;checkoutservice=5;currencyservice=5;emailservice=5;frontend=5;paymentservice=5;productcatalogservice=5;recommendationservice=5;redis-cart=1;shippingservice=5,sinusoidal,stageC,cga,CGA,257,257.000,replay,mixed,0.673490,0.100869,11,2.271035,0.000000,0.377726,0.571455,,,0.000000,0.012733,0.012733,10,11,0,75.745691,75.745691,75.745691,75.745691,120.000000,0.000000,142.813079,0.530383,0.000000,20,,,,,,,,,
online-boutique,online-boutique-longmix-stageC-scale20-replica5-sinusoidal-steps500-20260612T140721Z,idyn-ob-scale20-replica5,scale20,replica5,adservice=5;cartservice=5;checkoutservice=5;currencyservice=5;emailservice=5;frontend=5;paymentservice=5;productcatalogservice=5;recommendationservice=5;redis-cart=1;shippingservice=5,sinusoidal,stageC,hda,HDA,257,257.000,replay,mixed,0.673490,0.100869,11,2.271035,0.000000,0.377726,0.571455,,,0.000000,0.012733,0.012733,10,11,0,75.069302,75.069302,75.069302,75.069302,120.000000,0.000000,142.813079,0.525647,0.000000,20,,,,,,,,,
online-boutique,online-boutique-longmix-stageC-scale20-replica5-sinusoidal-steps500-20260612T140721Z,idyn-ob-scale20-replica5,scale20,replica5,adservice=5;cartservice=5;checkoutservice=5;currencyservice=5;emailservice=5;frontend=5;paymentservice=5;productcatalogservice=5;recommendationservice=5;redis-cart=1;shippingservice=5,sinusoidal,stageC,kubernetes-default,K8s default,258,258.000,replay,mixed,0.662001,0.015869,11,2.266904,0.000000,0.378196,0.561576,,,0.000000,0.008797,0.008797,10,11,0,80.554652,80.554652,80.554652,80.554652,120.000000,0.000000,142.817607,0.564039,0.000000,20,,,,,,,,,
online-boutique,online-boutique-longmix-stageC-scale20-replica5-sinusoidal-steps500-20260612T140721Z,idyn-ob-scale20-replica5,scale20,replica5,adservice=5;cartservice=5;checkoutservice=5;currencyservice=5;emailservice=5;frontend=5;paymentservice=5;productcatalogservice=5;recommendationservice=5;redis-cart=1;shippingservice=5,sinusoidal,stageC,cga,CGA,258,258.000,replay,mixed,0.662001,0.015869,11,2.266904,0.000000,0.378196,0.561576,,,0.000000,0.008797,0.008797,10,11,0,75.549463,75.549463,75.549463,75.549463,120.000000,0.000000,142.817607,0.528993,0.000000,20,,,,,,,,,
online-boutique,online-boutique-longmix-stageC-scale20-replica5-sinusoidal-steps500-20260612T140721Z,idyn-ob-scale20-replica5,scale20,replica5,adservice=5;cartservice=5;checkoutservice=5;currencyservice=5;emailservice=5;frontend=5;paymentservice=5;productcatalogservice=5;recommendationservice=5;redis-cart=1;shippingservice=5,sinusoidal,stageC,hda,HDA,258,258.000,replay,mixed,0.662001,0.015869,11,2.266904,0.000000,0.378196,0.561576,,,0.000000,0.008797,0.008797,10,11,0,66.686035,66.686035,66.686035,66.686035,120.000000,0.000000,142.817607,0.466931,0.000000,20,,,,,,,,,
online-boutique,online-boutique-longmix-stageC-scale20-replica5-sinusoidal-steps500-20260612T140721Z,idyn-ob-scale20-replica5,scale20,replica5,adservice=5;cartservice=5;checkoutservice=5;currencyservice=5;emailservice=5;frontend=5;paymentservice=5;productcatalogservice=5;recommendationservice=5;redis-cart=1;shippingservice=5,sinusoidal,stageC,kubernetes-default,K8s default,259,259.000,replay,mixed,0.634495,0.064342,10,2.262741,0.000000,0.352771,0.427185,,,0.000000,0.008456,0.008456,9,10,0,81.592212,81.592212,81.592212,81.592212,120.000000,0.000000,142.821190,0.571289,0.000000,20,,,,,,,,,
online-boutique,online-boutique-longmix-stageC-scale20-replica5-sinusoidal-steps500-20260612T140721Z,idyn-ob-scale20-replica5,scale20,replica5,adservice=5;cartservice=5;checkoutservice=5;currencyservice=5;emailservice=5;frontend=5;paymentservice=5;productcatalogservice=5;recommendationservice=5;redis-cart=1;shippingservice=5,sinusoidal,stageC,cga,CGA,259,259.000,replay,mixed,0.634495,0.064342,10,2.262741,0.000000,0.352771,0.427185,,,0.000000,0.008456,0.008456,9,10,0,72.350782,72.350782,72.350782,72.350782,120.000000,0.000000,142.821190,0.506583,0.000000,20,,,,,,,,,
online-boutique,online-boutique-longmix-stageC-scale20-replica5-sinusoidal-steps500-20260612T140721Z,idyn-ob-scale20-replica5,scale20,replica5,adservice=5;cartservice=5;checkoutservice=5;currencyservice=5;emailservice=5;frontend=5;paymentservice=5;productcatalogservice=5;recommendationservice=5;redis-cart=1;shippingservice=5,sinusoidal,stageC,hda,HDA,259,259.000,replay,mixed,0.634495,0.064342,10,2.262741,0.000000,0.352771,0.427185,,,0.000000,0.008456,0.008456,9,10,0,76.039981,76.039981,76.039981,76.039981,120.000000,0.000000,142.821190,0.532414,0.000000,20,,,,,,,,,
online-boutique,online-boutique-longmix-stageC-scale20-replica5-sinusoidal-steps500-20260612T140721Z,idyn-ob-scale20-replica5,scale20,replica5,adservice=5;cartservice=5;checkoutservice=5;currencyservice=5;emailservice=5;frontend=5;paymentservice=5;productcatalogservice=5;recommendationservice=5;redis-cart=1;shippingservice=5,sinusoidal,stageC,kubernetes-default,K8s default,260,260.000,replay,mixed,0.649704,0.048921,11,2.258547,0.000000,0.379090,0.541136,,,0.000000,0.025307,0.025307,10,11,0,77.877355,77.877355,77.877355,77.877355,120.000000,0.000000,142.823838,0.545269,0.000000,20,,,,,,,,,
online-boutique,online-boutique-longmix-stageC-scale20-replica5-sinusoidal-steps500-20260612T140721Z,idyn-ob-scale20-replica5,scale20,replica5,adservice=5;cartservice=5;checkoutservice=5;currencyservice=5;emailservice=5;frontend=5;paymentservice=5;productcatalogservice=5;recommendationservice=5;redis-cart=1;shippingservice=5,sinusoidal,stageC,cga,CGA,260,260.000,replay,mixed,0.649704,0.048921,11,2.258547,0.000000,0.379090,0.541136,,,0.000000,0.025307,0.025307,10,11,0,73.734300,73.734300,73.734300,73.734300,120.000000,0.000000,142.823838,0.516260,0.000000,20,,,,,,,,,
online-boutique,online-boutique-longmix-stageC-scale20-replica5-sinusoidal-steps500-20260612T140721Z,idyn-ob-scale20-replica5,scale20,replica5,adservice=5;cartservice=5;checkoutservice=5;currencyservice=5;emailservice=5;frontend=5;paymentservice=5;productcatalogservice=5;recommendationservice=5;redis-cart=1;shippingservice=5,sinusoidal,stageC,hda,HDA,260,260.000,replay,mixed,0.649704,0.048921,11,2.258547,0.000000,0.379090,0.541136,,,0.000000,0.025307,0.025307,10,11,0,69.710014,69.710014,69.710014,69.710014,120.000000,0.000000,142.823838,0.488084,0.000000,20,,,,,,,,,
online-boutique,online-boutique-longmix-stageC-scale20-replica5-sinusoidal-steps500-20260612T140721Z,idyn-ob-scale20-replica5,scale20,replica5,adservice=5;cartservice=5;checkoutservice=5;currencyservice=5;emailservice=5;frontend=5;paymentservice=5;productcatalogservice=5;recommendationservice=5;redis-cart=1;shippingservice=5,sinusoidal,stageC,kubernetes-default,K8s default,261,261.000,replay,mixed,0.694659,0.065829,11,2.254321,0.000000,0.379512,0.530599,,,0.000000,0.008656,0.008656,10,11,0,79.841115,79.841115,79.841115,79.841115,120.000000,0.000000,142.825562,0.559011,0.000000,20,,,,,,,,,
online-boutique,online-boutique-longmix-stageC-scale20-replica5-sinusoidal-steps500-20260612T140721Z,idyn-ob-scale20-replica5,scale20,replica5,adservice=5;cartservice=5;checkoutservice=5;currencyservice=5;emailservice=5;frontend=5;paymentservice=5;productcatalogservice=5;recommendationservice=5;redis-cart=1;shippingservice=5,sinusoidal,stageC,cga,CGA,261,261.000,replay,mixed,0.694659,0.065829,11,2.254321,0.000000,0.379512,0.530599,,,0.000000,0.008656,0.008656,10,11,0,75.206842,75.206842,75.206842,75.206842,120.000000,0.000000,142.825562,0.526564,0.000000,20,,,,,,,,,
online-boutique,online-boutique-longmix-stageC-scale20-replica5-sinusoidal-steps500-20260612T140721Z,idyn-ob-scale20-replica5,scale20,replica5,adservice=5;cartservice=5;checkoutservice=5;currencyservice=5;emailservice=5;frontend=5;paymentservice=5;productcatalogservice=5;recommendationservice=5;redis-cart=1;shippingservice=5,sinusoidal,stageC,hda,HDA,261,261.000,replay,mixed,0.694659,0.065829,11,2.254321,0.000000,0.379512,0.530599,,,0.000000,0.008656,0.008656,10,11,0,73.148111,73.148111,73.148111,73.148111,120.000000,0.000000,142.825562,0.512150,0.000000,20,,,,,,,,,
online-boutique,online-boutique-longmix-stageC-scale20-replica5-sinusoidal-steps500-20260612T140721Z,idyn-ob-scale20-replica5,scale20,replica5,adservice=5;cartservice=5;checkoutservice=5;currencyservice=5;emailservice=5;frontend=5;paymentservice=5;productcatalogservice=5;recommendationservice=5;redis-cart=1;shippingservice=5,sinusoidal,stageC,kubernetes-default,K8s default,262,262.000,replay,mixed,0.694585,0.003907,11,2.250064,0.000000,0.379919,0.519866,,,0.000000,0.008325,0.008325,10,11,0,79.884547,79.884547,79.884547,79.884547,120.000000,0.000000,142.826374,0.559312,0.000000,20,,,,,,,,,
online-boutique,online-boutique-longmix-stageC-scale20-replica5-sinusoidal-steps500-20260612T140721Z,idyn-ob-scale20-replica5,scale20,replica5,adservice=5;cartservice=5;checkoutservice=5;currencyservice=5;emailservice=5;frontend=5;paymentservice=5;productcatalogservice=5;recommendationservice=5;redis-cart=1;shippingservice=5,sinusoidal,stageC,cga,CGA,262,262.000,replay,mixed,0.694585,0.003907,11,2.250064,0.000000,0.379919,0.519866,,,0.000000,0.008325,0.008325,10,11,0,73.391035,73.391035,73.391035,73.391035,120.000000,0.000000,142.826374,0.513848,0.000000,20,,,,,,,,,
online-boutique,online-boutique-longmix-stageC-scale20-replica5-sinusoidal-steps500-20260612T140721Z,idyn-ob-scale20-replica5,scale20,replica5,adservice=5;cartservice=5;checkoutservice=5;currencyservice=5;emailservice=5;frontend=5;paymentservice=5;productcatalogservice=5;recommendationservice=5;redis-cart=1;shippingservice=5,sinusoidal,stageC,hda,HDA,262,262.000,replay,mixed,0.694585,0.003907,11,2.250064,0.000000,0.379919,0.519866,,,0.000000,0.008325,0.008325,10,11,0,70.293201,70.293201,70.293201,70.293201,120.000000,0.000000,142.826374,0.492158,0.000000,20,,,,,,,,,
online-boutique,online-boutique-longmix-stageC-scale20-replica5-sinusoidal-steps500-20260612T140721Z,idyn-ob-scale20-replica5,scale20,replica5,adservice=5;cartservice=5;checkoutservice=5;currencyservice=5;emailservice=5;frontend=5;paymentservice=5;productcatalogservice=5;recommendationservice=5;redis-cart=1;shippingservice=5,sinusoidal,stageC,kubernetes-default,K8s default,263,263.000,replay,mixed,0.621217,0.126130,10,2.245778,0.000000,0.353329,0.382611,,,0.000000,0.012103,0.012103,9,10,0,78.185324,78.185324,78.185324,78.185324,120.000000,0.000000,142.826285,0.547416,0.000000,20,,,,,,,,,
online-boutique,online-boutique-longmix-stageC-scale20-replica5-sinusoidal-steps500-20260612T140721Z,idyn-ob-scale20-replica5,scale20,replica5,adservice=5;cartservice=5;checkoutservice=5;currencyservice=5;emailservice=5;frontend=5;paymentservice=5;productcatalogservice=5;recommendationservice=5;redis-cart=1;shippingservice=5,sinusoidal,stageC,cga,CGA,263,263.000,replay,mixed,0.621217,0.126130,10,2.245778,0.000000,0.353329,0.382611,,,0.000000,0.012103,0.012103,9,10,0,80.774620,80.774620,80.774620,80.774620,120.000000,0.000000,142.826285,0.565545,0.000000,20,,,,,,,,,
online-boutique,online-boutique-longmix-stageC-scale20-replica5-sinusoidal-steps500-20260612T140721Z,idyn-ob-scale20-replica5,scale20,replica5,adservice=5;cartservice=5;checkoutservice=5;currencyservice=5;emailservice=5;frontend=5;paymentservice=5;productcatalogservice=5;recommendationservice=5;redis-cart=1;shippingservice=5,sinusoidal,stageC,hda,HDA,263,263.000,replay,mixed,0.621217,0.126130,10,2.245778,0.000000,0.353329,0.382611,,,0.000000,0.012103,0.012103,9,10,0,72.966566,72.966566,72.966566,72.966566,120.000000,0.000000,142.826285,0.510876,0.000000,20,,,,,,,,,
online-boutique,online-boutique-longmix-stageC-scale20-replica5-sinusoidal-steps500-20260612T140721Z,idyn-ob-scale20-replica5,scale20,replica5,adservice=5;cartservice=5;checkoutservice=5;currencyservice=5;emailservice=5;frontend=5;paymentservice=5;productcatalogservice=5;recommendationservice=5;redis-cart=1;shippingservice=5,sinusoidal,stageC,kubernetes-default,K8s default,264,264.000,replay,mixed,0.686850,0.118363,11,2.241463,0.000000,0.380686,0.497869,,,0.000000,0.011943,0.011943,10,11,0,82.109633,82.109633,82.109633,82.109633,120.000000,0.000000,142.825306,0.574896,0.000000,20,,,,,,,,,
online-boutique,online-boutique-longmix-stageC-scale20-replica5-sinusoidal-steps500-20260612T140721Z,idyn-ob-scale20-replica5,scale20,replica5,adservice=5;cartservice=5;checkoutservice=5;currencyservice=5;emailservice=5;frontend=5;paymentservice=5;productcatalogservice=5;recommendationservice=5;redis-cart=1;shippingservice=5,sinusoidal,stageC,cga,CGA,264,264.000,replay,mixed,0.686850,0.118363,11,2.241463,0.000000,0.380686,0.497869,,,0.000000,0.011943,0.011943,10,11,0,74.991219,74.991219,74.991219,74.991219,120.000000,0.000000,142.825306,0.525056,0.000000,20,,,,,,,,,
online-boutique,online-boutique-longmix-stageC-scale20-replica5-sinusoidal-steps500-20260612T140721Z,idyn-ob-scale20-replica5,scale20,replica5,adservice=5;cartservice=5;checkoutservice=5;currencyservice=5;emailservice=5;frontend=5;paymentservice=5;productcatalogservice=5;recommendationservice=5;redis-cart=1;shippingservice=5,sinusoidal,stageC,hda,HDA,264,264.000,replay,mixed,0.686850,0.118363,11,2.241463,0.000000,0.380686,0.497869,,,0.000000,0.011943,0.011943,10,11,0,72.381230,72.381230,72.381230,72.381230,120.000000,0.000000,142.825306,0.506782,0.000000,20,,,,,,,,,
online-boutique,online-boutique-longmix-stageC-scale20-replica5-sinusoidal-steps500-20260612T140721Z,idyn-ob-scale20-replica5,scale20,replica5,adservice=5;cartservice=5;checkoutservice=5;currencyservice=5;emailservice=5;frontend=5;paymentservice=5;productcatalogservice=5;recommendationservice=5;redis-cart=1;shippingservice=5,sinusoidal,stageC,kubernetes-default,K8s default,265,265.000,replay,mixed,0.637016,0.093419,10,2.237120,0.000000,0.353500,0.359026,,,0.000000,0.008607,0.008607,9,10,0,81.224243,81.224243,81.224243,81.224243,120.000000,0.000000,142.823449,0.568704,0.000000,20,,,,,,,,,
online-boutique,online-boutique-longmix-stageC-scale20-replica5-sinusoidal-steps500-20260612T140721Z,idyn-ob-scale20-replica5,scale20,replica5,adservice=5;cartservice=5;checkoutservice=5;currencyservice=5;emailservice=5;frontend=5;paymentservice=5;productcatalogservice=5;recommendationservice=5;redis-cart=1;shippingservice=5,sinusoidal,stageC,cga,CGA,265,265.000,replay,mixed,0.637016,0.093419,10,2.237120,0.000000,0.353500,0.359026,,,0.000000,0.008607,0.008607,9,10,0,71.757300,71.757300,71.757300,71.757300,120.000000,0.000000,142.823449,0.502420,0.000000,20,,,,,,,,,
online-boutique,online-boutique-longmix-stageC-scale20-replica5-sinusoidal-steps500-20260612T140721Z,idyn-ob-scale20-replica5,scale20,replica5,adservice=5;cartservice=5;checkoutservice=5;currencyservice=5;emailservice=5;frontend=5;paymentservice=5;productcatalogservice=5;recommendationservice=5;redis-cart=1;shippingservice=5,sinusoidal,stageC,hda,HDA,265,265.000,replay,mixed,0.637016,0.093419,10,2.237120,0.000000,0.353500,0.359026,,,0.000000,0.008607,0.008607,9,10,0,76.104958,76.104958,76.104958,76.104958,120.000000,0.000000,142.823449,0.532860,0.000000,20,,,,,,,,,
online-boutique,online-boutique-longmix-stageC-scale20-replica5-sinusoidal-steps500-20260612T140721Z,idyn-ob-scale20-replica5,scale20,replica5,adservice=5;cartservice=5;checkoutservice=5;currencyservice=5;emailservice=5;frontend=5;paymentservice=5;productcatalogservice=5;recommendationservice=5;redis-cart=1;shippingservice=5,sinusoidal,stageC,kubernetes-default,K8s default,266,266.000,replay,mixed,0.632605,0.006108,10,2.232749,0.000000,0.353560,0.346957,,,0.000000,0.008637,0.008637,9,10,0,77.224095,77.224095,77.224095,77.224095,120.000000,0.000000,142.820726,0.540706,0.000000,20,,,,,,,,,
online-boutique,online-boutique-longmix-stageC-scale20-replica5-sinusoidal-steps500-20260612T140721Z,idyn-ob-scale20-replica5,scale20,replica5,adservice=5;cartservice=5;checkoutservice=5;currencyservice=5;emailservice=5;frontend=5;paymentservice=5;productcatalogservice=5;recommendationservice=5;redis-cart=1;shippingservice=5,sinusoidal,stageC,cga,CGA,266,266.000,replay,mixed,0.632605,0.006108,10,2.232749,0.000000,0.353560,0.346957,,,0.000000,0.008637,0.008637,9,10,0,69.211719,69.211719,69.211719,69.211719,120.000000,0.000000,142.820726,0.484606,0.000000,20,,,,,,,,,
online-boutique,online-boutique-longmix-stageC-scale20-replica5-sinusoidal-steps500-20260612T140721Z,idyn-ob-scale20-replica5,scale20,replica5,adservice=5;cartservice=5;checkoutservice=5;currencyservice=5;emailservice=5;frontend=5;paymentservice=5;productcatalogservice=5;recommendationservice=5;redis-cart=1;shippingservice=5,sinusoidal,stageC,hda,HDA,266,266.000,replay,mixed,0.632605,0.006108,10,2.232749,0.000000,0.353560,0.346957,,,0.000000,0.008637,0.008637,9,10,0,68.836814,68.836814,68.836814,68.836814,120.000000,0.000000,142.820726,0.481981,0.000000,20,,,,,,,,,
online-boutique,online-boutique-longmix-stageC-scale20-replica5-sinusoidal-steps500-20260612T140721Z,idyn-ob-scale20-replica5,scale20,replica5,adservice=5;cartservice=5;checkoutservice=5;currencyservice=5;emailservice=5;frontend=5;paymentservice=5;productcatalogservice=5;recommendationservice=5;redis-cart=1;shippingservice=5,sinusoidal,stageC,kubernetes-default,K8s default,267,267.000,replay,mixed,0.602558,0.046187,10,2.228352,0.000000,0.353603,0.334723,,,0.000000,0.008456,0.008456,9,10,0,78.527779,78.527779,78.527779,78.527779,120.000000,0.000000,142.817150,0.549848,0.000000,20,,,,,,,,,
online-boutique,online-boutique-longmix-stageC-scale20-replica5-sinusoidal-steps500-20260612T140721Z,idyn-ob-scale20-replica5,scale20,replica5,adservice=5;cartservice=5;checkoutservice=5;currencyservice=5;emailservice=5;frontend=5;paymentservice=5;productcatalogservice=5;recommendationservice=5;redis-cart=1;shippingservice=5,sinusoidal,stageC,cga,CGA,267,267.000,replay,mixed,0.602558,0.046187,10,2.228352,0.000000,0.353603,0.334723,,,0.000000,0.008456,0.008456,9,10,0,69.738953,69.738953,69.738953,69.738953,120.000000,0.000000,142.817150,0.488309,0.000000,20,,,,,,,,,
online-boutique,online-boutique-longmix-stageC-scale20-replica5-sinusoidal-steps500-20260612T140721Z,idyn-ob-scale20-replica5,scale20,replica5,adservice=5;cartservice=5;checkoutservice=5;currencyservice=5;emailservice=5;frontend=5;paymentservice=5;productcatalogservice=5;recommendationservice=5;redis-cart=1;shippingservice=5,sinusoidal,stageC,hda,HDA,267,267.000,replay,mixed,0.602558,0.046187,10,2.228352,0.000000,0.353603,0.334723,,,0.000000,0.008456,0.008456,9,10,0,68.799637,68.799637,68.799637,68.799637,120.000000,0.000000,142.817150,0.481732,0.000000,20,,,,,,,,,
online-boutique,online-boutique-longmix-stageC-scale20-replica5-sinusoidal-steps500-20260612T140721Z,idyn-ob-scale20-replica5,scale20,replica5,adservice=5;cartservice=5;checkoutservice=5;currencyservice=5;emailservice=5;frontend=5;paymentservice=5;productcatalogservice=5;recommendationservice=5;redis-cart=1;shippingservice=5,sinusoidal,stageC,kubernetes-default,K8s default,268,268.000,replay,mixed,0.614594,0.020922,10,2.223929,0.000000,0.353630,0.322340,,,0.000000,0.012313,0.012313,9,10,0,78.736119,78.736119,78.736119,78.736119,120.000000,0.000000,142.812731,0.551324,0.000000,20,,,,,,,,,
online-boutique,online-boutique-longmix-stageC-scale20-replica5-sinusoidal-steps500-20260612T140721Z,idyn-ob-scale20-replica5,scale20,replica5,adservice=5;cartservice=5;checkoutservice=5;currencyservice=5;emailservice=5;frontend=5;paymentservice=5;productcatalogservice=5;recommendationservice=5;redis-cart=1;shippingservice=5,sinusoidal,stageC,cga,CGA,268,268.000,replay,mixed,0.614594,0.020922,10,2.223929,0.000000,0.353630,0.322340,,,0.000000,0.012313,0.012313,9,10,0,73.836382,73.836382,73.836382,73.836382,120.000000,0.000000,142.812731,0.517015,0.000000,20,,,,,,,,,
online-boutique,online-boutique-longmix-stageC-scale20-replica5-sinusoidal-steps500-20260612T140721Z,idyn-ob-scale20-replica5,scale20,replica5,adservice=5;cartservice=5;checkoutservice=5;currencyservice=5;emailservice=5;frontend=5;paymentservice=5;productcatalogservice=5;recommendationservice=5;redis-cart=1;shippingservice=5,sinusoidal,stageC,hda,HDA,268,268.000,replay,mixed,0.614594,0.020922,10,2.223929,0.000000,0.353630,0.322340,,,0.000000,0.012313,0.012313,9,10,0,70.519329,70.519329,70.519329,70.519329,120.000000,0.000000,142.812731,0.493789,0.000000,20,,,,,,,,,
online-boutique,online-boutique-longmix-stageC-scale20-replica5-sinusoidal-steps500-20260612T140721Z,idyn-ob-scale20-replica5,scale20,replica5,adservice=5;cartservice=5;checkoutservice=5;currencyservice=5;emailservice=5;frontend=5;paymentservice=5;productcatalogservice=5;recommendationservice=5;redis-cart=1;shippingservice=5,sinusoidal,stageC,kubernetes-default,K8s default,269,269.000,replay,mixed,0.650618,0.056650,10,2.219480,0.000000,0.353640,0.309823,,,0.000000,0.009016,0.009016,9,10,0,81.030077,81.030077,81.030077,81.030077,120.000000,0.000000,142.807484,0.567408,0.000000,20,,,,,,,,,
online-boutique,online-boutique-longmix-stageC-scale20-replica5-sinusoidal-steps500-20260612T140721Z,idyn-ob-scale20-replica5,scale20,replica5,adservice=5;cartservice=5;checkoutservice=5;currencyservice=5;emailservice=5;frontend=5;paymentservice=5;productcatalogservice=5;recommendationservice=5;redis-cart=1;shippingservice=5,sinusoidal,stageC,cga,CGA,269,269.000,replay,mixed,0.650618,0.056650,10,2.219480,0.000000,0.353640,0.309823,,,0.000000,0.009016,0.009016,9,10,0,71.782204,71.782204,71.782204,71.782204,120.000000,0.000000,142.807484,0.502650,0.000000,20,,,,,,,,,
online-boutique,online-boutique-longmix-stageC-scale20-replica5-sinusoidal-steps500-20260612T140721Z,idyn-ob-scale20-replica5,scale20,replica5,adservice=5;cartservice=5;checkoutservice=5;currencyservice=5;emailservice=5;frontend=5;paymentservice=5;productcatalogservice=5;recommendationservice=5;redis-cart=1;shippingservice=5,sinusoidal,stageC,hda,HDA,269,269.000,replay,mixed,0.650618,0.056650,10,2.219480,0.000000,0.353640,0.309823,,,0.000000,0.009016,0.009016,9,10,0,71.032537,71.032537,71.032537,71.032537,120.000000,0.000000,142.807484,0.497401,0.000000,20,,,,,,,,,
online-boutique,online-boutique-longmix-stageC-scale20-replica5-sinusoidal-steps500-20260612T140721Z,idyn-ob-scale20-replica5,scale20,replica5,adservice=5;cartservice=5;checkoutservice=5;currencyservice=5;emailservice=5;frontend=5;paymentservice=5;productcatalogservice=5;recommendationservice=5;redis-cart=1;shippingservice=5,sinusoidal,stageC,kubernetes-default,K8s default,270,270.000,replay,mixed,0.608936,0.062801,10,2.215008,0.000000,0.353634,0.297188,,,0.000000,0.008505,0.008505,9,10,0,76.195114,76.195114,76.195114,76.195114,120.000000,0.000000,142.801420,0.533574,0.000000,20,,,,,,,,,
online-boutique,online-boutique-longmix-stageC-scale20-replica5-sinusoidal-steps500-20260612T140721Z,idyn-ob-scale20-replica5,scale20,replica5,adservice=5;cartservice=5;checkoutservice=5;currencyservice=5;emailservice=5;frontend=5;paymentservice=5;productcatalogservice=5;recommendationservice=5;redis-cart=1;shippingservice=5,sinusoidal,stageC,cga,CGA,270,270.000,replay,mixed,0.608936,0.062801,10,2.215008,0.000000,0.353634,0.297188,,,0.000000,0.008505,0.008505,9,10,0,74.240359,74.240359,74.240359,74.240359,120.000000,0.000000,142.801420,0.519885,0.000000,20,,,,,,,,,
online-boutique,online-boutique-longmix-stageC-scale20-replica5-sinusoidal-steps500-20260612T140721Z,idyn-ob-scale20-replica5,scale20,replica5,adservice=5;cartservice=5;checkoutservice=5;currencyservice=5;emailservice=5;frontend=5;paymentservice=5;productcatalogservice=5;recommendationservice=5;redis-cart=1;shippingservice=5,sinusoidal,stageC,hda,HDA,270,270.000,replay,mixed,0.608936,0.062801,10,2.215008,0.000000,0.353634,0.297188,,,0.000000,0.008505,0.008505,9,10,0,69.836399,69.836399,69.836399,69.836399,120.000000,0.000000,142.801420,0.489046,0.000000,20,,,,,,,,,
online-boutique,online-boutique-longmix-stageC-scale20-replica5-sinusoidal-steps500-20260612T140721Z,idyn-ob-scale20-replica5,scale20,replica5,adservice=5;cartservice=5;checkoutservice=5;currencyservice=5;emailservice=5;frontend=5;paymentservice=5;productcatalogservice=5;recommendationservice=5;redis-cart=1;shippingservice=5,sinusoidal,stageC,kubernetes-default,K8s default,271,271.000,replay,mixed,0.622081,0.022441,10,2.210513,0.000000,0.353612,0.284451,,,0.000000,0.008115,0.008115,9,10,0,76.206828,76.206828,76.206828,76.206828,120.000000,0.000000,142.794551,0.533682,0.000000,20,,,,,,,,,
online-boutique,online-boutique-longmix-stageC-scale20-replica5-sinusoidal-steps500-20260612T140721Z,idyn-ob-scale20-replica5,scale20,replica5,adservice=5;cartservice=5;checkoutservice=5;currencyservice=5;emailservice=5;frontend=5;paymentservice=5;productcatalogservice=5;recommendationservice=5;redis-cart=1;shippingservice=5,sinusoidal,stageC,cga,CGA,271,271.000,replay,mixed,0.622081,0.022441,10,2.210513,0.000000,0.353612,0.284451,,,0.000000,0.008115,0.008115,9,10,0,74.607038,74.607038,74.607038,74.607038,120.000000,0.000000,142.794551,0.522478,0.000000,20,,,,,,,,,
online-boutique,online-boutique-longmix-stageC-scale20-replica5-sinusoidal-steps500-20260612T140721Z,idyn-ob-scale20-replica5,scale20,replica5,adservice=5;cartservice=5;checkoutservice=5;currencyservice=5;emailservice=5;frontend=5;paymentservice=5;productcatalogservice=5;recommendationservice=5;redis-cart=1;shippingservice=5,sinusoidal,stageC,hda,HDA,271,271.000,replay,mixed,0.622081,0.022441,10,2.210513,0.000000,0.353612,0.284451,,,0.000000,0.008115,0.008115,9,10,0,71.981597,71.981597,71.981597,71.981597,120.000000,0.000000,142.794551,0.504092,0.000000,20,,,,,,,,,
online-boutique,online-boutique-longmix-stageC-scale20-replica5-sinusoidal-steps500-20260612T140721Z,idyn-ob-scale20-replica5,scale20,replica5,adservice=5;cartservice=5;checkoutservice=5;currencyservice=5;emailservice=5;frontend=5;paymentservice=5;productcatalogservice=5;recommendationservice=5;redis-cart=1;shippingservice=5,sinusoidal,stageC,kubernetes-default,K8s default,272,272.000,replay,mixed,0.630728,0.015021,10,2.205995,0.000000,0.353574,0.271631,,,0.000000,0.008225,0.008225,9,10,0,78.548784,78.548784,78.548784,78.548784,120.000000,0.000000,142.786890,0.550112,0.000000,20,,,,,,,,,
online-boutique,online-boutique-longmix-stageC-scale20-replica5-sinusoidal-steps500-20260612T140721Z,idyn-ob-scale20-replica5,scale20,replica5,adservice=5;cartservice=5;checkoutservice=5;currencyservice=5;emailservice=5;frontend=5;paymentservice=5;productcatalogservice=5;recommendationservice=5;redis-cart=1;shippingservice=5,sinusoidal,stageC,cga,CGA,272,272.000,replay,mixed,0.630728,0.015021,10,2.205995,0.000000,0.353574,0.271631,,,0.000000,0.008225,0.008225,9,10,0,67.086209,67.086209,67.086209,67.086209,120.000000,0.000000,142.786890,0.469835,0.000000,20,,,,,,,,,
online-boutique,online-boutique-longmix-stageC-scale20-replica5-sinusoidal-steps500-20260612T140721Z,idyn-ob-scale20-replica5,scale20,replica5,adservice=5;cartservice=5;checkoutservice=5;currencyservice=5;emailservice=5;frontend=5;paymentservice=5;productcatalogservice=5;recommendationservice=5;redis-cart=1;shippingservice=5,sinusoidal,stageC,hda,HDA,272,272.000,replay,mixed,0.630728,0.015021,10,2.205995,0.000000,0.353574,0.271631,,,0.000000,0.008225,0.008225,9,10,0,67.141613,67.141613,67.141613,67.141613,120.000000,0.000000,142.786890,0.470223,0.000000,20,,,,,,,,,
online-boutique,online-boutique-longmix-stageC-scale20-replica5-sinusoidal-steps500-20260612T140721Z,idyn-ob-scale20-replica5,scale20,replica5,adservice=5;cartservice=5;checkoutservice=5;currencyservice=5;emailservice=5;frontend=5;paymentservice=5;productcatalogservice=5;recommendationservice=5;redis-cart=1;shippingservice=5,sinusoidal,stageC,kubernetes-default,K8s default,273,273.000,replay,mixed,0.652451,0.034571,10,2.201456,0.000000,0.353522,0.258742,,,0.000000,0.008406,0.008406,9,10,0,83.296824,83.296824,83.296824,83.296824,120.000000,0.000000,142.778451,0.583399,0.000000,20,,,,,,,,,
online-boutique,online-boutique-longmix-stageC-scale20-replica5-sinusoidal-steps500-20260612T140721Z,idyn-ob-scale20-replica5,scale20,replica5,adservice=5;cartservice=5;checkoutservice=5;currencyservice=5;emailservice=5;frontend=5;paymentservice=5;productcatalogservice=5;recommendationservice=5;redis-cart=1;shippingservice=5,sinusoidal,stageC,cga,CGA,273,273.000,replay,mixed,0.652451,0.034571,10,2.201456,0.000000,0.353522,0.258742,,,0.000000,0.008406,0.008406,9,10,0,78.217776,78.217776,78.217776,78.217776,120.000000,0.000000,142.778451,0.547826,0.000000,20,,,,,,,,,
online-boutique,online-boutique-longmix-stageC-scale20-replica5-sinusoidal-steps500-20260612T140721Z,idyn-ob-scale20-replica5,scale20,replica5,adservice=5;cartservice=5;checkoutservice=5;currencyservice=5;emailservice=5;frontend=5;paymentservice=5;productcatalogservice=5;recommendationservice=5;redis-cart=1;shippingservice=5,sinusoidal,stageC,hda,HDA,273,273.000,replay,mixed,0.652451,0.034571,10,2.201456,0.000000,0.353522,0.258742,,,0.000000,0.008406,0.008406,9,10,0,67.697827,67.697827,67.697827,67.697827,120.000000,0.000000,142.778451,0.474146,0.000000,20,,,,,,,,,
online-boutique,online-boutique-longmix-stageC-scale20-replica5-sinusoidal-steps500-20260612T140721Z,idyn-ob-scale20-replica5,scale20,replica5,adservice=5;cartservice=5;checkoutservice=5;currencyservice=5;emailservice=5;frontend=5;paymentservice=5;productcatalogservice=5;recommendationservice=5;redis-cart=1;shippingservice=5,sinusoidal,stageC,kubernetes-default,K8s default,274,274.000,replay,mixed,0.641437,0.015591,10,2.196896,0.000000,0.353454,0.245804,,,0.000000,0.014867,0.014867,9,10,0,80.551385,80.551385,80.551385,80.551385,120.000000,0.000000,142.769245,0.564207,0.000000,20,,,,,,,,,
online-boutique,online-boutique-longmix-stageC-scale20-replica5-sinusoidal-steps500-20260612T140721Z,idyn-ob-scale20-replica5,scale20,replica5,adservice=5;cartservice=5;checkoutservice=5;currencyservice=5;emailservice=5;frontend=5;paymentservice=5;productcatalogservice=5;recommendationservice=5;redis-cart=1;shippingservice=5,sinusoidal,stageC,cga,CGA,274,274.000,replay,mixed,0.641437,0.015591,10,2.196896,0.000000,0.353454,0.245804,,,0.000000,0.014867,0.014867,9,10,0,75.477761,75.477761,75.477761,75.477761,120.000000,0.000000,142.769245,0.528670,0.000000,20,,,,,,,,,
online-boutique,online-boutique-longmix-stageC-scale20-replica5-sinusoidal-steps500-20260612T140721Z,idyn-ob-scale20-replica5,scale20,replica5,adservice=5;cartservice=5;checkoutservice=5;currencyservice=5;emailservice=5;frontend=5;paymentservice=5;productcatalogservice=5;recommendationservice=5;redis-cart=1;shippingservice=5,sinusoidal,stageC,hda,HDA,274,274.000,replay,mixed,0.641437,0.015591,10,2.196896,0.000000,0.353454,0.245804,,,0.000000,0.014867,0.014867,9,10,0,70.644618,70.644618,70.644618,70.644618,120.000000,0.000000,142.769245,0.494817,0.000000,20,,,,,,,,,
online-boutique,online-boutique-longmix-stageC-scale20-replica5-sinusoidal-steps500-20260612T140721Z,idyn-ob-scale20-replica5,scale20,replica5,adservice=5;cartservice=5;checkoutservice=5;currencyservice=5;emailservice=5;frontend=5;paymentservice=5;productcatalogservice=5;recommendationservice=5;redis-cart=1;shippingservice=5,sinusoidal,stageC,kubernetes-default,K8s default,275,275.000,replay,mixed,0.595205,0.094610,9,2.192317,0.000000,0.318044,0.078815,,,0.000000,0.011892,0.011892,8,9,0,82.631902,82.631902,82.631902,82.631902,120.000000,0.000000,142.759285,0.578820,0.000000,20,,,,,,,,,
online-boutique,online-boutique-longmix-stageC-scale20-replica5-sinusoidal-steps500-20260612T140721Z,idyn-ob-scale20-replica5,scale20,replica5,adservice=5;cartservice=5;checkoutservice=5;currencyservice=5;emailservice=5;frontend=5;paymentservice=5;productcatalogservice=5;recommendationservice=5;redis-cart=1;shippingservice=5,sinusoidal,stageC,cga,CGA,275,275.000,replay,mixed,0.595205,0.094610,9,2.192317,0.000000,0.318044,0.078815,,,0.000000,0.011892,0.011892,8,9,0,74.750852,74.750852,74.750852,74.750852,120.000000,0.000000,142.759285,0.523615,0.000000,20,,,,,,,,,
online-boutique,online-boutique-longmix-stageC-scale20-replica5-sinusoidal-steps500-20260612T140721Z,idyn-ob-scale20-replica5,scale20,replica5,adservice=5;cartservice=5;checkoutservice=5;currencyservice=5;emailservice=5;frontend=5;paymentservice=5;productcatalogservice=5;recommendationservice=5;redis-cart=1;shippingservice=5,sinusoidal,stageC,hda,HDA,275,275.000,replay,mixed,0.595205,0.094610,9,2.192317,0.000000,0.318044,0.078815,,,0.000000,0.011892,0.011892,8,9,0,68.148878,68.148878,68.148878,68.148878,120.000000,0.000000,142.759285,0.477369,0.000000,20,,,,,,,,,
online-boutique,online-boutique-longmix-stageC-scale20-replica5-sinusoidal-steps500-20260612T140721Z,idyn-ob-scale20-replica5,scale20,replica5,adservice=5;cartservice=5;checkoutservice=5;currencyservice=5;emailservice=5;frontend=5;paymentservice=5;productcatalogservice=5;recommendationservice=5;redis-cart=1;shippingservice=5,sinusoidal,stageC,kubernetes-default,K8s default,276,276.000,replay,mixed,0.663039,0.126375,10,2.187718,0.000000,0.353276,0.219845,,,0.000000,0.008346,0.008346,9,10,0,88.051193,88.051193,88.051193,88.051193,120.000000,0.000000,142.748585,0.616827,0.000000,20,,,,,,,,,
online-boutique,online-boutique-longmix-stageC-scale20-replica5-sinusoidal-steps500-20260612T140721Z,idyn-ob-scale20-replica5,scale20,replica5,adservice=5;cartservice=5;checkoutservice=5;currencyservice=5;emailservice=5;frontend=5;paymentservice=5;productcatalogservice=5;recommendationservice=5;redis-cart=1;shippingservice=5,sinusoidal,stageC,cga,CGA,276,276.000,replay,mixed,0.663039,0.126375,10,2.187718,0.000000,0.353276,0.219845,,,0.000000,0.008346,0.008346,9,10,0,80.084193,80.084193,80.084193,80.084193,120.000000,0.000000,142.748585,0.561016,0.000000,20,,,,,,,,,
online-boutique,online-boutique-longmix-stageC-scale20-replica5-sinusoidal-steps500-20260612T140721Z,idyn-ob-scale20-replica5,scale20,replica5,adservice=5;cartservice=5;checkoutservice=5;currencyservice=5;emailservice=5;frontend=5;paymentservice=5;productcatalogservice=5;recommendationservice=5;redis-cart=1;shippingservice=5,sinusoidal,stageC,hda,HDA,276,276.000,replay,mixed,0.663039,0.126375,10,2.187718,0.000000,0.353276,0.219845,,,0.000000,0.008346,0.008346,9,10,0,75.413435,75.413435,75.413435,75.413435,120.000000,0.000000,142.748585,0.528295,0.000000,20,,,,,,,,,
online-boutique,online-boutique-longmix-stageC-scale20-replica5-sinusoidal-steps500-20260612T140721Z,idyn-ob-scale20-replica5,scale20,replica5,adservice=5;cartservice=5;checkoutservice=5;currencyservice=5;emailservice=5;frontend=5;paymentservice=5;productcatalogservice=5;recommendationservice=5;redis-cart=1;shippingservice=5,sinusoidal,stageC,kubernetes-default,K8s default,277,277.000,replay,mixed,0.607368,0.105740,9,2.183102,0.000000,0.317032,0.050302,,,0.000000,0.008255,0.008255,8,9,0,85.393330,85.393330,85.393330,85.393330,120.000000,0.000000,142.737157,0.598256,0.000000,20,,,,,,,,,
online-boutique,online-boutique-longmix-stageC-scale20-replica5-sinusoidal-steps500-20260612T140721Z,idyn-ob-scale20-replica5,scale20,replica5,adservice=5;cartservice=5;checkoutservice=5;currencyservice=5;emailservice=5;frontend=5;paymentservice=5;productcatalogservice=5;recommendationservice=5;redis-cart=1;shippingservice=5,sinusoidal,stageC,cga,CGA,277,277.000,replay,mixed,0.607368,0.105740,9,2.183102,0.000000,0.317032,0.050302,,,0.000000,0.008255,0.008255,8,9,0,75.750001,75.750001,75.750001,75.750001,120.000000,0.000000,142.737157,0.530696,0.000000,20,,,,,,,,,
online-boutique,online-boutique-longmix-stageC-scale20-replica5-sinusoidal-steps500-20260612T140721Z,idyn-ob-scale20-replica5,scale20,replica5,adservice=5;cartservice=5;checkoutservice=5;currencyservice=5;emailservice=5;frontend=5;paymentservice=5;productcatalogservice=5;recommendationservice=5;redis-cart=1;shippingservice=5,sinusoidal,stageC,hda,HDA,277,277.000,replay,mixed,0.607368,0.105740,9,2.183102,0.000000,0.317032,0.050302,,,0.000000,0.008255,0.008255,8,9,0,74.601413,74.601413,74.601413,74.601413,120.000000,0.000000,142.737157,0.522649,0.000000,20,,,,,,,,,
online-boutique,online-boutique-longmix-stageC-scale20-replica5-sinusoidal-steps500-20260612T140721Z,idyn-ob-scale20-replica5,scale20,replica5,adservice=5;cartservice=5;checkoutservice=5;currencyservice=5;emailservice=5;frontend=5;paymentservice=5;productcatalogservice=5;recommendationservice=5;redis-cart=1;shippingservice=5,sinusoidal,stageC,kubernetes-default,K8s default,278,278.000,replay,mixed,0.599158,0.011998,9,2.178469,0.000000,0.316505,0.035995,,,0.000000,0.016581,0.016581,8,9,0,76.073647,76.073647,76.073647,76.073647,120.000000,0.000000,142.725014,0.533009,0.000000,20,,,,,,,,,
online-boutique,online-boutique-longmix-stageC-scale20-replica5-sinusoidal-steps500-20260612T140721Z,idyn-ob-scale20-replica5,scale20,replica5,adservice=5;cartservice=5;checkoutservice=5;currencyservice=5;emailservice=5;frontend=5;paymentservice=5;productcatalogservice=5;recommendationservice=5;redis-cart=1;shippingservice=5,sinusoidal,stageC,cga,CGA,278,278.000,replay,mixed,0.599158,0.011998,9,2.178469,0.000000,0.316505,0.035995,,,0.000000,0.016581,0.016581,8,9,0,66.981726,66.981726,66.981726,66.981726,120.000000,0.000000,142.725014,0.469306,0.000000,20,,,,,,,,,
online-boutique,online-boutique-longmix-stageC-scale20-replica5-sinusoidal-steps500-20260612T140721Z,idyn-ob-scale20-replica5,scale20,replica5,adservice=5;cartservice=5;checkoutservice=5;currencyservice=5;emailservice=5;frontend=5;paymentservice=5;productcatalogservice=5;recommendationservice=5;redis-cart=1;shippingservice=5,sinusoidal,stageC,hda,HDA,278,278.000,replay,mixed,0.599158,0.011998,9,2.178469,0.000000,0.316505,0.035995,,,0.000000,0.016581,0.016581,8,9,0,68.070835,68.070835,68.070835,68.070835,120.000000,0.000000,142.725014,0.476937,0.000000,20,,,,,,,,,
online-boutique,online-boutique-longmix-stageC-scale20-replica5-sinusoidal-steps500-20260612T140721Z,idyn-ob-scale20-replica5,scale20,replica5,adservice=5;cartservice=5;checkoutservice=5;currencyservice=5;emailservice=5;frontend=5;paymentservice=5;productcatalogservice=5;recommendationservice=5;redis-cart=1;shippingservice=5,sinusoidal,stageC,kubernetes-default,K8s default,279,279.000,replay,mixed,0.650738,0.103194,10,2.173820,0.000000,0.352902,0.180971,,,0.000000,0.008446,0.008446,9,10,0,78.424780,78.424780,78.424780,78.424780,120.000000,0.000000,142.712168,0.549531,0.000000,20,,,,,,,,,
online-boutique,online-boutique-longmix-stageC-scale20-replica5-sinusoidal-steps500-20260612T140721Z,idyn-ob-scale20-replica5,scale20,replica5,adservice=5;cartservice=5;checkoutservice=5;currencyservice=5;emailservice=5;frontend=5;paymentservice=5;productcatalogservice=5;recommendationservice=5;redis-cart=1;shippingservice=5,sinusoidal,stageC,cga,CGA,279,279.000,replay,mixed,0.650738,0.103194,10,2.173820,0.000000,0.352902,0.180971,,,0.000000,0.008446,0.008446,9,10,0,80.079028,80.079028,80.079028,80.079028,120.000000,0.000000,142.712168,0.561123,0.000000,20,,,,,,,,,
online-boutique,online-boutique-longmix-stageC-scale20-replica5-sinusoidal-steps500-20260612T140721Z,idyn-ob-scale20-replica5,scale20,replica5,adservice=5;cartservice=5;checkoutservice=5;currencyservice=5;emailservice=5;frontend=5;paymentservice=5;productcatalogservice=5;recommendationservice=5;redis-cart=1;shippingservice=5,sinusoidal,stageC,hda,HDA,279,279.000,replay,mixed,0.650738,0.103194,10,2.173820,0.000000,0.352902,0.180971,,,0.000000,0.008446,0.008446,9,10,0,74.897039,74.897039,74.897039,74.897039,120.000000,0.000000,142.712168,0.524812,0.000000,20,,,,,,,,,
online-boutique,online-boutique-longmix-stageC-scale20-replica5-sinusoidal-steps500-20260612T140721Z,idyn-ob-scale20-replica5,scale20,replica5,adservice=5;cartservice=5;checkoutservice=5;currencyservice=5;emailservice=5;frontend=5;paymentservice=5;productcatalogservice=5;recommendationservice=5;redis-cart=1;shippingservice=5,sinusoidal,stageC,kubernetes-default,K8s default,280,280.000,replay,mixed,0.593481,0.108980,9,2.169156,0.000000,0.315409,0.007383,,,0.000000,0.008536,0.008536,8,9,0,78.390789,78.390789,78.390789,78.390789,120.000000,0.000000,142.698633,0.549345,0.000000,20,,,,,,,,,
online-boutique,online-boutique-longmix-stageC-scale20-replica5-sinusoidal-steps500-20260612T140721Z,idyn-ob-scale20-replica5,scale20,replica5,adservice=5;cartservice=5;checkoutservice=5;currencyservice=5;emailservice=5;frontend=5;paymentservice=5;productcatalogservice=5;recommendationservice=5;redis-cart=1;shippingservice=5,sinusoidal,stageC,cga,CGA,280,280.000,replay,mixed,0.593481,0.108980,9,2.169156,0.000000,0.315409,0.007383,,,0.000000,0.008536,0.008536,8,9,0,71.615641,71.615641,71.615641,71.615641,120.000000,0.000000,142.698633,0.501866,0.000000,20,,,,,,,,,
online-boutique,online-boutique-longmix-stageC-scale20-replica5-sinusoidal-steps500-20260612T140721Z,idyn-ob-scale20-replica5,scale20,replica5,adservice=5;cartservice=5;checkoutservice=5;currencyservice=5;emailservice=5;frontend=5;paymentservice=5;productcatalogservice=5;recommendationservice=5;redis-cart=1;shippingservice=5,sinusoidal,stageC,hda,HDA,280,280.000,replay,mixed,0.593481,0.108980,9,2.169156,0.000000,0.315409,0.007383,,,0.000000,0.008536,0.008536,8,9,0,66.720962,66.720962,66.720962,66.720962,120.000000,0.000000,142.698633,0.467566,0.000000,20,,,,,,,,,
online-boutique,online-boutique-longmix-stageC-scale20-replica5-sinusoidal-steps500-20260612T140721Z,idyn-ob-scale20-replica5,scale20,replica5,adservice=5;cartservice=5;checkoutservice=5;currencyservice=5;emailservice=5;frontend=5;paymentservice=5;productcatalogservice=5;recommendationservice=5;redis-cart=1;shippingservice=5,sinusoidal,stageC,kubernetes-default,K8s default,281,281.000,replay,mixed,0.663331,0.128068,10,2.164478,0.000000,0.352586,0.155305,,,0.000000,0.011864,0.011864,9,10,0,86.102436,86.102436,86.102436,86.102436,120.000000,0.000000,142.684422,0.603447,0.000000,20,,,,,,,,,
online-boutique,online-boutique-longmix-stageC-scale20-replica5-sinusoidal-steps500-20260612T140721Z,idyn-ob-scale20-replica5,scale20,replica5,adservice=5;cartservice=5;checkoutservice=5;currencyservice=5;emailservice=5;frontend=5;paymentservice=5;productcatalogservice=5;recommendationservice=5;redis-cart=1;shippingservice=5,sinusoidal,stageC,cga,CGA,281,281.000,replay,mixed,0.663331,0.128068,10,2.164478,0.000000,0.352586,0.155305,,,0.000000,0.011864,0.011864,9,10,0,79.629389,79.629389,79.629389,79.629389,120.000000,0.000000,142.684422,0.558080,0.000000,20,,,,,,,,,
online-boutique,online-boutique-longmix-stageC-scale20-replica5-sinusoidal-steps500-20260612T140721Z,idyn-ob-scale20-replica5,scale20,replica5,adservice=5;cartservice=5;checkoutservice=5;currencyservice=5;emailservice=5;frontend=5;paymentservice=5;productcatalogservice=5;recommendationservice=5;redis-cart=1;shippingservice=5,sinusoidal,stageC,hda,HDA,281,281.000,replay,mixed,0.663331,0.128068,10,2.164478,0.000000,0.352586,0.155305,,,0.000000,0.011864,0.011864,9,10,0,73.091955,73.091955,73.091955,73.091955,120.000000,0.000000,142.684422,0.512263,0.000000,20,,,,,,,,,
online-boutique,online-boutique-longmix-stageC-scale20-replica5-sinusoidal-steps500-20260612T140721Z,idyn-ob-scale20-replica5,scale20,replica5,adservice=5;cartservice=5;checkoutservice=5;currencyservice=5;emailservice=5;frontend=5;paymentservice=5;productcatalogservice=5;recommendationservice=5;redis-cart=1;shippingservice=5,sinusoidal,stageC,kubernetes-default,K8s default,282,282.000,replay,mixed,0.666196,0.030130,9,2.159786,0.000000,0.314262,-0.021090,,,0.000000,0.008446,0.008446,8,9,0,72.908295,72.908295,72.908295,72.908295,120.000000,0.000000,142.669546,0.511029,0.000000,20,,,,,,,,,
online-boutique,online-boutique-longmix-stageC-scale20-replica5-sinusoidal-steps500-20260612T140721Z,idyn-ob-scale20-replica5,scale20,replica5,adservice=5;cartservice=5;checkoutservice=5;currencyservice=5;emailservice=5;frontend=5;paymentservice=5;productcatalogservice=5;recommendationservice=5;redis-cart=1;shippingservice=5,sinusoidal,stageC,cga,CGA,282,282.000,replay,mixed,0.666196,0.030130,9,2.159786,0.000000,0.314262,-0.021090,,,0.000000,0.008446,0.008446,8,9,0,71.193252,71.193252,71.193252,71.193252,120.000000,0.000000,142.669546,0.499008,0.000000,20,,,,,,,,,
online-boutique,online-boutique-longmix-stageC-scale20-replica5-sinusoidal-steps500-20260612T140721Z,idyn-ob-scale20-replica5,scale20,replica5,adservice=5;cartservice=5;checkoutservice=5;currencyservice=5;emailservice=5;frontend=5;paymentservice=5;productcatalogservice=5;recommendationservice=5;redis-cart=1;shippingservice=5,sinusoidal,stageC,hda,HDA,282,282.000,replay,mixed,0.666196,0.030130,9,2.159786,0.000000,0.314262,-0.021090,,,0.000000,0.008446,0.008446,8,9,0,70.747192,70.747192,70.747192,70.747192,120.000000,0.000000,142.669546,0.495882,0.000000,20,,,,,,,,,
online-boutique,online-boutique-longmix-stageC-scale20-replica5-sinusoidal-steps500-20260612T140721Z,idyn-ob-scale20-replica5,scale20,replica5,adservice=5;cartservice=5;checkoutservice=5;currencyservice=5;emailservice=5;frontend=5;paymentservice=5;productcatalogservice=5;recommendationservice=5;redis-cart=1;shippingservice=5,sinusoidal,stageC,kubernetes-default,K8s default,283,283.000,replay,mixed,0.632431,0.049277,9,2.155082,0.000000,0.313670,-0.035222,,,0.000000,0.007763,0.007763,8,9,0,79.261534,79.261534,79.261534,79.261534,120.000000,0.000000,142.654020,0.555621,0.000000,20,,,,,,,,,
online-boutique,online-boutique-longmix-stageC-scale20-replica5-sinusoidal-steps500-20260612T140721Z,idyn-ob-scale20-replica5,scale20,replica5,adservice=5;cartservice=5;checkoutservice=5;currencyservice=5;emailservice=5;frontend=5;paymentservice=5;productcatalogservice=5;recommendationservice=5;redis-cart=1;shippingservice=5,sinusoidal,stageC,cga,CGA,283,283.000,replay,mixed,0.632431,0.049277,9,2.155082,0.000000,0.313670,-0.035222,,,0.000000,0.007763,0.007763,8,9,0,72.119713,72.119713,72.119713,72.119713,120.000000,0.000000,142.654020,0.505557,0.000000,20,,,,,,,,,
online-boutique,online-boutique-longmix-stageC-scale20-replica5-sinusoidal-steps500-20260612T140721Z,idyn-ob-scale20-replica5,scale20,replica5,adservice=5;cartservice=5;checkoutservice=5;currencyservice=5;emailservice=5;frontend=5;paymentservice=5;productcatalogservice=5;recommendationservice=5;redis-cart=1;shippingservice=5,sinusoidal,stageC,hda,HDA,283,283.000,replay,mixed,0.632431,0.049277,9,2.155082,0.000000,0.313670,-0.035222,,,0.000000,0.007763,0.007763,8,9,0,70.656416,70.656416,70.656416,70.656416,120.000000,0.000000,142.654020,0.495299,0.000000,20,,,,,,,,,
online-boutique,online-boutique-longmix-stageC-scale20-replica5-sinusoidal-steps500-20260612T140721Z,idyn-ob-scale20-replica5,scale20,replica5,adservice=5;cartservice=5;checkoutservice=5;currencyservice=5;emailservice=5;frontend=5;paymentservice=5;productcatalogservice=5;recommendationservice=5;redis-cart=1;shippingservice=5,sinusoidal,stageC,kubernetes-default,K8s default,284,284.000,replay,mixed,0.615034,0.026078,9,2.150366,0.000000,0.313066,-0.049256,,,0.000000,0.007765,0.007765,8,9,0,76.906988,76.906988,76.906988,76.906988,120.000000,0.000000,142.637855,0.539177,0.000000,20,,,,,,,,,
online-boutique,online-boutique-longmix-stageC-scale20-replica5-sinusoidal-steps500-20260612T140721Z,idyn-ob-scale20-replica5,scale20,replica5,adservice=5;cartservice=5;checkoutservice=5;currencyservice=5;emailservice=5;frontend=5;paymentservice=5;productcatalogservice=5;recommendationservice=5;redis-cart=1;shippingservice=5,sinusoidal,stageC,cga,CGA,284,284.000,replay,mixed,0.615034,0.026078,9,2.150366,0.000000,0.313066,-0.049256,,,0.000000,0.007765,0.007765,8,9,0,70.451109,70.451109,70.451109,70.451109,120.000000,0.000000,142.637855,0.493916,0.000000,20,,,,,,,,,
online-boutique,online-boutique-longmix-stageC-scale20-replica5-sinusoidal-steps500-20260612T140721Z,idyn-ob-scale20-replica5,scale20,replica5,adservice=5;cartservice=5;checkoutservice=5;currencyservice=5;emailservice=5;frontend=5;paymentservice=5;productcatalogservice=5;recommendationservice=5;redis-cart=1;shippingservice=5,sinusoidal,stageC,hda,HDA,284,284.000,replay,mixed,0.615034,0.026078,9,2.150366,0.000000,0.313066,-0.049256,,,0.000000,0.007765,0.007765,8,9,0,67.082328,67.082328,67.082328,67.082328,120.000000,0.000000,142.637855,0.470298,0.000000,20,,,,,,,,,
online-boutique,online-boutique-longmix-stageC-scale20-replica5-sinusoidal-steps500-20260612T140721Z,idyn-ob-scale20-replica5,scale20,replica5,adservice=5;cartservice=5;checkoutservice=5;currencyservice=5;emailservice=5;frontend=5;paymentservice=5;productcatalogservice=5;recommendationservice=5;redis-cart=1;shippingservice=5,sinusoidal,stageC,kubernetes-default,K8s default,285,285.000,replay,mixed,0.622636,0.013646,9,2.145640,0.000000,0.312451,-0.063171,,,0.000000,0.008817,0.008817,8,9,0,75.819642,75.819642,75.819642,75.819642,120.000000,0.000000,142.621065,0.531616,0.000000,20,,,,,,,,,
online-boutique,online-boutique-longmix-stageC-scale20-replica5-sinusoidal-steps500-20260612T140721Z,idyn-ob-scale20-replica5,scale20,replica5,adservice=5;cartservice=5;checkoutservice=5;currencyservice=5;emailservice=5;frontend=5;paymentservice=5;productcatalogservice=5;recommendationservice=5;redis-cart=1;shippingservice=5,sinusoidal,stageC,cga,CGA,285,285.000,replay,mixed,0.622636,0.013646,9,2.145640,0.000000,0.312451,-0.063171,,,0.000000,0.008817,0.008817,8,9,0,73.445278,73.445278,73.445278,73.445278,120.000000,0.000000,142.621065,0.514968,0.000000,20,,,,,,,,,
online-boutique,online-boutique-longmix-stageC-scale20-replica5-sinusoidal-steps500-20260612T140721Z,idyn-ob-scale20-replica5,scale20,replica5,adservice=5;cartservice=5;checkoutservice=5;currencyservice=5;emailservice=5;frontend=5;paymentservice=5;productcatalogservice=5;recommendationservice=5;redis-cart=1;shippingservice=5,sinusoidal,stageC,hda,HDA,285,285.000,replay,mixed,0.622636,0.013646,9,2.145640,0.000000,0.312451,-0.063171,,,0.000000,0.008817,0.008817,8,9,0,73.167134,73.167134,73.167134,73.167134,120.000000,0.000000,142.621065,0.513018,0.000000,20,,,,,,,,,
online-boutique,online-boutique-longmix-stageC-scale20-replica5-sinusoidal-steps500-20260612T140721Z,idyn-ob-scale20-replica5,scale20,replica5,adservice=5;cartservice=5;checkoutservice=5;currencyservice=5;emailservice=5;frontend=5;paymentservice=5;productcatalogservice=5;recommendationservice=5;redis-cart=1;shippingservice=5,sinusoidal,stageC,kubernetes-default,K8s default,286,286.000,replay,mixed,0.662650,0.061738,9,2.140904,0.000000,0.311825,-0.076947,,,0.000000,0.013817,0.013817,8,9,0,78.582721,78.582721,78.582721,78.582721,120.000000,0.000000,142.603661,0.551057,0.000000,20,,,,,,,,,
online-boutique,online-boutique-longmix-stageC-scale20-replica5-sinusoidal-steps500-20260612T140721Z,idyn-ob-scale20-replica5,scale20,replica5,adservice=5;cartservice=5;checkoutservice=5;currencyservice=5;emailservice=5;frontend=5;paymentservice=5;productcatalogservice=5;recommendationservice=5;redis-cart=1;shippingservice=5,sinusoidal,stageC,cga,CGA,286,286.000,replay,mixed,0.662650,0.061738,9,2.140904,0.000000,0.311825,-0.076947,,,0.000000,0.013817,0.013817,8,9,0,75.009498,75.009498,75.009498,75.009498,120.000000,0.000000,142.603661,0.526000,0.000000,20,,,,,,,,,
online-boutique,online-boutique-longmix-stageC-scale20-replica5-sinusoidal-steps500-20260612T140721Z,idyn-ob-scale20-replica5,scale20,replica5,adservice=5;cartservice=5;checkoutservice=5;currencyservice=5;emailservice=5;frontend=5;paymentservice=5;productcatalogservice=5;recommendationservice=5;redis-cart=1;shippingservice=5,sinusoidal,stageC,hda,HDA,286,286.000,replay,mixed,0.662650,0.061738,9,2.140904,0.000000,0.311825,-0.076947,,,0.000000,0.013817,0.013817,8,9,0,67.650752,67.650752,67.650752,67.650752,120.000000,0.000000,142.603661,0.474397,0.000000,20,,,,,,,,,
online-boutique,online-boutique-longmix-stageC-scale20-replica5-sinusoidal-steps500-20260612T140721Z,idyn-ob-scale20-replica5,scale20,replica5,adservice=5;cartservice=5;checkoutservice=5;currencyservice=5;emailservice=5;frontend=5;paymentservice=5;productcatalogservice=5;recommendationservice=5;redis-cart=1;shippingservice=5,sinusoidal,stageC,kubernetes-default,K8s default,287,287.000,replay,mixed,0.664133,0.005011,9,2.136159,0.000000,0.311187,-0.090563,,,0.000000,0.008967,0.008967,8,9,0,78.440344,78.440344,78.440344,78.440344,120.000000,0.000000,142.585657,0.550128,0.000000,20,,,,,,,,,
online-boutique,online-boutique-longmix-stageC-scale20-replica5-sinusoidal-steps500-20260612T140721Z,idyn-ob-scale20-replica5,scale20,replica5,adservice=5;cartservice=5;checkoutservice=5;currencyservice=5;emailservice=5;frontend=5;paymentservice=5;productcatalogservice=5;recommendationservice=5;redis-cart=1;shippingservice=5,sinusoidal,stageC,cga,CGA,287,287.000,replay,mixed,0.664133,0.005011,9,2.136159,0.000000,0.311187,-0.090563,,,0.000000,0.008967,0.008967,8,9,0,73.646362,73.646362,73.646362,73.646362,120.000000,0.000000,142.585657,0.516506,0.000000,20,,,,,,,,,
online-boutique,online-boutique-longmix-stageC-scale20-replica5-sinusoidal-steps500-20260612T140721Z,idyn-ob-scale20-replica5,scale20,replica5,adservice=5;cartservice=5;checkoutservice=5;currencyservice=5;emailservice=5;frontend=5;paymentservice=5;productcatalogservice=5;recommendationservice=5;redis-cart=1;shippingservice=5,sinusoidal,stageC,hda,HDA,287,287.000,replay,mixed,0.664133,0.005011,9,2.136159,0.000000,0.311187,-0.090563,,,0.000000,0.008967,0.008967,8,9,0,69.421726,69.421726,69.421726,69.421726,120.000000,0.000000,142.585657,0.486877,0.000000,20,,,,,,,,,
online-boutique,online-boutique-longmix-stageC-scale20-replica5-sinusoidal-steps500-20260612T140721Z,idyn-ob-scale20-replica5,scale20,replica5,adservice=5;cartservice=5;checkoutservice=5;currencyservice=5;emailservice=5;frontend=5;paymentservice=5;productcatalogservice=5;recommendationservice=5;redis-cart=1;shippingservice=5,sinusoidal,stageC,kubernetes-default,K8s default,288,288.000,replay,mixed,0.643957,0.029005,9,2.131406,0.000000,0.310540,-0.103999,,,0.000000,0.012113,0.012113,8,9,0,79.295171,79.295171,79.295171,79.295171,120.000000,0.000000,142.567065,0.556196,0.000000,20,,,,,,,,,
online-boutique,online-boutique-longmix-stageC-scale20-replica5-sinusoidal-steps500-20260612T140721Z,idyn-ob-scale20-replica5,scale20,replica5,adservice=5;cartservice=5;checkoutservice=5;currencyservice=5;emailservice=5;frontend=5;paymentservice=5;productcatalogservice=5;recommendationservice=5;redis-cart=1;shippingservice=5,sinusoidal,stageC,cga,CGA,288,288.000,replay,mixed,0.643957,0.029005,9,2.131406,0.000000,0.310540,-0.103999,,,0.000000,0.012113,0.012113,8,9,0,77.341853,77.341853,77.341853,77.341853,120.000000,0.000000,142.567065,0.542495,0.000000,20,,,,,,,,,
online-boutique,online-boutique-longmix-stageC-scale20-replica5-sinusoidal-steps500-20260612T140721Z,idyn-ob-scale20-replica5,scale20,replica5,adservice=5;cartservice=5;checkoutservice=5;currencyservice=5;emailservice=5;frontend=5;paymentservice=5;productcatalogservice=5;recommendationservice=5;redis-cart=1;shippingservice=5,sinusoidal,stageC,hda,HDA,288,288.000,replay,mixed,0.643957,0.029005,9,2.131406,0.000000,0.310540,-0.103999,,,0.000000,0.012113,0.012113,8,9,0,65.451331,65.451331,65.451331,65.451331,120.000000,0.000000,142.567065,0.459092,0.000000,20,,,,,,,,,
online-boutique,online-boutique-longmix-stageC-scale20-replica5-sinusoidal-steps500-20260612T140721Z,idyn-ob-scale20-replica5,scale20,replica5,adservice=5;cartservice=5;checkoutservice=5;currencyservice=5;emailservice=5;frontend=5;paymentservice=5;productcatalogservice=5;recommendationservice=5;redis-cart=1;shippingservice=5,sinusoidal,stageC,kubernetes-default,K8s default,289,289.000,replay,mixed,0.637178,0.009138,9,2.126645,0.000000,0.309882,-0.117234,,,0.000000,0.011992,0.011992,8,9,0,76.502641,76.502641,76.502641,76.502641,120.000000,0.000000,142.547897,0.536680,0.000000,20,,,,,,,,,
online-boutique,online-boutique-longmix-stageC-scale20-replica5-sinusoidal-steps500-20260612T140721Z,idyn-ob-scale20-replica5,scale20,replica5,adservice=5;cartservice=5;checkoutservice=5;currencyservice=5;emailservice=5;frontend=5;paymentservice=5;productcatalogservice=5;recommendationservice=5;redis-cart=1;shippingservice=5,sinusoidal,stageC,cga,CGA,289,289.000,replay,mixed,0.637178,0.009138,9,2.126645,0.000000,0.309882,-0.117234,,,0.000000,0.011992,0.011992,8,9,0,76.656792,76.656792,76.656792,76.656792,120.000000,0.000000,142.547897,0.537762,0.000000,20,,,,,,,,,
online-boutique,online-boutique-longmix-stageC-scale20-replica5-sinusoidal-steps500-20260612T140721Z,idyn-ob-scale20-replica5,scale20,replica5,adservice=5;cartservice=5;checkoutservice=5;currencyservice=5;emailservice=5;frontend=5;paymentservice=5;productcatalogservice=5;recommendationservice=5;redis-cart=1;shippingservice=5,sinusoidal,stageC,hda,HDA,289,289.000,replay,mixed,0.637178,0.009138,9,2.126645,0.000000,0.309882,-0.117234,,,0.000000,0.011992,0.011992,8,9,0,69.291932,69.291932,69.291932,69.291932,120.000000,0.000000,142.547897,0.486096,0.000000,20,,,,,,,,,
online-boutique,online-boutique-longmix-stageC-scale20-replica5-sinusoidal-steps500-20260612T140721Z,idyn-ob-scale20-replica5,scale20,replica5,adservice=5;cartservice=5;checkoutservice=5;currencyservice=5;emailservice=5;frontend=5;paymentservice=5;productcatalogservice=5;recommendationservice=5;redis-cart=1;shippingservice=5,sinusoidal,stageC,kubernetes-default,K8s default,290,290.000,replay,mixed,0.629292,0.036066,8,2.121878,0.000000,0.257911,-0.320700,,,0.000000,0.008085,0.008085,8,8,0,80.653796,80.653796,80.653796,80.653796,120.000000,0.000000,142.528166,0.565880,0.000000,20,,,,,,,,,
online-boutique,online-boutique-longmix-stageC-scale20-replica5-sinusoidal-steps500-20260612T140721Z,idyn-ob-scale20-replica5,scale20,replica5,adservice=5;cartservice=5;checkoutservice=5;currencyservice=5;emailservice=5;frontend=5;paymentservice=5;productcatalogservice=5;recommendationservice=5;redis-cart=1;shippingservice=5,sinusoidal,stageC,cga,CGA,290,290.000,replay,mixed,0.629292,0.036066,8,2.121878,0.000000,0.257911,-0.320700,,,0.000000,0.008085,0.008085,8,8,0,71.580846,71.580846,71.580846,71.580846,120.000000,0.000000,142.528166,0.502222,0.000000,20,,,,,,,,,
online-boutique,online-boutique-longmix-stageC-scale20-replica5-sinusoidal-steps500-20260612T140721Z,idyn-ob-scale20-replica5,scale20,replica5,adservice=5;cartservice=5;checkoutservice=5;currencyservice=5;emailservice=5;frontend=5;paymentservice=5;productcatalogservice=5;recommendationservice=5;redis-cart=1;shippingservice=5,sinusoidal,stageC,hda,HDA,290,290.000,replay,mixed,0.629292,0.036066,8,2.121878,0.000000,0.257911,-0.320700,,,0.000000,0.008085,0.008085,8,8,0,66.418311,66.418311,66.418311,66.418311,120.000000,0.000000,142.528166,0.466001,0.000000,20,,,,,,,,,
online-boutique,online-boutique-longmix-stageC-scale20-replica5-sinusoidal-steps500-20260612T140721Z,idyn-ob-scale20-replica5,scale20,replica5,adservice=5;cartservice=5;checkoutservice=5;currencyservice=5;emailservice=5;frontend=5;paymentservice=5;productcatalogservice=5;recommendationservice=5;redis-cart=1;shippingservice=5,sinusoidal,stageC,kubernetes-default,K8s default,291,291.000,replay,mixed,0.579142,0.078147,8,2.117106,0.000000,0.256712,-0.335516,,,0.000000,0.009467,0.009467,8,8,0,75.533834,75.533834,75.533834,75.533834,120.000000,0.000000,142.507884,0.530033,0.000000,20,,,,,,,,,
online-boutique,online-boutique-longmix-stageC-scale20-replica5-sinusoidal-steps500-20260612T140721Z,idyn-ob-scale20-replica5,scale20,replica5,adservice=5;cartservice=5;checkoutservice=5;currencyservice=5;emailservice=5;frontend=5;paymentservice=5;productcatalogservice=5;recommendationservice=5;redis-cart=1;shippingservice=5,sinusoidal,stageC,cga,CGA,291,291.000,replay,mixed,0.579142,0.078147,8,2.117106,0.000000,0.256712,-0.335516,,,0.000000,0.009467,0.009467,8,8,0,75.377814,75.377814,75.377814,75.377814,120.000000,0.000000,142.507884,0.528938,0.000000,20,,,,,,,,,
online-boutique,online-boutique-longmix-stageC-scale20-replica5-sinusoidal-steps500-20260612T140721Z,idyn-ob-scale20-replica5,scale20,replica5,adservice=5;cartservice=5;checkoutservice=5;currencyservice=5;emailservice=5;frontend=5;paymentservice=5;productcatalogservice=5;recommendationservice=5;redis-cart=1;shippingservice=5,sinusoidal,stageC,hda,HDA,291,291.000,replay,mixed,0.579142,0.078147,8,2.117106,0.000000,0.256712,-0.335516,,,0.000000,0.009467,0.009467,8,8,0,74.041858,74.041858,74.041858,74.041858,120.000000,0.000000,142.507884,0.519563,0.000000,20,,,,,,,,,
online-boutique,online-boutique-longmix-stageC-scale20-replica5-sinusoidal-steps500-20260612T140721Z,idyn-ob-scale20-replica5,scale20,replica5,adservice=5;cartservice=5;checkoutservice=5;currencyservice=5;emailservice=5;frontend=5;paymentservice=5;productcatalogservice=5;recommendationservice=5;redis-cart=1;shippingservice=5,sinusoidal,stageC,kubernetes-default,K8s default,292,292.000,replay,mixed,0.584578,0.011013,8,2.112328,0.000000,0.255506,-0.350082,,,0.000000,0.012292,0.012292,8,8,0,79.613016,79.613016,79.613016,79.613016,120.000000,0.000000,142.487062,0.558739,0.000000,20,,,,,,,,,
online-boutique,online-boutique-longmix-stageC-scale20-replica5-sinusoidal-steps500-20260612T140721Z,idyn-ob-scale20-replica5,scale20,replica5,adservice=5;cartservice=5;checkoutservice=5;currencyservice=5;emailservice=5;frontend=5;paymentservice=5;productcatalogservice=5;recommendationservice=5;redis-cart=1;shippingservice=5,sinusoidal,stageC,cga,CGA,292,292.000,replay,mixed,0.584578,0.011013,8,2.112328,0.000000,0.255506,-0.350082,,,0.000000,0.012292,0.012292,8,8,0,69.875175,69.875175,69.875175,69.875175,120.000000,0.000000,142.487062,0.490397,0.000000,20,,,,,,,,,
online-boutique,online-boutique-longmix-stageC-scale20-replica5-sinusoidal-steps500-20260612T140721Z,idyn-ob-scale20-replica5,scale20,replica5,adservice=5;cartservice=5;checkoutservice=5;currencyservice=5;emailservice=5;frontend=5;paymentservice=5;productcatalogservice=5;recommendationservice=5;redis-cart=1;shippingservice=5,sinusoidal,stageC,hda,HDA,292,292.000,replay,mixed,0.584578,0.011013,8,2.112328,0.000000,0.255506,-0.350082,,,0.000000,0.012292,0.012292,8,8,0,65.480304,65.480304,65.480304,65.480304,120.000000,0.000000,142.487062,0.459553,0.000000,20,,,,,,,,,
online-boutique,online-boutique-longmix-stageC-scale20-replica5-sinusoidal-steps500-20260612T140721Z,idyn-ob-scale20-replica5,scale20,replica5,adservice=5;cartservice=5;checkoutservice=5;currencyservice=5;emailservice=5;frontend=5;paymentservice=5;productcatalogservice=5;recommendationservice=5;redis-cart=1;shippingservice=5,sinusoidal,stageC,kubernetes-default,K8s default,293,293.000,replay,mixed,0.614360,0.050041,8,2.107547,0.000000,0.254383,-0.364370,,,0.000000,0.008365,0.008365,8,8,0,80.965727,80.965727,80.965727,80.965727,120.000000,0.000000,142.465713,0.568317,0.000000,20,,,,,,,,,
online-boutique,online-boutique-longmix-stageC-scale20-replica5-sinusoidal-steps500-20260612T140721Z,idyn-ob-scale20-replica5,scale20,replica5,adservice=5;cartservice=5;checkoutservice=5;currencyservice=5;emailservice=5;frontend=5;paymentservice=5;productcatalogservice=5;recommendationservice=5;redis-cart=1;shippingservice=5,sinusoidal,stageC,cga,CGA,293,293.000,replay,mixed,0.614360,0.050041,8,2.107547,0.000000,0.254383,-0.364370,,,0.000000,0.008365,0.008365,8,8,0,73.434854,73.434854,73.434854,73.434854,120.000000,0.000000,142.465713,0.515456,0.000000,20,,,,,,,,,
online-boutique,online-boutique-longmix-stageC-scale20-replica5-sinusoidal-steps500-20260612T140721Z,idyn-ob-scale20-replica5,scale20,replica5,adservice=5;cartservice=5;checkoutservice=5;currencyservice=5;emailservice=5;frontend=5;paymentservice=5;productcatalogservice=5;recommendationservice=5;redis-cart=1;shippingservice=5,sinusoidal,stageC,hda,HDA,293,293.000,replay,mixed,0.614360,0.050041,8,2.107547,0.000000,0.254383,-0.364370,,,0.000000,0.008365,0.008365,8,8,0,70.286824,70.286824,70.286824,70.286824,120.000000,0.000000,142.465713,0.493360,0.000000,20,,,,,,,,,
online-boutique,online-boutique-longmix-stageC-scale20-replica5-sinusoidal-steps500-20260612T140721Z,idyn-ob-scale20-replica5,scale20,replica5,adservice=5;cartservice=5;checkoutservice=5;currencyservice=5;emailservice=5;frontend=5;paymentservice=5;productcatalogservice=5;recommendationservice=5;redis-cart=1;shippingservice=5,sinusoidal,stageC,kubernetes-default,K8s default,294,294.000,replay,mixed,0.627407,0.022391,8,2.102762,0.000000,0.253550,-0.378353,,,0.000000,0.008095,0.008095,8,8,0,73.907307,73.907307,73.907307,73.907307,120.000000,0.000000,142.443849,0.518852,0.000000,20,,,,,,,,,
online-boutique,online-boutique-longmix-stageC-scale20-replica5-sinusoidal-steps500-20260612T140721Z,idyn-ob-scale20-replica5,scale20,replica5,adservice=5;cartservice=5;checkoutservice=5;currencyservice=5;emailservice=5;frontend=5;paymentservice=5;productcatalogservice=5;recommendationservice=5;redis-cart=1;shippingservice=5,sinusoidal,stageC,cga,CGA,294,294.000,replay,mixed,0.627407,0.022391,8,2.102762,0.000000,0.253550,-0.378353,,,0.000000,0.008095,0.008095,8,8,0,72.024468,72.024468,72.024468,72.024468,120.000000,0.000000,142.443849,0.505634,0.000000,20,,,,,,,,,
online-boutique,online-boutique-longmix-stageC-scale20-replica5-sinusoidal-steps500-20260612T140721Z,idyn-ob-scale20-replica5,scale20,replica5,adservice=5;cartservice=5;checkoutservice=5;currencyservice=5;emailservice=5;frontend=5;paymentservice=5;productcatalogservice=5;recommendationservice=5;redis-cart=1;shippingservice=5,sinusoidal,stageC,hda,HDA,294,294.000,replay,mixed,0.627407,0.022391,8,2.102762,0.000000,0.253550,-0.378353,,,0.000000,0.008095,0.008095,8,8,0,71.663034,71.663034,71.663034,71.663034,120.000000,0.000000,142.443849,0.503097,0.000000,20,,,,,,,,,
online-boutique,online-boutique-longmix-stageC-scale20-replica5-sinusoidal-steps500-20260612T140721Z,idyn-ob-scale20-replica5,scale20,replica5,adservice=5;cartservice=5;checkoutservice=5;currencyservice=5;emailservice=5;frontend=5;paymentservice=5;productcatalogservice=5;recommendationservice=5;redis-cart=1;shippingservice=5,sinusoidal,stageC,kubernetes-default,K8s default,295,295.000,replay,mixed,0.607406,0.030313,8,2.097974,0.000000,0.252767,-0.392005,,,0.000000,0.012333,0.012333,8,8,0,76.342699,76.342699,76.342699,76.342699,120.000000,0.000000,142.421482,0.536034,0.000000,20,,,,,,,,,
online-boutique,online-boutique-longmix-stageC-scale20-replica5-sinusoidal-steps500-20260612T140721Z,idyn-ob-scale20-replica5,scale20,replica5,adservice=5;cartservice=5;checkoutservice=5;currencyservice=5;emailservice=5;frontend=5;paymentservice=5;productcatalogservice=5;recommendationservice=5;redis-cart=1;shippingservice=5,sinusoidal,stageC,cga,CGA,295,295.000,replay,mixed,0.607406,0.030313,8,2.097974,0.000000,0.252767,-0.392005,,,0.000000,0.012333,0.012333,8,8,0,72.310818,72.310818,72.310818,72.310818,120.000000,0.000000,142.421482,0.507724,0.000000,20,,,,,,,,,
online-boutique,online-boutique-longmix-stageC-scale20-replica5-sinusoidal-steps500-20260612T140721Z,idyn-ob-scale20-replica5,scale20,replica5,adservice=5;cartservice=5;checkoutservice=5;currencyservice=5;emailservice=5;frontend=5;paymentservice=5;productcatalogservice=5;recommendationservice=5;redis-cart=1;shippingservice=5,sinusoidal,stageC,hda,HDA,295,295.000,replay,mixed,0.607406,0.030313,8,2.097974,0.000000,0.252767,-0.392005,,,0.000000,0.012333,0.012333,8,8,0,67.445677,67.445677,67.445677,67.445677,120.000000,0.000000,142.421482,0.473564,0.000000,20,,,,,,,,,
online-boutique,online-boutique-longmix-stageC-scale20-replica5-sinusoidal-steps500-20260612T140721Z,idyn-ob-scale20-replica5,scale20,replica5,adservice=5;cartservice=5;checkoutservice=5;currencyservice=5;emailservice=5;frontend=5;paymentservice=5;productcatalogservice=5;recommendationservice=5;redis-cart=1;shippingservice=5,sinusoidal,stageC,kubernetes-default,K8s default,296,296.000,replay,mixed,0.656013,0.075574,8,2.093185,0.000000,0.252355,-0.405301,,,0.000000,0.008386,0.008386,8,8,0,79.275729,79.275729,79.275729,79.275729,120.000000,0.000000,142.398623,0.556717,0.000000,20,,,,,,,,,
online-boutique,online-boutique-longmix-stageC-scale20-replica5-sinusoidal-steps500-20260612T140721Z,idyn-ob-scale20-replica5,scale20,replica5,adservice=5;cartservice=5;checkoutservice=5;currencyservice=5;emailservice=5;frontend=5;paymentservice=5;productcatalogservice=5;recommendationservice=5;redis-cart=1;shippingservice=5,sinusoidal,stageC,cga,CGA,296,296.000,replay,mixed,0.656013,0.075574,8,2.093185,0.000000,0.252355,-0.405301,,,0.000000,0.008386,0.008386,8,8,0,73.839967,73.839967,73.839967,73.839967,120.000000,0.000000,142.398623,0.518544,0.000000,20,,,,,,,,,
online-boutique,online-boutique-longmix-stageC-scale20-replica5-sinusoidal-steps500-20260612T140721Z,idyn-ob-scale20-replica5,scale20,replica5,adservice=5;cartservice=5;checkoutservice=5;currencyservice=5;emailservice=5;frontend=5;paymentservice=5;productcatalogservice=5;recommendationservice=5;redis-cart=1;shippingservice=5,sinusoidal,stageC,hda,HDA,296,296.000,replay,mixed,0.656013,0.075574,8,2.093185,0.000000,0.252355,-0.405301,,,0.000000,0.008386,0.008386,8,8,0,69.725600,69.725600,69.725600,69.725600,120.000000,0.000000,142.398623,0.489651,0.000000,20,,,,,,,,,
online-boutique,online-boutique-longmix-stageC-scale20-replica5-sinusoidal-steps500-20260612T140721Z,idyn-ob-scale20-replica5,scale20,replica5,adservice=5;cartservice=5;checkoutservice=5;currencyservice=5;emailservice=5;frontend=5;paymentservice=5;productcatalogservice=5;recommendationservice=5;redis-cart=1;shippingservice=5,sinusoidal,stageC,kubernetes-default,K8s default,297,297.000,replay,mixed,0.647669,0.011155,8,2.088394,0.000000,0.251939,-0.418215,,,0.000000,0.024536,0.024536,8,8,0,78.451664,78.451664,78.451664,78.451664,120.000000,0.000000,142.375284,0.551020,0.000000,20,,,,,,,,,
online-boutique,online-boutique-longmix-stageC-scale20-replica5-sinusoidal-steps500-20260612T140721Z,idyn-ob-scale20-replica5,scale20,replica5,adservice=5;cartservice=5;checkoutservice=5;currencyservice=5;emailservice=5;frontend=5;paymentservice=5;productcatalogservice=5;recommendationservice=5;redis-cart=1;shippingservice=5,sinusoidal,stageC,cga,CGA,297,297.000,replay,mixed,0.647669,0.011155,8,2.088394,0.000000,0.251939,-0.418215,,,0.000000,0.024536,0.024536,8,8,0,72.943374,72.943374,72.943374,72.943374,120.000000,0.000000,142.375284,0.512332,0.000000,20,,,,,,,,,
online-boutique,online-boutique-longmix-stageC-scale20-replica5-sinusoidal-steps500-20260612T140721Z,idyn-ob-scale20-replica5,scale20,replica5,adservice=5;cartservice=5;checkoutservice=5;currencyservice=5;emailservice=5;frontend=5;paymentservice=5;productcatalogservice=5;recommendationservice=5;redis-cart=1;shippingservice=5,sinusoidal,stageC,hda,HDA,297,297.000,replay,mixed,0.647669,0.011155,8,2.088394,0.000000,0.251939,-0.418215,,,0.000000,0.024536,0.024536,8,8,0,69.064221,69.064221,69.064221,69.064221,120.000000,0.000000,142.375284,0.485086,0.000000,20,,,,,,,,,
online-boutique,online-boutique-longmix-stageC-scale20-replica5-sinusoidal-steps500-20260612T140721Z,idyn-ob-scale20-replica5,scale20,replica5,adservice=5;cartservice=5;checkoutservice=5;currencyservice=5;emailservice=5;frontend=5;paymentservice=5;productcatalogservice=5;recommendationservice=5;redis-cart=1;shippingservice=5,sinusoidal,stageC,kubernetes-default,K8s default,298,298.000,replay,mixed,0.602926,0.067622,8,2.083603,0.000000,0.251519,-0.430724,,,0.000000,0.015199,0.015199,8,8,0,80.139315,80.139315,80.139315,80.139315,120.000000,0.000000,142.351476,0.562968,0.000000,20,,,,,,,,,
online-boutique,online-boutique-longmix-stageC-scale20-replica5-sinusoidal-steps500-20260612T140721Z,idyn-ob-scale20-replica5,scale20,replica5,adservice=5;cartservice=5;checkoutservice=5;currencyservice=5;emailservice=5;frontend=5;paymentservice=5;productcatalogservice=5;recommendationservice=5;redis-cart=1;shippingservice=5,sinusoidal,stageC,cga,CGA,298,298.000,replay,mixed,0.602926,0.067622,8,2.083603,0.000000,0.251519,-0.430724,,,0.000000,0.015199,0.015199,8,8,0,71.802550,71.802550,71.802550,71.802550,120.000000,0.000000,142.351476,0.504403,0.000000,20,,,,,,,,,
online-boutique,online-boutique-longmix-stageC-scale20-replica5-sinusoidal-steps500-20260612T140721Z,idyn-ob-scale20-replica5,scale20,replica5,adservice=5;cartservice=5;checkoutservice=5;currencyservice=5;emailservice=5;frontend=5;paymentservice=5;productcatalogservice=5;recommendationservice=5;redis-cart=1;shippingservice=5,sinusoidal,stageC,hda,HDA,298,298.000,replay,mixed,0.602926,0.067622,8,2.083603,0.000000,0.251519,-0.430724,,,0.000000,0.015199,0.015199,8,8,0,67.977058,67.977058,67.977058,67.977058,120.000000,0.000000,142.351476,0.477530,0.000000,20,,,,,,,,,
online-boutique,online-boutique-longmix-stageC-scale20-replica5-sinusoidal-steps500-20260612T140721Z,idyn-ob-scale20-replica5,scale20,replica5,adservice=5;cartservice=5;checkoutservice=5;currencyservice=5;emailservice=5;frontend=5;paymentservice=5;productcatalogservice=5;recommendationservice=5;redis-cart=1;shippingservice=5,sinusoidal,stageC,kubernetes-default,K8s default,299,299.000,replay,mixed,0.638439,0.057088,8,2.078812,0.000000,0.251094,-0.442805,,,0.000000,0.013906,0.013906,8,8,0,81.309185,81.309185,81.309185,81.309185,120.000000,0.000000,142.327210,0.571283,0.000000,20,,,,,,,,,
online-boutique,online-boutique-longmix-stageC-scale20-replica5-sinusoidal-steps500-20260612T140721Z,idyn-ob-scale20-replica5,scale20,replica5,adservice=5;cartservice=5;checkoutservice=5;currencyservice=5;emailservice=5;frontend=5;paymentservice=5;productcatalogservice=5;recommendationservice=5;redis-cart=1;shippingservice=5,sinusoidal,stageC,cga,CGA,299,299.000,replay,mixed,0.638439,0.057088,8,2.078812,0.000000,0.251094,-0.442805,,,0.000000,0.013906,0.013906,8,8,0,75.802879,75.802879,75.802879,75.802879,120.000000,0.000000,142.327210,0.532596,0.000000,20,,,,,,,,,
online-boutique,online-boutique-longmix-stageC-scale20-replica5-sinusoidal-steps500-20260612T140721Z,idyn-ob-scale20-replica5,scale20,replica5,adservice=5;cartservice=5;checkoutservice=5;currencyservice=5;emailservice=5;frontend=5;paymentservice=5;productcatalogservice=5;recommendationservice=5;redis-cart=1;shippingservice=5,sinusoidal,stageC,hda,HDA,299,299.000,replay,mixed,0.638439,0.057088,8,2.078812,0.000000,0.251094,-0.442805,,,0.000000,0.013906,0.013906,8,8,0,66.166791,66.166791,66.166791,66.166791,120.000000,0.000000,142.327210,0.464892,0.000000,20,,,,,,,,,
online-boutique,online-boutique-longmix-stageC-scale20-replica5-sinusoidal-steps500-20260612T140721Z,idyn-ob-scale20-replica5,scale20,replica5,adservice=5;cartservice=5;checkoutservice=5;currencyservice=5;emailservice=5;frontend=5;paymentservice=5;productcatalogservice=5;recommendationservice=5;redis-cart=1;shippingservice=5,sinusoidal,stageC,kubernetes-default,K8s default,300,300.000,replay,mixed,0.607396,0.047162,8,2.074022,0.000000,0.250666,-0.454435,,,0.000000,0.017624,0.017624,8,8,0,78.796524,78.796524,78.796524,78.796524,120.000000,0.000000,142.302498,0.553726,0.000000,20,,,,,,,,,
online-boutique,online-boutique-longmix-stageC-scale20-replica5-sinusoidal-steps500-20260612T140721Z,idyn-ob-scale20-replica5,scale20,replica5,adservice=5;cartservice=5;checkoutservice=5;currencyservice=5;emailservice=5;frontend=5;paymentservice=5;productcatalogservice=5;recommendationservice=5;redis-cart=1;shippingservice=5,sinusoidal,stageC,cga,CGA,300,300.000,replay,mixed,0.607396,0.047162,8,2.074022,0.000000,0.250666,-0.454435,,,0.000000,0.017624,0.017624,8,8,0,72.409750,72.409750,72.409750,72.409750,120.000000,0.000000,142.302498,0.508844,0.000000,20,,,,,,,,,
online-boutique,online-boutique-longmix-stageC-scale20-replica5-sinusoidal-steps500-20260612T140721Z,idyn-ob-scale20-replica5,scale20,replica5,adservice=5;cartservice=5;checkoutservice=5;currencyservice=5;emailservice=5;frontend=5;paymentservice=5;productcatalogservice=5;recommendationservice=5;redis-cart=1;shippingservice=5,sinusoidal,stageC,hda,HDA,300,300.000,replay,mixed,0.607396,0.047162,8,2.074022,0.000000,0.250666,-0.454435,,,0.000000,0.017624,0.017624,8,8,0,75.571031,75.571031,75.571031,75.571031,120.000000,0.000000,142.302498,0.531059,0.000000,20,,,,,