step,time_s,request_type,probability,qps,evidence_type
0,0.000,index,0.668421,80.210526,replay
0,0.000,setCurrency,0.036842,4.421053,replay
0,0.000,browseProduct,0.184211,22.105263,replay
0,0.000,addToCart,0.036842,4.421053,replay
0,0.000,viewCart,0.055263,6.631579,replay
0,0.000,checkout,0.018421,2.210526,replay
1,1.000,index,0.668421,80.210526,replay
1,1.000,setCurrency,0.036842,4.421053,replay
1,1.000,browseProduct,0.184211,22.105263,replay
1,1.000,addToCart,0.036842,4.421053,replay
1,1.000,viewCart,0.055263,6.631579,replay
1,1.000,checkout,0.018421,2.210526,replay
2,2.000,index,0.668421,80.210526,replay
2,2.000,setCurrency,0.036842,4.421053,replay
2,2.000,browseProduct,0.184211,22.105263,replay
2,2.000,addToCart,0.036842,4.421053,replay
2,2.000,viewCart,0.055263,6.631579,replay
2,2.000,checkout,0.018421,2.210526,replay
3,3.000,index,0.668421,80.210526,replay
3,3.000,setCurrency,0.036842,4.421053,replay
3,3.000,browseProduct,0.184211,22.105263,replay
3,3.000,addToCart,0.036842,4.421053,replay
3,3.000,viewCart,0.055263,6.631579,replay
3,3.000,checkout,0.018421,2.210526,replay
4,4.000,index,0.668421,80.210526,replay
4,4.000,setCurrency,0.036842,4.421053,replay
4,4.000,browseProduct,0.184211,22.105263,replay
4,4.000,addToCart,0.036842,4.421053,replay
4,4.000,viewCart,0.055263,6.631579,replay
4,4.000,checkout,0.018421,2.210526,replay
5,5.000,index,0.018421,2.210526,replay
5,5.000,setCurrency,0.036842,4.421053,replay
5,5.000,browseProduct,0.834211,100.105263,replay
5,5.000,addToCart,0.036842,4.421053,replay
5,5.000,viewCart,0.055263,6.631579,replay
5,5.000,checkout,0.018421,2.210526,replay
6,6.000,index,0.018421,2.210526,replay
6,6.000,setCurrency,0.686842,82.421053,replay
6,6.000,browseProduct,0.184211,22.105263,replay
6,6.000,addToCart,0.036842,4.421053,replay
6,6.000,viewCart,0.055263,6.631579,replay
6,6.000,checkout,0.018421,2.210526,replay
7,7.000,index,0.018421,2.210526,replay
7,7.000,setCurrency,0.686842,82.421053,replay
7,7.000,browseProduct,0.184211,22.105263,replay
7,7.000,addToCart,0.036842,4.421053,replay
7,7.000,viewCart,0.055263,6.631579,replay
7,7.000,checkout,0.018421,2.210526,replay
8,8.000,index,0.018421,2.210526,replay
8,8.000,setCurrency,0.686842,82.421053,replay
8,8.000,browseProduct,0.184211,22.105263,replay
8,8.000,addToCart,0.036842,4.421053,replay
8,8.000,viewCart,0.055263,6.631579,replay
8,8.000,checkout,0.018421,2.210526,replay
9,9.000,index,0.018421,2.210526,replay
9,9.000,setCurrency,0.686842,82.421053,replay
9,9.000,browseProduct,0.184211,22.105263,replay
9,9.000,addToCart,0.036842,4.421053,replay
9,9.000,viewCart,0.055263,6.631579,replay
9,9.000,checkout,0.018421,2.210526,replay
10,10.000,index,0.018421,2.210526,replay
10,10.000,setCurrency,0.686842,82.421053,replay
10,10.000,browseProduct,0.184211,22.105263,replay
10,10.000,addToCart,0.036842,4.421053,replay
10,10.000,viewCart,0.055263,6.631579,replay
10,10.000,checkout,0.018421,2.210526,replay
11,11.000,index,0.018421,2.210526,replay
11,11.000,setCurrency,0.686842,82.421053,replay
11,11.000,browseProduct,0.184211,22.105263,replay
11,11.000,addToCart,0.036842,4.421053,replay
11,11.000,viewCart,0.055263,6.631579,replay
11,11.000,checkout,0.018421,2.210526,replay
12,12.000,index,0.018421,2.210526,replay
12,12.000,setCurrency,0.686842,82.421053,replay
12,12.000,browseProduct,0.184211,22.105263,replay
12,12.000,addToCart,0.036842,4.421053,replay
12,12.000,viewCart,0.055263,6.631579,replay
12,12.000,checkout,0.018421,2.210526,replay
13,13.000,index,0.018421,2.210526,replay
13,13.000,setCurrency,0.686842,82.421053,replay
13,13.000,browseProduct,0.184211,22.105263,replay
13,13.000,addToCart,0.036842,4.421053,replay
13,13.000,viewCart,0.055263,6.631579,replay
13,13.000,checkout,0.018421,2.210526,replay
14,14.000,index,0.018421,2.210526,replay
14,14.000,setCurrency,0.686842,82.421053,replay
14,14.000,browseProduct,0.184211,22.105263,replay
14,14.000,addToCart,0.036842,4.421053,replay
14,14.000,viewCart,0.055263,6.631579,replay
14,14.000,checkout,0.018421,2.210526,replay
15,15.000,index,0.018421,2.210526,replay
15,15.000,setCurrency,0.686842,82.421053,replay
15,15.000,browseProduct,0.184211,22.105263,replay
15,15.000,addToCart,0.036842,4.421053,replay
15,15.000,viewCart,0.055263,6.631579,replay
15,15.000,checkout,0.018421,2.210526,replay
16,16.000,index,0.668421,80.210526,replay
16,16.000,setCurrency,0.036842,4.421053,replay
16,16.000,browseProduct,0.184211,22.105263,replay
16,16.000,addToCart,0.036842,4.421053,replay
16,16.000,viewCart,0.055263,6.631579,replay
16,16.000,checkout,0.018421,2.210526,replay
17,17.000,index,0.668421,80.210526,replay
17,17.000,setCurrency,0.036842,4.421053,replay
17,17.000,browseProduct,0.184211,22.105263,replay
17,17.000,addToCart,0.036842,4.421053,replay
17,17.000,viewCart,0.055263,6.631579,replay
17,17.000,checkout,0.018421,2.210526,replay
18,18.000,index,0.668421,80.210526,replay
18,18.000,setCurrency,0.036842,4.421053,replay
18,18.000,browseProduct,0.184211,22.105263,replay
18,18.000,addToCart,0.036842,4.421053,replay
18,18.000,viewCart,0.055263,6.631579,replay
18,18.000,checkout,0.018421,2.210526,replay
19,19.000,index,0.668421,80.210526,replay
19,19.000,setCurrency,0.036842,4.421053,replay
19,19.000,browseProduct,0.184211,22.105263,replay
19,19.000,addToCart,0.036842,4.421053,replay
19,19.000,viewCart,0.055263,6.631579,replay
19,19.000,checkout,0.018421,2.210526,replay
20,20.000,index,0.668421,80.210526,replay
20,20.000,setCurrency,0.036842,4.421053,replay
20,20.000,browseProduct,0.184211,22.105263,replay
20,20.000,addToCart,0.036842,4.421053,replay
20,20.000,viewCart,0.055263,6.631579,replay
20,20.000,checkout,0.018421,2.210526,replay
21,21.000,index,0.668421,80.210526,replay
21,21.000,setCurrency,0.036842,4.421053,replay
21,21.000,browseProduct,0.184211,22.105263,replay
21,21.000,addToCart,0.036842,4.421053,replay
21,21.000,viewCart,0.055263,6.631579,replay
21,21.000,checkout,0.018421,2.210526,replay
22,22.000,index,0.668421,80.210526,replay
22,22.000,setCurrency,0.036842,4.421053,replay
22,22.000,browseProduct,0.184211,22.105263,replay
22,22.000,addToCart,0.036842,4.421053,replay
22,22.000,viewCart,0.055263,6.631579,replay
22,22.000,checkout,0.018421,2.210526,replay
23,23.000,index,0.668421,80.210526,replay
23,23.000,setCurrency,0.036842,4.421053,replay
23,23.000,browseProduct,0.184211,22.105263,replay
23,23.000,addToCart,0.036842,4.421053,replay
23,23.000,viewCart,0.055263,6.631579,replay
23,23.000,checkout,0.018421,2.210526,replay
24,24.000,index,0.668421,80.210526,replay
24,24.000,setCurrency,0.036842,4.421053,replay
24,24.000,browseProduct,0.184211,22.105263,replay
24,24.000,addToCart,0.036842,4.421053,replay
24,24.000,viewCart,0.055263,6.631579,replay
24,24.000,checkout,0.018421,2.210526,replay
25,25.000,index,0.018421,2.210526,replay
25,25.000,setCurrency,0.036842,4.421053,replay
25,25.000,browseProduct,0.184211,22.105263,replay
25,25.000,addToCart,0.036842,4.421053,replay
25,25.000,viewCart,0.055263,6.631579,replay
25,25.000,checkout,0.668421,80.210526,replay
26,26.000,index,0.018421,2.210526,replay
26,26.000,setCurrency,0.036842,4.421053,replay
26,26.000,browseProduct,0.184211,22.105263,replay
26,26.000,addToCart,0.036842,4.421053,replay
26,26.000,viewCart,0.055263,6.631579,replay
26,26.000,checkout,0.668421,80.210526,replay
27,27.000,index,0.018421,2.210526,replay
27,27.000,setCurrency,0.036842,4.421053,replay
27,27.000,browseProduct,0.184211,22.105263,replay
27,27.000,addToCart,0.036842,4.421053,replay
27,27.000,viewCart,0.055263,6.631579,replay
27,27.000,checkout,0.668421,80.210526,replay
28,28.000,index,0.018421,2.210526,replay
28,28.000,setCurrency,0.036842,4.421053,replay
28,28.000,browseProduct,0.184211,22.105263,replay
28,28.000,addToCart,0.036842,4.421053,replay
28,28.000,viewCart,0.055263,6.631579,replay
28,28.000,checkout,0.668421,80.210526,replay
29,29.000,index,0.018421,2.210526,replay
29,29.000,setCurrency,0.036842,4.421053,replay
29,29.000,browseProduct,0.184211,22.105263,replay
29,29.000,addToCart,0.686842,82.421053,replay
29,29.000,viewCart,0.055263,6.631579,replay
29,29.000,checkout,0.018421,2.210526,replay
30,30.000,index,0.018421,2.210526,replay
30,30.000,setCurrency,0.036842,4.421053,replay
30,30.000,browseProduct,0.184211,22.105263,replay
30,30.000,addToCart,0.686842,82.421053,replay
30,30.000,viewCart,0.055263,6.631579,replay
30,30.000,checkout,0.018421,2.210526,replay
31,31.000,index,0.018421,2.210526,replay
31,31.000,setCurrency,0.036842,4.421053,replay
31,31.000,browseProduct,0.184211,22.105263,replay
31,31.000,addToCart,0.686842,82.421053,replay
31,31.000,viewCart,0.055263,6.631579,replay
31,31.000,checkout,0.018421,2.210526,replay
32,32.000,index,0.018421,2.210526,replay
32,32.000,setCurrency,0.036842,4.421053,replay
32,32.000,browseProduct,0.184211,22.105263,replay
32,32.000,addToCart,0.686842,82.421053,replay
32,32.000,viewCart,0.055263,6.631579,replay
32,32.000,checkout,0.018421,2.210526,replay
33,33.000,index,0.018421,2.210526,replay
33,33.000,setCurrency,0.036842,4.421053,replay
33,33.000,browseProduct,0.184211,22.105263,replay
33,33.000,addToCart,0.036842,4.421053,replay
33,33.000,viewCart,0.055263,6.631579,replay
33,33.000,checkout,0.668421,80.210526,replay
34,34.000,index,0.018421,2.210526,replay
34,34.000,setCurrency,0.036842,4.421053,replay
34,34.000,browseProduct,0.184211,22.105263,replay
34,34.000,addToCart,0.036842,4.421053,replay
34,34.000,viewCart,0.055263,6.631579,replay
34,34.000,checkout,0.668421,80.210526,replay
35,35.000,index,0.018421,2.210526,replay
35,35.000,setCurrency,0.036842,4.421053,replay
35,35.000,browseProduct,0.184211,22.105263,replay
35,35.000,addToCart,0.036842,4.421053,replay
35,35.000,viewCart,0.055263,6.631579,replay
35,35.000,checkout,0.668421,80.210526,replay
36,36.000,index,0.018421,2.210526,replay
36,36.000,setCurrency,0.036842,4.421053,replay
36,36.000,browseProduct,0.184211,22.105263,replay
36,36.000,addToCart,0.036842,4.421053,replay
36,36.000,viewCart,0.055263,6.631579,replay
36,36.000,checkout,0.668421,80.210526,replay
37,37.000,index,0.018421,2.210526,replay
37,37.000,setCurrency,0.036842,4.421053,replay
37,37.000,browseProduct,0.184211,22.105263,replay
37,37.000,addToCart,0.036842,4.421053,replay
37,37.000,viewCart,0.055263,6.631579,replay
37,37.000,checkout,0.668421,80.210526,replay
38,38.000,index,0.018421,2.210526,replay
38,38.000,setCurrency,0.036842,4.421053,replay
38,38.000,browseProduct,0.184211,22.105263,replay
38,38.000,addToCart,0.036842,4.421053,replay
38,38.000,viewCart,0.055263,6.631579,replay
38,38.000,checkout,0.668421,80.210526,replay
39,39.000,index,0.018421,2.210526,replay
39,39.000,setCurrency,0.036842,4.421053,replay
39,39.000,browseProduct,0.184211,22.105263,replay
39,39.000,addToCart,0.036842,4.421053,replay
39,39.000,viewCart,0.055263,6.631579,replay
39,39.000,checkout,0.668421,80.210526,replay
40,40.000,index,0.018421,2.210526,replay
40,40.000,setCurrency,0.036842,4.421053,replay
40,40.000,browseProduct,0.834211,100.105263,replay
40,40.000,addToCart,0.036842,4.421053,replay
40,40.000,viewCart,0.055263,6.631579,replay
40,40.000,checkout,0.018421,2.210526,replay
41,41.000,index,0.018421,2.210526,replay
41,41.000,setCurrency,0.036842,4.421053,replay
41,41.000,browseProduct,0.834211,100.105263,replay
41,41.000,addToCart,0.036842,4.421053,replay
41,41.000,viewCart,0.055263,6.631579,replay
41,41.000,checkout,0.018421,2.210526,replay
42,42.000,index,0.018421,2.210526,replay
42,42.000,setCurrency,0.036842,4.421053,replay
42,42.000,browseProduct,0.184211,22.105263,replay
42,42.000,addToCart,0.036842,4.421053,replay
42,42.000,viewCart,0.055263,6.631579,replay
42,42.000,checkout,0.668421,80.210526,replay
43,43.000,index,0.018421,2.210526,replay
43,43.000,setCurrency,0.036842,4.421053,replay
43,43.000,browseProduct,0.184211,22.105263,replay
43,43.000,addToCart,0.036842,4.421053,replay
43,43.000,viewCart,0.055263,6.631579,replay
43,43.000,checkout,0.668421,80.210526,replay
44,44.000,index,0.018421,2.210526,replay
44,44.000,setCurrency,0.036842,4.421053,replay
44,44.000,browseProduct,0.184211,22.105263,replay
44,44.000,addToCart,0.036842,4.421053,replay
44,44.000,viewCart,0.055263,6.631579,replay
44,44.000,checkout,0.668421,80.210526,replay
45,45.000,index,0.668421,80.210526,replay
45,45.000,setCurrency,0.036842,4.421053,replay
45,45.000,browseProduct,0.184211,22.105263,replay
45,45.000,addToCart,0.036842,4.421053,replay
45,45.000,viewCart,0.055263,6.631579,replay
45,45.000,checkout,0.018421,2.210526,replay
46,46.000,index,0.668421,80.210526,replay
46,46.000,setCurrency,0.036842,4.421053,replay
46,46.000,browseProduct,0.184211,22.105263,replay
46,46.000,addToCart,0.036842,4.421053,replay
46,46.000,viewCart,0.055263,6.631579,replay
46,46.000,checkout,0.018421,2.210526,replay
47,47.000,index,0.668421,80.210526,replay
47,47.000,setCurrency,0.036842,4.421053,replay
47,47.000,browseProduct,0.184211,22.105263,replay
47,47.000,addToCart,0.036842,4.421053,replay
47,47.000,viewCart,0.055263,6.631579,replay
47,47.000,checkout,0.018421,2.210526,replay
48,48.000,index,0.668421,80.210526,replay
48,48.000,setCurrency,0.036842,4.421053,replay
48,48.000,browseProduct,0.184211,22.105263,replay
48,48.000,addToCart,0.036842,4.421053,replay
48,48.000,viewCart,0.055263,6.631579,replay
48,48.000,checkout,0.018421,2.210526,replay
49,49.000,index,0.018421,2.210526,replay
49,49.000,setCurrency,0.036842,4.421053,replay
49,49.000,browseProduct,0.184211,22.105263,replay
49,49.000,addToCart,0.686842,82.421053,replay
49,49.000,viewCart,0.055263,6.631579,replay
49,49.000,checkout,0.018421,2.210526,replay
50,50.000,index,0.018421,2.210526,replay
50,50.000,setCurrency,0.036842,4.421053,replay
50,50.000,browseProduct,0.184211,22.105263,replay
50,50.000,addToCart,0.686842,82.421053,replay
50,50.000,viewCart,0.055263,6.631579,replay
50,50.000,checkout,0.018421,2.210526,replay
51,51.000,index,0.018421,2.210526,replay
51,51.000,setCurrency,0.036842,4.421053,replay
51,51.000,browseProduct,0.184211,22.105263,replay
51,51.000,addToCart,0.686842,82.421053,replay
51,51.000,viewCart,0.055263,6.631579,replay
51,51.000,checkout,0.018421,2.210526,replay
52,52.000,index,0.018421,2.210526,replay
52,52.000,setCurrency,0.036842,4.421053,replay
52,52.000,browseProduct,0.184211,22.105263,replay
52,52.000,addToCart,0.686842,82.421053,replay
52,52.000,viewCart,0.055263,6.631579,replay
52,52.000,checkout,0.018421,2.210526,replay
53,53.000,index,0.018421,2.210526,replay
53,53.000,setCurrency,0.036842,4.421053,replay
53,53.000,browseProduct,0.184211,22.105263,replay
53,53.000,addToCart,0.686842,82.421053,replay
53,53.000,viewCart,0.055263,6.631579,replay
53,53.000,checkout,0.018421,2.210526,replay
54,54.000,index,0.018421,2.210526,replay
54,54.000,setCurrency,0.036842,4.421053,replay
54,54.000,browseProduct,0.184211,22.105263,replay
54,54.000,addToCart,0.686842,82.421053,replay
54,54.000,viewCart,0.055263,6.631579,replay
54,54.000,checkout,0.018421,2.210526,replay
55,55.000,index,0.018421,2.210526,replay
55,55.000,setCurrency,0.036842,4.421053,replay
55,55.000,browseProduct,0.184211,22.105263,replay
55,55.000,addToCart,0.686842,82.421053,replay
55,55.000,viewCart,0.055263,6.631579,replay
55,55.000,checkout,0.018421,2.210526,replay
56,56.000,index,0.018421,2.210526,replay
56,56.000,setCurrency,0.036842,4.421053,replay
56,56.000,browseProduct,0.184211,22.105263,replay
56,56.000,addToCart,0.686842,82.421053,replay
56,56.000,viewCart,0.055263,6.631579,replay
56,56.000,checkout,0.018421,2.210526,replay
57,57.000,index,0.018421,2.210526,replay
57,57.000,setCurrency,0.036842,4.421053,replay
57,57.000,browseProduct,0.184211,22.105263,replay
57,57.000,addToCart,0.686842,82.421053,replay
57,57.000,viewCart,0.055263,6.631579,replay
57,57.000,checkout,0.018421,2.210526,replay
58,58.000,index,0.018421,2.210526,replay
58,58.000,setCurrency,0.686842,82.421053,replay
58,58.000,browseProduct,0.184211,22.105263,replay
58,58.000,addToCart,0.036842,4.421053,replay
58,58.000,viewCart,0.055263,6.631579,replay
58,58.000,checkout,0.018421,2.210526,replay
59,59.000,index,0.018421,2.210526,replay
59,59.000,setCurrency,0.686842,82.421053,replay
59,59.000,browseProduct,0.184211,22.105263,replay
59,59.000,addToCart,0.036842,4.421053,replay
59,59.000,viewCart,0.055263,6.631579,replay
59,59.000,checkout,0.018421,2.210526,replay
60,60.000,index,0.018421,2.210526,replay
60,60.000,setCurrency,0.686842,82.421053,replay
60,60.000,browseProduct,0.184211,22.105263,replay
60,60.000,addToCart,0.036842,4.421053,replay
60,60.000,viewCart,0.055263,6.631579,replay
60,60.000,checkout,0.018421,2.210526,replay
61,61.000,index,0.018421,2.210526,replay
61,61.000,setCurrency,0.686842,82.421053,replay
61,61.000,browseProduct,0.184211,22.105263,replay
61,61.000,addToCart,0.036842,4.421053,replay
61,61.000,viewCart,0.055263,6.631579,replay
61,61.000,checkout,0.018421,2.210526,replay
62,62.000,index,0.668421,80.210526,replay
62,62.000,setCurrency,0.036842,4.421053,replay
62,62.000,browseProduct,0.184211,22.105263,replay
62,62.000,addToCart,0.036842,4.421053,replay
62,62.000,viewCart,0.055263,6.631579,replay
62,62.000,checkout,0.018421,2.210526,replay
63,63.000,index,0.668421,80.210526,replay
63,63.000,setCurrency,0.036842,4.421053,replay
63,63.000,browseProduct,0.184211,22.105263,replay
63,63.000,addToCart,0.036842,4.421053,replay
63,63.000,viewCart,0.055263,6.631579,replay
63,63.000,checkout,0.018421,2.210526,replay
64,64.000,index,0.668421,80.210526,replay
64,64.000,setCurrency,0.036842,4.421053,replay
64,64.000,browseProduct,0.184211,22.105263,replay
64,64.000,addToCart,0.036842,4.421053,replay
64,64.000,viewCart,0.055263,6.631579,replay
64,64.000,checkout,0.018421,2.210526,replay
65,65.000,index,0.668421,80.210526,replay
65,65.000,setCurrency,0.036842,4.421053,replay
65,65.000,browseProduct,0.184211,22.105263,replay
65,65.000,addToCart,0.036842,4.421053,replay
65,65.000,viewCart,0.055263,6.631579,replay
65,65.000,checkout,0.018421,2.210526,replay
66,66.000,index,0.668421,80.210526,replay
66,66.000,setCurrency,0.036842,4.421053,replay
66,66.000,browseProduct,0.184211,22.105263,replay
66,66.000,addToCart,0.036842,4.421053,replay
66,66.000,viewCart,0.055263,6.631579,replay
66,66.000,checkout,0.018421,2.210526,replay
67,67.000,index,0.668421,80.210526,replay
67,67.000,setCurrency,0.036842,4.421053,replay
67,67.000,browseProduct,0.184211,22.105263,replay
67,67.000,addToCart,0.036842,4.421053,replay
67,67.000,viewCart,0.055263,6.631579,replay
67,67.000,checkout,0.018421,2.210526,replay
68,68.000,index,0.668421,80.210526,replay
68,68.000,setCurrency,0.036842,4.421053,replay
68,68.000,browseProduct,0.184211,22.105263,replay
68,68.000,addToCart,0.036842,4.421053,replay
68,68.000,viewCart,0.055263,6.631579,replay
68,68.000,checkout,0.018421,2.210526,replay
69,69.000,index,0.668421,80.210526,replay
69,69.000,setCurrency,0.036842,4.421053,replay
69,69.000,browseProduct,0.184211,22.105263,replay
69,69.000,addToCart,0.036842,4.421053,replay
69,69.000,viewCart,0.055263,6.631579,replay
69,69.000,checkout,0.018421,2.210526,replay
70,70.000,index,0.668421,80.210526,replay
70,70.000,setCurrency,0.036842,4.421053,replay
70,70.000,browseProduct,0.184211,22.105263,replay
70,70.000,addToCart,0.036842,4.421053,replay
70,70.000,viewCart,0.055263,6.631579,replay
70,70.000,checkout,0.018421,2.210526,replay
71,71.000,index,0.668421,80.210526,replay
71,71.000,setCurrency,0.036842,4.421053,replay
71,71.000,browseProduct,0.184211,22.105263,replay
71,71.000,addToCart,0.036842,4.421053,replay
71,71.000,viewCart,0.055263,6.631579,replay
71,71.000,checkout,0.018421,2.210526,replay
72,72.000,index,0.668421,80.210526,replay
72,72.000,setCurrency,0.036842,4.421053,replay
72,72.000,browseProduct,0.184211,22.105263,replay
72,72.000,addToCart,0.036842,4.421053,replay
72,72.000,viewCart,0.055263,6.631579,replay
72,72.000,checkout,0.018421,2.210526,replay
73,73.000,index,0.668421,80.210526,replay
73,73.000,setCurrency,0.036842,4.421053,replay
73,73.000,browseProduct,0.184211,22.105263,replay
73,73.000,addToCart,0.036842,4.421053,replay
73,73.000,viewCart,0.055263,6.631579,replay
73,73.000,checkout,0.018421,2.210526,replay
74,74.000,index,0.668421,80.210526,replay
74,74.000,setCurrency,0.036842,4.421053,replay
74,74.000,browseProduct,0.184211,22.105263,replay
74,74.000,addToCart,0.036842,4.421053,replay
74,74.000,viewCart,0.055263,6.631579,replay
74,74.000,checkout,0.018421,2.210526,replay
75,75.000,index,0.668421,80.210526,replay
75,75.000,setCurrency,0.036842,4.421053,replay
75,75.000,browseProduct,0.184211,22.105263,replay
75,75.000,addToCart,0.036842,4.421053,replay
75,75.000,viewCart,0.055263,6.631579,replay
75,75.000,checkout,0.018421,2.210526,replay
76,76.000,index,0.018421,2.210526,replay
76,76.000,setCurrency,0.036842,4.421053,replay
76,76.000,browseProduct,0.184211,22.105263,replay
76,76.000,addToCart,0.036842,4.421053,replay
76,76.000,viewCart,0.705263,84.631579,replay
76,76.000,checkout,0.018421,2.210526,replay
77,77.000,index,0.018421,2.210526,replay
77,77.000,setCurrency,0.036842,4.421053,replay
77,77.000,browseProduct,0.184211,22.105263,replay
77,77.000,addToCart,0.036842,4.421053,replay
77,77.000,viewCart,0.705263,84.631579,replay
77,77.000,checkout,0.018421,2.210526,replay
78,78.000,index,0.018421,2.210526,replay
78,78.000,setCurrency,0.036842,4.421053,replay
78,78.000,browseProduct,0.184211,22.105263,replay
78,78.000,addToCart,0.036842,4.421053,replay
78,78.000,viewCart,0.705263,84.631579,replay
78,78.000,checkout,0.018421,2.210526,replay
79,79.000,index,0.018421,2.210526,replay
79,79.000,setCurrency,0.036842,4.421053,replay
79,79.000,browseProduct,0.184211,22.105263,replay
79,79.000,addToCart,0.036842,4.421053,replay
79,79.000,viewCart,0.705263,84.631579,replay
79,79.000,checkout,0.018421,2.210526,replay
80,80.000,index,0.018421,2.210526,replay
80,80.000,setCurrency,0.036842,4.421053,replay
80,80.000,browseProduct,0.184211,22.105263,replay
80,80.000,addToCart,0.036842,4.421053,replay
80,80.000,viewCart,0.705263,84.631579,replay
80,80.000,checkout,0.018421,2.210526,replay
81,81.000,index,0.018421,2.210526,replay
81,81.000,setCurrency,0.036842,4.421053,replay
81,81.000,browseProduct,0.184211,22.105263,replay
81,81.000,addToCart,0.036842,4.421053,replay
81,81.000,viewCart,0.705263,84.631579,replay
81,81.000,checkout,0.018421,2.210526,replay
82,82.000,index,0.018421,2.210526,replay
82,82.000,setCurrency,0.686842,82.421053,replay
82,82.000,browseProduct,0.184211,22.105263,replay
82,82.000,addToCart,0.036842,4.421053,replay
82,82.000,viewCart,0.055263,6.631579,replay
82,82.000,checkout,0.018421,2.210526,replay
83,83.000,index,0.018421,2.210526,replay
83,83.000,setCurrency,0.686842,82.421053,replay
83,83.000,browseProduct,0.184211,22.105263,replay
83,83.000,addToCart,0.036842,4.421053,replay
83,83.000,viewCart,0.055263,6.631579,replay
83,83.000,checkout,0.018421,2.210526,replay
84,84.000,index,0.018421,2.210526,replay
84,84.000,setCurrency,0.686842,82.421053,replay
84,84.000,browseProduct,0.184211,22.105263,replay
84,84.000,addToCart,0.036842,4.421053,replay
84,84.000,viewCart,0.055263,6.631579,replay
84,84.000,checkout,0.018421,2.210526,replay
85,85.000,index,0.018421,2.210526,replay
85,85.000,setCurrency,0.036842,4.421053,replay
85,85.000,browseProduct,0.184211,22.105263,replay
85,85.000,addToCart,0.036842,4.421053,replay
85,85.000,viewCart,0.055263,6.631579,replay
85,85.000,checkout,0.668421,80.210526,replay
86,86.000,index,0.018421,2.210526,replay
86,86.000,setCurrency,0.036842,4.421053,replay
86,86.000,browseProduct,0.184211,22.105263,replay
86,86.000,addToCart,0.036842,4.421053,replay
86,86.000,viewCart,0.055263,6.631579,replay
86,86.000,checkout,0.668421,80.210526,replay
87,87.000,index,0.018421,2.210526,replay
87,87.000,setCurrency,0.036842,4.421053,replay
87,87.000,browseProduct,0.834211,100.105263,replay
87,87.000,addToCart,0.036842,4.421053,replay
87,87.000,viewCart,0.055263,6.631579,replay
87,87.000,checkout,0.018421,2.210526,replay
88,88.000,index,0.018421,2.210526,replay
88,88.000,setCurrency,0.036842,4.421053,replay
88,88.000,browseProduct,0.834211,100.105263,replay
88,88.000,addToCart,0.036842,4.421053,replay
88,88.000,viewCart,0.055263,6.631579,replay
88,88.000,checkout,0.018421,2.210526,replay
89,89.000,index,0.018421,2.210526,replay
89,89.000,setCurrency,0.036842,4.421053,replay
89,89.000,browseProduct,0.834211,100.105263,replay
89,89.000,addToCart,0.036842,4.421053,replay
89,89.000,viewCart,0.055263,6.631579,replay
89,89.000,checkout,0.018421,2.210526,replay
90,90.000,index,0.018421,2.210526,replay
90,90.000,setCurrency,0.036842,4.421053,replay
90,90.000,browseProduct,0.834211,100.105263,replay
90,90.000,addToCart,0.036842,4.421053,replay
90,90.000,viewCart,0.055263,6.631579,replay
90,90.000,checkout,0.018421,2.210526,replay
91,91.000,index,0.018421,2.210526,replay
91,91.000,setCurrency,0.036842,4.421053,replay
91,91.000,browseProduct,0.834211,100.105263,replay
91,91.000,addToCart,0.036842,4.421053,replay
91,91.000,viewCart,0.055263,6.631579,replay
91,91.000,checkout,0.018421,2.210526,replay
92,92.000,index,0.018421,2.210526,replay
92,92.000,setCurrency,0.036842,4.421053,replay
92,92.000,browseProduct,0.834211,100.105263,replay
92,92.000,addToCart,0.036842,4.421053,replay
92,92.000,viewCart,0.055263,6.631579,replay
92,92.000,checkout,0.018421,2.210526,replay
93,93.000,index,0.018421,2.210526,replay
93,93.000,setCurrency,0.036842,4.421053,replay
93,93.000,browseProduct,0.834211,100.105263,replay
93,93.000,addToCart,0.036842,4.421053,replay
93,93.000,viewCart,0.055263,6.631579,replay
93,93.000,checkout,0.018421,2.210526,replay
94,94.000,index,0.018421,2.210526,replay
94,94.000,setCurrency,0.036842,4.421053,replay
94,94.000,browseProduct,0.834211,100.105263,replay
94,94.000,addToCart,0.036842,4.421053,replay
94,94.000,viewCart,0.055263,6.631579,replay
94,94.000,checkout,0.018421,2.210526,replay
95,95.000,index,0.018421,2.210526,replay
95,95.000,setCurrency,0.036842,4.421053,replay
95,95.000,browseProduct,0.834211,100.105263,replay
95,95.000,addToCart,0.036842,4.421053,replay
95,95.000,viewCart,0.055263,6.631579,replay
95,95.000,checkout,0.018421,2.210526,replay
96,96.000,index,0.018421,2.210526,replay
96,96.000,setCurrency,0.036842,4.421053,replay
96,96.000,browseProduct,0.184211,22.105263,replay
96,96.000,addToCart,0.686842,82.421053,replay
96,96.000,viewCart,0.055263,6.631579,replay
96,96.000,checkout,0.018421,2.210526,replay
97,97.000,index,0.018421,2.210526,replay
97,97.000,setCurrency,0.036842,4.421053,replay
97,97.000,browseProduct,0.184211,22.105263,replay
97,97.000,addToCart,0.686842,82.421053,replay
97,97.000,viewCart,0.055263,6.631579,replay
97,97.000,checkout,0.018421,2.210526,replay
98,98.000,index,0.018421,2.210526,replay
98,98.000,setCurrency,0.036842,4.421053,replay
98,98.000,browseProduct,0.184211,22.105263,replay
98,98.000,addToCart,0.686842,82.421053,replay
98,98.000,viewCart,0.055263,6.631579,replay
98,98.000,checkout,0.018421,2.210526,replay
99,99.000,index,0.018421,2.210526,replay
99,99.000,setCurrency,0.036842,4.421053,replay
99,99.000,browseProduct,0.184211,22.105263,replay
99,99.000,addToCart,0.686842,82.421053,replay
99,99.000,viewCart,0.055263,6.631579,replay
99,99.000,checkout,0.018421,2.210526,replay
100,100.000,index,0.018421,2.210526,replay
100,100.000,setCurrency,0.036842,4.421053,replay
100,100.000,browseProduct,0.184211,22.105263,replay
100,100.000,addToCart,0.686842,82.421053,replay
100,100.000,viewCart,0.055263,6.631579,replay
100,100.000,checkout,0.018421,2.210526,replay
101,101.000,index,0.018421,2.210526,replay
101,101.000,setCurrency,0.036842,4.421053,replay
101,101.000,browseProduct,0.184211,22.105263,replay
101,101.000,addToCart,0.686842,82.421053,replay
101,101.000,viewCart,0.055263,6.631579,replay
101,101.000,checkout,0.018421,2.210526,replay
102,102.000,index,0.018421,2.210526,replay
102,102.000,setCurrency,0.036842,4.421053,replay
102,102.000,browseProduct,0.184211,22.105263,replay
102,102.000,addToCart,0.686842,82.421053,replay
102,102.000,viewCart,0.055263,6.631579,replay
102,102.000,checkout,0.018421,2.210526,replay
103,103.000,index,0.018421,2.210526,replay
103,103.000,setCurrency,0.036842,4.421053,replay
103,103.000,browseProduct,0.184211,22.105263,replay
103,103.000,addToCart,0.686842,82.421053,replay
103,103.000,viewCart,0.055263,6.631579,replay
103,103.000,checkout,0.018421,2.210526,replay
104,104.000,index,0.018421,2.210526,replay
104,104.000,setCurrency,0.036842,4.421053,replay
104,104.000,browseProduct,0.184211,22.105263,replay
104,104.000,addToCart,0.686842,82.421053,replay
104,104.000,viewCart,0.055263,6.631579,replay
104,104.000,checkout,0.018421,2.210526,replay
105,105.000,index,0.018421,2.210526,replay
105,105.000,setCurrency,0.036842,4.421053,replay
105,105.000,browseProduct,0.184211,22.105263,replay
105,105.000,addToCart,0.686842,82.421053,replay
105,105.000,viewCart,0.055263,6.631579,replay
105,105.000,checkout,0.018421,2.210526,replay
106,106.000,index,0.018421,2.210526,replay
106,106.000,setCurrency,0.686842,82.421053,replay
106,106.000,browseProduct,0.184211,22.105263,replay
106,106.000,addToCart,0.036842,4.421053,replay
106,106.000,viewCart,0.055263,6.631579,replay
106,106.000,checkout,0.018421,2.210526,replay
107,107.000,index,0.018421,2.210526,replay
107,107.000,setCurrency,0.686842,82.421053,replay
107,107.000,browseProduct,0.184211,22.105263,replay
107,107.000,addToCart,0.036842,4.421053,replay
107,107.000,viewCart,0.055263,6.631579,replay
107,107.000,checkout,0.018421,2.210526,replay
108,108.000,index,0.018421,2.210526,replay
108,108.000,setCurrency,0.036842,4.421053,replay
108,108.000,browseProduct,0.184211,22.105263,replay
108,108.000,addToCart,0.036842,4.421053,replay
108,108.000,viewCart,0.705263,84.631579,replay
108,108.000,checkout,0.018421,2.210526,replay
109,109.000,index,0.018421,2.210526,replay
109,109.000,setCurrency,0.036842,4.421053,replay
109,109.000,browseProduct,0.184211,22.105263,replay
109,109.000,addToCart,0.036842,4.421053,replay
109,109.000,viewCart,0.705263,84.631579,replay
109,109.000,checkout,0.018421,2.210526,replay
110,110.000,index,0.018421,2.210526,replay
110,110.000,setCurrency,0.036842,4.421053,replay
110,110.000,browseProduct,0.184211,22.105263,replay
110,110.000,addToCart,0.036842,4.421053,replay
110,110.000,viewCart,0.705263,84.631579,replay
110,110.000,checkout,0.018421,2.210526,replay
111,111.000,index,0.018421,2.210526,replay
111,111.000,setCurrency,0.686842,82.421053,replay
111,111.000,browseProduct,0.184211,22.105263,replay
111,111.000,addToCart,0.036842,4.421053,replay
111,111.000,viewCart,0.055263,6.631579,replay
111,111.000,checkout,0.018421,2.210526,replay
112,112.000,index,0.018421,2.210526,replay
112,112.000,setCurrency,0.686842,82.421053,replay
112,112.000,browseProduct,0.184211,22.105263,replay
112,112.000,addToCart,0.036842,4.421053,replay
112,112.000,viewCart,0.055263,6.631579,replay
112,112.000,checkout,0.018421,2.210526,replay
113,113.000,index,0.018421,2.210526,replay
113,113.000,setCurrency,0.036842,4.421053,replay
113,113.000,browseProduct,0.184211,22.105263,replay
113,113.000,addToCart,0.686842,82.421053,replay
113,113.000,viewCart,0.055263,6.631579,replay
113,113.000,checkout,0.018421,2.210526,replay
114,114.000,index,0.018421,2.210526,replay
114,114.000,setCurrency,0.036842,4.421053,replay
114,114.000,browseProduct,0.834211,100.105263,replay
114,114.000,addToCart,0.036842,4.421053,replay
114,114.000,viewCart,0.055263,6.631579,replay
114,114.000,checkout,0.018421,2.210526,replay
115,115.000,index,0.018421,2.210526,replay
115,115.000,setCurrency,0.036842,4.421053,replay
115,115.000,browseProduct,0.834211,100.105263,replay
115,115.000,addToCart,0.036842,4.421053,replay
115,115.000,viewCart,0.055263,6.631579,replay
115,115.000,checkout,0.018421,2.210526,replay
116,116.000,index,0.018421,2.210526,replay
116,116.000,setCurrency,0.036842,4.421053,replay
116,116.000,browseProduct,0.834211,100.105263,replay
116,116.000,addToCart,0.036842,4.421053,replay
116,116.000,viewCart,0.055263,6.631579,replay
116,116.000,checkout,0.018421,2.210526,replay
117,117.000,index,0.018421,2.210526,replay
117,117.000,setCurrency,0.036842,4.421053,replay
117,117.000,browseProduct,0.834211,100.105263,replay
117,117.000,addToCart,0.036842,4.421053,replay
117,117.000,viewCart,0.055263,6.631579,replay
117,117.000,checkout,0.018421,2.210526,replay
118,118.000,index,0.018421,2.210526,replay
118,118.000,setCurrency,0.686842,82.421053,replay
118,118.000,browseProduct,0.184211,22.105263,replay
118,118.000,addToCart,0.036842,4.421053,replay
118,118.000,viewCart,0.055263,6.631579,replay
118,118.000,checkout,0.018421,2.210526,replay
119,119.000,index,0.018421,2.210526,replay
119,119.000,setCurrency,0.036842,4.421053,replay
119,119.000,browseProduct,0.184211,22.105263,replay
119,119.000,addToCart,0.036842,4.421053,replay
119,119.000,viewCart,0.055263,6.631579,replay
119,119.000,checkout,0.668421,80.210526,replay
120,120.000,index,0.018421,2.210526,replay
120,120.000,setCurrency,0.036842,4.421053,replay
120,120.000,browseProduct,0.184211,22.105263,replay
120,120.000,addToCart,0.686842,82.421053,replay
120,120.000,viewCart,0.055263,6.631579,replay
120,120.000,checkout,0.018421,2.210526,replay
121,121.000,index,0.018421,2.210526,replay
121,121.000,setCurrency,0.036842,4.421053,replay
121,121.000,browseProduct,0.184211,22.105263,replay
121,121.000,addToCart,0.686842,82.421053,replay
121,121.000,viewCart,0.055263,6.631579,replay
121,121.000,checkout,0.018421,2.210526,replay
122,122.000,index,0.018421,2.210526,replay
122,122.000,setCurrency,0.036842,4.421053,replay
122,122.000,browseProduct,0.184211,22.105263,replay
122,122.000,addToCart,0.686842,82.421053,replay
122,122.000,viewCart,0.055263,6.631579,replay
122,122.000,checkout,0.018421,2.210526,replay
123,123.000,index,0.018421,2.210526,replay
123,123.000,setCurrency,0.036842,4.421053,replay
123,123.000,browseProduct,0.184211,22.105263,replay
123,123.000,addToCart,0.686842,82.421053,replay
123,123.000,viewCart,0.055263,6.631579,replay
123,123.000,checkout,0.018421,2.210526,replay
124,124.000,index,0.018421,2.210526,replay
124,124.000,setCurrency,0.036842,4.421053,replay
124,124.000,browseProduct,0.184211,22.105263,replay
124,124.000,addToCart,0.686842,82.421053,replay
124,124.000,viewCart,0.055263,6.631579,replay
124,124.000,checkout,0.018421,2.210526,replay
125,125.000,index,0.018421,2.210526,replay
125,125.000,setCurrency,0.036842,4.421053,replay
125,125.000,browseProduct,0.184211,22.105263,replay
125,125.000,addToCart,0.686842,82.421053,replay
125,125.000,viewCart,0.055263,6.631579,replay
125,125.000,checkout,0.018421,2.210526,replay
126,126.000,index,0.018421,2.210526,replay
126,126.000,setCurrency,0.036842,4.421053,replay
126,126.000,browseProduct,0.184211,22.105263,replay
126,126.000,addToCart,0.686842,82.421053,replay
126,126.000,viewCart,0.055263,6.631579,replay
126,126.000,checkout,0.018421,2.210526,replay
127,127.000,index,0.018421,2.210526,replay
127,127.000,setCurrency,0.036842,4.421053,replay
127,127.000,browseProduct,0.184211,22.105263,replay
127,127.000,addToCart,0.036842,4.421053,replay
127,127.000,viewCart,0.705263,84.631579,replay
127,127.000,checkout,0.018421,2.210526,replay
128,128.000,index,0.018421,2.210526,replay
128,128.000,setCurrency,0.036842,4.421053,replay
128,128.000,browseProduct,0.184211,22.105263,replay
128,128.000,addToCart,0.036842,4.421053,replay
128,128.000,viewCart,0.705263,84.631579,replay
128,128.000,checkout,0.018421,2.210526,replay
129,129.000,index,0.018421,2.210526,replay
129,129.000,setCurrency,0.036842,4.421053,replay
129,129.000,browseProduct,0.184211,22.105263,replay
129,129.000,addToCart,0.036842,4.421053,replay
129,129.000,viewCart,0.705263,84.631579,replay
129,129.000,checkout,0.018421,2.210526,replay
130,130.000,index,0.018421,2.210526,replay
130,130.000,setCurrency,0.036842,4.421053,replay
130,130.000,browseProduct,0.184211,22.105263,replay
130,130.000,addToCart,0.686842,82.421053,replay
130,130.000,viewCart,0.055263,6.631579,replay
130,130.000,checkout,0.018421,2.210526,replay
131,131.000,index,0.668421,80.210526,replay
131,131.000,setCurrency,0.036842,4.421053,replay
131,131.000,browseProduct,0.184211,22.105263,replay
131,131.000,addToCart,0.036842,4.421053,replay
131,131.000,viewCart,0.055263,6.631579,replay
131,131.000,checkout,0.018421,2.210526,replay
132,132.000,index,0.668421,80.210526,replay
132,132.000,setCurrency,0.036842,4.421053,replay
132,132.000,browseProduct,0.184211,22.105263,replay
132,132.000,addToCart,0.036842,4.421053,replay
132,132.000,viewCart,0.055263,6.631579,replay
132,132.000,checkout,0.018421,2.210526,replay
133,133.000,index,0.668421,80.210526,replay
133,133.000,setCurrency,0.036842,4.421053,replay
133,133.000,browseProduct,0.184211,22.105263,replay
133,133.000,addToCart,0.036842,4.421053,replay
133,133.000,viewCart,0.055263,6.631579,replay
133,133.000,checkout,0.018421,2.210526,replay
134,134.000,index,0.668421,80.210526,replay
134,134.000,setCurrency,0.036842,4.421053,replay
134,134.000,browseProduct,0.184211,22.105263,replay
134,134.000,addToCart,0.036842,4.421053,replay
134,134.000,viewCart,0.055263,6.631579,replay
134,134.000,checkout,0.018421,2.210526,replay
135,135.000,index,0.668421,80.210526,replay
135,135.000,setCurrency,0.036842,4.421053,replay
135,135.000,browseProduct,0.184211,22.105263,replay
135,135.000,addToCart,0.036842,4.421053,replay
135,135.000,viewCart,0.055263,6.631579,replay
135,135.000,checkout,0.018421,2.210526,replay
136,136.000,index,0.668421,80.210526,replay
136,136.000,setCurrency,0.036842,4.421053,replay
136,136.000,browseProduct,0.184211,22.105263,replay
136,136.000,addToCart,0.036842,4.421053,replay
136,136.000,viewCart,0.055263,6.631579,replay
136,136.000,checkout,0.018421,2.210526,replay
137,137.000,index,0.668421,80.210526,replay
137,137.000,setCurrency,0.036842,4.421053,replay
137,137.000,browseProduct,0.184211,22.105263,replay
137,137.000,addToCart,0.036842,4.421053,replay
137,137.000,viewCart,0.055263,6.631579,replay
137,137.000,checkout,0.018421,2.210526,replay
138,138.000,index,0.668421,80.210526,replay
138,138.000,setCurrency,0.036842,4.421053,replay
138,138.000,browseProduct,0.184211,22.105263,replay
138,138.000,addToCart,0.036842,4.421053,replay
138,138.000,viewCart,0.055263,6.631579,replay
138,138.000,checkout,0.018421,2.210526,replay
139,139.000,index,0.668421,80.210526,replay
139,139.000,setCurrency,0.036842,4.421053,replay
139,139.000,browseProduct,0.184211,22.105263,replay
139,139.000,addToCart,0.036842,4.421053,replay
139,139.000,viewCart,0.055263,6.631579,replay
139,139.000,checkout,0.018421,2.210526,replay
140,140.000,index,0.668421,80.210526,replay
140,140.000,setCurrency,0.036842,4.421053,replay
140,140.000,browseProduct,0.184211,22.105263,replay
140,140.000,addToCart,0.036842,4.421053,replay
140,140.000,viewCart,0.055263,6.631579,replay
140,140.000,checkout,0.018421,2.210526,replay
141,141.000,index,0.668421,80.210526,replay
141,141.000,setCurrency,0.036842,4.421053,replay
141,141.000,browseProduct,0.184211,22.105263,replay
141,141.000,addToCart,0.036842,4.421053,replay
141,141.000,viewCart,0.055263,6.631579,replay
141,141.000,checkout,0.018421,2.210526,replay
142,142.000,index,0.668421,80.210526,replay
142,142.000,setCurrency,0.036842,4.421053,replay
142,142.000,browseProduct,0.184211,22.105263,replay
142,142.000,addToCart,0.036842,4.421053,replay
142,142.000,viewCart,0.055263,6.631579,replay
142,142.000,checkout,0.018421,2.210526,replay
143,143.000,index,0.668421,80.210526,replay
143,143.000,setCurrency,0.036842,4.421053,replay
143,143.000,browseProduct,0.184211,22.105263,replay
143,143.000,addToCart,0.036842,4.421053,replay
143,143.000,viewCart,0.055263,6.631579,replay
143,143.000,checkout,0.018421,2.210526,replay
144,144.000,index,0.668421,80.210526,replay
144,144.000,setCurrency,0.036842,4.421053,replay
144,144.000,browseProduct,0.184211,22.105263,replay
144,144.000,addToCart,0.036842,4.421053,replay
144,144.000,viewCart,0.055263,6.631579,replay
144,144.000,checkout,0.018421,2.210526,replay
145,145.000,index,0.668421,80.210526,replay
145,145.000,setCurrency,0.036842,4.421053,replay
145,145.000,browseProduct,0.184211,22.105263,replay
145,145.000,addToCart,0.036842,4.421053,replay
145,145.000,viewCart,0.055263,6.631579,replay
145,145.000,checkout,0.018421,2.210526,replay
146,146.000,index,0.668421,80.210526,replay
146,146.000,setCurrency,0.036842,4.421053,replay
146,146.000,browseProduct,0.184211,22.105263,replay
146,146.000,addToCart,0.036842,4.421053,replay
146,146.000,viewCart,0.055263,6.631579,replay
146,146.000,checkout,0.018421,2.210526,replay
147,147.000,index,0.018421,2.210526,replay
147,147.000,setCurrency,0.036842,4.421053,replay
147,147.000,browseProduct,0.184211,22.105263,replay
147,147.000,addToCart,0.686842,82.421053,replay
147,147.000,viewCart,0.055263,6.631579,replay
147,147.000,checkout,0.018421,2.210526,replay
148,148.000,index,0.018421,2.210526,replay
148,148.000,setCurrency,0.036842,4.421053,replay
148,148.000,browseProduct,0.184211,22.105263,replay
148,148.000,addToCart,0.686842,82.421053,replay
148,148.000,viewCart,0.055263,6.631579,replay
148,148.000,checkout,0.018421,2.210526,replay
149,149.000,index,0.018421,2.210526,replay
149,149.000,setCurrency,0.036842,4.421053,replay
149,149.000,browseProduct,0.184211,22.105263,replay
149,149.000,addToCart,0.686842,82.421053,replay
149,149.000,viewCart,0.055263,6.631579,replay
149,149.000,checkout,0.018421,2.210526,replay
150,150.000,index,0.018421,2.210526,replay
150,150.000,setCurrency,0.036842,4.421053,replay
150,150.000,browseProduct,0.184211,22.105263,replay
150,150.000,addToCart,0.036842,4.421053,replay
150,150.000,viewCart,0.055263,6.631579,replay
150,150.000,checkout,0.668421,80.210526,replay
151,151.000,index,0.018421,2.210526,replay
151,151.000,setCurrency,0.036842,4.421053,replay
151,151.000,browseProduct,0.184211,22.105263,replay
151,151.000,addToCart,0.036842,4.421053,replay
151,151.000,viewCart,0.055263,6.631579,replay
151,151.000,checkout,0.668421,80.210526,replay
152,152.000,index,0.018421,2.210526,replay
152,152.000,setCurrency,0.036842,4.421053,replay
152,152.000,browseProduct,0.184211,22.105263,replay
152,152.000,addToCart,0.036842,4.421053,replay
152,152.000,viewCart,0.055263,6.631579,replay
152,152.000,checkout,0.668421,80.210526,replay
153,153.000,index,0.018421,2.210526,replay
153,153.000,setCurrency,0.036842,4.421053,replay
153,153.000,browseProduct,0.184211,22.105263,replay
153,153.000,addToCart,0.036842,4.421053,replay
153,153.000,viewCart,0.055263,6.631579,replay
153,153.000,checkout,0.668421,80.210526,replay
154,154.000,index,0.018421,2.210526,replay
154,154.000,setCurrency,0.036842,4.421053,replay
154,154.000,browseProduct,0.184211,22.105263,replay
154,154.000,addToCart,0.036842,4.421053,replay
154,154.000,viewCart,0.055263,6.631579,replay
154,154.000,checkout,0.668421,80.210526,replay
155,155.000,index,0.018421,2.210526,replay
155,155.000,setCurrency,0.036842,4.421053,replay
155,155.000,browseProduct,0.834211,100.105263,replay
155,155.000,addToCart,0.036842,4.421053,replay
155,155.000,viewCart,0.055263,6.631579,replay
155,155.000,checkout,0.018421,2.210526,replay
156,156.000,index,0.018421,2.210526,replay
156,156.000,setCurrency,0.036842,4.421053,replay
156,156.000,browseProduct,0.834211,100.105263,replay
156,156.000,addToCart,0.036842,4.421053,replay
156,156.000,viewCart,0.055263,6.631579,replay
156,156.000,checkout,0.018421,2.210526,replay
157,157.000,index,0.018421,2.210526,replay
157,157.000,setCurrency,0.036842,4.421053,replay
157,157.000,browseProduct,0.184211,22.105263,replay
157,157.000,addToCart,0.036842,4.421053,replay
157,157.000,viewCart,0.055263,6.631579,replay
157,157.000,checkout,0.668421,80.210526,replay
158,158.000,index,0.018421,2.210526,replay
158,158.000,setCurrency,0.036842,4.421053,replay
158,158.000,browseProduct,0.184211,22.105263,replay
158,158.000,addToCart,0.036842,4.421053,replay
158,158.000,viewCart,0.705263,84.631579,replay
158,158.000,checkout,0.018421,2.210526,replay
159,159.000,index,0.018421,2.210526,replay
159,159.000,setCurrency,0.036842,4.421053,replay
159,159.000,browseProduct,0.184211,22.105263,replay
159,159.000,addToCart,0.036842,4.421053,replay
159,159.000,viewCart,0.705263,84.631579,replay
159,159.000,checkout,0.018421,2.210526,replay
160,160.000,index,0.018421,2.210526,replay
160,160.000,setCurrency,0.036842,4.421053,replay
160,160.000,browseProduct,0.184211,22.105263,replay
160,160.000,addToCart,0.036842,4.421053,replay
160,160.000,viewCart,0.705263,84.631579,replay
160,160.000,checkout,0.018421,2.210526,replay
161,161.000,index,0.018421,2.210526,replay
161,161.000,setCurrency,0.036842,4.421053,replay
161,161.000,browseProduct,0.184211,22.105263,replay
161,161.000,addToCart,0.686842,82.421053,replay
161,161.000,viewCart,0.055263,6.631579,replay
161,161.000,checkout,0.018421,2.210526,replay
162,162.000,index,0.018421,2.210526,replay
162,162.000,setCurrency,0.036842,4.421053,replay
162,162.000,browseProduct,0.184211,22.105263,replay
162,162.000,addToCart,0.686842,82.421053,replay
162,162.000,viewCart,0.055263,6.631579,replay
162,162.000,checkout,0.018421,2.210526,replay
163,163.000,index,0.018421,2.210526,replay
163,163.000,setCurrency,0.036842,4.421053,replay
163,163.000,browseProduct,0.184211,22.105263,replay
163,163.000,addToCart,0.686842,82.421053,replay
163,163.000,viewCart,0.055263,6.631579,replay
163,163.000,checkout,0.018421,2.210526,replay
164,164.000,index,0.018421,2.210526,replay
164,164.000,setCurrency,0.036842,4.421053,replay
164,164.000,browseProduct,0.834211,100.105263,replay
164,164.000,addToCart,0.036842,4.421053,replay
164,164.000,viewCart,0.055263,6.631579,replay
164,164.000,checkout,0.018421,2.210526,replay
165,165.000,index,0.018421,2.210526,replay
165,165.000,setCurrency,0.036842,4.421053,replay
165,165.000,browseProduct,0.184211,22.105263,replay
165,165.000,addToCart,0.036842,4.421053,replay
165,165.000,viewCart,0.055263,6.631579,replay
165,165.000,checkout,0.668421,80.210526,replay
166,166.000,index,0.018421,2.210526,replay
166,166.000,setCurrency,0.036842,4.421053,replay
166,166.000,browseProduct,0.184211,22.105263,replay
166,166.000,addToCart,0.036842,4.421053,replay
166,166.000,viewCart,0.055263,6.631579,replay
166,166.000,checkout,0.668421,80.210526,replay
167,167.000,index,0.018421,2.210526,replay
167,167.000,setCurrency,0.036842,4.421053,replay
167,167.000,browseProduct,0.184211,22.105263,replay
167,167.000,addToCart,0.036842,4.421053,replay
167,167.000,viewCart,0.055263,6.631579,replay
167,167.000,checkout,0.668421,80.210526,replay
168,168.000,index,0.018421,2.210526,replay
168,168.000,setCurrency,0.036842,4.421053,replay
168,168.000,browseProduct,0.184211,22.105263,replay
168,168.000,addToCart,0.036842,4.421053,replay
168,168.000,viewCart,0.055263,6.631579,replay
168,168.000,checkout,0.668421,80.210526,replay
169,169.000,index,0.018421,2.210526,replay
169,169.000,setCurrency,0.686842,82.421053,replay
169,169.000,browseProduct,0.184211,22.105263,replay
169,169.000,addToCart,0.036842,4.421053,replay
169,169.000,viewCart,0.055263,6.631579,replay
169,169.000,checkout,0.018421,2.210526,replay
170,170.000,index,0.018421,2.210526,replay
170,170.000,setCurrency,0.686842,82.421053,replay
170,170.000,browseProduct,0.184211,22.105263,replay
170,170.000,addToCart,0.036842,4.421053,replay
170,170.000,viewCart,0.055263,6.631579,replay
170,170.000,checkout,0.018421,2.210526,replay
171,171.000,index,0.018421,2.210526,replay
171,171.000,setCurrency,0.686842,82.421053,replay
171,171.000,browseProduct,0.184211,22.105263,replay
171,171.000,addToCart,0.036842,4.421053,replay
171,171.000,viewCart,0.055263,6.631579,replay
171,171.000,checkout,0.018421,2.210526,replay
172,172.000,index,0.018421,2.210526,replay
172,172.000,setCurrency,0.686842,82.421053,replay
172,172.000,browseProduct,0.184211,22.105263,replay
172,172.000,addToCart,0.036842,4.421053,replay
172,172.000,viewCart,0.055263,6.631579,replay
172,172.000,checkout,0.018421,2.210526,replay
173,173.000,index,0.018421,2.210526,replay
173,173.000,setCurrency,0.686842,82.421053,replay
173,173.000,browseProduct,0.184211,22.105263,replay
173,173.000,addToCart,0.036842,4.421053,replay
173,173.000,viewCart,0.055263,6.631579,replay
173,173.000,checkout,0.018421,2.210526,replay
174,174.000,index,0.018421,2.210526,replay
174,174.000,setCurrency,0.686842,82.421053,replay
174,174.000,browseProduct,0.184211,22.105263,replay
174,174.000,addToCart,0.036842,4.421053,replay
174,174.000,viewCart,0.055263,6.631579,replay
174,174.000,checkout,0.018421,2.210526,replay
175,175.000,index,0.018421,2.210526,replay
175,175.000,setCurrency,0.686842,82.421053,replay
175,175.000,browseProduct,0.184211,22.105263,replay
175,175.000,addToCart,0.036842,4.421053,replay
175,175.000,viewCart,0.055263,6.631579,replay
175,175.000,checkout,0.018421,2.210526,replay
176,176.000,index,0.018421,2.210526,replay
176,176.000,setCurrency,0.686842,82.421053,replay
176,176.000,browseProduct,0.184211,22.105263,replay
176,176.000,addToCart,0.036842,4.421053,replay
176,176.000,viewCart,0.055263,6.631579,replay
176,176.000,checkout,0.018421,2.210526,replay
177,177.000,index,0.018421,2.210526,replay
177,177.000,setCurrency,0.686842,82.421053,replay
177,177.000,browseProduct,0.184211,22.105263,replay
177,177.000,addToCart,0.036842,4.421053,replay
177,177.000,viewCart,0.055263,6.631579,replay
177,177.000,checkout,0.018421,2.210526,replay
178,178.000,index,0.018421,2.210526,replay
178,178.000,setCurrency,0.036842,4.421053,replay
178,178.000,browseProduct,0.184211,22.105263,replay
178,178.000,addToCart,0.036842,4.421053,replay
178,178.000,viewCart,0.055263,6.631579,replay
178,178.000,checkout,0.668421,80.210526,replay
179,179.000,index,0.018421,2.210526,replay
179,179.000,setCurrency,0.036842,4.421053,replay
179,179.000,browseProduct,0.184211,22.105263,replay
179,179.000,addToCart,0.036842,4.421053,replay
179,179.000,viewCart,0.055263,6.631579,replay
179,179.000,checkout,0.668421,80.210526,replay
180,180.000,index,0.018421,2.210526,replay
180,180.000,setCurrency,0.036842,4.421053,replay
180,180.000,browseProduct,0.184211,22.105263,replay
180,180.000,addToCart,0.036842,4.421053,replay
180,180.000,viewCart,0.055263,6.631579,replay
180,180.000,checkout,0.668421,80.210526,replay
181,181.000,index,0.018421,2.210526,replay
181,181.000,setCurrency,0.036842,4.421053,replay
181,181.000,browseProduct,0.184211,22.105263,replay
181,181.000,addToCart,0.036842,4.421053,replay
181,181.000,viewCart,0.055263,6.631579,replay
181,181.000,checkout,0.668421,80.210526,replay
182,182.000,index,0.668421,80.210526,replay
182,182.000,setCurrency,0.036842,4.421053,replay
182,182.000,browseProduct,0.184211,22.105263,replay
182,182.000,addToCart,0.036842,4.421053,replay
182,182.000,viewCart,0.055263,6.631579,replay
182,182.000,checkout,0.018421,2.210526,replay
183,183.000,index,0.668421,80.210526,replay
183,183.000,setCurrency,0.036842,4.421053,replay
183,183.000,browseProduct,0.184211,22.105263,replay
183,183.000,addToCart,0.036842,4.421053,replay
183,183.000,viewCart,0.055263,6.631579,replay
183,183.000,checkout,0.018421,2.210526,replay
184,184.000,index,0.668421,80.210526,replay
184,184.000,setCurrency,0.036842,4.421053,replay
184,184.000,browseProduct,0.184211,22.105263,replay
184,184.000,addToCart,0.036842,4.421053,replay
184,184.000,viewCart,0.055263,6.631579,replay
184,184.000,checkout,0.018421,2.210526,replay
185,185.000,index,0.668421,80.210526,replay
185,185.000,setCurrency,0.036842,4.421053,replay
185,185.000,browseProduct,0.184211,22.105263,replay
185,185.000,addToCart,0.036842,4.421053,replay
185,185.000,viewCart,0.055263,6.631579,replay
185,185.000,checkout,0.018421,2.210526,replay
186,186.000,index,0.668421,80.210526,replay
186,186.000,setCurrency,0.036842,4.421053,replay
186,186.000,browseProduct,0.184211,22.105263,replay
186,186.000,addToCart,0.036842,4.421053,replay
186,186.000,viewCart,0.055263,6.631579,replay
186,186.000,checkout,0.018421,2.210526,replay
187,187.000,index,0.668421,80.210526,replay
187,187.000,setCurrency,0.036842,4.421053,replay
187,187.000,browseProduct,0.184211,22.105263,replay
187,187.000,addToCart,0.036842,4.421053,replay
187,187.000,viewCart,0.055263,6.631579,replay
187,187.000,checkout,0.018421,2.210526,replay
188,188.000,index,0.668421,80.210526,replay
188,188.000,setCurrency,0.036842,4.421053,replay
188,188.000,browseProduct,0.184211,22.105263,replay
188,188.000,addToCart,0.036842,4.421053,replay
188,188.000,viewCart,0.055263,6.631579,replay
188,188.000,checkout,0.018421,2.210526,replay
189,189.000,index,0.668421,80.210526,replay
189,189.000,setCurrency,0.036842,4.421053,replay
189,189.000,browseProduct,0.184211,22.105263,replay
189,189.000,addToCart,0.036842,4.421053,replay
189,189.000,viewCart,0.055263,6.631579,replay
189,189.000,checkout,0.018421,2.210526,replay
190,190.000,index,0.668421,80.210526,replay
190,190.000,setCurrency,0.036842,4.421053,replay
190,190.000,browseProduct,0.184211,22.105263,replay
190,190.000,addToCart,0.036842,4.421053,replay
190,190.000,viewCart,0.055263,6.631579,replay
190,190.000,checkout,0.018421,2.210526,replay
191,191.000,index,0.668421,80.210526,replay
191,191.000,setCurrency,0.036842,4.421053,replay
191,191.000,browseProduct,0.184211,22.105263,replay
191,191.000,addToCart,0.036842,4.421053,replay
191,191.000,viewCart,0.055263,6.631579,replay
191,191.000,checkout,0.018421,2.210526,replay
192,192.000,index,0.668421,80.210526,replay
192,192.000,setCurrency,0.036842,4.421053,replay
192,192.000,browseProduct,0.184211,22.105263,replay
192,192.000,addToCart,0.036842,4.421053,replay
192,192.000,viewCart,0.055263,6.631579,replay
192,192.000,checkout,0.018421,2.210526,replay
193,193.000,index,0.668421,80.210526,replay
193,193.000,setCurrency,0.036842,4.421053,replay
193,193.000,browseProduct,0.184211,22.105263,replay
193,193.000,addToCart,0.036842,4.421053,replay
193,193.000,viewCart,0.055263,6.631579,replay
193,193.000,checkout,0.018421,2.210526,replay
194,194.000,index,0.668421,80.210526,replay
194,194.000,setCurrency,0.036842,4.421053,replay
194,194.000,browseProduct,0.184211,22.105263,replay
194,194.000,addToCart,0.036842,4.421053,replay
194,194.000,viewCart,0.055263,6.631579,replay
194,194.000,checkout,0.018421,2.210526,replay
195,195.000,index,0.018421,2.210526,replay
195,195.000,setCurrency,0.036842,4.421053,replay
195,195.000,browseProduct,0.184211,22.105263,replay
195,195.000,addToCart,0.036842,4.421053,replay
195,195.000,viewCart,0.055263,6.631579,replay
195,195.000,checkout,0.668421,80.210526,replay
196,196.000,index,0.018421,2.210526,replay
196,196.000,setCurrency,0.036842,4.421053,replay
196,196.000,browseProduct,0.184211,22.105263,replay
196,196.000,addToCart,0.036842,4.421053,replay
196,196.000,viewCart,0.055263,6.631579,replay
196,196.000,checkout,0.668421,80.210526,replay
197,197.000,index,0.018421,2.210526,replay
197,197.000,setCurrency,0.036842,4.421053,replay
197,197.000,browseProduct,0.184211,22.105263,replay
197,197.000,addToCart,0.036842,4.421053,replay
197,197.000,viewCart,0.055263,6.631579,replay
197,197.000,checkout,0.668421,80.210526,replay
198,198.000,index,0.018421,2.210526,replay
198,198.000,setCurrency,0.036842,4.421053,replay
198,198.000,browseProduct,0.184211,22.105263,replay
198,198.000,addToCart,0.036842,4.421053,replay
198,198.000,viewCart,0.055263,6.631579,replay
198,198.000,checkout,0.668421,80.210526,replay
199,199.000,index,0.018421,2.210526,replay
199,199.000,setCurrency,0.686842,82.421053,replay
199,199.000,browseProduct,0.184211,22.105263,replay
199,199.000,addToCart,0.036842,4.421053,replay
199,199.000,viewCart,0.055263,6.631579,replay
199,199.000,checkout,0.018421,2.210526,replay
200,200.000,index,0.018421,2.210526,replay
200,200.000,setCurrency,0.686842,82.421053,replay
200,200.000,browseProduct,0.184211,22.105263,replay
200,200.000,addToCart,0.036842,4.421053,replay
200,200.000,viewCart,0.055263,6.631579,replay
200,200.000,checkout,0.018421,2.210526,replay
201,201.000,index,0.018421,2.210526,replay
201,201.000,setCurrency,0.686842,82.421053,replay
201,201.000,browseProduct,0.184211,22.105263,replay
201,201.000,addToCart,0.036842,4.421053,replay
201,201.000,viewCart,0.055263,6.631579,replay
201,201.000,checkout,0.018421,2.210526,replay
202,202.000,index,0.018421,2.210526,replay
202,202.000,setCurrency,0.686842,82.421053,replay
202,202.000,browseProduct,0.184211,22.105263,replay
202,202.000,addToCart,0.036842,4.421053,replay
202,202.000,viewCart,0.055263,6.631579,replay
202,202.000,checkout,0.018421,2.210526,replay
203,203.000,index,0.018421,2.210526,replay
203,203.000,setCurrency,0.686842,82.421053,replay
203,203.000,browseProduct,0.184211,22.105263,replay
203,203.000,addToCart,0.036842,4.421053,replay
203,203.000,viewCart,0.055263,6.631579,replay
203,203.000,checkout,0.018421,2.210526,replay
204,204.000,index,0.018421,2.210526,replay
204,204.000,setCurrency,0.686842,82.421053,replay
204,204.000,browseProduct,0.184211,22.105263,replay
204,204.000,addToCart,0.036842,4.421053,replay
204,204.000,viewCart,0.055263,6.631579,replay
204,204.000,checkout,0.018421,2.210526,replay
205,205.000,index,0.018421,2.210526,replay
205,205.000,setCurrency,0.686842,82.421053,replay
205,205.000,browseProduct,0.184211,22.105263,replay
205,205.000,addToCart,0.036842,4.421053,replay
205,205.000,viewCart,0.055263,6.631579,replay
205,205.000,checkout,0.018421,2.210526,replay
206,206.000,index,0.018421,2.210526,replay
206,206.000,setCurrency,0.686842,82.421053,replay
206,206.000,browseProduct,0.184211,22.105263,replay
206,206.000,addToCart,0.036842,4.421053,replay
206,206.000,viewCart,0.055263,6.631579,replay
206,206.000,checkout,0.018421,2.210526,replay
207,207.000,index,0.668421,80.210526,replay
207,207.000,setCurrency,0.036842,4.421053,replay
207,207.000,browseProduct,0.184211,22.105263,replay
207,207.000,addToCart,0.036842,4.421053,replay
207,207.000,viewCart,0.055263,6.631579,replay
207,207.000,checkout,0.018421,2.210526,replay
208,208.000,index,0.668421,80.210526,replay
208,208.000,setCurrency,0.036842,4.421053,replay
208,208.000,browseProduct,0.184211,22.105263,replay
208,208.000,addToCart,0.036842,4.421053,replay
208,208.000,viewCart,0.055263,6.631579,replay
208,208.000,checkout,0.018421,2.210526,replay
209,209.000,index,0.668421,80.210526,replay
209,209.000,setCurrency,0.036842,4.421053,replay
209,209.000,browseProduct,0.184211,22.105263,replay
209,209.000,addToCart,0.036842,4.421053,replay
209,209.000,viewCart,0.055263,6.631579,replay
209,209.000,checkout,0.018421,2.210526,replay
210,210.000,index,0.018421,2.210526,replay
210,210.000,setCurrency,0.036842,4.421053,replay
210,210.000,browseProduct,0.184211,22.105263,replay
210,210.000,addToCart,0.686842,82.421053,replay
210,210.000,viewCart,0.055263,6.631579,replay
210,210.000,checkout,0.018421,2.210526,replay
211,211.000,index,0.018421,2.210526,replay
211,211.000,setCurrency,0.036842,4.421053,replay
211,211.000,browseProduct,0.184211,22.105263,replay
211,211.000,addToCart,0.686842,82.421053,replay
211,211.000,viewCart,0.055263,6.631579,replay
211,211.000,checkout,0.018421,2.210526,replay
212,212.000,index,0.018421,2.210526,replay
212,212.000,setCurrency,0.036842,4.421053,replay
212,212.000,browseProduct,0.184211,22.105263,replay
212,212.000,addToCart,0.686842,82.421053,replay
212,212.000,viewCart,0.055263,6.631579,replay
212,212.000,checkout,0.018421,2.210526,replay
213,213.000,index,0.018421,2.210526,replay
213,213.000,setCurrency,0.036842,4.421053,replay
213,213.000,browseProduct,0.184211,22.105263,replay
213,213.000,addToCart,0.686842,82.421053,replay
213,213.000,viewCart,0.055263,6.631579,replay
213,213.000,checkout,0.018421,2.210526,replay
214,214.000,index,0.018421,2.210526,replay
214,214.000,setCurrency,0.036842,4.421053,replay
214,214.000,browseProduct,0.184211,22.105263,replay
214,214.000,addToCart,0.686842,82.421053,replay
214,214.000,viewCart,0.055263,6.631579,replay
214,214.000,checkout,0.018421,2.210526,replay
215,215.000,index,0.018421,2.210526,replay
215,215.000,setCurrency,0.686842,82.421053,replay
215,215.000,browseProduct,0.184211,22.105263,replay
215,215.000,addToCart,0.036842,4.421053,replay
215,215.000,viewCart,0.055263,6.631579,replay
215,215.000,checkout,0.018421,2.210526,replay
216,216.000,index,0.018421,2.210526,replay
216,216.000,setCurrency,0.036842,4.421053,replay
216,216.000,browseProduct,0.184211,22.105263,replay
216,216.000,addToCart,0.686842,82.421053,replay
216,216.000,viewCart,0.055263,6.631579,replay
216,216.000,checkout,0.018421,2.210526,replay
217,217.000,index,0.668421,80.210526,replay
217,217.000,setCurrency,0.036842,4.421053,replay
217,217.000,browseProduct,0.184211,22.105263,replay
217,217.000,addToCart,0.036842,4.421053,replay
217,217.000,viewCart,0.055263,6.631579,replay
217,217.000,checkout,0.018421,2.210526,replay
218,218.000,index,0.018421,2.210526,replay
218,218.000,setCurrency,0.036842,4.421053,replay
218,218.000,browseProduct,0.184211,22.105263,replay
218,218.000,addToCart,0.036842,4.421053,replay
218,218.000,viewCart,0.705263,84.631579,replay
218,218.000,checkout,0.018421,2.210526,replay
219,219.000,index,0.018421,2.210526,replay
219,219.000,setCurrency,0.036842,4.421053,replay
219,219.000,browseProduct,0.184211,22.105263,replay
219,219.000,addToCart,0.036842,4.421053,replay
219,219.000,viewCart,0.055263,6.631579,replay
219,219.000,checkout,0.668421,80.210526,replay
220,220.000,index,0.018421,2.210526,replay
220,220.000,setCurrency,0.036842,4.421053,replay
220,220.000,browseProduct,0.184211,22.105263,replay
220,220.000,addToCart,0.036842,4.421053,replay
220,220.000,viewCart,0.705263,84.631579,replay
220,220.000,checkout,0.018421,2.210526,replay
221,221.000,index,0.018421,2.210526,replay
221,221.000,setCurrency,0.036842,4.421053,replay
221,221.000,browseProduct,0.184211,22.105263,replay
221,221.000,addToCart,0.036842,4.421053,replay
221,221.000,viewCart,0.705263,84.631579,replay
221,221.000,checkout,0.018421,2.210526,replay
222,222.000,index,0.018421,2.210526,replay
222,222.000,setCurrency,0.036842,4.421053,replay
222,222.000,browseProduct,0.184211,22.105263,replay
222,222.000,addToCart,0.036842,4.421053,replay
222,222.000,viewCart,0.705263,84.631579,replay
222,222.000,checkout,0.018421,2.210526,replay
223,223.000,index,0.018421,2.210526,replay
223,223.000,setCurrency,0.036842,4.421053,replay
223,223.000,browseProduct,0.184211,22.105263,replay
223,223.000,addToCart,0.036842,4.421053,replay
223,223.000,viewCart,0.705263,84.631579,replay
223,223.000,checkout,0.018421,2.210526,replay
224,224.000,index,0.018421,2.210526,replay
224,224.000,setCurrency,0.036842,4.421053,replay
224,224.000,browseProduct,0.184211,22.105263,replay
224,224.000,addToCart,0.036842,4.421053,replay
224,224.000,viewCart,0.705263,84.631579,replay
224,224.000,checkout,0.018421,2.210526,replay
225,225.000,index,0.018421,2.210526,replay
225,225.000,setCurrency,0.036842,4.421053,replay
225,225.000,browseProduct,0.184211,22.105263,replay
225,225.000,addToCart,0.036842,4.421053,replay
225,225.000,viewCart,0.705263,84.631579,replay
225,225.000,checkout,0.018421,2.210526,replay
226,226.000,index,0.018421,2.210526,replay
226,226.000,setCurrency,0.036842,4.421053,replay
226,226.000,browseProduct,0.184211,22.105263,replay
226,226.000,addToCart,0.686842,82.421053,replay
226,226.000,viewCart,0.055263,6.631579,replay
226,226.000,checkout,0.018421,2.210526,replay
227,227.000,index,0.668421,80.210526,replay
227,227.000,setCurrency,0.036842,4.421053,replay
227,227.000,browseProduct,0.184211,22.105263,replay
227,227.000,addToCart,0.036842,4.421053,replay
227,227.000,viewCart,0.055263,6.631579,replay
227,227.000,checkout,0.018421,2.210526,replay
228,228.000,index,0.018421,2.210526,replay
228,228.000,setCurrency,0.686842,82.421053,replay
228,228.000,browseProduct,0.184211,22.105263,replay
228,228.000,addToCart,0.036842,4.421053,replay
228,228.000,viewCart,0.055263,6.631579,replay
228,228.000,checkout,0.018421,2.210526,replay
229,229.000,index,0.018421,2.210526,replay
229,229.000,setCurrency,0.686842,82.421053,replay
229,229.000,browseProduct,0.184211,22.105263,replay
229,229.000,addToCart,0.036842,4.421053,replay
229,229.000,viewCart,0.055263,6.631579,replay
229,229.000,checkout,0.018421,2.210526,replay
230,230.000,index,0.018421,2.210526,replay
230,230.000,setCurrency,0.686842,82.421053,replay
230,230.000,browseProduct,0.184211,22.105263,replay
230,230.000,addToCart,0.036842,4.421053,replay
230,230.000,viewCart,0.055263,6.631579,replay
230,230.000,checkout,0.018421,2.210526,replay
231,231.000,index,0.018421,2.210526,replay
231,231.000,setCurrency,0.686842,82.421053,replay
231,231.000,browseProduct,0.184211,22.105263,replay
231,231.000,addToCart,0.036842,4.421053,replay
231,231.000,viewCart,0.055263,6.631579,replay
231,231.000,checkout,0.018421,2.210526,replay
232,232.000,index,0.018421,2.210526,replay
232,232.000,setCurrency,0.686842,82.421053,replay
232,232.000,browseProduct,0.184211,22.105263,replay
232,232.000,addToCart,0.036842,4.421053,replay
232,232.000,viewCart,0.055263,6.631579,replay
232,232.000,checkout,0.018421,2.210526,replay
233,233.000,index,0.018421,2.210526,replay
233,233.000,setCurrency,0.036842,4.421053,replay
233,233.000,browseProduct,0.184211,22.105263,replay
233,233.000,addToCart,0.686842,82.421053,replay
233,233.000,viewCart,0.055263,6.631579,replay
233,233.000,checkout,0.018421,2.210526,replay
234,234.000,index,0.018421,2.210526,replay
234,234.000,setCurrency,0.036842,4.421053,replay
234,234.000,browseProduct,0.184211,22.105263,replay
234,234.000,addToCart,0.686842,82.421053,replay
234,234.000,viewCart,0.055263,6.631579,replay
234,234.000,checkout,0.018421,2.210526,replay
235,235.000,index,0.018421,2.210526,replay
235,235.000,setCurrency,0.036842,4.421053,replay
235,235.000,browseProduct,0.184211,22.105263,replay
235,235.000,addToCart,0.036842,4.421053,replay
235,235.000,viewCart,0.055263,6.631579,replay
235,235.000,checkout,0.668421,80.210526,replay
236,236.000,index,0.018421,2.210526,replay
236,236.000,setCurrency,0.036842,4.421053,replay
236,236.000,browseProduct,0.184211,22.105263,replay
236,236.000,addToCart,0.036842,4.421053,replay
236,236.000,viewCart,0.055263,6.631579,replay
236,236.000,checkout,0.668421,80.210526,replay
237,237.000,index,0.018421,2.210526,replay
237,237.000,setCurrency,0.036842,4.421053,replay
237,237.000,browseProduct,0.184211,22.105263,replay
237,237.000,addToCart,0.036842,4.421053,replay
237,237.000,viewCart,0.055263,6.631579,replay
237,237.000,checkout,0.668421,80.210526,replay
238,238.000,index,0.018421,2.210526,replay
238,238.000,setCurrency,0.036842,4.421053,replay
238,238.000,browseProduct,0.184211,22.105263,replay
238,238.000,addToCart,0.036842,4.421053,replay
238,238.000,viewCart,0.055263,6.631579,replay
238,238.000,checkout,0.668421,80.210526,replay
239,239.000,index,0.018421,2.210526,replay
239,239.000,setCurrency,0.036842,4.421053,replay
239,239.000,browseProduct,0.184211,22.105263,replay
239,239.000,addToCart,0.036842,4.421053,replay
239,239.000,viewCart,0.055263,6.631579,replay
239,239.000,checkout,0.668421,80.210526,replay
240,240.000,index,0.018421,2.210526,replay
240,240.000,setCurrency,0.036842,4.421053,replay
240,240.000,browseProduct,0.184211,22.105263,replay
240,240.000,addToCart,0.036842,4.421053,replay
240,240.000,viewCart,0.055263,6.631579,replay
240,240.000,checkout,0.668421,80.210526,replay
241,241.000,index,0.018421,2.210526,replay
241,241.000,setCurrency,0.036842,4.421053,replay
241,241.000,browseProduct,0.184211,22.105263,replay
241,241.000,addToCart,0.036842,4.421053,replay
241,241.000,viewCart,0.055263,6.631579,replay
241,241.000,checkout,0.668421,80.210526,replay
242,242.000,index,0.018421,2.210526,replay
242,242.000,setCurrency,0.036842,4.421053,replay
242,242.000,browseProduct,0.184211,22.105263,replay
242,242.000,addToCart,0.036842,4.421053,replay
242,242.000,viewCart,0.055263,6.631579,replay
242,242.000,checkout,0.668421,80.210526,replay
243,243.000,index,0.018421,2.210526,replay
243,243.000,setCurrency,0.036842,4.421053,replay
243,243.000,browseProduct,0.184211,22.105263,replay
243,243.000,addToCart,0.036842,4.421053,replay
243,243.000,viewCart,0.055263,6.631579,replay
243,243.000,checkout,0.668421,80.210526,replay
244,244.000,index,0.018421,2.210526,replay
244,244.000,setCurrency,0.036842,4.421053,replay
244,244.000,browseProduct,0.184211,22.105263,replay
244,244.000,addToCart,0.036842,4.421053,replay
244,244.000,viewCart,0.055263,6.631579,replay
244,244.000,checkout,0.668421,80.210526,replay
245,245.000,index,0.018421,2.210526,replay
245,245.000,setCurrency,0.036842,4.421053,replay
245,245.000,browseProduct,0.184211,22.105263,replay
245,245.000,addToCart,0.036842,4.421053,replay
245,245.000,viewCart,0.055263,6.631579,replay
245,245.000,checkout,0.668421,80.210526,replay
246,246.000,index,0.018421,2.210526,replay
246,246.000,setCurrency,0.036842,4.421053,replay
246,246.000,browseProduct,0.184211,22.105263,replay
246,246.000,addToCart,0.036842,4.421053,replay
246,246.000,viewCart,0.055263,6.631579,replay
246,246.000,checkout,0.668421,80.210526,replay
247,247.000,index,0.018421,2.210526,replay
247,247.000,setCurrency,0.036842,4.421053,replay
247,247.000,browseProduct,0.184211,22.105263,replay
247,247.000,addToCart,0.036842,4.421053,replay
247,247.000,viewCart,0.055263,6.631579,replay
247,247.000,checkout,0.668421,80.210526,replay
248,248.000,index,0.018421,2.210526,replay
248,248.000,setCurrency,0.686842,82.421053,replay
248,248.000,browseProduct,0.184211,22.105263,replay
248,248.000,addToCart,0.036842,4.421053,replay
248,248.000,viewCart,0.055263,6.631579,replay
248,248.000,checkout,0.018421,2.210526,replay
249,249.000,index,0.018421,2.210526,replay
249,249.000,setCurrency,0.036842,4.421053,replay
249,249.000,browseProduct,0.184211,22.105263,replay
249,249.000,addToCart,0.036842,4.421053,replay
249,249.000,viewCart,0.055263,6.631579,replay
249,249.000,checkout,0.668421,80.210526,replay
250,250.000,index,0.018421,2.210526,replay
250,250.000,setCurrency,0.036842,4.421053,replay
250,250.000,browseProduct,0.184211,22.105263,replay
250,250.000,addToCart,0.036842,4.421053,replay
250,250.000,viewCart,0.055263,6.631579,replay
250,250.000,checkout,0.668421,80.210526,replay
251,251.000,index,0.018421,2.210526,replay
251,251.000,setCurrency,0.036842,4.421053,replay
251,251.000,browseProduct,0.184211,22.105263,replay
251,251.000,addToCart,0.036842,4.421053,replay
251,251.000,viewCart,0.055263,6.631579,replay
251,251.000,checkout,0.668421,80.210526,replay
252,252.000,index,0.018421,2.210526,replay
252,252.000,setCurrency,0.036842,4.421053,replay
252,252.000,browseProduct,0.184211,22.105263,replay
252,252.000,addToCart,0.686842,82.421053,replay
252,252.000,viewCart,0.055263,6.631579,replay
252,252.000,checkout,0.018421,2.210526,replay
253,253.000,index,0.018421,2.210526,replay
253,253.000,setCurrency,0.036842,4.421053,replay
253,253.000,browseProduct,0.184211,22.105263,replay
253,253.000,addToCart,0.686842,82.421053,replay
253,253.000,viewCart,0.055263,6.631579,replay
253,253.000,checkout,0.018421,2.210526,replay
254,254.000,index,0.018421,2.210526,replay
254,254.000,setCurrency,0.036842,4.421053,replay
254,254.000,browseProduct,0.834211,100.105263,replay
254,254.000,addToCart,0.036842,4.421053,replay
254,254.000,viewCart,0.055263,6.631579,replay
254,254.000,checkout,0.018421,2.210526,replay
255,255.000,index,0.018421,2.210526,replay
255,255.000,setCurrency,0.036842,4.421053,replay
255,255.000,browseProduct,0.834211,100.105263,replay
255,255.000,addToCart,0.036842,4.421053,replay
255,255.000,viewCart,0.055263,6.631579,replay
255,255.000,checkout,0.018421,2.210526,replay
256,256.000,index,0.018421,2.210526,replay
256,256.000,setCurrency,0.686842,82.421053,replay
256,256.000,browseProduct,0.184211,22.105263,replay
256,256.000,addToCart,0.036842,4.421053,replay
256,256.000,viewCart,0.055263,6.631579,replay
256,256.000,checkout,0.018421,2.210526,replay
257,257.000,index,0.018421,2.210526,replay
257,257.000,setCurrency,0.686842,82.421053,replay
257,257.000,browseProduct,0.184211,22.105263,replay
257,257.000,addToCart,0.036842,4.421053,replay
257,257.000,viewCart,0.055263,6.631579,replay
257,257.000,checkout,0.018421,2.210526,replay
258,258.000,index,0.018421,2.210526,replay
258,258.000,setCurrency,0.686842,82.421053,replay
258,258.000,browseProduct,0.184211,22.105263,replay
258,258.000,addToCart,0.036842,4.421053,replay
258,258.000,viewCart,0.055263,6.631579,replay
258,258.000,checkout,0.018421,2.210526,replay
259,259.000,index,0.018421,2.210526,replay
259,259.000,setCurrency,0.036842,4.421053,replay
259,259.000,browseProduct,0.834211,100.105263,replay
259,259.000,addToCart,0.036842,4.421053,replay
259,259.000,viewCart,0.055263,6.631579,replay
259,259.000,checkout,0.018421,2.210526,replay
260,260.000,index,0.018421,2.210526,replay
260,260.000,setCurrency,0.036842,4.421053,replay
260,260.000,browseProduct,0.834211,100.105263,replay
260,260.000,addToCart,0.036842,4.421053,replay
260,260.000,viewCart,0.055263,6.631579,replay
260,260.000,checkout,0.018421,2.210526,replay
261,261.000,index,0.018421,2.210526,replay
261,261.000,setCurrency,0.036842,4.421053,replay
261,261.000,browseProduct,0.834211,100.105263,replay
261,261.000,addToCart,0.036842,4.421053,replay
261,261.000,viewCart,0.055263,6.631579,replay
261,261.000,checkout,0.018421,2.210526,replay
262,262.000,index,0.668421,80.210526,replay
262,262.000,setCurrency,0.036842,4.421053,replay
262,262.000,browseProduct,0.184211,22.105263,replay
262,262.000,addToCart,0.036842,4.421053,replay
262,262.000,viewCart,0.055263,6.631579,replay
262,262.000,checkout,0.018421,2.210526,replay
263,263.000,index,0.668421,80.210526,replay
263,263.000,setCurrency,0.036842,4.421053,replay
263,263.000,browseProduct,0.184211,22.105263,replay
263,263.000,addToCart,0.036842,4.421053,replay
263,263.000,viewCart,0.055263,6.631579,replay
263,263.000,checkout,0.018421,2.210526,replay
264,264.000,index,0.018421,2.210526,replay
264,264.000,setCurrency,0.036842,4.421053,replay
264,264.000,browseProduct,0.184211,22.105263,replay
264,264.000,addToCart,0.036842,4.421053,replay
264,264.000,viewCart,0.705263,84.631579,replay
264,264.000,checkout,0.018421,2.210526,replay
265,265.000,index,0.018421,2.210526,replay
265,265.000,setCurrency,0.036842,4.421053,replay
265,265.000,browseProduct,0.184211,22.105263,replay
265,265.000,addToCart,0.036842,4.421053,replay
265,265.000,viewCart,0.705263,84.631579,replay
265,265.000,checkout,0.018421,2.210526,replay
266,266.000,index,0.018421,2.210526,replay
266,266.000,setCurrency,0.686842,82.421053,replay
266,266.000,browseProduct,0.184211,22.105263,replay
266,266.000,addToCart,0.036842,4.421053,replay
266,266.000,viewCart,0.055263,6.631579,replay
266,266.000,checkout,0.018421,2.210526,replay
267,267.000,index,0.018421,2.210526,replay
267,267.000,setCurrency,0.686842,82.421053,replay
267,267.000,browseProduct,0.184211,22.105263,replay
267,267.000,addToCart,0.036842,4.421053,replay
267,267.000,viewCart,0.055263,6.631579,replay
267,267.000,checkout,0.018421,2.210526,replay
268,268.000,index,0.018421,2.210526,replay
268,268.000,setCurrency,0.686842,82.421053,replay
268,268.000,browseProduct,0.184211,22.105263,replay
268,268.000,addToCart,0.036842,4.421053,replay
268,268.000,viewCart,0.055263,6.631579,replay
268,268.000,checkout,0.018421,2.210526,replay
269,269.000,index,0.018421,2.210526,replay
269,269.000,setCurrency,0.686842,82.421053,replay
269,269.000,browseProduct,0.184211,22.105263,replay
269,269.000,addToCart,0.036842,4.421053,replay
269,269.000,viewCart,0.055263,6.631579,replay
269,269.000,checkout,0.018421,2.210526,replay
270,270.000,index,0.018421,2.210526,replay
270,270.000,setCurrency,0.686842,82.421053,replay
270,270.000,browseProduct,0.184211,22.105263,replay
270,270.000,addToCart,0.036842,4.421053,replay
270,270.000,viewCart,0.055263,6.631579,replay
270,270.000,checkout,0.018421,2.210526,replay
271,271.000,index,0.018421,2.210526,replay
271,271.000,setCurrency,0.686842,82.421053,replay
271,271.000,browseProduct,0.184211,22.105263,replay
271,271.000,addToCart,0.036842,4.421053,replay
271,271.000,viewCart,0.055263,6.631579,replay
271,271.000,checkout,0.018421,2.210526,replay
272,272.000,index,0.018421,2.210526,replay
272,272.000,setCurrency,0.686842,82.421053,replay
272,272.000,browseProduct,0.184211,22.105263,replay
272,272.000,addToCart,0.036842,4.421053,replay
272,272.000,viewCart,0.055263,6.631579,replay
272,272.000,checkout,0.018421,2.210526,replay
273,273.000,index,0.018421,2.210526,replay
273,273.000,setCurrency,0.686842,82.421053,replay
273,273.000,browseProduct,0.184211,22.105263,replay
273,273.000,addToCart,0.036842,4.421053,replay
273,273.000,viewCart,0.055263,6.631579,replay
273,273.000,checkout,0.018421,2.210526,replay
274,274.000,index,0.018421,2.210526,replay
274,274.000,setCurrency,0.686842,82.421053,replay
274,274.000,browseProduct,0.184211,22.105263,replay
274,274.000,addToCart,0.036842,4.421053,replay
274,274.000,viewCart,0.055263,6.631579,replay
274,274.000,checkout,0.018421,2.210526,replay
275,275.000,index,0.018421,2.210526,replay
275,275.000,setCurrency,0.686842,82.421053,replay
275,275.000,browseProduct,0.184211,22.105263,replay
275,275.000,addToCart,0.036842,4.421053,replay
275,275.000,viewCart,0.055263,6.631579,replay
275,275.000,checkout,0.018421,2.210526,replay
276,276.000,index,0.018421,2.210526,replay
276,276.000,setCurrency,0.686842,82.421053,replay
276,276.000,browseProduct,0.184211,22.105263,replay
276,276.000,addToCart,0.036842,4.421053,replay
276,276.000,viewCart,0.055263,6.631579,replay
276,276.000,checkout,0.018421,2.210526,replay
277,277.000,index,0.018421,2.210526,replay
277,277.000,setCurrency,0.686842,82.421053,replay
277,277.000,browseProduct,0.184211,22.105263,replay
277,277.000,addToCart,0.036842,4.421053,replay
277,277.000,viewCart,0.055263,6.631579,replay
277,277.000,checkout,0.018421,2.210526,replay
278,278.000,index,0.018421,2.210526,replay
278,278.000,setCurrency,0.686842,82.421053,replay
278,278.000,browseProduct,0.184211,22.105263,replay
278,278.000,addToCart,0.036842,4.421053,replay
278,278.000,viewCart,0.055263,6.631579,replay
278,278.000,checkout,0.018421,2.210526,replay
279,279.000,index,0.018421,2.210526,replay
279,279.000,setCurrency,0.686842,82.421053,replay
279,279.000,browseProduct,0.184211,22.105263,replay
279,279.000,addToCart,0.036842,4.421053,replay
279,279.000,viewCart,0.055263,6.631579,replay
279,279.000,checkout,0.018421,2.210526,replay
280,280.000,index,0.018421,2.210526,replay
280,280.000,setCurrency,0.686842,82.421053,replay
280,280.000,browseProduct,0.184211,22.105263,replay
280,280.000,addToCart,0.036842,4.421053,replay
280,280.000,viewCart,0.055263,6.631579,replay
280,280.000,checkout,0.018421,2.210526,replay
281,281.000,index,0.018421,2.210526,replay
281,281.000,setCurrency,0.686842,82.421053,replay
281,281.000,browseProduct,0.184211,22.105263,replay
281,281.000,addToCart,0.036842,4.421053,replay
281,281.000,viewCart,0.055263,6.631579,replay
281,281.000,checkout,0.018421,2.210526,replay
282,282.000,index,0.018421,2.210526,replay
282,282.000,setCurrency,0.686842,82.421053,replay
282,282.000,browseProduct,0.184211,22.105263,replay
282,282.000,addToCart,0.036842,4.421053,replay
282,282.000,viewCart,0.055263,6.631579,replay
282,282.000,checkout,0.018421,2.210526,replay
283,283.000,index,0.018421,2.210526,replay
283,283.000,setCurrency,0.686842,82.421053,replay
283,283.000,browseProduct,0.184211,22.105263,replay
283,283.000,addToCart,0.036842,4.421053,replay
283,283.000,viewCart,0.055263,6.631579,replay
283,283.000,checkout,0.018421,2.210526,replay
284,284.000,index,0.018421,2.210526,replay
284,284.000,setCurrency,0.686842,82.421053,replay
284,284.000,browseProduct,0.184211,22.105263,replay
284,284.000,addToCart,0.036842,4.421053,replay
284,284.000,viewCart,0.055263,6.631579,replay
284,284.000,checkout,0.018421,2.210526,replay
285,285.000,index,0.018421,2.210526,replay
285,285.000,setCurrency,0.686842,82.421053,replay
285,285.000,browseProduct,0.184211,22.105263,replay
285,285.000,addToCart,0.036842,4.421053,replay
285,285.000,viewCart,0.055263,6.631579,replay
285,285.000,checkout,0.018421,2.210526,replay
286,286.000,index,0.018421,2.210526,replay
286,286.000,setCurrency,0.686842,82.421053,replay
286,286.000,browseProduct,0.184211,22.105263,replay
286,286.000,addToCart,0.036842,4.421053,replay
286,286.000,viewCart,0.055263,6.631579,replay
286,286.000,checkout,0.018421,2.210526,replay
287,287.000,index,0.018421,2.210526,replay
287,287.000,setCurrency,0.686842,82.421053,replay
287,287.000,browseProduct,0.184211,22.105263,replay
287,287.000,addToCart,0.036842,4.421053,replay
287,287.000,viewCart,0.055263,6.631579,replay
287,287.000,checkout,0.018421,2.210526,replay
288,288.000,index,0.018421,2.210526,replay
288,288.000,setCurrency,0.036842,4.421053,replay
288,288.000,browseProduct,0.184211,22.105263,replay
288,288.000,addToCart,0.036842,4.421053,replay
288,288.000,viewCart,0.705263,84.631579,replay
288,288.000,checkout,0.018421,2.210526,replay
289,289.000,index,0.018421,2.210526,replay
289,289.000,setCurrency,0.036842,4.421053,replay
289,289.000,browseProduct,0.184211,22.105263,replay
289,289.000,addToCart,0.036842,4.421053,replay
289,289.000,viewCart,0.705263,84.631579,replay
289,289.000,checkout,0.018421,2.210526,replay
290,290.000,index,0.018421,2.210526,replay
290,290.000,setCurrency,0.036842,4.421053,replay
290,290.000,browseProduct,0.184211,22.105263,replay
290,290.000,addToCart,0.036842,4.421053,replay
290,290.000,viewCart,0.705263,84.631579,replay
290,290.000,checkout,0.018421,2.210526,replay
291,291.000,index,0.018421,2.210526,replay
291,291.000,setCurrency,0.036842,4.421053,replay
291,291.000,browseProduct,0.184211,22.105263,replay
291,291.000,addToCart,0.036842,4.421053,replay
291,291.000,viewCart,0.705263,84.631579,replay
291,291.000,checkout,0.018421,2.210526,replay
292,292.000,index,0.018421,2.210526,replay
292,292.000,setCurrency,0.036842,4.421053,replay
292,292.000,browseProduct,0.184211,22.105263,replay
292,292.000,addToCart,0.036842,4.421053,replay
292,292.000,viewCart,0.705263,84.631579,replay
292,292.000,checkout,0.018421,2.210526,replay
293,293.000,index,0.018421,2.210526,replay
293,293.000,setCurrency,0.036842,4.421053,replay
293,293.000,browseProduct,0.184211,22.105263,replay
293,293.000,addToCart,0.036842,4.421053,replay
293,293.000,viewCart,0.705263,84.631579,replay
293,293.000,checkout,0.018421,2.210526,replay
294,294.000,index,0.018421,2.210526,replay
294,294.000,setCurrency,0.036842,4.421053,replay
294,294.000,browseProduct,0.184211,22.105263,replay
294,294.000,addToCart,0.036842,4.421053,replay
294,294.000,viewCart,0.705263,84.631579,replay
294,294.000,checkout,0.018421,2.210526,replay
295,295.000,index,0.018421,2.210526,replay
295,295.000,setCurrency,0.036842,4.421053,replay
295,295.000,browseProduct,0.184211,22.105263,replay
295,295.000,addToCart,0.036842,4.421053,replay
295,295.000,viewCart,0.705263,84.631579,replay
295,295.000,checkout,0.018421,2.210526,replay
296,296.000,index,0.018421,2.210526,replay
296,296.000,setCurrency,0.036842,4.421053,replay
296,296.000,browseProduct,0.184211,22.105263,replay
296,296.000,addToCart,0.036842,4.421053,replay
296,296.000,viewCart,0.705263,84.631579,replay
296,296.000,checkout,0.018421,2.210526,replay
297,297.000,index,0.018421,2.210526,replay
297,297.000,setCurrency,0.036842,4.421053,replay
297,297.000,browseProduct,0.184211,22.105263,replay
297,297.000,addToCart,0.036842,4.421053,replay
297,297.000,viewCart,0.705263,84.631579,replay
297,297.000,checkout,0.018421,2.210526,replay
298,298.000,index,0.018421,2.210526,replay
298,298.000,setCurrency,0.036842,4.421053,replay
298,298.000,browseProduct,0.184211,22.105263,replay
298,298.000,addToCart,0.036842,4.421053,replay
298,298.000,viewCart,0.705263,84.631579,replay
298,298.000,checkout,0.018421,2.210526,replay
299,299.000,index,0.018421,2.210526,replay
299,299.000,setCurrency,0.036842,4.421053,replay
299,299.000,browseProduct,0.184211,22.105263,replay
299,299.000,addToCart,0.686842,82.421053,replay
299,299.000,viewCart,0.055263,6.631579,replay
299,299.000,checkout,0.018421,2.210526,replay
300,300.000,index,0.018421,2.210526,replay
300,300.000,setCurrency,0.036842,4.421053,replay
300,300.000,browseProduct,0.184211,22.105263,replay
300,300.000,addToCart,0.686842,82.421053,replay
300,300.000,viewCart,0.055263,6.631579,replay
300,300.000,checkout,0.018421,2.210526,replay
301,301.000,index,0.018421,2.210526,replay
301,301.000,setCurrency,0.036842,4.421053,replay
301,301.000,browseProduct,0.184211,22.105263,replay
301,301.000,addToCart,0.686842,82.421053,replay
301,301.000,viewCart,0.055263,6.631579,replay
301,301.000,checkout,0.018421,2.210526,replay
302,302.000,index,0.018421,2.210526,replay
302,302.000,setCurrency,0.036842,4.421053,replay
302,302.000,browseProduct,0.184211,22.105263,replay
302,302.000,addToCart,0.686842,82.421053,replay
302,302.000,viewCart,0.055263,6.631579,replay
302,302.000,checkout,0.018421,2.210526,replay
303,303.000,index,0.018421,2.210526,replay
303,303.000,setCurrency,0.036842,4.421053,replay
303,303.000,browseProduct,0.184211,22.105263,replay
303,303.000,addToCart,0.686842,82.421053,replay
303,303.000,viewCart,0.055263,6.631579,replay
303,303.000,checkout,0.018421,2.210526,replay
304,304.000,index,0.018421,2.210526,replay
304,304.000,setCurrency,0.036842,4.421053,replay
304,304.000,browseProduct,0.184211,22.105263,replay
304,304.000,addToCart,0.686842,82.421053,replay
304,304.000,viewCart,0.055263,6.631579,replay
304,304.000,checkout,0.018421,2.210526,replay
305,305.000,index,0.018421,2.210526,replay
305,305.000,setCurrency,0.036842,4.421053,replay
305,305.000,browseProduct,0.184211,22.105263,replay
305,305.000,addToCart,0.686842,82.421053,replay
305,305.000,viewCart,0.055263,6.631579,replay
305,305.000,checkout,0.018421,2.210526,replay
306,306.000,index,0.018421,2.210526,replay
306,306.000,setCurrency,0.036842,4.421053,replay
306,306.000,browseProduct,0.184211,22.105263,replay
306,306.000,addToCart,0.686842,82.421053,replay
306,306.000,viewCart,0.055263,6.631579,replay
306,306.000,checkout,0.018421,2.210526,replay
307,307.000,index,0.018421,2.210526,replay
307,307.000,setCurrency,0.036842,4.421053,replay
307,307.000,browseProduct,0.184211,22.105263,replay
307,307.000,addToCart,0.686842,82.421053,replay
307,307.000,viewCart,0.055263,6.631579,replay
307,307.000,checkout,0.018421,2.210526,replay
308,308.000,index,0.018421,2.210526,replay
308,308.000,setCurrency,0.036842,4.421053,replay
308,308.000,browseProduct,0.184211,22.105263,replay
308,308.000,addToCart,0.686842,82.421053,replay
308,308.000,viewCart,0.055263,6.631579,replay
308,308.000,checkout,0.018421,2.210526,replay
309,309.000,index,0.018421,2.210526,replay
309,309.000,setCurrency,0.036842,4.421053,replay
309,309.000,browseProduct,0.184211,22.105263,replay
309,309.000,addToCart,0.686842,82.421053,replay
309,309.000,viewCart,0.055263,6.631579,replay
309,309.000,checkout,0.018421,2.210526,replay
310,310.000,index,0.668421,80.210526,replay
310,310.000,setCurrency,0.036842,4.421053,replay
310,310.000,browseProduct,0.184211,22.105263,replay
310,310.000,addToCart,0.036842,4.421053,replay
310,310.000,viewCart,0.055263,6.631579,replay
310,310.000,checkout,0.018421,2.210526,replay
311,311.000,index,0.668421,80.210526,replay
311,311.000,setCurrency,0.036842,4.421053,replay
311,311.000,browseProduct,0.184211,22.105263,replay
311,311.000,addToCart,0.036842,4.421053,replay
311,311.000,viewCart,0.055263,6.631579,replay
311,311.000,checkout,0.018421,2.210526,replay
312,312.000,index,0.018421,2.210526,replay
312,312.000,setCurrency,0.036842,4.421053,replay
312,312.000,browseProduct,0.184211,22.105263,replay
312,312.000,addToCart,0.036842,4.421053,replay
312,312.000,viewCart,0.705263,84.631579,replay
312,312.000,checkout,0.018421,2.210526,replay
313,313.000,index,0.018421,2.210526,replay
313,313.000,setCurrency,0.036842,4.421053,replay
313,313.000,browseProduct,0.184211,22.105263,replay
313,313.000,addToCart,0.036842,4.421053,replay
313,313.000,viewCart,0.705263,84.631579,replay
313,313.000,checkout,0.018421,2.210526,replay
314,314.000,index,0.018421,2.210526,replay
314,314.000,setCurrency,0.036842,4.421053,replay
314,314.000,browseProduct,0.184211,22.105263,replay
314,314.000,addToCart,0.036842,4.421053,replay
314,314.000,viewCart,0.705263,84.631579,replay
314,314.000,checkout,0.018421,2.210526,replay
315,315.000,index,0.668421,80.210526,replay
315,315.000,setCurrency,0.036842,4.421053,replay
315,315.000,browseProduct,0.184211,22.105263,replay
315,315.000,addToCart,0.036842,4.421053,replay
315,315.000,viewCart,0.055263,6.631579,replay
315,315.000,checkout,0.018421,2.210526,replay
316,316.000,index,0.668421,80.210526,replay
316,316.000,setCurrency,0.036842,4.421053,replay
316,316.000,browseProduct,0.184211,22.105263,replay
316,316.000,addToCart,0.036842,4.421053,replay
316,316.000,viewCart,0.055263,6.631579,replay
316,316.000,checkout,0.018421,2.210526,replay
317,317.000,index,0.668421,80.210526,replay
317,317.000,setCurrency,0.036842,4.421053,replay
317,317.000,browseProduct,0.184211,22.105263,replay
317,317.000,addToCart,0.036842,4.421053,replay
317,317.000,viewCart,0.055263,6.631579,replay
317,317.000,checkout,0.018421,2.210526,replay
318,318.000,index,0.668421,80.210526,replay
318,318.000,setCurrency,0.036842,4.421053,replay
318,318.000,browseProduct,0.184211,22.105263,replay
318,318.000,addToCart,0.036842,4.421053,replay
318,318.000,viewCart,0.055263,6.631579,replay
318,318.000,checkout,0.018421,2.210526,replay
319,319.000,index,0.668421,80.210526,replay
319,319.000,setCurrency,0.036842,4.421053,replay
319,319.000,browseProduct,0.184211,22.105263,replay
319,319.000,addToCart,0.036842,4.421053,replay
319,319.000,viewCart,0.055263,6.631579,replay
319,319.000,checkout,0.018421,2.210526,replay
320,320.000,index,0.668421,80.210526,replay
320,320.000,setCurrency,0.036842,4.421053,replay
320,320.000,browseProduct,0.184211,22.105263,replay
320,320.000,addToCart,0.036842,4.421053,replay
320,320.000,viewCart,0.055263,6.631579,replay
320,320.000,checkout,0.018421,2.210526,replay
321,321.000,index,0.668421,80.210526,replay
321,321.000,setCurrency,0.036842,4.421053,replay
321,321.000,browseProduct,0.184211,22.105263,replay
321,321.000,addToCart,0.036842,4.421053,replay
321,321.000,viewCart,0.055263,6.631579,replay
321,321.000,checkout,0.018421,2.210526,replay
322,322.000,index,0.668421,80.210526,replay
322,322.000,setCurrency,0.036842,4.421053,replay
322,322.000,browseProduct,0.184211,22.105263,replay
322,322.000,addToCart,0.036842,4.421053,replay
322,322.000,viewCart,0.055263,6.631579,replay
322,322.000,checkout,0.018421,2.210526,replay
323,323.000,index,0.668421,80.210526,replay
323,323.000,setCurrency,0.036842,4.421053,replay
323,323.000,browseProduct,0.184211,22.105263,replay
323,323.000,addToCart,0.036842,4.421053,replay
323,323.000,viewCart,0.055263,6.631579,replay
323,323.000,checkout,0.018421,2.210526,replay
324,324.000,index,0.668421,80.210526,replay
324,324.000,setCurrency,0.036842,4.421053,replay
324,324.000,browseProduct,0.184211,22.105263,replay
324,324.000,addToCart,0.036842,4.421053,replay
324,324.000,viewCart,0.055263,6.631579,replay
324,324.000,checkout,0.018421,2.210526,replay
325,325.000,index,0.668421,80.210526,replay
325,325.000,setCurrency,0.036842,4.421053,replay
325,325.000,browseProduct,0.184211,22.105263,replay
325,325.000,addToCart,0.036842,4.421053,replay
325,325.000,viewCart,0.055263,6.631579,replay
325,325.000,checkout,0.018421,2.210526,replay
326,326.000,index,0.668421,80.210526,replay
326,326.000,setCurrency,0.036842,4.421053,replay
326,326.000,browseProduct,0.184211,22.105263,replay
326,326.000,addToCart,0.036842,4.421053,replay
326,326.000,viewCart,0.055263,6.631579,replay
326,326.000,checkout,0.018421,2.210526,replay
327,327.000,index,0.668421,80.210526,replay
327,327.000,setCurrency,0.036842,4.421053,replay
327,327.000,browseProduct,0.184211,22.105263,replay
327,327.000,addToCart,0.036842,4.421053,replay
327,327.000,viewCart,0.055263,6.631579,replay
327,327.000,checkout,0.018421,2.210526,replay
328,328.000,index,0.668421,80.210526,replay
328,328.000,setCurrency,0.036842,4.421053,replay
328,328.000,browseProduct,0.184211,22.105263,replay
328,328.000,addToCart,0.036842,4.421053,replay
328,328.000,viewCart,0.055263,6.631579,replay
328,328.000,checkout,0.018421,2.210526,replay
329,329.000,index,0.018421,2.210526,replay
329,329.000,setCurrency,0.036842,4.421053,replay
329,329.000,browseProduct,0.184211,22.105263,replay
329,329.000,addToCart,0.036842,4.421053,replay
329,329.000,viewCart,0.055263,6.631579,replay
329,329.000,checkout,0.668421,80.210526,replay
330,330.000,index,0.018421,2.210526,replay
330,330.000,setCurrency,0.036842,4.421053,replay
330,330.000,browseProduct,0.184211,22.105263,replay
330,330.000,addToCart,0.036842,4.421053,replay
330,330.000,viewCart,0.055263,6.631579,replay
330,330.000,checkout,0.668421,80.210526,replay
331,331.000,index,0.018421,2.210526,replay
331,331.000,setCurrency,0.686842,82.421053,replay
331,331.000,browseProduct,0.184211,22.105263,replay
331,331.000,addToCart,0.036842,4.421053,replay
331,331.000,viewCart,0.055263,6.631579,replay
331,331.000,checkout,0.018421,2.210526,replay
332,332.000,index,0.018421,2.210526,replay
332,332.000,setCurrency,0.686842,82.421053,replay
332,332.000,browseProduct,0.184211,22.105263,replay
332,332.000,addToCart,0.036842,4.421053,replay
332,332.000,viewCart,0.055263,6.631579,replay
332,332.000,checkout,0.018421,2.210526,replay
333,333.000,index,0.018421,2.210526,replay
333,333.000,setCurrency,0.686842,82.421053,replay
333,333.000,browseProduct,0.184211,22.105263,replay
333,333.000,addToCart,0.036842,4.421053,replay
333,333.000,viewCart,0.055263,6.631579,replay
333,333.000,checkout,0.018421,2.210526,replay
334,334.000,index,0.018421,2.210526,replay
334,334.000,setCurrency,0.036842,4.421053,replay
334,334.000,browseProduct,0.184211,22.105263,replay
334,334.000,addToCart,0.686842,82.421053,replay
334,334.000,viewCart,0.055263,6.631579,replay
334,334.000,checkout,0.018421,2.210526,replay
335,335.000,index,0.018421,2.210526,replay
335,335.000,setCurrency,0.036842,4.421053,replay
335,335.000,browseProduct,0.184211,22.105263,replay
335,335.000,addToCart,0.686842,82.421053,replay
335,335.000,viewCart,0.055263,6.631579,replay
335,335.000,checkout,0.018421,2.210526,replay
336,336.000,index,0.018421,2.210526,replay
336,336.000,setCurrency,0.036842,4.421053,replay
336,336.000,browseProduct,0.184211,22.105263,replay
336,336.000,addToCart,0.686842,82.421053,replay
336,336.000,viewCart,0.055263,6.631579,replay
336,336.000,checkout,0.018421,2.210526,replay
337,337.000,index,0.018421,2.210526,replay
337,337.000,setCurrency,0.036842,4.421053,replay
337,337.000,browseProduct,0.184211,22.105263,replay
337,337.000,addToCart,0.686842,82.421053,replay
337,337.000,viewCart,0.055263,6.631579,replay
337,337.000,checkout,0.018421,2.210526,replay
338,338.000,index,0.018421,2.210526,replay
338,338.000,setCurrency,0.036842,4.421053,replay
338,338.000,browseProduct,0.184211,22.105263,replay
338,338.000,addToCart,0.686842,82.421053,replay
338,338.000,viewCart,0.055263,6.631579,replay
338,338.000,checkout,0.018421,2.210526,replay
339,339.000,index,0.018421,2.210526,replay
339,339.000,setCurrency,0.036842,4.421053,replay
339,339.000,browseProduct,0.184211,22.105263,replay
339,339.000,addToCart,0.686842,82.421053,replay
339,339.000,viewCart,0.055263,6.631579,replay
339,339.000,checkout,0.018421,2.210526,replay
340,340.000,index,0.018421,2.210526,replay
340,340.000,setCurrency,0.036842,4.421053,replay
340,340.000,browseProduct,0.184211,22.105263,replay
340,340.000,addToCart,0.686842,82.421053,replay
340,340.000,viewCart,0.055263,6.631579,replay
340,340.000,checkout,0.018421,2.210526,replay
341,341.000,index,0.018421,2.210526,replay
341,341.000,setCurrency,0.036842,4.421053,replay
341,341.000,browseProduct,0.184211,22.105263,replay
341,341.000,addToCart,0.686842,82.421053,replay
341,341.000,viewCart,0.055263,6.631579,replay
341,341.000,checkout,0.018421,2.210526,replay
342,342.000,index,0.018421,2.210526,replay
342,342.000,setCurrency,0.036842,4.421053,replay
342,342.000,browseProduct,0.834211,100.105263,replay
342,342.000,addToCart,0.036842,4.421053,replay
342,342.000,viewCart,0.055263,6.631579,replay
342,342.000,checkout,0.018421,2.210526,replay
343,343.000,index,0.018421,2.210526,replay
343,343.000,setCurrency,0.036842,4.421053,replay
343,343.000,browseProduct,0.834211,100.105263,replay
343,343.000,addToCart,0.036842,4.421053,replay
343,343.000,viewCart,0.055263,6.631579,replay
343,343.000,checkout,0.018421,2.210526,replay
344,344.000,index,0.018421,2.210526,replay
344,344.000,setCurrency,0.036842,4.421053,replay
344,344.000,browseProduct,0.834211,100.105263,replay
344,344.000,addToCart,0.036842,4.421053,replay
344,344.000,viewCart,0.055263,6.631579,replay
344,344.000,checkout,0.018421,2.210526,replay
345,345.000,index,0.018421,2.210526,replay
345,345.000,setCurrency,0.036842,4.421053,replay
345,345.000,browseProduct,0.834211,100.105263,replay
345,345.000,addToCart,0.036842,4.421053,replay
345,345.000,viewCart,0.055263,6.631579,replay
345,345.000,checkout,0.018421,2.210526,replay
346,346.000,index,0.018421,2.210526,replay
346,346.000,setCurrency,0.036842,4.421053,replay
346,346.000,browseProduct,0.834211,100.105263,replay
346,346.000,addToCart,0.036842,4.421053,replay
346,346.000,viewCart,0.055263,6.631579,replay
346,346.000,checkout,0.018421,2.210526,replay
347,347.000,index,0.668421,80.210526,replay
347,347.000,setCurrency,0.036842,4.421053,replay
347,347.000,browseProduct,0.184211,22.105263,replay
347,347.000,addToCart,0.036842,4.421053,replay
347,347.000,viewCart,0.055263,6.631579,replay
347,347.000,checkout,0.018421,2.210526,replay
348,348.000,index,0.668421,80.210526,replay
348,348.000,setCurrency,0.036842,4.421053,replay
348,348.000,browseProduct,0.184211,22.105263,replay
348,348.000,addToCart,0.036842,4.421053,replay
348,348.000,viewCart,0.055263,6.631579,replay
348,348.000,checkout,0.018421,2.210526,replay
349,349.000,index,0.668421,80.210526,replay
349,349.000,setCurrency,0.036842,4.421053,replay
349,349.000,browseProduct,0.184211,22.105263,replay
349,349.000,addToCart,0.036842,4.421053,replay
349,349.000,viewCart,0.055263,6.631579,replay
349,349.000,checkout,0.018421,2.210526,replay
350,350.000,index,0.668421,80.210526,replay
350,350.000,setCurrency,0.036842,4.421053,replay
350,350.000,browseProduct,0.184211,22.105263,replay
350,350.000,addToCart,0.036842,4.421053,replay
350,350.000,viewCart,0.055263,6.631579,replay
350,350.000,checkout,0.018421,2.210526,replay
351,351.000,index,0.668421,80.210526,replay
351,351.000,setCurrency,0.036842,4.421053,replay
351,351.000,browseProduct,0.184211,22.105263,replay
351,351.000,addToCart,0.036842,4.421053,replay
351,351.000,viewCart,0.055263,6.631579,replay
351,351.000,checkout,0.018421,2.210526,replay
352,352.000,index,0.668421,80.210526,replay
352,352.000,setCurrency,0.036842,4.421053,replay
352,352.000,browseProduct,0.184211,22.105263,replay
352,352.000,addToCart,0.036842,4.421053,replay
352,352.000,viewCart,0.055263,6.631579,replay
352,352.000,checkout,0.018421,2.210526,replay
353,353.000,index,0.668421,80.210526,replay
353,353.000,setCurrency,0.036842,4.421053,replay
353,353.000,browseProduct,0.184211,22.105263,replay
353,353.000,addToCart,0.036842,4.421053,replay
353,353.000,viewCart,0.055263,6.631579,replay
353,353.000,checkout,0.018421,2.210526,replay
354,354.000,index,0.668421,80.210526,replay
354,354.000,setCurrency,0.036842,4.421053,replay
354,354.000,browseProduct,0.184211,22.105263,replay
354,354.000,addToCart,0.036842,4.421053,replay
354,354.000,viewCart,0.055263,6.631579,replay
354,354.000,checkout,0.018421,2.210526,replay
355,355.000,index,0.668421,80.210526,replay
355,355.000,setCurrency,0.036842,4.421053,replay
355,355.000,browseProduct,0.184211,22.105263,replay
355,355.000,addToCart,0.036842,4.421053,replay
355,355.000,viewCart,0.055263,6.631579,replay
355,355.000,checkout,0.018421,2.210526,replay
356,356.000,index,0.668421,80.210526,replay
356,356.000,setCurrency,0.036842,4.421053,replay
356,356.000,browseProduct,0.184211,22.105263,replay
356,356.000,addToCart,0.036842,4.421053,replay
356,356.000,viewCart,0.055263,6.631579,replay
356,356.000,checkout,0.018421,2.210526,replay
357,357.000,index,0.018421,2.210526,replay
357,357.000,setCurrency,0.686842,82.421053,replay
357,357.000,browseProduct,0.184211,22.105263,replay
357,357.000,addToCart,0.036842,4.421053,replay
357,357.000,viewCart,0.055263,6.631579,replay
357,357.000,checkout,0.018421,2.210526,replay
358,358.000,index,0.018421,2.210526,replay
358,358.000,setCurrency,0.686842,82.421053,replay
358,358.000,browseProduct,0.184211,22.105263,replay
358,358.000,addToCart,0.036842,4.421053,replay
358,358.000,viewCart,0.055263,6.631579,replay
358,358.000,checkout,0.018421,2.210526,replay
359,359.000,index,0.018421,2.210526,replay
359,359.000,setCurrency,0.686842,82.421053,replay
359,359.000,browseProduct,0.184211,22.105263,replay
359,359.000,addToCart,0.036842,4.421053,replay
359,359.000,viewCart,0.055263,6.631579,replay
359,359.000,checkout,0.018421,2.210526,replay
360,360.000,index,0.018421,2.210526,replay
360,360.000,setCurrency,0.686842,82.421053,replay
360,360.000,browseProduct,0.184211,22.105263,replay
360,360.000,addToCart,0.036842,4.421053,replay
360,360.000,viewCart,0.055263,6.631579,replay
360,360.000,checkout,0.018421,2.210526,replay
361,361.000,index,0.018421,2.210526,replay
361,361.000,setCurrency,0.686842,82.421053,replay
361,361.000,browseProduct,0.184211,22.105263,replay
361,361.000,addToCart,0.036842,4.421053,replay
361,361.000,viewCart,0.055263,6.631579,replay
361,361.000,checkout,0.018421,2.210526,replay
362,362.000,index,0.018421,2.210526,replay
362,362.000,setCurrency,0.686842,82.421053,replay
362,362.000,browseProduct,0.184211,22.105263,replay
362,362.000,addToCart,0.036842,4.421053,replay
362,362.000,viewCart,0.055263,6.631579,replay
362,362.000,checkout,0.018421,2.210526,replay
363,363.000,index,0.018421,2.210526,replay
363,363.000,setCurrency,0.036842,4.421053,replay
363,363.000,browseProduct,0.184211,22.105263,replay
363,363.000,addToCart,0.686842,82.421053,replay
363,363.000,viewCart,0.055263,6.631579,replay
363,363.000,checkout,0.018421,2.210526,replay
364,364.000,index,0.018421,2.210526,replay
364,364.000,setCurrency,0.036842,4.421053,replay
364,364.000,browseProduct,0.184211,22.105263,replay
364,364.000,addToCart,0.036842,4.421053,replay
364,364.000,viewCart,0.705263,84.631579,replay
364,364.000,checkout,0.018421,2.210526,replay
365,365.000,index,0.018421,2.210526,replay
365,365.000,setCurrency,0.036842,4.421053,replay
365,365.000,browseProduct,0.184211,22.105263,replay
365,365.000,addToCart,0.036842,4.421053,replay
365,365.000,viewCart,0.705263,84.631579,replay
365,365.000,checkout,0.018421,2.210526,replay
366,366.000,index,0.018421,2.210526,replay
366,366.000,setCurrency,0.036842,4.421053,replay
366,366.000,browseProduct,0.184211,22.105263,replay
366,366.000,addToCart,0.036842,4.421053,replay
366,366.000,viewCart,0.705263,84.631579,replay
366,366.000,checkout,0.018421,2.210526,replay
367,367.000,index,0.018421,2.210526,replay
367,367.000,setCurrency,0.036842,4.421053,replay
367,367.000,browseProduct,0.184211,22.105263,replay
367,367.000,addToCart,0.036842,4.421053,replay
367,367.000,viewCart,0.705263,84.631579,replay
367,367.000,checkout,0.018421,2.210526,replay
368,368.000,index,0.018421,2.210526,replay
368,368.000,setCurrency,0.036842,4.421053,replay
368,368.000,browseProduct,0.184211,22.105263,replay
368,368.000,addToCart,0.036842,4.421053,replay
368,368.000,viewCart,0.705263,84.631579,replay
368,368.000,checkout,0.018421,2.210526,replay
369,369.000,index,0.018421,2.210526,replay
369,369.000,setCurrency,0.036842,4.421053,replay
369,369.000,browseProduct,0.184211,22.105263,replay
369,369.000,addToCart,0.686842,82.421053,replay
369,369.000,viewCart,0.055263,6.631579,replay
369,369.000,checkout,0.018421,2.210526,replay
370,370.000,index,0.018421,2.210526,replay
370,370.000,setCurrency,0.036842,4.421053,replay
370,370.000,browseProduct,0.184211,22.105263,replay
370,370.000,addToCart,0.686842,82.421053,replay
370,370.000,viewCart,0.055263,6.631579,replay
370,370.000,checkout,0.018421,2.210526,replay
371,371.000,index,0.018421,2.210526,replay
371,371.000,setCurrency,0.036842,4.421053,replay
371,371.000,browseProduct,0.184211,22.105263,replay
371,371.000,addToCart,0.686842,82.421053,replay
371,371.000,viewCart,0.055263,6.631579,replay
371,371.000,checkout,0.018421,2.210526,replay
372,372.000,index,0.018421,2.210526,replay
372,372.000,setCurrency,0.036842,4.421053,replay
372,372.000,browseProduct,0.184211,22.105263,replay
372,372.000,addToCart,0.686842,82.421053,replay
372,372.000,viewCart,0.055263,6.631579,replay
372,372.000,checkout,0.018421,2.210526,replay
373,373.000,index,0.018421,2.210526,replay
373,373.000,setCurrency,0.036842,4.421053,replay
373,373.000,browseProduct,0.184211,22.105263,replay
373,373.000,addToCart,0.686842,82.421053,replay
373,373.000,viewCart,0.055263,6.631579,replay
373,373.000,checkout,0.018421,2.210526,replay
374,374.000,index,0.018421,2.210526,replay
374,374.000,setCurrency,0.036842,4.421053,replay
374,374.000,browseProduct,0.184211,22.105263,replay
374,374.000,addToCart,0.686842,82.421053,replay
374,374.000,viewCart,0.055263,6.631579,replay
374,374.000,checkout,0.018421,2.210526,replay
375,375.000,index,0.018421,2.210526,replay
375,375.000,setCurrency,0.036842,4.421053,replay
375,375.000,browseProduct,0.184211,22.105263,replay
375,375.000,addToCart,0.686842,82.421053,replay
375,375.000,viewCart,0.055263,6.631579,replay
375,375.000,checkout,0.018421,2.210526,replay
376,376.000,index,0.018421,2.210526,replay
376,376.000,setCurrency,0.036842,4.421053,replay
376,376.000,browseProduct,0.184211,22.105263,replay
376,376.000,addToCart,0.686842,82.421053,replay
376,376.000,viewCart,0.055263,6.631579,replay
376,376.000,checkout,0.018421,2.210526,replay
377,377.000,index,0.018421,2.210526,replay
377,377.000,setCurrency,0.036842,4.421053,replay
377,377.000,browseProduct,0.184211,22.105263,replay
377,377.000,addToCart,0.686842,82.421053,replay
377,377.000,viewCart,0.055263,6.631579,replay
377,377.000,checkout,0.018421,2.210526,replay
378,378.000,index,0.018421,2.210526,replay
378,378.000,setCurrency,0.036842,4.421053,replay
378,378.000,browseProduct,0.184211,22.105263,replay
378,378.000,addToCart,0.686842,82.421053,replay
378,378.000,viewCart,0.055263,6.631579,replay
378,378.000,checkout,0.018421,2.210526,replay
379,379.000,index,0.018421,2.210526,replay
379,379.000,setCurrency,0.036842,4.421053,replay
379,379.000,browseProduct,0.184211,22.105263,replay
379,379.000,addToCart,0.686842,82.421053,replay
379,379.000,viewCart,0.055263,6.631579,replay
379,379.000,checkout,0.018421,2.210526,replay
380,380.000,index,0.018421,2.210526,replay
380,380.000,setCurrency,0.036842,4.421053,replay
380,380.000,browseProduct,0.184211,22.105263,replay
380,380.000,addToCart,0.686842,82.421053,replay
380,380.000,viewCart,0.055263,6.631579,replay
380,380.000,checkout,0.018421,2.210526,replay
381,381.000,index,0.018421,2.210526,replay
381,381.000,setCurrency,0.036842,4.421053,replay
381,381.000,browseProduct,0.184211,22.105263,replay
381,381.000,addToCart,0.036842,4.421053,replay
381,381.000,viewCart,0.705263,84.631579,replay
381,381.000,checkout,0.018421,2.210526,replay
382,382.000,index,0.018421,2.210526,replay
382,382.000,setCurrency,0.036842,4.421053,replay
382,382.000,browseProduct,0.184211,22.105263,replay
382,382.000,addToCart,0.036842,4.421053,replay
382,382.000,viewCart,0.705263,84.631579,replay
382,382.000,checkout,0.018421,2.210526,replay
383,383.000,index,0.018421,2.210526,replay
383,383.000,setCurrency,0.036842,4.421053,replay
383,383.000,browseProduct,0.184211,22.105263,replay
383,383.000,addToCart,0.036842,4.421053,replay
383,383.000,viewCart,0.705263,84.631579,replay
383,383.000,checkout,0.018421,2.210526,replay
384,384.000,index,0.668421,80.210526,replay
384,384.000,setCurrency,0.036842,4.421053,replay
384,384.000,browseProduct,0.184211,22.105263,replay
384,384.000,addToCart,0.036842,4.421053,replay
384,384.000,viewCart,0.055263,6.631579,replay
384,384.000,checkout,0.018421,2.210526,replay
385,385.000,index,0.668421,80.210526,replay
385,385.000,setCurrency,0.036842,4.421053,replay
385,385.000,browseProduct,0.184211,22.105263,replay
385,385.000,addToCart,0.036842,4.421053,replay
385,385.000,viewCart,0.055263,6.631579,replay
385,385.000,checkout,0.018421,2.210526,replay
386,386.000,index,0.668421,80.210526,replay
386,386.000,setCurrency,0.036842,4.421053,replay
386,386.000,browseProduct,0.184211,22.105263,replay
386,386.000,addToCart,0.036842,4.421053,replay
386,386.000,viewCart,0.055263,6.631579,replay
386,386.000,checkout,0.018421,2.210526,replay
387,387.000,index,0.018421,2.210526,replay
387,387.000,setCurrency,0.036842,4.421053,replay
387,387.000,browseProduct,0.184211,22.105263,replay
387,387.000,addToCart,0.686842,82.421053,replay
387,387.000,viewCart,0.055263,6.631579,replay
387,387.000,checkout,0.018421,2.210526,replay
388,388.000,index,0.668421,80.210526,replay
388,388.000,setCurrency,0.036842,4.421053,replay
388,388.000,browseProduct,0.184211,22.105263,replay
388,388.000,addToCart,0.036842,4.421053,replay
388,388.000,viewCart,0.055263,6.631579,replay
388,388.000,checkout,0.018421,2.210526,replay
389,389.000,index,0.668421,80.210526,replay
389,389.000,setCurrency,0.036842,4.421053,replay
389,389.000,browseProduct,0.184211,22.105263,replay
389,389.000,addToCart,0.036842,4.421053,replay
389,389.000,viewCart,0.055263,6.631579,replay
389,389.000,checkout,0.018421,2.210526,replay
390,390.000,index,0.668421,80.210526,replay
390,390.000,setCurrency,0.036842,4.421053,replay
390,390.000,browseProduct,0.184211,22.105263,replay
390,390.000,addToCart,0.036842,4.421053,replay
390,390.000,viewCart,0.055263,6.631579,replay
390,390.000,checkout,0.018421,2.210526,replay
391,391.000,index,0.668421,80.210526,replay
391,391.000,setCurrency,0.036842,4.421053,replay
391,391.000,browseProduct,0.184211,22.105263,replay
391,391.000,addToCart,0.036842,4.421053,replay
391,391.000,viewCart,0.055263,6.631579,replay
391,391.000,checkout,0.018421,2.210526,replay
392,392.000,index,0.668421,80.210526,replay
392,392.000,setCurrency,0.036842,4.421053,replay
392,392.000,browseProduct,0.184211,22.105263,replay
392,392.000,addToCart,0.036842,4.421053,replay
392,392.000,viewCart,0.055263,6.631579,replay
392,392.000,checkout,0.018421,2.210526,replay
393,393.000,index,0.668421,80.210526,replay
393,393.000,setCurrency,0.036842,4.421053,replay
393,393.000,browseProduct,0.184211,22.105263,replay
393,393.000,addToCart,0.036842,4.421053,replay
393,393.000,viewCart,0.055263,6.631579,replay
393,393.000,checkout,0.018421,2.210526,replay
394,394.000,index,0.018421,2.210526,replay
394,394.000,setCurrency,0.036842,4.421053,replay
394,394.000,browseProduct,0.184211,22.105263,replay
394,394.000,addToCart,0.036842,4.421053,replay
394,394.000,viewCart,0.055263,6.631579,replay
394,394.000,checkout,0.668421,80.210526,replay
395,395.000,index,0.668421,80.210526,replay
395,395.000,setCurrency,0.036842,4.421053,replay
395,395.000,browseProduct,0.184211,22.105263,replay
395,395.000,addToCart,0.036842,4.421053,replay
395,395.000,viewCart,0.055263,6.631579,replay
395,395.000,checkout,0.018421,2.210526,replay
396,396.000,index,0.668421,80.210526,replay
396,396.000,setCurrency,0.036842,4.421053,replay
396,396.000,browseProduct,0.184211,22.105263,replay
396,396.000,addToCart,0.036842,4.421053,replay
396,396.000,viewCart,0.055263,6.631579,replay
396,396.000,checkout,0.018421,2.210526,replay
397,397.000,index,0.668421,80.210526,replay
397,397.000,setCurrency,0.036842,4.421053,replay
397,397.000,browseProduct,0.184211,22.105263,replay
397,397.000,addToCart,0.036842,4.421053,replay
397,397.000,viewCart,0.055263,6.631579,replay
397,397.000,checkout,0.018421,2.210526,replay
398,398.000,index,0.668421,80.210526,replay
398,398.000,setCurrency,0.036842,4.421053,replay
398,398.000,browseProduct,0.184211,22.105263,replay
398,398.000,addToCart,0.036842,4.421053,replay
398,398.000,viewCart,0.055263,6.631579,replay
398,398.000,checkout,0.018421,2.210526,replay
399,399.000,index,0.018421,2.210526,replay
399,399.000,setCurrency,0.036842,4.421053,replay
399,399.000,browseProduct,0.184211,22.105263,replay
399,399.000,addToCart,0.036842,4.421053,replay
399,399.000,viewCart,0.705263,84.631579,replay
399,399.000,checkout,0.018421,2.210526,replay
400,400.000,index,0.018421,2.210526,replay
400,400.000,setCurrency,0.036842,4.421053,replay
400,400.000,browseProduct,0.184211,22.105263,replay
400,400.000,addToCart,0.036842,4.421053,replay
400,400.000,viewCart,0.705263,84.631579,replay
400,400.000,checkout,0.018421,2.210526,replay
401,401.000,index,0.018421,2.210526,replay
401,401.000,setCurrency,0.036842,4.421053,replay
401,401.000,browseProduct,0.184211,22.105263,replay
401,401.000,addToCart,0.036842,4.421053,replay
401,401.000,viewCart,0.705263,84.631579,replay
401,401.000,checkout,0.018421,2.210526,replay
402,402.000,index,0.018421,2.210526,replay
402,402.000,setCurrency,0.686842,82.421053,replay
402,402.000,browseProduct,0.184211,22.105263,replay
402,402.000,addToCart,0.036842,4.421053,replay
402,402.000,viewCart,0.055263,6.631579,replay
402,402.000,checkout,0.018421,2.210526,replay
403,403.000,index,0.018421,2.210526,replay
403,403.000,setCurrency,0.686842,82.421053,replay
403,403.000,browseProduct,0.184211,22.105263,replay
403,403.000,addToCart,0.036842,4.421053,replay
403,403.000,viewCart,0.055263,6.631579,replay
403,403.000,checkout,0.018421,2.210526,replay
404,404.000,index,0.018421,2.210526,replay
404,404.000,setCurrency,0.686842,82.421053,replay
404,404.000,browseProduct,0.184211,22.105263,replay
404,404.000,addToCart,0.036842,4.421053,replay
404,404.000,viewCart,0.055263,6.631579,replay
404,404.000,checkout,0.018421,2.210526,replay
405,405.000,index,0.018421,2.210526,replay
405,405.000,setCurrency,0.686842,82.421053,replay
405,405.000,browseProduct,0.184211,22.105263,replay
405,405.000,addToCart,0.036842,4.421053,replay
405,405.000,viewCart,0.055263,6.631579,replay
405,405.000,checkout,0.018421,2.210526,replay
406,406.000,index,0.018421,2.210526,replay
406,406.000,setCurrency,0.686842,82.421053,replay
406,406.000,browseProduct,0.184211,22.105263,replay
406,406.000,addToCart,0.036842,4.421053,replay
406,406.000,viewCart,0.055263,6.631579,replay
406,406.000,checkout,0.018421,2.210526,replay
407,407.000,index,0.018421,2.210526,replay
407,407.000,setCurrency,0.686842,82.421053,replay
407,407.000,browseProduct,0.184211,22.105263,replay
407,407.000,addToCart,0.036842,4.421053,replay
407,407.000,viewCart,0.055263,6.631579,replay
407,407.000,checkout,0.018421,2.210526,replay
408,408.000,index,0.018421,2.210526,replay
408,408.000,setCurrency,0.686842,82.421053,replay
408,408.000,browseProduct,0.184211,22.105263,replay
408,408.000,addToCart,0.036842,4.421053,replay
408,408.000,viewCart,0.055263,6.631579,replay
408,408.000,checkout,0.018421,2.210526,replay
409,409.000,index,0.018421,2.210526,replay
409,409.000,setCurrency,0.686842,82.421053,replay
409,409.000,browseProduct,0.184211,22.105263,replay
409,409.000,addToCart,0.036842,4.421053,replay
409,409.000,viewCart,0.055263,6.631579,replay
409,409.000,checkout,0.018421,2.210526,replay
410,410.000,index,0.018421,2.210526,replay
410,410.000,setCurrency,0.686842,82.421053,replay
410,410.000,browseProduct,0.184211,22.105263,replay
410,410.000,addToCart,0.036842,4.421053,replay
410,410.000,viewCart,0.055263,6.631579,replay
410,410.000,checkout,0.018421,2.210526,replay
411,411.000,index,0.018421,2.210526,replay
411,411.000,setCurrency,0.036842,4.421053,replay
411,411.000,browseProduct,0.184211,22.105263,replay
411,411.000,addToCart,0.686842,82.421053,replay
411,411.000,viewCart,0.055263,6.631579,replay
411,411.000,checkout,0.018421,2.210526,replay
412,412.000,index,0.018421,2.210526,replay
412,412.000,setCurrency,0.036842,4.421053,replay
412,412.000,browseProduct,0.184211,22.105263,replay
412,412.000,addToCart,0.686842,82.421053,replay
412,412.000,viewCart,0.055263,6.631579,replay
412,412.000,checkout,0.018421,2.210526,replay
413,413.000,index,0.018421,2.210526,replay
413,413.000,setCurrency,0.036842,4.421053,replay
413,413.000,browseProduct,0.184211,22.105263,replay
413,413.000,addToCart,0.686842,82.421053,replay
413,413.000,viewCart,0.055263,6.631579,replay
413,413.000,checkout,0.018421,2.210526,replay
414,414.000,index,0.018421,2.210526,replay
414,414.000,setCurrency,0.036842,4.421053,replay
414,414.000,browseProduct,0.184211,22.105263,replay
414,414.000,addToCart,0.686842,82.421053,replay
414,414.000,viewCart,0.055263,6.631579,replay
414,414.000,checkout,0.018421,2.210526,replay
415,415.000,index,0.018421,2.210526,replay
415,415.000,setCurrency,0.036842,4.421053,replay
415,415.000,browseProduct,0.184211,22.105263,replay
415,415.000,addToCart,0.686842,82.421053,replay
415,415.000,viewCart,0.055263,6.631579,replay
415,415.000,checkout,0.018421,2.210526,replay
416,416.000,index,0.018421,2.210526,replay
416,416.000,setCurrency,0.036842,4.421053,replay
416,416.000,browseProduct,0.184211,22.105263,replay
416,416.000,addToCart,0.686842,82.421053,replay
416,416.000,viewCart,0.055263,6.631579,replay
416,416.000,checkout,0.018421,2.210526,replay
417,417.000,index,0.018421,2.210526,replay
417,417.000,setCurrency,0.036842,4.421053,replay
417,417.000,browseProduct,0.184211,22.105263,replay
417,417.000,addToCart,0.036842,4.421053,replay
417,417.000,viewCart,0.705263,84.631579,replay
417,417.000,checkout,0.018421,2.210526,replay
418,418.000,index,0.018421,2.210526,replay
418,418.000,setCurrency,0.036842,4.421053,replay
418,418.000,browseProduct,0.184211,22.105263,replay
418,418.000,addToCart,0.036842,4.421053,replay
418,418.000,viewCart,0.705263,84.631579,replay
418,418.000,checkout,0.018421,2.210526,replay
419,419.000,index,0.018421,2.210526,replay
419,419.000,setCurrency,0.036842,4.421053,replay
419,419.000,browseProduct,0.184211,22.105263,replay
419,419.000,addToCart,0.036842,4.421053,replay
419,419.000,viewCart,0.055263,6.631579,replay
419,419.000,checkout,0.668421,80.210526,replay
420,420.000,index,0.018421,2.210526,replay
420,420.000,setCurrency,0.036842,4.421053,replay
420,420.000,browseProduct,0.184211,22.105263,replay
420,420.000,addToCart,0.036842,4.421053,replay
420,420.000,viewCart,0.055263,6.631579,replay
420,420.000,checkout,0.668421,80.210526,replay
421,421.000,index,0.018421,2.210526,replay
421,421.000,setCurrency,0.036842,4.421053,replay
421,421.000,browseProduct,0.184211,22.105263,replay
421,421.000,addToCart,0.036842,4.421053,replay
421,421.000,viewCart,0.055263,6.631579,replay
421,421.000,checkout,0.668421,80.210526,replay
422,422.000,index,0.018421,2.210526,replay
422,422.000,setCurrency,0.036842,4.421053,replay
422,422.000,browseProduct,0.184211,22.105263,replay
422,422.000,addToCart,0.036842,4.421053,replay
422,422.000,viewCart,0.055263,6.631579,replay
422,422.000,checkout,0.668421,80.210526,replay
423,423.000,index,0.018421,2.210526,replay
423,423.000,setCurrency,0.036842,4.421053,replay
423,423.000,browseProduct,0.184211,22.105263,replay
423,423.000,addToCart,0.036842,4.421053,replay
423,423.000,viewCart,0.055263,6.631579,replay
423,423.000,checkout,0.668421,80.210526,replay
424,424.000,index,0.018421,2.210526,replay
424,424.000,setCurrency,0.036842,4.421053,replay
424,424.000,browseProduct,0.184211,22.105263,replay
424,424.000,addToCart,0.036842,4.421053,replay
424,424.000,viewCart,0.055263,6.631579,replay
424,424.000,checkout,0.668421,80.210526,replay
425,425.000,index,0.018421,2.210526,replay
425,425.000,setCurrency,0.036842,4.421053,replay
425,425.000,browseProduct,0.184211,22.105263,replay
425,425.000,addToCart,0.036842,4.421053,replay
425,425.000,viewCart,0.055263,6.631579,replay
425,425.000,checkout,0.668421,80.210526,replay
426,426.000,index,0.018421,2.210526,replay
426,426.000,setCurrency,0.036842,4.421053,replay
426,426.000,browseProduct,0.184211,22.105263,replay
426,426.000,addToCart,0.036842,4.421053,replay
426,426.000,viewCart,0.055263,6.631579,replay
426,426.000,checkout,0.668421,80.210526,replay
427,427.000,index,0.018421,2.210526,replay
427,427.000,setCurrency,0.036842,4.421053,replay
427,427.000,browseProduct,0.184211,22.105263,replay
427,427.000,addToCart,0.036842,4.421053,replay
427,427.000,viewCart,0.055263,6.631579,replay
427,427.000,checkout,0.668421,80.210526,replay
428,428.000,index,0.018421,2.210526,replay
428,428.000,setCurrency,0.036842,4.421053,replay
428,428.000,browseProduct,0.184211,22.105263,replay
428,428.000,addToCart,0.036842,4.421053,replay
428,428.000,viewCart,0.055263,6.631579,replay
428,428.000,checkout,0.668421,80.210526,replay
429,429.000,index,0.018421,2.210526,replay
429,429.000,setCurrency,0.036842,4.421053,replay
429,429.000,browseProduct,0.184211,22.105263,replay
429,429.000,addToCart,0.036842,4.421053,replay
429,429.000,viewCart,0.055263,6.631579,replay
429,429.000,checkout,0.668421,80.210526,replay
430,430.000,index,0.018421,2.210526,replay
430,430.000,setCurrency,0.036842,4.421053,replay
430,430.000,browseProduct,0.184211,22.105263,replay
430,430.000,addToCart,0.036842,4.421053,replay
430,430.000,viewCart,0.055263,6.631579,replay
430,430.000,checkout,0.668421,80.210526,replay
431,431.000,index,0.018421,2.210526,replay
431,431.000,setCurrency,0.036842,4.421053,replay
431,431.000,browseProduct,0.184211,22.105263,replay
431,431.000,addToCart,0.036842,4.421053,replay
431,431.000,viewCart,0.055263,6.631579,replay
431,431.000,checkout,0.668421,80.210526,replay
432,432.000,index,0.018421,2.210526,replay
432,432.000,setCurrency,0.036842,4.421053,replay
432,432.000,browseProduct,0.184211,22.105263,replay
432,432.000,addToCart,0.036842,4.421053,replay
432,432.000,viewCart,0.055263,6.631579,replay
432,432.000,checkout,0.668421,80.210526,replay
433,433.000,index,0.018421,2.210526,replay
433,433.000,setCurrency,0.036842,4.421053,replay
433,433.000,browseProduct,0.184211,22.105263,replay
433,433.000,addToCart,0.036842,4.421053,replay
433,433.000,viewCart,0.055263,6.631579,replay
433,433.000,checkout,0.668421,80.210526,replay
434,434.000,index,0.018421,2.210526,replay
434,434.000,setCurrency,0.036842,4.421053,replay
434,434.000,browseProduct,0.184211,22.105263,replay
434,434.000,addToCart,0.036842,4.421053,replay
434,434.000,viewCart,0.055263,6.631579,replay
434,434.000,checkout,0.668421,80.210526,replay
435,435.000,index,0.018421,2.210526,replay
435,435.000,setCurrency,0.036842,4.421053,replay
435,435.000,browseProduct,0.184211,22.105263,replay
435,435.000,addToCart,0.036842,4.421053,replay
435,435.000,viewCart,0.055263,6.631579,replay
435,435.000,checkout,0.668421,80.210526,replay
436,436.000,index,0.018421,2.210526,replay
436,436.000,setCurrency,0.036842,4.421053,replay
436,436.000,browseProduct,0.184211,22.105263,replay
436,436.000,addToCart,0.036842,4.421053,replay
436,436.000,viewCart,0.055263,6.631579,replay
436,436.000,checkout,0.668421,80.210526,replay
437,437.000,index,0.018421,2.210526,replay
437,437.000,setCurrency,0.686842,82.421053,replay
437,437.000,browseProduct,0.184211,22.105263,replay
437,437.000,addToCart,0.036842,4.421053,replay
437,437.000,viewCart,0.055263,6.631579,replay
437,437.000,checkout,0.018421,2.210526,replay
438,438.000,index,0.018421,2.210526,replay
438,438.000,setCurrency,0.686842,82.421053,replay
438,438.000,browseProduct,0.184211,22.105263,replay
438,438.000,addToCart,0.036842,4.421053,replay
438,438.000,viewCart,0.055263,6.631579,replay
438,438.000,checkout,0.018421,2.210526,replay
439,439.000,index,0.018421,2.210526,replay
439,439.000,setCurrency,0.686842,82.421053,replay
439,439.000,browseProduct,0.184211,22.105263,replay
439,439.000,addToCart,0.036842,4.421053,replay
439,439.000,viewCart,0.055263,6.631579,replay
439,439.000,checkout,0.018421,2.210526,replay
440,440.000,index,0.018421,2.210526,replay
440,440.000,setCurrency,0.686842,82.421053,replay
440,440.000,browseProduct,0.184211,22.105263,replay
440,440.000,addToCart,0.036842,4.421053,replay
440,440.000,viewCart,0.055263,6.631579,replay
440,440.000,checkout,0.018421,2.210526,replay
441,441.000,index,0.018421,2.210526,replay
441,441.000,setCurrency,0.686842,82.421053,replay
441,441.000,browseProduct,0.184211,22.105263,replay
441,441.000,addToCart,0.036842,4.421053,replay
441,441.000,viewCart,0.055263,6.631579,replay
441,441.000,checkout,0.018421,2.210526,replay
442,442.000,index,0.018421,2.210526,replay
442,442.000,setCurrency,0.686842,82.421053,replay
442,442.000,browseProduct,0.184211,22.105263,replay
442,442.000,addToCart,0.036842,4.421053,replay
442,442.000,viewCart,0.055263,6.631579,replay
442,442.000,checkout,0.018421,2.210526,replay
443,443.000,index,0.668421,80.210526,replay
443,443.000,setCurrency,0.036842,4.421053,replay
443,443.000,browseProduct,0.184211,22.105263,replay
443,443.000,addToCart,0.036842,4.421053,replay
443,443.000,viewCart,0.055263,6.631579,replay
443,443.000,checkout,0.018421,2.210526,replay
444,444.000,index,0.018421,2.210526,replay
444,444.000,setCurrency,0.036842,4.421053,replay
444,444.000,browseProduct,0.184211,22.105263,replay
444,444.000,addToCart,0.036842,4.421053,replay
444,444.000,viewCart,0.055263,6.631579,replay
444,444.000,checkout,0.668421,80.210526,replay
445,445.000,index,0.018421,2.210526,replay
445,445.000,setCurrency,0.036842,4.421053,replay
445,445.000,browseProduct,0.184211,22.105263,replay
445,445.000,addToCart,0.036842,4.421053,replay
445,445.000,viewCart,0.055263,6.631579,replay
445,445.000,checkout,0.668421,80.210526,replay
446,446.000,index,0.018421,2.210526,replay
446,446.000,setCurrency,0.036842,4.421053,replay
446,446.000,browseProduct,0.184211,22.105263,replay
446,446.000,addToCart,0.036842,4.421053,replay
446,446.000,viewCart,0.055263,6.631579,replay
446,446.000,checkout,0.668421,80.210526,replay
447,447.000,index,0.018421,2.210526,replay
447,447.000,setCurrency,0.036842,4.421053,replay
447,447.000,browseProduct,0.184211,22.105263,replay
447,447.000,addToCart,0.036842,4.421053,replay
447,447.000,viewCart,0.055263,6.631579,replay
447,447.000,checkout,0.668421,80.210526,replay
448,448.000,index,0.018421,2.210526,replay
448,448.000,setCurrency,0.036842,4.421053,replay
448,448.000,browseProduct,0.184211,22.105263,replay
448,448.000,addToCart,0.036842,4.421053,replay
448,448.000,viewCart,0.055263,6.631579,replay
448,448.000,checkout,0.668421,80.210526,replay
449,449.000,index,0.018421,2.210526,replay
449,449.000,setCurrency,0.036842,4.421053,replay
449,449.000,browseProduct,0.184211,22.105263,replay
449,449.000,addToCart,0.036842,4.421053,replay
449,449.000,viewCart,0.055263,6.631579,replay
449,449.000,checkout,0.668421,80.210526,replay
450,450.000,index,0.018421,2.210526,replay
450,450.000,setCurrency,0.036842,4.421053,replay
450,450.000,browseProduct,0.184211,22.105263,replay
450,450.000,addToCart,0.036842,4.421053,replay
450,450.000,viewCart,0.055263,6.631579,replay
450,450.000,checkout,0.668421,80.210526,replay
451,451.000,index,0.018421,2.210526,replay
451,451.000,setCurrency,0.036842,4.421053,replay
451,451.000,browseProduct,0.184211,22.105263,replay
451,451.000,addToCart,0.036842,4.421053,replay
451,451.000,viewCart,0.055263,6.631579,replay
451,451.000,checkout,0.668421,80.210526,replay
452,452.000,index,0.018421,2.210526,replay
452,452.000,setCurrency,0.036842,4.421053,replay
452,452.000,browseProduct,0.834211,100.105263,replay
452,452.000,addToCart,0.036842,4.421053,replay
452,452.000,viewCart,0.055263,6.631579,replay
452,452.000,checkout,0.018421,2.210526,replay
453,453.000,index,0.018421,2.210526,replay
453,453.000,setCurrency,0.036842,4.421053,replay
453,453.000,browseProduct,0.834211,100.105263,replay
453,453.000,addToCart,0.036842,4.421053,replay
453,453.000,viewCart,0.055263,6.631579,replay
453,453.000,checkout,0.018421,2.210526,replay
454,454.000,index,0.018421,2.210526,replay
454,454.000,setCurrency,0.036842,4.421053,replay
454,454.000,browseProduct,0.834211,100.105263,replay
454,454.000,addToCart,0.036842,4.421053,replay
454,454.000,viewCart,0.055263,6.631579,replay
454,454.000,checkout,0.018421,2.210526,replay
455,455.000,index,0.018421,2.210526,replay
455,455.000,setCurrency,0.036842,4.421053,replay
455,455.000,browseProduct,0.834211,100.105263,replay
455,455.000,addToCart,0.036842,4.421053,replay
455,455.000,viewCart,0.055263,6.631579,replay
455,455.000,checkout,0.018421,2.210526,replay
456,456.000,index,0.018421,2.210526,replay
456,456.000,setCurrency,0.036842,4.421053,replay
456,456.000,browseProduct,0.834211,100.105263,replay
456,456.000,addToCart,0.036842,4.421053,replay
456,456.000,viewCart,0.055263,6.631579,replay
456,456.000,checkout,0.018421,2.210526,replay
457,457.000,index,0.018421,2.210526,replay
457,457.000,setCurrency,0.036842,4.421053,replay
457,457.000,browseProduct,0.834211,100.105263,replay
457,457.000,addToCart,0.036842,4.421053,replay
457,457.000,viewCart,0.055263,6.631579,replay
457,457.000,checkout,0.018421,2.210526,replay
458,458.000,index,0.018421,2.210526,replay
458,458.000,setCurrency,0.036842,4.421053,replay
458,458.000,browseProduct,0.834211,100.105263,replay
458,458.000,addToCart,0.036842,4.421053,replay
458,458.000,viewCart,0.055263,6.631579,replay
458,458.000,checkout,0.018421,2.210526,replay
459,459.000,index,0.018421,2.210526,replay
459,459.000,setCurrency,0.036842,4.421053,replay
459,459.000,browseProduct,0.834211,100.105263,replay
459,459.000,addToCart,0.036842,4.421053,replay
459,459.000,viewCart,0.055263,6.631579,replay
459,459.000,checkout,0.018421,2.210526,replay
460,460.000,index,0.018421,2.210526,replay
460,460.000,setCurrency,0.036842,4.421053,replay
460,460.000,browseProduct,0.834211,100.105263,replay
460,460.000,addToCart,0.036842,4.421053,replay
460,460.000,viewCart,0.055263,6.631579,replay
460,460.000,checkout,0.018421,2.210526,replay
461,461.000,index,0.018421,2.210526,replay
461,461.000,setCurrency,0.036842,4.421053,replay
461,461.000,browseProduct,0.834211,100.105263,replay
461,461.000,addToCart,0.036842,4.421053,replay
461,461.000,viewCart,0.055263,6.631579,replay
461,461.000,checkout,0.018421,2.210526,replay
462,462.000,index,0.018421,2.210526,replay
462,462.000,setCurrency,0.036842,4.421053,replay
462,462.000,browseProduct,0.834211,100.105263,replay
462,462.000,addToCart,0.036842,4.421053,replay
462,462.000,viewCart,0.055263,6.631579,replay
462,462.000,checkout,0.018421,2.210526,replay
463,463.000,index,0.018421,2.210526,replay
463,463.000,setCurrency,0.036842,4.421053,replay
463,463.000,browseProduct,0.834211,100.105263,replay
463,463.000,addToCart,0.036842,4.421053,replay
463,463.000,viewCart,0.055263,6.631579,replay
463,463.000,checkout,0.018421,2.210526,replay
464,464.000,index,0.018421,2.210526,replay
464,464.000,setCurrency,0.036842,4.421053,replay
464,464.000,browseProduct,0.834211,100.105263,replay
464,464.000,addToCart,0.036842,4.421053,replay
464,464.000,viewCart,0.055263,6.631579,replay
464,464.000,checkout,0.018421,2.210526,replay
465,465.000,index,0.018421,2.210526,replay
465,465.000,setCurrency,0.036842,4.421053,replay
465,465.000,browseProduct,0.834211,100.105263,replay
465,465.000,addToCart,0.036842,4.421053,replay
465,465.000,viewCart,0.055263,6.631579,replay
465,465.000,checkout,0.018421,2.210526,replay
466,466.000,index,0.018421,2.210526,replay
466,466.000,setCurrency,0.036842,4.421053,replay
466,466.000,browseProduct,0.184211,22.105263,replay
466,466.000,addToCart,0.036842,4.421053,replay
466,466.000,viewCart,0.705263,84.631579,replay
466,466.000,checkout,0.018421,2.210526,replay
467,467.000,index,0.018421,2.210526,replay
467,467.000,setCurrency,0.036842,4.421053,replay
467,467.000,browseProduct,0.184211,22.105263,replay
467,467.000,addToCart,0.036842,4.421053,replay
467,467.000,viewCart,0.705263,84.631579,replay
467,467.000,checkout,0.018421,2.210526,replay
468,468.000,index,0.018421,2.210526,replay
468,468.000,setCurrency,0.036842,4.421053,replay
468,468.000,browseProduct,0.184211,22.105263,replay
468,468.000,addToCart,0.036842,4.421053,replay
468,468.000,viewCart,0.055263,6.631579,replay
468,468.000,checkout,0.668421,80.210526,replay
469,469.000,index,0.018421,2.210526,replay
469,469.000,setCurrency,0.036842,4.421053,replay
469,469.000,browseProduct,0.184211,22.105263,replay
469,469.000,addToCart,0.036842,4.421053,replay
469,469.000,viewCart,0.055263,6.631579,replay
469,469.000,checkout,0.668421,80.210526,replay
470,470.000,index,0.018421,2.210526,replay
470,470.000,setCurrency,0.036842,4.421053,replay
470,470.000,browseProduct,0.184211,22.105263,replay
470,470.000,addToCart,0.036842,4.421053,replay
470,470.000,viewCart,0.055263,6.631579,replay
470,470.000,checkout,0.668421,80.210526,replay
471,471.000,index,0.018421,2.210526,replay
471,471.000,setCurrency,0.036842,4.421053,replay
471,471.000,browseProduct,0.184211,22.105263,replay
471,471.000,addToCart,0.036842,4.421053,replay
471,471.000,viewCart,0.055263,6.631579,replay
471,471.000,checkout,0.668421,80.210526,replay
472,472.000,index,0.668421,80.210526,replay
472,472.000,setCurrency,0.036842,4.421053,replay
472,472.000,browseProduct,0.184211,22.105263,replay
472,472.000,addToCart,0.036842,4.421053,replay
472,472.000,viewCart,0.055263,6.631579,replay
472,472.000,checkout,0.018421,2.210526,replay
473,473.000,index,0.668421,80.210526,replay
473,473.000,setCurrency,0.036842,4.421053,replay
473,473.000,browseProduct,0.184211,22.105263,replay
473,473.000,addToCart,0.036842,4.421053,replay
473,473.000,viewCart,0.055263,6.631579,replay
473,473.000,checkout,0.018421,2.210526,replay
474,474.000,index,0.018421,2.210526,replay
474,474.000,setCurrency,0.686842,82.421053,replay
474,474.000,browseProduct,0.184211,22.105263,replay
474,474.000,addToCart,0.036842,4.421053,replay
474,474.000,viewCart,0.055263,6.631579,replay
474,474.000,checkout,0.018421,2.210526,replay
475,475.000,index,0.018421,2.210526,replay
475,475.000,setCurrency,0.686842,82.421053,replay
475,475.000,browseProduct,0.184211,22.105263,replay
475,475.000,addToCart,0.036842,4.421053,replay
475,475.000,viewCart,0.055263,6.631579,replay
475,475.000,checkout,0.018421,2.210526,replay
476,476.000,index,0.018421,2.210526,replay
476,476.000,setCurrency,0.686842,82.421053,replay
476,476.000,browseProduct,0.184211,22.105263,replay
476,476.000,addToCart,0.036842,4.421053,replay
476,476.000,viewCart,0.055263,6.631579,replay
476,476.000,checkout,0.018421,2.210526,replay
477,477.000,index,0.018421,2.210526,replay
477,477.000,setCurrency,0.036842,4.421053,replay
477,477.000,browseProduct,0.834211,100.105263,replay
477,477.000,addToCart,0.036842,4.421053,replay
477,477.000,viewCart,0.055263,6.631579,replay
477,477.000,checkout,0.018421,2.210526,replay
478,478.000,index,0.018421,2.210526,replay
478,478.000,setCurrency,0.036842,4.421053,replay
478,478.000,browseProduct,0.834211,100.105263,replay
478,478.000,addToCart,0.036842,4.421053,replay
478,478.000,viewCart,0.055263,6.631579,replay
478,478.000,checkout,0.018421,2.210526,replay
479,479.000,index,0.018421,2.210526,replay
479,479.000,setCurrency,0.036842,4.421053,replay
479,479.000,browseProduct,0.834211,100.105263,replay
479,479.000,addToCart,0.036842,4.421053,replay
479,479.000,viewCart,0.055263,6.631579,replay
479,479.000,checkout,0.018421,2.210526,replay
480,480.000,index,0.018421,2.210526,replay
480,480.000,setCurrency,0.036842,4.421053,replay
480,480.000,browseProduct,0.834211,100.105263,replay
480,480.000,addToCart,0.036842,4.421053,replay
480,480.000,viewCart,0.055263,6.631579,replay
480,480.000,checkout,0.018421,2.210526,replay
481,481.000,index,0.018421,2.210526,replay
481,481.000,setCurrency,0.036842,4.421053,replay
481,481.000,browseProduct,0.834211,100.105263,replay
481,481.000,addToCart,0.036842,4.421053,replay
481,481.000,viewCart,0.055263,6.631579,replay
481,481.000,checkout,0.018421,2.210526,replay
482,482.000,index,0.018421,2.210526,replay
482,482.000,setCurrency,0.036842,4.421053,replay
482,482.000,browseProduct,0.834211,100.105263,replay
482,482.000,addToCart,0.036842,4.421053,replay
482,482.000,viewCart,0.055263,6.631579,replay
482,482.000,checkout,0.018421,2.210526,replay
483,483.000,index,0.018421,2.210526,replay
483,483.000,setCurrency,0.036842,4.421053,replay
483,483.000,browseProduct,0.834211,100.105263,replay
483,483.000,addToCart,0.036842,4.421053,replay
483,483.000,viewCart,0.055263,6.631579,replay
483,483.000,checkout,0.018421,2.210526,replay
484,484.000,index,0.018421,2.210526,replay
484,484.000,setCurrency,0.036842,4.421053,replay
484,484.000,browseProduct,0.834211,100.105263,replay
484,484.000,addToCart,0.036842,4.421053,replay
484,484.000,viewCart,0.055263,6.631579,replay
484,484.000,checkout,0.018421,2.210526,replay
485,485.000,index,0.018421,2.210526,replay
485,485.000,setCurrency,0.036842,4.421053,replay
485,485.000,browseProduct,0.834211,100.105263,replay
485,485.000,addToCart,0.036842,4.421053,replay
485,485.000,viewCart,0.055263,6.631579,replay
485,485.000,checkout,0.018421,2.210526,replay
486,486.000,index,0.018421,2.210526,replay
486,486.000,setCurrency,0.036842,4.421053,replay
486,486.000,browseProduct,0.834211,100.105263,replay
486,486.000,addToCart,0.036842,4.421053,replay
486,486.000,viewCart,0.055263,6.631579,replay
486,486.000,checkout,0.018421,2.210526,replay
487,487.000,index,0.018421,2.210526,replay
487,487.000,setCurrency,0.036842,4.421053,replay
487,487.000,browseProduct,0.834211,100.105263,replay
487,487.000,addToCart,0.036842,4.421053,replay
487,487.000,viewCart,0.055263,6.631579,replay
487,487.000,checkout,0.018421,2.210526,replay
488,488.000,index,0.668421,80.210526,replay
488,488.000,setCurrency,0.036842,4.421053,replay
488,488.000,browseProduct,0.184211,22.105263,replay
488,488.000,addToCart,0.036842,4.421053,replay
488,488.000,viewCart,0.055263,6.631579,replay
488,488.000,checkout,0.018421,2.210526,replay
489,489.000,index,0.018421,2.210526,replay
489,489.000,setCurrency,0.036842,4.421053,replay
489,489.000,browseProduct,0.184211,22.105263,replay
489,489.000,addToCart,0.686842,82.421053,replay
489,489.000,viewCart,0.055263,6.631579,replay
489,489.000,checkout,0.018421,2.210526,replay
490,490.000,index,0.018421,2.210526,replay
490,490.000,setCurrency,0.036842,4.421053,replay
490,490.000,browseProduct,0.184211,22.105263,replay
490,490.000,addToCart,0.686842,82.421053,replay
490,490.000,viewCart,0.055263,6.631579,replay
490,490.000,checkout,0.018421,2.210526,replay
491,491.000,index,0.018421,2.210526,replay
491,491.000,setCurrency,0.036842,4.421053,replay
491,491.000,browseProduct,0.184211,22.105263,replay
491,491.000,addToCart,0.686842,82.421053,replay
491,491.000,viewCart,0.055263,6.631579,replay
491,491.000,checkout,0.018421,2.210526,replay
492,492.000,index,0.018421,2.210526,replay
492,492.000,setCurrency,0.036842,4.421053,replay
492,492.000,browseProduct,0.184211,22.105263,replay
492,492.000,addToCart,0.686842,82.421053,replay
492,492.000,viewCart,0.055263,6.631579,replay
492,492.000,checkout,0.018421,2.210526,replay
493,493.000,index,0.018421,2.210526,replay
493,493.000,setCurrency,0.036842,4.421053,replay
493,493.000,browseProduct,0.834211,100.105263,replay
493,493.000,addToCart,0.036842,4.421053,replay
493,493.000,viewCart,0.055263,6.631579,replay
493,493.000,checkout,0.018421,2.210526,replay
494,494.000,index,0.018421,2.210526,replay
494,494.000,setCurrency,0.036842,4.421053,replay
494,494.000,browseProduct,0.184211,22.105263,replay
494,494.000,addToCart,0.036842,4.421053,replay
494,494.000,viewCart,0.705263,84.631579,replay
494,494.000,checkout,0.018421,2.210526,replay
495,495.000,index,0.018421,2.210526,replay
495,495.000,setCurrency,0.036842,4.421053,replay
495,495.000,browseProduct,0.184211,22.105263,replay
495,495.000,addToCart,0.036842,4.421053,replay
495,495.000,viewCart,0.705263,84.631579,replay
495,495.000,checkout,0.018421,2.210526,replay
496,496.000,index,0.018421,2.210526,replay
496,496.000,setCurrency,0.036842,4.421053,replay
496,496.000,browseProduct,0.184211,22.105263,replay
496,496.000,addToCart,0.036842,4.421053,replay
496,496.000,viewCart,0.705263,84.631579,replay
496,496.000,checkout,0.018421,2.210526,replay
497,497.000,index,0.018421,2.210526,replay
497,497.000,setCurrency,0.036842,4.421053,replay
497,497.000,browseProduct,0.184211,22.105263,replay
497,497.000,addToCart,0.036842,4.421053,replay
497,497.000,viewCart,0.705263,84.631579,replay
497,497.000,checkout,0.018421,2.210526,replay
498,498.000,index,0.018421,2.210526,replay
498,498.000,setCurrency,0.686842,82.421053,replay
498,498.000,browseProduct,0.184211,22.105263,replay
498,498.000,addToCart,0.036842,4.421053,replay
498,498.000,viewCart,0.055263,6.631579,replay
498,498.000,checkout,0.018421,2.210526,replay
499,499.000,index,0.018421,2.210526,replay
499,499.000,setCurrency,0.686842,82.421053,replay
499,499.000,browseProduct,0.184211,22.105263,replay
499,499.000,addToCart,0.036842,4.421053,replay
499,499.000,viewCart,0.055263,6.631579,replay
499,499.000,checkout,0.018421,2.210526,replay
500,500.000,index,0.018421,2.210526,replay
500,500.000,setCurrency,0.686842,82.421053,replay
500,500.000,browseProduct,0.184211,22.105263,replay
500,500.000,addToCart,0.036842,4.421053,replay
500,500.000,viewCart,0.055263,6.631579,replay
500,500.000,checkout,0.018421,2.210526,replay
501,501.000,index,0.018421,2.210526,replay
501,501.000,setCurrency,0.036842,4.421053,replay
501,501.000,browseProduct,0.184211,22.105263,replay
501,501.000,addToCart,0.036842,4.421053,replay
501,501.000,viewCart,0.055263,6.631579,replay
501,501.000,checkout,0.668421,80.210526,replay
502,502.000,index,0.018421,2.210526,replay
502,502.000,setCurrency,0.036842,4.421053,replay
502,502.000,browseProduct,0.184211,22.105263,replay
502,502.000,addToCart,0.036842,4.421053,replay
502,502.000,viewCart,0.055263,6.631579,replay
502,502.000,checkout,0.668421,80.210526,replay
503,503.000,index,0.018421,2.210526,replay
503,503.000,setCurrency,0.036842,4.421053,replay
503,503.000,browseProduct,0.834211,100.105263,replay
503,503.000,addToCart,0.036842,4.421053,replay
503,503.000,viewCart,0.055263,6.631579,replay
503,503.000,checkout,0.018421,2.210526,replay
504,504.000,index,0.018421,2.210526,replay
504,504.000,setCurrency,0.036842,4.421053,replay
504,504.000,browseProduct,0.834211,100.105263,replay
504,504.000,addToCart,0.036842,4.421053,replay
504,504.000,viewCart,0.055263,6.631579,replay
504,504.000,checkout,0.018421,2.210526,replay
505,505.000,index,0.018421,2.210526,replay
505,505.000,setCurrency,0.036842,4.421053,replay
505,505.000,browseProduct,0.834211,100.105263,replay
505,505.000,addToCart,0.036842,4.421053,replay
505,505.000,viewCart,0.055263,6.631579,replay
505,505.000,checkout,0.018421,2.210526,replay
506,506.000,index,0.018421,2.210526,replay
506,506.000,setCurrency,0.036842,4.421053,replay
506,506.000,browseProduct,0.834211,100.105263,replay
506,506.000,addToCart,0.036842,4.421053,replay
506,506.000,viewCart,0.055263,6.631579,replay
506,506.000,checkout,0.018421,2.210526,replay
507,507.000,index,0.018421,2.210526,replay
507,507.000,setCurrency,0.036842,4.421053,replay
507,507.000,browseProduct,0.834211,100.105263,replay
507,507.000,addToCart,0.036842,4.421053,replay
507,507.000,viewCart,0.055263,6.631579,replay
507,507.000,checkout,0.018421,2.210526,replay
508,508.000,index,0.018421,2.210526,replay
508,508.000,setCurrency,0.036842,4.421053,replay
508,508.000,browseProduct,0.834211,100.105263,replay
508,508.000,addToCart,0.036842,4.421053,replay
508,508.000,viewCart,0.055263,6.631579,replay
508,508.000,checkout,0.018421,2.210526,replay
509,509.000,index,0.668421,80.210526,replay
509,509.000,setCurrency,0.036842,4.421053,replay
509,509.000,browseProduct,0.184211,22.105263,replay
509,509.000,addToCart,0.036842,4.421053,replay
509,509.000,viewCart,0.055263,6.631579,replay
509,509.000,checkout,0.018421,2.210526,replay
510,510.000,index,0.668421,80.210526,replay
510,510.000,setCurrency,0.036842,4.421053,replay
510,510.000,browseProduct,0.184211,22.105263,replay
510,510.000,addToCart,0.036842,4.421053,replay
510,510.000,viewCart,0.055263,6.631579,replay
510,510.000,checkout,0.018421,2.210526,replay
511,511.000,index,0.668421,80.210526,replay
511,511.000,setCurrency,0.036842,4.421053,replay
511,511.000,browseProduct,0.184211,22.105263,replay
511,511.000,addToCart,0.036842,4.421053,replay
511,511.000,viewCart,0.055263,6.631579,replay
511,511.000,checkout,0.018421,2.210526,replay
512,512.000,index,0.668421,80.210526,replay
512,512.000,setCurrency,0.036842,4.421053,replay
512,512.000,browseProduct,0.184211,22.105263,replay
512,512.000,addToCart,0.036842,4.421053,replay
512,512.000,viewCart,0.055263,6.631579,replay
512,512.000,checkout,0.018421,2.210526,replay
513,513.000,index,0.668421,80.210526,replay
513,513.000,setCurrency,0.036842,4.421053,replay
513,513.000,browseProduct,0.184211,22.105263,replay
513,513.000,addToCart,0.036842,4.421053,replay
513,513.000,viewCart,0.055263,6.631579,replay
513,513.000,checkout,0.018421,2.210526,replay
514,514.000,index,0.668421,80.210526,replay
514,514.000,setCurrency,0.036842,4.421053,replay
514,514.000,browseProduct,0.184211,22.105263,replay
514,514.000,addToCart,0.036842,4.421053,replay
514,514.000,viewCart,0.055263,6.631579,replay
514,514.000,checkout,0.018421,2.210526,replay
515,515.000,index,0.668421,80.210526,replay
515,515.000,setCurrency,0.036842,4.421053,replay
515,515.000,browseProduct,0.184211,22.105263,replay
515,515.000,addToCart,0.036842,4.421053,replay
515,515.000,viewCart,0.055263,6.631579,replay
515,515.000,checkout,0.018421,2.210526,replay
516,516.000,index,0.668421,80.210526,replay
516,516.000,setCurrency,0.036842,4.421053,replay
516,516.000,browseProduct,0.184211,22.105263,replay
516,516.000,addToCart,0.036842,4.421053,replay
516,516.000,viewCart,0.055263,6.631579,replay
516,516.000,checkout,0.018421,2.210526,replay
517,517.000,index,0.668421,80.210526,replay
517,517.000,setCurrency,0.036842,4.421053,replay
517,517.000,browseProduct,0.184211,22.105263,replay
517,517.000,addToCart,0.036842,4.421053,replay
517,517.000,viewCart,0.055263,6.631579,replay
517,517.000,checkout,0.018421,2.210526,replay
518,518.000,index,0.668421,80.210526,replay
518,518.000,setCurrency,0.036842,4.421053,replay
518,518.000,browseProduct,0.184211,22.105263,replay
518,518.000,addToCart,0.036842,4.421053,replay
518,518.000,viewCart,0.055263,6.631579,replay
518,518.000,checkout,0.018421,2.210526,replay
519,519.000,index,0.668421,80.210526,replay
519,519.000,setCurrency,0.036842,4.421053,replay
519,519.000,browseProduct,0.184211,22.105263,replay
519,519.000,addToCart,0.036842,4.421053,replay
519,519.000,viewCart,0.055263,6.631579,replay
519,519.000,checkout,0.018421,2.210526,replay
520,520.000,index,0.668421,80.210526,replay
520,520.000,setCurrency,0.036842,4.421053,replay
520,520.000,browseProduct,0.184211,22.105263,replay
520,520.000,addToCart,0.036842,4.421053,replay
520,520.000,viewCart,0.055263,6.631579,replay
520,520.000,checkout,0.018421,2.210526,replay
521,521.000,index,0.668421,80.210526,replay
521,521.000,setCurrency,0.036842,4.421053,replay
521,521.000,browseProduct,0.184211,22.105263,replay
521,521.000,addToCart,0.036842,4.421053,replay
521,521.000,viewCart,0.055263,6.631579,replay
521,521.000,checkout,0.018421,2.210526,replay
522,522.000,index,0.668421,80.210526,replay
522,522.000,setCurrency,0.036842,4.421053,replay
522,522.000,browseProduct,0.184211,22.105263,replay
522,522.000,addToCart,0.036842,4.421053,replay
522,522.000,viewCart,0.055263,6.631579,replay
522,522.000,checkout,0.018421,2.210526,replay
523,523.000,index,0.668421,80.210526,replay
523,523.000,setCurrency,0.036842,4.421053,replay
523,523.000,browseProduct,0.184211,22.105263,replay
523,523.000,addToCart,0.036842,4.421053,replay
523,523.000,viewCart,0.055263,6.631579,replay
523,523.000,checkout,0.018421,2.210526,replay
524,524.000,index,0.668421,80.210526,replay
524,524.000,setCurrency,0.036842,4.421053,replay
524,524.000,browseProduct,0.184211,22.105263,replay
524,524.000,addToCart,0.036842,4.421053,replay
524,524.000,viewCart,0.055263,6.631579,replay
524,524.000,checkout,0.018421,2.210526,replay
525,525.000,index,0.018421,2.210526,replay
525,525.000,setCurrency,0.036842,4.421053,replay
525,525.000,browseProduct,0.184211,22.105263,replay
525,525.000,addToCart,0.686842,82.421053,replay
525,525.000,viewCart,0.055263,6.631579,replay
525,525.000,checkout,0.018421,2.210526,replay
526,526.000,index,0.018421,2.210526,replay
526,526.000,setCurrency,0.036842,4.421053,replay
526,526.000,browseProduct,0.184211,22.105263,replay
526,526.000,addToCart,0.686842,82.421053,replay
526,526.000,viewCart,0.055263,6.631579,replay
526,526.000,checkout,0.018421,2.210526,replay
527,527.000,index,0.018421,2.210526,replay
527,527.000,setCurrency,0.036842,4.421053,replay
527,527.000,browseProduct,0.184211,22.105263,replay
527,527.000,addToCart,0.686842,82.421053,replay
527,527.000,viewCart,0.055263,6.631579,replay
527,527.000,checkout,0.018421,2.210526,replay
528,528.000,index,0.018421,2.210526,replay
528,528.000,setCurrency,0.036842,4.421053,replay
528,528.000,browseProduct,0.184211,22.105263,replay
528,528.000,addToCart,0.686842,82.421053,replay
528,528.000,viewCart,0.055263,6.631579,replay
528,528.000,checkout,0.018421,2.210526,replay
529,529.000,index,0.018421,2.210526,replay
529,529.000,setCurrency,0.036842,4.421053,replay
529,529.000,browseProduct,0.184211,22.105263,replay
529,529.000,addToCart,0.686842,82.421053,replay
529,529.000,viewCart,0.055263,6.631579,replay
529,529.000,checkout,0.018421,2.210526,replay
530,530.000,index,0.018421,2.210526,replay
530,530.000,setCurrency,0.036842,4.421053,replay
530,530.000,browseProduct,0.184211,22.105263,replay
530,530.000,addToCart,0.686842,82.421053,replay
530,530.000,viewCart,0.055263,6.631579,replay
530,530.000,checkout,0.018421,2.210526,replay
531,531.000,index,0.018421,2.210526,replay
531,531.000,setCurrency,0.686842,82.421053,replay
531,531.000,browseProduct,0.184211,22.105263,replay
531,531.000,addToCart,0.036842,4.421053,replay
531,531.000,viewCart,0.055263,6.631579,replay
531,531.000,checkout,0.018421,2.210526,replay
532,532.000,index,0.018421,2.210526,replay
532,532.000,setCurrency,0.686842,82.421053,replay
532,532.000,browseProduct,0.184211,22.105263,replay
532,532.000,addToCart,0.036842,4.421053,replay
532,532.000,viewCart,0.055263,6.631579,replay
532,532.000,checkout,0.018421,2.210526,replay
533,533.000,index,0.018421,2.210526,replay
533,533.000,setCurrency,0.686842,82.421053,replay
533,533.000,browseProduct,0.184211,22.105263,replay
533,533.000,addToCart,0.036842,4.421053,replay
533,533.000,viewCart,0.055263,6.631579,replay
533,533.000,checkout,0.018421,2.210526,replay
534,534.000,index,0.018421,2.210526,replay
534,534.000,setCurrency,0.686842,82.421053,replay
534,534.000,browseProduct,0.184211,22.105263,replay
534,534.000,addToCart,0.036842,4.421053,replay
534,534.000,viewCart,0.055263,6.631579,replay
534,534.000,checkout,0.018421,2.210526,replay
535,535.000,index,0.018421,2.210526,replay
535,535.000,setCurrency,0.686842,82.421053,replay
535,535.000,browseProduct,0.184211,22.105263,replay
535,535.000,addToCart,0.036842,4.421053,replay
535,535.000,viewCart,0.055263,6.631579,replay
535,535.000,checkout,0.018421,2.210526,replay
536,536.000,index,0.018421,2.210526,replay
536,536.000,setCurrency,0.686842,82.421053,replay
536,536.000,browseProduct,0.184211,22.105263,replay
536,536.000,addToCart,0.036842,4.421053,replay
536,536.000,viewCart,0.055263,6.631579,replay
536,536.000,checkout,0.018421,2.210526,replay
537,537.000,index,0.668421,80.210526,replay
537,537.000,setCurrency,0.036842,4.421053,replay
537,537.000,browseProduct,0.184211,22.105263,replay
537,537.000,addToCart,0.036842,4.421053,replay
537,537.000,viewCart,0.055263,6.631579,replay
537,537.000,checkout,0.018421,2.210526,replay
538,538.000,index,0.668421,80.210526,replay
538,538.000,setCurrency,0.036842,4.421053,replay
538,538.000,browseProduct,0.184211,22.105263,replay
538,538.000,addToCart,0.036842,4.421053,replay
538,538.000,viewCart,0.055263,6.631579,replay
538,538.000,checkout,0.018421,2.210526,replay
539,539.000,index,0.668421,80.210526,replay
539,539.000,setCurrency,0.036842,4.421053,replay
539,539.000,browseProduct,0.184211,22.105263,replay
539,539.000,addToCart,0.036842,4.421053,replay
539,539.000,viewCart,0.055263,6.631579,replay
539,539.000,checkout,0.018421,2.210526,replay
540,540.000,index,0.668421,80.210526,replay
540,540.000,setCurrency,0.036842,4.421053,replay
540,540.000,browseProduct,0.184211,22.105263,replay
540,540.000,addToCart,0.036842,4.421053,replay
540,540.000,viewCart,0.055263,6.631579,replay
540,540.000,checkout,0.018421,2.210526,replay
541,541.000,index,0.668421,80.210526,replay
541,541.000,setCurrency,0.036842,4.421053,replay
541,541.000,browseProduct,0.184211,22.105263,replay
541,541.000,addToCart,0.036842,4.421053,replay
541,541.000,viewCart,0.055263,6.631579,replay
541,541.000,checkout,0.018421,2.210526,replay
542,542.000,index,0.018421,2.210526,replay
542,542.000,setCurrency,0.686842,82.421053,replay
542,542.000,browseProduct,0.184211,22.105263,replay
542,542.000,addToCart,0.036842,4.421053,replay
542,542.000,viewCart,0.055263,6.631579,replay
542,542.000,checkout,0.018421,2.210526,replay
543,543.000,index,0.018421,2.210526,replay
543,543.000,setCurrency,0.036842,4.421053,replay
543,543.000,browseProduct,0.184211,22.105263,replay
543,543.000,addToCart,0.686842,82.421053,replay
543,543.000,viewCart,0.055263,6.631579,replay
543,543.000,checkout,0.018421,2.210526,replay
544,544.000,index,0.018421,2.210526,replay
544,544.000,setCurrency,0.036842,4.421053,replay
544,544.000,browseProduct,0.184211,22.105263,replay
544,544.000,addToCart,0.686842,82.421053,replay
544,544.000,viewCart,0.055263,6.631579,replay
544,544.000,checkout,0.018421,2.210526,replay
545,545.000,index,0.018421,2.210526,replay
545,545.000,setCurrency,0.036842,4.421053,replay
545,545.000,browseProduct,0.834211,100.105263,replay
545,545.000,addToCart,0.036842,4.421053,replay
545,545.000,viewCart,0.055263,6.631579,replay
545,545.000,checkout,0.018421,2.210526,replay
546,546.000,index,0.668421,80.210526,replay
546,546.000,setCurrency,0.036842,4.421053,replay
546,546.000,browseProduct,0.184211,22.105263,replay
546,546.000,addToCart,0.036842,4.421053,replay
546,546.000,viewCart,0.055263,6.631579,replay
546,546.000,checkout,0.018421,2.210526,replay
547,547.000,index,0.668421,80.210526,replay
547,547.000,setCurrency,0.036842,4.421053,replay
547,547.000,browseProduct,0.184211,22.105263,replay
547,547.000,addToCart,0.036842,4.421053,replay
547,547.000,viewCart,0.055263,6.631579,replay
547,547.000,checkout,0.018421,2.210526,replay
548,548.000,index,0.668421,80.210526,replay
548,548.000,setCurrency,0.036842,4.421053,replay
548,548.000,browseProduct,0.184211,22.105263,replay
548,548.000,addToCart,0.036842,4.421053,replay
548,548.000,viewCart,0.055263,6.631579,replay
548,548.000,checkout,0.018421,2.210526,replay
549,549.000,index,0.668421,80.210526,replay
549,549.000,setCurrency,0.036842,4.421053,replay
549,549.000,browseProduct,0.184211,22.105263,replay
549,549.000,addToCart,0.036842,4.421053,replay
549,549.000,viewCart,0.055263,6.631579,replay
549,549.000,checkout,0.018421,2.210526,replay
550,550.000,index,0.668421,80.210526,replay
550,550.000,setCurrency,0.036842,4.421053,replay
550,550.000,browseProduct,0.184211,22.105263,replay
550,550.000,addToCart,0.036842,4.421053,replay
550,550.000,viewCart,0.055263,6.631579,replay
550,550.000,checkout,0.018421,2.210526,replay
551,551.000,index,0.668421,80.210526,replay
551,551.000,setCurrency,0.036842,4.421053,replay
551,551.000,browseProduct,0.184211,22.105263,replay
551,551.000,addToCart,0.036842,4.421053,replay
551,551.000,viewCart,0.055263,6.631579,replay
551,551.000,checkout,0.018421,2.210526,replay
552,552.000,index,0.668421,80.210526,replay
552,552.000,setCurrency,0.036842,4.421053,replay
552,552.000,browseProduct,0.184211,22.105263,replay
552,552.000,addToCart,0.036842,4.421053,replay
552,552.000,viewCart,0.055263,6.631579,replay
552,552.000,checkout,0.018421,2.210526,replay
553,553.000,index,0.668421,80.210526,replay
553,553.000,setCurrency,0.036842,4.421053,replay
553,553.000,browseProduct,0.184211,22.105263,replay
553,553.000,addToCart,0.036842,4.421053,replay
553,553.000,viewCart,0.055263,6.631579,replay
553,553.000,checkout,0.018421,2.210526,replay
554,554.000,index,0.668421,80.210526,replay
554,554.000,setCurrency,0.036842,4.421053,replay
554,554.000,browseProduct,0.184211,22.105263,replay
554,554.000,addToCart,0.036842,4.421053,replay
554,554.000,viewCart,0.055263,6.631579,replay
554,554.000,checkout,0.018421,2.210526,replay
555,555.000,index,0.668421,80.210526,replay
555,555.000,setCurrency,0.036842,4.421053,replay
555,555.000,browseProduct,0.184211,22.105263,replay
555,555.000,addToCart,0.036842,4.421053,replay
555,555.000,viewCart,0.055263,6.631579,replay
555,555.000,checkout,0.018421,2.210526,replay
556,556.000,index,0.668421,80.210526,replay
556,556.000,setCurrency,0.036842,4.421053,replay
556,556.000,browseProduct,0.184211,22.105263,replay
556,556.000,addToCart,0.036842,4.421053,replay
556,556.000,viewCart,0.055263,6.631579,replay
556,556.000,checkout,0.018421,2.210526,replay
557,557.000,index,0.668421,80.210526,replay
557,557.000,setCurrency,0.036842,4.421053,replay
557,557.000,browseProduct,0.184211,22.105263,replay
557,557.000,addToCart,0.036842,4.421053,replay
557,557.000,viewCart,0.055263,6.631579,replay
557,557.000,checkout,0.018421,2.210526,replay
558,558.000,index,0.018421,2.210526,replay
558,558.000,setCurrency,0.036842,4.421053,replay
558,558.000,browseProduct,0.184211,22.105263,replay
558,558.000,addToCart,0.036842,4.421053,replay
558,558.000,viewCart,0.705263,84.631579,replay
558,558.000,checkout,0.018421,2.210526,replay
559,559.000,index,0.018421,2.210526,replay
559,559.000,setCurrency,0.036842,4.421053,replay
559,559.000,browseProduct,0.184211,22.105263,replay
559,559.000,addToCart,0.686842,82.421053,replay
559,559.000,viewCart,0.055263,6.631579,replay
559,559.000,checkout,0.018421,2.210526,replay
560,560.000,index,0.018421,2.210526,replay
560,560.000,setCurrency,0.036842,4.421053,replay
560,560.000,browseProduct,0.184211,22.105263,replay
560,560.000,addToCart,0.686842,82.421053,replay
560,560.000,viewCart,0.055263,6.631579,replay
560,560.000,checkout,0.018421,2.210526,replay
561,561.000,index,0.018421,2.210526,replay
561,561.000,setCurrency,0.036842,4.421053,replay
561,561.000,browseProduct,0.184211,22.105263,replay
561,561.000,addToCart,0.686842,82.421053,replay
561,561.000,viewCart,0.055263,6.631579,replay
561,561.000,checkout,0.018421,2.210526,replay
562,562.000,index,0.018421,2.210526,replay
562,562.000,setCurrency,0.036842,4.421053,replay
562,562.000,browseProduct,0.184211,22.105263,replay
562,562.000,addToCart,0.686842,82.421053,replay
562,562.000,viewCart,0.055263,6.631579,replay
562,562.000,checkout,0.018421,2.210526,replay
563,563.000,index,0.018421,2.210526,replay
563,563.000,setCurrency,0.036842,4.421053,replay
563,563.000,browseProduct,0.184211,22.105263,replay
563,563.000,addToCart,0.686842,82.421053,replay
563,563.000,viewCart,0.055263,6.631579,replay
563,563.000,checkout,0.018421,2.210526,replay
564,564.000,index,0.018421,2.210526,replay
564,564.000,setCurrency,0.036842,4.421053,replay
564,564.000,browseProduct,0.834211,100.105263,replay
564,564.000,addToCart,0.036842,4.421053,replay
564,564.000,viewCart,0.055263,6.631579,replay
564,564.000,checkout,0.018421,2.210526,replay
565,565.000,index,0.018421,2.210526,replay
565,565.000,setCurrency,0.036842,4.421053,replay
565,565.000,browseProduct,0.184211,22.105263,replay
565,565.000,addToCart,0.036842,4.421053,replay
565,565.000,viewCart,0.055263,6.631579,replay
565,565.000,checkout,0.668421,80.210526,replay
566,566.000,index,0.018421,2.210526,replay
566,566.000,setCurrency,0.036842,4.421053,replay
566,566.000,browseProduct,0.184211,22.105263,replay
566,566.000,addToCart,0.036842,4.421053,replay
566,566.000,viewCart,0.055263,6.631579,replay
566,566.000,checkout,0.668421,80.210526,replay
567,567.000,index,0.018421,2.210526,replay
567,567.000,setCurrency,0.036842,4.421053,replay
567,567.000,browseProduct,0.184211,22.105263,replay
567,567.000,addToCart,0.036842,4.421053,replay
567,567.000,viewCart,0.055263,6.631579,replay
567,567.000,checkout,0.668421,80.210526,replay
568,568.000,index,0.018421,2.210526,replay
568,568.000,setCurrency,0.036842,4.421053,replay
568,568.000,browseProduct,0.184211,22.105263,replay
568,568.000,addToCart,0.036842,4.421053,replay
568,568.000,viewCart,0.055263,6.631579,replay
568,568.000,checkout,0.668421,80.210526,replay
569,569.000,index,0.018421,2.210526,replay
569,569.000,setCurrency,0.036842,4.421053,replay
569,569.000,browseProduct,0.184211,22.105263,replay
569,569.000,addToCart,0.036842,4.421053,replay
569,569.000,viewCart,0.055263,6.631579,replay
569,569.000,checkout,0.668421,80.210526,replay
570,570.000,index,0.018421,2.210526,replay
570,570.000,setCurrency,0.686842,82.421053,replay
570,570.000,browseProduct,0.184211,22.105263,replay
570,570.000,addToCart,0.036842,4.421053,replay
570,570.000,viewCart,0.055263,6.631579,replay
570,570.000,checkout,0.018421,2.210526,replay
571,571.000,index,0.018421,2.210526,replay
571,571.000,setCurrency,0.686842,82.421053,replay
571,571.000,browseProduct,0.184211,22.105263,replay
571,571.000,addToCart,0.036842,4.421053,replay
571,571.000,viewCart,0.055263,6.631579,replay
571,571.000,checkout,0.018421,2.210526,replay
572,572.000,index,0.018421,2.210526,replay
572,572.000,setCurrency,0.686842,82.421053,replay
572,572.000,browseProduct,0.184211,22.105263,replay
572,572.000,addToCart,0.036842,4.421053,replay
572,572.000,viewCart,0.055263,6.631579,replay
572,572.000,checkout,0.018421,2.210526,replay
573,573.000,index,0.018421,2.210526,replay
573,573.000,setCurrency,0.686842,82.421053,replay
573,573.000,browseProduct,0.184211,22.105263,replay
573,573.000,addToCart,0.036842,4.421053,replay
573,573.000,viewCart,0.055263,6.631579,replay
573,573.000,checkout,0.018421,2.210526,replay
574,574.000,index,0.018421,2.210526,replay
574,574.000,setCurrency,0.686842,82.421053,replay
574,574.000,browseProduct,0.184211,22.105263,replay
574,574.000,addToCart,0.036842,4.421053,replay
574,574.000,viewCart,0.055263,6.631579,replay
574,574.000,checkout,0.018421,2.210526,replay
575,575.000,index,0.018421,2.210526,replay
575,575.000,setCurrency,0.686842,82.421053,replay
575,575.000,browseProduct,0.184211,22.105263,replay
575,575.000,addToCart,0.036842,4.421053,replay
575,575.000,viewCart,0.055263,6.631579,replay
575,575.000,checkout,0.018421,2.210526,replay
576,576.000,index,0.018421,2.210526,replay
576,576.000,setCurrency,0.686842,82.421053,replay
576,576.000,browseProduct,0.184211,22.105263,replay
576,576.000,addToCart,0.036842,4.421053,replay
576,576.000,viewCart,0.055263,6.631579,replay
576,576.000,checkout,0.018421,2.210526,replay
577,577.000,index,0.018421,2.210526,replay
577,577.000,setCurrency,0.686842,82.421053,replay
577,577.000,browseProduct,0.184211,22.105263,replay
577,577.000,addToCart,0.036842,4.421053,replay
577,577.000,viewCart,0.055263,6.631579,replay
577,577.000,checkout,0.018421,2.210526,replay
578,578.000,index,0.018421,2.210526,replay
578,578.000,setCurrency,0.686842,82.421053,replay
578,578.000,browseProduct,0.184211,22.105263,replay
578,578.000,addToCart,0.036842,4.421053,replay
578,578.000,viewCart,0.055263,6.631579,replay
578,578.000,checkout,0.018421,2.210526,replay
579,579.000,index,0.018421,2.210526,replay
579,579.000,setCurrency,0.686842,82.421053,replay
579,579.000,browseProduct,0.184211,22.105263,replay
579,579.000,addToCart,0.036842,4.421053,replay
579,579.000,viewCart,0.055263,6.631579,replay
579,579.000,checkout,0.018421,2.210526,replay
580,580.000,index,0.018421,2.210526,replay
580,580.000,setCurrency,0.686842,82.421053,replay
580,580.000,browseProduct,0.184211,22.105263,replay
580,580.000,addToCart,0.036842,4.421053,replay
580,580.000,viewCart,0.055263,6.631579,replay
580,580.000,checkout,0.018421,2.210526,replay
581,581.000,index,0.018421,2.210526,replay
581,581.000,setCurrency,0.686842,82.421053,replay
581,581.000,browseProduct,0.184211,22.105263,replay
581,581.000,addToCart,0.036842,4.421053,replay
581,581.000,viewCart,0.055263,6.631579,replay
581,581.000,checkout,0.018421,2.210526,replay
582,582.000,index,0.018421,2.210526,replay
582,582.000,setCurrency,0.686842,82.421053,replay
582,582.000,browseProduct,0.184211,22.105263,replay
582,582.000,addToCart,0.036842,4.421053,replay
582,582.000,viewCart,0.055263,6.631579,replay
582,582.000,checkout,0.018421,2.210526,replay
583,583.000,index,0.668421,80.210526,replay
583,583.000,setCurrency,0.036842,4.421053,replay
583,583.000,browseProduct,0.184211,22.105263,replay
583,583.000,addToCart,0.036842,4.421053,replay
583,583.000,viewCart,0.055263,6.631579,replay
583,583.000,checkout,0.018421,2.210526,replay
584,584.000,index,0.668421,80.210526,replay
584,584.000,setCurrency,0.036842,4.421053,replay
584,584.000,browseProduct,0.184211,22.105263,replay
584,584.000,addToCart,0.036842,4.421053,replay
584,584.000,viewCart,0.055263,6.631579,replay
584,584.000,checkout,0.018421,2.210526,replay
585,585.000,index,0.668421,80.210526,replay
585,585.000,setCurrency,0.036842,4.421053,replay
585,585.000,browseProduct,0.184211,22.105263,replay
585,585.000,addToCart,0.036842,4.421053,replay
585,585.000,viewCart,0.055263,6.631579,replay
585,585.000,checkout,0.018421,2.210526,replay
586,586.000,index,0.018421,2.210526,replay
586,586.000,setCurrency,0.036842,4.421053,replay
586,586.000,browseProduct,0.184211,22.105263,replay
586,586.000,addToCart,0.686842,82.421053,replay
586,586.000,viewCart,0.055263,6.631579,replay
586,586.000,checkout,0.018421,2.210526,replay
587,587.000,index,0.018421,2.210526,replay
587,587.000,setCurrency,0.036842,4.421053,replay
587,587.000,browseProduct,0.184211,22.105263,replay
587,587.000,addToCart,0.036842,4.421053,replay
587,587.000,viewCart,0.705263,84.631579,replay
587,587.000,checkout,0.018421,2.210526,replay
588,588.000,index,0.018421,2.210526,replay
588,588.000,setCurrency,0.036842,4.421053,replay
588,588.000,browseProduct,0.184211,22.105263,replay
588,588.000,addToCart,0.036842,4.421053,replay
588,588.000,viewCart,0.705263,84.631579,replay
588,588.000,checkout,0.018421,2.210526,replay
589,589.000,index,0.018421,2.210526,replay
589,589.000,setCurrency,0.036842,4.421053,replay
589,589.000,browseProduct,0.184211,22.105263,replay
589,589.000,addToCart,0.036842,4.421053,replay
589,589.000,viewCart,0.705263,84.631579,replay
589,589.000,checkout,0.018421,2.210526,replay
590,590.000,index,0.018421,2.210526,replay
590,590.000,setCurrency,0.036842,4.421053,replay
590,590.000,browseProduct,0.184211,22.105263,replay
590,590.000,addToCart,0.036842,4.421053,replay
590,590.000,viewCart,0.705263,84.631579,replay
590,590.000,checkout,0.018421,2.210526,replay
591,591.000,index,0.018421,2.210526,replay
591,591.000,setCurrency,0.036842,4.421053,replay
591,591.000,browseProduct,0.184211,22.105263,replay
591,591.000,addToCart,0.036842,4.421053,replay
591,591.000,viewCart,0.705263,84.631579,replay
591,591.000,checkout,0.018421,2.210526,replay
592,592.000,index,0.018421,2.210526,replay
592,592.000,setCurrency,0.036842,4.421053,replay
592,592.000,browseProduct,0.184211,22.105263,replay
592,592.000,addToCart,0.036842,4.421053,replay
592,592.000,viewCart,0.055263,6.631579,replay
592,592.000,checkout,0.668421,80.210526,replay
593,593.000,index,0.668421,80.210526,replay
593,593.000,setCurrency,0.036842,4.421053,replay
593,593.000,browseProduct,0.184211,22.105263,replay
593,593.000,addToCart,0.036842,4.421053,replay
593,593.000,viewCart,0.055263,6.631579,replay
593,593.000,checkout,0.018421,2.210526,replay
594,594.000,index,0.668421,80.210526,replay
594,594.000,setCurrency,0.036842,4.421053,replay
594,594.000,browseProduct,0.184211,22.105263,replay
594,594.000,addToCart,0.036842,4.421053,replay
594,594.000,viewCart,0.055263,6.631579,replay
594,594.000,checkout,0.018421,2.210526,replay
595,595.000,index,0.668421,80.210526,replay
595,595.000,setCurrency,0.036842,4.421053,replay
595,595.000,browseProduct,0.184211,22.105263,replay
595,595.000,addToCart,0.036842,4.421053,replay
595,595.000,viewCart,0.055263,6.631579,replay
595,595.000,checkout,0.018421,2.210526,replay
596,596.000,index,0.668421,80.210526,replay
596,596.000,setCurrency,0.036842,4.421053,replay
596,596.000,browseProduct,0.184211,22.105263,replay
596,596.000,addToCart,0.036842,4.421053,replay
596,596.000,viewCart,0.055263,6.631579,replay
596,596.000,checkout,0.018421,2.210526,replay
597,597.000,index,0.018421,2.210526,replay
597,597.000,setCurrency,0.036842,4.421053,replay
597,597.000,browseProduct,0.184211,22.105263,replay
597,597.000,addToCart,0.036842,4.421053,replay
597,597.000,viewCart,0.705263,84.631579,replay
597,597.000,checkout,0.018421,2.210526,replay
598,598.000,index,0.018421,2.210526,replay
598,598.000,setCurrency,0.036842,4.421053,replay
598,598.000,browseProduct,0.184211,22.105263,replay
598,598.000,addToCart,0.036842,4.421053,replay
598,598.000,viewCart,0.705263,84.631579,replay
598,598.000,checkout,0.018421,2.210526,replay
599,599.000,index,0.018421,2.210526,replay
599,599.000,setCurrency,0.036842,4.421053,replay
599,599.000,browseProduct,0.184211,22.105263,replay
599,599.000,addToCart,0.036842,4.421053,replay
599,599.000,viewCart,0.705263,84.631579,replay
599,599.000,checkout,0.018421,2.210526,replay
600,600.000,index,0.018421,2.210526,replay
600,600.000,setCurrency,0.036842,4.421053,replay
600,600.000,browseProduct,0.184211,22.105263,replay
600,600.000,addToCart,0.036842,4.421053,replay
600,600.000,viewCart,0.705263,84.631579,replay
600,600.000,checkout,0.018421,2.210526,replay
601,601.000,index,0.018421,2.210526,replay
601,601.000,setCurrency,0.036842,4.421053,replay
601,601.000,browseProduct,0.184211,22.105263,replay
601,601.000,addToCart,0.036842,4.421053,replay
601,601.000,viewCart,0.705263,84.631579,replay
601,601.000,checkout,0.018421,2.210526,replay
602,602.000,index,0.018421,2.210526,replay
602,602.000,setCurrency,0.036842,4.421053,replay
602,602.000,browseProduct,0.184211,22.105263,replay
602,602.000,addToCart,0.036842,4.421053,replay
602,602.000,viewCart,0.705263,84.631579,replay
602,602.000,checkout,0.018421,2.210526,replay
603,603.000,index,0.018421,2.210526,replay
603,603.000,setCurrency,0.686842,82.421053,replay
603,603.000,browseProduct,0.184211,22.105263,replay
603,603.000,addToCart,0.036842,4.421053,replay
603,603.000,viewCart,0.055263,6.631579,replay
603,603.000,checkout,0.018421,2.210526,replay
604,604.000,index,0.018421,2.210526,replay
604,604.000,setCurrency,0.036842,4.421053,replay
604,604.000,browseProduct,0.834211,100.105263,replay
604,604.000,addToCart,0.036842,4.421053,replay
604,604.000,viewCart,0.055263,6.631579,replay
604,604.000,checkout,0.018421,2.210526,replay
605,605.000,index,0.018421,2.210526,replay
605,605.000,setCurrency,0.036842,4.421053,replay
605,605.000,browseProduct,0.834211,100.105263,replay
605,605.000,addToCart,0.036842,4.421053,replay
605,605.000,viewCart,0.055263,6.631579,replay
605,605.000,checkout,0.018421,2.210526,replay
606,606.000,index,0.018421,2.210526,replay
606,606.000,setCurrency,0.036842,4.421053,replay
606,606.000,browseProduct,0.834211,100.105263,replay
606,606.000,addToCart,0.036842,4.421053,replay
606,606.000,viewCart,0.055263,6.631579,replay
606,606.000,checkout,0.018421,2.210526,replay
607,607.000,index,0.018421,2.210526,replay
607,607.000,setCurrency,0.036842,4.421053,replay
607,607.000,browseProduct,0.184211,22.105263,replay
607,607.000,addToCart,0.036842,4.421053,replay
607,607.000,viewCart,0.705263,84.631579,replay
607,607.000,checkout,0.018421,2.210526,replay
608,608.000,index,0.018421,2.210526,replay
608,608.000,setCurrency,0.036842,4.421053,replay
608,608.000,browseProduct,0.184211,22.105263,replay
608,608.000,addToCart,0.036842,4.421053,replay
608,608.000,viewCart,0.705263,84.631579,replay
608,608.000,checkout,0.018421,2.210526,replay
609,609.000,index,0.018421,2.210526,replay
609,609.000,setCurrency,0.036842,4.421053,replay
609,609.000,browseProduct,0.184211,22.105263,replay
609,609.000,addToCart,0.036842,4.421053,replay
609,609.000,viewCart,0.705263,84.631579,replay
609,609.000,checkout,0.018421,2.210526,replay
610,610.000,index,0.018421,2.210526,replay
610,610.000,setCurrency,0.036842,4.421053,replay
610,610.000,browseProduct,0.184211,22.105263,replay
610,610.000,addToCart,0.036842,4.421053,replay
610,610.000,viewCart,0.705263,84.631579,replay
610,610.000,checkout,0.018421,2.210526,replay
611,611.000,index,0.018421,2.210526,replay
611,611.000,setCurrency,0.036842,4.421053,replay
611,611.000,browseProduct,0.184211,22.105263,replay
611,611.000,addToCart,0.036842,4.421053,replay
611,611.000,viewCart,0.705263,84.631579,replay
611,611.000,checkout,0.018421,2.210526,replay
612,612.000,index,0.018421,2.210526,replay
612,612.000,setCurrency,0.686842,82.421053,replay
612,612.000,browseProduct,0.184211,22.105263,replay
612,612.000,addToCart,0.036842,4.421053,replay
612,612.000,viewCart,0.055263,6.631579,replay
612,612.000,checkout,0.018421,2.210526,replay
613,613.000,index,0.018421,2.210526,replay
613,613.000,setCurrency,0.686842,82.421053,replay
613,613.000,browseProduct,0.184211,22.105263,replay
613,613.000,addToCart,0.036842,4.421053,replay
613,613.000,viewCart,0.055263,6.631579,replay
613,613.000,checkout,0.018421,2.210526,replay
614,614.000,index,0.018421,2.210526,replay
614,614.000,setCurrency,0.686842,82.421053,replay
614,614.000,browseProduct,0.184211,22.105263,replay
614,614.000,addToCart,0.036842,4.421053,replay
614,614.000,viewCart,0.055263,6.631579,replay
614,614.000,checkout,0.018421,2.210526,replay
615,615.000,index,0.018421,2.210526,replay
615,615.000,setCurrency,0.686842,82.421053,replay
615,615.000,browseProduct,0.184211,22.105263,replay
615,615.000,addToCart,0.036842,4.421053,replay
615,615.000,viewCart,0.055263,6.631579,replay
615,615.000,checkout,0.018421,2.210526,replay
616,616.000,index,0.018421,2.210526,replay
616,616.000,setCurrency,0.036842,4.421053,replay
616,616.000,browseProduct,0.184211,22.105263,replay
616,616.000,addToCart,0.036842,4.421053,replay
616,616.000,viewCart,0.055263,6.631579,replay
616,616.000,checkout,0.668421,80.210526,replay
617,617.000,index,0.018421,2.210526,replay
617,617.000,setCurrency,0.036842,4.421053,replay
617,617.000,browseProduct,0.184211,22.105263,replay
617,617.000,addToCart,0.036842,4.421053,replay
617,617.000,viewCart,0.055263,6.631579,replay
617,617.000,checkout,0.668421,80.210526,replay
618,618.000,index,0.018421,2.210526,replay
618,618.000,setCurrency,0.036842,4.421053,replay
618,618.000,browseProduct,0.184211,22.105263,replay
618,618.000,addToCart,0.036842,4.421053,replay
618,618.000,viewCart,0.055263,6.631579,replay
618,618.000,checkout,0.668421,80.210526,replay
619,619.000,index,0.668421,80.210526,replay
619,619.000,setCurrency,0.036842,4.421053,replay
619,619.000,browseProduct,0.184211,22.105263,replay
619,619.000,addToCart,0.036842,4.421053,replay
619,619.000,viewCart,0.055263,6.631579,replay
619,619.000,checkout,0.018421,2.210526,replay
620,620.000,index,0.018421,2.210526,replay
620,620.000,setCurrency,0.036842,4.421053,replay
620,620.000,browseProduct,0.184211,22.105263,replay
620,620.000,addToCart,0.036842,4.421053,replay
620,620.000,viewCart,0.705263,84.631579,replay
620,620.000,checkout,0.018421,2.210526,replay
621,621.000,index,0.018421,2.210526,replay
621,621.000,setCurrency,0.036842,4.421053,replay
621,621.000,browseProduct,0.184211,22.105263,replay
621,621.000,addToCart,0.036842,4.421053,replay
621,621.000,viewCart,0.705263,84.631579,replay
621,621.000,checkout,0.018421,2.210526,replay
622,622.000,index,0.018421,2.210526,replay
622,622.000,setCurrency,0.036842,4.421053,replay
622,622.000,browseProduct,0.184211,22.105263,replay
622,622.000,addToCart,0.036842,4.421053,replay
622,622.000,viewCart,0.705263,84.631579,replay
622,622.000,checkout,0.018421,2.210526,replay
623,623.000,index,0.018421,2.210526,replay
623,623.000,setCurrency,0.036842,4.421053,replay
623,623.000,browseProduct,0.184211,22.105263,replay
623,623.000,addToCart,0.036842,4.421053,replay
623,623.000,viewCart,0.705263,84.631579,replay
623,623.000,checkout,0.018421,2.210526,replay
624,624.000,index,0.018421,2.210526,replay
624,624.000,setCurrency,0.686842,82.421053,replay
624,624.000,browseProduct,0.184211,22.105263,replay
624,624.000,addToCart,0.036842,4.421053,replay
624,624.000,viewCart,0.055263,6.631579,replay
624,624.000,checkout,0.018421,2.210526,replay
625,625.000,index,0.018421,2.210526,replay
625,625.000,setCurrency,0.686842,82.421053,replay
625,625.000,browseProduct,0.184211,22.105263,replay
625,625.000,addToCart,0.036842,4.421053,replay
625,625.000,viewCart,0.055263,6.631579,replay
625,625.000,checkout,0.018421,2.210526,replay
626,626.000,index,0.018421,2.210526,replay
626,626.000,setCurrency,0.686842,82.421053,replay
626,626.000,browseProduct,0.184211,22.105263,replay
626,626.000,addToCart,0.036842,4.421053,replay
626,626.000,viewCart,0.055263,6.631579,replay
626,626.000,checkout,0.018421,2.210526,replay
627,627.000,index,0.018421,2.210526,replay
627,627.000,setCurrency,0.036842,4.421053,replay
627,627.000,browseProduct,0.834211,100.105263,replay
627,627.000,addToCart,0.036842,4.421053,replay
627,627.000,viewCart,0.055263,6.631579,replay
627,627.000,checkout,0.018421,2.210526,replay
628,628.000,index,0.018421,2.210526,replay
628,628.000,setCurrency,0.036842,4.421053,replay
628,628.000,browseProduct,0.834211,100.105263,replay
628,628.000,addToCart,0.036842,4.421053,replay
628,628.000,viewCart,0.055263,6.631579,replay
628,628.000,checkout,0.018421,2.210526,replay
629,629.000,index,0.018421,2.210526,replay
629,629.000,setCurrency,0.686842,82.421053,replay
629,629.000,browseProduct,0.184211,22.105263,replay
629,629.000,addToCart,0.036842,4.421053,replay
629,629.000,viewCart,0.055263,6.631579,replay
629,629.000,checkout,0.018421,2.210526,replay
630,630.000,index,0.018421,2.210526,replay
630,630.000,setCurrency,0.686842,82.421053,replay
630,630.000,browseProduct,0.184211,22.105263,replay
630,630.000,addToCart,0.036842,4.421053,replay
630,630.000,viewCart,0.055263,6.631579,replay
630,630.000,checkout,0.018421,2.210526,replay
631,631.000,index,0.018421,2.210526,replay
631,631.000,setCurrency,0.036842,4.421053,replay
631,631.000,browseProduct,0.834211,100.105263,replay
631,631.000,addToCart,0.036842,4.421053,replay
631,631.000,viewCart,0.055263,6.631579,replay
631,631.000,checkout,0.018421,2.210526,replay
632,632.000,index,0.018421,2.210526,replay
632,632.000,setCurrency,0.036842,4.421053,replay
632,632.000,browseProduct,0.834211,100.105263,replay
632,632.000,addToCart,0.036842,4.421053,replay
632,632.000,viewCart,0.055263,6.631579,replay
632,632.000,checkout,0.018421,2.210526,replay
633,633.000,index,0.668421,80.210526,replay
633,633.000,setCurrency,0.036842,4.421053,replay
633,633.000,browseProduct,0.184211,22.105263,replay
633,633.000,addToCart,0.036842,4.421053,replay
633,633.000,viewCart,0.055263,6.631579,replay
633,633.000,checkout,0.018421,2.210526,replay
634,634.000,index,0.668421,80.210526,replay
634,634.000,setCurrency,0.036842,4.421053,replay
634,634.000,browseProduct,0.184211,22.105263,replay
634,634.000,addToCart,0.036842,4.421053,replay
634,634.000,viewCart,0.055263,6.631579,replay
634,634.000,checkout,0.018421,2.210526,replay
635,635.000,index,0.668421,80.210526,replay
635,635.000,setCurrency,0.036842,4.421053,replay
635,635.000,browseProduct,0.184211,22.105263,replay
635,635.000,addToCart,0.036842,4.421053,replay
635,635.000,viewCart,0.055263,6.631579,replay
635,635.000,checkout,0.018421,2.210526,replay
636,636.000,index,0.018421,2.210526,replay
636,636.000,setCurrency,0.686842,82.421053,replay
636,636.000,browseProduct,0.184211,22.105263,replay
636,636.000,addToCart,0.036842,4.421053,replay
636,636.000,viewCart,0.055263,6.631579,replay
636,636.000,checkout,0.018421,2.210526,replay
637,637.000,index,0.018421,2.210526,replay
637,637.000,setCurrency,0.686842,82.421053,replay
637,637.000,browseProduct,0.184211,22.105263,replay
637,637.000,addToCart,0.036842,4.421053,replay
637,637.000,viewCart,0.055263,6.631579,replay
637,637.000,checkout,0.018421,2.210526,replay
638,638.000,index,0.018421,2.210526,replay
638,638.000,setCurrency,0.686842,82.421053,replay
638,638.000,browseProduct,0.184211,22.105263,replay
638,638.000,addToCart,0.036842,4.421053,replay
638,638.000,viewCart,0.055263,6.631579,replay
638,638.000,checkout,0.018421,2.210526,replay
639,639.000,index,0.018421,2.210526,replay
639,639.000,setCurrency,0.686842,82.421053,replay
639,639.000,browseProduct,0.184211,22.105263,replay
639,639.000,addToCart,0.036842,4.421053,replay
639,639.000,viewCart,0.055263,6.631579,replay
639,639.000,checkout,0.018421,2.210526,replay
640,640.000,index,0.018421,2.210526,replay
640,640.000,setCurrency,0.686842,82.421053,replay
640,640.000,browseProduct,0.184211,22.105263,replay
640,640.000,addToCart,0.036842,4.421053,replay
640,640.000,viewCart,0.055263,6.631579,replay
640,640.000,checkout,0.018421,2.210526,replay
641,641.000,index,0.018421,2.210526,replay
641,641.000,setCurrency,0.686842,82.421053,replay
641,641.000,browseProduct,0.184211,22.105263,replay
641,641.000,addToCart,0.036842,4.421053,replay
641,641.000,viewCart,0.055263,6.631579,replay
641,641.000,checkout,0.018421,2.210526,replay
642,642.000,index,0.018421,2.210526,replay
642,642.000,setCurrency,0.686842,82.421053,replay
642,642.000,browseProduct,0.184211,22.105263,replay
642,642.000,addToCart,0.036842,4.421053,replay
642,642.000,viewCart,0.055263,6.631579,replay
642,642.000,checkout,0.018421,2.210526,replay
643,643.000,index,0.018421,2.210526,replay
643,643.000,setCurrency,0.686842,82.421053,replay
643,643.000,browseProduct,0.184211,22.105263,replay
643,643.000,addToCart,0.036842,4.421053,replay
643,643.000,viewCart,0.055263,6.631579,replay
643,643.000,checkout,0.018421,2.210526,replay
644,644.000,index,0.018421,2.210526,replay
644,644.000,setCurrency,0.686842,82.421053,replay
644,644.000,browseProduct,0.184211,22.105263,replay
644,644.000,addToCart,0.036842,4.421053,replay
644,644.000,viewCart,0.055263,6.631579,replay
644,644.000,checkout,0.018421,2.210526,replay
645,645.000,index,0.018421,2.210526,replay
645,645.000,setCurrency,0.686842,82.421053,replay
645,645.000,browseProduct,0.184211,22.105263,replay
645,645.000,addToCart,0.036842,4.421053,replay
645,645.000,viewCart,0.055263,6.631579,replay
645,645.000,checkout,0.018421,2.210526,replay
646,646.000,index,0.018421,2.210526,replay
646,646.000,setCurrency,0.686842,82.421053,replay
646,646.000,browseProduct,0.184211,22.105263,replay
646,646.000,addToCart,0.036842,4.421053,replay
646,646.000,viewCart,0.055263,6.631579,replay
646,646.000,checkout,0.018421,2.210526,replay
647,647.000,index,0.018421,2.210526,replay
647,647.000,setCurrency,0.686842,82.421053,replay
647,647.000,browseProduct,0.184211,22.105263,replay
647,647.000,addToCart,0.036842,4.421053,replay
647,647.000,viewCart,0.055263,6.631579,replay
647,647.000,checkout,0.018421,2.210526,replay
648,648.000,index,0.018421,2.210526,replay
648,648.000,setCurrency,0.686842,82.421053,replay
648,648.000,browseProduct,0.184211,22.105263,replay
648,648.000,addToCart,0.036842,4.421053,replay
648,648.000,viewCart,0.055263,6.631579,replay
648,648.000,checkout,0.018421,2.210526,replay
649,649.000,index,0.018421,2.210526,replay
649,649.000,setCurrency,0.686842,82.421053,replay
649,649.000,browseProduct,0.184211,22.105263,replay
649,649.000,addToCart,0.036842,4.421053,replay
649,649.000,viewCart,0.055263,6.631579,replay
649,649.000,checkout,0.018421,2.210526,replay
650,650.000,index,0.018421,2.210526,replay
650,650.000,setCurrency,0.686842,82.421053,replay
650,650.000,browseProduct,0.184211,22.105263,replay
650,650.000,addToCart,0.036842,4.421053,replay
650,650.000,viewCart,0.055263,6.631579,replay
650,650.000,checkout,0.018421,2.210526,replay
651,651.000,index,0.018421,2.210526,replay
651,651.000,setCurrency,0.686842,82.421053,replay
651,651.000,browseProduct,0.184211,22.105263,replay
651,651.000,addToCart,0.036842,4.421053,replay
651,651.000,viewCart,0.055263,6.631579,replay
651,651.000,checkout,0.018421,2.210526,replay
652,652.000,index,0.018421,2.210526,replay
652,652.000,setCurrency,0.036842,4.421053,replay
652,652.000,browseProduct,0.184211,22.105263,replay
652,652.000,addToCart,0.036842,4.421053,replay
652,652.000,viewCart,0.705263,84.631579,replay
652,652.000,checkout,0.018421,2.210526,replay
653,653.000,index,0.018421,2.210526,replay
653,653.000,setCurrency,0.036842,4.421053,replay
653,653.000,browseProduct,0.184211,22.105263,replay
653,653.000,addToCart,0.036842,4.421053,replay
653,653.000,viewCart,0.705263,84.631579,replay
653,653.000,checkout,0.018421,2.210526,replay
654,654.000,index,0.018421,2.210526,replay
654,654.000,setCurrency,0.036842,4.421053,replay
654,654.000,browseProduct,0.184211,22.105263,replay
654,654.000,addToCart,0.036842,4.421053,replay
654,654.000,viewCart,0.705263,84.631579,replay
654,654.000,checkout,0.018421,2.210526,replay
655,655.000,index,0.018421,2.210526,replay
655,655.000,setCurrency,0.036842,4.421053,replay
655,655.000,browseProduct,0.184211,22.105263,replay
655,655.000,addToCart,0.036842,4.421053,replay
655,655.000,viewCart,0.705263,84.631579,replay
655,655.000,checkout,0.018421,2.210526,replay
656,656.000,index,0.018421,2.210526,replay
656,656.000,setCurrency,0.036842,4.421053,replay
656,656.000,browseProduct,0.184211,22.105263,replay
656,656.000,addToCart,0.036842,4.421053,replay
656,656.000,viewCart,0.705263,84.631579,replay
656,656.000,checkout,0.018421,2.210526,replay
657,657.000,index,0.018421,2.210526,replay
657,657.000,setCurrency,0.036842,4.421053,replay
657,657.000,browseProduct,0.184211,22.105263,replay
657,657.000,addToCart,0.036842,4.421053,replay
657,657.000,viewCart,0.705263,84.631579,replay
657,657.000,checkout,0.018421,2.210526,replay
658,658.000,index,0.018421,2.210526,replay
658,658.000,setCurrency,0.036842,4.421053,replay
658,658.000,browseProduct,0.184211,22.105263,replay
658,658.000,addToCart,0.036842,4.421053,replay
658,658.000,viewCart,0.705263,84.631579,replay
658,658.000,checkout,0.018421,2.210526,replay
659,659.000,index,0.018421,2.210526,replay
659,659.000,setCurrency,0.036842,4.421053,replay
659,659.000,browseProduct,0.184211,22.105263,replay
659,659.000,addToCart,0.036842,4.421053,replay
659,659.000,viewCart,0.705263,84.631579,replay
659,659.000,checkout,0.018421,2.210526,replay
660,660.000,index,0.018421,2.210526,replay
660,660.000,setCurrency,0.036842,4.421053,replay
660,660.000,browseProduct,0.184211,22.105263,replay
660,660.000,addToCart,0.036842,4.421053,replay
660,660.000,viewCart,0.705263,84.631579,replay
660,660.000,checkout,0.018421,2.210526,replay
661,661.000,index,0.018421,2.210526,replay
661,661.000,setCurrency,0.036842,4.421053,replay
661,661.000,browseProduct,0.184211,22.105263,replay
661,661.000,addToCart,0.036842,4.421053,replay
661,661.000,viewCart,0.705263,84.631579,replay
661,661.000,checkout,0.018421,2.210526,replay
662,662.000,index,0.018421,2.210526,replay
662,662.000,setCurrency,0.036842,4.421053,replay
662,662.000,browseProduct,0.184211,22.105263,replay
662,662.000,addToCart,0.036842,4.421053,replay
662,662.000,viewCart,0.705263,84.631579,replay
662,662.000,checkout,0.018421,2.210526,replay
663,663.000,index,0.018421,2.210526,replay
663,663.000,setCurrency,0.036842,4.421053,replay
663,663.000,browseProduct,0.184211,22.105263,replay
663,663.000,addToCart,0.036842,4.421053,replay
663,663.000,viewCart,0.705263,84.631579,replay
663,663.000,checkout,0.018421,2.210526,replay
664,664.000,index,0.018421,2.210526,replay
664,664.000,setCurrency,0.036842,4.421053,replay
664,664.000,browseProduct,0.184211,22.105263,replay
664,664.000,addToCart,0.036842,4.421053,replay
664,664.000,viewCart,0.705263,84.631579,replay
664,664.000,checkout,0.018421,2.210526,replay
665,665.000,index,0.018421,2.210526,replay
665,665.000,setCurrency,0.036842,4.421053,replay
665,665.000,browseProduct,0.184211,22.105263,replay
665,665.000,addToCart,0.036842,4.421053,replay
665,665.000,viewCart,0.705263,84.631579,replay
665,665.000,checkout,0.018421,2.210526,replay
666,666.000,index,0.018421,2.210526,replay
666,666.000,setCurrency,0.036842,4.421053,replay
666,666.000,browseProduct,0.184211,22.105263,replay
666,666.000,addToCart,0.036842,4.421053,replay
666,666.000,viewCart,0.705263,84.631579,replay
666,666.000,checkout,0.018421,2.210526,replay
667,667.000,index,0.018421,2.210526,replay
667,667.000,setCurrency,0.036842,4.421053,replay
667,667.000,browseProduct,0.184211,22.105263,replay
667,667.000,addToCart,0.036842,4.421053,replay
667,667.000,viewCart,0.705263,84.631579,replay
667,667.000,checkout,0.018421,2.210526,replay
668,668.000,index,0.018421,2.210526,replay
668,668.000,setCurrency,0.036842,4.421053,replay
668,668.000,browseProduct,0.184211,22.105263,replay
668,668.000,addToCart,0.036842,4.421053,replay
668,668.000,viewCart,0.705263,84.631579,replay
668,668.000,checkout,0.018421,2.210526,replay
669,669.000,index,0.668421,80.210526,replay
669,669.000,setCurrency,0.036842,4.421053,replay
669,669.000,browseProduct,0.184211,22.105263,replay
669,669.000,addToCart,0.036842,4.421053,replay
669,669.000,viewCart,0.055263,6.631579,replay
669,669.000,checkout,0.018421,2.210526,replay
670,670.000,index,0.668421,80.210526,replay
670,670.000,setCurrency,0.036842,4.421053,replay
670,670.000,browseProduct,0.184211,22.105263,replay
670,670.000,addToCart,0.036842,4.421053,replay
670,670.000,viewCart,0.055263,6.631579,replay
670,670.000,checkout,0.018421,2.210526,replay
671,671.000,index,0.668421,80.210526,replay
671,671.000,setCurrency,0.036842,4.421053,replay
671,671.000,browseProduct,0.184211,22.105263,replay
671,671.000,addToCart,0.036842,4.421053,replay
671,671.000,viewCart,0.055263,6.631579,replay
671,671.000,checkout,0.018421,2.210526,replay
672,672.000,index,0.668421,80.210526,replay
672,672.000,setCurrency,0.036842,4.421053,replay
672,672.000,browseProduct,0.184211,22.105263,replay
672,672.000,addToCart,0.036842,4.421053,replay
672,672.000,viewCart,0.055263,6.631579,replay
672,672.000,checkout,0.018421,2.210526,replay
673,673.000,index,0.668421,80.210526,replay
673,673.000,setCurrency,0.036842,4.421053,replay
673,673.000,browseProduct,0.184211,22.105263,replay
673,673.000,addToCart,0.036842,4.421053,replay
673,673.000,viewCart,0.055263,6.631579,replay
673,673.000,checkout,0.018421,2.210526,replay
674,674.000,index,0.668421,80.210526,replay
674,674.000,setCurrency,0.036842,4.421053,replay
674,674.000,browseProduct,0.184211,22.105263,replay
674,674.000,addToCart,0.036842,4.421053,replay
674,674.000,viewCart,0.055263,6.631579,replay
674,674.000,checkout,0.018421,2.210526,replay
675,675.000,index,0.018421,2.210526,replay
675,675.000,setCurrency,0.036842,4.421053,replay
675,675.000,browseProduct,0.184211,22.105263,replay
675,675.000,addToCart,0.036842,4.421053,replay
675,675.000,viewCart,0.705263,84.631579,replay
675,675.000,checkout,0.018421,2.210526,replay
676,676.000,index,0.018421,2.210526,replay
676,676.000,setCurrency,0.036842,4.421053,replay
676,676.000,browseProduct,0.184211,22.105263,replay
676,676.000,addToCart,0.036842,4.421053,replay
676,676.000,viewCart,0.705263,84.631579,replay
676,676.000,checkout,0.018421,2.210526,replay
677,677.000,index,0.018421,2.210526,replay
677,677.000,setCurrency,0.686842,82.421053,replay
677,677.000,browseProduct,0.184211,22.105263,replay
677,677.000,addToCart,0.036842,4.421053,replay
677,677.000,viewCart,0.055263,6.631579,replay
677,677.000,checkout,0.018421,2.210526,replay
678,678.000,index,0.018421,2.210526,replay
678,678.000,setCurrency,0.036842,4.421053,replay
678,678.000,browseProduct,0.184211,22.105263,replay
678,678.000,addToCart,0.686842,82.421053,replay
678,678.000,viewCart,0.055263,6.631579,replay
678,678.000,checkout,0.018421,2.210526,replay
679,679.000,index,0.018421,2.210526,replay
679,679.000,setCurrency,0.036842,4.421053,replay
679,679.000,browseProduct,0.184211,22.105263,replay
679,679.000,addToCart,0.686842,82.421053,replay
679,679.000,viewCart,0.055263,6.631579,replay
679,679.000,checkout,0.018421,2.210526,replay
680,680.000,index,0.018421,2.210526,replay
680,680.000,setCurrency,0.036842,4.421053,replay
680,680.000,browseProduct,0.184211,22.105263,replay
680,680.000,addToCart,0.036842,4.421053,replay
680,680.000,viewCart,0.705263,84.631579,replay
680,680.000,checkout,0.018421,2.210526,replay
681,681.000,index,0.018421,2.210526,replay
681,681.000,setCurrency,0.036842,4.421053,replay
681,681.000,browseProduct,0.184211,22.105263,replay
681,681.000,addToCart,0.036842,4.421053,replay
681,681.000,viewCart,0.705263,84.631579,replay
681,681.000,checkout,0.018421,2.210526,replay
682,682.000,index,0.018421,2.210526,replay
682,682.000,setCurrency,0.036842,4.421053,replay
682,682.000,browseProduct,0.184211,22.105263,replay
682,682.000,addToCart,0.036842,4.421053,replay
682,682.000,viewCart,0.705263,84.631579,replay
682,682.000,checkout,0.018421,2.210526,replay
683,683.000,index,0.018421,2.210526,replay
683,683.000,setCurrency,0.036842,4.421053,replay
683,683.000,browseProduct,0.184211,22.105263,replay
683,683.000,addToCart,0.036842,4.421053,replay
683,683.000,viewCart,0.705263,84.631579,replay
683,683.000,checkout,0.018421,2.210526,replay
684,684.000,index,0.018421,2.210526,replay
684,684.000,setCurrency,0.036842,4.421053,replay
684,684.000,browseProduct,0.184211,22.105263,replay
684,684.000,addToCart,0.036842,4.421053,replay
684,684.000,viewCart,0.705263,84.631579,replay
684,684.000,checkout,0.018421,2.210526,replay
685,685.000,index,0.018421,2.210526,replay
685,685.000,setCurrency,0.036842,4.421053,replay
685,685.000,browseProduct,0.184211,22.105263,replay
685,685.000,addToCart,0.036842,4.421053,replay
685,685.000,viewCart,0.705263,84.631579,replay
685,685.000,checkout,0.018421,2.210526,replay
686,686.000,index,0.018421,2.210526,replay
686,686.000,setCurrency,0.036842,4.421053,replay
686,686.000,browseProduct,0.184211,22.105263,replay
686,686.000,addToCart,0.036842,4.421053,replay
686,686.000,viewCart,0.705263,84.631579,replay
686,686.000,checkout,0.018421,2.210526,replay
687,687.000,index,0.018421,2.210526,replay
687,687.000,setCurrency,0.036842,4.421053,replay
687,687.000,browseProduct,0.184211,22.105263,replay
687,687.000,addToCart,0.036842,4.421053,replay
687,687.000,viewCart,0.705263,84.631579,replay
687,687.000,checkout,0.018421,2.210526,replay
688,688.000,index,0.018421,2.210526,replay
688,688.000,setCurrency,0.686842,82.421053,replay
688,688.000,browseProduct,0.184211,22.105263,replay
688,688.000,addToCart,0.036842,4.421053,replay
688,688.000,viewCart,0.055263,6.631579,replay
688,688.000,checkout,0.018421,2.210526,replay
689,689.000,index,0.018421,2.210526,replay
689,689.000,setCurrency,0.036842,4.421053,replay
689,689.000,browseProduct,0.184211,22.105263,replay
689,689.000,addToCart,0.036842,4.421053,replay
689,689.000,viewCart,0.055263,6.631579,replay
689,689.000,checkout,0.668421,80.210526,replay
690,690.000,index,0.018421,2.210526,replay
690,690.000,setCurrency,0.036842,4.421053,replay
690,690.000,browseProduct,0.184211,22.105263,replay
690,690.000,addToCart,0.036842,4.421053,replay
690,690.000,viewCart,0.055263,6.631579,replay
690,690.000,checkout,0.668421,80.210526,replay
691,691.000,index,0.018421,2.210526,replay
691,691.000,setCurrency,0.036842,4.421053,replay
691,691.000,browseProduct,0.184211,22.105263,replay
691,691.000,addToCart,0.036842,4.421053,replay
691,691.000,viewCart,0.705263,84.631579,replay
691,691.000,checkout,0.018421,2.210526,replay
692,692.000,index,0.018421,2.210526,replay
692,692.000,setCurrency,0.036842,4.421053,replay
692,692.000,browseProduct,0.184211,22.105263,replay
692,692.000,addToCart,0.036842,4.421053,replay
692,692.000,viewCart,0.705263,84.631579,replay
692,692.000,checkout,0.018421,2.210526,replay
693,693.000,index,0.018421,2.210526,replay
693,693.000,setCurrency,0.036842,4.421053,replay
693,693.000,browseProduct,0.184211,22.105263,replay
693,693.000,addToCart,0.036842,4.421053,replay
693,693.000,viewCart,0.705263,84.631579,replay
693,693.000,checkout,0.018421,2.210526,replay
694,694.000,index,0.668421,80.210526,replay
694,694.000,setCurrency,0.036842,4.421053,replay
694,694.000,browseProduct,0.184211,22.105263,replay
694,694.000,addToCart,0.036842,4.421053,replay
694,694.000,viewCart,0.055263,6.631579,replay
694,694.000,checkout,0.018421,2.210526,replay
695,695.000,index,0.668421,80.210526,replay
695,695.000,setCurrency,0.036842,4.421053,replay
695,695.000,browseProduct,0.184211,22.105263,replay
695,695.000,addToCart,0.036842,4.421053,replay
695,695.000,viewCart,0.055263,6.631579,replay
695,695.000,checkout,0.018421,2.210526,replay
696,696.000,index,0.018421,2.210526,replay
696,696.000,setCurrency,0.036842,4.421053,replay
696,696.000,browseProduct,0.184211,22.105263,replay
696,696.000,addToCart,0.036842,4.421053,replay
696,696.000,viewCart,0.705263,84.631579,replay
696,696.000,checkout,0.018421,2.210526,replay
697,697.000,index,0.018421,2.210526,replay
697,697.000,setCurrency,0.036842,4.421053,replay
697,697.000,browseProduct,0.184211,22.105263,replay
697,697.000,addToCart,0.036842,4.421053,replay
697,697.000,viewCart,0.705263,84.631579,replay
697,697.000,checkout,0.018421,2.210526,replay
698,698.000,index,0.018421,2.210526,replay
698,698.000,setCurrency,0.036842,4.421053,replay
698,698.000,browseProduct,0.184211,22.105263,replay
698,698.000,addToCart,0.036842,4.421053,replay
698,698.000,viewCart,0.705263,84.631579,replay
698,698.000,checkout,0.018421,2.210526,replay
699,699.000,index,0.018421,2.210526,replay
699,699.000,setCurrency,0.036842,4.421053,replay
699,699.000,browseProduct,0.184211,22.105263,replay
699,699.000,addToCart,0.036842,4.421053,replay
699,699.000,viewCart,0.705263,84.631579,replay
699,699.000,checkout,0.018421,2.210526,replay
700,700.000,index,0.018421,2.210526,replay
700,700.000,setCurrency,0.036842,4.421053,replay
700,700.000,browseProduct,0.184211,22.105263,replay
700,700.000,addToCart,0.036842,4.421053,replay
700,700.000,viewCart,0.705263,84.631579,replay
700,700.000,checkout,0.018421,2.210526,replay
701,701.000,index,0.018421,2.210526,replay
701,701.000,setCurrency,0.036842,4.421053,replay
701,701.000,browseProduct,0.184211,22.105263,replay
701,701.000,addToCart,0.036842,4.421053,replay
701,701.000,viewCart,0.705263,84.631579,replay
701,701.000,checkout,0.018421,2.210526,replay
702,702.000,index,0.018421,2.210526,replay
702,702.000,setCurrency,0.036842,4.421053,replay
702,702.000,browseProduct,0.184211,22.105263,replay
702,702.000,addToCart,0.036842,4.421053,replay
702,702.000,viewCart,0.705263,84.631579,replay
702,702.000,checkout,0.018421,2.210526,replay
703,703.000,index,0.018421,2.210526,replay
703,703.000,setCurrency,0.036842,4.421053,replay
703,703.000,browseProduct,0.184211,22.105263,replay
703,703.000,addToCart,0.036842,4.421053,replay
703,703.000,viewCart,0.705263,84.631579,replay
703,703.000,checkout,0.018421,2.210526,replay
704,704.000,index,0.018421,2.210526,replay
704,704.000,setCurrency,0.036842,4.421053,replay
704,704.000,browseProduct,0.184211,22.105263,replay
704,704.000,addToCart,0.036842,4.421053,replay
704,704.000,viewCart,0.705263,84.631579,replay
704,704.000,checkout,0.018421,2.210526,replay
705,705.000,index,0.018421,2.210526,replay
705,705.000,setCurrency,0.036842,4.421053,replay
705,705.000,browseProduct,0.184211,22.105263,replay
705,705.000,addToCart,0.036842,4.421053,replay
705,705.000,viewCart,0.705263,84.631579,replay
705,705.000,checkout,0.018421,2.210526,replay
706,706.000,index,0.018421,2.210526,replay
706,706.000,setCurrency,0.036842,4.421053,replay
706,706.000,browseProduct,0.184211,22.105263,replay
706,706.000,addToCart,0.036842,4.421053,replay
706,706.000,viewCart,0.055263,6.631579,replay
706,706.000,checkout,0.668421,80.210526,replay
707,707.000,index,0.018421,2.210526,replay
707,707.000,setCurrency,0.036842,4.421053,replay
707,707.000,browseProduct,0.184211,22.105263,replay
707,707.000,addToCart,0.036842,4.421053,replay
707,707.000,viewCart,0.055263,6.631579,replay
707,707.000,checkout,0.668421,80.210526,replay
708,708.000,index,0.018421,2.210526,replay
708,708.000,setCurrency,0.036842,4.421053,replay
708,708.000,browseProduct,0.834211,100.105263,replay
708,708.000,addToCart,0.036842,4.421053,replay
708,708.000,viewCart,0.055263,6.631579,replay
708,708.000,checkout,0.018421,2.210526,replay
709,709.000,index,0.018421,2.210526,replay
709,709.000,setCurrency,0.036842,4.421053,replay
709,709.000,browseProduct,0.834211,100.105263,replay
709,709.000,addToCart,0.036842,4.421053,replay
709,709.000,viewCart,0.055263,6.631579,replay
709,709.000,checkout,0.018421,2.210526,replay
710,710.000,index,0.018421,2.210526,replay
710,710.000,setCurrency,0.036842,4.421053,replay
710,710.000,browseProduct,0.834211,100.105263,replay
710,710.000,addToCart,0.036842,4.421053,replay
710,710.000,viewCart,0.055263,6.631579,replay
710,710.000,checkout,0.018421,2.210526,replay
711,711.000,index,0.018421,2.210526,replay
711,711.000,setCurrency,0.036842,4.421053,replay
711,711.000,browseProduct,0.184211,22.105263,replay
711,711.000,addToCart,0.686842,82.421053,replay
711,711.000,viewCart,0.055263,6.631579,replay
711,711.000,checkout,0.018421,2.210526,replay
712,712.000,index,0.018421,2.210526,replay
712,712.000,setCurrency,0.036842,4.421053,replay
712,712.000,browseProduct,0.184211,22.105263,replay
712,712.000,addToCart,0.686842,82.421053,replay
712,712.000,viewCart,0.055263,6.631579,replay
712,712.000,checkout,0.018421,2.210526,replay
713,713.000,index,0.018421,2.210526,replay
713,713.000,setCurrency,0.036842,4.421053,replay
713,713.000,browseProduct,0.184211,22.105263,replay
713,713.000,addToCart,0.036842,4.421053,replay
713,713.000,viewCart,0.055263,6.631579,replay
713,713.000,checkout,0.668421,80.210526,replay
714,714.000,index,0.018421,2.210526,replay
714,714.000,setCurrency,0.036842,4.421053,replay
714,714.000,browseProduct,0.184211,22.105263,replay
714,714.000,addToCart,0.036842,4.421053,replay
714,714.000,viewCart,0.055263,6.631579,replay
714,714.000,checkout,0.668421,80.210526,replay
715,715.000,index,0.018421,2.210526,replay
715,715.000,setCurrency,0.036842,4.421053,replay
715,715.000,browseProduct,0.184211,22.105263,replay
715,715.000,addToCart,0.036842,4.421053,replay
715,715.000,viewCart,0.055263,6.631579,replay
715,715.000,checkout,0.668421,80.210526,replay
716,716.000,index,0.018421,2.210526,replay
716,716.000,setCurrency,0.036842,4.421053,replay
716,716.000,browseProduct,0.184211,22.105263,replay
716,716.000,addToCart,0.036842,4.421053,replay
716,716.000,viewCart,0.705263,84.631579,replay
716,716.000,checkout,0.018421,2.210526,replay
717,717.000,index,0.018421,2.210526,replay
717,717.000,setCurrency,0.036842,4.421053,replay
717,717.000,browseProduct,0.184211,22.105263,replay
717,717.000,addToCart,0.036842,4.421053,replay
717,717.000,viewCart,0.705263,84.631579,replay
717,717.000,checkout,0.018421,2.210526,replay
718,718.000,index,0.018421,2.210526,replay
718,718.000,setCurrency,0.036842,4.421053,replay
718,718.000,browseProduct,0.184211,22.105263,replay
718,718.000,addToCart,0.036842,4.421053,replay
718,718.000,viewCart,0.705263,84.631579,replay
718,718.000,checkout,0.018421,2.210526,replay
719,719.000,index,0.018421,2.210526,replay
719,719.000,setCurrency,0.036842,4.421053,replay
719,719.000,browseProduct,0.184211,22.105263,replay
719,719.000,addToCart,0.036842,4.421053,replay
719,719.000,viewCart,0.705263,84.631579,replay
719,719.000,checkout,0.018421,2.210526,replay
720,720.000,index,0.018421,2.210526,replay
720,720.000,setCurrency,0.036842,4.421053,replay
720,720.000,browseProduct,0.184211,22.105263,replay
720,720.000,addToCart,0.036842,4.421053,replay
720,720.000,viewCart,0.705263,84.631579,replay
720,720.000,checkout,0.018421,2.210526,replay
721,721.000,index,0.018421,2.210526,replay
721,721.000,setCurrency,0.036842,4.421053,replay
721,721.000,browseProduct,0.184211,22.105263,replay
721,721.000,addToCart,0.036842,4.421053,replay
721,721.000,viewCart,0.055263,6.631579,replay
721,721.000,checkout,0.668421,80.210526,replay
722,722.000,index,0.018421,2.210526,replay
722,722.000,setCurrency,0.036842,4.421053,replay
722,722.000,browseProduct,0.184211,22.105263,replay
722,722.000,addToCart,0.036842,4.421053,replay
722,722.000,viewCart,0.055263,6.631579,replay
722,722.000,checkout,0.668421,80.210526,replay
723,723.000,index,0.018421,2.210526,replay
723,723.000,setCurrency,0.036842,4.421053,replay
723,723.000,browseProduct,0.184211,22.105263,replay
723,723.000,addToCart,0.036842,4.421053,replay
723,723.000,viewCart,0.055263,6.631579,replay
723,723.000,checkout,0.668421,80.210526,replay
724,724.000,index,0.018421,2.210526,replay
724,724.000,setCurrency,0.036842,4.421053,replay
724,724.000,browseProduct,0.184211,22.105263,replay
724,724.000,addToCart,0.686842,82.421053,replay
724,724.000,viewCart,0.055263,6.631579,replay
724,724.000,checkout,0.018421,2.210526,replay
725,725.000,index,0.018421,2.210526,replay
725,725.000,setCurrency,0.036842,4.421053,replay
725,725.000,browseProduct,0.184211,22.105263,replay
725,725.000,addToCart,0.686842,82.421053,replay
725,725.000,viewCart,0.055263,6.631579,replay
725,725.000,checkout,0.018421,2.210526,replay
726,726.000,index,0.668421,80.210526,replay
726,726.000,setCurrency,0.036842,4.421053,replay
726,726.000,browseProduct,0.184211,22.105263,replay
726,726.000,addToCart,0.036842,4.421053,replay
726,726.000,viewCart,0.055263,6.631579,replay
726,726.000,checkout,0.018421,2.210526,replay
727,727.000,index,0.668421,80.210526,replay
727,727.000,setCurrency,0.036842,4.421053,replay
727,727.000,browseProduct,0.184211,22.105263,replay
727,727.000,addToCart,0.036842,4.421053,replay
727,727.000,viewCart,0.055263,6.631579,replay
727,727.000,checkout,0.018421,2.210526,replay
728,728.000,index,0.668421,80.210526,replay
728,728.000,setCurrency,0.036842,4.421053,replay
728,728.000,browseProduct,0.184211,22.105263,replay
728,728.000,addToCart,0.036842,4.421053,replay
728,728.000,viewCart,0.055263,6.631579,replay
728,728.000,checkout,0.018421,2.210526,replay
729,729.000,index,0.668421,80.210526,replay
729,729.000,setCurrency,0.036842,4.421053,replay
729,729.000,browseProduct,0.184211,22.105263,replay
729,729.000,addToCart,0.036842,4.421053,replay
729,729.000,viewCart,0.055263,6.631579,replay
729,729.000,checkout,0.018421,2.210526,replay
730,730.000,index,0.668421,80.210526,replay
730,730.000,setCurrency,0.036842,4.421053,replay
730,730.000,browseProduct,0.184211,22.105263,replay
730,730.000,addToCart,0.036842,4.421053,replay
730,730.000,viewCart,0.055263,6.631579,replay
730,730.000,checkout,0.018421,2.210526,replay
731,731.000,index,0.668421,80.210526,replay
731,731.000,setCurrency,0.036842,4.421053,replay
731,731.000,browseProduct,0.184211,22.105263,replay
731,731.000,addToCart,0.036842,4.421053,replay
731,731.000,viewCart,0.055263,6.631579,replay
731,731.000,checkout,0.018421,2.210526,replay
732,732.000,index,0.668421,80.210526,replay
732,732.000,setCurrency,0.036842,4.421053,replay
732,732.000,browseProduct,0.184211,22.105263,replay
732,732.000,addToCart,0.036842,4.421053,replay
732,732.000,viewCart,0.055263,6.631579,replay
732,732.000,checkout,0.018421,2.210526,replay
733,733.000,index,0.668421,80.210526,replay
733,733.000,setCurrency,0.036842,4.421053,replay
733,733.000,browseProduct,0.184211,22.105263,replay
733,733.000,addToCart,0.036842,4.421053,replay
733,733.000,viewCart,0.055263,6.631579,replay
733,733.000,checkout,0.018421,2.210526,replay
734,734.000,index,0.668421,80.210526,replay
734,734.000,setCurrency,0.036842,4.421053,replay
734,734.000,browseProduct,0.184211,22.105263,replay
734,734.000,addToCart,0.036842,4.421053,replay
734,734.000,viewCart,0.055263,6.631579,replay
734,734.000,checkout,0.018421,2.210526,replay
735,735.000,index,0.668421,80.210526,replay
735,735.000,setCurrency,0.036842,4.421053,replay
735,735.000,browseProduct,0.184211,22.105263,replay
735,735.000,addToCart,0.036842,4.421053,replay
735,735.000,viewCart,0.055263,6.631579,replay
735,735.000,checkout,0.018421,2.210526,replay
736,736.000,index,0.668421,80.210526,replay
736,736.000,setCurrency,0.036842,4.421053,replay
736,736.000,browseProduct,0.184211,22.105263,replay
736,736.000,addToCart,0.036842,4.421053,replay
736,736.000,viewCart,0.055263,6.631579,replay
736,736.000,checkout,0.018421,2.210526,replay
737,737.000,index,0.668421,80.210526,replay
737,737.000,setCurrency,0.036842,4.421053,replay
737,737.000,browseProduct,0.184211,22.105263,replay
737,737.000,addToCart,0.036842,4.421053,replay
737,737.000,viewCart,0.055263,6.631579,replay
737,737.000,checkout,0.018421,2.210526,replay
738,738.000,index,0.668421,80.210526,replay
738,738.000,setCurrency,0.036842,4.421053,replay
738,738.000,browseProduct,0.184211,22.105263,replay
738,738.000,addToCart,0.036842,4.421053,replay
738,738.000,viewCart,0.055263,6.631579,replay
738,738.000,checkout,0.018421,2.210526,replay
739,739.000,index,0.668421,80.210526,replay
739,739.000,setCurrency,0.036842,4.421053,replay
739,739.000,browseProduct,0.184211,22.105263,replay
739,739.000,addToCart,0.036842,4.421053,replay
739,739.000,viewCart,0.055263,6.631579,replay
739,739.000,checkout,0.018421,2.210526,replay
740,740.000,index,0.668421,80.210526,replay
740,740.000,setCurrency,0.036842,4.421053,replay
740,740.000,browseProduct,0.184211,22.105263,replay
740,740.000,addToCart,0.036842,4.421053,replay
740,740.000,viewCart,0.055263,6.631579,replay
740,740.000,checkout,0.018421,2.210526,replay
741,741.000,index,0.668421,80.210526,replay
741,741.000,setCurrency,0.036842,4.421053,replay
741,741.000,browseProduct,0.184211,22.105263,replay
741,741.000,addToCart,0.036842,4.421053,replay
741,741.000,viewCart,0.055263,6.631579,replay
741,741.000,checkout,0.018421,2.210526,replay
742,742.000,index,0.668421,80.210526,replay
742,742.000,setCurrency,0.036842,4.421053,replay
742,742.000,browseProduct,0.184211,22.105263,replay
742,742.000,addToCart,0.036842,4.421053,replay
742,742.000,viewCart,0.055263,6.631579,replay
742,742.000,checkout,0.018421,2.210526,replay
743,743.000,index,0.668421,80.210526,replay
743,743.000,setCurrency,0.036842,4.421053,replay
743,743.000,browseProduct,0.184211,22.105263,replay
743,743.000,addToCart,0.036842,4.421053,replay
743,743.000,viewCart,0.055263,6.631579,replay
743,743.000,checkout,0.018421,2.210526,replay
744,744.000,index,0.018421,2.210526,replay
744,744.000,setCurrency,0.036842,4.421053,replay
744,744.000,browseProduct,0.184211,22.105263,replay
744,744.000,addToCart,0.036842,4.421053,replay
744,744.000,viewCart,0.705263,84.631579,replay
744,744.000,checkout,0.018421,2.210526,replay
745,745.000,index,0.018421,2.210526,replay
745,745.000,setCurrency,0.036842,4.421053,replay
745,745.000,browseProduct,0.184211,22.105263,replay
745,745.000,addToCart,0.036842,4.421053,replay
745,745.000,viewCart,0.705263,84.631579,replay
745,745.000,checkout,0.018421,2.210526,replay
746,746.000,index,0.018421,2.210526,replay
746,746.000,setCurrency,0.036842,4.421053,replay
746,746.000,browseProduct,0.184211,22.105263,replay
746,746.000,addToCart,0.036842,4.421053,replay
746,746.000,viewCart,0.705263,84.631579,replay
746,746.000,checkout,0.018421,2.210526,replay
747,747.000,index,0.018421,2.210526,replay
747,747.000,setCurrency,0.036842,4.421053,replay
747,747.000,browseProduct,0.184211,22.105263,replay
747,747.000,addToCart,0.036842,4.421053,replay
747,747.000,viewCart,0.705263,84.631579,replay
747,747.000,checkout,0.018421,2.210526,replay
748,748.000,index,0.018421,2.210526,replay
748,748.000,setCurrency,0.036842,4.421053,replay
748,748.000,browseProduct,0.184211,22.105263,replay
748,748.000,addToCart,0.036842,4.421053,replay
748,748.000,viewCart,0.705263,84.631579,replay
748,748.000,checkout,0.018421,2.210526,replay
749,749.000,index,0.018421,2.210526,replay
749,749.000,setCurrency,0.036842,4.421053,replay
749,749.000,browseProduct,0.834211,100.105263,replay
749,749.000,addToCart,0.036842,4.421053,replay
749,749.000,viewCart,0.055263,6.631579,replay
749,749.000,checkout,0.018421,2.210526,replay
750,750.000,index,0.018421,2.210526,replay
750,750.000,setCurrency,0.036842,4.421053,replay
750,750.000,browseProduct,0.834211,100.105263,replay
750,750.000,addToCart,0.036842,4.421053,replay
750,750.000,viewCart,0.055263,6.631579,replay
750,750.000,checkout,0.018421,2.210526,replay
751,751.000,index,0.018421,2.210526,replay
751,751.000,setCurrency,0.036842,4.421053,replay
751,751.000,browseProduct,0.834211,100.105263,replay
751,751.000,addToCart,0.036842,4.421053,replay
751,751.000,viewCart,0.055263,6.631579,replay
751,751.000,checkout,0.018421,2.210526,replay
752,752.000,index,0.018421,2.210526,replay
752,752.000,setCurrency,0.036842,4.421053,replay
752,752.000,browseProduct,0.834211,100.105263,replay
752,752.000,addToCart,0.036842,4.421053,replay
752,752.000,viewCart,0.055263,6.631579,replay
752,752.000,checkout,0.018421,2.210526,replay
753,753.000,index,0.018421,2.210526,replay
753,753.000,setCurrency,0.036842,4.421053,replay
753,753.000,browseProduct,0.834211,100.105263,replay
753,753.000,addToCart,0.036842,4.421053,replay
753,753.000,viewCart,0.055263,6.631579,replay
753,753.000,checkout,0.018421,2.210526,replay
754,754.000,index,0.018421,2.210526,replay
754,754.000,setCurrency,0.036842,4.421053,replay
754,754.000,browseProduct,0.834211,100.105263,replay
754,754.000,addToCart,0.036842,4.421053,replay
754,754.000,viewCart,0.055263,6.631579,replay
754,754.000,checkout,0.018421,2.210526,replay
755,755.000,index,0.018421,2.210526,replay
755,755.000,setCurrency,0.036842,4.421053,replay
755,755.000,browseProduct,0.834211,100.105263,replay
755,755.000,addToCart,0.036842,4.421053,replay
755,755.000,viewCart,0.055263,6.631579,replay
755,755.000,checkout,0.018421,2.210526,replay
756,756.000,index,0.018421,2.210526,replay
756,756.000,setCurrency,0.036842,4.421053,replay
756,756.000,browseProduct,0.834211,100.105263,replay
756,756.000,addToCart,0.036842,4.421053,replay
756,756.000,viewCart,0.055263,6.631579,replay
756,756.000,checkout,0.018421,2.210526,replay
757,757.000,index,0.018421,2.210526,replay
757,757.000,setCurrency,0.036842,4.421053,replay
757,757.000,browseProduct,0.834211,100.105263,replay
757,757.000,addToCart,0.036842,4.421053,replay
757,757.000,viewCart,0.055263,6.631579,replay
757,757.000,checkout,0.018421,2.210526,replay
758,758.000,index,0.018421,2.210526,replay
758,758.000,setCurrency,0.036842,4.421053,replay
758,758.000,browseProduct,0.834211,100.105263,replay
758,758.000,addToCart,0.036842,4.421053,replay
758,758.000,viewCart,0.055263,6.631579,replay
758,758.000,checkout,0.018421,2.210526,replay
759,759.000,index,0.018421,2.210526,replay
759,759.000,setCurrency,0.036842,4.421053,replay
759,759.000,browseProduct,0.834211,100.105263,replay
759,759.000,addToCart,0.036842,4.421053,replay
759,759.000,viewCart,0.055263,6.631579,replay
759,759.000,checkout,0.018421,2.210526,replay
760,760.000,index,0.018421,2.210526,replay
760,760.000,setCurrency,0.036842,4.421053,replay
760,760.000,browseProduct,0.834211,100.105263,replay
760,760.000,addToCart,0.036842,4.421053,replay
760,760.000,viewCart,0.055263,6.631579,replay
760,760.000,checkout,0.018421,2.210526,replay
761,761.000,index,0.018421,2.210526,replay
761,761.000,setCurrency,0.036842,4.421053,replay
761,761.000,browseProduct,0.834211,100.105263,replay
761,761.000,addToCart,0.036842,4.421053,replay
761,761.000,viewCart,0.055263,6.631579,replay
761,761.000,checkout,0.018421,2.210526,replay
762,762.000,index,0.018421,2.210526,replay
762,762.000,setCurrency,0.036842,4.421053,replay
762,762.000,browseProduct,0.834211,100.105263,replay
762,762.000,addToCart,0.036842,4.421053,replay
762,762.000,viewCart,0.055263,6.631579,replay
762,762.000,checkout,0.018421,2.210526,replay
763,763.000,index,0.018421,2.210526,replay
763,763.000,setCurrency,0.036842,4.421053,replay
763,763.000,browseProduct,0.834211,100.105263,replay
763,763.000,addToCart,0.036842,4.421053,replay
763,763.000,viewCart,0.055263,6.631579,replay
763,763.000,checkout,0.018421,2.210526,replay
764,764.000,index,0.018421,2.210526,replay
764,764.000,setCurrency,0.036842,4.421053,replay
764,764.000,browseProduct,0.834211,100.105263,replay
764,764.000,addToCart,0.036842,4.421053,replay
764,764.000,viewCart,0.055263,6.631579,replay
764,764.000,checkout,0.018421,2.210526,replay
765,765.000,index,0.018421,2.210526,replay
765,765.000,setCurrency,0.036842,4.421053,replay
765,765.000,browseProduct,0.184211,22.105263,replay
765,765.000,addToCart,0.686842,82.421053,replay
765,765.000,viewCart,0.055263,6.631579,replay
765,765.000,checkout,0.018421,2.210526,replay
766,766.000,index,0.018421,2.210526,replay
766,766.000,setCurrency,0.036842,4.421053,replay
766,766.000,browseProduct,0.184211,22.105263,replay
766,766.000,addToCart,0.686842,82.421053,replay
766,766.000,viewCart,0.055263,6.631579,replay
766,766.000,checkout,0.018421,2.210526,replay
767,767.000,index,0.018421,2.210526,replay
767,767.000,setCurrency,0.036842,4.421053,replay
767,767.000,browseProduct,0.834211,100.105263,replay
767,767.000,addToCart,0.036842,4.421053,replay
767,767.000,viewCart,0.055263,6.631579,replay
767,767.000,checkout,0.018421,2.210526,replay
768,768.000,index,0.018421,2.210526,replay
768,768.000,setCurrency,0.036842,4.421053,replay
768,768.000,browseProduct,0.834211,100.105263,replay
768,768.000,addToCart,0.036842,4.421053,replay
768,768.000,viewCart,0.055263,6.631579,replay
768,768.000,checkout,0.018421,2.210526,replay
769,769.000,index,0.018421,2.210526,replay
769,769.000,setCurrency,0.036842,4.421053,replay
769,769.000,browseProduct,0.834211,100.105263,replay
769,769.000,addToCart,0.036842,4.421053,replay
769,769.000,viewCart,0.055263,6.631579,replay
769,769.000,checkout,0.018421,2.210526,replay
770,770.000,index,0.018421,2.210526,replay
770,770.000,setCurrency,0.036842,4.421053,replay
770,770.000,browseProduct,0.834211,100.105263,replay
770,770.000,addToCart,0.036842,4.421053,replay
770,770.000,viewCart,0.055263,6.631579,replay
770,770.000,checkout,0.018421,2.210526,replay
771,771.000,index,0.018421,2.210526,replay
771,771.000,setCurrency,0.036842,4.421053,replay
771,771.000,browseProduct,0.834211,100.105263,replay
771,771.000,addToCart,0.036842,4.421053,replay
771,771.000,viewCart,0.055263,6.631579,replay
771,771.000,checkout,0.018421,2.210526,replay
772,772.000,index,0.018421,2.210526,replay
772,772.000,setCurrency,0.036842,4.421053,replay
772,772.000,browseProduct,0.834211,100.105263,replay
772,772.000,addToCart,0.036842,4.421053,replay
772,772.000,viewCart,0.055263,6.631579,replay
772,772.000,checkout,0.018421,2.210526,replay
773,773.000,index,0.018421,2.210526,replay
773,773.000,setCurrency,0.036842,4.421053,replay
773,773.000,browseProduct,0.834211,100.105263,replay
773,773.000,addToCart,0.036842,4.421053,replay
773,773.000,viewCart,0.055263,6.631579,replay
773,773.000,checkout,0.018421,2.210526,replay
774,774.000,index,0.018421,2.210526,replay
774,774.000,setCurrency,0.036842,4.421053,replay
774,774.000,browseProduct,0.834211,100.105263,replay
774,774.000,addToCart,0.036842,4.421053,replay
774,774.000,viewCart,0.055263,6.631579,replay
774,774.000,checkout,0.018421,2.210526,replay
775,775.000,index,0.018421,2.210526,replay
775,775.000,setCurrency,0.036842,4.421053,replay
775,775.000,browseProduct,0.834211,100.105263,replay
775,775.000,addToCart,0.036842,4.421053,replay
775,775.000,viewCart,0.055263,6.631579,replay
775,775.000,checkout,0.018421,2.210526,replay
776,776.000,index,0.018421,2.210526,replay
776,776.000,setCurrency,0.036842,4.421053,replay
776,776.000,browseProduct,0.834211,100.105263,replay
776,776.000,addToCart,0.036842,4.421053,replay
776,776.000,viewCart,0.055263,6.631579,replay
776,776.000,checkout,0.018421,2.210526,replay
777,777.000,index,0.018421,2.210526,replay
777,777.000,setCurrency,0.036842,4.421053,replay
777,777.000,browseProduct,0.834211,100.105263,replay
777,777.000,addToCart,0.036842,4.421053,replay
777,777.000,viewCart,0.055263,6.631579,replay
777,777.000,checkout,0.018421,2.210526,replay
778,778.000,index,0.018421,2.210526,replay
778,778.000,setCurrency,0.036842,4.421053,replay
778,778.000,browseProduct,0.834211,100.105263,replay
778,778.000,addToCart,0.036842,4.421053,replay
778,778.000,viewCart,0.055263,6.631579,replay
778,778.000,checkout,0.018421,2.210526,replay
779,779.000,index,0.018421,2.210526,replay
779,779.000,setCurrency,0.036842,4.421053,replay
779,779.000,browseProduct,0.834211,100.105263,replay
779,779.000,addToCart,0.036842,4.421053,replay
779,779.000,viewCart,0.055263,6.631579,replay
779,779.000,checkout,0.018421,2.210526,replay
780,780.000,index,0.018421,2.210526,replay
780,780.000,setCurrency,0.036842,4.421053,replay
780,780.000,browseProduct,0.834211,100.105263,replay
780,780.000,addToCart,0.036842,4.421053,replay
780,780.000,viewCart,0.055263,6.631579,replay
780,780.000,checkout,0.018421,2.210526,replay
781,781.000,index,0.018421,2.210526,replay
781,781.000,setCurrency,0.036842,4.421053,replay
781,781.000,browseProduct,0.834211,100.105263,replay
781,781.000,addToCart,0.036842,4.421053,replay
781,781.000,viewCart,0.055263,6.631579,replay
781,781.000,checkout,0.018421,2.210526,replay
782,782.000,index,0.018421,2.210526,replay
782,782.000,setCurrency,0.036842,4.421053,replay
782,782.000,browseProduct,0.834211,100.105263,replay
782,782.000,addToCart,0.036842,4.421053,replay
782,782.000,viewCart,0.055263,6.631579,replay
782,782.000,checkout,0.018421,2.210526,replay
783,783.000,index,0.018421,2.210526,replay
783,783.000,setCurrency,0.036842,4.421053,replay
783,783.000,browseProduct,0.834211,100.105263,replay
783,783.000,addToCart,0.036842,4.421053,replay
783,783.000,viewCart,0.055263,6.631579,replay
783,783.000,checkout,0.018421,2.210526,replay
784,784.000,index,0.018421,2.210526,replay
784,784.000,setCurrency,0.036842,4.421053,replay
784,784.000,browseProduct,0.834211,100.105263,replay
784,784.000,addToCart,0.036842,4.421053,replay
784,784.000,viewCart,0.055263,6.631579,replay
784,784.000,checkout,0.018421,2.210526,replay
785,785.000,index,0.018421,2.210526,replay
785,785.000,setCurrency,0.036842,4.421053,replay
785,785.000,browseProduct,0.834211,100.105263,replay
785,785.000,addToCart,0.036842,4.421053,replay
785,785.000,viewCart,0.055263,6.631579,replay
785,785.000,checkout,0.018421,2.210526,replay
786,786.000,index,0.018421,2.210526,replay
786,786.000,setCurrency,0.036842,4.421053,replay
786,786.000,browseProduct,0.834211,100.105263,replay
786,786.000,addToCart,0.036842,4.421053,replay
786,786.000,viewCart,0.055263,6.631579,replay
786,786.000,checkout,0.018421,2.210526,replay
787,787.000,index,0.018421,2.210526,replay
787,787.000,setCurrency,0.036842,4.421053,replay
787,787.000,browseProduct,0.834211,100.105263,replay
787,787.000,addToCart,0.036842,4.421053,replay
787,787.000,viewCart,0.055263,6.631579,replay
787,787.000,checkout,0.018421,2.210526,replay
788,788.000,index,0.018421,2.210526,replay
788,788.000,setCurrency,0.036842,4.421053,replay
788,788.000,browseProduct,0.834211,100.105263,replay
788,788.000,addToCart,0.036842,4.421053,replay
788,788.000,viewCart,0.055263,6.631579,replay
788,788.000,checkout,0.018421,2.210526,replay
789,789.000,index,0.018421,2.210526,replay
789,789.000,setCurrency,0.036842,4.421053,replay
789,789.000,browseProduct,0.834211,100.105263,replay
789,789.000,addToCart,0.036842,4.421053,replay
789,789.000,viewCart,0.055263,6.631579,replay
789,789.000,checkout,0.018421,2.210526,replay
790,790.000,index,0.018421,2.210526,replay
790,790.000,setCurrency,0.036842,4.421053,replay
790,790.000,browseProduct,0.834211,100.105263,replay
790,790.000,addToCart,0.036842,4.421053,replay
790,790.000,viewCart,0.055263,6.631579,replay
790,790.000,checkout,0.018421,2.210526,replay
791,791.000,index,0.018421,2.210526,replay
791,791.000,setCurrency,0.036842,4.421053,replay
791,791.000,browseProduct,0.834211,100.105263,replay
791,791.000,addToCart,0.036842,4.421053,replay
791,791.000,viewCart,0.055263,6.631579,replay
791,791.000,checkout,0.018421,2.210526,replay
792,792.000,index,0.018421,2.210526,replay
792,792.000,setCurrency,0.036842,4.421053,replay
792,792.000,browseProduct,0.184211,22.105263,replay
792,792.000,addToCart,0.036842,4.421053,replay
792,792.000,viewCart,0.055263,6.631579,replay
792,792.000,checkout,0.668421,80.210526,replay
793,793.000,index,0.018421,2.210526,replay
793,793.000,setCurrency,0.036842,4.421053,replay
793,793.000,browseProduct,0.184211,22.105263,replay
793,793.000,addToCart,0.036842,4.421053,replay
793,793.000,viewCart,0.055263,6.631579,replay
793,793.000,checkout,0.668421,80.210526,replay
794,794.000,index,0.018421,2.210526,replay
794,794.000,setCurrency,0.036842,4.421053,replay
794,794.000,browseProduct,0.184211,22.105263,replay
794,794.000,addToCart,0.036842,4.421053,replay
794,794.000,viewCart,0.055263,6.631579,replay
794,794.000,checkout,0.668421,80.210526,replay
795,795.000,index,0.018421,2.210526,replay
795,795.000,setCurrency,0.036842,4.421053,replay
795,795.000,browseProduct,0.184211,22.105263,replay
795,795.000,addToCart,0.036842,4.421053,replay
795,795.000,viewCart,0.055263,6.631579,replay
795,795.000,checkout,0.668421,80.210526,replay
796,796.000,index,0.018421,2.210526,replay
796,796.000,setCurrency,0.036842,4.421053,replay
796,796.000,browseProduct,0.184211,22.105263,replay
796,796.000,addToCart,0.036842,4.421053,replay
796,796.000,viewCart,0.055263,6.631579,replay
796,796.000,checkout,0.668421,80.210526,replay
797,797.000,index,0.018421,2.210526,replay
797,797.000,setCurrency,0.036842,4.421053,replay
797,797.000,browseProduct,0.184211,22.105263,replay
797,797.000,addToCart,0.036842,4.421053,replay
797,797.000,viewCart,0.055263,6.631579,replay
797,797.000,checkout,0.668421,80.210526,replay
798,798.000,index,0.018421,2.210526,replay
798,798.000,setCurrency,0.036842,4.421053,replay
798,798.000,browseProduct,0.184211,22.105263,replay
798,798.000,addToCart,0.036842,4.421053,replay
798,798.000,viewCart,0.055263,6.631579,replay
798,798.000,checkout,0.668421,80.210526,replay
799,799.000,index,0.018421,2.210526,replay
799,799.000,setCurrency,0.036842,4.421053,replay
799,799.000,browseProduct,0.184211,22.105263,replay
799,799.000,addToCart,0.036842,4.421053,replay
799,799.000,viewCart,0.055263,6.631579,replay
799,799.000,checkout,0.668421,80.210526,replay
800,800.000,index,0.018421,2.210526,replay
800,800.000,setCurrency,0.036842,4.421053,replay
800,800.000,browseProduct,0.184211,22.105263,replay
800,800.000,addToCart,0.036842,4.421053,replay
800,800.000,viewCart,0.055263,6.631579,replay
800,800.000,checkout,0.668421,80.210526,replay
801,801.000,index,0.018421,2.210526,replay
801,801.000,setCurrency,0.036842,4.421053,replay
801,801.000,browseProduct,0.184211,22.105263,replay
801,801.000,addToCart,0.036842,4.421053,replay
801,801.000,viewCart,0.055263,6.631579,replay
801,801.000,checkout,0.668421,80.210526,replay
802,802.000,index,0.018421,2.210526,replay
802,802.000,setCurrency,0.036842,4.421053,replay
802,802.000,browseProduct,0.184211,22.105263,replay
802,802.000,addToCart,0.036842,4.421053,replay
802,802.000,viewCart,0.055263,6.631579,replay
802,802.000,checkout,0.668421,80.210526,replay
803,803.000,index,0.018421,2.210526,replay
803,803.000,setCurrency,0.036842,4.421053,replay
803,803.000,browseProduct,0.184211,22.105263,replay
803,803.000,addToCart,0.036842,4.421053,replay
803,803.000,viewCart,0.055263,6.631579,replay
803,803.000,checkout,0.668421,80.210526,replay
804,804.000,index,0.018421,2.210526,replay
804,804.000,setCurrency,0.686842,82.421053,replay
804,804.000,browseProduct,0.184211,22.105263,replay
804,804.000,addToCart,0.036842,4.421053,replay
804,804.000,viewCart,0.055263,6.631579,replay
804,804.000,checkout,0.018421,2.210526,replay
805,805.000,index,0.018421,2.210526,replay
805,805.000,setCurrency,0.686842,82.421053,replay
805,805.000,browseProduct,0.184211,22.105263,replay
805,805.000,addToCart,0.036842,4.421053,replay
805,805.000,viewCart,0.055263,6.631579,replay
805,805.000,checkout,0.018421,2.210526,replay
806,806.000,index,0.018421,2.210526,replay
806,806.000,setCurrency,0.686842,82.421053,replay
806,806.000,browseProduct,0.184211,22.105263,replay
806,806.000,addToCart,0.036842,4.421053,replay
806,806.000,viewCart,0.055263,6.631579,replay
806,806.000,checkout,0.018421,2.210526,replay
807,807.000,index,0.018421,2.210526,replay
807,807.000,setCurrency,0.036842,4.421053,replay
807,807.000,browseProduct,0.184211,22.105263,replay
807,807.000,addToCart,0.686842,82.421053,replay
807,807.000,viewCart,0.055263,6.631579,replay
807,807.000,checkout,0.018421,2.210526,replay
808,808.000,index,0.018421,2.210526,replay
808,808.000,setCurrency,0.036842,4.421053,replay
808,808.000,browseProduct,0.184211,22.105263,replay
808,808.000,addToCart,0.686842,82.421053,replay
808,808.000,viewCart,0.055263,6.631579,replay
808,808.000,checkout,0.018421,2.210526,replay
809,809.000,index,0.018421,2.210526,replay
809,809.000,setCurrency,0.036842,4.421053,replay
809,809.000,browseProduct,0.184211,22.105263,replay
809,809.000,addToCart,0.686842,82.421053,replay
809,809.000,viewCart,0.055263,6.631579,replay
809,809.000,checkout,0.018421,2.210526,replay
810,810.000,index,0.018421,2.210526,replay
810,810.000,setCurrency,0.036842,4.421053,replay
810,810.000,browseProduct,0.184211,22.105263,replay
810,810.000,addToCart,0.686842,82.421053,replay
810,810.000,viewCart,0.055263,6.631579,replay
810,810.000,checkout,0.018421,2.210526,replay
811,811.000,index,0.668421,80.210526,replay
811,811.000,setCurrency,0.036842,4.421053,replay
811,811.000,browseProduct,0.184211,22.105263,replay
811,811.000,addToCart,0.036842,4.421053,replay
811,811.000,viewCart,0.055263,6.631579,replay
811,811.000,checkout,0.018421,2.210526,replay
812,812.000,index,0.018421,2.210526,replay
812,812.000,setCurrency,0.036842,4.421053,replay
812,812.000,browseProduct,0.184211,22.105263,replay
812,812.000,addToCart,0.686842,82.421053,replay
812,812.000,viewCart,0.055263,6.631579,replay
812,812.000,checkout,0.018421,2.210526,replay
813,813.000,index,0.668421,80.210526,replay
813,813.000,setCurrency,0.036842,4.421053,replay
813,813.000,browseProduct,0.184211,22.105263,replay
813,813.000,addToCart,0.036842,4.421053,replay
813,813.000,viewCart,0.055263,6.631579,replay
813,813.000,checkout,0.018421,2.210526,replay
814,814.000,index,0.668421,80.210526,replay
814,814.000,setCurrency,0.036842,4.421053,replay
814,814.000,browseProduct,0.184211,22.105263,replay
814,814.000,addToCart,0.036842,4.421053,replay
814,814.000,viewCart,0.055263,6.631579,replay
814,814.000,checkout,0.018421,2.210526,replay
815,815.000,index,0.668421,80.210526,replay
815,815.000,setCurrency,0.036842,4.421053,replay
815,815.000,browseProduct,0.184211,22.105263,replay
815,815.000,addToCart,0.036842,4.421053,replay
815,815.000,viewCart,0.055263,6.631579,replay
815,815.000,checkout,0.018421,2.210526,replay
816,816.000,index,0.668421,80.210526,replay
816,816.000,setCurrency,0.036842,4.421053,replay
816,816.000,browseProduct,0.184211,22.105263,replay
816,816.000,addToCart,0.036842,4.421053,replay
816,816.000,viewCart,0.055263,6.631579,replay
816,816.000,checkout,0.018421,2.210526,replay
817,817.000,index,0.018421,2.210526,replay
817,817.000,setCurrency,0.036842,4.421053,replay
817,817.000,browseProduct,0.184211,22.105263,replay
817,817.000,addToCart,0.036842,4.421053,replay
817,817.000,viewCart,0.705263,84.631579,replay
817,817.000,checkout,0.018421,2.210526,replay
818,818.000,index,0.018421,2.210526,replay
818,818.000,setCurrency,0.686842,82.421053,replay
818,818.000,browseProduct,0.184211,22.105263,replay
818,818.000,addToCart,0.036842,4.421053,replay
818,818.000,viewCart,0.055263,6.631579,replay
818,818.000,checkout,0.018421,2.210526,replay
819,819.000,index,0.018421,2.210526,replay
819,819.000,setCurrency,0.686842,82.421053,replay
819,819.000,browseProduct,0.184211,22.105263,replay
819,819.000,addToCart,0.036842,4.421053,replay
819,819.000,viewCart,0.055263,6.631579,replay
819,819.000,checkout,0.018421,2.210526,replay
820,820.000,index,0.018421,2.210526,replay
820,820.000,setCurrency,0.686842,82.421053,replay
820,820.000,browseProduct,0.184211,22.105263,replay
820,820.000,addToCart,0.036842,4.421053,replay
820,820.000,viewCart,0.055263,6.631579,replay
820,820.000,checkout,0.018421,2.210526,replay
821,821.000,index,0.018421,2.210526,replay
821,821.000,setCurrency,0.686842,82.421053,replay
821,821.000,browseProduct,0.184211,22.105263,replay
821,821.000,addToCart,0.036842,4.421053,replay
821,821.000,viewCart,0.055263,6.631579,replay
821,821.000,checkout,0.018421,2.210526,replay
822,822.000,index,0.018421,2.210526,replay
822,822.000,setCurrency,0.686842,82.421053,replay
822,822.000,browseProduct,0.184211,22.105263,replay
822,822.000,addToCart,0.036842,4.421053,replay
822,822.000,viewCart,0.055263,6.631579,replay
822,822.000,checkout,0.018421,2.210526,replay
823,823.000,index,0.018421,2.210526,replay
823,823.000,setCurrency,0.686842,82.421053,replay
823,823.000,browseProduct,0.184211,22.105263,replay
823,823.000,addToCart,0.036842,4.421053,replay
823,823.000,viewCart,0.055263,6.631579,replay
823,823.000,checkout,0.018421,2.210526,replay
824,824.000,index,0.018421,2.210526,replay
824,824.000,setCurrency,0.036842,4.421053,replay
824,824.000,browseProduct,0.834211,100.105263,replay
824,824.000,addToCart,0.036842,4.421053,replay
824,824.000,viewCart,0.055263,6.631579,replay
824,824.000,checkout,0.018421,2.210526,replay
825,825.000,index,0.018421,2.210526,replay
825,825.000,setCurrency,0.036842,4.421053,replay
825,825.000,browseProduct,0.834211,100.105263,replay
825,825.000,addToCart,0.036842,4.421053,replay
825,825.000,viewCart,0.055263,6.631579,replay
825,825.000,checkout,0.018421,2.210526,replay
826,826.000,index,0.018421,2.210526,replay
826,826.000,setCurrency,0.036842,4.421053,replay
826,826.000,browseProduct,0.834211,100.105263,replay
826,826.000,addToCart,0.036842,4.421053,replay
826,826.000,viewCart,0.055263,6.631579,replay
826,826.000,checkout,0.018421,2.210526,replay
827,827.000,index,0.018421,2.210526,replay
827,827.000,setCurrency,0.686842,82.421053,replay
827,827.000,browseProduct,0.184211,22.105263,replay
827,827.000,addToCart,0.036842,4.421053,replay
827,827.000,viewCart,0.055263,6.631579,replay
827,827.000,checkout,0.018421,2.210526,replay
828,828.000,index,0.018421,2.210526,replay
828,828.000,setCurrency,0.686842,82.421053,replay
828,828.000,browseProduct,0.184211,22.105263,replay
828,828.000,addToCart,0.036842,4.421053,replay
828,828.000,viewCart,0.055263,6.631579,replay
828,828.000,checkout,0.018421,2.210526,replay
829,829.000,index,0.018421,2.210526,replay
829,829.000,setCurrency,0.686842,82.421053,replay
829,829.000,browseProduct,0.184211,22.105263,replay
829,829.000,addToCart,0.036842,4.421053,replay
829,829.000,viewCart,0.055263,6.631579,replay
829,829.000,checkout,0.018421,2.210526,replay
830,830.000,index,0.018421,2.210526,replay
830,830.000,setCurrency,0.686842,82.421053,replay
830,830.000,browseProduct,0.184211,22.105263,replay
830,830.000,addToCart,0.036842,4.421053,replay
830,830.000,viewCart,0.055263,6.631579,replay
830,830.000,checkout,0.018421,2.210526,replay
831,831.000,index,0.018421,2.210526,replay
831,831.000,setCurrency,0.036842,4.421053,replay
831,831.000,browseProduct,0.184211,22.105263,replay
831,831.000,addToCart,0.036842,4.421053,replay
831,831.000,viewCart,0.705263,84.631579,replay
831,831.000,checkout,0.018421,2.210526,replay
832,832.000,index,0.018421,2.210526,replay
832,832.000,setCurrency,0.036842,4.421053,replay
832,832.000,browseProduct,0.184211,22.105263,replay
832,832.000,addToCart,0.036842,4.421053,replay
832,832.000,viewCart,0.705263,84.631579,replay
832,832.000,checkout,0.018421,2.210526,replay
833,833.000,index,0.018421,2.210526,replay
833,833.000,setCurrency,0.036842,4.421053,replay
833,833.000,browseProduct,0.184211,22.105263,replay
833,833.000,addToCart,0.036842,4.421053,replay
833,833.000,viewCart,0.705263,84.631579,replay
833,833.000,checkout,0.018421,2.210526,replay
834,834.000,index,0.668421,80.210526,replay
834,834.000,setCurrency,0.036842,4.421053,replay
834,834.000,browseProduct,0.184211,22.105263,replay
834,834.000,addToCart,0.036842,4.421053,replay
834,834.000,viewCart,0.055263,6.631579,replay
834,834.000,checkout,0.018421,2.210526,replay
835,835.000,index,0.668421,80.210526,replay
835,835.000,setCurrency,0.036842,4.421053,replay
835,835.000,browseProduct,0.184211,22.105263,replay
835,835.000,addToCart,0.036842,4.421053,replay
835,835.000,viewCart,0.055263,6.631579,replay
835,835.000,checkout,0.018421,2.210526,replay
836,836.000,index,0.668421,80.210526,replay
836,836.000,setCurrency,0.036842,4.421053,replay
836,836.000,browseProduct,0.184211,22.105263,replay
836,836.000,addToCart,0.036842,4.421053,replay
836,836.000,viewCart,0.055263,6.631579,replay
836,836.000,checkout,0.018421,2.210526,replay
837,837.000,index,0.668421,80.210526,replay
837,837.000,setCurrency,0.036842,4.421053,replay
837,837.000,browseProduct,0.184211,22.105263,replay
837,837.000,addToCart,0.036842,4.421053,replay
837,837.000,viewCart,0.055263,6.631579,replay
837,837.000,checkout,0.018421,2.210526,replay
838,838.000,index,0.668421,80.210526,replay
838,838.000,setCurrency,0.036842,4.421053,replay
838,838.000,browseProduct,0.184211,22.105263,replay
838,838.000,addToCart,0.036842,4.421053,replay
838,838.000,viewCart,0.055263,6.631579,replay
838,838.000,checkout,0.018421,2.210526,replay
839,839.000,index,0.668421,80.210526,replay
839,839.000,setCurrency,0.036842,4.421053,replay
839,839.000,browseProduct,0.184211,22.105263,replay
839,839.000,addToCart,0.036842,4.421053,replay
839,839.000,viewCart,0.055263,6.631579,replay
839,839.000,checkout,0.018421,2.210526,replay
840,840.000,index,0.018421,2.210526,replay
840,840.000,setCurrency,0.036842,4.421053,replay
840,840.000,browseProduct,0.184211,22.105263,replay
840,840.000,addToCart,0.036842,4.421053,replay
840,840.000,viewCart,0.055263,6.631579,replay
840,840.000,checkout,0.668421,80.210526,replay
841,841.000,index,0.018421,2.210526,replay
841,841.000,setCurrency,0.036842,4.421053,replay
841,841.000,browseProduct,0.184211,22.105263,replay
841,841.000,addToCart,0.036842,4.421053,replay
841,841.000,viewCart,0.055263,6.631579,replay
841,841.000,checkout,0.668421,80.210526,replay
842,842.000,index,0.018421,2.210526,replay
842,842.000,setCurrency,0.036842,4.421053,replay
842,842.000,browseProduct,0.184211,22.105263,replay
842,842.000,addToCart,0.036842,4.421053,replay
842,842.000,viewCart,0.055263,6.631579,replay
842,842.000,checkout,0.668421,80.210526,replay
843,843.000,index,0.668421,80.210526,replay
843,843.000,setCurrency,0.036842,4.421053,replay
843,843.000,browseProduct,0.184211,22.105263,replay
843,843.000,addToCart,0.036842,4.421053,replay
843,843.000,viewCart,0.055263,6.631579,replay
843,843.000,checkout,0.018421,2.210526,replay
844,844.000,index,0.668421,80.210526,replay
844,844.000,setCurrency,0.036842,4.421053,replay
844,844.000,browseProduct,0.184211,22.105263,replay
844,844.000,addToCart,0.036842,4.421053,replay
844,844.000,viewCart,0.055263,6.631579,replay
844,844.000,checkout,0.018421,2.210526,replay
845,845.000,index,0.018421,2.210526,replay
845,845.000,setCurrency,0.036842,4.421053,replay
845,845.000,browseProduct,0.184211,22.105263,replay
845,845.000,addToCart,0.036842,4.421053,replay
845,845.000,viewCart,0.705263,84.631579,replay
845,845.000,checkout,0.018421,2.210526,replay
846,846.000,index,0.018421,2.210526,replay
846,846.000,setCurrency,0.036842,4.421053,replay
846,846.000,browseProduct,0.184211,22.105263,replay
846,846.000,addToCart,0.036842,4.421053,replay
846,846.000,viewCart,0.705263,84.631579,replay
846,846.000,checkout,0.018421,2.210526,replay
847,847.000,index,0.018421,2.210526,replay
847,847.000,setCurrency,0.036842,4.421053,replay
847,847.000,browseProduct,0.184211,22.105263,replay
847,847.000,addToCart,0.036842,4.421053,replay
847,847.000,viewCart,0.705263,84.631579,replay
847,847.000,checkout,0.018421,2.210526,replay
848,848.000,index,0.018421,2.210526,replay
848,848.000,setCurrency,0.036842,4.421053,replay
848,848.000,browseProduct,0.184211,22.105263,replay
848,848.000,addToCart,0.036842,4.421053,replay
848,848.000,viewCart,0.705263,84.631579,replay
848,848.000,checkout,0.018421,2.210526,replay
849,849.000,index,0.668421,80.210526,replay
849,849.000,setCurrency,0.036842,4.421053,replay
849,849.000,browseProduct,0.184211,22.105263,replay
849,849.000,addToCart,0.036842,4.421053,replay
849,849.000,viewCart,0.055263,6.631579,replay
849,849.000,checkout,0.018421,2.210526,replay
850,850.000,index,0.668421,80.210526,replay
850,850.000,setCurrency,0.036842,4.421053,replay
850,850.000,browseProduct,0.184211,22.105263,replay
850,850.000,addToCart,0.036842,4.421053,replay
850,850.000,viewCart,0.055263,6.631579,replay
850,850.000,checkout,0.018421,2.210526,replay
851,851.000,index,0.668421,80.210526,replay
851,851.000,setCurrency,0.036842,4.421053,replay
851,851.000,browseProduct,0.184211,22.105263,replay
851,851.000,addToCart,0.036842,4.421053,replay
851,851.000,viewCart,0.055263,6.631579,replay
851,851.000,checkout,0.018421,2.210526,replay
852,852.000,index,0.668421,80.210526,replay
852,852.000,setCurrency,0.036842,4.421053,replay
852,852.000,browseProduct,0.184211,22.105263,replay
852,852.000,addToCart,0.036842,4.421053,replay
852,852.000,viewCart,0.055263,6.631579,replay
852,852.000,checkout,0.018421,2.210526,replay
853,853.000,index,0.668421,80.210526,replay
853,853.000,setCurrency,0.036842,4.421053,replay
853,853.000,browseProduct,0.184211,22.105263,replay
853,853.000,addToCart,0.036842,4.421053,replay
853,853.000,viewCart,0.055263,6.631579,replay
853,853.000,checkout,0.018421,2.210526,replay
854,854.000,index,0.668421,80.210526,replay
854,854.000,setCurrency,0.036842,4.421053,replay
854,854.000,browseProduct,0.184211,22.105263,replay
854,854.000,addToCart,0.036842,4.421053,replay
854,854.000,viewCart,0.055263,6.631579,replay
854,854.000,checkout,0.018421,2.210526,replay
855,855.000,index,0.668421,80.210526,replay
855,855.000,setCurrency,0.036842,4.421053,replay
855,855.000,browseProduct,0.184211,22.105263,replay
855,855.000,addToCart,0.036842,4.421053,replay
855,855.000,viewCart,0.055263,6.631579,replay
855,855.000,checkout,0.018421,2.210526,replay
856,856.000,index,0.668421,80.210526,replay
856,856.000,setCurrency,0.036842,4.421053,replay
856,856.000,browseProduct,0.184211,22.105263,replay
856,856.000,addToCart,0.036842,4.421053,replay
856,856.000,viewCart,0.055263,6.631579,replay
856,856.000,checkout,0.018421,2.210526,replay
857,857.000,index,0.668421,80.210526,replay
857,857.000,setCurrency,0.036842,4.421053,replay
857,857.000,browseProduct,0.184211,22.105263,replay
857,857.000,addToCart,0.036842,4.421053,replay
857,857.000,viewCart,0.055263,6.631579,replay
857,857.000,checkout,0.018421,2.210526,replay
858,858.000,index,0.668421,80.210526,replay
858,858.000,setCurrency,0.036842,4.421053,replay
858,858.000,browseProduct,0.184211,22.105263,replay
858,858.000,addToCart,0.036842,4.421053,replay
858,858.000,viewCart,0.055263,6.631579,replay
858,858.000,checkout,0.018421,2.210526,replay
859,859.000,index,0.668421,80.210526,replay
859,859.000,setCurrency,0.036842,4.421053,replay
859,859.000,browseProduct,0.184211,22.105263,replay
859,859.000,addToCart,0.036842,4.421053,replay
859,859.000,viewCart,0.055263,6.631579,replay
859,859.000,checkout,0.018421,2.210526,replay
860,860.000,index,0.018421,2.210526,replay
860,860.000,setCurrency,0.036842,4.421053,replay
860,860.000,browseProduct,0.184211,22.105263,replay
860,860.000,addToCart,0.036842,4.421053,replay
860,860.000,viewCart,0.055263,6.631579,replay
860,860.000,checkout,0.668421,80.210526,replay
861,861.000,index,0.018421,2.210526,replay
861,861.000,setCurrency,0.036842,4.421053,replay
861,861.000,browseProduct,0.184211,22.105263,replay
861,861.000,addToCart,0.036842,4.421053,replay
861,861.000,viewCart,0.055263,6.631579,replay
861,861.000,checkout,0.668421,80.210526,replay
862,862.000,index,0.018421,2.210526,replay
862,862.000,setCurrency,0.036842,4.421053,replay
862,862.000,browseProduct,0.184211,22.105263,replay
862,862.000,addToCart,0.036842,4.421053,replay
862,862.000,viewCart,0.055263,6.631579,replay
862,862.000,checkout,0.668421,80.210526,replay
863,863.000,index,0.018421,2.210526,replay
863,863.000,setCurrency,0.036842,4.421053,replay
863,863.000,browseProduct,0.184211,22.105263,replay
863,863.000,addToCart,0.036842,4.421053,replay
863,863.000,viewCart,0.055263,6.631579,replay
863,863.000,checkout,0.668421,80.210526,replay
864,864.000,index,0.018421,2.210526,replay
864,864.000,setCurrency,0.036842,4.421053,replay
864,864.000,browseProduct,0.184211,22.105263,replay
864,864.000,addToCart,0.036842,4.421053,replay
864,864.000,viewCart,0.055263,6.631579,replay
864,864.000,checkout,0.668421,80.210526,replay
865,865.000,index,0.018421,2.210526,replay
865,865.000,setCurrency,0.036842,4.421053,replay
865,865.000,browseProduct,0.184211,22.105263,replay
865,865.000,addToCart,0.036842,4.421053,replay
865,865.000,viewCart,0.055263,6.631579,replay
865,865.000,checkout,0.668421,80.210526,replay
866,866.000,index,0.018421,2.210526,replay
866,866.000,setCurrency,0.036842,4.421053,replay
866,866.000,browseProduct,0.184211,22.105263,replay
866,866.000,addToCart,0.036842,4.421053,replay
866,866.000,viewCart,0.055263,6.631579,replay
866,866.000,checkout,0.668421,80.210526,replay
867,867.000,index,0.018421,2.210526,replay
867,867.000,setCurrency,0.036842,4.421053,replay
867,867.000,browseProduct,0.184211,22.105263,replay
867,867.000,addToCart,0.036842,4.421053,replay
867,867.000,viewCart,0.055263,6.631579,replay
867,867.000,checkout,0.668421,80.210526,replay
868,868.000,index,0.018421,2.210526,replay
868,868.000,setCurrency,0.036842,4.421053,replay
868,868.000,browseProduct,0.184211,22.105263,replay
868,868.000,addToCart,0.036842,4.421053,replay
868,868.000,viewCart,0.055263,6.631579,replay
868,868.000,checkout,0.668421,80.210526,replay
869,869.000,index,0.018421,2.210526,replay
869,869.000,setCurrency,0.686842,82.421053,replay
869,869.000,browseProduct,0.184211,22.105263,replay
869,869.000,addToCart,0.036842,4.421053,replay
869,869.000,viewCart,0.055263,6.631579,replay
869,869.000,checkout,0.018421,2.210526,replay
870,870.000,index,0.018421,2.210526,replay
870,870.000,setCurrency,0.686842,82.421053,replay
870,870.000,browseProduct,0.184211,22.105263,replay
870,870.000,addToCart,0.036842,4.421053,replay
870,870.000,viewCart,0.055263,6.631579,replay
870,870.000,checkout,0.018421,2.210526,replay
871,871.000,index,0.018421,2.210526,replay
871,871.000,setCurrency,0.686842,82.421053,replay
871,871.000,browseProduct,0.184211,22.105263,replay
871,871.000,addToCart,0.036842,4.421053,replay
871,871.000,viewCart,0.055263,6.631579,replay
871,871.000,checkout,0.018421,2.210526,replay
872,872.000,index,0.018421,2.210526,replay
872,872.000,setCurrency,0.686842,82.421053,replay
872,872.000,browseProduct,0.184211,22.105263,replay
872,872.000,addToCart,0.036842,4.421053,replay
872,872.000,viewCart,0.055263,6.631579,replay
872,872.000,checkout,0.018421,2.210526,replay
873,873.000,index,0.018421,2.210526,replay
873,873.000,setCurrency,0.686842,82.421053,replay
873,873.000,browseProduct,0.184211,22.105263,replay
873,873.000,addToCart,0.036842,4.421053,replay
873,873.000,viewCart,0.055263,6.631579,replay
873,873.000,checkout,0.018421,2.210526,replay
874,874.000,index,0.018421,2.210526,replay
874,874.000,setCurrency,0.686842,82.421053,replay
874,874.000,browseProduct,0.184211,22.105263,replay
874,874.000,addToCart,0.036842,4.421053,replay
874,874.000,viewCart,0.055263,6.631579,replay
874,874.000,checkout,0.018421,2.210526,replay
875,875.000,index,0.018421,2.210526,replay
875,875.000,setCurrency,0.686842,82.421053,replay
875,875.000,browseProduct,0.184211,22.105263,replay
875,875.000,addToCart,0.036842,4.421053,replay
875,875.000,viewCart,0.055263,6.631579,replay
875,875.000,checkout,0.018421,2.210526,replay
876,876.000,index,0.018421,2.210526,replay
876,876.000,setCurrency,0.036842,4.421053,replay
876,876.000,browseProduct,0.184211,22.105263,replay
876,876.000,addToCart,0.036842,4.421053,replay
876,876.000,viewCart,0.705263,84.631579,replay
876,876.000,checkout,0.018421,2.210526,replay
877,877.000,index,0.018421,2.210526,replay
877,877.000,setCurrency,0.036842,4.421053,replay
877,877.000,browseProduct,0.184211,22.105263,replay
877,877.000,addToCart,0.036842,4.421053,replay
877,877.000,viewCart,0.705263,84.631579,replay
877,877.000,checkout,0.018421,2.210526,replay
878,878.000,index,0.018421,2.210526,replay
878,878.000,setCurrency,0.036842,4.421053,replay
878,878.000,browseProduct,0.184211,22.105263,replay
878,878.000,addToCart,0.036842,4.421053,replay
878,878.000,viewCart,0.705263,84.631579,replay
878,878.000,checkout,0.018421,2.210526,replay
879,879.000,index,0.018421,2.210526,replay
879,879.000,setCurrency,0.036842,4.421053,replay
879,879.000,browseProduct,0.184211,22.105263,replay
879,879.000,addToCart,0.036842,4.421053,replay
879,879.000,viewCart,0.705263,84.631579,replay
879,879.000,checkout,0.018421,2.210526,replay
880,880.000,index,0.018421,2.210526,replay
880,880.000,setCurrency,0.036842,4.421053,replay
880,880.000,browseProduct,0.184211,22.105263,replay
880,880.000,addToCart,0.036842,4.421053,replay
880,880.000,viewCart,0.705263,84.631579,replay
880,880.000,checkout,0.018421,2.210526,replay
881,881.000,index,0.668421,80.210526,replay
881,881.000,setCurrency,0.036842,4.421053,replay
881,881.000,browseProduct,0.184211,22.105263,replay
881,881.000,addToCart,0.036842,4.421053,replay
881,881.000,viewCart,0.055263,6.631579,replay
881,881.000,checkout,0.018421,2.210526,replay
882,882.000,index,0.668421,80.210526,replay
882,882.000,setCurrency,0.036842,4.421053,replay
882,882.000,browseProduct,0.184211,22.105263,replay
882,882.000,addToCart,0.036842,4.421053,replay
882,882.000,viewCart,0.055263,6.631579,replay
882,882.000,checkout,0.018421,2.210526,replay
883,883.000,index,0.668421,80.210526,replay
883,883.000,setCurrency,0.036842,4.421053,replay
883,883.000,browseProduct,0.184211,22.105263,replay
883,883.000,addToCart,0.036842,4.421053,replay
883,883.000,viewCart,0.055263,6.631579,replay
883,883.000,checkout,0.018421,2.210526,replay
884,884.000,index,0.668421,80.210526,replay
884,884.000,setCurrency,0.036842,4.421053,replay
884,884.000,browseProduct,0.184211,22.105263,replay
884,884.000,addToCart,0.036842,4.421053,replay
884,884.000,viewCart,0.055263,6.631579,replay
884,884.000,checkout,0.018421,2.210526,replay
885,885.000,index,0.018421,2.210526,replay
885,885.000,setCurrency,0.036842,4.421053,replay
885,885.000,browseProduct,0.184211,22.105263,replay
885,885.000,addToCart,0.036842,4.421053,replay
885,885.000,viewCart,0.705263,84.631579,replay
885,885.000,checkout,0.018421,2.210526,replay
886,886.000,index,0.018421,2.210526,replay
886,886.000,setCurrency,0.036842,4.421053,replay
886,886.000,browseProduct,0.184211,22.105263,replay
886,886.000,addToCart,0.036842,4.421053,replay
886,886.000,viewCart,0.055263,6.631579,replay
886,886.000,checkout,0.668421,80.210526,replay
887,887.000,index,0.018421,2.210526,replay
887,887.000,setCurrency,0.036842,4.421053,replay
887,887.000,browseProduct,0.184211,22.105263,replay
887,887.000,addToCart,0.036842,4.421053,replay
887,887.000,viewCart,0.055263,6.631579,replay
887,887.000,checkout,0.668421,80.210526,replay
888,888.000,index,0.018421,2.210526,replay
888,888.000,setCurrency,0.036842,4.421053,replay
888,888.000,browseProduct,0.184211,22.105263,replay
888,888.000,addToCart,0.036842,4.421053,replay
888,888.000,viewCart,0.055263,6.631579,replay
888,888.000,checkout,0.668421,80.210526,replay
889,889.000,index,0.018421,2.210526,replay
889,889.000,setCurrency,0.686842,82.421053,replay
889,889.000,browseProduct,0.184211,22.105263,replay
889,889.000,addToCart,0.036842,4.421053,replay
889,889.000,viewCart,0.055263,6.631579,replay
889,889.000,checkout,0.018421,2.210526,replay
890,890.000,index,0.018421,2.210526,replay
890,890.000,setCurrency,0.686842,82.421053,replay
890,890.000,browseProduct,0.184211,22.105263,replay
890,890.000,addToCart,0.036842,4.421053,replay
890,890.000,viewCart,0.055263,6.631579,replay
890,890.000,checkout,0.018421,2.210526,replay
891,891.000,index,0.018421,2.210526,replay
891,891.000,setCurrency,0.686842,82.421053,replay
891,891.000,browseProduct,0.184211,22.105263,replay
891,891.000,addToCart,0.036842,4.421053,replay
891,891.000,viewCart,0.055263,6.631579,replay
891,891.000,checkout,0.018421,2.210526,replay
892,892.000,index,0.018421,2.210526,replay
892,892.000,setCurrency,0.036842,4.421053,replay
892,892.000,browseProduct,0.184211,22.105263,replay
892,892.000,addToCart,0.686842,82.421053,replay
892,892.000,viewCart,0.055263,6.631579,replay
892,892.000,checkout,0.018421,2.210526,replay
893,893.000,index,0.018421,2.210526,replay
893,893.000,setCurrency,0.036842,4.421053,replay
893,893.000,browseProduct,0.184211,22.105263,replay
893,893.000,addToCart,0.686842,82.421053,replay
893,893.000,viewCart,0.055263,6.631579,replay
893,893.000,checkout,0.018421,2.210526,replay
894,894.000,index,0.018421,2.210526,replay
894,894.000,setCurrency,0.036842,4.421053,replay
894,894.000,browseProduct,0.184211,22.105263,replay
894,894.000,addToCart,0.686842,82.421053,replay
894,894.000,viewCart,0.055263,6.631579,replay
894,894.000,checkout,0.018421,2.210526,replay
895,895.000,index,0.018421,2.210526,replay
895,895.000,setCurrency,0.036842,4.421053,replay
895,895.000,browseProduct,0.184211,22.105263,replay
895,895.000,addToCart,0.686842,82.421053,replay
895,895.000,viewCart,0.055263,6.631579,replay
895,895.000,checkout,0.018421,2.210526,replay
896,896.000,index,0.018421,2.210526,replay
896,896.000,setCurrency,0.036842,4.421053,replay
896,896.000,browseProduct,0.184211,22.105263,replay
896,896.000,addToCart,0.686842,82.421053,replay
896,896.000,viewCart,0.055263,6.631579,replay
896,896.000,checkout,0.018421,2.210526,replay
897,897.000,index,0.018421,2.210526,replay
897,897.000,setCurrency,0.036842,4.421053,replay
897,897.000,browseProduct,0.184211,22.105263,replay
897,897.000,addToCart,0.036842,4.421053,replay
897,897.000,viewCart,0.055263,6.631579,replay
897,897.000,checkout,0.668421,80.210526,replay
898,898.000,index,0.018421,2.210526,replay
898,898.000,setCurrency,0.036842,4.421053,replay
898,898.000,browseProduct,0.184211,22.105263,replay
898,898.000,addToCart,0.036842,4.421053,replay
898,898.000,viewCart,0.055263,6.631579,replay
898,898.000,checkout,0.668421,80.210526,replay
899,899.000,index,0.018421,2.210526,replay
899,899.000,setCurrency,0.036842,4.421053,replay
899,899.000,browseProduct,0.184211,22.105263,replay
899,899.000,addToCart,0.686842,82.421053,replay
899,899.000,viewCart,0.055263,6.631579,replay
899,899.000,checkout,0.018421,2.210526,replay
900,900.000,index,0.018421,2.210526,replay
900,900.000,setCurrency,0.036842,4.421053,replay
900,900.000,browseProduct,0.834211,100.105263,replay
900,900.000,addToCart,0.036842,4.421053,replay
900,900.000,viewCart,0.055263,6.631579,replay
900,900.000,checkout,0.018421,2.210526,replay
901,901.000,index,0.018421,2.210526,replay
901,901.000,setCurrency,0.036842,4.421053,replay
901,901.000,browseProduct,0.834211,100.105263,replay
901,901.000,addToCart,0.036842,4.421053,replay
901,901.000,viewCart,0.055263,6.631579,replay
901,901.000,checkout,0.018421,2.210526,replay
902,902.000,index,0.018421,2.210526,replay
902,902.000,setCurrency,0.036842,4.421053,replay
902,902.000,browseProduct,0.834211,100.105263,replay
902,902.000,addToCart,0.036842,4.421053,replay
902,902.000,viewCart,0.055263,6.631579,replay
902,902.000,checkout,0.018421,2.210526,replay
903,903.000,index,0.018421,2.210526,replay
903,903.000,setCurrency,0.036842,4.421053,replay
903,903.000,browseProduct,0.834211,100.105263,replay
903,903.000,addToCart,0.036842,4.421053,replay
903,903.000,viewCart,0.055263,6.631579,replay
903,903.000,checkout,0.018421,2.210526,replay
904,904.000,index,0.018421,2.210526,replay
904,904.000,setCurrency,0.036842,4.421053,replay
904,904.000,browseProduct,0.184211,22.105263,replay
904,904.000,addToCart,0.686842,82.421053,replay
904,904.000,viewCart,0.055263,6.631579,replay
904,904.000,checkout,0.018421,2.210526,replay
905,905.000,index,0.018421,2.210526,replay
905,905.000,setCurrency,0.036842,4.421053,replay
905,905.000,browseProduct,0.184211,22.105263,replay
905,905.000,addToCart,0.686842,82.421053,replay
905,905.000,viewCart,0.055263,6.631579,replay
905,905.000,checkout,0.018421,2.210526,replay
906,906.000,index,0.018421,2.210526,replay
906,906.000,setCurrency,0.036842,4.421053,replay
906,906.000,browseProduct,0.184211,22.105263,replay
906,906.000,addToCart,0.686842,82.421053,replay
906,906.000,viewCart,0.055263,6.631579,replay
906,906.000,checkout,0.018421,2.210526,replay
907,907.000,index,0.018421,2.210526,replay
907,907.000,setCurrency,0.686842,82.421053,replay
907,907.000,browseProduct,0.184211,22.105263,replay
907,907.000,addToCart,0.036842,4.421053,replay
907,907.000,viewCart,0.055263,6.631579,replay
907,907.000,checkout,0.018421,2.210526,replay
908,908.000,index,0.668421,80.210526,replay
908,908.000,setCurrency,0.036842,4.421053,replay
908,908.000,browseProduct,0.184211,22.105263,replay
908,908.000,addToCart,0.036842,4.421053,replay
908,908.000,viewCart,0.055263,6.631579,replay
908,908.000,checkout,0.018421,2.210526,replay
909,909.000,index,0.018421,2.210526,replay
909,909.000,setCurrency,0.036842,4.421053,replay
909,909.000,browseProduct,0.184211,22.105263,replay
909,909.000,addToCart,0.036842,4.421053,replay
909,909.000,viewCart,0.055263,6.631579,replay
909,909.000,checkout,0.668421,80.210526,replay
910,910.000,index,0.018421,2.210526,replay
910,910.000,setCurrency,0.036842,4.421053,replay
910,910.000,browseProduct,0.184211,22.105263,replay
910,910.000,addToCart,0.036842,4.421053,replay
910,910.000,viewCart,0.055263,6.631579,replay
910,910.000,checkout,0.668421,80.210526,replay
911,911.000,index,0.018421,2.210526,replay
911,911.000,setCurrency,0.036842,4.421053,replay
911,911.000,browseProduct,0.184211,22.105263,replay
911,911.000,addToCart,0.036842,4.421053,replay
911,911.000,viewCart,0.055263,6.631579,replay
911,911.000,checkout,0.668421,80.210526,replay
912,912.000,index,0.018421,2.210526,replay
912,912.000,setCurrency,0.036842,4.421053,replay
912,912.000,browseProduct,0.184211,22.105263,replay
912,912.000,addToCart,0.036842,4.421053,replay
912,912.000,viewCart,0.055263,6.631579,replay
912,912.000,checkout,0.668421,80.210526,replay
913,913.000,index,0.018421,2.210526,replay
913,913.000,setCurrency,0.036842,4.421053,replay
913,913.000,browseProduct,0.184211,22.105263,replay
913,913.000,addToCart,0.036842,4.421053,replay
913,913.000,viewCart,0.055263,6.631579,replay
913,913.000,checkout,0.668421,80.210526,replay
914,914.000,index,0.018421,2.210526,replay
914,914.000,setCurrency,0.036842,4.421053,replay
914,914.000,browseProduct,0.184211,22.105263,replay
914,914.000,addToCart,0.036842,4.421053,replay
914,914.000,viewCart,0.055263,6.631579,replay
914,914.000,checkout,0.668421,80.210526,replay
915,915.000,index,0.018421,2.210526,replay
915,915.000,setCurrency,0.036842,4.421053,replay
915,915.000,browseProduct,0.184211,22.105263,replay
915,915.000,addToCart,0.036842,4.421053,replay
915,915.000,viewCart,0.055263,6.631579,replay
915,915.000,checkout,0.668421,80.210526,replay
916,916.000,index,0.668421,80.210526,replay
916,916.000,setCurrency,0.036842,4.421053,replay
916,916.000,browseProduct,0.184211,22.105263,replay
916,916.000,addToCart,0.036842,4.421053,replay
916,916.000,viewCart,0.055263,6.631579,replay
916,916.000,checkout,0.018421,2.210526,replay
917,917.000,index,0.668421,80.210526,replay
917,917.000,setCurrency,0.036842,4.421053,replay
917,917.000,browseProduct,0.184211,22.105263,replay
917,917.000,addToCart,0.036842,4.421053,replay
917,917.000,viewCart,0.055263,6.631579,replay
917,917.000,checkout,0.018421,2.210526,replay
918,918.000,index,0.668421,80.210526,replay
918,918.000,setCurrency,0.036842,4.421053,replay
918,918.000,browseProduct,0.184211,22.105263,replay
918,918.000,addToCart,0.036842,4.421053,replay
918,918.000,viewCart,0.055263,6.631579,replay
918,918.000,checkout,0.018421,2.210526,replay
919,919.000,index,0.668421,80.210526,replay
919,919.000,setCurrency,0.036842,4.421053,replay
919,919.000,browseProduct,0.184211,22.105263,replay
919,919.000,addToCart,0.036842,4.421053,replay
919,919.000,viewCart,0.055263,6.631579,replay
919,919.000,checkout,0.018421,2.210526,replay
920,920.000,index,0.668421,80.210526,replay
920,920.000,setCurrency,0.036842,4.421053,replay
920,920.000,browseProduct,0.184211,22.105263,replay
920,920.000,addToCart,0.036842,4.421053,replay
920,920.000,viewCart,0.055263,6.631579,replay
920,920.000,checkout,0.018421,2.210526,replay
921,921.000,index,0.018421,2.210526,replay
921,921.000,setCurrency,0.036842,4.421053,replay
921,921.000,browseProduct,0.184211,22.105263,replay
921,921.000,addToCart,0.036842,4.421053,replay
921,921.000,viewCart,0.055263,6.631579,replay
921,921.000,checkout,0.668421,80.210526,replay
922,922.000,index,0.018421,2.210526,replay
922,922.000,setCurrency,0.036842,4.421053,replay
922,922.000,browseProduct,0.184211,22.105263,replay
922,922.000,addToCart,0.036842,4.421053,replay
922,922.000,viewCart,0.055263,6.631579,replay
922,922.000,checkout,0.668421,80.210526,replay
923,923.000,index,0.018421,2.210526,replay
923,923.000,setCurrency,0.036842,4.421053,replay
923,923.000,browseProduct,0.184211,22.105263,replay
923,923.000,addToCart,0.036842,4.421053,replay
923,923.000,viewCart,0.055263,6.631579,replay
923,923.000,checkout,0.668421,80.210526,replay
924,924.000,index,0.018421,2.210526,replay
924,924.000,setCurrency,0.036842,4.421053,replay
924,924.000,browseProduct,0.184211,22.105263,replay
924,924.000,addToCart,0.036842,4.421053,replay
924,924.000,viewCart,0.055263,6.631579,replay
924,924.000,checkout,0.668421,80.210526,replay
925,925.000,index,0.018421,2.210526,replay
925,925.000,setCurrency,0.036842,4.421053,replay
925,925.000,browseProduct,0.184211,22.105263,replay
925,925.000,addToCart,0.036842,4.421053,replay
925,925.000,viewCart,0.055263,6.631579,replay
925,925.000,checkout,0.668421,80.210526,replay
926,926.000,index,0.018421,2.210526,replay
926,926.000,setCurrency,0.036842,4.421053,replay
926,926.000,browseProduct,0.184211,22.105263,replay
926,926.000,addToCart,0.036842,4.421053,replay
926,926.000,viewCart,0.055263,6.631579,replay
926,926.000,checkout,0.668421,80.210526,replay
927,927.000,index,0.018421,2.210526,replay
927,927.000,setCurrency,0.036842,4.421053,replay
927,927.000,browseProduct,0.184211,22.105263,replay
927,927.000,addToCart,0.036842,4.421053,replay
927,927.000,viewCart,0.055263,6.631579,replay
927,927.000,checkout,0.668421,80.210526,replay
928,928.000,index,0.018421,2.210526,replay
928,928.000,setCurrency,0.036842,4.421053,replay
928,928.000,browseProduct,0.184211,22.105263,replay
928,928.000,addToCart,0.036842,4.421053,replay
928,928.000,viewCart,0.055263,6.631579,replay
928,928.000,checkout,0.668421,80.210526,replay
929,929.000,index,0.018421,2.210526,replay
929,929.000,setCurrency,0.036842,4.421053,replay
929,929.000,browseProduct,0.184211,22.105263,replay
929,929.000,addToCart,0.686842,82.421053,replay
929,929.000,viewCart,0.055263,6.631579,replay
929,929.000,checkout,0.018421,2.210526,replay
930,930.000,index,0.018421,2.210526,replay
930,930.000,setCurrency,0.036842,4.421053,replay
930,930.000,browseProduct,0.184211,22.105263,replay
930,930.000,addToCart,0.686842,82.421053,replay
930,930.000,viewCart,0.055263,6.631579,replay
930,930.000,checkout,0.018421,2.210526,replay
931,931.000,index,0.018421,2.210526,replay
931,931.000,setCurrency,0.036842,4.421053,replay
931,931.000,browseProduct,0.184211,22.105263,replay
931,931.000,addToCart,0.686842,82.421053,replay
931,931.000,viewCart,0.055263,6.631579,replay
931,931.000,checkout,0.018421,2.210526,replay
932,932.000,index,0.668421,80.210526,replay
932,932.000,setCurrency,0.036842,4.421053,replay
932,932.000,browseProduct,0.184211,22.105263,replay
932,932.000,addToCart,0.036842,4.421053,replay
932,932.000,viewCart,0.055263,6.631579,replay
932,932.000,checkout,0.018421,2.210526,replay
933,933.000,index,0.018421,2.210526,replay
933,933.000,setCurrency,0.036842,4.421053,replay
933,933.000,browseProduct,0.184211,22.105263,replay
933,933.000,addToCart,0.036842,4.421053,replay
933,933.000,viewCart,0.055263,6.631579,replay
933,933.000,checkout,0.668421,80.210526,replay
934,934.000,index,0.018421,2.210526,replay
934,934.000,setCurrency,0.036842,4.421053,replay
934,934.000,browseProduct,0.184211,22.105263,replay
934,934.000,addToCart,0.036842,4.421053,replay
934,934.000,viewCart,0.055263,6.631579,replay
934,934.000,checkout,0.668421,80.210526,replay
935,935.000,index,0.018421,2.210526,replay
935,935.000,setCurrency,0.036842,4.421053,replay
935,935.000,browseProduct,0.184211,22.105263,replay
935,935.000,addToCart,0.036842,4.421053,replay
935,935.000,viewCart,0.055263,6.631579,replay
935,935.000,checkout,0.668421,80.210526,replay
936,936.000,index,0.018421,2.210526,replay
936,936.000,setCurrency,0.036842,4.421053,replay
936,936.000,browseProduct,0.184211,22.105263,replay
936,936.000,addToCart,0.036842,4.421053,replay
936,936.000,viewCart,0.055263,6.631579,replay
936,936.000,checkout,0.668421,80.210526,replay
937,937.000,index,0.018421,2.210526,replay
937,937.000,setCurrency,0.036842,4.421053,replay
937,937.000,browseProduct,0.184211,22.105263,replay
937,937.000,addToCart,0.036842,4.421053,replay
937,937.000,viewCart,0.055263,6.631579,replay
937,937.000,checkout,0.668421,80.210526,replay
938,938.000,index,0.018421,2.210526,replay
938,938.000,setCurrency,0.036842,4.421053,replay
938,938.000,browseProduct,0.184211,22.105263,replay
938,938.000,addToCart,0.036842,4.421053,replay
938,938.000,viewCart,0.055263,6.631579,replay
938,938.000,checkout,0.668421,80.210526,replay
939,939.000,index,0.018421,2.210526,replay
939,939.000,setCurrency,0.036842,4.421053,replay
939,939.000,browseProduct,0.184211,22.105263,replay
939,939.000,addToCart,0.036842,4.421053,replay
939,939.000,viewCart,0.055263,6.631579,replay
939,939.000,checkout,0.668421,80.210526,replay
940,940.000,index,0.018421,2.210526,replay
940,940.000,setCurrency,0.036842,4.421053,replay
940,940.000,browseProduct,0.184211,22.105263,replay
940,940.000,addToCart,0.036842,4.421053,replay
940,940.000,viewCart,0.055263,6.631579,replay
940,940.000,checkout,0.668421,80.210526,replay
941,941.000,index,0.018421,2.210526,replay
941,941.000,setCurrency,0.036842,4.421053,replay
941,941.000,browseProduct,0.184211,22.105263,replay
941,941.000,addToCart,0.036842,4.421053,replay
941,941.000,viewCart,0.055263,6.631579,replay
941,941.000,checkout,0.668421,80.210526,replay
942,942.000,index,0.018421,2.210526,replay
942,942.000,setCurrency,0.036842,4.421053,replay
942,942.000,browseProduct,0.184211,22.105263,replay
942,942.000,addToCart,0.036842,4.421053,replay
942,942.000,viewCart,0.055263,6.631579,replay
942,942.000,checkout,0.668421,80.210526,replay
943,943.000,index,0.018421,2.210526,replay
943,943.000,setCurrency,0.036842,4.421053,replay
943,943.000,browseProduct,0.184211,22.105263,replay
943,943.000,addToCart,0.686842,82.421053,replay
943,943.000,viewCart,0.055263,6.631579,replay
943,943.000,checkout,0.018421,2.210526,replay
944,944.000,index,0.018421,2.210526,replay
944,944.000,setCurrency,0.036842,4.421053,replay
944,944.000,browseProduct,0.184211,22.105263,replay
944,944.000,addToCart,0.036842,4.421053,replay
944,944.000,viewCart,0.705263,84.631579,replay
944,944.000,checkout,0.018421,2.210526,replay
945,945.000,index,0.018421,2.210526,replay
945,945.000,setCurrency,0.036842,4.421053,replay
945,945.000,browseProduct,0.184211,22.105263,replay
945,945.000,addToCart,0.036842,4.421053,replay
945,945.000,viewCart,0.705263,84.631579,replay
945,945.000,checkout,0.018421,2.210526,replay
946,946.000,index,0.018421,2.210526,replay
946,946.000,setCurrency,0.686842,82.421053,replay
946,946.000,browseProduct,0.184211,22.105263,replay
946,946.000,addToCart,0.036842,4.421053,replay
946,946.000,viewCart,0.055263,6.631579,replay
946,946.000,checkout,0.018421,2.210526,replay
947,947.000,index,0.018421,2.210526,replay
947,947.000,setCurrency,0.686842,82.421053,replay
947,947.000,browseProduct,0.184211,22.105263,replay
947,947.000,addToCart,0.036842,4.421053,replay
947,947.000,viewCart,0.055263,6.631579,replay
947,947.000,checkout,0.018421,2.210526,replay
948,948.000,index,0.018421,2.210526,replay
948,948.000,setCurrency,0.686842,82.421053,replay
948,948.000,browseProduct,0.184211,22.105263,replay
948,948.000,addToCart,0.036842,4.421053,replay
948,948.000,viewCart,0.055263,6.631579,replay
948,948.000,checkout,0.018421,2.210526,replay
949,949.000,index,0.018421,2.210526,replay
949,949.000,setCurrency,0.686842,82.421053,replay
949,949.000,browseProduct,0.184211,22.105263,replay
949,949.000,addToCart,0.036842,4.421053,replay
949,949.000,viewCart,0.055263,6.631579,replay
949,949.000,checkout,0.018421,2.210526,replay
950,950.000,index,0.018421,2.210526,replay
950,950.000,setCurrency,0.036842,4.421053,replay
950,950.000,browseProduct,0.834211,100.105263,replay
950,950.000,addToCart,0.036842,4.421053,replay
950,950.000,viewCart,0.055263,6.631579,replay
950,950.000,checkout,0.018421,2.210526,replay
951,951.000,index,0.018421,2.210526,replay
951,951.000,setCurrency,0.036842,4.421053,replay
951,951.000,browseProduct,0.834211,100.105263,replay
951,951.000,addToCart,0.036842,4.421053,replay
951,951.000,viewCart,0.055263,6.631579,replay
951,951.000,checkout,0.018421,2.210526,replay
952,952.000,index,0.018421,2.210526,replay
952,952.000,setCurrency,0.036842,4.421053,replay
952,952.000,browseProduct,0.184211,22.105263,replay
952,952.000,addToCart,0.036842,4.421053,replay
952,952.000,viewCart,0.055263,6.631579,replay
952,952.000,checkout,0.668421,80.210526,replay
953,953.000,index,0.018421,2.210526,replay
953,953.000,setCurrency,0.036842,4.421053,replay
953,953.000,browseProduct,0.184211,22.105263,replay
953,953.000,addToCart,0.036842,4.421053,replay
953,953.000,viewCart,0.055263,6.631579,replay
953,953.000,checkout,0.668421,80.210526,replay
954,954.000,index,0.018421,2.210526,replay
954,954.000,setCurrency,0.036842,4.421053,replay
954,954.000,browseProduct,0.184211,22.105263,replay
954,954.000,addToCart,0.036842,4.421053,replay
954,954.000,viewCart,0.055263,6.631579,replay
954,954.000,checkout,0.668421,80.210526,replay
955,955.000,index,0.018421,2.210526,replay
955,955.000,setCurrency,0.036842,4.421053,replay
955,955.000,browseProduct,0.184211,22.105263,replay
955,955.000,addToCart,0.036842,4.421053,replay
955,955.000,viewCart,0.055263,6.631579,replay
955,955.000,checkout,0.668421,80.210526,replay
956,956.000,index,0.018421,2.210526,replay
956,956.000,setCurrency,0.036842,4.421053,replay
956,956.000,browseProduct,0.184211,22.105263,replay
956,956.000,addToCart,0.036842,4.421053,replay
956,956.000,viewCart,0.055263,6.631579,replay
956,956.000,checkout,0.668421,80.210526,replay
957,957.000,index,0.018421,2.210526,replay
957,957.000,setCurrency,0.036842,4.421053,replay
957,957.000,browseProduct,0.834211,100.105263,replay
957,957.000,addToCart,0.036842,4.421053,replay
957,957.000,viewCart,0.055263,6.631579,replay
957,957.000,checkout,0.018421,2.210526,replay
958,958.000,index,0.018421,2.210526,replay
958,958.000,setCurrency,0.036842,4.421053,replay
958,958.000,browseProduct,0.834211,100.105263,replay
958,958.000,addToCart,0.036842,4.421053,replay
958,958.000,viewCart,0.055263,6.631579,replay
958,958.000,checkout,0.018421,2.210526,replay
959,959.000,index,0.018421,2.210526,replay
959,959.000,setCurrency,0.036842,4.421053,replay
959,959.000,browseProduct,0.184211,22.105263,replay
959,959.000,addToCart,0.036842,4.421053,replay
959,959.000,viewCart,0.055263,6.631579,replay
959,959.000,checkout,0.668421,80.210526,replay
960,960.000,index,0.018421,2.210526,replay
960,960.000,setCurrency,0.036842,4.421053,replay
960,960.000,browseProduct,0.184211,22.105263,replay
960,960.000,addToCart,0.036842,4.421053,replay
960,960.000,viewCart,0.055263,6.631579,replay
960,960.000,checkout,0.668421,80.210526,replay
961,961.000,index,0.668421,80.210526,replay
961,961.000,setCurrency,0.036842,4.421053,replay
961,961.000,browseProduct,0.184211,22.105263,replay
961,961.000,addToCart,0.036842,4.421053,replay
961,961.000,viewCart,0.055263,6.631579,replay
961,961.000,checkout,0.018421,2.210526,replay
962,962.000,index,0.018421,2.210526,replay
962,962.000,setCurrency,0.036842,4.421053,replay
962,962.000,browseProduct,0.834211,100.105263,replay
962,962.000,addToCart,0.036842,4.421053,replay
962,962.000,viewCart,0.055263,6.631579,replay
962,962.000,checkout,0.018421,2.210526,replay
963,963.000,index,0.668421,80.210526,replay
963,963.000,setCurrency,0.036842,4.421053,replay
963,963.000,browseProduct,0.184211,22.105263,replay
963,963.000,addToCart,0.036842,4.421053,replay
963,963.000,viewCart,0.055263,6.631579,replay
963,963.000,checkout,0.018421,2.210526,replay
964,964.000,index,0.668421,80.210526,replay
964,964.000,setCurrency,0.036842,4.421053,replay
964,964.000,browseProduct,0.184211,22.105263,replay
964,964.000,addToCart,0.036842,4.421053,replay
964,964.000,viewCart,0.055263,6.631579,replay
964,964.000,checkout,0.018421,2.210526,replay
965,965.000,index,0.668421,80.210526,replay
965,965.000,setCurrency,0.036842,4.421053,replay
965,965.000,browseProduct,0.184211,22.105263,replay
965,965.000,addToCart,0.036842,4.421053,replay
965,965.000,viewCart,0.055263,6.631579,replay
965,965.000,checkout,0.018421,2.210526,replay
966,966.000,index,0.668421,80.210526,replay
966,966.000,setCurrency,0.036842,4.421053,replay
966,966.000,browseProduct,0.184211,22.105263,replay
966,966.000,addToCart,0.036842,4.421053,replay
966,966.000,viewCart,0.055263,6.631579,replay
966,966.000,checkout,0.018421,2.210526,replay
967,967.000,index,0.668421,80.210526,replay
967,967.000,setCurrency,0.036842,4.421053,replay
967,967.000,browseProduct,0.184211,22.105263,replay
967,967.000,addToCart,0.036842,4.421053,replay
967,967.000,viewCart,0.055263,6.631579,replay
967,967.000,checkout,0.018421,2.210526,replay
968,968.000,index,0.668421,80.210526,replay
968,968.000,setCurrency,0.036842,4.421053,replay
968,968.000,browseProduct,0.184211,22.105263,replay
968,968.000,addToCart,0.036842,4.421053,replay
968,968.000,viewCart,0.055263,6.631579,replay
968,968.000,checkout,0.018421,2.210526,replay
969,969.000,index,0.668421,80.210526,replay
969,969.000,setCurrency,0.036842,4.421053,replay
969,969.000,browseProduct,0.184211,22.105263,replay
969,969.000,addToCart,0.036842,4.421053,replay
969,969.000,viewCart,0.055263,6.631579,replay
969,969.000,checkout,0.018421,2.210526,replay
970,970.000,index,0.668421,80.210526,replay
970,970.000,setCurrency,0.036842,4.421053,replay
970,970.000,browseProduct,0.184211,22.105263,replay
970,970.000,addToCart,0.036842,4.421053,replay
970,970.000,viewCart,0.055263,6.631579,replay
970,970.000,checkout,0.018421,2.210526,replay
971,971.000,index,0.668421,80.210526,replay
971,971.000,setCurrency,0.036842,4.421053,replay
971,971.000,browseProduct,0.184211,22.105263,replay
971,971.000,addToCart,0.036842,4.421053,replay
971,971.000,viewCart,0.055263,6.631579,replay
971,971.000,checkout,0.018421,2.210526,replay
972,972.000,index,0.018421,2.210526,replay
972,972.000,setCurrency,0.036842,4.421053,replay
972,972.000,browseProduct,0.184211,22.105263,replay
972,972.000,addToCart,0.686842,82.421053,replay
972,972.000,viewCart,0.055263,6.631579,replay
972,972.000,checkout,0.018421,2.210526,replay
973,973.000,index,0.018421,2.210526,replay
973,973.000,setCurrency,0.036842,4.421053,replay
973,973.000,browseProduct,0.184211,22.105263,replay
973,973.000,addToCart,0.686842,82.421053,replay
973,973.000,viewCart,0.055263,6.631579,replay
973,973.000,checkout,0.018421,2.210526,replay
974,974.000,index,0.018421,2.210526,replay
974,974.000,setCurrency,0.036842,4.421053,replay
974,974.000,browseProduct,0.184211,22.105263,replay
974,974.000,addToCart,0.686842,82.421053,replay
974,974.000,viewCart,0.055263,6.631579,replay
974,974.000,checkout,0.018421,2.210526,replay
975,975.000,index,0.018421,2.210526,replay
975,975.000,setCurrency,0.036842,4.421053,replay
975,975.000,browseProduct,0.184211,22.105263,replay
975,975.000,addToCart,0.686842,82.421053,replay
975,975.000,viewCart,0.055263,6.631579,replay
975,975.000,checkout,0.018421,2.210526,replay
976,976.000,index,0.018421,2.210526,replay
976,976.000,setCurrency,0.036842,4.421053,replay
976,976.000,browseProduct,0.184211,22.105263,replay
976,976.000,addToCart,0.686842,82.421053,replay
976,976.000,viewCart,0.055263,6.631579,replay
976,976.000,checkout,0.018421,2.210526,replay
977,977.000,index,0.018421,2.210526,replay
977,977.000,setCurrency,0.036842,4.421053,replay
977,977.000,browseProduct,0.184211,22.105263,replay
977,977.000,addToCart,0.686842,82.421053,replay
977,977.000,viewCart,0.055263,6.631579,replay
977,977.000,checkout,0.018421,2.210526,replay
978,978.000,index,0.018421,2.210526,replay
978,978.000,setCurrency,0.036842,4.421053,replay
978,978.000,browseProduct,0.184211,22.105263,replay
978,978.000,addToCart,0.686842,82.421053,replay
978,978.000,viewCart,0.055263,6.631579,replay
978,978.000,checkout,0.018421,2.210526,replay
979,979.000,index,0.018421,2.210526,replay
979,979.000,setCurrency,0.036842,4.421053,replay
979,979.000,browseProduct,0.184211,22.105263,replay
979,979.000,addToCart,0.036842,4.421053,replay
979,979.000,viewCart,0.705263,84.631579,replay
979,979.000,checkout,0.018421,2.210526,replay
980,980.000,index,0.018421,2.210526,replay
980,980.000,setCurrency,0.036842,4.421053,replay
980,980.000,browseProduct,0.184211,22.105263,replay
980,980.000,addToCart,0.036842,4.421053,replay
980,980.000,viewCart,0.705263,84.631579,replay
980,980.000,checkout,0.018421,2.210526,replay
981,981.000,index,0.018421,2.210526,replay
981,981.000,setCurrency,0.036842,4.421053,replay
981,981.000,browseProduct,0.184211,22.105263,replay
981,981.000,addToCart,0.036842,4.421053,replay
981,981.000,viewCart,0.705263,84.631579,replay
981,981.000,checkout,0.018421,2.210526,replay
982,982.000,index,0.018421,2.210526,replay
982,982.000,setCurrency,0.036842,4.421053,replay
982,982.000,browseProduct,0.184211,22.105263,replay
982,982.000,addToCart,0.036842,4.421053,replay
982,982.000,viewCart,0.705263,84.631579,replay
982,982.000,checkout,0.018421,2.210526,replay
983,983.000,index,0.018421,2.210526,replay
983,983.000,setCurrency,0.036842,4.421053,replay
983,983.000,browseProduct,0.184211,22.105263,replay
983,983.000,addToCart,0.036842,4.421053,replay
983,983.000,viewCart,0.705263,84.631579,replay
983,983.000,checkout,0.018421,2.210526,replay
984,984.000,index,0.018421,2.210526,replay
984,984.000,setCurrency,0.036842,4.421053,replay
984,984.000,browseProduct,0.834211,100.105263,replay
984,984.000,addToCart,0.036842,4.421053,replay
984,984.000,viewCart,0.055263,6.631579,replay
984,984.000,checkout,0.018421,2.210526,replay
985,985.000,index,0.018421,2.210526,replay
985,985.000,setCurrency,0.036842,4.421053,replay
985,985.000,browseProduct,0.834211,100.105263,replay
985,985.000,addToCart,0.036842,4.421053,replay
985,985.000,viewCart,0.055263,6.631579,replay
985,985.000,checkout,0.018421,2.210526,replay
986,986.000,index,0.018421,2.210526,replay
986,986.000,setCurrency,0.686842,82.421053,replay
986,986.000,browseProduct,0.184211,22.105263,replay
986,986.000,addToCart,0.036842,4.421053,replay
986,986.000,viewCart,0.055263,6.631579,replay
986,986.000,checkout,0.018421,2.210526,replay
987,987.000,index,0.018421,2.210526,replay
987,987.000,setCurrency,0.686842,82.421053,replay
987,987.000,browseProduct,0.184211,22.105263,replay
987,987.000,addToCart,0.036842,4.421053,replay
987,987.000,viewCart,0.055263,6.631579,replay
987,987.000,checkout,0.018421,2.210526,replay
988,988.000,index,0.018421,2.210526,replay
988,988.000,setCurrency,0.686842,82.421053,replay
988,988.000,browseProduct,0.184211,22.105263,replay
988,988.000,addToCart,0.036842,4.421053,replay
988,988.000,viewCart,0.055263,6.631579,replay
988,988.000,checkout,0.018421,2.210526,replay
989,989.000,index,0.018421,2.210526,replay
989,989.000,setCurrency,0.686842,82.421053,replay
989,989.000,browseProduct,0.184211,22.105263,replay
989,989.000,addToCart,0.036842,4.421053,replay
989,989.000,viewCart,0.055263,6.631579,replay
989,989.000,checkout,0.018421,2.210526,replay
990,990.000,index,0.018421,2.210526,replay
990,990.000,setCurrency,0.686842,82.421053,replay
990,990.000,browseProduct,0.184211,22.105263,replay
990,990.000,addToCart,0.036842,4.421053,replay
990,990.000,viewCart,0.055263,6.631579,replay
990,990.000,checkout,0.018421,2.210526,replay
991,991.000,index,0.018421,2.210526,replay
991,991.000,setCurrency,0.036842,4.421053,replay
991,991.000,browseProduct,0.184211,22.105263,replay
991,991.000,addToCart,0.686842,82.421053,replay
991,991.000,viewCart,0.055263,6.631579,replay
991,991.000,checkout,0.018421,2.210526,replay
992,992.000,index,0.018421,2.210526,replay
992,992.000,setCurrency,0.036842,4.421053,replay
992,992.000,browseProduct,0.184211,22.105263,replay
992,992.000,addToCart,0.686842,82.421053,replay
992,992.000,viewCart,0.055263,6.631579,replay
992,992.000,checkout,0.018421,2.210526,replay
993,993.000,index,0.018421,2.210526,replay
993,993.000,setCurrency,0.036842,4.421053,replay
993,993.000,browseProduct,0.184211,22.105263,replay
993,993.000,addToCart,0.686842,82.421053,replay
993,993.000,viewCart,0.055263,6.631579,replay
993,993.000,checkout,0.018421,2.210526,replay
994,994.000,index,0.018421,2.210526,replay
994,994.000,setCurrency,0.036842,4.421053,replay
994,994.000,browseProduct,0.184211,22.105263,replay
994,994.000,addToCart,0.686842,82.421053,replay
994,994.000,viewCart,0.055263,6.631579,replay
994,994.000,checkout,0.018421,2.210526,replay
995,995.000,index,0.018421,2.210526,replay
995,995.000,setCurrency,0.036842,4.421053,replay
995,995.000,browseProduct,0.184211,22.105263,replay
995,995.000,addToCart,0.686842,82.421053,replay
995,995.000,viewCart,0.055263,6.631579,replay
995,995.000,checkout,0.018421,2.210526,replay
996,996.000,index,0.018421,2.210526,replay
996,996.000,setCurrency,0.036842,4.421053,replay
996,996.000,browseProduct,0.184211,22.105263,replay
996,996.000,addToCart,0.686842,82.421053,replay
996,996.000,viewCart,0.055263,6.631579,replay
996,996.000,checkout,0.018421,2.210526,replay
997,997.000,index,0.018421,2.210526,replay
997,997.000,setCurrency,0.036842,4.421053,replay
997,997.000,browseProduct,0.184211,22.105263,replay
997,997.000,addToCart,0.686842,82.421053,replay
997,997.000,viewCart,0.055263,6.631579,replay
997,997.000,checkout,0.018421,2.210526,replay
998,998.000,index,0.018421,2.210526,replay
998,998.000,setCurrency,0.036842,4.421053,replay
998,998.000,browseProduct,0.834211,100.105263,replay
998,998.000,addToCart,0.036842,4.421053,replay
998,998.000,viewCart,0.055263,6.631579,replay
998,998.000,checkout,0.018421,2.210526,replay
999,999.000,index,0.018421,2.210526,replay
999,999.000,setCurrency,0.036842,4.421053,replay
999,999.000,browseProduct,0.834211,100.105263,replay
999,999.000,addToCart,0.036842,4.421053,replay
999,999.000,viewCart,0.055263,6.631579,replay
999,999.000,checkout,0.018421,2.210526,replay
