time_s,src,dst,latency_ms,bandwidth_mbps
0.0,0,1,8.018746884795274,648.4466688092589
0.0,0,2,8.108309766052695,641.8117151908552
0.0,0,3,8.03796187414878,646.4384938350306
0.0,0,4,8.047679248717005,645.2892721176365
0.0,0,5,8.255173168536187,632.3864173247938
0.0,0,6,8.152314462534395,638.06543867914
0.0,0,7,8.151553696067111,637.5857611926035
0.0,0,8,8.393920719637531,624.8684476451922
0.0,0,9,8.471401957698385,621.129858018021
0.0,0,10,8.395647789302137,624.5331308331679
0.0,0,11,16.66511814242449,560.4673177380404
0.0,0,12,8.490865919258276,620.024103601834
0.0,0,13,8.418482297440622,622.5802616286908
0.0,0,14,8.748000042377015,609.9546901591809
0.0,0,15,8.796661900826622,608.2841407485232
0.0,0,16,8.779385753030478,608.9094307472772
0.0,0,17,8.777195640023614,608.9226136212837
0.0,0,18,8.881950054407035,605.5578317540966
0.0,0,19,9.035304144461442,600.9632698258547
0.0,0,20,8.984582142888943,602.4874100161267
0.0,0,21,9.062735463144653,600.3139829535988
0.0,0,22,11.924898690238248,581.5027029467975
0.0,0,23,9.039692029514523,600.8371094705014
0.0,0,24,17.81078886106488,557.8340411832525
0.0,0,25,9.111894895804937,598.8675692390359
0.0,0,26,9.20775165051723,596.5721719109404
0.0,0,27,9.238809744113375,595.8091778292579
0.0,0,28,9.273575663678074,594.9821430998146
0.0,0,29,9.262476658637755,595.1059428714207
0.0,1,0,8.057968942564957,645.4687885481759
0.0,1,2,7.929310083163815,655.2370337553474
0.0,1,3,7.926110707233441,654.7668550846565
0.0,1,4,8.14673740642492,639.1799312472922
0.0,1,5,8.027370527086905,646.5635791285517
0.0,1,6,8.222529835537332,634.3159672797922
0.0,1,7,8.044085072341094,644.1025403270144
0.0,1,8,8.334279577225677,627.9515884557856
0.0,1,9,8.296849459492098,629.7135904828931
0.0,1,10,8.309969471172723,628.7689740809757
0.0,1,11,8.487072879152393,620.4258391363695
0.0,1,12,8.426727251175599,622.9276209488171
0.0,1,13,8.504820123652337,619.4568768148015
0.0,1,14,14.07259735263978,560.7058930320064
0.0,1,15,8.719335737614056,611.014002097977
0.0,1,16,8.645438893866679,613.6215669336118
0.0,1,17,8.768489632162549,609.2771075665644
0.0,1,18,8.815018992058615,607.7011973057159
0.0,1,19,8.645008811298622,612.8871623643962
0.0,1,20,8.898170070913366,605.0303456345057
0.0,1,21,8.817308440844181,607.2479352776202
0.0,1,22,9.001005565272218,602.0012153871971
0.0,1,23,9.05994564974699,600.3823870898601
0.0,1,24,9.1885132465158,597.0763329230833
0.0,1,25,8.836021923530108,605.6716187033761
0.0,1,26,9.101343891126717,599.1148131822522
0.0,1,27,9.210483349575922,596.5104659898481
0.0,1,28,9.217298163017022,596.2779001589105
0.0,1,29,9.299914300124268,594.428202825372
0.0,2,0,8.099156376374836,642.4625607251166
0.0,2,1,7.977685422483214,651.5642033054933
0.0,2,3,8.035282759277791,647.1912055056662
0.0,2,4,8.108002276753332,641.8335790079074
0.0,2,5,8.156124024735888,638.5535646823885
0.0,2,6,8.065054916789771,644.1990047907336
0.0,2,7,8.225463611307584,634.1425515656044
0.0,2,8,8.148584791241136,638.2734820273503
0.0,2,9,8.288769381196579,630.3511012508575
0.0,2,10,8.306163458849506,629.2486984313293
0.0,2,11,8.42640987038181,623.2589200446489
0.0,2,12,8.337257216768059,627.1563397808794
0.0,2,13,8.544840552658025,617.8833524913665
0.0,2,14,8.371130647016612,624.8912426984214
0.0,2,15,8.52687274964204,618.3815909444571
0.0,2,16,8.40595896514852,622.5950873243349
0.0,2,17,8.65616086070634,613.2431343940393
0.0,2,18,8.75810375243207,609.6275668970993
0.0,2,19,8.755426364420009,609.6256012458532
0.0,2,20,8.926201223444794,604.1890052741005
0.0,2,21,8.866914929443224,605.9573000119283
0.0,2,22,8.97538640326753,602.7491161314975
0.0,2,23,8.821691444419212,606.9023185954119
0.0,2,24,17.126654031462976,570.685389136623
0.0,2,25,9.209487186921326,596.546312373773
0.0,2,26,8.921930707596628,603.5818164245418
0.0,2,27,9.055912811204267,600.1794093687923
0.0,2,28,8.986663867195592,601.5662891321293
0.0,2,29,9.244561397310461,595.6838533227135
0.0,3,0,7.985258083301238,649.9554039017796
0.0,3,1,8.073807621648088,644.264966652715
0.0,3,2,8.096454430308759,642.546831343294
0.0,3,4,8.036357656763098,647.1095954070073
0.0,3,5,8.036498546125069,646.9178030385967
0.0,3,6,8.01874361107742,647.7209234624668
0.0,3,7,8.086757388877329,642.837244418068
0.0,3,8,8.226202155693638,634.0988961494456
0.0,3,9,8.242998954486804,633.0070021969171
0.0,3,10,8.300864426842676,629.7133932355761
0.0,3,11,8.375969952624216,625.764428907777
0.0,3,12,8.32944368120344,627.8474386833569
0.0,3,13,8.595779511718563,615.5421704404214
0.0,3,14,8.33454670016004,626.8643786216809
0.0,3,15,8.66227772334217,613.0563565240187
0.0,3,16,8.441412656588604,621.6920189396145
0.0,3,17,8.698303884825735,611.7912507679835
0.0,3,18,8.52512065613913,617.8682072134262
0.0,3,19,8.787624816807288,608.6314132032281
0.0,3,20,8.685543389503497,611.8823077816585
0.0,3,21,8.722708473306108,610.4836698204626
0.0,3,22,8.85244097044788,606.3865637752098
0.0,3,23,8.87030078422905,605.7397998907326
0.0,3,24,9.098358190229147,599.3403247655618
0.0,3,25,9.055883769257527,600.4890973440683
0.0,3,26,8.867484111049393,605.1888780831569
0.0,3,27,9.036913043617943,600.7847759303245
0.0,3,28,9.05150561511751,600.2826841347743
0.0,3,29,9.171366874175702,597.3940619104071
0.0,4,0,8.16079656431911,638.1915241178787
0.0,4,1,8.059952477431008,644.971066676311
0.0,4,2,8.09746768364513,642.5826340706803
0.0,4,3,8.078078870609854,643.9419701918227
0.0,4,5,7.994868628460611,650.2595922572232
0.0,4,6,7.9019977311857446,656.4813918115651
0.0,4,7,8.16506972818284,637.9566202501039
0.0,4,8,8.175747987305977,637.2533703786946
0.0,4,9,8.189583298501626,636.2634396490146
0.0,4,10,8.261396529181615,631.9807742166194
0.0,4,11,8.343031227778143,627.4901600438925
0.0,4,12,8.469255018022524,621.1082673847689
0.0,4,13,8.332640063095276,627.6961833023691
0.0,4,14,8.40080010212151,624.301662078836
0.0,4,15,8.34668176926866,626.3461258460381
0.0,4,16,8.654057211609494,613.3905134796007
0.0,4,17,8.443189154790101,621.6232035525788
0.0,4,18,8.69355629507705,611.9667016830808
0.0,4,19,8.4404814197076,620.8555547466968
0.0,4,20,8.928434577429327,603.8799529782876
0.0,4,21,8.773263476274385,609.0495936138119
0.0,4,22,17.7499342887465,573.3728209712464
0.0,4,23,8.878100433974852,605.6255641149983
0.0,4,24,8.963205872999954,603.0957678844532
0.0,4,25,8.77255776783196,608.2452648107329
0.0,4,26,8.94416578004549,603.424056917442
0.0,4,27,9.092447579568521,599.5039538937162
0.0,4,28,9.2644668285945,595.2493417652553
0.0,4,29,9.242931258457281,595.7969662021745
0.0,5,0,8.16136469501601,637.9314434979995
0.0,5,1,8.086894966777734,642.8286118469871
0.0,5,2,8.106252678598421,641.8814664604704
0.0,5,3,7.964463221335006,652.039825709836
0.0,5,4,7.990311332524427,650.6055986216003
0.0,5,6,8.002114800117399,649.7094367383089
0.0,5,7,8.157064099244268,638.345071559329
0.0,5,8,7.989280741631912,649.6869729720356
0.0,5,9,8.156055316556715,638.4890221767989
0.0,5,10,8.151766153201585,638.4988140519414
0.0,5,11,8.115621220425124,640.1122101892455
0.0,5,12,16.00537795105786,593.0457577719322
0.0,5,13,8.300958971014065,629.5084713746495
0.0,5,14,8.34105350854796,627.2980522465598
0.0,5,15,8.45969614742916,621.6557446587648
0.0,5,16,8.449295866648486,621.9637823825473
0.0,5,17,8.510477148963997,619.2269234472659
0.0,5,18,8.502869051733448,619.3114110593758
0.0,5,19,8.605976041219776,615.2032988823155
0.0,5,20,8.71875223561382,611.0339676137465
0.0,5,21,8.626698096313845,614.061696645064
0.0,5,22,8.79441475244519,608.3665628293854
0.0,5,23,8.671280850409925,612.0744863695912
0.0,5,24,8.956110580351854,603.3119656711513
0.0,5,25,8.812438363382645,607.3865352278674
0.0,5,26,8.968121354482362,602.9000230786108
0.0,5,27,9.172349904705088,597.4293985290736
0.0,5,28,8.968880772420151,602.6265405767624
0.0,5,29,9.052109197935387,600.4151168987461
0.0,6,0,8.255145099447894,632.3294827945724
0.0,6,1,8.182413250251916,636.6872617592767
0.0,6,2,8.192593632065249,636.196360311241
0.0,6,3,8.149135571210202,639.019902343499
0.0,6,4,7.988893060321012,650.3027586596669
0.0,6,5,7.869140696324949,659.8053108824954
0.0,6,7,7.909826520603304,656.7162961822505
0.0,6,8,8.039344784681875,646.715423185959
0.0,6,9,8.11335518840188,641.4075178540177
0.0,6,10,13.939779998694773,562.676137570111
0.0,6,11,8.30632354271401,629.3629147248472
0.0,6,12,8.15147779288066,638.1121086246721
0.0,6,13,8.39171052027438,624.9235574934423
0.0,6,14,12.024593287724116,596.8625990636059
0.0,6,15,8.384229919356759,625.2549095034304
0.0,6,16,14.33773297383707,595.7836379052411
0.0,6,17,8.357086445516867,625.9017730123597
0.0,6,18,8.529852346697565,618.4393377957895
0.0,6,19,8.538409184652714,617.9347094111107
0.0,6,20,8.59684427380031,615.5407705331978
0.0,6,21,8.709030808009143,611.3770860538355
0.0,6,22,8.659884858743258,612.9418482696295
0.0,6,23,8.769344509433644,609.1761474431769
0.0,6,24,8.860767941560795,606.2130604767876
0.0,6,25,18.486129217737176,571.9458304304482
0.0,6,26,8.873376855017273,605.6522564663061
0.0,6,27,8.921776363058381,604.1667475567068
0.0,6,28,8.945618052374583,603.3859040594692
0.0,6,29,9.105475222832084,599.1747397114849
0.0,7,0,14.09737589494755,552.407309581943
0.0,7,1,8.26638175873342,631.7026950600383
0.0,7,2,8.213783454016324,634.8329665724456
0.0,7,3,8.120583358049005,640.7147735677813
0.0,7,4,8.15225718011011,638.8115982046886
0.0,7,5,7.997075156055059,649.7209763192641
0.0,7,6,8.072014162948891,644.4024246977763
0.0,7,8,8.015064027884424,648.7262846051361
0.0,7,9,7.994412121618793,649.9103295677793
0.0,7,10,8.0921253477112,642.8241795255948
0.0,7,11,8.222673593007434,634.3089394378428
0.0,7,12,8.253321014020866,632.4958983223934
0.0,7,13,8.240954676360257,633.1210332824149
0.0,7,14,8.29109247637741,630.2286166848273
0.0,7,15,8.371115352631062,626.0067378090057
0.0,7,16,8.284774130526799,629.9612380148482
0.0,7,17,8.35582731270163,626.3220742530946
0.0,7,18,12.961087359938698,587.354145479834
0.0,7,19,8.655647386574584,613.3258741916272
0.0,7,20,8.705989066728083,611.4432452291024
0.0,7,21,15.967689997571274,584.461276180692
0.0,7,22,8.655885205657503,613.2528636574978
0.0,7,23,8.648320367791056,613.3320784535198
0.0,7,24,8.781216227398584,608.7927781954492
0.0,7,25,17.717302983828482,570.3526670948579
0.0,7,26,8.782602756857141,608.4578018101153
0.0,7,27,9.052365637233859,600.5583259270154
0.0,7,28,8.766791043932463,608.402883791716
0.0,7,29,8.842937838201436,606.0834309278732
0.0,8,0,8.357197440772401,626.7014261323746
0.0,8,1,10.963128781501222,584.807187237114
0.0,8,2,8.22900694749778,633.7874849132999
0.0,8,3,8.222323028337543,634.3281916694725
0.0,8,4,8.1626956631682,638.0723617687217
0.0,8,5,8.154004372211222,638.6950085364667
0.0,8,6,8.013006725491183,648.5881729331745
0.0,8,7,7.935440693330959,654.7715756931433
0.0,8,9,7.920937167808779,655.8727357246294
0.0,8,10,8.138960945352647,639.6322839780146
0.0,8,11,8.034544433368383,646.6665387572233
0.0,8,12,8.199540278540521,635.760480571146
0.0,8,13,8.201765170551399,635.5433682437368
0.0,8,14,8.135834922103557,638.9846775338868
0.0,8,15,8.080408329265564,641.3368814435745
0.0,8,16,8.435759671538563,622.7801292506798
0.0,8,17,8.345598500630903,627.0829795386182
0.0,8,18,13.376922279635572,567.7641413136184
0.0,8,19,8.413126409565951,623.5084725164667
0.0,8,20,8.56742935950887,616.9118635205589
0.0,8,21,8.704277855684763,611.5095316177668
0.0,8,22,8.680010077455961,612.4673128149473
0.0,8,23,8.696191173528547,611.8302618149936
0.0,8,24,8.851378191204368,606.4801303566749
0.0,8,25,8.806488587460167,607.9766666862536
0.0,8,26,8.864967680936504,606.0831494576765
0.0,8,27,9.014421962500878,601.5825864908255
0.0,8,28,8.849700374916425,606.3260771580558
0.0,8,29,9.029168769264658,601.2314446140738
0.0,9,0,8.245020183625826,631.8424269928101
0.0,9,1,8.411659101005784,623.9830672420735
0.0,9,2,8.188131296094717,635.6572171093579
0.0,9,3,14.919598216307651,591.9494379220225
0.0,9,4,8.068624978793325,643.4132953441424
0.0,9,5,8.112258520748366,641.237130352721
0.0,9,6,8.168721011120464,637.7129711024169
0.0,9,7,8.036534395798848,646.9152539719771
0.0,9,8,7.924026150984967,655.6382089672317
0.0,9,10,8.034010777730732,647.2877789379855
0.0,9,11,15.050466188733882,590.3432979034562
0.0,9,12,8.097440158785739,642.4695235839571
0.0,9,13,8.15626277661179,638.4760047251108
0.0,9,14,8.279412569042414,630.9536244737203
0.0,9,15,8.194715082950445,635.7003061127693
0.0,9,16,8.256559047541987,632.0493823940174
0.0,9,17,8.325680408433676,628.2745438942413
0.0,9,18,8.53751350075499,618.0014062337503
0.0,9,19,8.445096236176463,622.3116487914314
0.0,9,20,8.501685471188692,619.7263779042736
0.0,9,21,8.387600446018784,624.2217590856508
0.0,9,22,8.490811184462242,619.7784910724005
0.0,9,23,8.537819341279402,617.7220833619264
0.0,9,24,8.70652596714,611.4654945805088
0.0,9,25,8.769954129830392,609.2276898103837
0.0,9,26,8.627451215297647,613.7582581024068
0.0,9,27,13.027447944338487,564.8919779031414
0.0,9,28,8.844786657752975,606.6135727831671
0.0,9,29,8.90562296114645,604.7345485365105
0.0,10,0,8.480823095653067,620.7066119955006
0.0,10,1,8.412517618964461,623.916312637905
0.0,10,2,8.245526251736802,632.2752989853979
0.0,10,3,8.22261292302356,633.8391826417026
0.0,10,4,8.12326741790363,639.6857006125491
0.0,10,5,12.201761428236317,576.1370364702136
0.0,10,6,8.179513484302207,637.0170975443294
0.0,10,7,8.03207334076976,646.8314341147719
0.0,10,8,8.084677662083333,643.4920598363874
0.0,10,9,8.052798527231992,645.8613451511989
0.0,10,11,8.012818396305766,648.8967810638129
0.0,10,12,8.145653065448501,639.1564453398253
0.0,10,13,8.14353236859052,639.3938025769033
0.0,10,14,7.9984026147231955,648.3812225277279
0.0,10,15,8.089553107499025,642.1762320269959
0.0,10,16,8.32303247254512,628.5426835595113
0.0,10,17,8.212802339937024,634.356442985477
0.0,10,18,8.232222896969187,632.9393127622164
0.0,10,19,8.405312441498797,624.2572674735702
0.0,10,20,8.472081818116862,621.0993157566089
0.0,10,21,8.362955172107572,625.6511371224528
0.0,10,22,8.41900455178465,622.9452083407883
0.0,10,23,8.612224403696423,615.0753635005209
0.0,10,24,8.50588410176318,618.9022752684666
0.0,10,25,8.755112817913862,609.7506184198985
0.0,10,26,8.84449512468886,606.7123913635083
0.0,10,27,8.705934056004466,611.2238391000212
0.0,10,28,8.79246632379326,608.325842241875
0.0,10,29,8.804402796396039,607.811263636616
0.0,11,0,8.524684397151173,618.7441620544774
0.0,11,1,8.190428101284624,633.7526691677153
0.0,11,2,8.273930967540197,630.4743452730395
0.0,11,3,8.381810574692464,625.4729044324658
0.0,11,4,8.302742907182582,629.6143508669601
0.0,11,5,8.191376422945686,635.8865386119123
0.0,11,6,8.083717886590566,642.5211523891942
0.0,11,7,8.146044198855984,639.1171876372103
0.0,11,8,8.113158986620142,641.4206103471801
0.0,11,9,8.037047624953393,646.8787611627507
0.0,11,10,7.946477996768138,653.9335837592635
0.0,11,12,8.072153773183864,644.391824984589
0.0,11,13,7.961552548071845,652.2467871483515
0.0,11,14,8.152028571202775,638.8268532167973
0.0,11,15,8.02413643436062,646.7665080528888
0.0,11,16,15.77027998794076,576.858908717242
0.0,11,17,8.131790231840402,639.2102928331066
0.0,11,18,8.20281472815107,634.8830371196198
0.0,11,19,12.754686124720102,564.2731814484413
0.0,11,20,8.408893753344119,624.0877968952941
0.0,11,21,14.79936462986096,592.2542992341055
0.0,11,22,8.268554456083868,629.6827114516996
0.0,11,23,8.499572477698477,619.670189252389
0.0,11,24,8.61288177804243,615.0498990953165
0.0,11,25,8.680916356472164,612.4338205607418
0.0,11,26,8.558320271831466,616.6964245482521
0.0,11,27,8.75305860850969,609.7978093616159
0.0,11,28,8.521920462119448,617.1661259086959
0.0,11,29,8.703228438695495,611.0862479621496
0.0,12,0,8.498314690764147,619.7213172437373
0.0,12,1,8.38316009992546,624.7882446387302
0.0,12,2,8.424922717754484,623.2179484171196
0.0,12,3,8.419723679851217,623.5753159980378
0.0,12,4,8.302742233359883,629.4194629413641
0.0,12,5,8.224370973577045,633.7464899010522
0.0,12,6,8.288573836473667,630.4648073767011
0.0,12,7,8.092555460481359,641.9987627084629
0.0,12,8,10.415687288217626,587.2866324994337
0.0,12,9,8.16238645412132,638.1356744207252
0.0,12,10,8.061871298095994,645.1136908033071
0.0,12,11,8.062272842954236,645.1420208887594
0.0,12,13,7.99760658924448,650.0517163874313
0.0,12,14,7.948125955162717,653.2014758858352
0.0,12,15,8.117498215246702,641.1310547650623
0.0,12,16,8.090408845125214,642.6081272741393
0.0,12,17,8.202531739933324,635.4980562678902
0.0,12,18,8.289956443153228,630.3876847296212
0.0,12,19,8.255082958646797,632.1272087823812
0.0,12,20,8.45481707604131,621.8289121057358
0.0,12,21,8.358371109798588,626.4785693238056
0.0,12,22,8.428681810699977,623.0490703633184
0.0,12,23,8.438260529717585,622.4350688617095
0.0,12,24,8.616498489328507,614.9172442600068
0.0,12,25,8.460384266803567,620.9571244722102
0.0,12,26,8.534053466954257,617.8612542110233
0.0,12,27,8.704607798250102,611.5331964802804
0.0,12,28,8.768509382818241,609.2764411038524
0.0,12,29,8.671032871151096,612.3508908899606
0.0,13,0,8.545034251374918,617.6780772736608
0.0,13,1,8.533129801249428,618.3061119978436
0.0,13,2,8.507124030471129,619.4941131830435
0.0,13,3,8.425616202557826,623.186793464149
0.0,13,4,8.377965441649556,625.551349664324
0.0,13,5,8.341736869761194,627.4731135998031
0.0,13,6,8.318351311189126,628.7914019809475
0.0,13,7,8.209385556617619,634.8819781096918
0.0,13,8,8.209451424488329,635.0890331751142
0.0,13,9,8.048106753221154,645.2624475839826
0.0,13,10,8.039167069683332,646.3580714547859
0.0,13,11,7.9951115575626925,649.860596651711
0.0,13,12,7.998993444108292,649.9464213580836
0.0,13,14,8.073331262494031,644.3024257441164
0.0,13,15,8.135660992022473,639.8669249103689
0.0,13,16,8.05107057544105,645.5637536541931
0.0,13,17,8.131165707199001,640.0507651698423
0.0,13,18,8.199138348080925,635.6986399244769
0.0,13,19,8.208635806659975,634.9237996213596
0.0,13,20,8.247108681643429,632.5476503838368
0.0,13,21,8.185345540744423,635.2791143309041
0.0,13,22,8.405543176494898,624.2463489066018
0.0,13,23,8.33214868287638,627.3858417575302
0.0,13,24,8.468065793807913,621.1621745167895
0.0,13,25,11.935753775169553,569.2828898342677
0.0,13,26,8.678476507183754,612.5089864900795
0.0,13,27,8.612703403500301,614.9546839153975
0.0,13,28,8.584237712606797,615.7816667357629
0.0,13,29,8.704505444459434,611.4361789374229
0.0,14,0,8.451041026688758,620.9290442645073
0.0,14,1,8.629661311462895,614.3999180901933
0.0,14,2,8.457634715311345,621.3749243660807
0.0,14,3,8.502899692990596,619.6745220958353
0.0,14,4,8.399074504849978,624.379184904977
0.0,14,5,8.33591662678156,627.5411336539007
0.0,14,6,8.271442604240757,630.981729400273
0.0,14,7,8.22846595586596,633.530583065767
0.0,14,8,8.31097980134282,629.214988938362
0.0,14,9,8.140747563309542,639.1501237583087
0.0,14,10,8.237098952182974,633.4037945120727
0.0,14,11,8.128651795519367,640.3867792943528
0.0,14,12,8.07319186001732,644.3087499637791
0.0,14,13,7.99826237927732,650.0019264400073
0.0,14,15,8.039025907775757,646.9070121547753
0.0,14,16,8.023013367698143,647.8766574593926
0.0,14,17,8.179964677301797,636.9626842227751
0.0,14,18,8.117033469961791,640.9375176360637
0.0,14,19,8.240223345403312,633.2701025340917
0.0,14,20,8.183002356743435,636.3536491516533
0.0,14,21,8.263391607695015,631.6891375051621
0.0,14,22,8.221156452976565,633.4916750347297
0.0,14,23,8.205256460266114,633.724078600721
0.0,14,24,11.211962549390645,586.9934977051647
0.0,14,25,8.487060796809855,620.3509543299916
0.0,14,26,8.654515087349022,613.3719012121251
0.0,14,27,8.584094440999438,616.1650208211208
0.0,14,28,8.546982378518871,617.3834561102393
0.0,14,29,8.67204416313486,612.6825321682805
0.0,15,0,8.709070862187957,611.3756723389046
0.0,15,1,8.615525433463272,614.8503935774271
0.0,15,2,8.64882579376397,613.6575524262278
0.0,15,3,8.513632656054055,619.0986547120799
0.0,15,4,8.41618033010077,623.3780486367511
0.0,15,5,8.531164252623284,618.4450247619561
0.0,15,6,8.462647529461659,621.5441246554522
0.0,15,7,13.354367297493567,580.7816991506418
0.0,15,8,8.336646751231365,627.8267798456187
0.0,15,9,8.276015029939844,631.1653452942229
0.0,15,10,9.751793508210168,595.4512347128031
0.0,15,11,8.108786690391982,641.454976549268
0.0,15,12,8.128429382954272,640.4016208261777
0.0,15,13,8.116052365371345,641.2611829435164
0.0,15,14,8.01294339032751,648.8872910663147
0.0,15,16,8.006273804104575,649.393670136977
0.0,15,17,8.008949309309285,648.8766727453277
0.0,15,18,8.06818084040536,644.4219901846204
0.0,15,19,8.112397074106017,641.2284365748332
0.0,15,20,8.230263373485744,633.8588372495694
0.0,15,21,8.39167342825905,624.7138490247133
0.0,15,22,8.298679956591396,629.8285688396328
0.0,15,23,8.412353265654916,623.9484192229493
0.0,15,24,8.340741777379893,627.3128036180126
0.0,15,25,8.499452837839856,619.869666847045
0.0,15,26,8.459227858168074,621.5396165103456
0.0,15,27,8.468051190257079,620.9515033347686
0.0,15,28,8.363603390255996,624.7060804079194
0.0,15,29,8.496512721042437,619.2486020174522
0.0,16,0,8.919911645629938,604.1675493158268
0.0,16,1,8.63410439557413,614.0216188119449
0.0,16,2,8.557328938806076,617.0010908329948
0.0,16,3,8.635743466970878,614.1643164526906
0.0,16,4,12.145129768534396,594.5032259137589
0.0,16,5,8.54772080829698,617.7603453237856
0.0,16,6,8.37679568201751,625.3800657811578
0.0,16,7,8.306522990089746,628.9320643583311
0.0,16,8,8.467442001615447,621.1987609401858
0.0,16,9,8.328132387502189,628.2756973738357
0.0,16,10,8.248167807206334,632.7186804276181
0.0,16,11,8.17850248501822,636.9184273967119
0.0,16,12,7.9973592125220465,648.4466926623994
0.0,16,13,8.074011006118345,644.0329447638436
0.0,16,14,8.01809703398472,648.2262300172025
0.0,16,15,7.951060239177074,653.5856833685907
0.0,16,17,7.955119787549426,653.2774677966813
0.0,16,18,8.004252614112284,649.210628056129
0.0,16,19,10.339351353992878,578.0067460837195
0.0,16,20,8.001273043538006,648.2011123450354
0.0,16,21,8.282468092460634,630.7730122465825
0.0,16,22,8.118051976060421,639.9766211516909
0.0,16,23,8.25352989260461,632.2090937700319
0.0,16,24,14.864414636378015,584.5716855379892
0.0,16,25,8.359874430767881,626.4074309574739
0.0,16,26,8.528591051074514,618.5606263913639
0.0,16,27,8.338987809776096,626.6747120145233
0.0,16,28,8.582810371448446,616.2866381951002
0.0,16,29,8.691018016607604,612.0231718552617
0.0,17,0,17.612437732167308,588.8438510523617
0.0,17,1,8.823975790915604,607.4047922158015
0.0,17,2,8.580489507802989,615.9139598760005
0.0,17,3,8.628997269942076,614.3525312592053
0.0,17,4,8.554365708325312,617.3166089529457
0.0,17,5,8.543324745553996,617.8916960025958
0.0,17,6,8.60556359019924,615.2900518294988
0.0,17,7,8.411627816430636,623.8152246998844
0.0,17,8,8.425567830772447,623.2987660412259
0.0,17,9,8.427758352825105,623.1795011347842
0.0,17,10,8.187541502258366,635.6883138300989
0.0,17,11,8.20775252437477,634.9730696480134
0.0,17,12,8.14758059879646,638.7462224986934
0.0,17,13,10.473786410565264,578.4400588413251
0.0,17,14,8.092720581691026,642.7844597190675
0.0,17,15,8.022468286863731,647.9154150606064
0.0,17,16,7.901750051362454,657.3294908920437
0.0,17,18,8.002808378822342,649.6567777384399
0.0,17,19,8.114926270741053,641.3412531346779
0.0,17,20,8.040756968559528,646.2519779219891
0.0,17,21,8.089133607265701,642.6881443512631
0.0,17,22,8.203703949938864,635.4287668432007
0.0,17,23,8.3708553201121,625.8750958429307
0.0,17,24,8.219609459000793,633.9975394711821
0.0,17,25,8.317589412434227,628.678391863845
0.0,17,26,8.44419218066575,622.4174467139082
0.0,17,27,11.573051854012025,592.6268667497093
0.0,17,28,14.71964679330878,566.3505873029538
0.0,17,29,8.348603057906825,625.8069704339109
0.0,18,0,8.721831642199014,610.5107929375232
0.0,18,1,8.669252522697269,612.4083830616457
0.0,18,2,8.822258818785315,607.4627294266055
0.0,18,3,8.776031363764272,609.0122969394539
0.0,18,4,8.605366846054835,615.2258121690187
0.0,18,5,8.471573745319683,620.5236828317032
0.0,18,6,8.603154886133744,615.4596506168195
0.0,18,7,8.42013771136762,623.2090406313196
0.0,18,8,8.482282038610698,620.6410686713891
0.0,18,9,15.692575780181805,591.4081947192356
0.0,18,10,8.235733685841408,632.7640778519717
0.0,18,11,8.240568272193176,632.892491705787
0.0,18,12,8.293498312185056,630.1901171065347
0.0,18,13,15.46163295345368,592.8634697532029
0.0,18,14,8.121649521859775,640.6478752152611
0.0,18,15,13.93286670065671,569.2829296348749
0.0,18,16,8.061085626097947,645.1695554752287
0.0,18,17,8.070295401478162,644.5329192752725
0.0,18,19,8.070196008038888,644.5404655841031
0.0,18,20,9.856357221908768,565.3753263435905
0.0,18,21,8.14312522739481,639.4209710015414
0.0,18,22,13.388482351838121,560.7355720928905
0.0,18,23,8.211330192852342,634.9779790308464
0.0,18,24,8.311785201919797,629.1700632010758
0.0,18,25,8.271244974896216,631.2750708403727
0.0,18,26,15.184161397274348,561.7823857778018
0.0,18,27,8.295200581198316,629.4678499210476
0.0,18,28,8.437839725716469,622.637649074383
0.0,18,29,8.601350189025778,615.4699936850827
0.0,19,0,8.85114407071093,606.4250267874279
0.0,19,1,8.621664228279755,613.609283024608
0.0,19,2,8.85202548512644,606.5061595318781
0.0,19,3,8.720275234265584,610.9040458758468
0.0,19,4,8.717717076561609,611.0705036220039
0.0,19,5,8.629986088565373,614.3159886888683
0.0,19,6,8.442422110420061,621.6529161946481
0.0,19,7,8.432243473312752,622.4070572065425
0.0,19,8,8.646914946355082,613.5240581699214
0.0,19,9,8.484860317562823,620.5252389385505
0.0,19,10,8.559906495094408,616.941751597701
0.0,19,11,8.219583742362042,633.5701741451597
0.0,19,12,8.353485885201469,626.9389410546506
0.0,19,13,8.225980988936335,633.9562747344849
0.0,19,14,8.046091102092934,644.7452745502701
0.0,19,15,8.113438454134643,641.1630933249883
0.0,19,16,8.173754352711278,637.3770975452125
0.0,19,17,8.106628489286843,641.9312612293636
0.0,19,18,8.030428261548309,647.559776503419
0.0,19,20,8.059964842754516,645.3172525983672
0.0,19,21,8.022518919642447,647.9118148513861
0.0,19,22,10.65491569579114,564.3915987758679
0.0,19,23,8.142489555182745,639.3402301032314
0.0,19,24,8.299317183281028,629.7770611764086
0.0,19,25,8.16882378826556,637.1445383821053
0.0,19,26,8.345715192727408,627.3486487167788
0.0,19,27,8.350491727764968,627.0361301147991
0.0,19,28,8.48501539586835,620.4856590935394
0.0,19,29,8.259843322891177,630.6341755047287
0.0,20,0,9.053440159080214,600.5277455767806
0.0,20,1,8.91729001091004,604.4632929435778
0.0,20,2,8.772245754369553,608.9513274317499
0.0,20,3,8.703159463645777,611.3134380433623
0.0,20,4,8.668569401766234,612.6487985508944
0.0,20,5,8.43894267918564,620.909864696744
0.0,20,6,8.525017411683681,618.1951887441263
0.0,20,7,8.621672825313661,614.7093643737448
0.0,20,8,8.50032829909033,619.6394657422867
0.0,20,9,8.449298747967203,621.9636593299788
0.0,20,10,8.399867565343223,624.3435564928606
0.0,20,11,8.328953329638917,627.8706425166972
0.0,20,12,11.657328196989672,565.3381988774577
0.0,20,13,8.234055075600226,633.2358982371852
0.0,20,14,8.126628066960006,639.4982415506441
0.0,20,15,8.1915141697814,636.1493056973397
0.0,20,16,8.230850544378123,633.7958620197084
0.0,20,17,7.993177355345385,649.4269529663629
0.0,20,18,8.076420605366645,644.0791722263689
0.0,20,19,8.06945613816019,644.5966391770462
0.0,20,21,7.961832098904822,652.7678448796777
0.0,20,22,7.869557609344396,658.7880245645014
0.0,20,23,8.00860722138132,648.3973220742067
0.0,20,24,8.076855940986201,643.458528450401
0.0,20,25,8.21228435623879,634.9215783587874
0.0,20,26,8.114572122099627,640.1707295361467
0.0,20,27,12.503983335910174,572.8748127073986
0.0,20,28,8.238759389391197,632.6130551305062
0.0,20,29,8.487057861648424,620.3890079579197
0.0,21,0,8.841013486146583,606.3741988898986
0.0,21,1,8.817529372189597,607.2416476828695
0.0,21,2,8.79535222644962,608.0796823682355
0.0,21,3,8.73457486792642,610.116605276597
0.0,21,4,8.853077895760922,606.4721744023093
0.0,21,5,8.687319282184484,612.016105826781
0.0,21,6,8.611007450566975,614.8368270369036
0.0,21,7,8.65306096710436,613.4632383945648
0.0,21,8,8.49869981663661,619.4729127859692
0.0,21,9,8.420064882609537,622.90210677584
0.0,21,10,8.44912365880272,621.9711368683979
0.0,21,11,8.41964605491144,623.4550036228354
0.0,21,12,8.442267696774138,622.5085148509711
0.0,21,13,8.206406026750514,634.2279168623843
0.0,21,14,8.33301932089764,628.0180351303343
0.0,21,15,8.35025339717589,627.0242837177346
0.0,21,16,8.153280867658466,638.4092791624676
0.0,21,17,8.222189430589117,634.3393190735146
0.0,21,18,8.057102097966798,645.1612717463929
0.0,21,19,8.115294956665796,641.3150379732887
0.0,21,20,7.998459418607424,649.986966502535
0.0,21,22,12.212558886775842,564.8416512567775
0.0,21,23,8.059056535755387,645.3138325610455
0.0,21,24,7.968334075620078,651.0847384719586
0.0,21,25,8.080139110329862,643.2525201260538
0.0,21,26,8.276815126287863,631.1071595171647
0.0,21,27,8.147817533500815,638.3162801338551
0.0,21,28,8.177555641633269,636.2148156347583
0.0,21,29,8.253483487046045,631.878127447615
0.0,22,0,8.83993786559883,606.1622436452518
0.0,22,1,8.81402118059826,607.1119660812981
0.0,22,2,14.562078503774853,561.4109821284785
0.0,22,3,8.833091568962978,606.9604217570741
0.0,22,4,8.833098557527533,607.0689607021036
0.0,22,5,8.68655677797675,611.8495827811325
0.0,22,6,8.642474031260239,613.5293562229377
0.0,22,7,8.57442638317567,616.127958266853
0.0,22,8,8.587423551234435,615.8889207488978
0.0,22,9,8.556933863141133,617.2171275307469
0.0,22,10,8.300584727700198,627.7588755653396
0.0,22,11,8.551937727338093,617.5802532305181
0.0,22,12,13.881289914436813,556.9693155901057
0.0,22,13,8.295901446778405,629.4346843939219
0.0,22,14,8.366935204415217,626.2153826247646
0.0,22,15,8.360215875252825,626.5841041467056
0.0,22,16,8.316120263937755,628.9282507875945
0.0,22,17,8.22580338777784,634.1224673519944
0.0,22,18,8.172908884314555,637.4315149666492
0.0,22,19,8.113516999652223,641.3967202319473
0.0,22,20,8.069415033815853,644.5772986166187
0.0,22,21,7.96567225089536,652.4762866733405
0.0,22,23,7.992584184584345,650.43303548569
0.0,22,24,8.080081078659465,643.8188967677945
0.0,22,25,8.067461531790514,644.4699894588276
0.0,22,26,8.172776788440892,637.4398035581711
0.0,22,27,8.171742590581498,637.3180052831558
0.0,22,28,8.325663531464444,628.395921482139
0.0,22,29,8.37404416203361,625.8550114606797
0.0,23,0,9.067057775684994,600.1455652238258
0.0,23,1,9.083369180365526,599.7670241038632
0.0,23,2,9.076883488147773,599.927282060201
0.0,23,3,9.00052183178563,602.0337745030397
0.0,23,4,8.739648174275771,609.7317342411105
0.0,23,5,8.654453037731223,612.5950230264955
0.0,23,6,8.807787350980862,607.9347261688512
0.0,23,7,8.715070159518097,611.0796850184835
0.0,23,8,8.696638118217534,611.814486872184
0.0,23,9,8.547286960397557,617.3722000472334
0.0,23,10,8.56102800949633,617.0585344819184
0.0,23,11,8.55801537232051,617.2945342594434
0.0,23,12,8.414573326714551,623.4466789805853
0.0,23,13,8.471854104982022,621.1095458178482
0.0,23,14,8.304026252684931,629.0502119953067
0.0,23,15,8.29693518743833,629.7093115218076
0.0,23,16,8.215918653370627,634.1921362012873
0.0,23,17,8.302103208154879,629.7101307410342
0.0,23,18,8.27794228147835,631.0405332861009
0.0,23,19,7.995561663783155,648.5594830685191
0.0,23,20,8.031565529684341,646.8653202146063
0.0,23,21,8.05033576494812,645.9339170253786
0.0,23,22,7.977947630426147,651.5442955316037
0.0,23,24,7.996934957265366,650.1027091126233
0.0,23,25,8.06911879248516,644.5983626545249
0.0,23,26,8.011188075206377,648.2251023789593
0.0,23,27,8.323451994543207,627.9854186389987
0.0,23,28,8.182598752575077,636.6762967025123
0.0,23,29,8.124158011422296,639.6360227608167
0.0,24,0,9.173937285918974,597.4515478218402
0.0,24,1,13.326984441410207,570.7153893461256
0.0,24,2,14.23255692998267,558.3528960255968
0.0,24,3,8.895452004523483,604.886258086362
0.0,24,4,8.926573359868005,604.1383107469885
0.0,24,5,8.933955397152282,603.9690365747996
0.0,24,6,8.852074479685553,606.4819763286494
0.0,24,7,8.75407295029605,609.6693065761262
0.0,24,8,8.610260117994903,614.6163769443264
0.0,24,9,8.627001576167958,614.2723132998312
0.0,24,10,8.556020668116874,617.0494390058079
0.0,24,11,8.455369336499182,621.1513855018936
0.0,24,12,8.613583548454523,615.035734178862
0.0,24,13,8.521227352971344,618.891802148298
0.0,24,14,8.643146821020304,613.4141839488208
0.0,24,15,8.20079080966066,633.9353968056614
0.0,24,16,8.337644127509238,627.6773956991485
0.0,24,17,8.372670205641604,625.9274529403951
0.0,24,18,8.281327050726059,630.8690375225102
0.0,24,19,8.334136493195489,627.7188890565188
0.0,24,20,8.168539572263343,637.7056752550784
0.0,24,21,8.036786172662309,646.5169480852232
0.0,24,22,8.009898859137351,648.8091556519989
0.0,24,23,7.943460063446223,654.1627161551559
0.0,24,25,7.968603625643193,652.253726116965
0.0,24,26,8.108791986778733,641.7774272148031
0.0,24,27,8.1840164017672,636.6923137175245
0.0,24,28,8.175664750753617,637.2585932048365
0.0,24,29,8.145960158976859,638.8420068225887
0.0,25,0,8.988105974239915,601.7683414429763
0.0,25,1,9.009684171115515,601.4471407911936
0.0,25,2,18.316263101030145,574.0778839110903
0.0,25,3,9.05852101556117,600.4198138621438
0.0,25,4,9.04028253455959,600.92767762415
0.0,25,5,8.91085568249078,604.5856279241158
0.0,25,6,16.025335706333586,557.4821496332235
0.0,25,7,8.663602460780718,612.3120028754087
0.0,25,8,8.648440352309006,613.0804632213069
0.0,25,9,8.723250609151314,610.8036453399651
0.0,25,10,8.656615205793809,613.2270982536684
0.0,25,11,8.598189140067408,615.4910699420059
0.0,25,12,8.57191701926015,616.6367319601361
0.0,25,13,8.433483584719205,622.3566477106816
0.0,25,14,8.47766664777272,620.7521505464877
0.0,25,15,8.341910238826742,626.9473017706575
0.0,25,16,8.337576205150645,627.4626010608033
0.0,25,17,8.278002514413927,630.6543029123106
0.0,25,18,8.319264021718997,628.7432795647484
0.0,25,19,15.986805190383183,576.4132216170245
0.0,25,20,8.162085917521845,637.888811979529
0.0,25,21,8.067941354428548,644.0178901057891
0.0,25,22,8.12358744017931,640.7247223908668
0.0,25,23,8.15838508563648,638.2511437222709
0.0,25,24,7.936933454426059,654.658239880277
0.0,25,26,7.9439050611314475,654.1289303239575
0.0,25,27,8.021611793077248,647.9763154675236
0.0,25,28,8.182237219600765,636.8110380743703
0.0,25,29,8.071723227642904,643.780589716369
0.0,26,0,9.189441571949137,596.9857754005787
0.0,26,1,9.169518646391648,597.5172596000517
0.0,26,2,8.93495964844918,603.2648766542923
0.0,26,3,8.973453957260551,602.5109742170637
0.0,26,4,8.878353873196453,605.1530111119358
0.0,26,5,8.816460770391851,607.0452859932648
0.0,26,6,8.83898781151852,606.6309513136923
0.0,26,7,11.958642420302887,555.7003777361672
0.0,26,8,8.795784259524954,608.2232081558785
0.0,26,9,8.783611258669442,608.7154362859375
0.0,26,10,8.52354980058152,617.542314908155
0.0,26,11,8.620083035083038,614.5165036719949
0.0,26,12,8.69544671044169,611.8968398956903
0.0,26,13,8.470350741647001,620.571057757842
0.0,26,14,8.477872487008831,620.552275801355
0.0,26,15,8.479147102251165,620.6889247308126
0.0,26,16,8.345993879377396,626.7638433463467
0.0,26,17,8.36114357428241,626.3473740580437
0.0,26,18,8.296805717768326,629.7157737748306
0.0,26,19,10.347407412667728,555.8025254523567
0.0,26,20,8.15930090632339,637.6757305671755
0.0,26,21,8.173405136489587,637.2197320650916
0.0,26,22,8.103765812327127,641.7700205109477
0.0,26,23,12.439692824995213,580.2243270169405
0.0,26,24,8.003891171593171,649.236328180098
0.0,26,25,8.092215155698991,642.8686923801592
0.0,26,27,14.434796902701947,584.6160486911892
0.0,26,28,8.028333665536985,647.4983613077793
0.0,26,29,7.992903798124038,649.4452073676141
0.0,27,0,9.160653022804699,597.5121582064658
0.0,27,1,9.244109476691452,595.750890684571
0.0,27,2,9.204752377193993,596.6916200705978
0.0,27,3,9.180848336629463,597.2834307930538
0.0,27,4,9.053006666859506,600.5006428236526
0.0,27,5,8.953418144825077,603.1809866941259
0.0,27,6,9.038531143279773,600.9755475263056
0.0,27,7,8.950903839414543,603.4458775606018
0.0,27,8,8.639080307667367,612.714341895271
0.0,27,9,8.833103675159416,607.0688023978105
0.0,27,10,19.30812459586731,577.2395818789105
0.0,27,11,8.73116354403642,610.5366326328699
0.0,27,12,8.578548677978038,615.9824615949965
0.0,27,13,8.503786580875845,618.9797908034221
0.0,27,14,8.466235256656383,620.7304773914958
0.0,27,15,8.523171581196262,618.7109053494247
0.0,27,16,8.455659341300986,621.6920172717045
0.0,27,17,8.314197186610334,628.192316563072
0.0,27,18,8.35959712810265,626.4205531442769
0.0,27,19,8.35689443695643,626.7165500399715
0.0,27,20,8.213052108795917,634.343273989845
0.0,27,21,8.119008066513876,639.9232898408358
0.0,27,22,8.130078703282209,639.780760905145
0.0,27,23,8.048734144208916,645.2230808159086
0.0,27,24,8.201293294052618,635.5394312507491
0.0,27,25,8.075214885030654,644.1649041490626
0.0,27,26,8.010490613962705,649.0735147051787
0.0,27,28,8.102498446972266,642.0879477725849
0.0,27,29,8.066726786012065,644.7684446444465
0.0,28,0,9.272476374622494,595.0052627659516
0.0,28,1,9.137581465051682,598.01487133807
0.0,28,2,9.276321887336403,595.0232495986593
0.0,28,3,9.324687752766097,593.8811488318936
0.0,28,4,8.972284457920232,602.3569197702877
0.0,28,5,9.033109973107143,601.003440883921
0.0,28,6,8.94924392358718,603.2906482685058
0.0,28,7,8.80628574233311,607.3233949476803
0.0,28,8,8.829819650913201,606.8918725441638
0.0,28,9,8.845363736081286,606.5964579899721
0.0,28,10,8.892307328652873,605.2374490036163
0.0,28,11,8.752677282788794,609.7143763801694
0.0,28,12,8.578679417057254,615.6820306583736
0.0,28,13,8.724600677155289,610.8275464768248
0.0,28,14,8.622942265882173,614.5762986989935
0.0,28,15,8.527844225183848,618.3439593468856
0.0,28,16,8.545784156602013,617.7917229917839
0.0,28,17,8.501217625392272,619.7463582093214
0.0,28,18,8.42752939198581,623.1008430202955
0.0,28,19,8.269141555669611,630.7009841233732
0.0,28,20,8.329726312270695,628.072599652778
0.0,28,21,8.29769989983418,629.8802420674813
0.0,28,22,8.301301328816407,629.7548600614807
0.0,28,23,8.305189906267461,629.4299240634616
0.0,28,24,9.679404443594587,557.2851340682457
0.0,28,25,8.071503373654554,644.2002784169603
0.0,28,26,7.908383321742594,656.027348747322
0.0,28,27,13.573735100939466,574.4381101923775
0.0,28,29,7.913260015626831,656.4556128413324
0.0,29,0,9.237465112313183,595.6139899061385
0.0,29,1,9.252090947230649,595.4339982954896
0.0,29,2,9.178150620216746,597.1308977781615
0.0,29,3,9.315077852672074,594.1477971833393
0.0,29,4,9.03330488384223,600.7091857530712
0.0,29,5,9.319377073201755,593.9136046161561
0.0,29,6,9.017801310899507,601.3902974018483
0.0,29,7,9.029552754390103,601.1808432724265
0.0,29,8,15.182927516774548,560.3771643908161
0.0,29,9,8.786323544019623,608.1297498262012
0.0,29,10,8.869963406327683,605.8668893191717
0.0,29,11,8.76425101441568,609.1986296383923
0.0,29,12,8.736991388407086,610.2209154966486
0.0,29,13,8.525482449344153,617.4770999423469
0.0,29,14,8.498123939037615,618.8210581563203
0.0,29,15,8.528258062055842,618.0754279595169
0.0,29,16,8.579709549433744,616.3348763323444
0.0,29,17,8.47972003306117,620.4771745930333
0.0,29,18,17.252690982403788,576.1618121168411
0.0,29,19,8.434981941301462,622.7660356498649
0.0,29,20,8.504229902988898,619.576413048054
0.0,29,21,8.366254892640615,626.2493392017903
0.0,29,22,8.304651026618451,629.5137457850138
0.0,29,23,8.15931649746896,637.6748608835298
0.0,29,24,8.30037909483833,629.7142915015816
0.0,29,25,8.121217574545078,640.6749785209979
0.0,29,26,8.12261528268132,640.789594204377
0.0,29,27,10.095973940558785,570.7554875267526
0.0,29,28,7.988076138760825,650.775302603666
5.0,0,1,8.086289586241332,643.2119830112745
5.0,0,2,8.162281205800333,637.5747787264891
5.0,0,3,8.277319431054137,629.623004518342
5.0,0,4,12.13275322941417,569.6450619693517
5.0,0,5,8.581980247340297,610.9939984636057
5.0,0,6,8.538944540682298,613.6795149832675
5.0,0,7,8.571266932187202,611.8291330555426
5.0,0,8,8.825218745256414,598.8558156414886
5.0,0,9,8.892016111708594,595.8443795476538
5.0,0,10,8.778852644359763,601.0098785306325
5.0,0,11,24.694505422124585,484.78522398146174
5.0,0,12,9.140196009343628,585.4108396410103
5.0,0,13,8.932321051387767,593.4843974814964
5.0,0,14,15.081391956930922,537.9477288004541
5.0,0,15,9.16938854372027,583.9786772065673
5.0,0,16,9.384008261437632,576.3784422151308
5.0,0,17,9.636346375422763,568.0750220861972
5.0,0,18,9.4851043274428,572.8286124605813
5.0,0,19,9.77368219162929,564.0324386906385
5.0,0,20,9.943061748494475,559.2262231979121
5.0,0,21,16.26889125937874,512.6820866992631
5.0,0,22,15.56935238250822,522.0767991540865
5.0,0,23,10.158275542727441,553.8006931660524
5.0,0,24,26.927067758779877,480.22196823680997
5.0,0,25,10.245828724154446,551.7325843596095
5.0,0,26,10.19194025016402,552.9006752994975
5.0,0,27,10.471529037025626,546.6467064696245
5.0,0,28,10.259319344718362,551.099699915732
5.0,0,29,10.421691125274162,547.5743990178687
5.0,1,0,8.162019271204182,637.462311860588
5.0,1,2,7.972716592889737,651.8348547912257
5.0,1,3,12.778421327519847,571.72664665386
5.0,1,4,8.316000350861035,627.0418369386981
5.0,1,5,8.209534368672438,633.7237967590922
5.0,1,6,8.402660296560445,621.5936147150987
5.0,1,7,8.389616608897805,622.0091184434709
5.0,1,8,8.608029068090476,609.8908593680885
5.0,1,9,8.624365424248413,608.8810592434811
5.0,1,10,8.728608824212442,603.5769447926132
5.0,1,11,8.994226383194938,591.3341672934325
5.0,1,12,8.931438265322218,594.1174493954383
5.0,1,13,9.003079905826915,590.9844950535186
5.0,1,14,19.494180286799978,486.06895369953304
5.0,1,15,9.294006394970062,579.6066444151984
5.0,1,16,9.283233616272895,579.9605077262669
5.0,1,17,9.572845457757557,570.006352501039
5.0,1,18,9.597422337356274,569.3319824718924
5.0,1,19,9.38426073637492,575.9480188128481
5.0,1,20,22.21917679406728,533.5230986656645
5.0,1,21,9.680452238417331,566.6999575108896
5.0,1,22,9.88951594801918,560.7921893507657
5.0,1,23,9.799892154683405,563.0904110746981
5.0,1,24,10.143288529568949,554.1794214733327
5.0,1,25,9.872181819184021,560.7931776674553
5.0,1,26,10.348532985492833,549.3258934962424
5.0,1,27,10.392103071288837,548.3792287636346
5.0,1,28,10.340257967912676,549.5070113935163
5.0,1,29,10.446794537216057,547.1568207998938
5.0,2,0,8.169278301917284,637.0772549761859
5.0,2,1,8.019633073971494,648.2727861268726
5.0,2,3,8.084050822428194,643.3819580443928
5.0,2,4,8.077475201152197,643.6048518847751
5.0,2,5,8.390761476518666,622.0530467359705
5.0,2,6,8.321289143028281,626.7115438433873
5.0,2,7,8.467925328124176,617.7357936181791
5.0,2,8,8.39984515558345,621.4385638469702
5.0,2,9,8.65220131167678,607.5618897542331
5.0,2,10,8.732434407827244,603.4869842002593
5.0,2,11,8.831621381003764,598.7023071393952
5.0,2,12,8.852683812866774,597.6929975095642
5.0,2,13,9.040282045626025,589.4690546686354
5.0,2,14,8.876562201251287,596.1273343758169
5.0,2,15,9.087029975340432,587.4915096357818
5.0,2,16,9.044481187881697,588.82804479749
5.0,2,17,9.337165966825896,578.0569617920083
5.0,2,18,9.457045973767741,573.9138702740657
5.0,2,19,9.617158546484998,568.6946479539212
5.0,2,20,9.706310353874352,565.9860211099245
5.0,2,21,9.532731462927982,571.178473621442
5.0,2,22,9.9228216220821,559.8022469954612
5.0,2,23,9.72514528418508,565.2848505200112
5.0,2,24,25.329294781367818,503.28035268876357
5.0,2,25,10.2540646177548,551.3800617929152
5.0,2,26,10.05352505078899,556.381853461472
5.0,2,27,10.042329953815283,556.5012144524552
5.0,2,28,10.322079471061192,549.9609808737356
5.0,2,29,10.544097164819679,545.0654976423518
5.0,3,0,8.29484082276472,628.4538066693929
5.0,3,1,8.138027332827328,639.299333833239
5.0,3,2,8.26271297155398,629.8172825138912
5.0,3,4,8.107824112298715,641.5770040294316
5.0,3,5,8.12009188949062,640.5746213072259
5.0,3,6,11.504685640430605,560.2946490027346
5.0,3,7,8.2220049409072,632.9413084312534
5.0,3,8,8.567266622400046,611.8637219793486
5.0,3,9,8.585538497603642,611.0804755392825
5.0,3,10,8.571698978071952,611.8063535529484
5.0,3,11,8.789735934044682,600.6268783468295
5.0,3,12,8.82984256761963,598.7864820300146
5.0,3,13,9.00063359646824,591.0463218680668
5.0,3,14,8.827788768052118,598.5440117143993
5.0,3,15,18.0007489572033,551.399085572906
5.0,3,16,9.041295433989784,589.2631073561142
5.0,3,17,9.234459449823962,581.8072486312689
5.0,3,18,9.29351767734229,579.5975311002607
5.0,3,19,9.427843767840955,574.8992644635642
5.0,3,20,9.464382481506536,573.6281921363689
5.0,3,21,9.522764768110072,571.6636577361153
5.0,3,22,9.664593723720506,567.2677474461906
5.0,3,23,9.667572513841298,567.0665079815002
5.0,3,24,10.060187563783751,556.1273074128807
5.0,3,25,10.169146980820656,553.3896637319488
5.0,3,26,9.7827493092135,563.2904035742622
5.0,3,27,10.118930653679772,554.7908080351527
5.0,3,28,10.005599646661857,557.3619235747727
5.0,3,29,10.329217155834108,549.7997488331936
5.0,4,0,8.335574324251642,625.8151946335905
5.0,4,1,8.328860856378242,626.1836587964887
5.0,4,2,8.112544166187513,641.1112970283034
5.0,4,3,8.226048463240272,632.6009843846814
5.0,4,5,8.102259688494987,641.9994751783631
5.0,4,6,8.071777279050734,644.0099987522004
5.0,4,7,8.238752729317476,632.1965503562748
5.0,4,8,8.583237758994025,610.2751100833236
5.0,4,9,8.274410613851275,629.1744634448746
5.0,4,10,8.65454671448662,607.2311549516213
5.0,4,11,8.729415246056881,603.4908059165707
5.0,4,12,8.829722416771862,598.6310227238553
5.0,4,13,8.842927002908407,598.1673159504952
5.0,4,14,8.843915269334705,598.0869262013629
5.0,4,15,8.86417196518734,596.9901933773704
5.0,4,16,9.204757144657673,582.786483259435
5.0,4,17,9.071720616628332,588.0845411649748
5.0,4,18,18.56643843227763,535.232087950456
5.0,4,19,9.112576782732678,585.9838521254637
5.0,4,20,9.71208316381123,565.3079394137403
5.0,4,21,9.763253123473536,563.9768667328209
5.0,4,22,27.537666746745195,504.9356790365559
5.0,4,23,9.70614451469896,566.0354481900941
5.0,4,24,10.037043374752347,556.5515534772818
5.0,4,25,9.705886390885418,565.8112442211243
5.0,4,26,9.972071284744109,558.5670680601035
5.0,4,27,9.997090197160787,557.8739165921809
5.0,4,28,10.320145958288952,549.896079205293
5.0,4,29,10.173023660976446,553.4386409348091
5.0,5,0,8.395671626636917,622.0067155383791
5.0,5,1,15.638865287496312,574.0674256949912
5.0,5,2,8.23996701152456,632.115521624768
5.0,5,3,8.129743203813703,639.8883711804422
5.0,5,4,8.044556897189574,646.380479465461
5.0,5,6,11.054119239361059,581.4613249548072
5.0,5,7,8.259562142850015,630.6576840024765
5.0,5,8,8.260446859087807,630.7489067968323
5.0,5,9,8.43157281663589,619.7915977715784
5.0,5,10,8.452372629584552,618.6551148397064
5.0,5,11,8.393776284669519,621.7770891821845
5.0,5,12,23.858649806081004,539.3388937237155
5.0,5,13,8.836048549207565,598.3152648443833
5.0,5,14,8.659270271644347,606.8581012816499
5.0,5,15,8.94313756687674,593.6293432829414
5.0,5,16,8.844682231179934,597.8225420566788
5.0,5,17,8.993122963657159,591.3892364602034
5.0,5,18,9.09038427799658,587.361575569244
5.0,5,19,9.235410175027006,581.7721138332537
5.0,5,20,9.42605156345996,574.9197386902514
5.0,5,21,9.36600001339349,576.9861094245956
5.0,5,22,9.49584259618003,572.6122616256018
5.0,5,23,9.41867901401827,574.8833542885307
5.0,5,24,9.70888969395612,565.9540325954258
5.0,5,25,9.65331122928561,567.4723769528853
5.0,5,26,10.005986639298436,557.6087541813755
5.0,5,27,10.133079004454887,554.3372107946336
5.0,5,28,10.061105855377583,556.2562132099595
5.0,5,29,10.003916395576262,557.5886250604414
5.0,6,0,8.682738240527963,605.6586143689174
5.0,6,1,8.426829975567262,620.1649431072833
5.0,6,2,8.3995800898868,621.7990385518113
5.0,6,3,8.309941729512682,627.4461271437858
5.0,6,4,8.071265083165953,644.0464180914844
5.0,6,5,7.938349620900199,654.4441194076259
5.0,6,7,7.971149717950104,651.9538175948021
5.0,6,8,8.10794127726565,641.4385823078475
5.0,6,9,8.291809480104419,628.656087365835
5.0,6,10,18.338706994995803,493.0817583577999
5.0,6,11,8.562721993269665,612.132355361066
5.0,6,12,8.36132612869901,623.5871787496619
5.0,6,13,8.818255696040055,598.8067171836134
5.0,6,14,15.725046105099024,549.2586073951038
5.0,6,15,18.126837493904446,543.6941078468519
5.0,6,16,20.307207496152714,545.8665702259659
5.0,6,17,8.868637951086924,596.7994643779948
5.0,6,18,9.060426972829651,588.6533845406508
5.0,6,19,9.061640389641486,588.4750142433732
5.0,6,20,9.248477180214708,581.2892123739609
5.0,6,21,9.360460923678835,577.2347647256564
5.0,6,22,9.42531724684227,574.9845189514613
5.0,6,23,9.637259143192507,568.0455463949561
5.0,6,24,9.562118197977917,570.4463335828074
5.0,6,25,28.338112969030956,504.1466059784915
5.0,6,26,9.857491796444402,561.6615009097079
5.0,6,27,9.863655827589088,561.4990110924211
5.0,6,28,9.91932201332936,559.9528518557048
5.0,6,29,10.132840181935237,554.4434557389562
5.0,7,0,19.584403455054705,471.1066301662937
5.0,7,1,8.636197879432157,608.2546642049398
5.0,7,2,8.494123149376318,616.1872383643422
5.0,7,3,8.382834488726104,622.8497712049904
5.0,7,4,8.220570393480013,633.4098528325379
5.0,7,5,8.084570923623925,643.1003153747374
5.0,7,6,8.090391545319061,642.9005474654632
5.0,7,8,8.146460788506046,638.6435680504403
5.0,7,9,8.094066920956502,642.4251089567025
5.0,7,10,8.368283983443954,623.5529639221634
5.0,7,11,8.54650417947744,612.5800241378165
5.0,7,12,8.461394007836581,618.1218604688726
5.0,7,13,8.36126090824986,623.5908167862464
5.0,7,14,8.528206026953846,614.0995076548688
5.0,7,15,8.689846513397484,605.6126847563245
5.0,7,16,8.655684539478354,607.0277810330815
5.0,7,17,8.904043951757306,595.3856322955185
5.0,7,18,17.49249295785375,532.4397368287877
5.0,7,19,9.145809651070866,585.1826497800499
5.0,7,20,9.294274139755409,579.4635885418584
5.0,7,21,23.459617274157953,525.9132651302247
5.0,7,22,9.252799420520745,581.0346847089576
5.0,7,23,9.424607499149229,575.008468554943
5.0,7,24,9.620826907804847,568.5761868412383
5.0,7,25,27.19389410443506,499.94950334579744
5.0,7,26,9.805421520873823,563.0911244365411
5.0,7,27,10.067614077747322,555.681526676355
5.0,7,28,9.73628545449564,564.980361814998
5.0,7,29,9.65870859593094,566.7994649189903
5.0,8,0,8.810786365977561,599.5761827098581
5.0,8,1,13.703658508581563,528.0876254150196
5.0,8,2,8.478660434963727,617.0421993088855
5.0,8,3,8.529038061620785,614.1234151832826
5.0,8,4,8.26476033519462,630.2585448537491
5.0,8,5,8.367195699446834,623.6255848263414
5.0,8,6,8.178041624013739,636.4541449314373
5.0,8,7,7.938601200205532,654.4250185982842
5.0,8,9,8.076220894908392,643.9764344164345
5.0,8,10,8.331177784104842,625.5655026429615
5.0,8,11,8.198349565513631,634.8926428237273
5.0,8,12,8.32938984836299,626.2032506189591
5.0,8,13,8.447621902936582,618.9359306617342
5.0,8,14,8.412750427928868,620.7186998543556
5.0,8,15,8.427395984582922,619.4146899139416
5.0,8,16,8.8434104997414,597.9478059090909
5.0,8,17,8.700704061891436,604.8974207554577
5.0,8,18,18.61629031752711,496.7754294296489
5.0,8,19,8.968985745795642,592.513907973501
5.0,8,20,9.163528021263415,584.4624127882477
5.0,8,21,9.273103391130174,580.2836700140796
5.0,8,22,9.262971875909248,580.7535494885216
5.0,8,23,9.44548368936591,574.2338805015577
5.0,8,24,9.626709184511126,568.1887842152465
5.0,8,25,9.585690166859948,569.7108453618863
5.0,8,26,9.617911285274923,568.7204796233851
5.0,8,27,9.704860987962542,566.0735145904013
5.0,8,28,9.801387516660336,563.2582004382355
5.0,8,29,9.855044119598078,561.7343906010855
5.0,9,0,8.663364520173818,606.6643581238732
5.0,9,1,8.664051164206269,606.9002146718994
5.0,9,2,8.485140252079457,616.3701390047036
5.0,9,3,20.969021093945525,541.8236993352411
5.0,9,4,8.484234666090392,616.7717473812378
5.0,9,5,8.425336320093194,620.1829178857961
5.0,9,6,8.315892826653126,627.049012000741
5.0,9,7,8.200493230832482,634.8577387311944
5.0,9,8,7.918637450075307,655.9407385994907
5.0,9,10,8.102847863037377,641.9548188431414
5.0,9,11,20.849524608044476,541.3103293696913
5.0,9,12,8.244694029678831,631.8000889497152
5.0,9,13,8.36399327568777,624.031996768283
5.0,9,14,8.594141114031704,610.2751686866967
5.0,9,15,8.518778573002177,614.8043850069755
5.0,9,16,8.612634095265175,609.648060553944
5.0,9,17,8.788603876874749,600.683383008256
5.0,9,18,8.83398372483025,598.5905191154383
5.0,9,19,8.88525208390924,596.2298609739491
5.0,9,20,8.98053504214463,592.0206718134092
5.0,9,21,8.891291288996023,595.5286092259314
5.0,9,22,9.157855961311153,584.7479562605766
5.0,9,23,9.074909966631374,587.7035253340291
5.0,9,24,12.044428615232706,537.9774405076192
5.0,9,25,9.494047179453313,572.6653079846819
5.0,9,26,9.286829715195895,579.3618416935353
5.0,9,27,17.92179787725217,491.4775469311455
5.0,9,28,9.60567834377795,569.0150397880742
5.0,9,29,9.574398971478526,569.7181800417152
5.0,10,0,9.000780542593361,591.039720281997
5.0,10,1,8.825401756292822,598.9966248201636
5.0,10,2,8.668537404290761,606.6762918137741
5.0,10,3,8.593569476103037,610.6532374506438
5.0,10,4,11.16621546185057,580.4475178212953
5.0,10,5,16.423298581831418,510.7554841354947
5.0,10,6,8.274742126416191,629.6322195356506
5.0,10,7,15.366434790057731,557.9895716582819
5.0,10,8,8.07915847248237,643.4851640241302
5.0,10,9,8.087934769811906,643.0870747336558
5.0,10,11,8.11502342200905,641.0304064387157
5.0,10,12,8.208052387589309,634.3202500421831
5.0,10,13,11.82094245542472,556.3714942412397
5.0,10,14,8.207471769946716,633.8532182000263
5.0,10,15,8.351444650447991,624.6209755441831
5.0,10,16,8.54781721388547,613.1845918397457
5.0,10,17,15.392170738440267,550.791581821876
5.0,10,18,8.537618099186176,613.2109008473226
5.0,10,19,8.864990898286134,597.1232345439652
5.0,10,20,8.74725928121223,602.429217120754
5.0,10,21,8.842635333955405,597.9099589604123
5.0,10,22,8.966402367510785,592.4754064396363
5.0,10,23,15.685459133672717,527.6241611665936
5.0,10,24,18.087554730564914,558.822765679254
5.0,10,25,9.432234056216585,574.7015271932596
5.0,10,26,9.632354791366522,567.9982798333019
5.0,10,27,9.489472196409425,572.8179787235815
5.0,10,28,9.666495381213224,567.2176222193182
5.0,10,29,9.792148420489479,563.4847735427206
5.0,11,0,8.957821087131034,592.990717399986
5.0,11,1,8.676096201683581,605.6262336743647
5.0,11,2,12.284388490819605,539.3207792632271
5.0,11,3,8.795901660987095,600.319126828105
5.0,11,4,8.712577111567224,604.3785920102023
5.0,11,5,8.658706122547061,606.9991406234336
5.0,11,6,8.308115709291213,627.1821526293209
5.0,11,7,8.300699049780102,628.0035060190207
5.0,11,8,8.273241884718347,629.8950981101948
5.0,11,9,8.213416714420237,633.938823239097
5.0,11,10,8.004683413197888,649.4078183576908
5.0,11,12,8.119604769948584,640.6825739593899
5.0,11,13,8.129734765496407,639.8889711812421
5.0,11,14,8.262359411419801,630.6212826840047
5.0,11,15,8.364641900438313,623.9912976498389
5.0,11,16,22.543712071488166,514.8893996891047
5.0,11,17,8.473727251296474,617.3173753141615
5.0,11,18,8.518667692595834,614.6024137579559
5.0,11,19,17.25910581257668,491.582400945
5.0,11,20,8.91771584728026,594.6282472372097
5.0,11,21,20.99645295908774,540.6082056824732
5.0,11,22,11.275590548712177,571.0906845478048
5.0,11,23,9.180571108655663,583.7696254798767
5.0,11,24,9.325766280862767,578.2436920752813
5.0,11,25,9.406153553533223,575.4621579205696
5.0,11,26,9.13098361591591,585.3341817122654
5.0,11,27,15.55331087286312,535.9255222373996
5.0,11,28,9.327908289879439,578.0353056083061
5.0,11,29,9.472719824758125,573.2117037005416
5.0,12,0,9.074016203050551,588.1009936497929
5.0,12,1,8.896948929630728,595.5903865326064
5.0,12,2,8.82749933150883,598.8244157158693
5.0,12,3,8.894370737139829,595.7329567644142
5.0,12,4,8.520924296860695,614.0441429073321
5.0,12,5,8.559756023092064,612.4360426289279
5.0,12,6,8.4392777171258,619.2389914217532
5.0,12,7,8.333928214638684,625.6563734286075
5.0,12,8,12.5376409038012,533.867131099096
5.0,12,9,12.303903279505551,559.8883810418855
5.0,12,10,8.13937726221868,639.203348023954
5.0,12,11,8.174392017726205,636.5229282652735
5.0,12,13,8.039060491033501,646.7977864689633
5.0,12,14,8.072956346426883,643.9261619700501
5.0,12,15,8.332745932908896,625.9244086639834
5.0,12,16,8.331452168284194,626.0738466721126
5.0,12,17,8.424986675510956,620.273900717121
5.0,12,18,8.467111281575965,617.6864181557652
5.0,12,19,8.516986923399461,614.6910318599233
5.0,12,20,8.675720681664348,606.3177510380008
5.0,12,21,8.827888541214943,598.8789481427331
5.0,12,22,8.962198842780593,592.7730113900386
5.0,12,23,9.163972168655599,584.186616719095
5.0,12,24,9.029440447352393,589.9129609945579
5.0,12,25,9.076410818906618,587.9028589742558
5.0,12,26,9.007462422190308,590.1961024141204
5.0,12,27,9.33318745401115,578.197383668957
5.0,12,28,9.456584334762885,573.9294477408562
5.0,12,29,13.26130527966318,547.8391536470599
5.0,13,0,9.102738042207207,586.8830335336899
5.0,13,1,9.131122834949037,585.7796566236696
5.0,13,2,9.042702170439933,589.365698322579
5.0,13,3,8.883217335306833,596.3212724896878
5.0,13,4,8.707362282215463,604.5823483749061
5.0,13,5,8.772601990987697,601.4820892646618
5.0,13,6,8.584939489938344,611.1082511405482
5.0,13,7,8.57525551278917,611.6540667279389
5.0,13,8,8.451871173437423,618.684755951604
5.0,13,9,8.291284894711467,628.5942139928807
5.0,13,10,8.167345119089727,636.9615613585938
5.0,13,11,15.01561999723401,587.347033628392
5.0,13,12,8.100868056981392,642.1051328682114
5.0,13,14,8.079960254467155,643.6925287354903
5.0,13,15,8.274232558445636,629.6145541006366
5.0,13,16,8.295875756921948,628.384745785964
5.0,13,17,12.211349877090013,562.9151828838865
5.0,13,18,8.48781852379788,616.559905273128
5.0,13,19,8.488366310971653,616.5007996027904
5.0,13,20,8.58277151447669,611.2225570612768
5.0,13,21,8.729717979479716,603.622569988807
5.0,13,22,8.870444127342543,596.8651833265409
5.0,13,23,18.467677417567845,567.5609271501984
5.0,13,24,8.960453520718556,592.8782939765002
5.0,13,25,15.683930525675562,499.791598703678
5.0,13,26,9.41098015459107,574.942801763945
5.0,13,27,9.37482199018562,576.6200404992584
5.0,13,28,9.384592312771298,576.383045727245
5.0,13,29,9.321591291148453,578.4846296724505
5.0,14,0,9.151948022886524,584.8565233429613
5.0,14,1,18.093245864025903,552.1080168697365
5.0,14,2,8.890519156822188,595.5599957557368
5.0,14,3,8.964678127785357,592.6978735504794
5.0,14,4,8.938469549604127,593.839054956353
5.0,14,5,12.807532918876667,567.2309879185422
5.0,14,6,8.844638821080336,597.886496389375
5.0,14,7,8.631055544112742,608.6767946383844
5.0,14,8,8.553221461070017,612.8831396230689
5.0,14,9,8.48651920371479,616.6367081843978
5.0,14,10,8.436028896930964,619.5119930547163
5.0,14,11,8.172100405621569,636.6442423421594
5.0,14,12,8.24977808263718,631.353372935274
5.0,14,13,8.017480945050586,648.4361835261246
5.0,14,15,8.168235299159178,636.9903685714771
5.0,14,16,8.222844936991528,633.2684358992692
5.0,14,17,8.374367952363116,623.1469822803592
5.0,14,18,8.421315093469907,620.4352369323548
5.0,14,19,8.51768126786775,614.7947161462039
5.0,14,20,8.631331876366415,608.5260928351327
5.0,14,21,8.537041507587354,613.6336593245923
5.0,14,22,8.612412506103656,609.4776683289294
5.0,14,23,8.51232524058908,613.8116592132945
5.0,14,24,14.380901171866228,529.8495113343962
5.0,14,25,8.998790135130971,591.2410509867699
5.0,14,26,9.195914110191055,583.1459452456916
5.0,14,27,9.132012354750836,585.749048063737
5.0,14,28,9.14530925113457,585.1018643771828
5.0,14,29,9.223195981087319,582.0795400915947
5.0,15,0,9.142274378179723,584.9356735000036
5.0,15,1,9.293982353662017,579.6075328806556
5.0,15,2,9.012562394173553,590.3761257954244
5.0,15,3,9.050829843458274,589.0434998567471
5.0,15,4,8.944040383584761,593.5792503369837
5.0,15,5,8.933678374170347,594.0542995364711
5.0,15,6,8.863217257068046,597.2071646834966
5.0,15,7,17.5521021754352,525.3527105193365
5.0,15,8,8.723992700344306,603.7767081748442
5.0,15,9,11.772664046815027,548.2652737657995
5.0,15,10,11.505488375676995,545.230778812447
5.0,15,11,8.262202367601173,630.419049099038
5.0,15,12,8.269622002490966,630.1366518967668
5.0,15,13,8.23157674090794,632.6475669332303
5.0,15,14,8.005243460966911,649.3652975086719
5.0,15,16,8.08034169586066,643.663568327468
5.0,15,17,8.20414477935043,634.5980978626545
5.0,15,18,8.273713137868084,629.863651511769
5.0,15,19,8.232754349321759,632.2668176013842
5.0,15,20,8.470526151155054,617.5820587663376
5.0,15,21,8.796880055510318,599.2917140464577
5.0,15,22,8.643328395856702,608.0297118446117
5.0,15,23,8.896284974327319,595.3086686252713
5.0,15,24,8.759963874040263,602.0931984293534
5.0,15,25,8.928094559898607,594.3051535857517
5.0,15,26,8.93700816930218,593.8795753321066
5.0,15,27,8.871241965199468,596.3435975404307
5.0,15,28,9.068141778800609,588.2231729463327
5.0,15,29,14.904645065664647,538.8243713476047
5.0,16,0,9.540203534561261,571.107815915561
5.0,16,1,9.358265408400186,577.3122555848424
5.0,16,2,9.144468286163667,585.1329428994479
5.0,16,3,9.023351014060268,589.9582120297588
5.0,16,4,15.853281732654832,546.147952411184
5.0,16,5,9.108590013649325,586.5518241436404
5.0,16,6,8.777239494196493,601.0823496464076
5.0,16,7,8.869365316015992,596.9162335526194
5.0,16,8,8.745387263363462,602.8404649819544
5.0,16,9,8.651397312940961,607.6042803704497
5.0,16,10,8.411461991619337,620.7905696205397
5.0,16,11,8.42624000147954,620.1998165215409
5.0,16,12,8.29885895025727,628.1189663500761
5.0,16,13,8.294948020417415,628.4466533982935
5.0,16,14,8.211862056401527,634.049366137891
5.0,16,15,8.096203823809441,642.4592582936901
5.0,16,17,7.9536597170171195,653.281721623971
5.0,16,18,8.15686006920947,637.9602449488351
5.0,16,19,12.677534910731548,514.3102471163992
5.0,16,20,8.151542541223701,637.3625975482166
5.0,16,21,8.50948205777764,615.2793720929772
5.0,16,22,13.256673126732515,555.7446435458198
5.0,16,23,8.553553644745273,612.7630613522374
5.0,16,24,20.913144474051467,528.4815011789863
5.0,16,25,8.84205161555309,598.2087399894308
5.0,16,26,9.041875595173417,589.1935162638438
5.0,16,27,8.99237957152544,591.5148271270016
5.0,16,28,16.836407981406115,550.5444857722812
5.0,16,29,16.368244134518854,542.4930005527118
5.0,17,0,27.49536634439572,530.21041920667
5.0,17,1,9.324202686162767,578.3965112104397
5.0,17,2,9.37842305259716,576.6007901793494
5.0,17,3,18.820159292831534,539.5244709090467
5.0,17,4,9.25362155254264,581.0383289613497
5.0,17,5,9.178610097961855,583.8493389313766
5.0,17,6,9.093549156997579,587.1941744786932
5.0,17,7,8.861825238919259,597.2823169908602
5.0,17,8,8.909769776693086,595.0042617356929
5.0,17,9,8.739100604612966,603.1542526011982
5.0,17,10,8.49596354527886,615.7994837937222
5.0,17,11,8.51580396237043,614.9703106092044
5.0,17,12,11.104562829912613,590.0289269469446
5.0,17,13,12.463128249572769,520.1988734256047
5.0,17,14,8.249727622516996,631.4641986268414
5.0,17,15,8.193042846617079,635.3874932227853
5.0,17,16,8.028654162318801,647.5878725233927
5.0,17,18,8.108718122276219,641.5091275635702
5.0,17,19,8.181332150624359,636.2201742795518
5.0,17,20,8.365253452994903,623.755190419963
5.0,17,21,8.40624866364471,621.3806069810167
5.0,17,22,8.538604209390243,613.5579594438608
5.0,17,23,8.513940323052294,615.0742655513739
5.0,17,24,8.640497793046743,608.1789546133293
5.0,17,25,8.803614726645568,599.9341425930606
5.0,17,26,8.756043409498538,602.2787179880215
5.0,17,27,15.00337934547317,540.3786020596119
5.0,17,28,20.640244963074522,496.37587163228955
5.0,17,29,9.012569512022573,590.5987504649659
5.0,18,0,9.486765635938031,572.7772230146263
5.0,18,1,9.416911664273321,575.1611506808241
5.0,18,2,9.396293031153716,575.9639070691248
5.0,18,3,15.072137526153757,533.9406042131874
5.0,18,4,9.250722158474602,581.2062474357666
5.0,18,5,9.033744394276244,589.5556084799385
5.0,18,6,17.562354970518854,535.3750871069558
5.0,18,7,8.826937832570447,598.5803526426066
5.0,18,8,8.95234430990543,593.2157283851247
5.0,18,9,23.062105318518334,536.8466689237171
5.0,18,10,8.552435048435594,612.4713386388497
5.0,18,11,8.655738100121335,607.375413538645
5.0,18,12,8.531924249870665,614.0711111028777
5.0,18,13,21.27900966436932,548.2085938399255
5.0,18,14,8.364699294572222,623.9876963523985
5.0,18,15,20.16185756333372,498.1822605555045
5.0,18,16,12.919298028007567,574.4458018755992
5.0,18,17,8.140085856261514,639.1275759270337
5.0,18,19,8.186054588195177,635.6374638004315
5.0,18,20,11.828242574195274,491.97337829600326
5.0,18,21,8.305769408913372,627.724544997254
5.0,18,22,17.48839879124979,488.74392094863794
5.0,18,23,8.534217291921873,613.8172704769582
5.0,18,24,8.661568158531514,606.8394945039538
5.0,18,25,8.674840857577106,606.3682258107133
5.0,18,26,20.758675725881563,490.4380355685616
5.0,18,27,8.843490899685957,598.1406318980845
5.0,18,28,8.876643779001437,596.6165909113137
5.0,18,29,9.265051868742432,579.8698028087462
5.0,19,0,9.637058102958555,568.0843895408912
5.0,19,1,9.506215029409653,572.1755926988011
5.0,19,2,9.538525373023896,571.2339215995089
5.0,19,3,9.533333750717745,571.3396287142065
5.0,19,4,9.274158817619927,580.2808033540849
5.0,19,5,18.55820490179512,531.7963208622258
5.0,19,6,9.086380682007238,587.5166610105402
5.0,19,7,9.046123933748753,589.2347911671806
5.0,19,8,8.954238578449825,593.1437157101877
5.0,19,9,9.101043886717225,586.5353681234409
5.0,19,10,8.955720590398933,592.8298319995172
5.0,19,11,8.5998656588309,610.1039223520899
5.0,19,12,8.692869200648062,605.4176862910625
5.0,19,13,8.62258486189497,609.0140066576647
5.0,19,14,8.312010811912307,626.951912810136
5.0,19,15,8.32123059695396,626.7152174213863
5.0,19,16,8.342599995363576,625.2668496746218
5.0,19,17,8.146770878369825,638.6776299868801
5.0,19,18,8.128437021759222,640.0119975076834
5.0,19,20,8.02776722681011,647.6552118700351
5.0,19,21,8.213361673589576,633.9427368798463
5.0,19,22,12.987654662732062,493.2228229651062
5.0,19,23,8.386095680621837,622.6451418948659
5.0,19,24,8.46747731816983,617.76227552146
5.0,19,25,13.91498753323625,583.325099296627
5.0,19,26,8.677915005318162,606.2061422012757
5.0,19,27,8.7358715237371,603.3154265475816
5.0,19,28,11.404523998930955,536.1558255482557
5.0,19,29,8.5799542095522,609.9454332140277
5.0,20,0,10.090086764782132,555.0419653286051
5.0,20,1,14.037282977191534,517.1599479776236
5.0,20,2,9.59040449044872,569.5713504581375
5.0,20,3,9.412329250391938,575.3091289740813
5.0,20,4,9.451290501138658,574.1080819476886
5.0,20,5,9.160190193078115,584.30333361014
5.0,20,6,9.191200889119457,583.4059027827778
5.0,20,7,9.291154922047287,579.5844162317779
5.0,20,8,8.956944604807678,592.8598566167374
5.0,20,9,8.95852586206133,592.9606185550136
5.0,20,10,8.994740123998337,591.3110873780662
5.0,20,11,8.674451660176338,606.1397056756064
5.0,20,12,14.876094237024097,494.60198481405905
5.0,20,13,8.524445922400343,614.297758151992
5.0,20,14,8.435002323968556,619.4774754696518
5.0,20,15,8.428503495167027,620.0660212334499
5.0,20,16,15.19491636068101,582.2181258402566
5.0,20,17,8.169046541240997,636.8480259070568
5.0,20,18,8.31181399657789,626.9423515570625
5.0,20,19,8.076074161269581,643.9875749641644
5.0,20,21,8.053969841891433,645.6658147125066
5.0,20,22,8.028640397460514,647.0772173163646
5.0,20,23,8.107322329140548,640.966866305581
5.0,20,24,8.297886214635515,628.1800023840101
5.0,20,25,8.43775658948982,619.519070107633
5.0,20,26,8.472338389998193,617.3948468477028
5.0,20,27,16.715936663561962,506.60079495794423
5.0,20,28,8.619213374829437,609.138214814599
5.0,20,29,8.811644658172767,599.6476218498838
5.0,21,0,9.683190315490682,566.431584701851
5.0,21,1,9.693179363609858,566.3377499418301
5.0,21,2,9.652870414340976,567.6154333767636
5.0,21,3,12.29316980524247,546.7629366529919
5.0,21,4,12.345174659255962,520.1015460123484
5.0,21,5,9.39211293702327,576.1049594429771
5.0,21,6,17.303305697533823,519.4930614256575
5.0,21,7,9.50220152136092,571.9126296882134
5.0,21,8,9.067341669958163,588.254166391537
5.0,21,9,9.06336043457253,588.5341417638999
5.0,21,10,8.921340991562271,594.548673981444
5.0,21,11,8.93253686911896,594.1055818948159
5.0,21,12,8.795158316425288,600.4277688994214
5.0,21,13,8.741531115514036,603.0329378838801
5.0,21,14,8.76058736193127,601.8472645254892
5.0,21,15,8.689224178226882,605.2968247930892
5.0,21,16,8.47445486742032,617.3498320420288
5.0,21,17,8.370803383729381,623.6046843760714
5.0,21,18,8.230995257010509,632.7142044378913
5.0,21,19,8.378901007087311,622.1721754000679
5.0,21,20,8.143704113205429,638.8528647939239
5.0,21,22,15.443241131594853,496.2236571704924
5.0,21,23,8.252339479226945,631.1712465765596
5.0,21,24,8.285119005459405,629.1025409748067
5.0,21,25,8.19984416616293,634.3318258226624
5.0,21,26,8.649735695569397,606.9889686437056
5.0,21,27,8.577463185422609,611.5309213968094
5.0,21,28,8.518049976927916,614.6349826497257
5.0,21,29,8.65557413514182,607.323330809416
5.0,22,0,12.60349032490069,519.9529938441582
5.0,22,1,9.692604246074515,566.1742784441683
5.0,22,2,20.31808529596573,487.5005830629352
5.0,22,3,9.566864514886559,570.1661671515442
5.0,22,4,9.717436309888711,565.6418606382604
5.0,22,5,9.530723237073644,571.4858732545897
5.0,22,6,9.343982781657175,577.7290550868585
5.0,22,7,9.172215613403758,583.8788955922544
5.0,22,8,9.198623655941745,583.131588593797
5.0,22,9,9.149783607064224,585.0606513037374
5.0,22,10,8.992770253875593,591.403573819074
5.0,22,11,15.821764735541592,532.0796238627197
5.0,22,12,19.089561749344345,479.5864978254493
5.0,22,13,8.798748749419044,600.2578667010112
5.0,22,14,8.611565890164426,609.5199256886063
5.0,22,15,8.65929613613465,607.1878170507325
5.0,22,16,8.540081405295082,613.616099979127
5.0,22,17,8.51533191726244,614.9335864433917
5.0,22,18,8.322226007881795,626.6527585848733
5.0,22,19,8.221145878344359,633.3714508792793
5.0,22,20,8.174333640098364,636.7177986004461
5.0,22,21,8.131449437192915,639.7832840497906
5.0,22,23,15.449156444214262,564.596245303807
5.0,22,24,8.167542079824653,637.2007078647052
5.0,22,25,8.23306173063532,632.5763091977785
5.0,22,26,8.383948606254366,622.7798639108186
5.0,22,27,8.484324151842326,616.7664578714741
5.0,22,28,8.49171930127006,616.3137677510941
5.0,22,29,8.657724118443822,607.2707012589395
5.0,23,0,10.241012657380463,551.7098904790574
5.0,23,1,9.78002138103135,563.6124390647449
5.0,23,2,9.986646816688978,558.1373598828485
5.0,23,3,9.843492351820114,562.0599180486014
5.0,23,4,9.852315846955737,561.7003484299938
5.0,23,5,9.454590112323354,573.7725121717089
5.0,23,6,9.772222388361914,563.6872253900024
5.0,23,7,9.354597854630462,577.3708618991517
5.0,23,8,9.414655107214445,575.3219773786948
5.0,23,9,9.355590211809437,577.3307660028645
5.0,23,10,9.133415529512506,585.6946939336727
5.0,23,11,9.139685297431582,585.4315996548949
5.0,23,12,8.734293387574814,602.5369218501742
5.0,23,13,8.812759240725187,599.4866174439165
5.0,23,14,8.625884168831053,608.4379587178414
5.0,23,15,8.66768900851158,606.7186380110614
5.0,23,16,8.399837418912437,620.8677078464041
5.0,23,17,8.645332600692768,607.7451238603365
5.0,23,18,8.536564955845783,613.6784998796392
5.0,23,19,8.25694004505256,630.749242926081
5.0,23,20,8.18632900437157,635.694771699253
5.0,23,21,8.079111641481443,643.4884939105319
5.0,23,22,8.080638521628837,643.6410322432773
5.0,23,24,8.117820829152183,640.8180171866609
5.0,23,25,11.393660516662784,594.1296238606124
5.0,23,26,8.255268560300397,631.0944533095444
5.0,23,27,8.566548445515245,611.3223108653686
5.0,23,28,8.347816734579528,624.8354219336181
5.0,23,29,8.357324740537454,623.8103786311431
5.0,24,0,10.069330965861887,555.9973614948202
5.0,24,1,17.76120370281553,505.34018283564933
5.0,24,2,19.056256386266853,484.25089785348536
5.0,24,3,10.011664202863392,557.4535721752364
5.0,24,4,15.990623679667703,514.3342318474255
5.0,24,5,9.71846115286451,565.6701655157669
5.0,24,6,9.796509406010145,563.1958834995786
5.0,24,7,9.421836087520013,575.002127998416
5.0,24,8,9.433235774523002,574.7173175220372
5.0,24,9,9.383479953560206,576.422306520294
5.0,24,10,9.312437440900643,578.9255106092255
5.0,24,11,9.084834642652476,587.5765492200981
5.0,24,12,9.139380361219601,585.4439950579496
5.0,24,13,9.099835933011015,586.9256849390256
5.0,24,14,9.102821814560652,586.4554943351759
5.0,24,15,8.741995837685604,602.9434604682449
5.0,24,16,13.785750585790945,552.2500547812234
5.0,24,17,8.726491810075704,603.6449432891702
5.0,24,18,8.58656212851766,611.023376780186
5.0,24,19,8.512362926410031,615.1090837238276
5.0,24,20,8.371040106349383,623.5898307924826
5.0,24,21,8.194470402631236,635.1514983400433
5.0,24,22,8.137234157364155,639.3557320339341
5.0,24,23,8.065565278613173,644.7854472841818
5.0,24,25,8.068564075256054,644.5577678140664
5.0,24,26,8.222864237497463,633.2670635499496
5.0,24,27,8.192425344203954,635.2879645496715
5.0,24,28,8.493840817720551,615.8844808302413
5.0,24,29,8.330330814796415,625.8690160133586
5.0,25,0,9.745786936436865,563.4501702330584
5.0,25,1,9.894167427670334,560.2583595436104
5.0,25,2,26.70576578960489,512.0347626118007
5.0,25,3,9.842523215133458,561.970444273707
5.0,25,4,9.818302353813431,562.7386349143944
5.0,25,5,9.915522192694809,560.0099850772274
5.0,25,6,23.294191440638,479.78209510039926
5.0,25,7,9.436894475354388,574.3198933367771
5.0,25,8,9.354618141315052,577.1727736915246
5.0,25,9,9.440173668873282,574.4832064142236
5.0,25,10,9.30688551900864,579.1257122310129
5.0,25,11,9.260695531870429,580.837673573758
5.0,25,12,9.139965358521263,585.4409762446395
5.0,25,13,17.030453953739617,527.2475697250788
5.0,25,14,9.140364040928084,585.194849767708
5.0,25,15,8.805292453724853,599.8220644453738
5.0,25,16,8.805647521388584,599.9314112216872
5.0,25,17,8.690907430261037,605.5597309393539
5.0,25,18,8.566494461000627,612.080760309993
5.0,25,19,23.833779379596454,510.62950887802964
5.0,25,20,8.326793788170592,626.0780899325849
5.0,25,21,8.300320604796081,628.0272522254618
5.0,25,22,8.288990161815605,628.8442197318726
5.0,25,23,8.25119750611988,631.2524457959895
5.0,25,24,8.00244560739695,649.5777206550636
5.0,25,26,8.012288416156975,648.8304190705262
5.0,25,27,13.850430947457761,582.5636776403545
5.0,25,28,8.346881220252861,624.9811646665983
5.0,25,29,8.264522170083652,630.2734889490097
5.0,26,0,10.150478290310094,553.8372530000822
5.0,26,1,13.115195107230708,507.4059160987062
5.0,26,2,9.939673743145965,559.151380754239
5.0,26,3,9.920231069405975,559.8161800068983
5.0,26,4,9.896419194440254,560.5545351479833
5.0,26,5,9.809911491413398,562.9679781609433
5.0,26,6,9.537310299131569,570.7737049656251
5.0,26,7,15.9789151895894,475.36515488333157
5.0,26,8,9.608135946561156,569.0228612954021
5.0,26,9,9.550910139319038,570.8339846609905
5.0,26,10,12.475686123250934,541.1706021657457
5.0,26,11,9.15718347623989,584.4094558828425
5.0,26,12,9.301071552046558,579.3455459757807
5.0,26,13,9.086357106041019,587.517574261811
5.0,26,14,8.913786206016814,594.6142095836487
5.0,26,15,9.1539707575274,584.6137472966911
5.0,26,16,8.84200236919649,598.1728636488115
5.0,26,17,8.854052834000196,597.6408326085348
5.0,26,18,8.607903319781332,609.7027365085405
5.0,26,19,12.58562280437394,477.10227675637157
5.0,26,20,8.363742581574105,623.4523875288282
5.0,26,21,8.53239448277117,613.9250168677703
5.0,26,22,8.232599777133878,632.2765165093854
5.0,26,23,16.675714608666812,518.792617819119
5.0,26,24,8.130683384208394,639.8215202942874
5.0,26,25,8.181669720747358,635.9703787713134
5.0,26,27,19.92806473344137,529.6642017588732
5.0,26,28,8.181332346289402,636.2201603669223
5.0,26,29,8.306001980707391,627.7090255427618
5.0,27,0,10.511378382339412,545.7784170637022
5.0,27,1,10.235331312139271,551.9205214140111
5.0,27,2,21.58097439945752,501.61192772976045
5.0,27,3,20.09677603436347,528.3090538094175
5.0,27,4,10.218902486083568,552.268624074631
5.0,27,5,9.910621293003144,560.1814297472044
5.0,27,6,9.871504695467848,561.284481911125
5.0,27,7,9.893095401523125,560.6482402518421
5.0,27,8,9.485330935325232,572.5842623808845
5.0,27,9,9.631374415310164,568.3040230800532
5.0,27,10,29.603149111618094,513.9621310109602
5.0,27,11,9.363280834546298,577.0778649256338
5.0,27,12,9.368138010763342,576.9638014215018
5.0,27,13,9.34570687630588,577.6960124437123
5.0,27,14,8.922396337970026,593.8688465028831
5.0,27,15,8.991403414153591,591.4591347154178
5.0,27,16,8.907800502780587,595.1269480589839
5.0,27,17,8.817220222200845,599.2862068979215
5.0,27,18,8.973624534549554,591.9826028556515
5.0,27,19,8.573614283043405,611.4142140407527
5.0,27,20,8.673622793699419,606.4324478997119
5.0,27,21,8.38212321626985,622.4271044720497
5.0,27,22,8.31270739053334,626.9107379936148
5.0,27,23,8.292010474339397,628.5486862032103
5.0,27,24,10.382046337999967,576.5492835442262
5.0,27,25,8.188280258190314,635.7261338267774
5.0,27,26,8.12501256054847,640.2719949689136
5.0,27,28,11.289616852843649,561.6872386524312
5.0,27,29,8.137757610312807,639.318512268796
5.0,28,0,10.471740086505328,546.6321791979017
5.0,28,1,10.505214801756203,545.9127171803241
5.0,28,2,10.419418849558133,547.7621969375639
5.0,28,3,10.221182293852667,552.3101294181001
5.0,28,4,9.840538553178797,561.5629263040588
5.0,28,5,10.159189152785942,553.7776058445619
5.0,28,6,10.100936163328162,555.1816400575096
5.0,28,7,9.763619604056547,564.2332511721245
5.0,28,8,9.690402500362293,566.416778070437
5.0,28,9,9.78029529745618,563.8363094425771
5.0,28,10,9.489939794868858,572.679036392878
5.0,28,11,9.397085917715021,575.8013765997805
5.0,28,12,9.319230963176041,578.5642761715936
5.0,28,13,16.36126532101272,531.0048767413997
5.0,28,14,9.326189796094518,578.4172815011448
5.0,28,15,16.452382913589798,536.33157012929
5.0,28,16,9.134017640239708,585.6619851995065
5.0,28,17,8.889290410491165,595.9174591488285
5.0,28,18,8.914519666874092,594.9150085554961
5.0,28,19,8.742375469916773,602.9254959634693
5.0,28,20,8.811640586127567,599.5335457992481
5.0,28,21,8.656928137922291,607.3126691169733
5.0,28,22,8.523665142278787,614.5318091809492
5.0,28,23,8.583542737178833,610.901639567603
5.0,28,24,11.101030127572628,480.9554259986581
5.0,28,25,11.927192651576345,561.9794119917573
5.0,28,26,8.039017247598048,646.3393784600062
5.0,28,27,18.49119933165964,510.5877247274398
5.0,28,29,8.090432240892651,642.89745771056
5.0,29,0,10.385887941772099,548.3016511827542
5.0,29,1,10.318333834838981,549.8585383650843
5.0,29,2,10.420695340101311,547.754337226308
5.0,29,3,10.338344259391016,549.5935781241282
5.0,29,4,10.084434551651187,555.5145684302074
5.0,29,5,10.611126142321966,542.817745385355
5.0,29,6,10.068579390444107,556.0673537450873
5.0,29,7,9.92085646245949,559.9125401190176
5.0,29,8,21.57244674380791,485.44896295455396
5.0,29,9,9.615488563721065,568.5487909538671
5.0,29,10,9.68447435811128,566.6781343391096
5.0,29,11,9.572805642921605,570.1157376243157
5.0,29,12,9.204535077527966,582.0193537257406
5.0,29,13,9.403162740976091,575.7320967682358
5.0,29,14,9.118203407836681,585.785260014597
5.0,29,15,9.097457593161188,586.8702600526256
5.0,29,16,9.063419670589084,588.4060910623921
5.0,29,17,8.977712568271716,592.0156561982649
5.0,29,18,24.52899024052669,516.825002889302
5.0,29,19,8.912086442963988,595.0243216595773
5.0,29,20,15.671565592148767,526.1349243795049
5.0,29,21,8.84872754921429,597.6824146477364
5.0,29,22,8.480038751802123,616.6391142291059
5.0,29,23,8.427358371094979,619.9038598409112
5.0,29,24,8.52453830870856,614.389395928251
5.0,29,25,8.325981011851717,626.4171441541849
5.0,29,26,8.260612494117673,630.7378540149626
5.0,29,27,11.862796147423614,505.1890884438622
5.0,29,28,8.125093100484355,640.2658800861427
10.0,0,1,8.055144420438262,645.4892244676978
10.0,0,2,8.096480837748118,641.9260151463308
10.0,0,3,8.301164999078502,627.3403534733567
10.0,0,4,15.298944307881357,509.0236282852342
10.0,0,5,8.625808655252284,606.7019397281941
10.0,0,6,8.723687804519281,601.0624644142382
10.0,0,7,8.810446170360441,596.2440362049059
10.0,0,8,9.049481780433588,583.9843001393335
10.0,0,9,9.046143226189603,584.1379853707975
10.0,0,10,9.228805644764735,575.6233361513279
10.0,0,11,30.415210930140315,424.8426359226879
10.0,0,12,9.42524261732196,567.0847324242229
10.0,0,13,9.26769474234985,572.95612723175
10.0,0,14,19.580667417342184,482.1367207576458
10.0,0,15,9.709342617585023,555.7779195568924
10.0,0,16,9.832956032583967,551.2836831103689
10.0,0,17,10.11057097799516,542.0163164744179
10.0,0,18,12.223822241740226,518.1470806998026
10.0,0,19,14.714535964365906,500.2298387490299
10.0,0,20,10.26699888922344,536.9007963976471
10.0,0,21,21.607838312835025,442.39614508672673
10.0,0,22,18.418996234844602,474.4090948808187
10.0,0,23,10.80218066160145,522.1380841223912
10.0,0,24,33.73925987245595,417.8402304777623
10.0,0,25,10.913494036712752,519.225157957432
10.0,0,26,11.039518736743494,516.1742097586433
10.0,0,27,11.228075583235047,511.8741349180708
10.0,0,28,11.178645475602032,512.7812601247364
10.0,0,29,11.224454860308576,511.60056064998207
10.0,1,0,11.723925064411663,581.7608607780354
10.0,1,2,13.556866509239754,580.8816204479122
10.0,1,3,16.21665495639575,506.888184512095
10.0,1,4,8.349486584423067,624.1158668243567
10.0,1,5,8.271792591283745,628.6614322285056
10.0,1,6,8.462774282433873,616.3389141984779
10.0,1,7,8.465417728260931,615.4689273924655
10.0,1,8,8.868410154178223,593.1879008119671
10.0,1,9,8.792226001051887,596.8247741896444
10.0,1,10,9.032786611058782,584.7700312209761
10.0,1,11,9.21104839851559,576.4210842333541
10.0,1,12,9.130739819378936,579.6563924481644
10.0,1,13,9.373708498018859,569.179551454342
10.0,1,14,23.550932539183357,426.11234717355376
10.0,1,15,9.739687057906627,554.796804718452
10.0,1,16,9.775933352410949,553.427595099726
10.0,1,17,10.091248741552615,542.567898582115
10.0,1,18,10.106459063339067,542.1491011002895
10.0,1,19,9.814498436919777,551.1005678959826
10.0,1,20,32.937845011772815,475.47643044228704
10.0,1,21,10.150065301289555,540.2286673807823
10.0,1,22,10.39354906694993,533.138175007591
10.0,1,23,10.59658467305301,527.5211443135128
10.0,1,24,17.496121352154535,480.0949921035376
10.0,1,25,10.298129627936277,534.2997896265858
10.0,1,26,11.139000615060619,513.9408142051232
10.0,1,27,11.244312408935471,511.5481576551829
10.0,1,28,11.231348321330975,511.80282424045055
10.0,1,29,11.229517473489398,511.7113471651669
10.0,2,0,8.150294964937437,638.099598311258
10.0,2,1,8.015642613955617,648.4883442612725
10.0,2,3,8.037442028180532,646.8332540132101
10.0,2,4,8.206923267591876,634.0730814478279
10.0,2,5,8.488843966100863,614.8165854896195
10.0,2,6,8.321929710647698,625.5154891270014
10.0,2,7,8.531566753901991,612.2725858541822
10.0,2,8,8.640025520143237,605.7291978585407
10.0,2,9,8.755433410269237,599.1445691238737
10.0,2,10,8.876304553717155,592.6281397106025
10.0,2,11,9.068356329522436,583.0868433229364
10.0,2,12,9.078410660468764,582.3798629565048
10.0,2,13,9.271847622896876,573.6300970737049
10.0,2,14,9.291040565784531,572.5399340507055
10.0,2,15,9.359907337166455,569.3841307070547
10.0,2,16,9.3472881046734,569.2982168185699
10.0,2,17,9.844252335107043,551.0162720179324
10.0,2,18,9.670829267323139,556.7544606554202
10.0,2,19,10.168888505749313,540.1330888901311
10.0,2,20,10.112915297306621,541.869604975517
10.0,2,21,9.942363931375688,546.7032750929623
10.0,2,22,10.437351057478482,532.0526595392226
10.0,2,23,10.349375528547853,534.3455482459658
10.0,2,24,31.511492273780583,449.799583612201
10.0,2,25,10.791046086840506,522.4194596444453
10.0,2,26,10.524372071163999,528.7962549349502
10.0,2,27,10.809019289996778,521.6733369823071
10.0,2,28,11.016215547574268,516.7006018396086
10.0,2,29,11.407526035284638,507.9640348856686
10.0,3,0,14.51470311756336,581.4105558101294
10.0,3,1,8.236888349056525,631.9424347539349
10.0,3,2,13.719408214583225,575.5638428189995
10.0,3,4,8.0530531432265,645.6480017854492
10.0,3,5,8.20489817658127,634.2170741638722
10.0,3,6,13.956976857052297,491.1515544455549
10.0,3,7,8.313810906518485,626.024917992616
10.0,3,8,8.590889456529883,608.766016283298
10.0,3,9,8.62728687820433,606.4397671050614
10.0,3,10,8.623024815605522,606.1257765190242
10.0,3,11,9.098581777225835,581.5335593388878
10.0,3,12,9.145030538232852,579.4585576415349
10.0,3,13,18.587723608761337,533.2684019244614
10.0,3,14,9.093646162076196,581.2405524297694
10.0,3,15,25.496673447944403,501.5315741409574
10.0,3,16,9.621868615359428,559.2366581500686
10.0,3,17,9.43305077759583,566.1287897530583
10.0,3,18,9.821350696335553,551.8245868961886
10.0,3,19,9.827726495750776,551.4601476973974
10.0,3,20,9.925534899111971,547.9916220345251
10.0,3,21,9.889724092030242,548.7736040907463
10.0,3,22,10.148972497004443,540.5757483785005
10.0,3,23,10.216478517093911,538.3385807283744
10.0,3,24,10.50040703693903,530.217479542864
10.0,3,25,10.846706780809432,520.9501499745543
10.0,3,26,10.648693705721227,526.0167659101096
10.0,3,27,10.909694309968064,519.4229725460999
10.0,3,28,10.642146392426369,525.583705186048
10.0,3,29,14.893713641674072,488.32190752319974
10.0,4,0,8.444321662121862,617.8357875345598
10.0,4,1,12.71126629383371,587.3334936232367
10.0,4,2,11.291157979565218,547.6337177846692
10.0,4,3,8.31131181776135,626.0400706139942
10.0,4,5,8.013790381617442,648.6289724290034
10.0,4,6,8.025745216377643,646.9556232917744
10.0,4,7,8.341436090373668,624.6530741695843
10.0,4,8,8.655769359495903,604.5681241083063
10.0,4,9,8.38930758289422,620.6815365279924
10.0,4,10,8.861719686560393,593.3629615246695
10.0,4,11,8.818307836623166,595.8295319743389
10.0,4,12,9.090065112631116,581.9586538148467
10.0,4,13,8.976803389790602,587.4192026117528
10.0,4,14,9.048624487792546,583.7180131285506
10.0,4,15,9.125930539455878,579.8617825161284
10.0,4,16,9.563419123576761,561.4679725235546
10.0,4,17,9.470170600449652,565.1129138084042
10.0,4,18,24.815813207771377,478.5871091516022
10.0,4,19,9.600778917657324,559.6096826357582
10.0,4,20,10.045177913810655,544.1225046305806
10.0,4,21,10.030248949092826,544.6101277397453
10.0,4,22,34.81560061925947,451.154909702939
10.0,4,23,10.29108084387602,536.3611472599379
10.0,4,24,10.565269738104636,528.4121583540765
10.0,4,25,10.431945535363504,532.088703534677
10.0,4,26,10.683767059791608,525.2307631278795
10.0,4,27,10.662784083705471,525.6606959616496
10.0,4,28,11.05270276941257,515.9441734024839
10.0,4,29,10.885823783830068,519.8735608954601
10.0,5,0,8.43303562880184,618.0967683299605
10.0,5,1,21.56539267360832,518.985666641026
10.0,5,2,8.366745475584002,622.9641855678717
10.0,5,3,8.082138699255596,642.9458031285027
10.0,5,4,8.051091364033272,645.7969471460016
10.0,5,6,13.27581026787304,528.6624673991729
10.0,5,7,8.167514832029095,636.8751913984515
10.0,5,8,8.366185536412525,623.0015501611441
10.0,5,9,8.4993676856013,614.3818264768194
10.0,5,10,8.615055244243148,607.3375746901474
10.0,5,11,8.51787028099352,612.5430918872339
10.0,5,12,29.193435272377677,501.3038863458089
10.0,5,13,9.084656280296855,582.2286262578274
10.0,5,14,8.838916708539283,593.9441120911532
10.0,5,15,9.236189402121592,575.2916192743452
10.0,5,16,9.187706362037733,577.2235205306306
10.0,5,17,9.402868773637064,567.9942105362359
10.0,5,18,9.358689962597236,569.4312875812233
10.0,5,19,9.593965315540826,560.1820663777453
10.0,5,20,9.769286651550855,553.6621908529006
10.0,5,21,17.013646985819825,498.9411841062728
10.0,5,22,10.05020677275129,543.9656367010579
10.0,5,23,9.867085007434964,549.4739014874195
10.0,5,24,10.06697875186391,543.0074910424042
10.0,5,25,10.133040919761912,540.7131726995079
10.0,5,26,10.526285856968116,529.510146694419
10.0,5,27,10.763093836298932,523.1467578232982
10.0,5,28,10.58919249992729,527.5203871262364
10.0,5,29,13.998415057103998,500.24393446078045
10.0,6,0,12.42817984212041,526.4905578268131
10.0,6,1,8.53878181460073,611.8461030545535
10.0,6,2,8.433017665993079,618.5450769610748
10.0,6,3,8.275313896153516,629.0653907553321
10.0,6,4,8.052872502960101,645.0267560687904
10.0,6,5,9.506045636283432,607.222395398919
10.0,6,7,7.925643624023107,655.3213925733012
10.0,6,8,8.23846865417212,631.8300682357973
10.0,6,9,8.270953890475726,629.3563327846002
10.0,6,10,21.408051157519306,438.30731957173157
10.0,6,11,8.657118018679892,604.8512408184081
10.0,6,12,8.599026807347741,608.0161311595264
10.0,6,13,8.989533222941104,586.8017197221495
10.0,6,14,18.77539633378391,510.06240896825034
10.0,6,15,24.975551491517326,480.3266789530699
10.0,6,16,24.39270212100735,510.65529502505296
10.0,6,17,9.209237543235174,576.3039877023822
10.0,6,18,9.419319508587352,567.3255018612972
10.0,6,19,9.427396098249568,566.7698498647869
10.0,6,20,9.772982799960735,553.5663343700287
10.0,6,21,9.783853053239026,553.1480687272009
10.0,6,22,9.932294131809535,547.9316354596492
10.0,6,23,9.978998403066157,546.2651437478667
10.0,6,24,10.110200229564125,541.9535904769563
10.0,6,25,34.95180953587176,452.98662720132154
10.0,6,26,10.333060660666515,535.0207116746486
10.0,6,27,10.310888509945176,535.3974946819234
10.0,6,28,10.502289434233964,529.9983882725876
10.0,6,29,10.892998981886523,519.8430658723988
10.0,7,0,23.152642825640537,406.8762968944589
10.0,7,1,8.773843627460728,598.2647419029175
10.0,7,2,8.593556884921735,608.6083443833838
10.0,7,3,8.39654953650644,620.8333348793336
10.0,7,4,8.228148226907317,632.2127434278705
10.0,7,5,8.127757811788847,639.7020872249775
10.0,7,6,8.067877180538309,644.5225073414907
10.0,7,8,8.04944293916245,645.9221015148398
10.0,7,9,8.13469151693452,639.2090708464808
10.0,7,10,8.401084186265228,620.6727724582657
10.0,7,11,8.497051149225676,614.5271816891395
10.0,7,12,8.707242635532515,601.8883708138139
10.0,7,13,14.267223077951964,547.1552635064662
10.0,7,14,8.663848350068742,603.9733666893251
10.0,7,15,8.90551351957937,591.1702250659182
10.0,7,16,8.891653733813362,591.4485533250455
10.0,7,17,9.279575752640904,573.3424782066774
10.0,7,18,21.16045131788176,487.77559464952196
10.0,7,19,9.468869610702768,565.3113314774935
10.0,7,20,9.734488592331177,554.8741503261169
10.0,7,21,28.192528927308167,484.977063783989
10.0,7,22,15.11797660514664,526.8510229621281
10.0,7,23,9.951082910731424,547.2976301511524
10.0,7,24,10.054980243078028,543.8114886886458
10.0,7,25,32.783428521591105,449.5828535183703
10.0,7,26,10.290182661972544,536.3877852339795
10.0,7,27,10.469061756305548,531.150189031423
10.0,7,28,18.1873054460646,508.41619808454004
10.0,7,29,10.371280026780902,533.4401555055854
10.0,8,0,9.055226106898445,583.6975820913043
10.0,8,1,15.652764054789364,484.7064332185325
10.0,8,2,8.55913093281733,610.241547466878
10.0,8,3,8.691858473200647,602.7977298469795
10.0,8,4,8.2926503165696,627.3526770026662
10.0,8,5,8.37972457430397,622.0980937325118
10.0,8,6,8.3179699766857,626.1771808851148
10.0,8,7,7.893104418490304,657.7918865600382
10.0,8,9,8.046822017086557,646.1210913832824
10.0,8,10,8.431918604036667,618.0749414026218
10.0,8,11,8.354901753775794,623.7545140012772
10.0,8,12,13.76352490459016,558.9916974880886
10.0,8,13,8.416128649986742,619.0961411640083
10.0,8,14,8.601791086807602,607.8619379588393
10.0,8,15,8.606183261257058,607.0137429237876
10.0,8,16,8.987432036832939,587.081404991351
10.0,8,17,16.176001395404718,518.1439699320946
10.0,8,18,22.717127843456602,439.40157765339325
10.0,8,19,9.277526626255273,573.3875636998091
10.0,8,20,9.510005147991897,563.6392061459123
10.0,8,21,9.74992729092531,554.2761086178912
10.0,8,22,9.667061236401482,557.4807491022939
10.0,8,23,9.769238059869949,553.6639058995411
10.0,8,24,9.925869292179849,548.1484341376473
10.0,8,25,10.0624603647807,543.569935727353
10.0,8,26,10.025471644209725,544.5745095118126
10.0,8,27,10.346359866778945,534.7217007609206
10.0,8,28,10.325177281406363,535.2450686755108
10.0,8,29,10.587265126242498,527.8434308169768
10.0,9,0,11.722716450097659,531.5331299174338
10.0,9,1,17.489286139039606,537.1518611998306
10.0,9,2,8.60319596064584,607.1712475417587
10.0,9,3,25.008387181368768,506.9154806783984
10.0,9,4,8.432342028571012,618.1377670936047
10.0,9,5,8.366713663858556,622.705439996754
10.0,9,6,8.281600933427285,628.6458584157687
10.0,9,7,8.240039115685267,631.7184016403029
10.0,9,8,7.929273968828285,655.0457636861134
10.0,9,10,8.055501381798743,645.4621226721829
10.0,9,11,25.54669480637061,501.4792837785901
10.0,9,12,8.179835062699016,635.4366681366678
10.0,9,13,8.291516630533378,627.4238121578202
10.0,9,14,8.635809233630358,606.1108047616746
10.0,9,15,8.586924339245186,608.6912142399611
10.0,9,16,8.760313787009073,598.8872525782687
10.0,9,17,9.032244227164533,584.8446825803971
10.0,9,18,9.112503031407027,580.9977856199229
10.0,9,19,14.552074238431715,550.0200329721906
10.0,9,20,9.155084971984413,578.6166832550563
10.0,9,21,9.266806782749194,573.5250171482862
10.0,9,22,9.597963433209943,560.1626621057103
10.0,9,23,9.588155271021046,560.3967811449666
10.0,9,24,14.94969360033355,476.519316548557
10.0,9,25,9.828288307945938,551.4411900037873
10.0,9,26,9.664730922653431,556.4136738853676
10.0,9,27,21.71921313368181,432.2921807676574
10.0,9,28,10.211810236394221,538.7121280314182
10.0,9,29,14.859977192254624,490.41029849162703
10.0,10,0,9.258381976783914,574.2946131156372
10.0,10,1,8.966110729487795,587.9251879610022
10.0,10,2,8.87713430200663,592.5867242702772
10.0,10,3,8.686022489905946,602.804241154795
10.0,10,4,13.535716321981782,533.5422829533633
10.0,10,5,19.812623123111905,457.5912940646329
10.0,10,6,8.290877281981812,627.4639292245915
10.0,10,7,20.776978577295125,487.08349252109707
10.0,10,8,8.122374847071773,640.0848392622548
10.0,10,9,8.127966821247117,639.9602848285087
10.0,10,11,8.077978625237767,643.7555691824688
10.0,10,12,8.1983051446355,634.6858672066862
10.0,10,13,14.620637484829542,489.764240374474
10.0,10,14,8.394499886225724,620.9619438469592
10.0,10,15,8.485660229718542,614.9861240727032
10.0,10,16,8.80337588893345,596.6174142769927
10.0,10,17,20.88426166644235,483.6533045539512
10.0,10,18,8.767847051449792,598.0416069873057
10.0,10,19,8.918044399638747,590.1997256351697
10.0,10,20,8.913579559335654,589.7849353952304
10.0,10,21,9.029926807351366,583.9618169032324
10.0,10,22,9.278656775523867,573.0433248111152
10.0,10,23,20.52483606166082,458.65850018877455
10.0,10,24,25.066034808969107,514.03620693294
10.0,10,25,9.85953857269346,550.4767432358677
10.0,10,26,10.21157723399153,538.5075547307734
10.0,10,27,9.965674305218688,546.6954141925925
10.0,10,28,10.080299951330044,542.8784992080937
10.0,10,29,10.394192432930126,533.3030987488469
10.0,11,0,14.761292095563624,507.14062575347816
10.0,11,1,8.983547029793296,586.6416318346066
10.0,11,2,15.619444970373092,464.39792159717064
10.0,11,3,8.951173423749296,588.8911904955669
10.0,11,4,8.846651237942456,594.3351337942474
10.0,11,5,8.847163472288784,594.1749160687078
10.0,11,6,8.446714986842139,617.2881804111967
10.0,11,7,8.370587957796861,622.4623405039424
10.0,11,8,8.362459602857998,623.250180724814
10.0,11,9,8.296219156207062,627.7237581502874
10.0,11,10,7.985970491755395,650.7411589280434
10.0,11,12,8.158250791041164,637.661016482965
10.0,11,13,8.201008025137416,634.4936807308313
10.0,11,14,8.218029524276094,632.8879617864347
10.0,11,15,8.49051527986547,614.9372864854846
10.0,11,16,27.27429418183076,468.1614091602259
10.0,11,17,8.508478673611064,613.066961496991
10.0,11,18,8.732861405970509,600.3346719546895
10.0,11,19,21.228652821356846,430.8848081141276
10.0,11,20,9.063886419688147,583.2983630780363
10.0,11,21,25.335687543261255,503.38740201620635
10.0,11,22,13.535247207477472,525.8675056311515
10.0,11,23,9.547892799094058,562.0991046828698
10.0,11,24,9.579153018371558,560.8913124225614
10.0,11,25,9.80799294977728,552.2725067336568
10.0,11,26,9.475475202979771,564.0322856592915
10.0,11,27,19.84552831401519,481.96965157258836
10.0,11,28,9.836241280741321,550.8751497095202
10.0,11,29,10.126832488119982,541.4391029181311
10.0,12,0,9.224949759261639,575.2264702929524
10.0,12,1,9.185537844370911,577.3161314823939
10.0,12,2,9.12274625233656,580.388077018427
10.0,12,3,18.088470076804843,509.7415232384005
10.0,12,4,8.698074742930242,601.5241702134024
10.0,12,5,8.710806098612341,601.4975320788546
10.0,12,6,8.566037431095976,609.8562987644269
10.0,12,7,8.43884533336896,617.7533562406852
10.0,12,8,13.896215033091224,495.4552505355825
10.0,12,9,15.332626883117682,498.46041564070185
10.0,12,10,8.066178999890653,644.0806066740082
10.0,12,11,8.062752089288605,644.9116227764422
10.0,12,13,14.55786004886951,587.4333955414761
10.0,12,14,7.9319904993224295,653.6219885464873
10.0,12,15,8.229491156896351,632.1231300637951
10.0,12,16,8.393324370017641,621.0357037109568
10.0,12,17,8.42840126268496,618.3707060719362
10.0,12,18,8.526816883065317,612.0440449461577
10.0,12,19,8.735511676227851,600.1949371711079
10.0,12,20,8.841802086759165,594.3502702404221
10.0,12,21,8.953398357228433,588.5267477165061
10.0,12,22,9.192757799124397,577.2427933192512
10.0,12,23,9.504366663673641,563.6998991330315
10.0,12,24,9.42222882294954,567.2072406554606
10.0,12,25,9.486256178470375,564.4898142318006
10.0,12,26,9.398532826994174,567.4044277801269
10.0,12,27,9.771486694670353,553.5845401832678
10.0,12,28,9.894757279993337,549.1982724994841
10.0,12,29,16.515592974981264,498.8510269374604
10.0,13,0,9.519291630897136,563.2101352303062
10.0,13,1,9.459103587474601,565.7083121882071
10.0,13,2,11.488306772949423,518.9101804036876
10.0,13,3,9.060138252229619,583.2007548010092
10.0,13,4,11.239955365103402,533.731772671342
10.0,13,5,9.138254324994577,579.5533732324429
10.0,13,6,8.746990941305839,599.589696019981
10.0,13,7,8.737190444861536,600.3092788690246
10.0,13,8,8.517142195545418,613.1252226216585
10.0,13,9,8.227572455072488,631.436103654112
10.0,13,10,8.208227665319523,633.5420372501322
10.0,13,11,19.62264088288984,544.5440227825006
10.0,13,12,8.038699582083893,646.7377759797
10.0,13,14,8.034475050581463,647.058517666617
10.0,13,15,8.274770192881851,629.248872068306
10.0,13,16,8.249926098706492,630.7595117849238
10.0,13,17,15.522038457989701,499.90014739728485
10.0,13,18,8.678211964069249,603.6043760641809
10.0,13,19,8.63278640990824,606.1329998595571
10.0,13,20,8.912554414472885,590.8604066096062
10.0,13,21,8.79378537090691,596.7469409599835
10.0,13,22,9.150744611572179,579.1881630612941
10.0,13,23,25.743703360698916,523.652245198178
10.0,13,24,9.149166518761836,578.8694428217847
10.0,13,25,17.956642641305642,447.88732991946387
10.0,13,26,9.63362910380853,558.7810975625755
10.0,13,27,9.792478616997803,552.8458511099344
10.0,13,28,17.72415139269908,494.3379978659996
10.0,13,29,15.52132298641499,490.08449250004776
10.0,14,0,19.803789973331384,525.9514525208668
10.0,14,1,26.049208413284045,500.20943523932795
10.0,14,2,15.478898507111431,541.6402748704545
10.0,14,3,9.228253288514589,575.4918816744922
10.0,14,4,9.196089731580805,577.0931055416956
10.0,14,5,16.44441499879941,518.0457219858391
10.0,14,6,9.088100996566817,582.0566892464161
10.0,14,7,8.701729696773718,601.9760829146071
10.0,14,8,8.724111206968656,601.0388467663862
10.0,14,9,8.461196702472122,616.432165072839
10.0,14,10,8.57437229824578,609.6755280950349
10.0,14,11,8.190155230093023,634.7480060876037
10.0,14,12,8.260185601405777,630.285899504622
10.0,14,13,8.066747301217491,644.608291859647
10.0,14,15,8.160542716196343,637.4870052487875
10.0,14,16,8.31172804047426,626.6210095050398
10.0,14,17,8.465558329560077,616.3704298762189
10.0,14,18,8.452126401163902,617.3460652437732
10.0,14,19,8.643395319731175,605.6623906216428
10.0,14,20,8.77198638445297,598.368340054978
10.0,14,21,8.612743596590523,606.6678510150261
10.0,14,22,8.962458031886854,588.327938939833
10.0,14,23,8.950365323085192,588.6702733496779
10.0,14,24,16.503406860693957,487.8649763793693
10.0,14,25,18.44798495025684,534.5925326254946
10.0,14,26,9.476115654861294,565.0167858172274
10.0,14,27,9.436946273518314,566.3999091539976
10.0,14,28,9.595022518543669,560.1429966088496
10.0,14,29,9.616514604229483,559.0542905215622
10.0,15,0,9.433450327947961,565.5155564454577
10.0,15,1,9.636222329111856,558.6204251886833
10.0,15,2,9.135118459457084,578.0916732240495
10.0,15,3,9.436750331804028,566.6169534145841
10.0,15,4,9.209209961504742,576.3051656362059
10.0,15,5,9.121957838349799,580.4234966852468
10.0,15,6,9.000592991808684,586.2934593687485
10.0,15,7,20.79959789986218,481.24337603393474
10.0,15,8,9.00208648708164,586.1398522604959
10.0,15,9,14.349984245322752,482.0736769598008
10.0,15,10,12.687257506431775,508.4853257696712
10.0,15,11,8.369980517608294,622.5004554234879
10.0,15,12,8.335653579976167,625.0389395637242
10.0,15,13,8.222613187543313,632.9574603836431
10.0,15,14,7.9664696222150715,652.2217353633516
10.0,15,16,8.006472602613037,649.1845646363311
10.0,15,17,8.240147062292714,631.710726170355
10.0,15,18,8.223343002444722,632.533394789257
10.0,15,19,8.405513828100846,620.2708543926391
10.0,15,20,8.51372826075989,613.3270205726218
10.0,15,21,8.924063467273152,589.8853872668502
10.0,15,22,8.840829875111742,594.6420635773695
10.0,15,23,9.013719712979636,585.7693014334991
10.0,15,24,8.94287571813016,589.0246875245973
10.0,15,25,9.308568899695759,572.0399548801211
10.0,15,26,9.306346550132407,572.1567503101656
10.0,15,27,9.262202265559086,573.712186937249
10.0,15,28,9.517142550121058,563.2933831757599
10.0,15,29,19.751563028735582,474.59549407929126
10.0,16,0,9.960608593469845,546.9761971592413
10.0,16,1,9.761487446814085,553.937464307792
10.0,16,2,9.478516107999155,564.4485826907967
10.0,16,3,9.389319418891668,568.2448085362012
10.0,16,4,18.417684837926235,510.88424107064594
10.0,16,5,9.421685223136512,567.2309779978457
10.0,16,6,9.071070312797048,582.709629644107
10.0,16,7,9.08365416468528,582.3629373679703
10.0,16,8,8.943070929200747,589.2956123952166
10.0,16,9,8.718962410351857,601.0674927450962
10.0,16,10,8.46047948462593,615.7443856458402
10.0,16,11,8.559907968140351,610.5973344740569
10.0,16,12,8.38991157543383,621.2498456025135
10.0,16,13,8.286652421150166,628.3087739719559
10.0,16,14,8.211731875607063,633.7311686523673
10.0,16,15,7.982729158062547,650.9872526868206
10.0,16,17,7.8883184184195825,658.1552569681853
10.0,16,18,8.109102381308794,641.028568894062
10.0,16,19,14.074243333211282,467.8590029245609
10.0,16,20,8.344838613735227,624.0780290865057
10.0,16,21,8.558721770937707,610.6674506830561
10.0,16,22,17.272608967478234,487.52667614443294
10.0,16,23,8.742252645825431,599.8395213695533
10.0,16,24,25.0295133433951,487.38737990300706
10.0,16,25,9.081296936090835,582.4744833350023
10.0,16,26,9.2590722370381,574.2636030262264
10.0,16,27,9.34103919789108,570.6751303181908
10.0,16,28,22.817470031843747,499.96398839190886
10.0,16,29,22.562327824604985,485.9180295844144
10.0,17,0,33.954422621758425,489.10746030231445
10.0,17,1,9.837333204504988,551.1359805776142
10.0,17,2,9.828716287791579,551.564617851158
10.0,17,3,26.34485878750489,480.6820771593171
10.0,17,4,9.472997906716008,565.0033937566394
10.0,17,5,9.390701043502135,568.4888186324775
10.0,17,6,9.296651019889008,572.5708176232557
10.0,17,7,9.0161357411916,585.1775770116379
10.0,17,8,9.123435409703262,580.4804566209931
10.0,17,9,9.021189075096773,585.3964812361531
10.0,17,10,8.681715265921678,603.0313383761492
10.0,17,11,8.696601144630609,602.5733748864975
10.0,17,12,13.264572834952986,554.0881814712048
10.0,17,13,13.888038035480182,474.7487525097804
10.0,17,14,8.295158291783958,627.7411794673218
10.0,17,15,8.198715336858509,634.6567007682487
10.0,17,16,7.9028662352713495,657.0507341790162
10.0,17,18,8.073927185440855,644.0631691220497
10.0,17,19,8.247074991839341,631.2181204618919
10.0,17,20,8.182459289196046,635.2615541944558
10.0,17,21,8.436680404775306,618.3152518743777
10.0,17,22,8.697782257136415,602.4475745173421
10.0,17,23,8.696875984353198,602.5580441585024
10.0,17,24,8.790401115034712,597.3009063335528
10.0,17,25,9.04870750591189,584.0229467031834
10.0,17,26,8.803561144677827,595.6171660198985
10.0,17,27,17.616329595356913,499.6133266204252
10.0,17,28,25.320557510865672,439.58444482627436
10.0,17,29,9.280763042314533,572.9577068202528
10.0,18,0,9.9058481770455,548.2748359222543
10.0,18,1,10.067061888106743,543.4213403394642
10.0,18,2,9.686548902739888,556.2240199948915
10.0,18,3,20.14008295499618,472.81148835650725
10.0,18,4,16.272464687571876,500.2791041534323
10.0,18,5,9.15763768745855,577.2193563315466
10.0,18,6,24.167337702613615,471.9919957077939
10.0,18,7,9.273139784639302,573.574912681791
10.0,18,8,9.036443136316883,584.2652629464478
10.0,18,9,27.685154982867033,500.82201087944196
10.0,18,10,8.790183009585968,596.9267465494731
10.0,18,11,8.77273841771506,598.2321672797127
10.0,18,12,8.653210381300765,604.9937382308099
10.0,18,13,26.138624750133012,510.93963966381773
10.0,18,14,8.525314398649952,612.7537536246562
10.0,18,15,24.69115153541769,441.9631365856832
10.0,18,16,16.258578098094798,521.2439208500871
10.0,18,17,8.088311260528968,642.9710781988665
10.0,18,19,8.228548989677511,632.3237233878873
10.0,18,20,12.90078397677225,436.63822035569365
10.0,18,21,8.343767837590764,624.4974772926037
10.0,18,22,21.29431356757947,428.03150137290737
10.0,18,23,8.595594066800981,608.4879264038976
10.0,18,24,8.812295385721397,596.1198792852447
10.0,18,25,8.851233155614059,594.0935534224127
10.0,18,26,24.795482565314213,433.61384343510025
10.0,18,27,15.103610988933621,546.7633082986199
10.0,18,28,9.121945773717838,580.4240386914155
10.0,18,29,9.557617103145787,561.4257309504185
10.0,19,0,10.245362174838867,537.717056028881
10.0,19,1,10.047575255113433,543.8907759841694
10.0,19,2,10.059143896459679,543.6770332821548
10.0,19,3,9.993734360750716,545.8584069935569
10.0,19,4,9.775602886833132,553.4392589044853
10.0,19,5,26.008373666193705,465.9579082814995
10.0,19,6,9.485913444746835,564.5030905491172
10.0,19,7,9.311633406434229,571.702852228787
10.0,19,8,9.246012713725838,574.7334293470134
10.0,19,9,9.258126413612661,574.3060943457132
10.0,19,10,9.16387986428509,578.5665922600897
10.0,19,11,8.699477916047286,601.4541332717997
10.0,19,12,8.766952040910335,598.537252434063
10.0,19,13,8.747754417965057,599.7200139815716
10.0,19,14,8.34698096830002,623.1834660119804
10.0,19,15,8.456110919577778,617.0960495193765
10.0,19,16,12.428609594956914,582.054431720753
10.0,19,17,8.138442136182329,638.9423856212187
10.0,19,18,7.999924111314182,649.6817497430698
10.0,19,20,8.062918960227751,644.8989533321526
10.0,19,21,8.272332658517366,629.422191287914
10.0,19,22,15.269873200067886,432.5636498669628
10.0,19,23,8.402710719818472,620.4467404282864
10.0,19,24,8.623598815183502,606.8325635467061
10.0,19,25,17.70535438958635,547.6802804851097
10.0,19,26,8.851222946641625,594.0940916877272
10.0,19,27,8.855292474094464,593.6769210588259
10.0,19,28,13.30630120728344,470.4937581224751
10.0,19,29,8.849518874847497,592.6628753340414
10.0,20,0,10.639942565816607,526.2870073092645
10.0,20,1,17.44030215304886,448.2202906887288
10.0,20,2,10.129120822116487,541.3683176205309
10.0,20,3,9.868306707242708,549.8396720750104
10.0,20,4,9.83312098069209,551.278117129918
10.0,20,5,9.5893138645247,560.0143424559384
10.0,20,6,9.496251832488102,563.7931450358558
10.0,20,7,9.608012789691182,559.7733848437723
10.0,20,8,9.313256931586611,571.6368572834756
10.0,20,9,9.198699034323644,576.7540561317953
10.0,20,10,9.112203080818848,580.8617312516747
10.0,20,11,9.053442014876838,583.7926007762791
10.0,20,12,17.35658089359795,437.5480797087702
10.0,20,13,8.708759633495099,601.6054313994892
10.0,20,14,8.613059891540155,607.2333571315892
10.0,20,15,11.030341902794344,542.385143336894
10.0,20,16,20.068092612783268,546.5196769884532
10.0,20,17,8.213165728401439,633.2125216027043
10.0,20,18,8.259015016897463,630.3691331182364
10.0,20,19,8.048849389151627,645.9671659750367
10.0,20,21,7.956873361277594,652.9503181468892
10.0,20,22,11.904195631347989,554.4698731184766
10.0,20,23,8.222002850081699,632.6228228030809
10.0,20,24,8.521312061814106,613.0048873977639
10.0,20,25,14.79502940913766,559.5339425595204
10.0,20,26,8.603849281714897,607.7471305867908
10.0,20,27,19.8516601355928,454.11504625085445
10.0,20,28,8.734468089446084,599.7076597246437
10.0,20,29,8.991804032949613,586.7093600232076
10.0,21,0,10.20672214976181,538.2446217216353
10.0,21,1,10.428177027946111,532.3137477964004
10.0,21,2,10.271387086580695,536.9452180295499
10.0,21,3,14.53916237356408,501.5325877894217
10.0,21,4,15.2709091547596,449.00410926172253
10.0,21,5,9.814711645745415,551.8993185464981
10.0,21,6,24.388597813012723,441.37654857913515
10.0,21,7,9.719326822995363,555.5492332213078
10.0,21,8,9.523507721728063,563.0468184748692
10.0,21,9,9.436782320699319,566.6156530926321
10.0,21,10,9.10513313444912,580.7499779416709
10.0,21,11,9.18680560387069,577.5101969628606
10.0,21,12,8.97366587071561,587.5676725565539
10.0,21,13,8.916882158075554,590.6027792812272
10.0,21,14,8.852102650226271,594.047709553801
10.0,21,15,8.784642920738964,597.6623507120453
10.0,21,16,8.534816310213362,612.0805043276239
10.0,21,17,8.362802653466794,622.9508433290149
10.0,21,18,8.223196730817275,632.5431554563888
10.0,21,19,8.323372144847518,625.7930633999875
10.0,21,20,8.086016100629509,643.1453350265109
10.0,21,22,18.119515999212197,439.8099542392196
10.0,21,23,8.2132134435789,633.6258227715394
10.0,21,24,10.25972954922993,549.8130512634018
10.0,21,25,8.194553805128614,633.507917817544
10.0,21,26,14.065096851246757,530.1409716410499
10.0,21,27,8.617422601018788,606.9900025258246
10.0,21,28,8.702987595642847,601.9097605364427
10.0,21,29,8.794175727469753,596.7274569922077
10.0,22,0,15.908358862398838,448.3854223482272
10.0,22,1,10.220266977621584,537.874407714158
10.0,22,2,24.41530103758346,428.99808166989607
10.0,22,3,10.027047827281166,544.1917488507352
10.0,22,4,10.120069343319464,541.6483080508384
10.0,22,5,10.000669280329474,545.5653336665816
10.0,22,6,9.706634930594921,555.5462405426103
10.0,22,7,9.59671247587612,559.7532079714823
10.0,22,8,9.56056921482933,561.4162455593257
10.0,22,9,9.530549882116555,562.7740295734825
10.0,22,10,16.913114740819097,517.8055275210708
10.0,22,11,21.386116052750296,463.2207513541856
10.0,22,12,23.398521845094358,416.0239152900218
10.0,22,13,8.967389361790019,587.8646820444501
10.0,22,14,8.698755439603485,601.4901944248315
10.0,22,15,8.848462390530592,594.2396412631608
10.0,22,16,8.66324619371791,604.4339344698066
10.0,22,17,8.745465326088466,599.6290245992366
10.0,22,18,8.43669880097318,618.3140975720858
10.0,22,19,8.238197184336912,631.5421791482212
10.0,22,20,8.084876734889063,642.7511169709801
10.0,22,21,8.003394979224321,649.4182289176423
10.0,22,23,20.9167132617484,496.66296636069677
10.0,22,24,8.127618088872598,639.7120221277048
10.0,22,25,8.290855697954006,628.0282904191214
10.0,22,26,8.442634519819617,617.9416502916216
10.0,22,27,8.502623107714008,613.983447033752
10.0,22,28,8.617086898208548,607.008728234112
10.0,22,29,8.803937449246092,596.5872067679035
10.0,23,0,10.893276462019545,519.8360538293739
10.0,23,1,10.474202230402184,530.7362712971283
10.0,23,2,10.516800315014802,529.7694102698579
10.0,23,3,10.442765173354829,531.8985765298617
10.0,23,4,10.345256417088073,534.754426497331
10.0,23,5,10.023767052244704,544.6272378502961
10.0,23,6,9.994984889928581,545.7488977032456
10.0,23,7,9.92625255650151,548.1355013326204
10.0,23,8,9.761592845275532,553.9337442620177
10.0,23,9,9.64882774334797,558.154582186238
10.0,23,10,9.49666806774576,564.086493705129
10.0,23,11,9.362015234881701,569.6548728622782
10.0,23,12,8.995302568075367,585.4405153720002
10.0,23,13,9.030302446731918,584.5411347381655
10.0,23,14,8.82063518194634,594.8092087421254
10.0,23,15,8.737823566229192,599.5401769467505
10.0,23,16,8.575289128485444,608.6426277308482
10.0,23,17,8.762426789271878,598.9015801269927
10.0,23,18,8.589722751400831,608.8349803143096
10.0,23,19,8.40941028929535,620.0263639757457
10.0,23,20,8.265073990846474,629.7486969364958
10.0,23,21,7.963769206884098,651.3623852050999
10.0,23,22,8.14822932646314,638.4218822623507
10.0,23,24,8.12895572882022,639.8852033945036
10.0,23,25,13.320984543430791,564.9399443342913
10.0,23,26,8.343786764386486,624.4962143125156
10.0,23,27,8.58508831871954,609.0031322511436
10.0,23,28,8.490179841565084,614.7189694645812
10.0,23,29,8.576790772517521,609.2564707962549
10.0,24,0,10.758326591814088,523.1051175767547
10.0,24,1,20.86842057837015,454.62770417472393
10.0,24,2,23.049892267174755,423.34767614057887
10.0,24,3,10.63257470465318,526.605006765067
10.0,24,4,20.932844360598654,442.734446488675
10.0,24,5,10.182047009027679,539.5948357267264
10.0,24,6,10.237441874490996,538.0176101012617
10.0,24,7,9.9564151815318,546.9944158444969
10.0,24,8,9.957438309819585,547.0831746627855
10.0,24,9,9.616342503286768,559.0603648358916
10.0,24,10,9.707795825920249,555.9753702920968
10.0,24,11,9.456875325270499,565.6279267177496
10.0,24,12,9.575849363021803,560.9626936424845
10.0,24,13,9.217022681895083,575.9715075423478
10.0,24,14,9.398011865012869,568.0217105515053
10.0,24,15,12.436021339087398,565.3380815697338
10.0,24,16,18.105880578610765,491.20945775553275
10.0,24,17,8.878063325283733,592.6789399723812
10.0,24,18,16.690163578111576,529.1530713259001
10.0,24,19,8.495061499228763,614.4304143000213
10.0,24,20,8.431878885012786,618.6165318075941
10.0,24,21,8.145006919624189,637.7607409408492
10.0,24,22,8.096504135879817,641.924358548556
10.0,24,23,8.032663253192773,647.1960758669683
10.0,24,25,7.994786157258135,650.0718417687278
10.0,24,26,8.114324595430148,640.6572469183287
10.0,24,27,8.168744830055843,636.1767164367644
10.0,24,28,8.578120754471652,609.4403245142415
10.0,24,29,8.418279010310833,618.9690331978356
10.0,25,0,10.540358562566745,527.9689211150929
10.0,25,1,10.693024229524593,524.6936515899956
10.0,25,2,33.618033271905645,461.0591226850272
10.0,25,3,10.479064934065939,530.6085225006177
10.0,25,4,10.24840827831056,537.1052356130766
10.0,25,5,10.441930971326391,531.9223174991894
10.0,25,6,27.65867183654461,420.3252438115792
10.0,25,7,10.041315069286755,544.0844230293343
10.0,25,8,9.605812683881307,558.316300021047
10.0,25,9,9.771370723508182,553.3618071354477
10.0,25,10,12.14874471313057,522.9988780216536
10.0,25,11,9.7325618459927,555.0601225316448
10.0,25,12,9.461008485683763,565.4678223994453
10.0,25,13,23.19052284083774,450.931838118565
10.0,25,14,9.377835921231586,569.1036515045901
10.0,25,15,8.992044182937914,586.2598954139537
10.0,25,16,8.994358811070429,586.5884658525233
10.0,25,17,8.895106643574902,591.6896661513678
10.0,25,18,8.606324487924342,607.006296785895
10.0,25,19,28.840410104530022,462.6749944514195
10.0,25,20,8.37970114801659,621.2493736415151
10.0,25,21,8.543278479610073,611.6265652802059
10.0,25,22,8.291993339809878,627.9523758780433
10.0,25,23,8.232868705039206,632.2282488020704
10.0,25,24,8.011702134092616,648.7875197219823
10.0,25,26,7.996616470524348,649.9328777760923
10.0,25,27,18.39853585119932,530.7067371848816
10.0,25,28,8.3164907970685,626.3176670144659
10.0,25,29,8.258435415778793,629.4995520620434
10.0,26,0,10.856893252272414,520.2995081506317
10.0,26,1,16.03608610671823,434.4769637560596
10.0,26,2,10.60672845998051,526.7928676108781
10.0,26,3,13.669387677439497,483.5641362866491
10.0,26,4,10.444681265056252,531.5118208793253
10.0,26,5,10.487139031650997,530.5801272973991
10.0,26,6,10.14640208568841,540.3329206506888
10.0,26,7,18.257816166897932,413.4465173887837
10.0,26,8,10.125843502694027,541.4696953175821
10.0,26,9,9.957576358222035,546.9569183706241
10.0,26,10,15.254435175491299,481.3892038638945
10.0,26,11,9.70567000443643,555.9075446845833
10.0,26,12,9.678108535993436,557.0724874526222
10.0,26,13,9.351050625037509,569.7272090577698
10.0,26,14,9.307167275610235,571.8843967272209
10.0,26,15,9.325404183044254,571.3428553858483
10.0,26,16,8.927304983071123,589.1683178011317
10.0,26,17,9.138746512095047,579.7559228500038
10.0,26,18,8.821791318408314,595.3490728809438
10.0,26,19,14.500154704921094,412.1994906420456
10.0,26,20,8.490378202351724,614.0766168657583
10.0,26,21,8.609354063826842,607.6745719084188
10.0,26,22,8.322517285644928,625.4786206843663
10.0,26,23,19.703293260305696,471.5757856530336
10.0,26,24,8.111732386344755,640.8415641785431
10.0,26,25,8.21323537116406,633.4863886046064
10.0,26,27,24.091545043791577,486.7072687988829
10.0,26,28,8.17565775941001,636.2961940971018
10.0,26,29,8.282269695356604,628.6012321085586
10.0,27,0,11.2732946368169,510.88884331887925
10.0,27,1,11.070713377263125,515.4695589222774
10.0,27,2,30.63503050105779,424.7268820983931
10.0,27,3,29.141851273227555,471.49451517574863
10.0,27,4,21.99339859849045,485.34438139883696
10.0,27,5,14.419174876714159,474.06543406265223
10.0,27,6,10.62500594576832,526.8118798672874
10.0,27,7,10.631143952263649,526.5374114168616
10.0,27,8,10.102665390616837,541.9491088226621
10.0,27,9,10.060090750310057,543.5036327378343
10.0,27,10,35.19417169770038,472.15214557110966
10.0,27,11,9.8054072336442,552.2132850202715
10.0,27,12,9.63179964739275,558.5148038967429
10.0,27,13,9.787732808930468,553.0212361815956
10.0,27,14,9.187340486303873,576.0687727864222
10.0,27,15,9.36605140573205,569.4908058786864
10.0,27,16,11.066937982148843,518.4384127288022
10.0,27,17,8.989267775444333,586.3846261138525
10.0,27,18,9.222092103678184,575.8119419255818
10.0,27,19,8.824186889985032,595.229502099131
10.0,27,20,8.641153282861568,605.1699579787543
10.0,27,21,8.495845432401982,613.7716514262711
10.0,27,22,8.450190741712483,617.0827282702066
10.0,27,23,8.281293149020481,628.0653027649166
10.0,27,24,11.811809213030868,533.8747864040404
10.0,27,25,8.151499071965823,638.0139811017017
10.0,27,26,8.128236146809005,639.9398366592857
10.0,27,28,13.852813590801754,496.08374810201065
10.0,27,29,8.159410990725023,637.4514095109478
10.0,28,0,11.434330454163767,507.40382885623944
10.0,28,1,11.271839144089743,510.9205574889725
10.0,28,2,11.233327863769139,511.79628582109916
10.0,28,3,10.838935963999793,520.9722931789914
10.0,28,4,18.443898341884527,481.71141312410134
10.0,28,5,10.92966891837345,518.9164007105747
10.0,28,6,10.664276948100154,525.7427906920921
10.0,28,7,10.527674526181007,529.4721908931577
10.0,28,8,10.333272061850522,535.0146953034888
10.0,28,9,10.305051744102803,535.9468030428714
10.0,28,10,10.099791039106776,542.2755791575532
10.0,28,11,9.782136354981636,552.6223412068341
10.0,28,12,18.743569730454382,520.4379678197113
10.0,28,13,22.22288073174213,466.8377969747429
10.0,28,14,9.833218666299116,551.3402705291771
10.0,28,15,22.018157016748397,472.1533880654704
10.0,28,16,9.336583268297023,570.6886611232475
10.0,28,17,9.293899898870619,572.6883098345606
10.0,28,18,11.471146879995619,522.1908072294461
10.0,28,19,8.942562109128533,589.0395277566558
10.0,28,20,8.911807692616367,590.8560623841547
10.0,28,21,8.85053687087398,594.1302648472935
10.0,28,22,8.704211822638014,602.148846607646
10.0,28,23,8.557118208488427,610.7622373842779
10.0,28,24,12.361223952556236,417.72098673628824
10.0,28,25,14.64622442591904,497.7909717902173
10.0,28,26,8.124148310367186,639.9587383633946
10.0,28,27,22.48774333080648,458.42523456905224
10.0,28,29,8.060399550893091,645.0902359867073
10.0,29,0,11.243078860532858,511.2222606454263
10.0,29,1,11.214855133861851,512.0197177390896
10.0,29,2,11.157854346669886,513.4042066243983
10.0,29,3,10.974939877654277,517.6329714661276
10.0,29,4,10.695467704747315,524.3342155006808
10.0,29,5,11.061800455761007,515.7228646519334
10.0,29,6,10.661637878065454,525.6896610741271
10.0,29,7,10.790727974069004,522.4207773632824
10.0,29,8,26.309898803617234,425.4523213924932
10.0,29,9,10.15148761860239,540.1881889468452
10.0,29,10,10.213218596381072,538.6703593689392
10.0,29,11,10.041672144862416,544.073377569656
10.0,29,12,9.651305578754886,556.847213833509
10.0,29,13,9.960278134829302,546.9873480984915
10.0,29,14,9.459725876372302,564.58815919945
10.0,29,15,9.509390382688904,563.3075995743044
10.0,29,16,9.394281689596893,568.0525873569911
10.0,29,17,9.36337931429048,569.5994241703679
10.0,29,18,31.603723592753894,463.85421342132355
10.0,29,19,9.098094346418307,581.4955691593057
10.0,29,20,20.01981733508399,452.9565006561875
10.0,29,21,8.8795097047434,592.4681601809735
10.0,29,22,8.691553944951778,602.5125966813379
10.0,29,23,8.68690035959364,603.114490615116
10.0,29,24,8.610023249260138,607.6350163053575
10.0,29,25,8.340103814530957,624.3751225191291
10.0,29,26,8.263590648583216,629.8476799746074
10.0,29,27,13.044023539430436,454.6822356297775
10.0,29,28,8.128526093028281,639.9178228952904
15.0,0,1,8.245272961631404,630.9823012050268
15.0,0,2,13.202103882833486,561.5116256771474
15.0,0,3,8.45318854137642,616.6288796660866
15.0,0,4,18.355029693209957,455.7902257310673
15.0,0,5,8.811554322954628,594.3273851813207
15.0,0,6,8.92869700626004,587.7311198979539
15.0,0,7,9.132274445215034,576.8366897155865
15.0,0,8,16.58496390995338,499.6451279013342
15.0,0,9,9.32054387288013,567.5344855611216
15.0,0,10,9.528116530411369,557.9354383506432
15.0,0,11,36.50291024002618,372.2654534145091
15.0,0,12,9.989975168362056,538.6026805549435
15.0,0,13,9.745986998110052,548.2483567298144
15.0,0,14,24.695194529014593,429.730286879426
15.0,0,15,10.234848089793323,529.7328738968545
15.0,0,16,10.450521264277286,522.289323320668
15.0,0,17,10.700698338550255,514.1488559876833
15.0,0,18,15.211631438025675,466.91100033008206
15.0,0,19,19.869596717414662,443.03931349052664
15.0,0,20,11.083106552623722,502.9275855793545
15.0,0,21,26.388729555562712,383.6504119520168
15.0,0,22,20.85447813641489,434.5662027138725
15.0,0,23,11.678010555226763,487.38498832254487
15.0,0,24,40.382583461369315,364.6780236530693
15.0,0,25,11.658465139601498,487.9413473695491
15.0,0,26,11.991574955123333,480.2522298154475
15.0,0,27,12.183210706210584,476.06628807629073
15.0,0,28,12.136150305264652,477.07692469971823
15.0,0,29,12.475242425541804,470.06642423118217
15.0,1,0,15.190026314671865,530.4088493845649
15.0,1,2,18.218029711295323,522.1021230094963
15.0,1,3,19.78288721283526,449.2247981242621
15.0,1,4,8.488432903223625,614.2770326929693
15.0,1,5,14.009891813434884,561.8358755606303
15.0,1,6,8.675993520839945,602.3403947483612
15.0,1,7,8.695551072881987,600.73614280419
15.0,1,8,9.213018234011841,572.5794952570822
15.0,1,9,9.03286465517104,581.7979052208501
15.0,1,10,14.545619463630423,536.646479788698
15.0,1,11,9.66204838555234,551.9185211405172
15.0,1,12,9.547462721166458,556.980821473934
15.0,1,13,9.867817798258594,543.5682759123988
15.0,1,14,27.441459449899348,375.14162846051505
15.0,1,15,10.202158705476593,530.8675257871295
15.0,1,16,20.58664009099594,472.65910743954265
15.0,1,17,16.183983995881547,470.01425503614433
15.0,1,18,10.75415819579759,512.4224954628573
15.0,1,19,10.466628566889622,521.4662876390782
15.0,1,20,42.47236337989702,425.73141262640826
15.0,1,21,10.862226292271684,509.2137264748899
15.0,1,22,11.22963813060074,498.90619679695527
15.0,1,23,24.165023037094727,448.882905185688
15.0,1,24,23.459288654008034,419.54522010701083
15.0,1,25,11.238745311536894,498.1904134478622
15.0,1,26,23.042789256956056,443.4677212323936
15.0,1,27,11.979865064170182,480.51674270344506
15.0,1,28,12.109545519217201,477.67140105739463
15.0,1,29,12.242889654047627,474.8320391575432
15.0,2,0,8.4076328637251,619.5332502149682
15.0,2,1,8.094358334510147,642.4402846655594
15.0,2,3,8.085461511765537,643.1157635757459
15.0,2,4,8.337826237803013,624.4968027722402
15.0,2,5,8.681117821389421,601.4192189093594
15.0,2,6,8.602274192583849,606.9769677520705
15.0,2,7,8.869704703212086,590.8901116770236
15.0,2,8,8.931142799954888,587.5946920282306
15.0,2,9,8.993039127762337,584.1778342261496
15.0,2,10,9.281548485617718,569.385285068031
15.0,2,11,9.49693833392759,559.1873567408659
15.0,2,12,9.365265026501048,565.2515769611442
15.0,2,13,9.64699571708592,552.7300627067955
15.0,2,14,9.684219664783413,551.0313871307368
15.0,2,15,9.93237190629656,541.0284509715833
15.0,2,16,10.097310704498074,534.7422661694245
15.0,2,17,10.460384940735354,521.7725355983355
15.0,2,18,15.990144615320888,495.84179373789937
15.0,2,19,10.877372382014471,508.44358272092336
15.0,2,20,10.750705685195866,512.6788976027433
15.0,2,21,10.713273418381817,513.7322077752593
15.0,2,22,11.043167935252747,504.06421850239934
15.0,2,23,11.054398200839099,503.69594217716525
15.0,2,24,37.80108861817689,401.9270858249197
15.0,2,25,11.719066149658467,486.3474956868159
15.0,2,26,11.425634000818105,493.64419139394727
15.0,2,27,11.76408909798238,485.46623862259645
15.0,2,28,11.842494825228414,483.61977746036735
15.0,2,29,12.241207727475805,474.802573484668
15.0,3,0,19.934112421281185,540.1329903970957
15.0,3,1,8.456724890807156,616.0425950895251
15.0,3,2,19.27814955508067,523.4234516235792
15.0,3,4,8.087458665869908,642.9641324241966
15.0,3,5,8.520585564655772,611.501825401785
15.0,3,6,16.285395600683522,432.4634806073672
15.0,3,7,8.467309117354514,615.4455924506606
15.0,3,8,8.874219954384046,590.6232148287156
15.0,3,9,8.969304310535971,585.4660196038276
15.0,3,10,8.942848974446354,586.8240965052953
15.0,3,11,9.439112437203168,561.5207549242959
15.0,3,12,9.564716253584852,555.9800506656718
15.0,3,13,25.98979989968081,488.19843802270367
15.0,3,14,9.502035836103175,558.9208688739219
15.0,3,15,33.126983842884606,454.29285486215866
15.0,3,16,10.319573628796107,526.0295973998446
15.0,3,17,10.003146401760318,538.2221820761033
15.0,3,18,10.376281649905994,524.7409668955894
15.0,3,19,10.453017076932017,522.2051050498217
15.0,3,20,10.62413341301189,516.6213404244477
15.0,3,21,10.586972081830469,517.7436879082942
15.0,3,22,10.900908790299715,508.1673816001878
15.0,3,23,10.895941346080301,508.2542130344234
15.0,3,24,11.30533655141946,496.8371697099277
15.0,3,25,11.441724907524526,493.3141640171915
15.0,3,26,11.434720285041456,493.533038719956
15.0,3,27,11.821126993121847,484.02349700791837
15.0,3,28,11.569936324237725,490.0158619836869
15.0,3,29,20.505693331093344,429.6773133905382
15.0,4,0,14.097274820495478,556.4577981501192
15.0,4,1,17.273097439492513,544.6220579593187
15.0,4,2,14.18167183334494,469.5978666576525
15.0,4,3,8.46384593942032,614.3874514399836
15.0,4,5,8.120495595734544,640.4558494088486
15.0,4,6,8.219734342623969,632.8936464896732
15.0,4,7,8.61937781293573,605.5391133943705
15.0,4,8,8.867243263593881,590.3510101455928
15.0,4,9,8.711900019072853,600.2179588423253
15.0,4,10,9.175805030057852,573.9472830398853
15.0,4,11,9.160028037370688,575.3733890643628
15.0,4,12,9.342953556588466,566.3203579272201
15.0,4,13,9.411405561262107,563.2348368462664
15.0,4,14,9.431105609221078,562.2936747139462
15.0,4,15,19.087345872006466,509.80622083424424
15.0,4,16,9.98550409785508,538.7844258473765
15.0,4,17,9.999522498330403,538.427269626962
15.0,4,18,30.889071902270352,428.91256658637565
15.0,4,19,10.122349479518373,533.7035199006508
15.0,4,20,10.584937590601193,517.7536020376456
15.0,4,21,10.578670596786488,518.0894552926907
15.0,4,22,41.3481851603998,405.28993240582975
15.0,4,23,10.978206380528658,505.87491590473144
15.0,4,24,11.234935342857067,498.6066147244473
15.0,4,25,11.251724872205315,498.3025109320482
15.0,4,26,11.39535491720472,494.53235678960203
15.0,4,27,11.436735386778867,493.48211622713256
15.0,4,28,11.93772096103308,481.18725223403646
15.0,4,29,11.872589020711985,482.9237367896002
15.0,5,0,8.799079687547204,595.0647618514621
15.0,5,1,28.14515244288807,465.39976064877726
15.0,5,2,8.463604168700027,615.9338476010901
15.0,5,3,8.31012729309633,626.4663173565154
15.0,5,4,8.267783918757017,629.2731880504829
15.0,5,6,15.681500299892688,478.7904330492979
15.0,5,7,8.382609854893849,621.3124942026897
15.0,5,8,8.573102101794568,608.6270793972167
15.0,5,9,8.73778480839586,598.4741121352621
15.0,5,10,8.852247301149047,591.9220200721102
15.0,5,11,8.782228201489866,595.9012395028127
15.0,5,12,34.59822550956206,464.5161467315475
15.0,5,13,9.252305391745779,570.8449031528645
15.0,5,14,9.154069460864337,575.4121896234861
15.0,5,15,9.480304650434384,560.0833972748228
15.0,5,16,9.690597058199323,550.8679788693233
15.0,5,17,9.799866099767337,546.3304558633392
15.0,5,18,10.00251649918761,538.3112924041308
15.0,5,19,10.056477736357692,536.2512806389987
15.0,5,20,10.363227919793598,525.2016991764482
15.0,5,21,23.95315846239697,433.15801712287964
15.0,5,22,10.587266289867939,517.8118775739421
15.0,5,23,17.537479106003545,475.2987705018677
15.0,5,24,10.822222623472621,510.5010292290957
15.0,5,25,10.895430592118169,508.2687488347877
15.0,5,26,11.214207748848622,499.327947706195
15.0,5,27,11.504288720414367,491.6705409723898
15.0,5,28,11.329167312462578,496.20040800898346
15.0,5,29,17.96928847058036,448.0103266501998
15.0,6,0,16.125945594542472,458.3766846013215
15.0,6,1,8.709346101061938,600.3689211347851
15.0,6,2,12.462637435302835,547.6491609418146
15.0,6,3,8.428464769906823,618.2786904172896
15.0,6,4,8.295951976480774,627.4742435828284
15.0,6,5,11.256566502967317,558.6002285137664
15.0,6,7,8.180292483374975,635.9158537659819
15.0,6,8,8.365453897797291,622.5323568388541
15.0,6,9,8.49178703786234,614.053212172919
15.0,6,10,24.711191391323805,390.03977244526516
15.0,6,11,8.921573571037715,587.8241388616169
15.0,6,12,8.84916057018577,592.1677109979539
15.0,6,13,9.244459586613942,570.9217584322424
15.0,6,14,21.978595809693168,470.85249858762813
15.0,6,15,31.480751230959214,425.626064640116
15.0,6,16,28.629333637567733,475.51679091029405
15.0,6,17,9.791366758141667,546.5644041448327
15.0,6,18,9.891097350782442,542.6219814903911
15.0,6,19,9.951428651908834,540.2902586537723
15.0,6,20,10.432890937507576,522.3406345864984
15.0,6,21,10.359815169487305,525.3221524276709
15.0,6,22,10.518246342357482,520.0040199914988
15.0,6,23,10.51854617131075,520.0310323949067
15.0,6,24,10.687832737207627,514.6237537037943
15.0,6,25,42.544087133129565,404.4681985254622
15.0,6,26,10.96813869719344,506.19951280608115
15.0,6,27,10.984780034808288,505.5987807002024
15.0,6,28,11.263498131526621,497.9963856194239
15.0,6,29,11.677428605783735,487.3996944367752
15.0,7,0,27.00747074904023,351.77709090037405
15.0,7,1,9.096531971593622,578.3691827755454
15.0,7,2,8.72600159263854,599.3844137309843
15.0,7,3,8.67338110666475,602.5152374281122
15.0,7,4,8.585005013991806,607.8328012047582
15.0,7,5,8.238779226733278,631.539472985725
15.0,7,6,8.200658593957826,634.3695851062436
15.0,7,8,8.18599445026062,635.4829398495876
15.0,7,9,8.371367004741423,622.1119093998572
15.0,7,10,8.484344675333377,614.5498390621349
15.0,7,11,8.751778690529568,597.596041007118
15.0,7,12,8.84386764194841,592.4173423798553
15.0,7,13,20.085744154721475,480.3694659677441
15.0,7,14,8.879041310063759,590.1883383778594
15.0,7,15,9.239949366908412,571.461632606603
15.0,7,16,9.256574139730551,570.5615851651917
15.0,7,17,9.779824390905718,546.6274089342037
15.0,7,18,24.69307997305176,447.1349748797944
15.0,7,19,9.74849163190507,548.418785195352
15.0,7,20,16.982087827283152,490.6679233116523
15.0,7,21,33.24036721317691,445.557897655382
15.0,7,22,21.097821534396033,475.4968896549126
15.0,7,23,10.591189065355078,517.5426533540523
15.0,7,24,10.687747658329629,514.5670677872229
15.0,7,25,39.10446832265347,402.4160094010228
15.0,7,26,11.036339099407082,504.1508354590451
15.0,7,27,11.28614950775843,497.1490854010753
15.0,7,28,25.718416977839283,459.53077810586944
15.0,7,29,11.17684084792514,500.2729717440274
15.0,8,0,9.245816932307571,571.1687633018687
15.0,8,1,17.45699931255479,446.9722233846112
15.0,8,2,8.902334672131389,589.2016270358547
15.0,8,3,9.041474413341394,580.7367907382057
15.0,8,4,8.640623242701238,604.5706881094316
15.0,8,5,8.57860455230588,608.2599023254385
15.0,8,6,8.499048362773673,613.0332134622493
15.0,8,7,8.083024578867377,643.3007843214094
15.0,8,9,8.27236687586643,628.9252333971689
15.0,8,10,8.561796751421047,608.5715320556302
15.0,8,11,8.574814628803654,608.5128029214457
15.0,8,12,18.40162569778163,502.67131808070786
15.0,8,13,8.627342993197802,605.2161312249591
15.0,8,14,8.782518320870402,595.8850564661424
15.0,8,15,9.016495721680368,582.9410916465497
15.0,8,16,9.455561673661537,560.6997199434736
15.0,8,17,23.734637983044372,443.9970694732338
15.0,8,18,26.805522805831963,389.24753811396005
15.0,8,19,19.203392927123765,499.2207930463336
15.0,8,20,9.805817087090519,546.0885531848578
15.0,8,21,10.091158089892568,534.8776242097667
15.0,8,22,10.219870586172497,530.2129692983237
15.0,8,23,10.545842277102395,518.7563131729065
15.0,8,24,10.415751640769459,523.4625834867516
15.0,8,25,10.630772146104256,516.4069581320954
15.0,8,26,22.09811086453119,482.0024739669881
15.0,8,27,11.112119574632038,501.90336384545327
15.0,8,28,15.969462489984792,468.5199990351627
15.0,8,29,11.302900867521668,496.90374304006394
15.0,9,0,14.135574364812888,470.72358427896654
15.0,9,1,25.413218091442456,477.4372051170913
15.0,9,2,9.087351176217737,579.2052569414135
15.0,9,3,29.647828104026416,469.36546809559826
15.0,9,4,8.805636035858656,594.6772155923297
15.0,9,5,8.643632511632624,604.3818661556504
15.0,9,6,8.432935978682986,617.9803278345884
15.0,9,7,8.43134388868894,617.8472939459145
15.0,9,8,8.123637619492687,640.2172956189337
15.0,9,10,15.354190280397525,568.5968819338226
15.0,9,11,29.639161250063758,467.25846191154864
15.0,9,12,8.316862137379424,625.7259046593674
15.0,9,13,8.533286621342029,611.305716124355
15.0,9,14,13.620641273130033,532.2698977292656
15.0,9,15,8.87623343982141,590.6575697544517
15.0,9,16,9.028113671758886,582.3285383662234
15.0,9,17,9.332694676172428,566.8324120707034
15.0,9,18,9.48289395046467,559.8519483457833
15.0,9,19,20.875773710101612,500.9243280181935
15.0,9,20,16.624645411019422,507.2404224149841
15.0,9,21,9.704007642165644,550.2270223303206
15.0,9,22,10.15868065855851,532.26203377884
15.0,9,23,17.263629995062878,486.8629940393419
15.0,9,24,17.295883087614797,426.3809801628289
15.0,9,25,10.619634862380241,516.5827832957926
15.0,9,26,10.530506168687255,519.6448123709306
15.0,9,27,25.020799007126932,382.87840486381975
15.0,9,28,10.891814267480664,508.43710387118574
15.0,9,29,20.49557598813896,421.4291567014509
15.0,10,0,11.447577815004404,519.3072644129608
15.0,10,1,9.40572612654149,563.503592299004
15.0,10,2,9.225422315175654,572.186725085576
15.0,10,3,9.032571520972162,582.093499470348
15.0,10,4,15.567381120347502,493.90200381636816
15.0,10,5,22.48874615530582,414.63630665532315
15.0,10,6,8.523530957602482,611.9178526697202
15.0,10,7,26.153718610644134,425.91254625481344
15.0,10,8,8.366217957013356,622.4780289290646
15.0,10,9,8.273584899627316,628.8327566348232
15.0,10,11,8.155812134185277,637.7744902777248
15.0,10,12,12.508200266250636,578.5559700515271
15.0,10,13,17.181463498131073,433.33919695504557
15.0,10,14,8.571649380615941,608.8985762762048
15.0,10,15,8.78215924151328,596.0649307338631
15.0,10,16,8.993699014727328,584.1052680685005
15.0,10,17,26.227531572853252,425.65558637988767
15.0,10,18,9.184341928429255,574.2371810219273
15.0,10,19,9.169423191220378,574.6856386626888
15.0,10,20,9.4463069673378,561.6107504523989
15.0,10,21,9.60298249886379,554.6097365928209
15.0,10,22,9.831646377879874,545.038614025875
15.0,10,23,25.46528844554615,399.32951663020657
15.0,10,24,31.621276946227653,473.065070482309
15.0,10,25,10.463210041922364,521.6728234622378
15.0,10,26,10.651419673836363,515.5102421116884
15.0,10,27,10.735290976812017,513.0317679852145
15.0,10,28,10.717584705265923,513.7034326683105
15.0,10,29,10.905101731777581,508.0430287649623
15.0,11,0,19.567368796575614,436.6123118110088
15.0,11,1,9.425939393738817,562.525768048379
15.0,11,2,18.90236072014411,400.87454269624584
15.0,11,3,9.272056824801005,569.8590447818235
15.0,11,4,9.150506719888192,575.8753979572841
15.0,11,5,9.14378771248654,575.7332286164524
15.0,11,6,8.616034244478664,605.8845922421864
15.0,11,7,8.635060169022898,604.9197531032637
15.0,11,8,8.49807203755265,613.6338158007622
15.0,11,9,8.42461331511548,618.3258667924197
15.0,11,10,8.21610011189119,633.1972093037056
15.0,11,12,8.240388074038332,631.3531795109647
15.0,11,13,8.400987953409823,620.0057320338866
15.0,11,14,12.988205546700861,549.6223288253603
15.0,11,15,8.646518476244637,604.200781151615
15.0,11,16,32.56597113492836,422.8348907864996
15.0,11,17,8.808846599939317,594.4164489403237
15.0,11,18,9.143664644647991,576.2361445265408
15.0,11,19,24.589520954513524,380.6942332705527
15.0,11,20,9.543411474772137,556.9882100612718
15.0,11,21,30.327592595800578,462.96086824839375
15.0,11,22,16.024563672823827,480.07036681470765
15.0,11,23,9.818363279663906,545.5785609056904
15.0,11,24,10.003623161327651,538.268424145992
15.0,11,25,10.370743758594209,524.637332487593
15.0,11,26,10.17153401854156,531.9675482931466
15.0,11,27,24.908772451595766,429.76791826500994
15.0,11,28,10.429596448234477,522.9034547791011
15.0,11,29,10.960316941846374,506.1949685936895
15.0,12,0,9.71679287359646,549.7073133206792
15.0,12,1,9.657265041259825,552.2914903583841
15.0,12,2,9.498211792824986,559.2789150766125
15.0,12,3,27.01966584441386,436.44738326099315
15.0,12,4,16.18578478489253,522.537706465272
15.0,12,5,9.1034317884022,578.3574110067457
15.0,12,6,8.902714388400872,589.1804462298635
15.0,12,7,8.753478850686825,597.7602308685169
15.0,12,8,15.469287773096369,457.4681945098904
15.0,12,9,18.23673745531864,444.95830233804156
15.0,12,10,8.274240348647565,629.018034081661
15.0,12,11,8.162059172196647,637.300192593153
15.0,12,13,20.31550273379772,535.892692015926
15.0,12,14,8.211721292328118,633.4634089694114
15.0,12,15,8.52915244847605,611.5598281748739
15.0,12,16,8.576314212113404,608.6058730923103
15.0,12,17,8.722246761061013,599.6063621178629
15.0,12,18,8.944607459900318,586.8436250528054
15.0,12,19,9.010146163305496,583.2758703970921
15.0,12,20,9.092551986363187,578.8187160685321
15.0,12,21,9.397767618031518,563.880195370072
15.0,12,22,9.71968899125148,549.3290046131145
15.0,12,23,9.850708687860358,544.0300864979012
15.0,12,24,9.745627506227525,548.5352095187926
15.0,12,25,14.19620339220652,513.7296734282248
15.0,12,26,10.026664044392245,537.3530690863291
15.0,12,27,10.30233692735493,527.3508508433257
15.0,12,28,10.528500725073446,519.657997873494
15.0,12,29,20.217771315534865,450.74887104858647
15.0,13,0,9.924314410193096,541.3405704617307
15.0,13,1,9.950076323718042,540.2245353604649
15.0,13,2,14.263212942525815,455.588497239567
15.0,13,3,9.53011982408514,557.8454399542949
15.0,13,4,14.23101081935786,469.03771018565436
15.0,13,5,9.628555433731238,552.0650377902501
15.0,13,6,9.017117530328765,582.9083069534896
15.0,13,7,8.986511103356047,584.5062141655528
15.0,13,8,8.83611838149217,592.8754017687398
15.0,13,9,8.602946268634787,606.9347971398983
15.0,13,10,8.317522951274809,625.6818087223666
15.0,13,11,24.210075898748027,503.4894146068517
15.0,13,12,8.06552989290832,644.629044054676
15.0,13,14,8.248620922591224,630.7281119190982
15.0,13,15,8.325359587447178,625.3832354487513
15.0,13,16,8.467595548663532,615.6675038685402
15.0,13,17,18.3634155402897,447.37509623913473
15.0,13,18,14.856344740619582,537.266884438281
15.0,13,19,8.952296982764988,586.4146987595426
15.0,13,20,13.885987401836148,529.9912765180958
15.0,13,21,9.372464868289423,564.8473522167264
15.0,13,22,9.438956075299197,561.9311241992464
15.0,13,23,32.465667254783334,483.8892994859543
15.0,13,24,9.670428937749842,551.7292994196133
15.0,13,25,20.690587875522894,399.8062932655857
15.0,13,26,9.988479225748307,538.8550477560011
15.0,13,27,10.310958991828567,526.8467255887582
15.0,13,28,24.590723334023068,427.0030481944557
15.0,13,29,21.21121890142122,416.3163361335455
15.0,14,0,29.387461602527594,474.4570154630116
15.0,14,1,32.98371998116551,455.9347679625895
15.0,14,2,21.450326549588084,493.84729211626956
15.0,14,3,9.659576078810572,552.1927928054845
15.0,14,4,9.669525525919541,551.5826090118411
15.0,14,5,19.797933151782118,474.36655708289237
15.0,14,6,9.464236431210322,560.2667345331334
15.0,14,7,8.98375684017888,584.6672403321967
15.0,14,8,9.080584397718926,579.2587482100969
15.0,14,9,8.839179912160716,592.6944344525676
15.0,14,10,8.786500961506466,595.4173300992297
15.0,14,11,8.379087845484571,621.5735995646802
15.0,14,12,8.378873255394875,621.5781825632665
15.0,14,13,8.204979362822607,634.0415367312529
15.0,14,15,8.227968621413819,632.2961092022412
15.0,14,16,8.449441617595435,616.5604672670988
15.0,14,17,8.546375484639787,610.410539512898
15.0,14,18,8.666707107951934,602.9340093973914
15.0,14,19,8.795098998975394,595.3000606628568
15.0,14,20,9.08504622119041,579.0098649651289
15.0,14,21,17.894237393542774,517.0704683730454
15.0,14,22,9.337503609532964,566.5923825398835
15.0,14,23,9.454859169621352,561.1785768904507
15.0,14,24,19.05930452789689,445.0891516664318
15.0,14,25,27.48329269575486,482.9915703814926
15.0,14,26,9.911809452735165,541.7800517958301
15.0,14,27,20.560576446649705,507.843828313319
15.0,14,28,9.914946116979273,541.4816930060357
15.0,14,29,10.151745755805447,532.6659763551752
15.0,15,0,10.173264745198251,531.9064621795827
15.0,15,1,10.086357152513006,535.1470633025125
15.0,15,2,9.65395333740561,551.8134219667818
15.0,15,3,9.704608779555048,550.202586596091
15.0,15,4,17.118445872127452,517.1615985471731
15.0,15,5,9.562380901159624,556.3961041733311
15.0,15,6,9.351440659383861,566.0724245896652
15.0,15,7,24.15358348152472,440.30777892123206
15.0,15,8,9.418318305479406,561.7551044326467
15.0,15,9,17.04754257308796,424.1971994379136
15.0,15,10,14.003986114579833,472.33649734868715
15.0,15,11,8.682914961576582,601.9170186738017
15.0,15,12,8.501250086129872,613.4217454571664
15.0,15,13,15.475044153990467,573.1167483781082
15.0,15,14,8.086612777970245,643.0283552881341
15.0,15,16,8.170518381596626,636.6579388683617
15.0,15,17,8.367154296438496,622.4114511524319
15.0,15,18,8.414509738418548,619.2099059889529
15.0,15,19,8.641614329442048,604.5085006017566
15.0,15,20,8.715111789284771,600.0281108550475
15.0,15,21,9.13383406915087,576.2884489357834
15.0,15,22,9.209916964186094,572.7430088711104
15.0,15,23,9.33030145136967,566.9518657173822
15.0,15,24,9.343519366800328,566.4472665729398
15.0,15,25,9.766875371282723,547.2091464076511
15.0,15,26,9.808774003359732,545.8209923793283
15.0,15,27,9.752721550342072,548.246842533723
15.0,15,28,9.942542069196463,540.6344940874258
15.0,15,29,24.438742371213188,418.92319129880497
15.0,16,0,10.552367514933561,518.8526410415783
15.0,16,1,10.230690666315343,529.8796104376755
15.0,16,2,10.019110169585742,537.6322284740371
15.0,16,3,10.058009255638513,536.1616952305278
15.0,16,4,21.59327241411247,472.08533317814624
15.0,16,5,10.01699917611462,536.9283134194486
15.0,16,6,18.210983524373027,515.0251073361127
15.0,16,7,9.447980924419515,561.5040610264953
15.0,16,8,9.249071296317691,571.0063273918859
15.0,16,9,9.074382227243486,579.8890412736639
15.0,16,10,8.832898280106136,593.0748314950999
15.0,16,11,8.846998528416021,592.2322754370007
15.0,16,12,8.683977808905256,601.850328419874
15.0,16,13,8.579031219591082,608.231430929997
15.0,16,14,8.354802229427646,623.2897364582957
15.0,16,15,8.187874747509921,635.3401808924585
15.0,16,17,8.047277331743086,646.0148444103668
15.0,16,18,8.35777578401435,623.0783038861285
15.0,16,19,15.531966750414838,426.30037164583734
15.0,16,20,8.653924008590918,603.7361077979538
15.0,16,21,15.891870145258082,532.4893747471106
15.0,16,22,21.464375150920457,427.71444727278276
15.0,16,23,9.158415866587815,575.4583903335042
15.0,16,24,29.627117609856356,446.59138971868083
15.0,16,25,9.368811517041063,565.2504215306011
15.0,16,26,9.63224774649381,553.2573212178795
15.0,16,27,9.828224109322907,544.9903360961432
15.0,16,28,30.078360209343202,448.5217301602605
15.0,16,29,28.63362065402811,435.2169196576871
15.0,17,0,40.58606566721858,449.7401821499051
15.0,17,1,10.442960526272817,522.5444515570966
15.0,17,2,10.38629382226714,524.3875865997978
15.0,17,3,34.16998552055538,427.4260105553494
15.0,17,4,9.978681088127306,539.2345936694451
15.0,17,5,9.952699970386817,540.1178863084508
15.0,17,6,9.798489758967289,546.260201925979
15.0,17,7,9.481747009246519,560.0185989969913
15.0,17,8,9.485903347378065,559.7095412454796
15.0,17,9,9.42248419507875,562.3507246610849
15.0,17,10,9.092285408637466,578.9451008696306
15.0,17,11,8.947157481315443,586.7013832970317
15.0,17,12,15.690931511393568,514.6986697616877
15.0,17,13,15.67611987962724,430.54994251975967
15.0,17,14,8.607344557715546,606.3420893423826
15.0,17,15,8.46844084700412,615.2095400095211
15.0,17,16,8.163534975777212,637.1881442560259
15.0,17,18,8.139104027699435,639.043030056959
15.0,17,19,8.327920383890751,625.2011517630231
15.0,17,20,8.398616882064635,620.2704321029502
15.0,17,21,8.58246781530476,608.2197542694735
15.0,17,22,8.871216520050947,590.8007480659766
15.0,17,23,8.9595855835019,586.0081361480292
15.0,17,24,9.13473218122278,576.7071062483186
15.0,17,25,9.378982426638029,564.5220396463039
15.0,17,26,9.170036998544706,574.6565928027647
15.0,17,27,20.18565836116079,461.7498326845709
15.0,17,28,30.27032204573149,389.2714499746176
15.0,17,29,9.70955690730374,550.0014493240935
15.0,18,0,14.925411537587745,468.219406942882
15.0,18,1,10.652136538538995,515.7170452584865
15.0,18,2,10.29223734888694,527.6304284038861
15.0,18,3,24.759461660137866,420.5854670856841
15.0,18,4,23.596303806859908,430.07768741641013
15.0,18,5,9.677289084742243,550.9094759434279
15.0,18,6,30.518461446003123,417.1351173732964
15.0,18,7,9.610998465595788,554.2673984510986
15.0,18,8,9.53035713165566,557.8347788609825
15.0,18,9,32.026822086189114,467.9011676031959
15.0,18,10,9.235170953388225,571.7001387927618
15.0,18,11,9.133184510222733,576.7887067838292
15.0,18,12,8.88627400367179,590.0975009555934
15.0,18,13,30.5956417389734,476.9347332821972
15.0,18,14,13.306416947554847,564.2326164384231
15.0,18,15,29.073523911975364,393.45634810504885
15.0,18,16,20.044168130339802,469.83097417297716
15.0,18,17,8.162383458023324,637.2755716421595
15.0,18,19,8.28178020809317,628.2105392219262
15.0,18,20,14.254964127023456,387.03053898620647
15.0,18,21,8.570378309220628,608.8088373574883
15.0,18,22,25.062884528242723,375.7974608377441
15.0,18,23,8.906223419135097,588.7314875356618
15.0,18,24,9.176042729661393,573.9340240104692
15.0,18,25,9.180377225227604,574.3004836301438
15.0,18,26,29.819203792911978,381.6359231408847
15.0,18,27,21.39495415635525,496.51867845592886
15.0,18,28,9.56918771458884,556.0903066255761
15.0,18,29,10.041042287451468,535.9015035122387
15.0,19,0,11.0436205975251,503.93488325927217
15.0,19,1,10.647194301746302,515.8808270822988
15.0,19,2,10.704426849876985,514.0284524718069
15.0,19,3,10.544348892572593,519.1232200485922
15.0,19,4,10.245710659614122,529.3494787656211
15.0,19,5,33.24700725135722,408.9827355666938
15.0,19,6,10.06726065522672,535.8033280547274
15.0,19,7,9.643682686331601,552.679181544083
15.0,19,8,9.72738772223689,549.2967588305629
15.0,19,9,19.175526826784548,501.1244533940856
15.0,19,10,9.4235084679773,562.6621174941317
15.0,19,11,15.50748407675841,516.1938219968029
15.0,19,12,8.94977709094739,586.4588134337972
15.0,19,13,9.024892785779201,582.365260421
15.0,19,14,8.747584811186467,598.108628002262
15.0,19,15,8.57372554775597,608.7683034608815
15.0,19,16,16.500550697153912,538.5199388951311
15.0,19,17,8.38591346768376,621.0775930669448
15.0,19,18,8.14363990231861,638.6986500763239
15.0,19,20,8.214593092728773,633.31162764053
15.0,19,21,8.339278031130128,624.3935739972317
15.0,19,22,17.66864947158754,379.53828482914315
15.0,19,23,15.821011449920704,542.717781559661
15.0,19,24,8.920668857822053,587.8776165302309
15.0,19,25,22.097276420339124,506.62722622728506
15.0,19,26,9.167316102791993,574.989127783252
15.0,19,27,9.202634974439135,573.3241154995294
15.0,19,28,15.233167802963756,414.0470078293982
15.0,19,29,9.394223970963234,563.9505901933718
15.0,20,0,24.156499944972246,463.03470041511525
15.0,20,1,21.244447857309847,388.31363047084596
15.0,20,2,10.687263526015686,514.6413611787871
15.0,20,3,10.594660017562925,517.5731145042078
15.0,20,4,17.946937855320428,498.7108232834035
15.0,20,5,10.184861617691459,531.4971497862193
15.0,20,6,9.940835082690608,540.5249459058396
15.0,20,7,10.24216200207303,529.0282556869881
15.0,20,8,9.844742008505118,544.5062875474923
15.0,20,9,9.67137614663714,551.6888469400631
15.0,20,10,9.437008099927436,562.0285040577471
15.0,20,11,9.490907120093079,559.4727586663017
15.0,20,12,20.168024203191635,386.1169162005457
15.0,20,13,9.17861215422788,574.393546521926
15.0,20,14,8.996670415350561,583.9395215225118
15.0,20,15,14.211036778668575,472.15478410773284
15.0,20,16,25.347279178120274,507.1402004377736
15.0,20,17,8.571510155764983,608.7333095360194
15.0,20,18,8.319865506492588,625.7738883303623
15.0,20,19,8.154589544577437,637.8673136956589
15.0,20,21,8.030411720117984,647.2953425485421
15.0,20,22,15.410292152626054,477.110155036573
15.0,20,23,8.49256984509275,614.0009756528378
15.0,20,24,8.80058522118076,594.5335880708836
15.0,20,25,22.18135375915991,498.8516758938726
15.0,20,26,8.944178198839422,586.8675694975948
15.0,20,27,22.99619110835431,407.72655710247284
15.0,20,28,9.024245242894567,582.2281281683422
15.0,20,29,9.213541740246432,572.5979131757522
15.0,21,0,11.032858817391672,504.2846673752421
15.0,21,1,11.168434558254315,500.49919354072676
15.0,21,2,14.409440562168612,454.90985400344124
15.0,21,3,17.14955232402111,456.75796311451927
15.0,21,4,17.774965966675857,390.24279109466295
15.0,21,5,10.39287169601577,524.2346403879617
15.0,21,6,30.121839683876843,377.43928633862566
15.0,21,7,10.268464195920291,528.4171542112069
15.0,21,8,9.973718682890137,539.4268200599565
15.0,21,9,9.90866044109108,541.9080564965467
15.0,21,10,9.545696829971536,557.0562374443796
15.0,21,11,18.19547797287444,519.1104169373859
15.0,21,12,9.412755804411862,563.1709422463863
15.0,21,13,9.308514078664096,568.039344469163
15.0,21,14,9.184605823357323,574.0775319357368
15.0,21,15,8.981098317494682,584.8081426748502
15.0,21,16,8.770130675931297,596.7759401818942
15.0,21,17,8.585689801621587,608.0175849834206
15.0,21,18,8.467770369115053,615.6558381459054
15.0,21,19,8.341059262413257,624.2669207608992
15.0,21,20,8.18788577844111,635.3393433843287
15.0,21,22,21.324926026737735,388.07249632675075
15.0,21,23,8.34845464797244,623.7410769112729
15.0,21,24,12.483363750443562,480.11481895067504
15.0,21,25,8.41757070590161,618.5665179121768
15.0,21,26,18.487060286819265,467.2242247950367
15.0,21,27,8.772035829921553,596.469776229121
15.0,21,28,9.063687435660496,580.4529212716233
15.0,21,29,9.236860958283144,571.6157851426698
15.0,22,0,19.077539858680616,387.8612338029392
15.0,22,1,11.002723994016357,505.1083274351479
15.0,22,2,28.82411988377277,377.4813015253593
15.0,22,3,10.655138335164585,515.4563583417035
15.0,22,4,10.948244918300926,506.56839388064736
15.0,22,5,10.599035310945673,517.4318246809752
15.0,22,6,10.318341607534759,526.7495708119213
15.0,22,7,10.200638094478483,530.9403179786503
15.0,22,8,9.992793004237527,538.6048000287693
15.0,22,9,10.192795870914608,530.940528617668
15.0,22,10,24.805883517821158,453.0535487314768
15.0,22,11,26.642945085305,404.5677583800492
15.0,22,12,26.973554233898994,363.7839402960945
15.0,22,13,9.376341682298639,564.8940880093014
15.0,22,14,9.188639705996247,574.0226649420335
15.0,22,15,14.050342109638546,539.3021846059916
15.0,22,16,8.910268853801178,588.7590535246517
15.0,22,17,8.897985562132677,589.2184279044303
15.0,22,18,16.263688667091728,555.6972048346416
15.0,22,19,8.523612013753084,611.9295399230807
15.0,22,20,8.249981172752115,630.742966249097
15.0,22,21,8.095191206935842,642.3770499834059
15.0,22,23,26.671148736158358,436.1377008691667
15.0,22,24,8.360046698844718,622.916832034929
15.0,22,25,8.385125384290403,621.170716192096
15.0,22,26,8.706162076162283,600.4583369487934
15.0,22,27,8.9220061464229,587.7985692969207
15.0,22,28,9.072524364847851,579.7083417783595
15.0,22,29,9.101185765404079,578.4758319627565
15.0,23,0,11.66619753218688,487.68350852616686
15.0,23,1,11.335438649265019,496.1064257952363
15.0,23,2,11.399216928363593,494.2711843071021
15.0,23,3,11.173098091677979,500.3664717297081
15.0,23,4,11.178730497158222,499.9278397135665
15.0,23,5,22.033044968835572,495.2043528986538
15.0,23,6,10.73407222765092,513.0711246268091
15.0,23,7,10.540528629273872,519.2521303530517
15.0,23,8,10.234289522758568,529.7525885578532
15.0,23,9,10.215697475997558,530.3671898687085
15.0,23,10,10.04155348239081,536.7991348879722
15.0,23,11,9.943428979608875,540.4947443623445
15.0,23,12,9.633155153654473,553.32115208178
15.0,23,13,9.567411440690393,556.1701061100097
15.0,23,14,9.300021386103467,568.505626263724
15.0,23,15,9.204276291069801,573.2421920393255
15.0,23,16,8.911292422503996,588.4879071842392
15.0,23,17,9.02794568282115,582.1949679548795
15.0,23,18,8.847768706881155,592.1867501279646
15.0,23,19,8.668166581497056,602.8424321231214
15.0,23,20,8.464172081359163,615.8959509390884
15.0,23,21,8.235514095423614,631.7716379220451
15.0,23,22,8.221921242784717,632.7552480255187
15.0,23,24,8.289458180812527,627.6275998070599
15.0,23,25,16.018582717752206,523.9490634448741
15.0,23,26,8.488963086824402,614.241653681084
15.0,23,27,8.719239954164035,599.6377421359309
15.0,23,28,8.755902367874434,597.6169765788756
15.0,23,29,8.883109991992589,590.2739914642094
15.0,24,0,11.514986599223326,491.4706154808904
15.0,24,1,23.84664992896862,410.68769865281007
15.0,24,2,26.489697544148743,372.8040721186284
15.0,24,3,11.574778394093293,489.4726505450451
15.0,24,4,25.723310821236993,382.2528016594786
15.0,24,5,10.857271872768926,509.46155048952187
15.0,24,6,10.80726458105985,510.9293547992096
15.0,24,7,10.622899021055943,516.6612022133606
15.0,24,8,10.668182195072907,514.9446104923085
15.0,24,9,10.250826666899417,529.168908944953
15.0,24,10,10.268762616928537,528.4061258280162
15.0,24,11,9.906295360229754,542.0385660443882
15.0,24,12,9.952333996487276,540.1327628426703
15.0,24,13,9.70068271463518,550.4372504247405
15.0,24,14,9.82281795101826,544.6959140594895
15.0,24,15,16.466830681200513,524.5538826025987
15.0,24,16,21.86541996951629,439.96311045855936
15.0,24,17,9.136935926303028,576.5909143841099
15.0,24,18,23.214168131032565,462.36150493316177
15.0,24,19,8.633376973092043,604.859462203637
15.0,24,20,8.610432368756875,606.4650684172467
15.0,24,21,8.304112685527455,626.5766722197774
15.0,24,22,8.303668617127457,626.925557109167
15.0,24,23,8.277217936280373,628.5569233728243
15.0,24,25,14.67210124623756,598.6027910616169
15.0,24,26,8.327357829574192,625.2411518042755
15.0,24,27,8.441255316099948,617.4251806423296
15.0,24,28,8.844501602210649,591.7779763066517
15.0,24,29,8.829611658076235,593.2600146964345
15.0,25,0,11.610513812237269,489.065001051976
15.0,25,1,14.957600019414118,442.50032725328015
15.0,25,2,41.863837446076246,411.3961243063344
15.0,25,3,11.168003692377923,500.50513394509835
15.0,25,4,11.023055082000198,504.55262797282955
15.0,25,5,11.225056872815365,498.8877510035132
15.0,25,6,32.08984518943183,369.29716333351314
15.0,25,7,10.73762147557451,513.0836329575144
15.0,25,8,10.634337534312891,516.2918222941788
15.0,25,9,10.408072199178237,523.7217172364949
15.0,25,10,14.772471179347487,473.91911558454086
15.0,25,11,10.16095293930124,532.3903173014452
15.0,25,12,10.048191007062604,536.5420201727061
15.0,25,13,29.570266612075628,385.8530635331197
15.0,25,14,9.952277629938868,539.6923785145248
15.0,25,15,9.494137439134628,559.4619562867402
15.0,25,16,9.37125470036396,565.1348081161739
15.0,25,17,16.297417453507187,542.8132466085333
15.0,25,18,9.033413113824567,582.0491267144869
15.0,25,19,33.82738833322942,419.6553766708808
15.0,25,20,8.588841821117649,607.4919385041131
15.0,25,21,8.61040052319118,606.4670666241439
15.0,25,22,8.611424184413899,606.0698569284842
15.0,25,23,8.340188536928206,624.328833103043
15.0,25,24,8.157865654672053,637.6185795868782
15.0,25,26,8.166150120765863,636.9895930049084
15.0,25,27,22.979968767439182,481.6286551901671
15.0,25,28,8.519064467357085,612.2329964950255
15.0,25,29,8.458625366775067,615.9904698903133
15.0,26,0,11.647866498871473,488.01620616297157
15.0,26,1,19.38104419758498,371.7694017445103
15.0,26,2,16.940490227833873,460.76213771247006
15.0,26,3,17.74971943699863,417.10632284463344
15.0,26,4,11.179038987498169,500.21522409900655
15.0,26,5,11.157961661997318,500.86529387505834
15.0,26,6,10.88881760948167,508.4569509879657
15.0,26,7,20.980493168518027,359.35352170440694
15.0,26,8,10.848881294111216,509.64202024796873
15.0,26,9,10.72341469855969,513.4152844967123
15.0,26,10,18.28163891184618,427.76100017558247
15.0,26,11,10.18644152950707,531.4413866925981
15.0,26,12,9.987751797716474,538.7911017827399
15.0,26,13,9.968608064213212,539.6247877257546
15.0,26,14,14.025201429795565,505.97306641883455
15.0,26,15,9.825839592708082,545.0921717217287
15.0,26,16,9.408897652746326,563.2913719038643
15.0,26,17,9.324917336711232,567.3275297090379
15.0,26,18,9.228682296087184,572.024008817745
15.0,26,19,16.581138169794997,356.6006513299787
15.0,26,20,8.655730544932963,602.9573562331018
15.0,26,21,8.723829278993962,599.5128193596399
15.0,26,22,8.619073326673412,605.9228760796577
15.0,26,23,22.948886177545546,427.4564755780466
15.0,26,24,8.341197001084268,624.257126946577
15.0,26,25,13.047741543514972,553.1920781237221
15.0,26,27,27.94187901342965,448.7912270430281
15.0,26,28,8.350884451700788,623.5683073732783
15.0,26,29,8.478582813324714,614.934326594732
15.0,27,0,12.07954687782357,478.3250505040556
15.0,27,1,12.181134896176339,475.9702900726118
15.0,27,2,38.14679406486912,361.5948371032051
15.0,27,3,37.43084079749339,422.5362546827396
15.0,27,4,35.04649200814537,424.03861441415324
15.0,27,5,19.133800344953045,401.11633740043106
15.0,27,6,11.28409133863289,497.41785448841654
15.0,27,7,11.426220796784948,493.1627271052431
15.0,27,8,10.850115739290345,509.6737846673684
15.0,27,9,10.504959040712249,520.2806067022775
15.0,27,10,41.96755479212979,430.13105134752215
15.0,27,11,10.243518466391077,529.274389954279
15.0,27,12,10.22197048416773,530.187389852125
15.0,27,13,16.5493119984422,484.1759645400438
15.0,27,14,18.971270731139832,519.9224223868919
15.0,27,15,15.126663163331216,490.70128818213095
15.0,27,16,13.525013070234511,450.7656670815035
15.0,27,17,9.407160816815615,563.3693996291704
15.0,27,18,9.51687292378,558.2440357970622
15.0,27,19,9.136697484038928,576.6152704600183
15.0,27,20,9.065687661209319,580.3474599197459
15.0,27,21,8.739786523263374,598.2686622989875
15.0,27,22,8.718330739714855,599.837838444515
15.0,27,23,8.719439865498808,599.6251983421804
15.0,27,24,13.557292837840727,489.7729621583406
15.0,27,25,10.857858112081981,562.9518553059683
15.0,27,26,8.2466659327534,630.8765418072713
15.0,27,28,16.88799146212024,436.2494033127298
15.0,27,29,8.21284789437899,633.3833026984554
15.0,28,0,12.436183246588481,470.76679052863983
15.0,28,1,12.227347485347124,475.104578481465
15.0,28,2,12.285677572830823,473.6087919654558
15.0,28,3,11.658985042335893,487.9291643778757
15.0,28,4,27.17046468588666,413.4580773264285
15.0,28,5,11.682180147692952,487.27962091677364
15.0,28,6,11.500131536007885,491.7797549696891
15.0,28,7,11.162851189391823,500.73165086754807
15.0,28,8,11.113790308432247,502.0543413523278
15.0,28,9,10.872980002867576,508.9956840985482
15.0,28,10,10.749138664651099,512.7273704287277
15.0,28,11,10.469154478436176,521.6260211065019
15.0,28,12,28.46041557389207,465.212760084824
15.0,28,13,27.749702315265182,411.9049218338808
15.0,28,14,10.4141229067228,523.0342219329355
15.0,28,15,27.824218705635623,415.4346148646091
15.0,28,16,9.985235174380758,538.7953573626381
15.0,28,17,9.735438129608294,548.952949831377
15.0,28,18,14.403396431022028,456.6547532841436
15.0,28,19,9.460167310503902,560.9273913629712
15.0,28,20,9.411882459402467,562.8798918275786
15.0,28,21,9.240095753662322,571.1518403461123
15.0,28,22,15.901748587369571,537.5054212734514
15.0,28,23,13.514957796950295,544.1518113603123
15.0,28,24,14.023452216350758,361.5808148461741
15.0,28,25,17.862739896228394,437.9487875950587
15.0,28,26,8.389762311325018,620.8039236631347
15.0,28,27,26.858978166217266,409.69411688319747
15.0,28,29,8.22256686331926,632.7062301831288
15.0,29,0,12.447657805234273,470.6267368311788
15.0,29,1,12.04755964310326,478.94011666149595
15.0,29,2,12.10728197742323,477.7207220523592
15.0,29,3,19.40946046855384,464.43331941376516
15.0,29,4,11.608642074493464,489.1088618817794
15.0,29,5,20.526428269174886,459.0044059520812
15.0,29,6,11.421410516706839,493.8693823248061
15.0,29,7,11.52923314817247,491.0152222760246
15.0,29,8,31.404932388185745,372.7721015430741
15.0,29,9,10.94453750554339,506.87119082646325
15.0,29,10,10.92608878919631,507.42060173924904
15.0,29,11,10.772237534626946,512.0128504382176
15.0,29,12,10.447902764206198,522.3122953021433
15.0,29,13,10.49870862990597,520.6632971835741
15.0,29,14,9.92672355964637,540.6081498785713
15.0,29,15,10.127636789204004,533.6215418451617
15.0,29,16,9.91739415130968,541.6086373210434
15.0,29,17,9.816003691729476,545.6744761900715
15.0,29,18,37.638314784759,419.50978387901813
15.0,29,19,9.518550141677476,558.3652104086134
15.0,29,20,25.218729656456187,389.27150178370414
15.0,29,21,9.404178008954268,563.264446049411
15.0,29,22,9.119943868167047,577.4868160604248
15.0,29,23,9.085399206427889,578.9901752324688
15.0,29,24,8.871397396804678,590.7900564269813
15.0,29,25,8.451643404794872,616.4285655648398
15.0,29,26,16.68513287928682,542.2262981261198
15.0,29,27,14.214567249948136,410.80805414169663
15.0,29,28,8.266312009496456,629.3849407167726
20.0,0,1,8.245798625224927,630.883615097977
20.0,0,2,17.388059335230302,495.5754913873132
20.0,0,3,8.540674816250508,610.3260176218777
20.0,0,4,20.423377248942227,415.4927875848981
20.0,0,5,9.013388083318109,581.2529826849218
20.0,0,6,9.17031784714195,572.6988007660095
20.0,0,7,9.244984150859493,568.8940900829492
20.0,0,8,22.34730154431363,431.5091658683875
20.0,0,9,9.546116282520847,553.8929324892501
20.0,0,10,9.732142670933289,545.2916607000591
20.0,0,11,40.91388195109555,330.57642527687227
20.0,0,12,10.233487028780702,524.1726881547581
20.0,0,13,10.133918503117476,528.1533180608697
20.0,0,14,27.99475593635782,390.9249007745069
20.0,0,15,10.49293140632236,514.4760242302352
20.0,0,16,10.797623381871666,503.8893862696107
20.0,0,17,11.084311951382428,494.536194951427
20.0,0,18,17.62735980306294,425.1928970556322
20.0,0,19,23.94061253471777,396.83243886512247
20.0,0,20,11.552274008731327,480.7626138579248
20.0,0,21,29.38560031329131,338.0256121039463
20.0,0,22,22.948235926673917,401.1558027502223
20.0,0,23,12.116765476607679,465.94865536644653
20.0,0,24,35.59681804977595,366.6702619426492
20.0,0,25,12.313198550872896,461.26090974645626
20.0,0,26,12.50228026687225,456.8947598731787
20.0,0,27,12.633866639511416,453.9499919927313
20.0,0,28,12.726755791183615,451.8910102919065
20.0,0,29,13.103049314467917,444.0895353198705
20.0,1,0,17.990528669496424,488.7342923763906
20.0,1,2,21.449455899136517,478.20140839192436
20.0,1,3,22.438690728700344,403.55709848090913
20.0,1,4,8.517340008768976,611.8831431723876
20.0,1,5,17.36744046200335,519.0360321536467
20.0,1,6,8.900152889065778,587.9463238330659
20.0,1,7,8.858840211183225,590.0732140003805
20.0,1,8,9.252367212391787,568.5048201575415
20.0,1,9,9.165881517279956,572.6856362669714
20.0,1,10,18.813404092270343,499.44048793237795
20.0,1,11,10.029102578032383,531.9506734206606
20.0,1,12,9.762062825864087,543.8154582486591
20.0,1,13,10.021696823995635,532.7817835924261
20.0,1,14,30.429481789230813,333.9932599331534
20.0,1,15,10.357107589670731,519.5338821184379
20.0,1,16,30.197942156357563,405.3925975432779
20.0,1,17,19.801445766641983,415.8443723594081
20.0,1,18,11.14946828763415,492.43212410950815
20.0,1,19,10.867813602197256,501.2976563027519
20.0,1,20,48.50897902469052,390.07306376975225
20.0,1,21,11.372174051782691,485.8881678701058
20.0,1,22,11.66528990132894,477.6674941932388
20.0,1,23,33.97960400392325,386.0154058105307
20.0,1,24,27.65572886168014,371.9848879488563
20.0,1,25,25.074032591805818,428.20138681941165
20.0,1,26,32.26232324817385,386.6822815367753
20.0,1,27,12.563085273472147,455.52124512698725
20.0,1,28,12.62051417294662,454.2409329145922
20.0,1,29,12.6885659631342,452.6941985614976
20.0,2,0,8.430606759533275,617.6795270082852
20.0,2,1,8.055164481134028,645.3572477184338
20.0,2,3,8.032779973256275,647.0567603894581
20.0,2,4,8.284254296081695,628.0858191708509
20.0,2,5,13.0426740025695,560.9276168264707
20.0,2,6,8.702147703740087,599.9330248742793
20.0,2,7,8.914071416896444,587.1235985693728
20.0,2,8,8.95934225395784,584.4671485225497
20.0,2,9,9.086979452897909,577.224845111952
20.0,2,10,9.417339358722982,560.134556188006
20.0,2,11,9.557011427610625,553.3773653958182
20.0,2,12,9.497116700061273,555.8502526607089
20.0,2,13,17.37062197693968,489.5694911353627
20.0,2,14,10.166557333612765,526.8933245217685
20.0,2,15,10.312123828787044,521.2502609975709
20.0,2,16,10.424495321108811,517.0435154749397
20.0,2,17,10.816629933892694,503.05106296368547
20.0,2,18,20.621614339806754,449.0239339534956
20.0,2,19,18.872852619561577,438.13498101497606
20.0,2,20,17.226926692201154,441.49730949351573
20.0,2,21,11.0994365075976,493.99120370967944
20.0,2,22,11.30650644783736,487.75703478476197
20.0,2,23,11.44788116400078,483.6098185062606
20.0,2,24,42.00813883025077,365.80149678045734
20.0,2,25,12.144142184537067,465.25683411138004
20.0,2,26,11.888337628212303,471.5414833521887
20.0,2,27,12.191991577979946,464.1011785964189
20.0,2,28,12.240726246694367,462.80296256451095
20.0,2,29,12.633860171054662,453.9501329358868
20.0,3,0,24.17936683458397,507.96750845400527
20.0,3,1,8.427436887180736,617.9049186213855
20.0,3,2,23.559436159699118,482.62253996641766
20.0,3,4,8.20395598489801,634.0604594500197
20.0,3,5,8.512816586498216,611.8340532946553
20.0,3,6,17.864565657689504,386.4089472861136
20.0,3,7,8.614482667238358,605.4337241630385
20.0,3,8,8.92283410613322,586.6056353263707
20.0,3,9,9.07763546297668,577.868680899065
20.0,3,10,9.094498208242056,576.8284207669599
20.0,3,11,9.559971546634225,553.0153190147334
20.0,3,12,9.72921706804386,545.2284549610166
20.0,3,13,31.60234221780017,453.5380583900291
20.0,3,14,9.74732453745596,544.4448867922766
20.0,3,15,38.45551779585014,419.52864523211593
20.0,3,16,10.470651879766296,515.1094333992286
20.0,3,17,10.265994696054058,522.9010307998572
20.0,3,18,10.686756417087953,507.6349574601544
20.0,3,19,10.75882152541961,505.1987094072351
20.0,3,20,10.909684859362773,500.17536672910563
20.0,3,21,10.881664688924431,500.86919905063496
20.0,3,22,11.374459063898001,485.83467808025165
20.0,3,23,11.424790307869543,484.39073573818797
20.0,3,24,11.688222758592994,477.040681872069
20.0,3,25,11.937734765985548,470.4399907506614
20.0,3,26,11.837913470202109,472.9953662254335
20.0,3,27,12.210811080801165,463.6970497077556
20.0,3,28,12.15857833751942,464.8841581873718
20.0,3,29,24.017635340874214,386.38933031636736
20.0,4,0,19.064155792699413,503.6926156559381
20.0,4,1,20.625164870290405,513.9553173746436
20.0,4,2,16.181271212672723,407.4145852315247
20.0,4,3,8.412121979216929,618.2557454507925
20.0,4,5,8.128452105649442,639.7929866154682
20.0,4,6,8.363216739904738,622.471248422169
20.0,4,7,8.697892525127587,599.834921362398
20.0,4,8,8.854534182051864,590.3712631239197
20.0,4,9,8.940410460411403,585.5666956565858
20.0,4,10,9.126466912951056,575.1448327226884
20.0,4,11,9.432792762979066,558.9919317288632
20.0,4,12,9.46897213531658,557.557396096252
20.0,4,13,9.66795670976901,548.1273447507454
20.0,4,14,9.609783399833733,550.7886770993499
20.0,4,15,27.283755164557952,452.2761550289125
20.0,4,16,10.198216801756526,525.6063935089198
20.0,4,17,10.369521841779498,519.0268607848213
20.0,4,18,34.655782535488754,392.3046626496038
20.0,4,19,10.584481177352487,511.2447689142731
20.0,4,20,11.012704502983663,496.6317260933223
20.0,4,21,10.652814991648421,508.4703757783762
20.0,4,22,45.581232602552014,371.19237499211056
20.0,4,23,11.206443354176415,490.81763097300905
20.0,4,24,11.627352628758306,478.6259141683295
20.0,4,25,11.520238020107561,481.6321247367221
20.0,4,26,11.828698268293039,473.30450446959674
20.0,4,27,11.797927569554066,474.00582723640116
20.0,4,28,12.232508854507298,463.16923340317845
20.0,4,29,12.575679017511368,455.11014898308514
20.0,5,0,8.870124612082895,589.7212976233657
20.0,5,1,32.050242933909125,428.7539017089159
20.0,5,2,16.130348460786024,540.306452983808
20.0,5,3,8.392919494771377,620.3592542822303
20.0,5,4,8.177388588601305,636.0775521146855
20.0,5,6,17.202606277682733,442.9816448313818
20.0,5,7,8.335873711484322,624.4154558214952
20.0,5,8,8.518813441511872,611.7848213939568
20.0,5,9,8.76940216500021,595.7130235832043
20.0,5,10,16.745287737873554,519.5747175053237
20.0,5,11,8.894799268843311,588.0673957483514
20.0,5,12,38.312398620428695,438.2508754914342
20.0,5,13,9.282308520568037,566.874385230866
20.0,5,14,9.461653826283868,557.889764354031
20.0,5,15,9.772618917642575,543.4732566678736
20.0,5,16,9.741141976646146,544.7089256099862
20.0,5,17,10.152891596161815,527.4488253678097
20.0,5,18,10.342330393662799,520.0801633013316
20.0,5,19,10.334067429387456,520.3853493722814
20.0,5,20,10.731414058466939,506.05876300897773
20.0,5,21,29.410575144128046,379.8384385721785
20.0,5,22,10.957280176485614,498.63838775313684
20.0,5,23,22.431950453663866,419.1907868630895
20.0,5,24,11.171563219087023,491.85209418083326
20.0,5,25,11.12482669657091,492.92754894707997
20.0,5,26,11.702873871547684,476.6402303272349
20.0,5,27,11.92887185571807,470.6728295577411
20.0,5,28,11.91810560901789,470.968876179037
20.0,5,29,20.68980064329309,409.1923922569128
20.0,6,0,19.123073978351393,402.7020604164543
20.0,6,1,8.947239807413888,585.1630124235724
20.0,6,2,15.25685057670943,493.7321497060543
20.0,6,3,8.551161833207939,609.6262217454396
20.0,6,4,8.359663863504846,622.7238732770079
20.0,6,5,12.229074019030442,528.5858959887653
20.0,6,7,8.093418387239645,642.45287302779
20.0,6,8,8.332184103335546,624.6778028941445
20.0,6,9,8.602890907036306,606.1743542883745
20.0,6,10,27.26842567449826,351.1056655215739
20.0,6,11,9.012642344261184,581.2970633786357
20.0,6,12,8.867774285663458,589.5748658560317
20.0,6,13,9.368258062284339,562.39450639464
20.0,6,14,23.774934424073578,447.0622535022958
20.0,6,15,37.6073589592833,378.33076778351835
20.0,6,16,31.54348787318945,450.66002851047443
20.0,6,17,10.009964975569053,533.2282933942671
20.0,6,18,10.068451711273235,530.8812363638197
20.0,6,19,10.099043729293982,529.5042460023813
20.0,6,20,10.72886590947747,505.79526086895487
20.0,6,21,10.631892203381753,509.5713935669787
20.0,6,22,10.713470990727982,506.72901001150535
20.0,6,23,10.782622897092214,504.2785343611474
20.0,6,24,10.952035176899123,498.6924206864789
20.0,6,25,46.995895844462765,370.053819494933
20.0,6,26,11.305893619517617,487.7744755699029
20.0,6,27,11.429281333832577,484.118198364333
20.0,6,28,11.996633348596477,468.89265750458935
20.0,6,29,11.993913218234043,469.0531850927755
20.0,7,0,29.375500087293492,308.67039101395085
20.0,7,1,9.17889815408186,572.220185991652
20.0,7,2,8.852784682105556,590.7462622343207
20.0,7,3,8.796630373274116,594.0045410243278
20.0,7,4,8.617629797451434,605.1908320172038
20.0,7,5,8.305136363488744,626.6010140007074
20.0,7,6,8.306639084541233,626.2643877250241
20.0,7,8,8.253673540243193,630.285723112597
20.0,7,9,8.358012571869006,622.8412872432841
20.0,7,10,8.531924473961146,610.9099256556274
20.0,7,11,8.789651943028655,594.4424150938504
20.0,7,12,8.876619034086916,589.3374118330869
20.0,7,13,24.322834287804483,427.85433582262283
20.0,7,14,9.019749277932283,580.7695379307173
20.0,7,15,9.31372755061347,565.3061590827343
20.0,7,16,9.389589981059105,561.2998838997472
20.0,7,17,9.886045417939195,538.3775469056163
20.0,7,18,26.629560938104554,421.1567122234051
20.0,7,19,9.996273740804103,533.8152107508624
20.0,7,20,22.213441765105557,441.17919619538515
20.0,7,21,36.65195291271728,416.88313279946027
20.0,7,22,25.018748768018725,439.19877543166444
20.0,7,23,10.846697130936171,502.23345016306064
20.0,7,24,10.939795053918822,499.2030287178779
20.0,7,25,43.6365514621058,365.9375382559925
20.0,7,26,11.422418284054931,484.412319806663
20.0,7,27,11.57474545327802,480.1230878707607
20.0,7,28,31.303114759626293,421.9039936329889
20.0,7,29,11.716800473595342,476.2441877390843
20.0,8,0,9.484507117266688,556.7819945364431
20.0,8,1,18.64738216694096,419.06415830713377
20.0,8,2,9.097736993324409,576.7474052292093
20.0,8,3,9.186625959048902,571.0128783630967
20.0,8,4,8.737940114121148,597.6871661581628
20.0,8,5,8.699623250977902,599.7194304827503
20.0,8,6,8.502722910080982,612.5517572766378
20.0,8,7,8.186159530943513,635.4116304992178
20.0,8,9,14.956059564699206,583.3239813260982
20.0,8,10,8.52111292839179,611.2441475589475
20.0,8,11,8.606148632816831,605.9569671060108
20.0,8,12,22.14982778540254,456.8533796837156
20.0,8,13,8.712060236874096,599.0644951480077
20.0,8,14,9.021269352102307,581.0128170735014
20.0,8,15,9.254984013772917,568.3668500114193
20.0,8,16,9.618806539100955,550.0786728649949
20.0,8,17,29.18070639094478,384.78025836250697
20.0,8,18,29.51792843602896,350.86203948355245
20.0,8,19,25.73211155347646,443.0593366778759
20.0,8,20,9.845784617898799,539.9324682639635
20.0,8,21,10.234722833821431,524.248507447256
20.0,8,22,10.361490280833475,519.3719163177271
20.0,8,23,10.872904888751107,501.0648346531642
20.0,8,24,10.787882556754848,504.21807898875323
20.0,8,25,11.08106602692131,494.64101445796484
20.0,8,26,31.88513103540022,431.0799183412444
20.0,8,27,22.00740260669474,455.86656078482986
20.0,8,28,20.24661300942571,415.4059421511966
20.0,8,29,11.757576428834392,475.1450726801959
20.0,9,0,15.76953551959354,423.729978913744
20.0,9,1,31.038573568979906,431.6709386236624
20.0,9,2,9.22103127844415,570.1569988122942
20.0,9,3,32.75750532248735,443.2461368846874
20.0,9,4,8.934184465476958,585.9347147018838
20.0,9,5,8.716387422325148,599.0395282989209
20.0,9,6,8.412375497429089,618.887397337909
20.0,9,7,8.516429472124894,611.5771615246471
20.0,9,8,8.118542040301659,640.5453945630193
20.0,9,10,21.09358709172543,506.792557592921
20.0,9,11,33.33077415126763,437.02276929683467
20.0,9,12,8.540388818356528,610.3451021859331
20.0,9,13,8.63641910518865,604.0572831844427
20.0,9,14,16.991236068115093,476.0589061859705
20.0,9,15,9.00555680144568,581.8892727690571
20.0,9,16,9.29006991937055,566.5169551141444
20.0,9,17,17.016916453750664,493.01704747263085
20.0,9,18,9.550115038522412,553.703708115267
20.0,9,19,25.31251344020721,465.66798136904345
20.0,9,20,22.57958847625619,449.362024972175
20.0,9,21,10.018499807334255,532.9117396571155
20.0,9,22,10.363517053456558,519.2594654855534
20.0,9,23,24.2776948625772,424.50855679890446
20.0,9,24,19.15700199496867,385.7145359880732
20.0,9,25,18.956792372631476,453.69893363641154
20.0,9,26,10.885254474714552,500.96428861993445
20.0,9,27,27.04158817247993,345.58410387099616
20.0,9,28,11.228700073230117,490.1575487534612
20.0,9,29,23.838236630049536,368.74383534116055
20.0,10,0,13.147037665119935,475.406025442451
20.0,10,1,9.612369048598186,550.7577979172128
20.0,10,2,9.329974707422675,564.4952105555474
20.0,10,3,9.115242207059474,575.7346990314717
20.0,10,4,17.1447881712402,462.5734203497115
20.0,10,5,25.107473447967998,376.7813434562887
20.0,10,6,8.688051422784838,600.8175211993696
20.0,10,7,29.23627423079805,380.0244965470815
20.0,10,8,8.419349404068653,618.4799735957897
20.0,10,9,8.249512642882879,630.6016334656548
20.0,10,11,8.193918234224899,634.8225617285553
20.0,10,12,15.644397113394163,537.434880943815
20.0,10,13,18.787293117254904,390.438717954465
20.0,10,14,8.527834798370712,610.870599451893
20.0,10,15,8.93375107594389,585.9603323909248
20.0,10,16,9.054538986732851,579.1570164846455
20.0,10,17,30.56318699445888,378.25813119606573
20.0,10,18,9.313053352912856,565.3398104864086
20.0,10,19,9.312045962042285,564.969329709611
20.0,10,20,9.610008731365923,550.7785540321184
20.0,10,21,12.873664015452789,488.3849763974509
20.0,10,22,10.185653969346895,526.1170621835722
20.0,10,23,28.91328689585054,352.40280983170663
20.0,10,24,36.56618462968134,441.66291921984293
20.0,10,25,10.721463700185625,506.40996157267097
20.0,10,26,10.844132188220321,502.3200011467408
20.0,10,27,10.942318826458473,499.1215294114742
20.0,10,28,11.08893195022657,494.4577771181533
20.0,10,29,11.263761951029132,489.1176954820401
20.0,11,0,23.54521212482128,378.6766707023936
20.0,11,1,9.682469145401718,547.5232544485659
20.0,11,2,21.388505971759674,349.5689342746606
20.0,11,3,9.404097929194204,560.7954790744109
20.0,11,4,9.167276541336166,572.9912028092156
20.0,11,5,9.122638237107251,575.358398605343
20.0,11,6,8.723926739076767,598.3630652789453
20.0,11,7,8.709478134429805,599.4730639081943
20.0,11,8,8.595884214635653,606.6419090248023
20.0,11,9,14.768375782938872,577.9885762345573
20.0,11,10,8.314079941849442,625.6994509684225
20.0,11,12,8.16479743399055,637.0335180407925
20.0,11,13,8.350279753720539,623.3911240071836
20.0,11,14,16.518678344988608,483.45149740780676
20.0,11,15,8.663382770667575,602.3653998357222
20.0,11,16,35.589118766961604,392.19750396305204
20.0,11,17,8.915678376588723,586.9027463351852
20.0,11,18,9.452608894488206,557.9471315466225
20.0,11,19,27.232318080526873,339.9852806481967
20.0,11,20,9.64075191490709,549.4146976862777
20.0,11,21,26.761869268935946,468.5735503579598
20.0,11,22,17.52184327618368,449.96509964641314
20.0,11,23,10.175262866595833,526.5394518563019
20.0,11,24,10.247012143086941,523.7724621730217
20.0,11,25,10.7390330597612,505.41952582956867
20.0,11,26,10.394365769112149,517.9549050141298
20.0,11,27,27.976285991562584,392.55267497649135
20.0,11,28,10.69311223195307,507.16907105173766
20.0,11,29,11.318827618655913,487.3463880763415
20.0,12,0,9.876810260578589,538.6713017283516
20.0,12,1,9.916618493682744,537.2148445132631
20.0,12,2,9.747828675569313,544.5869635900752
20.0,12,3,33.27696504133734,378.4765266147273
20.0,12,4,21.63957656115495,460.6506492439647
20.0,12,5,9.26217941637704,567.9874743523199
20.0,12,6,13.506374936913936,520.5845306242273
20.0,12,7,8.765766169625657,595.889933281805
20.0,12,8,16.59491038834076,428.6414176720215
20.0,12,9,19.875467912643135,406.61576100300823
20.0,12,10,8.344676170177257,623.7895629957288
20.0,12,11,8.114338066752751,640.8645754158679
20.0,12,13,24.73699364592308,495.71052276193586
20.0,12,14,8.29612693951645,627.2416229515991
20.0,12,15,8.539138516889814,610.4285344731377
20.0,12,16,8.572568264938539,608.0637181962336
20.0,12,17,8.763308079123517,596.0352312027605
20.0,12,18,9.08748698302347,577.3191570793123
20.0,12,19,9.105418802774409,576.2526353694763
20.0,12,20,9.331376314119522,564.4252517990799
20.0,12,21,9.600740201663978,551.3080843764047
20.0,12,22,9.9704541418029,534.5854669499872
20.0,12,23,10.140147122722198,527.6686003676054
20.0,12,24,10.003139958949157,533.5361047017104
20.0,12,25,18.17880133292295,471.0080477474684
20.0,12,26,10.265187578511174,522.930858463785
20.0,12,27,10.592288762397573,510.9691996758372
20.0,12,28,10.826426695300121,502.9174522396315
20.0,12,29,21.964436280676434,421.19727923748474
20.0,13,0,10.357814235852016,519.4803728865969
20.0,13,1,10.23792383705784,523.9923355934334
20.0,13,2,16.394241560556583,404.7057988103974
20.0,13,3,14.035760511725233,500.6541130168419
20.0,13,4,16.499304395299774,417.31876284883305
20.0,13,5,9.752341725049668,543.4134966963622
20.0,13,6,9.066199221275419,578.3204772123025
20.0,13,7,8.909217940486428,587.2631134163403
20.0,13,8,8.94273053094943,585.4295561064549
20.0,13,9,14.337369695873683,557.6215737263342
20.0,13,10,8.440217597901619,617.0295013145559
20.0,13,11,28.012714907143703,469.5234568574163
20.0,13,12,8.111449925152112,641.0838535555886
20.0,13,14,8.217733312780503,633.0144349657191
20.0,13,15,8.41611341017234,618.7100667361926
20.0,13,16,8.422929489661849,618.1831322190077
20.0,13,17,20.887222432169363,402.9988076308165
20.0,13,18,19.972506775526227,482.55110209085905
20.0,13,19,9.055482365218657,579.1043942551286
20.0,13,20,18.322627528447356,477.66444808652636
20.0,13,21,15.480899318438828,524.6775342743807
20.0,13,22,9.684433668482496,547.3476417139789
20.0,13,23,37.55860905210966,453.3677760293165
20.0,13,24,9.803767558860589,542.0343729133048
20.0,13,25,22.255253442906685,364.67442009953413
20.0,13,26,10.339881626844377,520.1750200460375
20.0,13,27,10.518956410459603,513.5526315854311
20.0,13,28,30.642696693609288,370.919507523804
20.0,13,29,24.839811793214068,358.0167242456591
20.0,14,0,36.15822538297717,436.32115494552016
20.0,14,1,38.232076286047956,421.46166760489
20.0,14,2,26.24246730123315,455.3139257494679
20.0,14,3,9.962548544320239,535.2533084053736
20.0,14,4,9.832044401827961,540.8035540930921
20.0,14,5,22.394471591870584,439.9321443613438
20.0,14,6,9.527416911233583,554.640226925778
20.0,14,7,9.011602818778435,581.1990577895572
20.0,14,8,16.791652298422175,522.4018936943354
20.0,14,9,9.068492959451913,577.9957291664806
20.0,14,10,8.86490470996695,589.7205458276866
20.0,14,11,10.91407176324157,551.4404111656005
20.0,14,12,8.331315444169118,624.7395683121116
20.0,14,13,8.256397678794537,630.078896676612
20.0,14,15,8.141080857317226,638.8341661850249
20.0,14,16,8.461056377810566,615.5144276545803
20.0,14,17,8.671174041078304,601.617838758094
20.0,14,18,15.337608646217596,561.6694673351701
20.0,14,19,8.866042512322073,589.9625908580383
20.0,14,20,9.179010053679646,572.2139441635778
20.0,14,21,24.731111852367214,445.0420087995292
20.0,14,22,9.463970748449748,557.8070316085559
20.0,14,23,9.60187499336454,551.2543851136697
20.0,14,24,20.698608728950582,414.6869491824485
20.0,14,25,33.51777992314527,446.17803577308393
20.0,14,26,10.289443120616731,521.8981196239608
20.0,14,27,28.822904237733688,463.17694241534195
20.0,14,28,10.306255706866652,521.4131534634116
20.0,14,29,10.600281615913248,510.6870913742913
20.0,15,0,10.35850674664224,519.2205516200943
20.0,15,1,10.503985643737005,514.1058880503384
20.0,15,2,9.944073433286857,535.5072584961664
20.0,15,3,9.867451357822514,539.0517333309401
20.0,15,4,22.432316648988806,475.30902510493223
20.0,15,5,9.473414104002314,556.9150968533149
20.0,15,6,9.680439684733381,547.5366402611096
20.0,15,7,26.77885421623882,407.60266883670516
20.0,15,8,9.484389291743069,556.2715186840288
20.0,15,9,19.071827190388966,377.8951125127171
20.0,15,10,14.606189946597278,450.95919174778913
20.0,15,11,8.659060133291673,602.6366314382859
20.0,15,12,8.594001335671626,606.7675530416097
20.0,15,13,21.341332315471497,524.6010308763605
20.0,15,14,8.051255434225135,645.6540366757597
20.0,15,16,8.135807175993058,639.2345631150048
20.0,15,17,8.362531213325125,622.5199923223701
20.0,15,18,8.45701080124781,615.90889528316
20.0,15,19,8.739878529465551,597.5655368252865
20.0,15,20,16.458380491150315,536.7149258428213
20.0,15,21,9.131595041313936,574.8587825829366
20.0,15,22,9.289830524072324,566.5295771665919
20.0,15,23,9.487941544990942,556.6105710598669
20.0,15,24,9.600246438632794,551.3314496431113
20.0,15,25,9.983463168588763,534.0010336419257
20.0,15,26,10.110644294082453,528.9285785922865
20.0,15,27,9.88352504986317,538.3983511362626
20.0,15,28,10.17104722521364,526.7150799703177
20.0,15,29,27.582485973684776,376.2218764660407
20.0,16,0,10.858654487365868,501.8299631944005
20.0,16,1,10.639335852414993,509.30866947451864
20.0,16,2,10.27005001124369,522.751163435849
20.0,16,3,10.291899235685733,522.0336916820122
20.0,16,4,23.73633494290093,444.5163213783173
20.0,16,5,10.201734672344056,525.0383789612938
20.0,16,6,24.355143319472063,465.24357757310327
20.0,16,7,9.676304448793683,547.7323229763482
20.0,16,8,9.401508520159107,560.9247249152652
20.0,16,9,9.311110165800724,565.4076138032788
20.0,16,10,8.95484785385051,584.71784891221
20.0,16,11,8.857738511645104,590.4534409845593
20.0,16,12,8.89405324438265,587.8915689752599
20.0,16,13,8.671036368092949,601.6270256401061
20.0,16,14,8.399973990904167,619.8576491429236
20.0,16,15,8.217692232924945,633.0175538966971
20.0,16,17,7.963248532558279,652.3358384530077
20.0,16,18,8.366850020901213,622.2129064532926
20.0,16,19,16.41731682887442,395.6638222107449
20.0,16,20,8.817161959069114,592.7162500033411
20.0,16,21,20.97795643559753,472.56318038627757
20.0,16,22,23.96305964510003,382.7137378783066
20.0,16,23,17.279313061904215,528.5208416872881
20.0,16,24,33.16259430460902,414.50106801376916
20.0,16,25,9.584915552783572,552.0569195833364
20.0,16,26,9.979974121689327,534.1577798194057
20.0,16,27,9.973409021516574,534.7894896663597
20.0,16,28,34.55133580677986,412.60263339750315
20.0,16,29,32.94882617229256,396.5230266071574
20.0,17,0,44.460079395136006,424.09188706178253
20.0,17,1,10.831215854131536,502.75584769178
20.0,17,2,10.786208493474208,504.1247897460179
20.0,17,3,39.915890006693736,385.7846230787674
20.0,17,4,10.207169165793209,525.3158411085108
20.0,17,5,10.230807621286342,524.2816038378927
20.0,17,6,9.957945527716307,535.4498895793218
20.0,17,7,9.657675994460881,548.6370920522648
20.0,17,8,9.510362861327728,555.5848133492933
20.0,17,9,15.459113229560243,489.42673966966225
20.0,17,10,9.200935658577825,571.2165349426883
20.0,17,11,9.136561521949627,574.581749252375
20.0,17,12,17.458454507682006,485.76143214798583
20.0,17,13,16.77324167574129,398.4346825291407
20.0,17,14,8.615028721380135,605.3644011376111
20.0,17,15,8.438875671452328,617.0915716622197
20.0,17,16,8.278390730981124,628.4091047352512
20.0,17,18,8.112729722239676,640.9866867392113
20.0,17,19,8.341639218946975,624.0055033430276
20.0,17,20,14.665599116007453,548.0992475914027
20.0,17,21,8.70137902775155,599.9812568220678
20.0,17,22,8.90262156385153,587.8004002742822
20.0,17,23,9.030915487929791,580.4747497112469
20.0,17,24,9.115742185867346,575.7083377838518
20.0,17,25,17.987971476191245,508.0519008266161
20.0,17,26,9.400267763001684,560.794602606559
20.0,17,27,21.785950241168102,435.9678175114312
20.0,17,28,33.87893296911038,349.5306971579683
20.0,17,29,9.960060230284956,535.2872597934927
20.0,18,0,19.079653149121675,402.48083388794566
20.0,18,1,10.88809742050402,500.872482363093
20.0,18,2,14.830995799109164,467.6990908513396
20.0,18,3,27.400460885839433,382.9549309419234
20.0,18,4,28.731173924675367,374.64815201102425
20.0,18,5,9.979733804654671,534.1258992268769
20.0,18,6,35.34775869178774,373.31978433991077
20.0,18,7,9.768844993551642,543.525812001284
20.0,18,8,9.902418536390972,537.6419810606408
20.0,18,9,34.98383858875603,444.60823553882045
20.0,18,10,9.42393552767275,559.8053199063779
20.0,18,11,13.008812291662753,530.7431690067262
20.0,18,12,9.014930141589858,581.3664221170351
20.0,18,13,33.756287242605794,452.65539481562934
20.0,18,14,17.035462637579286,526.4757122548076
20.0,18,15,25.455023640664646,426.94592919435354
20.0,18,16,22.350269581909956,433.6062002883315
20.0,18,17,8.147067750528919,638.3796196330563
20.0,18,19,8.409346602104195,618.4664621033864
20.0,18,20,15.298012449229748,346.95306037229614
20.0,18,21,10.399886301994844,569.84426284403
20.0,18,22,27.83540598014892,334.1672009247641
20.0,18,23,8.942796649897604,585.4256478102807
20.0,18,24,9.264838811275563,567.4263635166585
20.0,18,25,9.177992155619442,572.4262249400069
20.0,18,26,32.93726658097789,342.1593052963845
20.0,18,27,25.5335558275105,462.46803169496496
20.0,18,28,9.85386034283243,539.8234682819404
20.0,18,29,10.237713860857854,523.5018146330855
20.0,19,0,11.372862727215905,485.882021691757
20.0,19,1,14.92066736802947,442.6519595995918
20.0,19,2,10.95089211201704,498.8446752910471
20.0,19,3,10.79677055665612,503.91816385628226
20.0,19,4,10.610734069793356,510.31817131272356
20.0,19,5,38.16996808009884,364.9418780296989
20.0,19,6,10.27086351318864,522.8485427097215
20.0,19,7,9.90890812159017,537.3665504105363
20.0,19,8,15.93428574930018,480.24277949873147
20.0,19,9,25.769249381854387,446.10041070751726
20.0,19,10,9.60026886518115,551.3303884006722
20.0,19,11,20.70354014206839,447.4384821546327
20.0,19,12,9.093105821980174,576.9018339565873
20.0,19,13,16.77800655389773,516.4838777645799
20.0,19,14,8.75570466430151,596.4846696448508
20.0,19,15,8.612248235101843,605.5739275982344
20.0,19,16,19.47423174027359,506.92350585374277
20.0,19,17,8.405368438470482,619.4740806254774
20.0,19,18,8.138501759186138,639.0299806285469
20.0,19,20,8.167193342872787,636.8516119865598
20.0,19,21,8.402741188888951,619.6608894162872
20.0,19,22,18.84260238062588,340.9972579018283
20.0,19,23,21.17863981383247,482.12010793135846
20.0,19,24,9.077712859637783,577.4507401486815
20.0,19,25,25.042810436389665,479.00418511810346
20.0,19,26,12.621725447895393,493.57507495239156
20.0,19,27,9.33225516117387,564.3813856794433
20.0,19,28,16.672441633178472,368.7582256082775
20.0,19,29,9.752130008265443,544.3937252996133
20.0,20,0,33.96018123632953,414.3872331640524
20.0,20,1,23.908043783956224,340.70827379694794
20.0,20,2,10.923273274597799,499.58211590450844
20.0,20,3,17.02463630035553,466.3565680358235
20.0,20,4,24.747076688918625,454.8790330497655
20.0,20,5,10.510257061606834,513.8645140635733
20.0,20,6,10.088468402943425,529.4616546593035
20.0,20,7,10.452817338916262,515.8002817379241
20.0,20,8,16.27576587948049,495.24369083206267
20.0,20,9,12.747432171910573,500.47145835790576
20.0,20,10,9.68709667823519,547.3153615472332
20.0,20,11,9.754710808137776,544.0220705234872
20.0,20,12,22.048027392803984,346.48595718556135
20.0,20,13,9.229622235017812,569.7040429470363
20.0,20,14,9.060080536680367,578.8479054357875
20.0,20,15,16.200404606777695,418.42578977545475
20.0,20,16,29.224218045662365,478.4090786017907
20.0,20,17,8.671538207393532,601.593538035899
20.0,20,18,8.24390471349503,630.9548487391389
20.0,20,19,11.337431705256757,597.7901371089181
20.0,20,21,7.964934262369379,652.2078517583913
20.0,20,22,18.071716520381962,414.6005145389576
20.0,20,23,8.551786912842203,609.5845103462608
20.0,20,24,8.815052948694078,592.8485836261046
20.0,20,25,26.679340954132385,457.3363866756495
20.0,20,26,9.016757672099448,581.2644813463138
20.0,20,27,25.118860595683902,372.3520978197723
20.0,20,28,9.075393389400782,577.2021935263899
20.0,20,29,9.474345017201278,557.2892069167904
20.0,21,0,11.603867985691004,479.34630870241267
20.0,21,1,11.607361748155816,479.1948445557385
20.0,21,2,17.378093232037187,388.84272049175564
20.0,21,3,18.781854800512612,425.12426811257046
20.0,21,4,19.47902809340602,343.59400966072695
20.0,21,5,10.832199587640188,502.72265275829204
20.0,21,6,34.99038587148078,324.7527505381064
20.0,21,7,10.515262888395466,513.6891285997876
20.0,21,8,10.309241116853304,521.3619272729806
20.0,21,9,10.10557476688215,529.3722150707936
20.0,21,10,9.559771785098238,552.4547080482412
20.0,21,11,24.460921785592284,476.5428541531786
20.0,21,12,9.590499983066978,551.7926598175446
20.0,21,13,9.350132933304863,563.489047829242
20.0,21,14,9.313271985475584,565.2936324447467
20.0,21,15,9.120307250402856,575.4884224708488
20.0,21,16,8.78758440192873,594.6002558717194
20.0,21,17,8.719068454653065,598.8713021370687
20.0,21,18,8.6616887231314,602.2507915236793
20.0,21,19,8.393667804801655,620.3060462075617
20.0,21,20,8.22882293746982,632.1724706134394
20.0,21,22,22.938049986465277,351.1501055593273
20.0,21,23,8.459813628020505,615.6027925313672
20.0,21,24,14.394084360806174,422.28590854659774
20.0,21,25,11.804709710615901,576.6797010519713
20.0,21,26,21.32911274220189,419.78146439285103
20.0,21,27,8.88441454763965,588.6466618550844
20.0,21,28,9.251657521389262,568.5422384239891
20.0,21,29,9.44895228801047,558.5566518970084
20.0,22,0,20.881541909028513,341.41380891033936
20.0,22,1,11.43032190043321,484.0897570777213
20.0,22,2,32.243758841139226,335.8984140918302
20.0,22,3,11.05618857599776,495.2738361862991
20.0,22,4,11.233443046183787,489.98759883584165
20.0,22,5,10.943065343394078,499.0974224004364
20.0,22,6,10.756449957811824,505.27873517469186
20.0,22,7,10.632756368698724,509.5408927940885
20.0,22,8,10.149535072712887,527.2048878238872
20.0,22,9,10.461307857325156,515.471388463532
20.0,22,10,29.94712808014854,404.14675152022636
20.0,22,11,30.39252270896675,358.2414846075906
20.0,22,12,30.5728350804292,319.04638783378033
20.0,22,13,9.666767754454463,548.1836070795799
20.0,22,14,9.39924264488517,561.0378221320746
20.0,22,15,17.84260916188421,498.1865107454667
20.0,22,16,8.966548203388353,584.06519625151
20.0,22,17,8.926740069666458,586.3747535178234
20.0,22,18,21.7235600966954,511.33581372052095
20.0,22,19,8.559157482269464,609.0926741917917
20.0,22,20,8.218298303879749,632.775575041974
20.0,22,21,8.154470837857088,637.817550509731
20.0,22,23,30.23749720942751,390.8766404727378
20.0,22,24,14.040871406193244,533.4127307275891
20.0,22,25,8.33250968812573,624.2168217343541
20.0,22,26,8.736484081081162,597.7785275517932
20.0,22,27,8.91240226591882,587.2222622136114
20.0,22,28,9.129640697379326,574.9677970841461
20.0,22,29,9.155379480214329,573.6184721439232
20.0,23,0,12.200260186143778,463.8387079289507
20.0,23,1,11.692396207670413,476.88531576522143
20.0,23,2,11.930801838806993,470.4103891621198
20.0,23,3,11.527785906895001,481.4595328952441
20.0,23,4,11.481806592318724,482.65100151714466
20.0,23,5,31.563063601136392,455.8214843263193
20.0,23,6,11.038592694743324,496.0125909605105
20.0,23,7,10.952376369444549,498.6674282043813
20.0,23,8,10.464764419971118,515.4701799048805
20.0,23,9,10.598374804638997,510.6176623332567
20.0,23,10,10.28710170476718,522.2195314124987
20.0,23,11,10.28330292861621,522.1477133149991
20.0,23,12,10.023614398842332,532.6453670479907
20.0,23,13,9.708245866727824,546.3652297351442
20.0,23,14,9.542810487809437,554.049365373512
20.0,23,15,9.375634229835516,562.2161950399355
20.0,23,16,8.982445163644089,582.7363872821489
20.0,23,17,9.119329905890988,575.5429393460952
20.0,23,18,8.943859374057132,585.3628301024729
20.0,23,19,15.29918554809094,527.6668692089582
20.0,23,20,8.511369360757351,612.2815629399112
20.0,23,21,8.297778527956352,627.1241878812723
20.0,23,22,8.31179029777024,625.8732890150748
20.0,23,24,8.337197214540401,623.9443041466847
20.0,23,25,17.902872631479394,495.3399120874265
20.0,23,26,8.409591419271523,619.07317813928
20.0,23,27,8.739099841677087,597.6143969813431
20.0,23,28,8.798519487672039,593.9538821020848
20.0,23,29,9.098867788995305,576.684328754363
20.0,24,0,12.1220940399621,465.85516515696673
20.0,24,1,26.37322528416065,374.194690533557
20.0,24,2,29.015755143848555,332.4346597222132
20.0,24,3,12.0397660474496,467.43212492939585
20.0,24,4,28.91021249764444,334.43591380540676
20.0,24,5,11.274270615694423,488.80603307214
20.0,24,6,11.151268863115082,492.52950225223515
20.0,24,7,10.901168829004403,500.4503719273218
20.0,24,8,10.901908607832723,500.37040362938785
20.0,24,9,10.61198541112341,510.2740051364533
20.0,24,10,10.602720220282626,510.45707407868736
20.0,24,11,10.367577271343102,519.1021867080821
20.0,24,12,10.10698783903629,529.3147748645874
20.0,24,13,9.853746526831722,539.8999195663185
20.0,24,14,10.023092604156275,532.2206727812271
20.0,24,15,19.701590378710375,491.81100176693815
20.0,24,16,24.727557114282575,399.15424090708393
20.0,24,17,9.27674507253206,567.2195040651727
20.0,24,18,28.744484721795796,407.08152903368955
20.0,24,19,8.754513587129157,596.5550743092393
20.0,24,20,8.705196456620023,599.7417254296263
20.0,24,21,8.32058849922367,625.0123195265064
20.0,24,22,8.141112993895305,638.263783900324
20.0,24,23,8.125334362451513,640.0296969375723
20.0,24,25,20.319612292975197,555.0660472115397
20.0,24,26,8.45564056599628,615.8995152623173
20.0,24,27,8.474634811829585,614.7328497039939
20.0,24,28,8.934482018579285,585.3547933307937
20.0,24,29,8.935200984682771,585.8746281724874
20.0,25,0,12.174491211533981,464.51126841627865
20.0,25,1,17.473589504513097,377.4650281845705
20.0,25,2,46.34971399713576,377.6140504514376
20.0,25,3,11.7478456610463,475.42859509586685
20.0,25,4,16.875750220814183,461.8278100421936
20.0,25,5,11.491640528948015,482.48821213591054
20.0,25,6,35.01528892508735,329.34300473951544
20.0,25,7,11.241527839173145,489.73751100833863
20.0,25,8,18.008117515128117,463.2597411007867
20.0,25,9,18.287110671607785,452.4655781148092
20.0,25,10,16.55274880716838,437.5395013337971
20.0,25,11,10.361644658058214,519.3662111859057
20.0,25,12,15.093779230916482,460.12736614990666
20.0,25,13,33.49278190103375,334.95143697257663
20.0,25,14,10.187087432554232,525.6639190887241
20.0,25,15,9.514248510474115,555.0806024172687
20.0,25,16,17.699007539525724,518.3398584359701
20.0,25,17,21.082735524318466,512.7898774753287
20.0,25,18,9.082354710888488,577.4686833854329
20.0,25,19,37.11785847932015,387.72943329647757
20.0,25,20,8.718907433102771,598.6597568458446
20.0,25,21,8.682541612877293,601.1632440627718
20.0,25,22,8.65663943444407,602.5877292264294
20.0,25,23,8.328248648190867,624.9576307498728
20.0,25,24,8.132918049627916,639.4539160216028
20.0,25,26,8.148639801568923,638.2602638412485
20.0,25,27,26.016754081743656,446.9244006280142
20.0,25,28,14.10797455213384,546.8325215233381
20.0,25,29,8.49207523560672,613.1143970856092
20.0,26,0,12.253299862750382,462.5189391257912
20.0,26,1,21.38997613973109,322.59453498657757
20.0,26,2,21.031067830319166,411.13401011649887
20.0,26,3,20.562727769927665,364.6931344704087
20.0,26,4,11.47734666298397,482.5349136892337
20.0,26,5,11.624554236787084,478.78090174432907
20.0,26,6,11.324246263004888,487.2521685851925
20.0,26,7,22.935861724042116,316.0749422654682
20.0,26,8,11.212311052319032,490.6412772223382
20.0,26,9,11.115649901000495,493.5242094741871
20.0,26,10,20.62080555512432,384.66683407005013
20.0,26,11,10.4929296080335,514.4760877009612
20.0,26,12,10.372704258582191,518.9574949456115
20.0,26,13,10.203384693569223,525.4624384541203
20.0,26,14,17.60120389708167,453.65210752868916
20.0,26,15,10.127531989037305,528.2073552761092
20.0,26,16,9.653647221008836,548.8180855604471
20.0,26,17,9.548609338059478,553.7749590811658
20.0,26,18,9.44373308098529,558.8171595230417
20.0,26,19,15.393195404656382,386.1840097917501
20.0,26,20,8.824135460984856,592.0090662142519
20.0,26,21,8.845606309551803,591.1705763948429
20.0,26,22,8.723184131103778,598.6130566673964
20.0,26,23,25.186310459660167,394.2800807442789
20.0,26,24,8.295129279699399,627.3125608729036
20.0,26,25,16.60350525993269,489.7408930056955
20.0,26,27,30.731357190876565,419.96895771789025
20.0,26,28,8.346617233944261,623.6515449795694
20.0,26,29,8.604784318594426,606.0480074343404
20.0,27,0,12.594668798993075,454.80408556413414
20.0,27,1,19.361868840023224,405.8095851326291
20.0,27,2,43.88923683233073,310.23837191214074
20.0,27,3,43.18025183583225,385.237950995402
20.0,27,4,43.801922440818856,377.45304849383496
20.0,27,5,22.159807033458858,343.2246592463901
20.0,27,6,11.678639961400549,477.3026036763315
20.0,27,7,20.760349881779902,449.0687843395898
20.0,27,8,11.388323701138596,485.42348537476283
20.0,27,9,10.800476286759395,503.3806091934323
20.0,27,10,47.084239373272254,397.2202185207888
20.0,27,11,10.530160196773087,512.9146177593724
20.0,27,12,10.571306265593059,511.7097783095013
20.0,27,13,21.188663564620477,431.29681374993083
20.0,27,14,25.262457981276935,483.02649422480107
20.0,27,15,19.368317026597218,428.0401316948715
20.0,27,16,15.32114961723985,396.80245291562983
20.0,27,17,12.093701824595634,514.264083240725
20.0,27,18,9.664031575094745,548.3130853038692
20.0,27,19,9.206918502124639,570.6373466609319
20.0,27,20,9.119763815318153,575.4962984571462
20.0,27,21,8.911790203275084,587.1196310231343
20.0,27,22,8.822160875803062,592.5564378090675
20.0,27,23,8.727515770978012,598.3412601869959
20.0,27,24,14.648965815484553,459.0075822417402
20.0,27,25,12.752658412571979,505.42525746461996
20.0,27,26,8.188393218702618,635.2420408584519
20.0,27,28,18.680250049256912,391.6926570218599
20.0,27,29,8.256232017396492,630.0783241972902
20.0,28,0,13.229406692586988,441.3195223243722
20.0,28,1,16.442707497790146,405.6250447455346
20.0,28,2,12.800238065193966,450.16423795365114
20.0,28,3,24.167501282880625,413.82161883258055
20.0,28,4,33.9514903884925,358.11241635278617
20.0,28,5,12.126881485949543,465.6930194332582
20.0,28,6,11.992041169539208,469.013299309744
20.0,28,7,17.636797703039846,445.9208613847194
20.0,28,8,11.418311921255423,484.5751073563996
20.0,28,9,11.179401543718921,491.6196278093041
20.0,28,10,10.782823228634394,503.9266732622435
20.0,28,11,10.834175728091644,502.61375676982885
20.0,28,12,34.962658581374015,425.50010252273455
20.0,28,13,32.010249476386974,367.73270819245045
20.0,28,14,10.627204873918688,509.55222443630265
20.0,28,15,32.56117999265062,369.0043286870559
20.0,28,16,10.11916937723969,528.8196054818621
20.0,28,17,19.7396712492217,475.50550935717354
20.0,28,18,16.539740222957953,404.8084150676801
20.0,28,19,9.62028270583885,550.3833172445493
20.0,28,20,9.496689530892029,556.1739305838963
20.0,28,21,9.327913468673554,564.5216641972379
20.0,28,22,21.610943512946278,485.594763505968
20.0,28,23,17.247887010782836,492.0140610994196
20.0,28,24,14.954096844781631,318.49406480160945
20.0,28,25,19.528140513039375,395.97800990655
20.0,28,26,8.38949690177314,620.6026154245934
20.0,28,27,29.475810189646054,375.00367018889193
20.0,28,29,8.251388833483787,630.4591863001011
20.0,29,0,13.079348293145376,444.5709623154845
20.0,29,1,12.584927587491478,454.87386607631356
20.0,29,2,12.764520377547475,451.1031382818969
20.0,29,3,25.537792756138398,424.2452758307898
20.0,29,4,12.313684494899066,461.24952251643634
20.0,29,5,26.881518648591715,418.1902973852338
20.0,29,6,11.861324821141942,472.4037512572724
20.0,29,7,11.940864105597338,470.35777941373397
20.0,29,8,34.411762490492386,332.9444150396107
20.0,29,9,11.270134547087157,488.7921607502502
20.0,29,10,11.273428164680013,488.8310181983893
20.0,29,11,10.963001713482042,498.353191554346
20.0,29,12,10.736777722086787,505.7589966081178
20.0,29,13,19.912864440085354,474.7936605703583
20.0,29,14,10.355535333145864,519.3254278589756
20.0,29,15,10.543605428690364,512.641707720109
20.0,29,16,10.229397888690288,524.4547773775237
20.0,29,17,9.895581890770169,537.9082505947833
20.0,29,18,41.95014826858986,385.6256597931443
20.0,29,19,12.07310716780829,491.24688212302203
20.0,29,20,29.16829188567573,337.75598412576034
20.0,29,21,9.560321960449444,552.9978287196194
20.0,29,22,9.1767881057876,572.4897081422231
20.0,29,23,9.231963320980192,569.2601784931854
20.0,29,24,9.069504305799404,577.9359484051424
20.0,29,25,8.557662055180424,608.999034950627
20.0,29,26,23.275402530744945,471.37715746099263
20.0,29,27,14.898064772985581,378.1957335056319
20.0,29,28,8.321328603564833,625.1491063952672
25.0,0,1,8.237137442797536,631.4930071647406
25.0,0,2,20.063394257835732,445.74163823682414
25.0,0,3,8.583718024027961,607.0725164047559
25.0,0,4,21.46694451369287,387.44926910840417
25.0,0,5,8.957293850992848,583.6306426946237
25.0,0,6,9.174692452939437,571.1800428052276
25.0,0,7,9.309092366373047,563.8739928434615
25.0,0,8,26.894584936488236,376.0738395740403
25.0,0,9,9.61921667815235,548.0005897586396
25.0,0,10,9.738065695107304,542.1737226257457
25.0,0,11,44.14732350750401,297.3317626144238
25.0,0,12,18.187030515513253,461.00708539677476
25.0,0,13,10.374609873727922,514.6740770531494
25.0,0,14,31.05160622355941,357.4677615148099
25.0,0,15,10.819014811811204,497.92570756001334
25.0,0,16,11.044247323284408,490.0836964028523
25.0,0,17,11.270798289009242,482.58975313853284
25.0,0,18,19.014670051697134,396.1013025554095
25.0,0,19,26.745761498938226,361.2964511253447
25.0,0,20,11.713180507150245,468.95688006706786
25.0,0,21,26.350616782117505,351.2819435896977
25.0,0,22,21.276898545700853,397.3967686757893
25.0,0,23,12.321765539445753,452.28219395410116
25.0,0,24,31.629860746739517,369.3408992385517
25.0,0,25,12.528855545166184,446.91027084889
25.0,0,26,12.863002759116348,439.05304930242534
25.0,0,27,12.78605078081074,440.55061506313405
25.0,0,28,13.280761207933764,429.7724793684352
25.0,0,29,13.513153771850547,424.9151481156858
25.0,1,0,19.689411600166085,460.7812656718156
25.0,1,2,24.02033203068714,442.77689563832746
25.0,1,3,23.903000274681197,370.4041922683302
25.0,1,4,8.579222516515255,607.3725004357395
25.0,1,5,20.096061830885247,484.158868685684
25.0,1,6,8.826454570356944,591.3645627594613
25.0,1,7,8.873116369558861,588.0021413746142
25.0,1,8,13.5686036392051,510.17885084648765
25.0,1,9,9.38561924966401,559.6899796768695
25.0,1,10,21.67103558406019,474.66005783456785
25.0,1,11,9.976141053440655,531.4781362818168
25.0,1,12,9.891539724915832,535.0055317995891
25.0,1,13,10.362892440758557,515.1966867059508
25.0,1,14,26.89130482236743,360.33073160046666
25.0,1,15,18.53522528930487,449.4247913392287
25.0,1,16,36.897373193640476,351.8747284922023
25.0,1,17,22.657982928173567,371.8490466458702
25.0,1,18,11.348087740094622,480.09387185097256
25.0,1,19,18.6889957482681,453.1880112529129
25.0,1,20,52.038424170992144,364.92552389528163
25.0,1,21,11.620329567005879,471.5993710307245
25.0,1,22,11.975572188810023,461.5350780948259
25.0,1,23,42.22175033222459,334.22480820916485
25.0,1,24,30.960578500314355,333.39615492733566
25.0,1,25,35.67067208865447,371.80233025735885
25.0,1,26,38.207322635090364,343.10775583909395
25.0,1,27,12.888973491988667,438.46640049562154
25.0,1,28,12.853170435208268,439.08812466627467
25.0,1,29,13.225765085203662,430.92912874095026
25.0,2,0,8.522498462483451,610.9650824985746
25.0,2,1,12.63762550187578,568.6445880513843
25.0,2,3,12.272238101532619,583.3516176121776
25.0,2,4,11.083824618562321,568.0921285034842
25.0,2,5,16.36519009802997,530.6040996381868
25.0,2,6,8.634162081163456,603.5615993336172
25.0,2,7,8.991555553378278,581.6054307991875
25.0,2,8,8.960714638692089,583.1158562907696
25.0,2,9,9.126657036671851,573.4928463331566
25.0,2,10,9.42188184450003,557.8799954304205
25.0,2,11,9.639732172800525,547.0297799292227
25.0,2,12,9.751274581399958,541.5803105866365
25.0,2,13,23.70954496831068,437.7569790338419
25.0,2,14,10.299000460813641,517.7938424790685
25.0,2,15,10.4665558082118,511.1124100261075
25.0,2,16,19.134354074170005,460.1682077128016
25.0,2,17,11.089095869966958,488.3931784767978
25.0,2,18,23.939215629872436,413.3647139318088
25.0,2,19,25.052135382692857,381.32948203915566
25.0,2,20,22.533056590178344,383.13828261445326
25.0,2,21,16.23491920137497,437.43606690737636
25.0,2,22,11.611183171321969,471.85967284250137
25.0,2,23,11.82347478969197,465.69228025622
25.0,2,24,45.172949423038546,337.11696088574763
25.0,2,25,12.302643015222287,452.76542841539737
25.0,2,26,12.210121097922569,454.8192454641239
25.0,2,27,12.58310523605667,445.6390262704741
25.0,2,28,12.566292763156099,445.7553848103456
25.0,2,29,13.179510047737574,431.97741240586544
25.0,3,0,27.27746561250153,484.8348678284133
25.0,3,1,8.379934445005112,621.1019997923486
25.0,3,2,26.68343047077655,451.8948170525715
25.0,3,4,8.190996851276505,634.9961674918198
25.0,3,5,12.177872599420226,554.5663170628974
25.0,3,6,18.834740847729577,350.68013186605805
25.0,3,7,8.767870434752018,595.1718298789355
25.0,3,8,8.994512326583907,581.430655704804
25.0,3,9,9.07476475122231,576.7540711872343
25.0,3,10,9.137872987621895,572.9014883483146
25.0,3,11,9.518889327097156,553.0380359379334
25.0,3,12,13.521890679757696,472.931750021325
25.0,3,13,36.00807512504969,426.10411690850754
25.0,3,14,9.973024794270124,531.525546396267
25.0,3,15,42.602121600957986,391.97515056861494
25.0,3,16,10.612433025063961,505.4616319229164
25.0,3,17,10.452490839003627,511.41086278894034
25.0,3,18,10.922422913164178,494.27591167903427
25.0,3,19,11.05866064455223,489.5973357811822
25.0,3,20,11.28007816664489,482.2900812865997
25.0,3,21,10.984143027973971,491.3370673253274
25.0,3,22,11.624887974324176,471.6111280616766
25.0,3,23,11.688816253365033,469.6502744512664
25.0,3,24,11.87403536034135,464.31033345894593
25.0,3,25,12.20374760358246,455.3799194128015
25.0,3,26,12.064610457518574,458.78061414342693
25.0,3,27,12.503608168655564,447.67992955026705
25.0,3,28,12.380281231911985,450.391844423153
25.0,3,29,27.053662122955323,350.20502114715856
25.0,4,0,22.315990164044685,466.4571097893377
25.0,4,1,22.773947639464936,495.53368405099286
25.0,4,2,17.167606945683897,359.6081328542142
25.0,4,3,8.30122508670398,626.6272418117602
25.0,4,5,8.099698533993884,641.9278654282843
25.0,4,6,8.317605049126506,625.533889003722
25.0,4,7,8.702925600030607,599.1178262897841
25.0,4,8,8.875651520419648,588.4089131571483
25.0,4,9,8.938125623608055,584.7636781076748
25.0,4,10,9.081200368955573,576.395088489899
25.0,4,11,9.444783019747494,556.7197397891462
25.0,4,12,9.370393661366002,560.4499383915434
25.0,4,13,9.618781875446544,548.0211649749771
25.0,4,14,9.692223505960467,544.2331927685067
25.0,4,15,32.83736823190355,408.6187737802821
25.0,4,16,10.338065936048782,516.2058634459565
25.0,4,17,16.41571506483269,462.93418481928273
25.0,4,18,30.51562885673291,401.97470535938373
25.0,4,19,12.694126240305017,450.74556936516325
25.0,4,20,11.131158040302125,487.15099618941184
25.0,4,21,10.874376835809365,495.3912528663043
25.0,4,22,49.087152761272485,343.12355376062527
25.0,4,23,20.336362804604953,445.7344200386477
25.0,4,24,11.815594701814389,466.0422236992443
25.0,4,25,11.921146312936553,463.0226733471375
25.0,4,26,12.171072029712015,456.2383441752138
25.0,4,27,12.182248348583597,455.8078537352032
25.0,4,28,12.343151699732928,451.58316596609825
25.0,4,29,12.842338358426876,439.56436121801903
25.0,5,0,8.806091276131568,592.5682386665007
25.0,5,1,35.09039057152046,399.49736350957573
25.0,5,2,21.704545231736894,480.9458701813174
25.0,5,3,10.562175742066472,548.4236086249139
25.0,5,4,8.118414595164195,640.5068744784579
25.0,5,6,15.537937642856383,480.73748477877143
25.0,5,7,11.876902446194636,574.073310542117
25.0,5,8,8.519577753433529,611.3525797495366
25.0,5,9,8.679301041009818,600.7292746779683
25.0,5,10,23.016113804164032,460.99612866975946
25.0,5,11,8.893803195955428,586.8482175328099
25.0,5,12,41.42784507726502,416.3338882629831
25.0,5,13,9.2709472312979,565.413633698038
25.0,5,14,9.520838957617913,552.6559032048094
25.0,5,15,9.751336427304487,541.5775321461605
25.0,5,16,9.834275095043301,537.451134137075
25.0,5,17,10.24838602153482,519.8512772821448
25.0,5,18,10.45028044669371,511.74286115804244
25.0,5,19,10.532896288704448,508.439416123246
25.0,5,20,10.803033188693671,498.48978002109266
25.0,5,21,33.946145299114775,335.9547359697452
25.0,5,22,11.022974783592428,490.5926311652403
25.0,5,23,26.021426085067173,374.615229954021
25.0,5,24,11.359270445747502,479.488722571032
25.0,5,25,11.469768307189934,475.88426860873295
25.0,5,26,12.020829524714015,460.29808196123
25.0,5,27,12.24744113065979,454.23204039622976
25.0,5,28,12.260881714716946,453.82075454896074
25.0,5,29,22.528648650516853,380.298983107621
25.0,6,0,21.273312656075785,358.6170829992224
25.0,6,1,8.989586627942922,581.7218141349613
25.0,6,2,17.20419609243014,452.363870973581
25.0,6,3,8.632645494717105,603.8075991864671
25.0,6,4,8.486227736476492,613.5440877498368
25.0,6,5,12.980506652200956,504.954012721204
25.0,6,7,7.988755009001358,650.3510984751127
25.0,6,8,8.366308057072686,622.070894818787
25.0,6,9,8.52401713685744,611.0563408641998
25.0,6,10,29.11175156677064,320.2610160127711
25.0,6,11,8.97477984410868,582.5970442801806
25.0,6,12,9.025274551330064,579.5146648373462
25.0,6,13,9.424578386254625,557.7850236335596
25.0,6,14,25.62023643721234,423.80473882390277
25.0,6,15,32.771977391471275,397.2944250921671
25.0,6,16,33.79808977681587,431.23158800815145
25.0,6,17,9.998803323752817,530.4246219320706
25.0,6,18,10.09480883283192,526.0940620980609
25.0,6,19,10.303971013674982,517.4103818184511
25.0,6,20,10.925769984334963,493.92045954425595
25.0,6,21,17.303411401409676,455.52873358008094
25.0,6,22,17.201188312306943,431.0221453876967
25.0,6,23,11.05486810854699,489.562711145958
25.0,6,24,20.26751759968983,429.98637737694844
25.0,6,25,50.9793984580301,340.8257419157217
25.0,6,26,11.758876928820587,467.6563829353471
25.0,6,27,11.66138441611387,470.1226153920434
25.0,6,28,12.249563963490687,454.1762711456045
25.0,6,29,21.380426925870708,404.76037558229194
25.0,7,0,31.01726368161209,274.1078812904194
25.0,7,1,9.225510523384285,568.3453797227094
25.0,7,2,8.810031768890461,592.3353158327368
25.0,7,3,8.86515119022772,589.067775129074
25.0,7,4,8.442877792982692,616.4707478867987
25.0,7,5,8.272608328542209,628.7333501519279
25.0,7,6,8.151610970032019,637.9864858226945
25.0,7,8,8.171264744978561,636.494300256788
25.0,7,9,8.213988304690478,632.9014869935704
25.0,7,10,8.460305600652946,615.3077948761853
25.0,7,11,8.631065898292512,603.7558748577679
25.0,7,12,12.056968358340672,525.4389268536594
25.0,7,13,27.360140226547582,386.6327059480874
25.0,7,14,9.013887725360062,579.4385778173955
25.0,7,15,9.335733658492236,562.1799320521482
25.0,7,16,9.452788838688944,555.8760899700898
25.0,7,17,9.905429720876317,534.6548580065289
25.0,7,18,23.827660177123796,429.9508589734622
25.0,7,19,10.1393491515814,524.2835352357465
25.0,7,20,26.444322252441104,400.85968792600613
25.0,7,21,39.35381013839279,393.8494529304075
25.0,7,22,27.874227935108095,411.5620254134864
25.0,7,23,11.030055378591246,490.56258693164966
25.0,7,24,11.074320460255652,488.9345431366514
25.0,7,25,45.98871991637277,340.6305125453068
25.0,7,26,16.069944027356925,436.04425036359635
25.0,7,27,11.807438783001167,466.2743370384388
25.0,7,28,35.454133158915155,392.83338452465586
25.0,7,29,11.85969584977219,464.41855317002853
25.0,8,0,9.451721190315158,556.3906164686016
25.0,8,1,19.76165926776519,394.7295288673018
25.0,8,2,9.106876810465272,574.9628408622175
25.0,8,3,9.324418925103956,561.929850981514
25.0,8,4,8.73132524124976,597.4649233164939
25.0,8,5,8.583537478683978,607.084564147955
25.0,8,6,8.433745686541691,617.2757881396467
25.0,8,7,8.109682952830603,641.169812295355
25.0,8,9,19.70013090395853,552.1254163075375
25.0,8,10,8.494561865119394,612.9514952130726
25.0,8,11,8.577222426731023,607.5059658996742
25.0,8,12,24.339206478371654,425.14221621249266
25.0,8,13,8.747181071911132,596.0504254244053
25.0,8,14,11.883959811420176,537.8391416490377
25.0,8,15,9.253201716796836,566.8208122484418
25.0,8,16,9.65123542908071,546.4322108238622
25.0,8,17,33.61331120211203,336.2923278561113
25.0,8,18,31.041065355635983,322.38776411769686
25.0,8,19,30.495837984576063,398.71188734646614
25.0,8,20,10.04366746826892,528.1729159750956
25.0,8,21,10.344056955816448,515.857591266323
25.0,8,22,10.495827856717716,509.80930919690377
25.0,8,23,19.06857408729086,446.2701640599919
25.0,8,24,10.928422941756885,493.99205431408814
25.0,8,25,11.160044960708884,486.1662717417579
25.0,8,26,37.40410170629292,397.93118604891595
25.0,8,27,30.22752514544935,420.5083618363003
25.0,8,28,23.423034631682413,373.3602960341685
25.0,8,29,11.987282368494535,461.21500960859885
25.0,9,0,17.011797003370155,386.0080772792049
25.0,9,1,35.508878918658795,394.6652833424551
25.0,9,2,9.314470064050099,563.5904551857493
25.0,9,3,35.13477892809342,422.989450584705
25.0,9,4,9.00135560571532,581.0261489425649
25.0,9,5,8.780256040905396,594.3946728996261
25.0,9,6,8.332987794985522,623.8036784782482
25.0,9,7,8.383940999826264,620.8171164425847
25.0,9,8,8.03223646943323,647.0498289827403
25.0,9,10,25.738316144767936,456.4202745011777
25.0,9,11,28.758474824418276,475.77896776147935
25.0,9,12,8.63245776750992,603.820126173504
25.0,9,13,8.570975950036292,607.5263259842905
25.0,9,14,19.674085489519168,430.45627651051086
25.0,9,15,8.95141953859474,583.6343426650775
25.0,9,16,9.399612346925382,559.1013513148221
25.0,9,17,23.097575944987337,433.0771226703299
25.0,9,18,9.70316234360274,544.0282128526101
25.0,9,19,28.354466509837156,440.7408982422136
25.0,9,20,26.822621853838513,404.3479992762133
25.0,9,21,10.163536736650446,523.30033004702
25.0,9,22,10.593665619035347,506.18861622744726
25.0,9,23,28.592532966228976,377.48094052339724
25.0,9,24,17.78751909981864,397.1426020602479
25.0,9,25,25.07630722651075,404.1297399923603
25.0,9,26,11.12249859798533,487.378743338097
25.0,9,27,27.83358868507423,319.06647037682865
25.0,9,28,11.404572965286665,478.14515582265506
25.0,9,29,26.778248029646868,324.9379918607668
25.0,10,0,14.49492544160104,439.9742375740734
25.0,10,1,9.728603820076232,542.8243015719456
25.0,10,2,9.278179962101524,565.0526245404592
25.0,10,3,9.036039471215982,578.270632999481
25.0,10,4,18.047770571016734,442.07144510099965
25.0,10,5,22.271714477723982,409.03202259265424
25.0,10,6,8.701047591457236,599.3647485298873
25.0,10,7,32.02068779236821,341.5694296009231
25.0,10,8,8.28172317752163,628.0852450277602
25.0,10,9,8.286826582826588,627.7204282207291
25.0,10,11,8.145373194357228,638.4600802772256
25.0,10,12,18.029489389873923,506.0158137094342
25.0,10,13,20.415282792742705,353.1387267764538
25.0,10,14,8.605437600588113,605.363968170453
25.0,10,15,9.006391180812912,580.7284957065032
25.0,10,16,9.04230515824538,578.5646871567077
25.0,10,17,33.52355566263374,341.4779331262016
25.0,10,18,9.506004248253028,553.6811722007295
25.0,10,19,9.41634594110129,557.6005974117702
25.0,10,20,9.795355498934573,539.5999659473944
25.0,10,21,16.219337820206473,430.44556333242986
25.0,10,22,10.32953330120033,516.552707946247
25.0,10,23,32.31419754305939,312.28446652889943
25.0,10,24,31.9012356307545,449.1346254839462
25.0,10,25,10.90394122145584,494.92822422890265
25.0,10,26,11.156849699806084,486.28406127164396
25.0,10,27,11.185398507019793,485.34753851332806
25.0,10,28,11.30907884891131,481.28579036089786
25.0,10,29,11.575167414408739,473.08572355200704
25.0,11,0,26.163186007163578,332.9585250654203
25.0,11,1,9.584424011135933,549.0761081075791
25.0,11,2,22.7913610852915,309.91848037200157
25.0,11,3,9.3414628958219,561.8939671520147
25.0,11,4,14.89172457067588,522.5469244076978
25.0,11,5,9.053166239090213,577.9588494175417
25.0,11,6,8.739846281212833,596.4839854736296
25.0,11,7,8.632580177801763,603.660858685393
25.0,11,8,8.45642771306501,615.5665652924386
25.0,11,9,19.035834063358493,554.3447948750497
25.0,11,10,8.245815779395132,630.8341165118132
25.0,11,12,8.165880699471675,636.9030764340575
25.0,11,13,8.28334800975825,627.9697124390312
25.0,11,14,19.39642277321241,429.2867556138648
25.0,11,15,8.669796803230467,601.325635052404
25.0,11,16,37.7094949305353,368.854306911558
25.0,11,17,8.959161365114062,583.2024988419357
25.0,11,18,9.548906721623439,551.2298457275639
25.0,11,19,29.13144305087139,307.6636370077333
25.0,11,20,9.67237998556767,545.4848589762139
25.0,11,21,23.791990104503117,475.24188219932216
25.0,11,22,18.563134381704202,427.8322068648429
25.0,11,23,10.383161385852771,514.3727709686104
25.0,11,24,10.44865949208248,511.8056513251504
25.0,11,25,10.814734056015684,498.02387965078196
25.0,11,26,10.705073253638966,501.94728250673666
25.0,11,27,29.861042206163898,365.28715945097144
25.0,11,28,11.010453902422649,490.99696361393234
25.0,11,29,11.473991194049514,476.1845379010859
25.0,12,0,10.172896936014606,522.9198457383927
25.0,12,1,9.985829830618634,530.9786813087738
25.0,12,2,9.781846354183976,540.2068671618845
25.0,12,3,37.696564046310556,332.3617127077901
25.0,12,4,24.967256147324036,414.7100256064586
25.0,12,5,9.435975171534416,557.184131207518
25.0,12,6,17.527038749244632,463.1383216734181
25.0,12,7,8.745338695290602,596.1593284498822
25.0,12,8,17.25049120539779,408.78402026199194
25.0,12,9,17.753907546812343,448.32733586097464
25.0,12,10,8.235025668859343,631.4056395530256
25.0,12,11,8.137083259592295,639.089482060455
25.0,12,13,28.075411277963195,464.7550757289114
25.0,12,14,8.228494149579088,631.8700587796842
25.0,12,15,8.586164292691645,606.9092775418404
25.0,12,16,8.668001868264575,601.4382614526683
25.0,12,17,8.820698211734,591.7048215658227
25.0,12,18,9.152310730261245,572.4285089993125
25.0,12,19,9.172489153721076,571.0763603392371
25.0,12,20,9.51981445732358,552.9918596743948
25.0,12,21,9.612564919384203,548.3153563731314
25.0,12,22,10.049991119604234,528.1604062794893
25.0,12,23,10.251882376560644,519.6163669150862
25.0,12,24,9.97356812900164,531.0223957349452
25.0,12,25,20.76103434566805,442.2091645034709
25.0,12,26,10.31223310975446,516.5941975438118
25.0,12,27,10.731456580178744,501.0160812249076
25.0,12,28,10.954377145228698,493.116260158047
25.0,12,29,20.137732775311775,424.2204288576457
25.0,13,0,10.495017053675781,510.0099199585846
25.0,13,1,10.16822489111051,523.1097604726898
25.0,13,2,17.694938606536134,366.2030211270514
25.0,13,3,17.397473318880124,455.94595016600306
25.0,13,4,17.876664430259805,378.3913233466576
25.0,13,5,9.65106188478121,546.4408729852319
25.0,13,6,9.160970734215839,571.6836658969664
25.0,13,7,8.999877705357125,580.9313164548062
25.0,13,8,8.97082254018698,582.830960823087
25.0,13,9,19.367974810253337,514.6728608060381
25.0,13,10,8.4246946100951,617.6841068864939
25.0,13,11,30.442408777267055,446.7358841436515
25.0,13,12,8.056425827314708,645.2132855819193
25.0,13,14,8.173730068445137,636.3071239966486
25.0,13,15,8.418952033496002,618.3276807563773
25.0,13,16,8.463041384749564,615.1252367247673
25.0,13,17,22.428361972523984,370.16885122070994
25.0,13,18,23.75874505853425,440.2891409034449
25.0,13,19,9.215840345487528,568.8847881663077
25.0,13,20,20.88367856229004,442.0104497900862
25.0,13,21,19.48915841557344,500.22951048648207
25.0,13,22,9.644775555165673,546.7911229893069
25.0,13,23,41.636361018112666,428.8297849189964
25.0,13,24,9.974905652911009,531.445220507514
25.0,13,25,23.286158090138947,337.4652242321281
25.0,13,26,10.38176198492689,514.3970290382035
25.0,13,27,10.493308632136523,509.9024091237094
25.0,13,28,35.567533271117654,325.0089086542962
25.0,13,29,27.63727937569642,310.58691185674894
25.0,14,0,40.92858069134548,407.98831009270293
25.0,14,1,41.68328224126526,396.7599175302801
25.0,14,2,29.73534032192118,426.463353053346
25.0,14,3,10.076245487852699,527.1172970097894
25.0,14,4,9.922825180973984,533.8733632446624
25.0,14,5,20.097563991878022,457.26441709432845
25.0,14,6,9.504980942519214,553.7322487236833
25.0,14,7,9.121363247279605,573.7719599492128
25.0,14,8,22.8833489826336,476.81601506821823
25.0,14,9,9.086950470276873,575.9666298343716
25.0,14,10,8.84869756604812,590.1001871650908
25.0,14,11,12.468310445549804,499.85477336730105
25.0,14,12,11.312196533134465,585.6834429876374
25.0,14,13,8.198669436475255,634.4136371169732
25.0,14,15,8.120789301733943,640.3265781803534
25.0,14,16,8.462693063391649,615.2175046387323
25.0,14,17,8.595077178187708,606.3145230427654
25.0,14,18,20.03930439351864,534.3647584652874
25.0,14,19,8.83826471651192,590.6664641007654
25.0,14,20,9.2665419463576,566.0566218279787
25.0,14,21,29.870631841672136,386.8478791006091
25.0,14,22,9.431345963662968,557.4076104102944
25.0,14,23,18.86841116076616,502.54223493769337
25.0,14,24,21.53032659676203,395.004237043278
25.0,14,25,38.34378963001406,416.48014067446627
25.0,14,26,10.336008296312466,516.2895047875583
25.0,14,27,34.610158440593736,430.401359840765
25.0,14,28,10.459040804551925,511.16880365785767
25.0,14,29,10.715652310964751,501.57389396805263
25.0,15,0,10.506187854840146,508.96695601224917
25.0,15,1,10.604047026669708,505.80998461238136
25.0,15,2,10.057964886939818,526.9398070721202
25.0,15,3,10.131249517403901,524.612778619382
25.0,15,4,26.55500568475406,442.32089879561613
25.0,15,5,9.57342903307689,549.570059846236
25.0,15,6,15.173473423184863,511.96251435999477
25.0,15,7,28.47425373391661,383.93852999301754
25.0,15,8,9.447755059490659,556.563039796322
25.0,15,9,20.236785919165253,342.9771426418829
25.0,15,10,14.984581526418523,435.4273962718797
25.0,15,11,8.600372080171098,605.6818132962518
25.0,15,12,8.63382582549923,603.7288360245959
25.0,15,13,25.46152858920631,489.5528836157017
25.0,15,14,8.044875517393352,646.0902268206013
25.0,15,16,8.067563618873058,644.3676642270066
25.0,15,17,8.3239907589349,625.0798374601792
25.0,15,18,8.43924879493063,616.7129099699481
25.0,15,19,14.56891204587285,542.2588927666543
25.0,15,20,23.51070968086409,481.7421020900573
25.0,15,21,9.13118387500667,573.6069779202222
25.0,15,22,9.338272245842145,562.3354915788221
25.0,15,23,9.485956380493347,554.6818265936103
25.0,15,24,9.624676092978685,547.7422458255704
25.0,15,25,10.060680901637802,527.6801655374898
25.0,15,26,10.145533459780445,524.158213427422
25.0,15,27,10.064926759977764,527.3087434726687
25.0,15,28,10.280366490632474,518.3247392816871
25.0,15,29,24.453135144326254,398.4836692670651
25.0,16,0,10.891009663520482,495.25452150840476
25.0,16,1,10.755088645813,500.18198588148266
25.0,16,2,10.546768192040071,507.926769019513
25.0,16,3,10.420446954259011,512.8985073201335
25.0,16,4,25.4059051807789,422.71802196504893
25.0,16,5,10.343972212502916,515.6834834136923
25.0,16,6,29.525833572489255,423.8616620276111
25.0,16,7,9.761084138488886,541.2873065875035
25.0,16,8,9.494977001496933,554.231578011469
25.0,16,9,9.294297727476891,564.6540361837955
25.0,16,10,8.994805030001103,581.2142733918846
25.0,16,11,8.818911076497987,591.8104592687604
25.0,16,12,8.896150331250881,587.1226786598006
25.0,16,13,8.615172614438078,604.9735598803793
25.0,16,14,8.336293495658662,624.2050597507559
25.0,16,15,8.186078432011046,635.3695916434122
25.0,16,17,7.898546652521821,657.2000426514376
25.0,16,18,8.389733913203036,620.4052152852732
25.0,16,19,17.453956232805727,367.0928936187292
25.0,16,20,12.993333836025897,548.6497114895982
25.0,16,21,24.183886981222457,427.77289072506375
25.0,16,22,26.16698863910405,345.1450550465265
25.0,16,23,23.42547864705754,493.15113133789765
25.0,16,24,34.99684437484224,394.37192979971195
25.0,16,25,9.662485659668425,545.9530664946369
25.0,16,26,9.97032972108922,531.7392116294426
25.0,16,27,10.008752150667847,529.9997370701095
25.0,16,28,37.739228081846406,385.1788670778846
25.0,16,29,35.72787884929378,368.09275252015385
25.0,17,0,48.06669982653399,401.236892032421
25.0,17,1,11.071923245409037,489.14980487017147
25.0,17,2,10.93700004187795,493.76141094224556
25.0,17,3,34.62251271170503,404.2561051834407
25.0,17,4,10.331910447057906,516.328104943538
25.0,17,5,10.34995036720588,515.7227712172216
25.0,17,6,9.973612210245035,531.5004596038696
25.0,17,7,9.79663841890219,539.542330493721
25.0,17,8,9.705686182806252,543.9087827365607
25.0,17,9,19.34924864203075,433.6460037752539
25.0,17,10,9.077305770031359,576.0948785388882
25.0,17,11,9.244633680701403,567.278678299505
25.0,17,12,18.502422233115023,468.17012730388507
25.0,17,13,17.08386232932013,378.6872661382361
25.0,17,14,8.5896009384932,606.6799510736495
25.0,17,15,10.510558407155308,585.1857230117834
25.0,17,16,8.213186789355156,633.3114272625567
25.0,17,18,7.961771378464822,652.3997931463348
25.0,17,19,8.354812424352385,622.8882839481514
25.0,17,20,19.30771397197455,491.52238444215277
25.0,17,21,8.795075775907748,593.4647821582307
25.0,17,22,8.957466764652736,583.6204217547256
25.0,17,23,9.029542015603255,579.2766230674544
25.0,17,24,9.167942643846208,571.316073844551
25.0,17,25,24.007094384027297,466.5330084072426
25.0,17,26,9.530132780188602,552.216111990451
25.0,17,27,22.929165124760576,416.58370193366
25.0,17,28,35.784278335045876,320.49135802436376
25.0,17,29,10.228132859659699,520.6745514447738
25.0,18,0,22.523624378314416,348.48380508030283
25.0,18,1,11.04619371442529,489.8428303299506
25.0,18,2,18.152889475083313,420.53699612532387
25.0,18,3,30.088445036743053,349.7318595467103
25.0,18,4,31.896560016426044,331.7596506160654
25.0,18,5,17.908106515683443,479.4743511201373
25.0,18,6,38.89658018212934,338.6589572621382
25.0,18,7,9.874814091174319,535.7198339624639
25.0,18,8,9.871276167445131,536.1892136921928
25.0,18,9,38.02669072526532,421.71411996178614
25.0,18,10,9.447254831208808,556.6135470023386
25.0,18,11,16.220198051980436,492.6240965417084
25.0,18,12,9.001658092796303,580.8320053534156
25.0,18,13,35.831653764118414,436.5133750036033
25.0,18,14,19.850958714015185,498.084884316561
25.0,18,15,22.454548336745304,456.62982499076486
25.0,18,16,24.359580646297175,403.02225184484274
25.0,18,17,8.105937525124277,641.4541786919746
25.0,18,19,8.26085301664672,629.6924351585383
25.0,18,20,15.67739793909461,318.3332400503139
25.0,18,21,11.727300355104884,541.4707381248844
25.0,18,22,24.409211020316032,380.251383059952
25.0,18,23,8.929473939583186,585.275079823959
25.0,18,24,14.505589266667624,519.9608552571764
25.0,18,25,9.306500936539495,564.0106252815896
25.0,18,26,28.728467674466163,378.1297704522531
25.0,18,27,28.553473917820817,437.165524358329
25.0,18,28,9.856150102963921,536.8687553710758
25.0,18,29,10.38306966218205,514.0137474084502
25.0,19,0,11.644903408356686,471.0175171125733
25.0,19,1,18.597482312074188,382.1234780221386
25.0,19,2,11.094246565810838,488.2910763596109
25.0,19,3,10.998508024316626,491.62711540166333
25.0,19,4,10.714473701487671,501.61549306868835
25.0,19,5,41.64324146169337,330.3190561273951
25.0,19,6,10.192952886511588,521.7108395291846
25.0,19,7,9.984832282456853,530.5645172782013
25.0,19,8,21.155457015697277,423.1796980433696
25.0,19,9,30.782552708199155,402.25579873441654
25.0,19,10,9.60405251621047,548.7181701884813
25.0,19,11,24.408158297404977,392.7255158505078
25.0,19,12,9.077396840429868,576.0900768767214
25.0,19,13,21.570529707307102,469.5002440484485
25.0,19,14,8.826750687785706,591.3470592351929
25.0,19,15,8.567495366515985,607.7447214137412
25.0,19,16,21.65056895167097,483.9571815419309
25.0,19,17,8.215729874027836,632.7776538928593
25.0,19,18,8.075238287695484,643.7849756559262
25.0,19,20,8.14460176926612,638.5186496558443
25.0,19,21,8.444163370826114,616.5350457991058
25.0,19,22,19.77775388437623,309.5648469530547
25.0,19,23,25.01840286749932,434.8260148396186
25.0,19,24,9.006484147581267,580.7230004335879
25.0,19,25,27.032453129586223,460.27404682620596
25.0,19,26,15.494994878143393,426.6559214553832
25.0,19,27,9.364261854447381,560.7559968513738
25.0,19,28,17.748233917547378,332.36140106708274
25.0,19,29,9.78499053976341,540.0656139528937
25.0,20,0,41.50571738077016,375.7376061450465
25.0,20,1,25.729741750452995,302.87906389632144
25.0,20,2,11.23358666798524,483.62099863971395
25.0,20,3,21.799687250056827,427.00082065559457
25.0,20,4,29.326716808678558,423.86886345828395
25.0,20,5,10.663987826750649,503.3973954075954
25.0,20,6,10.247219150509924,518.9968395679483
25.0,20,7,10.585631944405975,506.4998129561993
25.0,20,8,21.47577581399856,455.2626332312105
25.0,20,9,15.112698456340052,459.9682809687295
25.0,20,10,9.780340583372608,540.274514237331
25.0,20,11,9.752552320763417,541.691039115172
25.0,20,12,19.708183421025147,386.22512804438514
25.0,20,13,9.385734474902925,559.833058369324
25.0,20,14,9.09134091015669,575.829442893206
25.0,20,15,18.018493236883323,373.202768575647
25.0,20,16,31.82721110752163,459.3870797851271
25.0,20,17,8.598314073128488,606.098525896845
25.0,20,18,8.243187590631882,630.8252916684054
25.0,20,19,13.913409956321946,565.4332652870039
25.0,20,21,7.930460520494927,654.777026550396
25.0,20,22,20.11410043774002,363.949100511555
25.0,20,23,8.40301575184908,619.1307313811453
25.0,20,24,8.747193684580527,596.4692294979951
25.0,20,25,30.266426970271247,423.8294114723401
25.0,20,26,9.003946123960707,580.7043775742297
25.0,20,27,26.259515709897684,346.8512367574405
25.0,20,28,9.23900765120392,567.0078421949676
25.0,20,29,9.540880930995623,551.707500785581
25.0,21,0,11.784579970310366,466.75537290696775
25.0,21,1,11.600389377321697,472.1668587801445
25.0,21,2,19.86000564221538,334.53287107904066
25.0,21,3,17.63885018237586,423.76494352016744
25.0,21,4,20.59191495462451,306.59253330829426
25.0,21,5,10.985927071309286,492.0516449054573
25.0,21,6,38.469082057447636,282.3416964780457
25.0,21,7,10.73132198620966,501.10643832840935
25.0,21,8,10.450528990693522,511.7332334243762
25.0,21,9,10.170643731740016,523.0114366156016
25.0,21,10,9.674955224002453,544.2552128483624
25.0,21,11,29.510772096723557,442.0539673455562
25.0,21,12,9.660291892587102,546.0568773304233
25.0,21,13,12.530491321306892,505.71933639870025
25.0,21,14,9.37264526498909,560.5231834271364
25.0,21,15,9.081578005497445,576.3740236923871
25.0,21,16,8.738686655088683,596.5525310641103
25.0,21,17,8.66187351259183,601.8227960748568
25.0,21,18,8.595840837400983,606.2635642648189
25.0,21,19,8.379799226591746,621.1116144054683
25.0,21,20,8.118636141547686,640.4900538769948
25.0,21,22,24.69252202754866,318.53415871839934
25.0,21,23,8.437840651440768,616.984618451551
25.0,21,24,15.79813344158832,376.12646454834993
25.0,21,25,14.95860158385831,537.5073014785861
25.0,21,26,23.640127762019915,380.9814321551679
25.0,21,27,8.806766885198268,591.7031562343818
25.0,21,28,9.322204929815074,563.1826364771822
25.0,21,29,9.513785480859738,553.2927855312208
25.0,22,0,22.11615027119994,304.30669263175685
25.0,22,1,11.63864660314673,470.74409666496786
25.0,22,2,34.50772782165713,303.62546644863477
25.0,22,3,11.22771955362971,483.3902142798097
25.0,22,4,11.422310568366015,477.7831806144111
25.0,22,5,11.281860880560263,482.2325127278899
25.0,22,6,10.929750926996585,493.9472430096881
25.0,22,7,10.821353298656286,497.8431705097897
25.0,22,8,10.408620102223278,513.0321403890606
25.0,22,9,10.621178296747722,505.1228703890497
25.0,22,10,34.09473643170239,364.25792954734976
25.0,22,11,32.65865471233355,322.80360882527464
25.0,22,12,32.33192796449379,285.7555448697305
25.0,22,13,9.740624742551585,542.2554617804678
25.0,22,14,9.465294101799028,555.7131482378987
25.0,22,15,21.268410683666932,461.84442616079605
25.0,22,16,8.900528149736717,586.4730954935711
25.0,22,17,8.810999640242096,592.2781048817883
25.0,22,18,25.555099139092565,479.6647264357622
25.0,22,19,16.091153566542268,537.4195548595274
25.0,22,20,8.296144402937202,627.0598336238293
25.0,22,21,8.054486327759184,645.3605393919232
25.0,22,23,32.68961169260126,355.5535727404055
25.0,22,24,18.442824166505314,460.8258403967324
25.0,22,25,8.394906884994906,619.6718339282443
25.0,22,26,8.77562539372389,594.685231127561
25.0,22,27,8.797971046934435,593.048226046541
25.0,22,28,9.10942558162055,574.820668846704
25.0,22,29,9.240794182499009,567.4749961434945
25.0,23,0,12.307631762811805,452.63936060521746
25.0,23,1,11.955187052887274,461.90988985866466
25.0,23,2,12.170825570551127,456.19831503838714
25.0,23,3,11.69146105616058,469.5750046965712
25.0,23,4,11.818561997782389,465.8672096087994
25.0,23,5,37.733779099309494,429.448551516262
25.0,23,6,13.870187912154918,451.50680775527405
25.0,23,7,10.984690193709927,492.09338188938864
25.0,23,8,10.571284884189998,506.6693519901614
25.0,23,9,10.727718492965419,501.2396082568817
25.0,23,10,10.35550630734219,515.4140830455501
25.0,23,11,10.182969476936577,522.5104053387055
25.0,23,12,10.211083038297815,521.3587855292565
25.0,23,13,9.647606307142608,546.2376299589886
25.0,23,14,9.61626526740499,548.1402529065833
25.0,23,15,9.636553774205389,547.1650200493544
25.0,23,16,9.086342893227984,575.6183986589273
25.0,23,17,9.004355194924628,580.6815593454107
25.0,23,18,8.853870923408369,589.7439799961003
25.0,23,19,19.979710854318025,469.2260771014398
25.0,23,20,8.498736969521904,612.7432797648307
25.0,23,21,8.263483141176444,629.38219038001
25.0,23,22,8.278453173666566,628.356167681469
25.0,23,24,8.18534490631903,635.4252835627926
25.0,23,25,19.197916658529046,475.69809654759484
25.0,23,26,8.240888484455235,629.9494411859362
25.0,23,27,8.751506134124295,596.1986371491543
25.0,23,28,8.864131485211951,589.1374773890578
25.0,23,29,9.040643145664314,578.6573952360385
25.0,24,0,12.304327710264088,452.5275916444152
25.0,24,1,28.021880957367006,346.5869146536927
25.0,24,2,30.659234867625884,300.89515189666054
25.0,24,3,12.065509316567752,459.07687155038775
25.0,24,4,25.990267042011144,347.72880730623217
25.0,24,5,11.494999141979452,475.46332696582385
25.0,24,6,16.854150591742595,429.676703367497
25.0,24,7,11.084141241023751,488.61740408851335
25.0,24,8,11.232382937551948,483.7352807522751
25.0,24,9,10.852296754662337,496.7510191522414
25.0,24,10,10.652553414121455,504.01739289385125
25.0,24,11,10.543345589200285,508.13783988882335
25.0,24,12,10.288908411388256,518.2040758831722
25.0,24,13,10.082213446518866,526.8624232125345
25.0,24,14,10.109977336791369,525.4655126547894
25.0,24,15,22.259161217314713,465.9045934153856
25.0,24,16,26.635513933006855,368.10418445804027
25.0,24,17,9.110933147288206,574.3218841544887
25.0,24,18,32.88209204002695,362.8755140345698
25.0,24,19,8.815351290975576,592.0208784681358
25.0,24,20,8.634164733636268,603.5614328994732
25.0,24,21,8.2899489112915,626.675651839007
25.0,24,22,8.029197601122824,646.0409040207892
25.0,24,23,8.133866233948018,639.3337302644056
25.0,24,25,24.438851447170197,523.3265406383927
25.0,24,26,8.399060109496325,619.7420824544035
25.0,24,27,8.408798526031761,618.7448483846902
25.0,24,28,8.921572911874712,585.5274934327555
25.0,24,29,8.727286081584971,597.2264198515026
25.0,25,0,12.470558874090194,448.2763491772374
25.0,25,1,19.80236764941099,323.4960679190455
25.0,25,2,49.23909687629397,352.3195701199875
25.0,25,3,11.959970773760734,461.78421603054676
25.0,25,4,20.957415255127245,431.0034259193794
25.0,25,5,11.614131887015665,471.77575387988384
25.0,25,6,37.882554961561304,295.3311573426183
25.0,25,7,11.560918547099963,473.4956041332594
25.0,25,8,23.222298393627277,423.59337026162854
25.0,25,9,23.71105332076558,396.3546148483482
25.0,25,10,17.64497742262806,411.53673322178093
25.0,25,11,10.525790590992036,508.70201277376583
25.0,25,12,18.35004945972235,400.16609297190615
25.0,25,13,36.48144258815053,293.64076824729153
25.0,25,14,10.21669187023378,521.1192489684911
25.0,25,15,9.57095970830494,549.6809947892492
25.0,25,16,23.210314106363995,488.70010666099415
25.0,25,17,25.498403245712474,484.3217756342935
25.0,25,18,9.131341097987475,573.2458804652762
25.0,25,19,39.79725558085336,361.6289526619109
25.0,25,20,8.801676570936307,592.8291922342981
25.0,25,21,8.649535549023206,602.5969636350943
25.0,25,22,8.566349972516194,608.2314819026692
25.0,25,23,14.585902675169226,557.0223649376802
25.0,25,24,12.917970609872597,593.0783386820171
25.0,25,26,8.114775948356726,640.7831336836391
25.0,25,27,28.376988828264736,419.4666182949676
25.0,25,28,18.0846311444162,497.52344322173053
25.0,25,29,8.62717818229225,603.9998165418295
25.0,26,0,12.715124192391869,442.3934550255633
25.0,26,1,22.93776573416938,282.5756518985226
25.0,26,2,24.61656018051569,369.4921367970402
25.0,26,3,22.446245134124894,323.3678191977051
25.0,26,4,11.876901235053616,463.9665479862489
25.0,26,5,11.883717589112095,464.04569394106954
25.0,26,6,11.681182009810186,469.86754117550925
25.0,26,7,23.88033626633238,283.1479902196457
25.0,26,8,11.345629796853402,480.15515570197164
25.0,26,9,11.561924381152723,473.18851978135933
25.0,26,10,22.31001633079786,350.7384241700823
25.0,26,11,10.605572431471176,505.45917070650574
25.0,26,12,10.506201800085684,509.42593195636175
25.0,26,13,10.274246358957866,518.5618119843463
25.0,26,14,20.283168186387368,412.2250889462179
25.0,26,15,10.13141107353426,524.7613386181623
25.0,26,16,9.717946515333526,543.0775810760526
25.0,26,17,9.63930734749554,547.0498830068691
25.0,26,18,9.478331365393707,555.0624159384075
25.0,26,19,14.357991570074967,413.6633579310442
25.0,26,20,8.86529115380608,588.438636700253
25.0,26,21,8.79530422485157,593.2058621074837
25.0,26,22,8.639614739579208,603.2194625426425
25.0,26,23,26.69781361948892,369.36342425651185
25.0,26,24,8.180537582609436,635.2799777877434
25.0,26,25,19.04660583751434,440.47606031372294
25.0,26,27,32.41440307054287,400.06270875570567
25.0,26,28,8.336730072825087,624.1740172289002
25.0,26,29,8.541865569508328,609.8653196595355
25.0,27,0,12.995673995817146,435.98307159680553
25.0,27,1,24.087757529414283,350.5155821394938
25.0,27,2,48.933914008506655,267.7945369550912
25.0,27,3,48.392860300975244,353.2994340205943
25.0,27,4,49.69049679046128,341.6947934953331
25.0,27,5,24.143630912855134,296.8945461911311
25.0,27,6,11.894197826989615,463.7592428392822
25.0,27,7,27.62359654228691,416.3499183381465
25.0,27,8,11.591979967620741,472.5871025551897
25.0,27,9,11.01570202980908,490.36084910706313
25.0,27,10,50.70185252610875,372.27672591037185
25.0,27,11,19.009914259458426,471.57248194599026
25.0,27,12,10.899003093851146,495.1025157742996
25.0,27,13,25.358894357781217,386.4909017329807
25.0,27,14,31.01017254857593,449.66186964751233
25.0,27,15,22.290782080864947,378.9015633298554
25.0,27,16,16.329789741623,355.78512991388794
25.0,27,17,14.175767602385008,475.45740921271386
25.0,27,18,9.659131571365617,546.1117846707734
25.0,27,19,9.125897985700941,572.6535140948217
25.0,27,20,14.855602441656018,516.5779501020911
25.0,27,21,9.071287351683488,576.94804266253
25.0,27,22,8.750383942534224,595.8611034925159
25.0,27,23,8.736924258014783,597.113603009492
25.0,27,24,15.144652369076745,440.1295528503116
25.0,27,25,14.187310859215653,459.73067745641396
25.0,27,26,8.118652482097099,640.4888132434758
25.0,27,28,20.548155904603266,352.57913884678027
25.0,27,29,8.221233389223226,632.3863301959863
25.0,28,0,13.553237866013513,424.0418943753877
25.0,28,1,19.642645694074012,349.2988475336211
25.0,28,2,12.997746659317277,436.0093404989196
25.0,28,3,35.208063448871066,352.4037411889652
25.0,28,4,38.28734182699703,314.7617112627091
25.0,28,5,12.423579598028798,449.7093086395477
25.0,28,6,12.255032503214894,454.0326063416716
25.0,28,7,22.9431585288849,400.9857022397691
25.0,28,8,11.699039876608047,469.3593152860335
25.0,28,9,11.50710079223714,475.1044203298992
25.0,28,10,11.131526470888371,486.7780384056149
25.0,28,11,11.139344412214335,486.8347473345358
25.0,28,12,40.04603351873793,393.8803700214763
25.0,28,13,35.262913991382256,332.2862955625108
25.0,28,14,10.633561600020073,504.7192503288512
25.0,28,15,35.547034388086374,333.8917951098875
25.0,28,16,10.306018467791809,517.508566340266
25.0,28,17,27.21567180840489,416.9450931208662
25.0,28,18,17.83094977558759,365.546945525795
25.0,28,19,9.646597791601105,546.7048932847166
25.0,28,20,9.635758860059287,547.2046968040995
25.0,28,21,9.316544278656366,563.4810927807998
25.0,28,22,25.8093681720707,445.776957268981
25.0,28,23,20.01644116536984,451.44483752736846
25.0,28,24,15.529975202684565,284.4396913958489
25.0,28,25,20.78529023141281,362.35422177938125
25.0,28,26,8.318117025968665,625.4974852393144
25.0,28,27,31.543064314923214,346.9852466901599
25.0,28,29,8.040720237028355,646.4057107110909
25.0,29,0,13.550726583373411,424.15195038162756
25.0,29,1,13.126486423464652,433.01710505826446
25.0,29,2,13.06094049151971,434.560960233771
25.0,29,3,30.346459600461614,392.2353342403498
25.0,29,4,12.52866298662298,446.91478311430683
25.0,29,5,31.56549356548343,386.8583030734311
25.0,29,6,12.200205161037193,455.3540773147262
25.0,29,7,15.697751102601636,404.53385695329314
25.0,29,8,37.095173701279876,299.65891379163224
25.0,29,9,11.494848772307659,475.1704912109506
25.0,29,10,11.619694453398743,471.7651557425515
25.0,29,11,11.096181909648434,487.87135576651417
25.0,29,12,11.17070777236006,485.8219412839887
25.0,29,13,26.65090405881402,441.521742465724
25.0,29,14,10.411770845391045,512.2994107007403
25.0,29,15,10.544505028540453,508.0104060075516
25.0,29,16,10.536560638738921,508.400665368536
25.0,29,17,9.980761873997809,530.7299759920724
25.0,29,18,44.34285679891185,362.29088128833877
25.0,29,19,14.283258113951778,435.35274735223004
25.0,29,20,31.38223003429958,297.82113926175964
25.0,29,21,15.128526715791237,479.2667675641895
25.0,29,22,9.287706464343895,565.0015587524349
25.0,29,23,9.249280931723899,567.0194517922146
25.0,29,24,8.995758672238104,581.3569841161508
25.0,29,25,8.603456975313616,605.4882460407816
25.0,29,26,28.029676012755562,415.3417783380207
25.0,29,27,15.16832675122722,354.98685427831
25.0,29,28,11.493551946785422,565.2912173083565
30.0,0,1,8.312099845414304,625.7620699932254
30.0,0,2,23.427309523728997,398.33475781451045
30.0,0,3,8.737017803937814,596.5302462768509
30.0,0,4,23.241862020283946,357.4091875576266
30.0,0,5,9.147276427893711,571.6315367501838
30.0,0,6,9.430463249507556,555.8677045660169
30.0,0,7,9.470995254535657,553.9928994992986
30.0,0,8,31.66559818506864,328.060623950931
30.0,0,9,17.542897087575774,502.64772819942266
30.0,0,10,9.99910121299909,528.1081333505294
30.0,0,11,38.31869492065701,323.01326611195594
30.0,0,12,25.665992549561203,406.67165565805834
30.0,0,13,10.852446744187485,492.75666516615576
30.0,0,14,33.857404175246415,328.6386533174803
30.0,0,15,11.298501338966139,476.86842998568864
30.0,0,16,11.342922755452951,475.5086477871197
30.0,0,17,18.768109150211444,425.5014268068009
30.0,0,18,17.991381936386496,394.96660132074805
30.0,0,19,30.394126043805834,326.20468117234947
30.0,0,20,12.130031324182111,451.16785482177346
30.0,0,21,24.235364960511113,351.94523218210793
30.0,0,22,20.119082517283985,388.72699707177674
30.0,0,23,12.942959985625432,429.62580419265123
30.0,0,24,28.651596467919013,364.84995923927823
30.0,0,25,13.115739180851527,425.5340773376403
30.0,0,26,13.463517224501818,417.5395287341154
30.0,0,27,13.41803084310141,418.51183041480283
30.0,0,28,13.851073977346935,409.195037576701
30.0,0,29,13.977989104578185,406.5809852805036
30.0,1,0,22.25907026845685,425.611970050459
30.0,1,2,27.12991519917848,406.44156303722485
30.0,1,3,25.56963372109208,340.41432693462525
30.0,1,4,8.910972525953161,584.9222935437342
30.0,1,5,23.566316560296734,444.58538415773484
30.0,1,6,9.006893196025539,579.9296005154022
30.0,1,7,9.15635736774214,571.1574984708191
30.0,1,8,17.7821128832196,457.85467297908883
30.0,1,9,12.98516088414685,476.69296940290275
30.0,1,10,25.443774678288346,441.58407244674265
30.0,1,11,10.4278861572259,508.8448781104253
30.0,1,12,10.372286936612896,511.7843565766987
30.0,1,13,10.635622011143948,501.0635178442326
30.0,1,14,24.200147002251974,373.7870801391135
30.0,1,15,26.300838088851478,389.56435231331744
30.0,1,16,43.758323537239946,306.09177750412334
30.0,1,17,26.169151061583023,331.25892345232694
30.0,1,18,11.873957203546716,458.25422376242307
30.0,1,19,25.23970109178883,413.1404929899956
30.0,1,20,57.373098032728784,337.27403709860994
30.0,1,21,12.172468760046506,449.9601067837022
30.0,1,22,12.432872683722291,442.7615794274507
30.0,1,23,50.10744143772161,290.36785715811186
30.0,1,24,34.49491546994693,299.2679362521359
30.0,1,25,46.039916551764094,323.3280867981012
30.0,1,26,45.54624952149641,302.81552313137206
30.0,1,27,13.68153335492976,412.61479659781634
30.0,1,28,13.590972698261915,414.74354816338825
30.0,1,29,13.934621446885943,407.43791137542763
30.0,2,0,8.618546444065238,603.9876071981719
30.0,2,1,17.412387233103438,499.8489892289353
30.0,2,3,16.557130167960484,524.6027002603907
30.0,2,4,14.62304626446019,507.4496237554751
30.0,2,5,19.944959884740484,496.04068144344353
30.0,2,6,8.683577587615847,599.9383451424503
30.0,2,7,9.161826973811268,570.7714528481694
30.0,2,8,9.13806302882482,572.1779678962429
30.0,2,9,9.493923486565143,552.784014657582
30.0,2,10,9.661214712480822,544.2712912734918
30.0,2,11,9.892894002468731,533.0547553457042
30.0,2,12,10.129520121585415,522.2490360150006
30.0,2,13,30.26802718679601,390.16052199446267
30.0,2,14,10.60354701406767,502.36733976211974
30.0,2,15,19.91761086559552,440.88769661428364
30.0,2,16,27.922953547208678,408.5035493537024
30.0,2,17,19.343868029834038,429.3387343103327
30.0,2,18,27.524169084118505,379.2067159345936
30.0,2,19,31.153887531427557,332.42278443911675
30.0,2,20,27.841791370526053,333.1202990611607
30.0,2,21,21.497012812582685,386.9334250115566
30.0,2,22,12.081157015014561,452.55879303014706
30.0,2,23,12.296362758948122,446.49273694634053
30.0,2,24,39.67853322710324,340.2252153623623
30.0,2,25,12.87338009978885,431.38411801442305
30.0,2,26,12.89163277300084,430.9473471913228
30.0,2,27,13.291799287833923,421.4084232960625
30.0,2,28,26.878807189478923,398.764737389493
30.0,2,29,13.92757151782294,407.4092949461914
30.0,3,0,31.174700645379552,454.3777368868484
30.0,3,1,8.541107574609878,609.4938452298802
30.0,3,2,30.11958216285105,420.5260903143806
30.0,3,4,8.287953180925575,627.5953719574981
30.0,3,5,16.280955926474153,498.8047371316561
30.0,3,6,20.477442206086636,316.07146247673074
30.0,3,7,9.030975049357803,578.1402709389105
30.0,3,8,9.186981813417152,569.2845483206438
30.0,3,9,9.180024328496442,569.8373409099682
30.0,3,10,9.371950777100185,559.2149928239611
30.0,3,11,9.851011216464826,534.7979294306451
30.0,3,12,17.60270965980713,409.5851957719695
30.0,3,13,40.65931897533842,398.3901509356059
30.0,3,14,10.289728469291411,515.3101836205497
30.0,3,15,47.31932875974569,363.7469308645005
30.0,3,16,10.860512061221751,492.44424272023855
30.0,3,17,10.81768387386761,494.14446065122013
30.0,3,18,11.460733126408973,471.14244815423046
30.0,3,19,11.353972266196301,475.1357950063881
30.0,3,20,11.755954726929588,462.06483658394677
30.0,3,21,17.187761460848996,444.22529952415084
30.0,3,22,12.10697384485918,451.74052913722755
30.0,3,23,12.320746421742987,445.74019925733916
30.0,3,24,12.198610730001644,449.1645442775203
30.0,3,25,12.794990951314569,433.22855963036477
30.0,3,26,12.672474049861775,436.46110082658265
30.0,3,27,13.098605532442104,425.9125635072463
30.0,3,28,13.045599806183379,427.1776682653813
30.0,3,29,30.02040126544696,318.43198429927696
30.0,4,0,25.71753897304992,430.5236240808591
30.0,4,1,20.368143770363545,505.3928649603692
30.0,4,2,19.050204119026787,315.17398638694897
30.0,4,3,8.379313919982579,620.6589347345102
30.0,4,5,8.245088530791602,630.8498109846835
30.0,4,6,13.761072841935542,574.6659441869508
30.0,4,7,8.801586783672063,592.2215752842083
30.0,4,8,8.971854116293281,581.8499194765276
30.0,4,9,9.144989207376044,571.766734533054
30.0,4,10,9.39491976448211,557.8503419220536
30.0,4,11,9.572242918312146,548.6546437698022
30.0,4,12,9.686554730109073,543.0064884396274
30.0,4,13,17.003704265785387,484.4486769864678
30.0,4,14,10.103709089961953,523.4086021258622
30.0,4,15,39.99470882940786,364.97626028227137
30.0,4,16,10.616851292775209,501.82653191296174
30.0,4,17,23.06646585654104,410.10061965849644
30.0,4,18,27.29647750724488,403.4082492398598
30.0,4,19,15.183697451050392,396.09464941160695
30.0,4,20,11.479433545114475,470.9022512952387
30.0,4,21,11.473223591848361,471.1949745206287
30.0,4,22,53.438455929965585,315.49289073512364
30.0,4,23,28.24380482966871,407.28626730319513
30.0,4,24,12.416716285764204,443.0089452919498
30.0,4,25,12.327331520980533,445.6462832580898
30.0,4,26,17.25332758243782,415.4489091587896
30.0,4,27,12.756309136269929,434.3425519182515
30.0,4,28,12.889035001248903,431.0105401393557
30.0,4,29,13.348846594709153,420.07162158552813
30.0,5,0,8.886272994698116,587.0594700067121
30.0,5,1,38.56543240648203,370.69984774736514
30.0,5,2,28.03406242455759,425.7198817363044
30.0,5,3,12.708849208181828,485.8220127758297
30.0,5,4,10.311873780645405,596.9834393922264
30.0,5,6,14.314637379543866,500.9367706707658
30.0,5,7,15.668855835712382,523.327370672427
30.0,5,8,8.664538959137637,601.3667404797336
30.0,5,9,8.887443629785231,587.1464062131697
30.0,5,10,28.98088105034026,409.91458480391583
30.0,5,11,9.085539463678293,575.107764517401
30.0,5,12,44.748055480612926,394.2015694424516
30.0,5,13,9.574543557267358,548.5973309920311
30.0,5,14,9.781221035470722,538.3392106269943
30.0,5,15,10.198483494980081,519.1508417294815
30.0,5,16,10.116625076857277,522.7029156107151
30.0,5,17,10.563736791744223,503.9855921441181
30.0,5,18,10.76147933729147,496.28042742378796
30.0,5,19,10.932122557101735,489.915289059148
30.0,5,20,11.13516669978193,482.63333704341375
30.0,5,21,37.93918814987249,299.23820090981604
30.0,5,22,11.467705423002775,471.37317082258056
30.0,5,23,30.61542264830359,332.48454284093117
30.0,5,24,11.92655838227191,457.09122969187877
30.0,5,25,11.933296556165786,456.76682717371654
30.0,5,26,12.516268293847729,440.48216891369714
30.0,5,27,12.652037546443257,436.98410935993513
30.0,5,28,12.706996103653292,435.58871358984374
30.0,5,29,21.159380771488802,374.5464319370431
30.0,6,0,23.69834071022193,319.09110763426906
30.0,6,1,15.722530623524175,512.9654212396556
30.0,6,2,19.683815725524777,411.1423354154951
30.0,6,3,8.729877553417257,597.0067133114043
30.0,6,4,8.591310919009928,605.9241706439946
30.0,6,5,13.804348070323266,481.1545169052455
30.0,6,7,8.153253035566204,637.822293410373
30.0,6,8,8.565253950047028,607.7769336621487
30.0,6,9,8.650552428963326,602.300057950411
30.0,6,10,31.363852274454107,291.8107696830657
30.0,6,11,9.018801667459247,579.2256898418254
30.0,6,12,9.166574487484134,570.5875812762314
30.0,6,13,9.65246056207783,544.4251901659723
30.0,6,14,27.460992101930877,401.43420426772013
30.0,6,15,28.965653246054565,405.33534432206653
30.0,6,16,29.77763997548402,434.9199156552364
30.0,6,17,10.432720517278684,509.20341775865563
30.0,6,18,10.454509833566926,508.4255770257079
30.0,6,19,10.565667726588906,503.8654909860439
30.0,6,20,11.350535273931262,474.45251785479013
30.0,6,21,23.998590980824595,406.1262135876819
30.0,6,22,23.384165482299068,367.36759828643386
30.0,6,23,11.579784426316493,467.75384265850664
30.0,6,24,30.001346523777624,370.3048421474475
30.0,6,25,44.3080579497186,346.56111546690374
30.0,6,26,12.155575342679375,450.4408849284202
30.0,6,27,12.209539424853283,448.86583572548784
30.0,6,28,12.799386088573705,433.1130943390004
30.0,6,29,29.591640045207647,351.14920609431783
30.0,7,0,33.482134331544664,242.839814483147
30.0,7,1,9.510437060502644,551.4067164251528
30.0,7,2,8.890673577561055,586.7993512110779
30.0,7,3,9.061529617487555,576.2230699898598
30.0,7,4,8.710677509949434,598.2879271495008
30.0,7,5,8.633032122354958,602.9576129165544
30.0,7,6,8.331051245195287,624.3232112862427
30.0,7,8,8.231259739951385,631.8997427225731
30.0,7,9,8.458440713326116,615.3718160572433
30.0,7,10,8.723422223626422,597.4374757662579
30.0,7,11,8.941005941190085,583.7855433195214
30.0,7,12,15.571330956984422,466.2514613335939
30.0,7,13,30.82595156107915,348.7240590960721
30.0,7,14,9.37151456332897,559.2379920772437
30.0,7,15,9.61543849880282,546.5561312303106
30.0,7,16,9.727701221066473,540.8718116089957
30.0,7,17,10.228146691822353,517.8182162730528
30.0,7,18,21.806379793387848,425.36303586767684
30.0,7,19,10.541846588421302,504.8754106782103
30.0,7,20,30.630913521825114,364.61248018845697
30.0,7,21,42.66382752180407,369.47320404005325
30.0,7,22,31.396121458062844,381.9171987268911
30.0,7,23,11.323445461315456,476.16588623404954
30.0,7,24,16.107455674560775,443.55440126171743
30.0,7,25,49.86000369165117,313.3208738672694
30.0,7,26,20.803574233725882,391.8702253558015
30.0,7,27,12.38958060816815,443.7812130011274
30.0,7,28,39.734604055660554,365.34649148116097
30.0,7,29,12.36988719478763,444.3965223613071
30.0,8,0,9.73046420209263,540.8148236423473
30.0,8,1,18.02652721286099,416.1155160287384
30.0,8,2,11.562508683096226,490.82569061989625
30.0,8,3,16.69409518580911,527.9548838124493
30.0,8,4,8.912414385236499,585.5795715635558
30.0,8,5,8.79904675018984,592.3910710487417
30.0,8,6,8.503509060874984,612.1672619225412
30.0,8,7,12.730368657269288,593.3377082658972
30.0,8,9,24.989769854443914,514.7727559552637
30.0,8,10,13.68197514670052,530.9886617922976
30.0,8,11,8.725295790666827,597.3124531316586
30.0,8,12,27.709650280956733,388.6999803238643
30.0,8,13,9.016118654984847,579.3842829180722
30.0,8,14,15.150835664854295,492.00996820284854
30.0,8,15,9.424659916830139,556.4359176664207
30.0,8,16,9.818277214923553,536.4317900901173
30.0,8,17,38.17640870867633,294.577210649695
30.0,8,18,27.412767945487854,350.3452341191611
30.0,8,19,37.51256836024079,353.3558249939561
30.0,8,20,10.3927951577365,510.93422719991224
30.0,8,21,10.691829376906878,498.97842564120833
30.0,8,22,10.845117765776202,493.13061958768367
30.0,8,23,26.243775302984336,399.82186449762384
30.0,8,24,19.974055608658723,449.04860440593893
30.0,8,25,11.611594029486545,466.72662623761175
30.0,8,26,43.003268695089396,367.0620879129932
30.0,8,27,38.344240691625096,386.90422653079185
30.0,8,28,26.45946737209039,336.9149980107359
30.0,8,29,12.533878052703196,440.00085017977995
30.0,9,0,18.984192466863508,347.13186685540694
30.0,9,1,40.1049819374595,360.90745794269503
30.0,9,2,9.583334823464035,548.069826066168
30.0,9,3,37.522561301408146,403.43056788448064
30.0,9,4,9.20052554835204,568.4839770941993
30.0,9,5,8.943705201101025,583.6161734354174
30.0,9,6,8.53895363987241,609.7470157209858
30.0,9,7,14.97554818044117,570.4585383576608
30.0,9,8,8.197411384868378,634.4696320706464
30.0,9,10,30.026637506007752,412.7216047154087
30.0,9,11,25.331447250088317,484.6451240390732
30.0,9,12,8.771060949384326,594.2585561574249
30.0,9,13,8.821033354245486,591.3134375634684
30.0,9,14,23.48246384575431,383.3290303218602
30.0,9,15,9.216379019883473,567.8094539664256
30.0,9,16,9.726239244573176,540.5352290562035
30.0,9,17,29.59089026781092,379.90086435070293
30.0,9,18,17.384641272306276,500.66137694997667
30.0,9,19,31.78333380355386,414.0573895636078
30.0,9,20,31.543791981454035,362.6898204813412
30.0,9,21,10.660434876186297,500.054895545348
30.0,9,22,10.930794534017425,489.7217431628578
30.0,9,23,34.452749436308466,332.2868117509174
30.0,9,24,17.009915827380024,394.3236635456607
30.0,9,25,31.911127590113,358.42608856571377
30.0,9,26,11.56953998617155,468.0846627911409
30.0,9,27,29.909429404209206,290.62126976568175
30.0,9,28,11.915199832695672,457.4280977000087
30.0,9,29,29.771628336634468,287.24960985317176
30.0,10,0,15.741555304018235,409.16440931442185
30.0,10,1,10.109338895222784,522.812407646258
30.0,10,2,9.420114527691053,556.3053869651761
30.0,10,3,13.412080612836673,530.8986814373309
30.0,10,4,19.29463415512526,418.5323406389813
30.0,10,5,20.044844141485264,429.6580729550735
30.0,10,6,8.867548343771654,588.3947714679127
30.0,10,7,36.56172171247886,302.76404972231586
30.0,10,8,8.445373775025125,616.3009317989495
30.0,10,9,8.305997779247376,626.2253608918575
30.0,10,11,14.491612429150415,547.0786965351674
30.0,10,12,20.169410509210508,477.9820779086646
30.0,10,13,18.463457717728495,386.6658697627239
30.0,10,14,8.72632091095609,597.256338978086
30.0,10,15,9.132409314439826,572.5103329839174
30.0,10,16,9.300663840391023,563.1079950755629
30.0,10,17,36.812178262158845,308.29893061328636
30.0,10,18,9.789124909716854,537.8868766168924
30.0,10,19,18.53126933799061,495.1771571902525
30.0,10,20,10.108055531305252,523.2133373197877
30.0,10,21,19.270650194188182,381.2491227011088
30.0,10,22,10.67615128774595,499.4160365046664
30.0,10,23,35.08730355224144,279.4321052688699
30.0,10,24,28.45217257073093,441.35883796190717
30.0,10,25,11.299036981598992,476.8495244429944
30.0,10,26,11.406658272700742,473.3579675091256
30.0,10,27,11.582324131112555,467.67182885730335
30.0,10,28,11.697618675076445,464.0500742463721
30.0,10,29,12.161064049910069,450.1363401945697
30.0,11,0,29.555877168227624,292.00753109299035
30.0,11,1,9.76768838465292,538.5044041111665
30.0,11,2,24.986297398547837,273.4288022425839
30.0,11,3,9.778996234203593,538.3924318094896
30.0,11,4,21.051905106445112,472.82190722223925
30.0,11,5,9.234200085714091,566.815384003537
30.0,11,6,8.961019401697504,582.6412040696214
30.0,11,7,11.169702115751388,524.878442063283
30.0,11,8,8.530040423912277,610.341792271841
30.0,11,9,23.412104029055374,526.1042698979576
30.0,11,10,8.324377064880021,624.8299391569844
30.0,11,12,8.242588934548756,631.0395893577604
30.0,11,13,8.441331805578756,616.5883332815013
30.0,11,14,22.083319905689976,383.0628362599501
30.0,11,15,8.88757299941172,587.1382886848961
30.0,11,16,40.310487914638486,345.4340788312921
30.0,11,17,9.28870724693661,5