step,time_s,p_single_expert,p_multi_expert_top2,p_multi_expert_top4,p_cache_hit,p_cache_miss,p_payload_small,p_payload_large,p_batch_small,p_batch_large,qps_single_expert,qps_multi_expert_top2,qps_multi_expert_top4,qps_cache_hit,qps_cache_miss,qps_payload_small,qps_payload_large,qps_batch_small,qps_batch_large,traffic_stress,edge_jaccard_distance,weighted_edge_distance,hot_edge_rank_correlation,graph_change_rate_per_s,request_mix_entropy,top3_hotspot_churn,active_edge_count,traffic_stress_gini,traffic_stress_skew,migration_count,policy_decision_time_ms,latency_ms,sla_ms,sla_pressure,sla_violation_ratio
0,0.000,0.733333,0.033333,0.033333,0.033333,0.033333,0.033333,0.033333,0.033333,0.033333,66.000000,3.000000,3.000000,3.000000,3.000000,3.000000,3.000000,3.000000,3.000000,0.969300,0.000000,0.000000,1.000000,0.00000000,1.636641,0.000000,8,0.406120,0.093267,,,60.611391,108.333333,0.559490,0.000000
1,0.100,0.733333,0.033333,0.033333,0.033333,0.033333,0.033333,0.033333,0.033333,0.033333,66.000000,3.000000,3.000000,3.000000,3.000000,3.000000,3.000000,3.000000,3.000000,0.966640,0.000000,0.002743,1.000000,0.02743249,1.636641,0.000000,8,0.406120,0.093267,,,65.037741,108.333333,0.600348,0.000000
2,0.200,0.733333,0.033333,0.033333,0.033333,0.033333,0.033333,0.033333,0.033333,0.033333,66.000000,3.000000,3.000000,3.000000,3.000000,3.000000,3.000000,3.000000,3.000000,0.959227,0.000000,0.007669,1.000000,0.07669020,1.636641,0.000000,8,0.406120,0.093267,,,63.136592,108.333333,0.582799,0.000000
3,0.300,0.733333,0.033333,0.033333,0.033333,0.033333,0.033333,0.033333,0.033333,0.033333,66.000000,3.000000,3.000000,3.000000,3.000000,3.000000,3.000000,3.000000,3.000000,0.994400,0.000000,0.035371,1.000000,0.35370745,1.636641,0.000000,8,0.406120,0.093267,,,63.167234,108.333333,0.583082,0.000000
4,0.400,0.733333,0.033333,0.033333,0.033333,0.033333,0.033333,0.033333,0.033333,0.033333,66.000000,3.000000,3.000000,3.000000,3.000000,3.000000,3.000000,3.000000,3.000000,0.962272,0.000000,0.032309,1.000000,0.32308549,1.636641,0.000000,8,0.406120,0.093267,,,61.110918,108.333333,0.564101,0.000000
5,0.500,0.733333,0.033333,0.033333,0.033333,0.033333,0.033333,0.033333,0.033333,0.033333,66.000000,3.000000,3.000000,3.000000,3.000000,3.000000,3.000000,3.000000,3.000000,0.936001,0.000000,0.027301,1.000000,0.27301389,1.636641,0.000000,8,0.406120,0.093267,,,65.132564,108.333333,0.601224,0.000000
6,0.600,0.733333,0.033333,0.033333,0.033333,0.033333,0.033333,0.033333,0.033333,0.033333,66.000000,3.000000,3.000000,3.000000,3.000000,3.000000,3.000000,3.000000,3.000000,0.987747,0.000000,0.052388,1.000000,0.52387803,1.636641,0.000000,8,0.406120,0.093267,,,65.003422,108.333333,0.600032,0.000000
7,0.700,0.733333,0.033333,0.033333,0.033333,0.033333,0.033333,0.033333,0.033333,0.033333,66.000000,3.000000,3.000000,3.000000,3.000000,3.000000,3.000000,3.000000,3.000000,0.930631,0.000000,0.057825,1.000000,0.57824538,1.636641,0.000000,8,0.406120,0.093267,,,67.216567,108.333333,0.620461,0.000000
8,0.800,0.733333,0.033333,0.033333,0.033333,0.033333,0.033333,0.033333,0.033333,0.033333,66.000000,3.000000,3.000000,3.000000,3.000000,3.000000,3.000000,3.000000,3.000000,1.027413,0.000000,0.094200,1.000000,0.94200178,1.636641,0.000000,8,0.406120,0.093267,,,66.677067,108.333333,0.615481,0.000000
9,0.900,0.733333,0.033333,0.033333,0.033333,0.033333,0.033333,0.033333,0.033333,0.033333,66.000000,3.000000,3.000000,3.000000,3.000000,3.000000,3.000000,3.000000,3.000000,1.000329,0.000000,0.026361,1.000000,0.26361366,1.636641,0.000000,8,0.406120,0.093267,,,63.295479,108.333333,0.584266,0.000000
10,1.000,0.733333,0.033333,0.033333,0.033333,0.033333,0.033333,0.033333,0.033333,0.033333,66.000000,3.000000,3.000000,3.000000,3.000000,3.000000,3.000000,3.000000,3.000000,0.936932,0.000000,0.063376,1.000000,0.63376135,1.636641,0.000000,8,0.406120,0.093267,,,67.542894,108.333333,0.623473,0.000000
11,1.100,0.733333,0.033333,0.033333,0.033333,0.033333,0.033333,0.033333,0.033333,0.033333,66.000000,3.000000,3.000000,3.000000,3.000000,3.000000,3.000000,3.000000,3.000000,0.953046,0.000000,0.016907,1.000000,0.16907418,1.636641,0.000000,8,0.406120,0.093267,,,63.754535,108.333333,0.588503,0.000000
12,1.200,0.733333,0.033333,0.033333,0.033333,0.033333,0.033333,0.033333,0.033333,0.033333,66.000000,3.000000,3.000000,3.000000,3.000000,3.000000,3.000000,3.000000,3.000000,1.032153,0.000000,0.076643,1.000000,0.76642728,1.636641,0.000000,8,0.406120,0.093267,,,71.064072,108.333333,0.655976,0.000000
13,1.300,0.733333,0.033333,0.033333,0.033333,0.033333,0.033333,0.033333,0.033333,0.033333,66.000000,3.000000,3.000000,3.000000,3.000000,3.000000,3.000000,3.000000,3.000000,1.015852,0.000000,0.015793,1.000000,0.15793309,1.636641,0.000000,8,0.406120,0.093267,,,59.112607,108.333333,0.545655,0.000000
14,1.400,0.733333,0.033333,0.033333,0.033333,0.033333,0.033333,0.033333,0.033333,0.033333,66.000000,3.000000,3.000000,3.000000,3.000000,3.000000,3.000000,3.000000,3.000000,1.000983,0.000000,0.014637,1.000000,0.14636825,1.636641,0.000000,8,0.406120,0.093267,,,61.504284,108.333333,0.567732,0.000000
15,1.500,0.733333,0.033333,0.033333,0.033333,0.033333,0.033333,0.033333,0.033333,0.033333,66.000000,3.000000,3.000000,3.000000,3.000000,3.000000,3.000000,3.000000,3.000000,0.981334,0.000000,0.019630,1.000000,0.19629531,1.636641,0.000000,8,0.406120,0.093267,,,59.698267,108.333333,0.551061,0.000000
16,1.600,0.733333,0.033333,0.033333,0.033333,0.033333,0.033333,0.033333,0.033333,0.033333,66.000000,3.000000,3.000000,3.000000,3.000000,3.000000,3.000000,3.000000,3.000000,1.024260,0.000000,0.041909,1.000000,0.41908773,1.636641,0.000000,8,0.406120,0.093267,,,67.194010,108.333333,0.620252,0.000000
17,1.700,0.733333,0.033333,0.033333,0.033333,0.033333,0.033333,0.033333,0.033333,0.033333,66.000000,3.000000,3.000000,3.000000,3.000000,3.000000,3.000000,3.000000,3.000000,1.022211,0.000000,0.002000,1.000000,0.02000202,1.636641,0.000000,8,0.406120,0.093267,,,61.970760,108.333333,0.572038,0.000000
18,1.800,0.733333,0.033333,0.033333,0.033333,0.033333,0.033333,0.033333,0.033333,0.033333,66.000000,3.000000,3.000000,3.000000,3.000000,3.000000,3.000000,3.000000,3.000000,0.953069,0.000000,0.067639,1.000000,0.67639124,1.636641,0.000000,8,0.406120,0.093267,,,62.980497,108.333333,0.581358,0.000000
19,1.900,0.733333,0.033333,0.033333,0.033333,0.033333,0.033333,0.033333,0.033333,0.033333,66.000000,3.000000,3.000000,3.000000,3.000000,3.000000,3.000000,3.000000,3.000000,1.023831,0.000000,0.069115,1.000000,0.69114879,1.636641,0.000000,8,0.406120,0.093267,,,65.571837,108.333333,0.605278,0.000000
20,2.000,0.733333,0.033333,0.033333,0.033333,0.033333,0.033333,0.033333,0.033333,0.033333,66.000000,3.000000,3.000000,3.000000,3.000000,3.000000,3.000000,3.000000,3.000000,0.975065,0.000000,0.047631,1.000000,0.47631181,1.636641,0.000000,8,0.406120,0.093267,,,63.232989,108.333333,0.583689,0.000000
21,2.100,0.733333,0.033333,0.033333,0.033333,0.033333,0.033333,0.033333,0.033333,0.033333,66.000000,3.000000,3.000000,3.000000,3.000000,3.000000,3.000000,3.000000,3.000000,1.027101,0.000000,0.050663,1.000000,0.50663172,1.636641,0.000000,8,0.406120,0.093267,,,71.807048,108.333333,0.662834,0.000000
22,2.200,0.733333,0.033333,0.033333,0.033333,0.033333,0.033333,0.033333,0.033333,0.033333,66.000000,3.000000,3.000000,3.000000,3.000000,3.000000,3.000000,3.000000,3.000000,0.955386,0.000000,0.069823,1.000000,0.69823326,1.636641,0.000000,8,0.406120,0.093267,,,62.582228,108.333333,0.577682,0.000000
23,2.300,0.733333,0.033333,0.033333,0.033333,0.033333,0.033333,0.033333,0.033333,0.033333,66.000000,3.000000,3.000000,3.000000,3.000000,3.000000,3.000000,3.000000,3.000000,1.032738,0.000000,0.074901,1.000000,0.74900642,1.636641,0.000000,8,0.406120,0.093267,,,70.744743,108.333333,0.653028,0.000000
24,2.400,0.733333,0.033333,0.033333,0.033333,0.033333,0.033333,0.033333,0.033333,0.033333,66.000000,3.000000,3.000000,3.000000,3.000000,3.000000,3.000000,3.000000,3.000000,0.973197,0.000000,0.057653,1.000000,0.57653477,1.636641,0.000000,8,0.406120,0.093267,,,61.343155,108.333333,0.566245,0.000000
25,2.500,0.733333,0.033333,0.033333,0.033333,0.033333,0.033333,0.033333,0.033333,0.033333,66.000000,3.000000,3.000000,3.000000,3.000000,3.000000,3.000000,3.000000,3.000000,1.045439,0.111111,0.081300,1.000000,0.81299842,1.636641,0.000000,9,0.454272,0.292243,,,68.245078,108.333333,0.629955,0.000000
26,2.600,0.733333,0.033333,0.033333,0.033333,0.033333,0.033333,0.033333,0.033333,0.033333,66.000000,3.000000,3.000000,3.000000,3.000000,3.000000,3.000000,3.000000,3.000000,1.053832,0.000000,0.007965,1.000000,0.07964843,1.636641,0.000000,9,0.454272,0.292243,,,56.679547,108.333333,0.523196,0.000000
27,2.700,0.733333,0.033333,0.033333,0.033333,0.033333,0.033333,0.033333,0.033333,0.033333,66.000000,3.000000,3.000000,3.000000,3.000000,3.000000,3.000000,3.000000,3.000000,1.010776,0.111111,0.053426,1.000000,0.53425704,1.636641,0.000000,8,0.406120,0.093267,,,62.790207,108.333333,0.579602,0.000000
28,2.800,0.733333,0.033333,0.033333,0.033333,0.033333,0.033333,0.033333,0.033333,0.033333,66.000000,3.000000,3.000000,3.000000,3.000000,3.000000,3.000000,3.000000,3.000000,0.981461,0.000000,0.029002,1.000000,0.29002099,1.636641,0.000000,8,0.406120,0.093267,,,60.090041,108.333333,0.554677,0.000000
29,2.900,0.733333,0.033333,0.033333,0.033333,0.033333,0.033333,0.033333,0.033333,0.033333,66.000000,3.000000,3.000000,3.000000,3.000000,3.000000,3.000000,3.000000,3.000000,0.987926,0.000000,0.006544,1.000000,0.06543555,1.636641,0.000000,8,0.406120,0.093267,,,63.039887,108.333333,0.581907,0.000000
30,3.000,0.733333,0.033333,0.033333,0.033333,0.033333,0.033333,0.033333,0.033333,0.033333,66.000000,3.000000,3.000000,3.000000,3.000000,3.000000,3.000000,3.000000,3.000000,1.051203,0.111111,0.072510,1.000000,0.72510316,1.636641,0.000000,9,0.454272,0.292243,,,62.818362,108.333333,0.579862,0.000000
31,3.100,0.733333,0.033333,0.033333,0.033333,0.033333,0.033333,0.033333,0.033333,0.033333,66.000000,3.000000,3.000000,3.000000,3.000000,3.000000,3.000000,3.000000,3.000000,1.031798,0.111111,0.031322,1.000000,0.31321884,1.636641,0.000000,8,0.406120,0.093267,,,66.821438,108.333333,0.616813,0.000000
32,3.200,0.733333,0.033333,0.033333,0.033333,0.033333,0.033333,0.033333,0.033333,0.033333,66.000000,3.000000,3.000000,3.000000,3.000000,3.000000,3.000000,3.000000,3.000000,1.040902,0.000000,0.008747,1.000000,0.08746517,1.636641,0.000000,8,0.406120,0.093267,,,64.226718,108.333333,0.592862,0.000000
33,3.300,0.733333,0.033333,0.033333,0.033333,0.033333,0.033333,0.033333,0.033333,0.033333,66.000000,3.000000,3.000000,3.000000,3.000000,3.000000,3.000000,3.000000,3.000000,1.048595,0.111111,0.020344,1.000000,0.20343709,1.636641,0.000000,9,0.454272,0.292243,,,69.454555,108.333333,0.641119,0.000000
34,3.400,0.733333,0.033333,0.033333,0.033333,0.033333,0.033333,0.033333,0.033333,0.033333,66.000000,3.000000,3.000000,3.000000,3.000000,3.000000,3.000000,3.000000,3.000000,0.994874,0.111111,0.063664,1.000000,0.63663659,1.636641,0.000000,8,0.406120,0.093267,,,67.527350,108.333333,0.623329,0.000000
35,3.500,0.733333,0.033333,0.033333,0.033333,0.033333,0.033333,0.033333,0.033333,0.033333,66.000000,3.000000,3.000000,3.000000,3.000000,3.000000,3.000000,3.000000,3.000000,1.033795,0.000000,0.037648,1.000000,0.37648352,1.636641,0.000000,8,0.406120,0.093267,,,63.464212,108.333333,0.585823,0.000000
36,3.600,0.733333,0.033333,0.033333,0.033333,0.033333,0.033333,0.033333,0.033333,0.033333,66.000000,3.000000,3.000000,3.000000,3.000000,3.000000,3.000000,3.000000,3.000000,0.977292,0.000000,0.054656,1.000000,0.54655846,1.636641,0.000000,8,0.406120,0.093267,,,64.907130,108.333333,0.599143,0.000000
37,3.700,0.733333,0.033333,0.033333,0.033333,0.033333,0.033333,0.033333,0.033333,0.033333,66.000000,3.000000,3.000000,3.000000,3.000000,3.000000,3.000000,3.000000,3.000000,1.025673,0.000000,0.047170,1.000000,0.47169854,1.636641,0.000000,8,0.406120,0.093267,,,64.939982,108.333333,0.599446,0.000000
38,3.800,0.733333,0.033333,0.033333,0.033333,0.033333,0.033333,0.033333,0.033333,0.033333,66.000000,3.000000,3.000000,3.000000,3.000000,3.000000,3.000000,3.000000,3.000000,1.027395,0.000000,0.001676,1.000000,0.01675991,1.636641,0.000000,8,0.406120,0.093267,,,60.875998,108.333333,0.561932,0.000000
39,3.900,0.733333,0.033333,0.033333,0.033333,0.033333,0.033333,0.033333,0.033333,0.033333,66.000000,3.000000,3.000000,3.000000,3.000000,3.000000,3.000000,3.000000,3.000000,0.976634,0.000000,0.049407,1.000000,0.49407084,1.636641,0.000000,8,0.406120,0.093267,,,65.143428,108.333333,0.601324,0.000000
40,4.000,0.733333,0.033333,0.033333,0.033333,0.033333,0.033333,0.033333,0.033333,0.033333,66.000000,3.000000,3.000000,3.000000,3.000000,3.000000,3.000000,3.000000,3.000000,1.027975,0.000000,0.049944,1.000000,0.49943705,1.636641,0.000000,8,0.406120,0.093267,,,69.235131,108.333333,0.639094,0.000000
41,4.100,0.733333,0.033333,0.033333,0.033333,0.033333,0.033333,0.033333,0.033333,0.033333,66.000000,3.000000,3.000000,3.000000,3.000000,3.000000,3.000000,3.000000,3.000000,1.041198,0.000000,0.012700,1.000000,0.12700117,1.636641,0.000000,8,0.406120,0.093267,,,62.696195,108.333333,0.578734,0.000000
42,4.200,0.733333,0.033333,0.033333,0.033333,0.033333,0.033333,0.033333,0.033333,0.033333,66.000000,3.000000,3.000000,3.000000,3.000000,3.000000,3.000000,3.000000,3.000000,1.001702,0.000000,0.037934,1.000000,0.37933602,1.636641,0.000000,8,0.406120,0.093267,,,63.799059,108.333333,0.588914,0.000000
43,4.300,0.733333,0.033333,0.033333,0.033333,0.033333,0.033333,0.033333,0.033333,0.033333,66.000000,3.000000,3.000000,3.000000,3.000000,3.000000,3.000000,3.000000,3.000000,1.011956,0.000000,0.010133,1.000000,0.10132834,1.636641,0.000000,8,0.406120,0.093267,,,64.958314,108.333333,0.599615,0.000000
44,4.400,0.733333,0.033333,0.033333,0.033333,0.033333,0.033333,0.033333,0.033333,0.033333,66.000000,3.000000,3.000000,3.000000,3.000000,3.000000,3.000000,3.000000,3.000000,1.052202,0.111111,0.050853,1.000000,0.50852628,1.636641,0.000000,9,0.454272,0.292243,,,69.951657,108.333333,0.645708,0.000000
45,4.500,0.733333,0.033333,0.033333,0.033333,0.033333,0.033333,0.033333,0.033333,0.033333,66.000000,3.000000,3.000000,3.000000,3.000000,3.000000,3.000000,3.000000,3.000000,1.070787,0.000000,0.017356,1.000000,0.17355905,1.636641,0.000000,9,0.454272,0.292243,,,62.344435,108.333333,0.575487,0.000000
46,4.600,0.733333,0.033333,0.033333,0.033333,0.033333,0.033333,0.033333,0.033333,0.033333,66.000000,3.000000,3.000000,3.000000,3.000000,3.000000,3.000000,3.000000,3.000000,0.995522,0.111111,0.082473,1.000000,0.82472592,1.636641,0.000000,8,0.406120,0.093267,,,66.422337,108.333333,0.613129,0.000000
47,4.700,0.733333,0.033333,0.033333,0.033333,0.033333,0.033333,0.033333,0.033333,0.033333,66.000000,3.000000,3.000000,3.000000,3.000000,3.000000,3.000000,3.000000,3.000000,0.982407,0.000000,0.013174,1.000000,0.13173616,1.636641,0.000000,8,0.406120,0.093267,,,63.465197,108.333333,0.585833,0.000000
48,4.800,0.733333,0.033333,0.033333,0.033333,0.033333,0.033333,0.033333,0.033333,0.033333,66.000000,3.000000,3.000000,3.000000,3.000000,3.000000,3.000000,3.000000,3.000000,1.050158,0.111111,0.076774,1.000000,0.76773877,1.636641,0.000000,9,0.454272,0.292243,,,71.664039,108.333333,0.661514,0.000000
49,4.900,0.733333,0.033333,0.033333,0.033333,0.033333,0.033333,0.033333,0.033333,0.033333,66.000000,3.000000,3.000000,3.000000,3.000000,3.000000,3.000000,3.000000,3.000000,1.029644,0.111111,0.032383,1.000000,0.32382607,1.636641,0.000000,8,0.406120,0.093267,,,66.731687,108.333333,0.615985,0.000000
50,5.000,0.733333,0.033333,0.033333,0.033333,0.033333,0.033333,0.033333,0.033333,0.033333,66.000000,3.000000,3.000000,3.000000,3.000000,3.000000,3.000000,3.000000,3.000000,0.992354,0.000000,0.036216,1.000000,0.36216235,1.636641,0.000000,8,0.406120,0.093267,,,66.279508,108.333333,0.611811,0.000000
51,5.100,0.733333,0.033333,0.033333,0.033333,0.033333,0.033333,0.033333,0.033333,0.033333,66.000000,3.000000,3.000000,3.000000,3.000000,3.000000,3.000000,3.000000,3.000000,1.080760,0.111111,0.093832,1.000000,0.93832200,1.636641,0.000000,9,0.454272,0.292243,,,69.419647,108.333333,0.640797,0.000000
52,5.200,0.733333,0.033333,0.033333,0.033333,0.033333,0.033333,0.033333,0.033333,0.033333,66.000000,3.000000,3.000000,3.000000,3.000000,3.000000,3.000000,3.000000,3.000000,1.007197,0.111111,0.080279,1.000000,0.80278740,1.636641,0.000000,8,0.406120,0.093267,,,66.482016,108.333333,0.613680,0.000000
53,5.300,0.733333,0.033333,0.033333,0.033333,0.033333,0.033333,0.033333,0.033333,0.033333,66.000000,3.000000,3.000000,3.000000,3.000000,3.000000,3.000000,3.000000,3.000000,1.048526,0.111111,0.052004,1.000000,0.52004217,1.636641,0.000000,9,0.454272,0.292243,,,69.533064,108.333333,0.641844,0.000000
54,5.400,0.733333,0.033333,0.033333,0.033333,0.033333,0.033333,0.033333,0.033333,0.033333,66.000000,3.000000,3.000000,3.000000,3.000000,3.000000,3.000000,3.000000,3.000000,1.005464,0.111111,0.053635,1.000000,0.53635268,1.636641,0.000000,8,0.406120,0.093267,,,70.141089,108.333333,0.647456,0.000000
55,5.500,0.033333,0.733333,0.033333,0.033333,0.033333,0.033333,0.033333,0.033333,0.033333,3.000000,66.000000,3.000000,3.000000,3.000000,3.000000,3.000000,3.000000,3.000000,1.082079,0.111111,0.275983,0.866667,2.75982952,1.636641,0.500000,9,0.322193,-0.547211,,,93.918262,129.333333,0.726172,0.000000
56,5.600,0.033333,0.733333,0.033333,0.033333,0.033333,0.033333,0.033333,0.033333,0.033333,3.000000,66.000000,3.000000,3.000000,3.000000,3.000000,3.000000,3.000000,3.000000,1.033576,0.111111,0.054774,1.000000,0.54773690,1.636641,0.000000,8,0.251809,-0.899226,,,83.745457,129.333333,0.647516,0.000000
57,5.700,0.033333,0.733333,0.033333,0.033333,0.033333,0.033333,0.033333,0.033333,0.033333,3.000000,66.000000,3.000000,3.000000,3.000000,3.000000,3.000000,3.000000,3.000000,1.011369,0.000000,0.021486,1.000000,0.21485849,1.636641,0.000000,8,0.251809,-0.899226,,,85.132590,129.333333,0.658242,0.000000
58,5.800,0.033333,0.733333,0.033333,0.033333,0.033333,0.033333,0.033333,0.033333,0.033333,3.000000,66.000000,3.000000,3.000000,3.000000,3.000000,3.000000,3.000000,3.000000,1.069449,0.111111,0.064159,1.000000,0.64159421,1.636641,0.000000,9,0.322193,-0.547211,,,85.131630,129.333333,0.658234,0.000000
59,5.900,0.033333,0.733333,0.033333,0.033333,0.033333,0.033333,0.033333,0.033333,0.033333,3.000000,66.000000,3.000000,3.000000,3.000000,3.000000,3.000000,3.000000,3.000000,1.018586,0.111111,0.057481,1.000000,0.57481072,1.636641,0.000000,8,0.251809,-0.899226,,,84.772715,129.333333,0.655459,0.000000
60,6.000,0.033333,0.733333,0.033333,0.033333,0.033333,0.033333,0.033333,0.033333,0.033333,3.000000,66.000000,3.000000,3.000000,3.000000,3.000000,3.000000,3.000000,3.000000,1.001742,0.000000,0.016537,1.000000,0.16536852,1.636641,0.000000,8,0.251809,-0.899226,,,81.497530,129.333333,0.630136,0.000000
61,6.100,0.033333,0.733333,0.033333,0.033333,0.033333,0.033333,0.033333,0.033333,0.033333,3.000000,66.000000,3.000000,3.000000,3.000000,3.000000,3.000000,3.000000,3.000000,1.029069,0.000000,0.026555,1.000000,0.26555165,1.636641,0.000000,8,0.251809,-0.899226,,,78.612182,129.333333,0.607826,0.000000
62,6.200,0.033333,0.733333,0.033333,0.033333,0.033333,0.033333,0.033333,0.033333,0.033333,3.000000,66.000000,3.000000,3.000000,3.000000,3.000000,3.000000,3.000000,3.000000,1.082707,0.111111,0.059441,1.000000,0.59440772,1.636641,0.000000,9,0.322193,-0.547211,,,85.344863,129.333333,0.659883,0.000000
63,6.300,0.033333,0.733333,0.033333,0.033333,0.033333,0.033333,0.033333,0.033333,0.033333,3.000000,66.000000,3.000000,3.000000,3.000000,3.000000,3.000000,3.000000,3.000000,1.003960,0.111111,0.082391,1.000000,0.82390699,1.636641,0.000000,8,0.251809,-0.899226,,,85.024403,129.333333,0.657405,0.000000
64,6.400,0.033333,0.733333,0.033333,0.033333,0.033333,0.033333,0.033333,0.033333,0.033333,3.000000,66.000000,3.000000,3.000000,3.000000,3.000000,3.000000,3.000000,3.000000,1.069936,0.111111,0.071438,1.000000,0.71438136,1.636641,0.000000,9,0.322193,-0.547211,,,83.362126,129.333333,0.644553,0.000000
65,6.500,0.033333,0.733333,0.033333,0.033333,0.033333,0.033333,0.033333,0.033333,0.033333,3.000000,66.000000,3.000000,3.000000,3.000000,3.000000,3.000000,3.000000,3.000000,1.036823,0.111111,0.041042,1.000000,0.41042312,1.636641,0.000000,8,0.251809,-0.899226,,,79.092088,129.333333,0.611537,0.000000
66,6.600,0.033333,0.733333,0.033333,0.033333,0.033333,0.033333,0.033333,0.033333,0.033333,3.000000,66.000000,3.000000,3.000000,3.000000,3.000000,3.000000,3.000000,3.000000,1.084029,0.111111,0.053510,1.000000,0.53509858,1.636641,0.000000,9,0.322193,-0.547211,,,82.349960,129.333333,0.636726,0.000000
67,6.700,0.033333,0.733333,0.033333,0.033333,0.033333,0.033333,0.033333,0.033333,0.033333,3.000000,66.000000,3.000000,3.000000,3.000000,3.000000,3.000000,3.000000,3.000000,1.039183,0.111111,0.051355,1.000000,0.51355444,1.636641,0.000000,8,0.251809,-0.899226,,,85.724593,129.333333,0.662819,0.000000
68,6.800,0.033333,0.733333,0.033333,0.033333,0.033333,0.033333,0.033333,0.033333,0.033333,3.000000,66.000000,3.000000,3.000000,3.000000,3.000000,3.000000,3.000000,3.000000,1.025760,0.000000,0.012918,1.000000,0.12917674,1.636641,0.000000,8,0.251809,-0.899226,,,82.892540,129.333333,0.640922,0.000000
69,6.900,0.033333,0.733333,0.033333,0.033333,0.033333,0.033333,0.033333,0.033333,0.033333,3.000000,66.000000,3.000000,3.000000,3.000000,3.000000,3.000000,3.000000,3.000000,1.064500,0.111111,0.046431,1.000000,0.46430681,1.636641,0.000000,9,0.322193,-0.547211,,,83.474135,129.333333,0.645419,0.000000
70,7.000,0.033333,0.733333,0.033333,0.033333,0.033333,0.033333,0.033333,0.033333,0.033333,3.000000,66.000000,3.000000,3.000000,3.000000,3.000000,3.000000,3.000000,3.000000,1.044808,0.000000,0.018499,1.000000,0.18498545,1.636641,0.000000,9,0.322193,-0.547211,,,81.051645,129.333333,0.626688,0.000000
71,7.100,0.033333,0.733333,0.033333,0.033333,0.033333,0.033333,0.033333,0.033333,0.033333,3.000000,66.000000,3.000000,3.000000,3.000000,3.000000,3.000000,3.000000,3.000000,0.996758,0.111111,0.055927,1.000000,0.55926945,1.636641,0.000000,8,0.251809,-0.899226,,,83.366246,129.333333,0.644584,0.000000
72,7.200,0.033333,0.733333,0.033333,0.033333,0.033333,0.033333,0.033333,0.033333,0.033333,3.000000,66.000000,3.000000,3.000000,3.000000,3.000000,3.000000,3.000000,3.000000,1.069675,0.111111,0.077874,1.000000,0.77873923,1.636641,0.000000,9,0.322193,-0.547211,,,90.549659,129.333333,0.700126,0.000000
73,7.300,0.033333,0.733333,0.033333,0.033333,0.033333,0.033333,0.033333,0.033333,0.033333,3.000000,66.000000,3.000000,3.000000,3.000000,3.000000,3.000000,3.000000,3.000000,1.070568,0.000000,0.000834,1.000000,0.00833659,1.636641,0.000000,9,0.322193,-0.547211,,,80.018342,129.333333,0.618699,0.000000
74,7.400,0.033333,0.733333,0.033333,0.033333,0.033333,0.033333,0.033333,0.033333,0.033333,3.000000,66.000000,3.000000,3.000000,3.000000,3.000000,3.000000,3.000000,3.000000,1.077736,0.000000,0.006652,1.000000,0.06651602,1.636641,0.000000,9,0.322193,-0.547211,,,80.027710,129.333333,0.618771,0.000000
75,7.500,0.033333,0.733333,0.033333,0.033333,0.033333,0.033333,0.033333,0.033333,0.033333,3.000000,66.000000,3.000000,3.000000,3.000000,3.000000,3.000000,3.000000,3.000000,1.080860,0.000000,0.002890,1.000000,0.02890130,1.636641,0.000000,9,0.322193,-0.547211,,,78.644337,129.333333,0.608075,0.000000
76,7.600,0.033333,0.733333,0.033333,0.033333,0.033333,0.033333,0.033333,0.033333,0.033333,3.000000,66.000000,3.000000,3.000000,3.000000,3.000000,3.000000,3.000000,3.000000,1.036947,0.111111,0.050621,1.000000,0.50621187,1.636641,0.000000,8,0.251809,-0.899226,,,83.376807,129.333333,0.644666,0.000000
77,7.700,0.033333,0.733333,0.033333,0.033333,0.033333,0.033333,0.033333,0.033333,0.033333,3.000000,66.000000,3.000000,3.000000,3.000000,3.000000,3.000000,3.000000,3.000000,1.008946,0.000000,0.027003,1.000000,0.27003257,1.636641,0.000000,8,0.251809,-0.899226,,,75.808513,129.333333,0.586148,0.000000
78,7.800,0.033333,0.733333,0.033333,0.033333,0.033333,0.033333,0.033333,0.033333,0.033333,3.000000,66.000000,3.000000,3.000000,3.000000,3.000000,3.000000,3.000000,3.000000,1.070780,0.111111,0.067562,1.000000,0.67561708,1.636641,0.000000,9,0.322193,-0.547211,,,81.579442,129.333333,0.630769,0.000000
79,7.900,0.033333,0.733333,0.033333,0.033333,0.033333,0.033333,0.033333,0.033333,0.033333,3.000000,66.000000,3.000000,3.000000,3.000000,3.000000,3.000000,3.000000,3.000000,1.046886,0.000000,0.022315,1.000000,0.22315247,1.636641,0.000000,9,0.322193,-0.547211,,,80.110521,129.333333,0.619411,0.000000
80,8.000,0.033333,0.733333,0.033333,0.033333,0.033333,0.033333,0.033333,0.033333,0.033333,3.000000,66.000000,3.000000,3.000000,3.000000,3.000000,3.000000,3.000000,3.000000,0.995896,0.111111,0.058615,1.000000,0.58615166,1.636641,0.000000,8,0.251809,-0.899226,,,82.813661,129.333333,0.640312,0.000000
81,8.100,0.033333,0.733333,0.033333,0.033333,0.033333,0.033333,0.033333,0.033333,0.033333,3.000000,66.000000,3.000000,3.000000,3.000000,3.000000,3.000000,3.000000,3.000000,1.036957,0.000000,0.039598,1.000000,0.39597745,1.636641,0.000000,8,0.251809,-0.899226,,,78.213957,129.333333,0.604747,0.000000
82,8.200,0.033333,0.733333,0.033333,0.033333,0.033333,0.033333,0.033333,0.033333,0.033333,3.000000,66.000000,3.000000,3.000000,3.000000,3.000000,3.000000,3.000000,3.000000,0.992100,0.000000,0.043258,1.000000,0.43258178,1.636641,0.000000,8,0.251809,-0.899226,,,80.650903,129.333333,0.623589,0.000000
83,8.300,0.033333,0.733333,0.033333,0.033333,0.033333,0.033333,0.033333,0.033333,0.033333,3.000000,66.000000,3.000000,3.000000,3.000000,3.000000,3.000000,3.000000,3.000000,1.044813,0.111111,0.060343,1.000000,0.60343086,1.636641,0.000000,9,0.322193,-0.547211,,,79.904456,129.333333,0.617818,0.000000
84,8.400,0.033333,0.733333,0.033333,0.033333,0.033333,0.033333,0.033333,0.033333,0.033333,3.000000,66.000000,3.000000,3.000000,3.000000,3.000000,3.000000,3.000000,3.000000,1.004521,0.111111,0.048580,1.000000,0.48579537,1.636641,0.000000,8,0.251809,-0.899226,,,80.954026,129.333333,0.625933,0.000000
85,8.500,0.033333,0.733333,0.033333,0.033333,0.033333,0.033333,0.033333,0.033333,0.033333,3.000000,66.000000,3.000000,3.000000,3.000000,3.000000,3.000000,3.000000,3.000000,1.056605,0.111111,0.059197,1.000000,0.59197490,1.636641,0.000000,9,0.322193,-0.547211,,,82.532167,129.333333,0.638135,0.000000
86,8.600,0.033333,0.733333,0.033333,0.033333,0.033333,0.033333,0.033333,0.033333,0.033333,3.000000,66.000000,3.000000,3.000000,3.000000,3.000000,3.000000,3.000000,3.000000,1.042268,0.000000,0.013569,1.000000,0.13568696,1.636641,0.000000,9,0.322193,-0.547211,,,79.700835,129.333333,0.616244,0.000000
87,8.700,0.033333,0.733333,0.033333,0.033333,0.033333,0.033333,0.033333,0.033333,0.033333,3.000000,66.000000,3.000000,3.000000,3.000000,3.000000,3.000000,3.000000,3.000000,0.990141,0.111111,0.059909,1.000000,0.59909348,1.636641,0.000000,8,0.251809,-0.899226,,,74.924448,129.333333,0.579313,0.000000
88,8.800,0.033333,0.733333,0.033333,0.033333,0.033333,0.033333,0.033333,0.033333,0.033333,3.000000,66.000000,3.000000,3.000000,3.000000,3.000000,3.000000,3.000000,3.000000,1.025847,0.000000,0.034807,1.000000,0.34806735,1.636641,0.000000,8,0.251809,-0.899226,,,81.504543,129.333333,0.630190,0.000000
89,8.900,0.033333,0.733333,0.033333,0.033333,0.033333,0.033333,0.033333,0.033333,0.033333,3.000000,66.000000,3.000000,3.000000,3.000000,3.000000,3.000000,3.000000,3.000000,1.070490,0.111111,0.051686,1.000000,0.51685726,1.636641,0.000000,9,0.322193,-0.547211,,,85.433024,129.333333,0.660565,0.000000
90,9.000,0.033333,0.733333,0.033333,0.033333,0.033333,0.033333,0.033333,0.033333,0.033333,3.000000,66.000000,3.000000,3.000000,3.000000,3.000000,3.000000,3.000000,3.000000,1.010416,0.111111,0.065951,1.000000,0.65950992,1.636641,0.000000,8,0.251809,-0.899226,,,78.525922,129.333333,0.607159,0.000000
91,9.100,0.033333,0.733333,0.033333,0.033333,0.033333,0.033333,0.033333,0.033333,0.033333,3.000000,66.000000,3.000000,3.000000,3.000000,3.000000,3.000000,3.000000,3.000000,1.075168,0.111111,0.070015,1.000000,0.70015058,1.636641,0.000000,9,0.322193,-0.547211,,,83.828877,129.333333,0.648161,0.000000
92,9.200,0.033333,0.733333,0.033333,0.033333,0.033333,0.033333,0.033333,0.033333,0.033333,3.000000,66.000000,3.000000,3.000000,3.000000,3.000000,3.000000,3.000000,3.000000,1.004009,0.111111,0.075912,1.000000,0.75911645,1.636641,0.000000,8,0.251809,-0.899226,,,84.323951,129.333333,0.651989,0.000000
93,9.300,0.033333,0.733333,0.033333,0.033333,0.033333,0.033333,0.033333,0.033333,0.033333,3.000000,66.000000,3.000000,3.000000,3.000000,3.000000,3.000000,3.000000,3.000000,1.063003,0.111111,0.065336,1.000000,0.65335863,1.636641,0.000000,9,0.322193,-0.547211,,,85.196552,129.333333,0.658736,0.000000
94,9.400,0.033333,0.733333,0.033333,0.033333,0.033333,0.033333,0.033333,0.033333,0.033333,3.000000,66.000000,3.000000,3.000000,3.000000,3.000000,3.000000,3.000000,3.000000,1.045038,0.000000,0.016900,1.000000,0.16900249,1.636641,0.000000,9,0.322193,-0.547211,,,84.165011,129.333333,0.650760,0.000000
95,9.500,0.033333,0.733333,0.033333,0.033333,0.033333,0.033333,0.033333,0.033333,0.033333,3.000000,66.000000,3.000000,3.000000,3.000000,3.000000,3.000000,3.000000,3.000000,1.014836,0.111111,0.039016,1.000000,0.39015999,1.636641,0.000000,8,0.251809,-0.899226,,,77.170014,129.333333,0.596675,0.000000
96,9.600,0.033333,0.733333,0.033333,0.033333,0.033333,0.033333,0.033333,0.033333,0.033333,3.000000,66.000000,3.000000,3.000000,3.000000,3.000000,3.000000,3.000000,3.000000,1.072772,0.111111,0.063860,1.000000,0.63859842,1.636641,0.000000,9,0.322193,-0.547211,,,83.104382,129.333333,0.642560,0.000000
97,9.700,0.033333,0.733333,0.033333,0.033333,0.033333,0.033333,0.033333,0.033333,0.033333,3.000000,66.000000,3.000000,3.000000,3.000000,3.000000,3.000000,3.000000,3.000000,1.065952,0.000000,0.006357,1.000000,0.06357229,1.636641,0.000000,9,0.322193,-0.547211,,,84.288348,129.333333,0.651714,0.000000
98,9.800,0.033333,0.733333,0.033333,0.033333,0.033333,0.033333,0.033333,0.033333,0.033333,3.000000,66.000000,3.000000,3.000000,3.000000,3.000000,3.000000,3.000000,3.000000,1.029419,0.111111,0.044332,1.000000,0.44331780,1.636641,0.000000,8,0.251809,-0.899226,,,77.028746,129.333333,0.595583,0.000000
99,9.900,0.033333,0.733333,0.033333,0.033333,0.033333,0.033333,0.033333,0.033333,0.033333,3.000000,66.000000,3.000000,3.000000,3.000000,3.000000,3.000000,3.000000,3.000000,1.055569,0.111111,0.034932,1.000000,0.34931969,1.636641,0.000000,9,0.322193,-0.547211,,,84.271965,129.333333,0.651587,0.000000
100,10.000,0.033333,0.733333,0.033333,0.033333,0.033333,0.033333,0.033333,0.033333,0.033333,3.000000,66.000000,3.000000,3.000000,3.000000,3.000000,3.000000,3.000000,3.000000,1.027558,0.111111,0.036677,1.000000,0.36676653,1.636641,0.000000,8,0.251809,-0.899226,,,77.771828,129.333333,0.601329,0.000000
101,10.100,0.033333,0.733333,0.033333,0.033333,0.033333,0.033333,0.033333,0.033333,0.033333,3.000000,66.000000,3.000000,3.000000,3.000000,3.000000,3.000000,3.000000,3.000000,1.018930,0.000000,0.008397,1.000000,0.08396621,1.636641,0.000000,8,0.251809,-0.899226,,,76.472535,129.333333,0.591282,0.000000
102,10.200,0.033333,0.733333,0.033333,0.033333,0.033333,0.033333,0.033333,0.033333,0.033333,3.000000,66.000000,3.000000,3.000000,3.000000,3.000000,3.000000,3.000000,3.000000,0.973564,0.000000,0.044524,1.000000,0.44523541,1.636641,0.000000,8,0.251809,-0.899226,,,80.046456,129.333333,0.618916,0.000000
103,10.300,0.033333,0.733333,0.033333,0.033333,0.033333,0.033333,0.033333,0.033333,0.033333,3.000000,66.000000,3.000000,3.000000,3.000000,3.000000,3.000000,3.000000,3.000000,1.067690,0.111111,0.097657,1.000000,0.97657255,1.636641,0.000000,9,0.322193,-0.547211,,,85.987108,129.333333,0.664849,0.000000
104,10.400,0.033333,0.733333,0.033333,0.033333,0.033333,0.033333,0.033333,0.033333,0.033333,3.000000,66.000000,3.000000,3.000000,3.000000,3.000000,3.000000,3.000000,3.000000,0.989029,0.111111,0.083323,1.000000,0.83323410,1.636641,0.000000,8,0.251809,-0.899226,,,82.869757,129.333333,0.640746,0.000000
105,10.500,0.033333,0.733333,0.033333,0.033333,0.033333,0.033333,0.033333,0.033333,0.033333,3.000000,66.000000,3.000000,3.000000,3.000000,3.000000,3.000000,3.000000,3.000000,1.037565,0.000000,0.046779,1.000000,0.46779071,1.636641,0.000000,8,0.251809,-0.899226,,,79.340293,129.333333,0.613456,0.000000
106,10.600,0.033333,0.733333,0.033333,0.033333,0.033333,0.033333,0.033333,0.033333,0.033333,3.000000,66.000000,3.000000,3.000000,3.000000,3.000000,3.000000,3.000000,3.000000,0.975223,0.000000,0.060085,1.000000,0.60084849,1.636641,0.000000,8,0.251809,-0.899226,,,84.523574,129.333333,0.653533,0.000000
107,10.700,0.033333,0.733333,0.033333,0.033333,0.033333,0.033333,0.033333,0.033333,0.033333,3.000000,66.000000,3.000000,3.000000,3.000000,3.000000,3.000000,3.000000,3.000000,1.036770,0.000000,0.059363,1.000000,0.59363400,1.636641,0.000000,8,0.251809,-0.899226,,,77.960991,129.333333,0.602791,0.000000
108,10.800,0.033333,0.733333,0.033333,0.033333,0.033333,0.033333,0.033333,0.033333,0.033333,3.000000,66.000000,3.000000,3.000000,3.000000,3.000000,3.000000,3.000000,3.000000,1.050020,0.111111,0.022904,1.000000,0.22904022,1.636641,0.000000,9,0.322193,-0.547211,,,78.625523,129.333333,0.607929,0.000000
109,10.900,0.033333,0.733333,0.033333,0.033333,0.033333,0.033333,0.033333,0.033333,0.033333,3.000000,66.000000,3.000000,3.000000,3.000000,3.000000,3.000000,3.000000,3.000000,1.011423,0.111111,0.046791,1.000000,0.46791311,1.636641,0.000000,8,0.251809,-0.899226,,,81.385361,129.333333,0.629268,0.000000
110,11.000,0.033333,0.033333,0.733333,0.033333,0.033333,0.033333,0.033333,0.033333,0.033333,3.000000,3.000000,66.000000,3.000000,3.000000,3.000000,3.000000,3.000000,3.000000,0.997994,0.363636,0.387890,0.871596,3.87890081,1.636641,0.500000,10,0.128938,1.157904,,,121.802022,160.833333,0.757318,0.000000
111,11.100,0.033333,0.033333,0.733333,0.033333,0.033333,0.033333,0.033333,0.033333,0.033333,3.000000,3.000000,66.000000,3.000000,3.000000,3.000000,3.000000,3.000000,3.000000,1.013340,0.000000,0.015145,1.000000,0.15144645,1.636641,0.000000,10,0.128938,1.157904,,,105.328950,160.833333,0.654895,0.000000
112,11.200,0.033333,0.033333,0.733333,0.033333,0.033333,0.033333,0.033333,0.033333,0.033333,3.000000,3.000000,66.000000,3.000000,3.000000,3.000000,3.000000,3.000000,3.000000,1.053162,0.000000,0.037812,1.000000,0.37811839,1.636641,0.000000,10,0.128938,1.157904,,,109.799544,160.833333,0.682691,0.000000
113,11.300,0.033333,0.033333,0.733333,0.033333,0.033333,0.033333,0.033333,0.033333,0.033333,3.000000,3.000000,66.000000,3.000000,3.000000,3.000000,3.000000,3.000000,3.000000,1.009968,0.000000,0.041014,1.000000,0.41013765,1.636641,0.000000,10,0.128938,1.157904,,,104.470902,160.833333,0.649560,0.000000
114,11.400,0.033333,0.033333,0.733333,0.033333,0.033333,0.033333,0.033333,0.033333,0.033333,3.000000,3.000000,66.000000,3.000000,3.000000,3.000000,3.000000,3.000000,3.000000,1.030797,0.000000,0.020207,1.000000,0.20206680,1.636641,0.000000,10,0.128938,1.157904,,,103.058241,160.833333,0.640777,0.000000
115,11.500,0.033333,0.033333,0.733333,0.033333,0.033333,0.033333,0.033333,0.033333,0.033333,3.000000,3.000000,66.000000,3.000000,3.000000,3.000000,3.000000,3.000000,3.000000,1.034911,0.000000,0.003975,1.000000,0.03974779,1.636641,0.000000,10,0.128938,1.157904,,,104.081379,160.833333,0.647138,0.000000
116,11.600,0.033333,0.033333,0.733333,0.033333,0.033333,0.033333,0.033333,0.033333,0.033333,3.000000,3.000000,66.000000,3.000000,3.000000,3.000000,3.000000,3.000000,3.000000,1.030738,0.000000,0.004032,1.000000,0.04032075,1.636641,0.000000,10,0.128938,1.157904,,,106.410488,160.833333,0.661620,0.000000
117,11.700,0.033333,0.033333,0.733333,0.033333,0.033333,0.033333,0.033333,0.033333,0.033333,3.000000,3.000000,66.000000,3.000000,3.000000,3.000000,3.000000,3.000000,3.000000,1.047890,0.000000,0.016369,1.000000,0.16368536,1.636641,0.000000,10,0.128938,1.157904,,,107.631951,160.833333,0.669214,0.000000
118,11.800,0.033333,0.033333,0.733333,0.033333,0.033333,0.033333,0.033333,0.033333,0.033333,3.000000,3.000000,66.000000,3.000000,3.000000,3.000000,3.000000,3.000000,3.000000,1.025118,0.000000,0.021732,1.000000,0.21732056,1.636641,0.000000,10,0.128938,1.157904,,,107.367606,160.833333,0.667571,0.000000
119,11.900,0.033333,0.033333,0.733333,0.033333,0.033333,0.033333,0.033333,0.033333,0.033333,3.000000,3.000000,66.000000,3.000000,3.000000,3.000000,3.000000,3.000000,3.000000,0.958886,0.000000,0.064609,1.000000,0.64608754,1.636641,0.000000,10,0.128938,1.157904,,,104.232848,160.833333,0.648080,0.000000
120,12.000,0.033333,0.033333,0.733333,0.033333,0.033333,0.033333,0.033333,0.033333,0.033333,3.000000,3.000000,66.000000,3.000000,3.000000,3.000000,3.000000,3.000000,3.000000,0.973328,0.000000,0.014838,1.000000,0.14837618,1.636641,0.000000,10,0.128938,1.157904,,,101.539062,160.833333,0.631331,0.000000
121,12.100,0.033333,0.033333,0.733333,0.033333,0.033333,0.033333,0.033333,0.033333,0.033333,3.000000,3.000000,66.000000,3.000000,3.000000,3.000000,3.000000,3.000000,3.000000,0.996901,0.000000,0.023646,1.000000,0.23646459,1.636641,0.000000,10,0.128938,1.157904,,,101.550775,160.833333,0.631404,0.000000
122,12.200,0.033333,0.033333,0.733333,0.033333,0.033333,0.033333,0.033333,0.033333,0.033333,3.000000,3.000000,66.000000,3.000000,3.000000,3.000000,3.000000,3.000000,3.000000,1.003804,0.000000,0.006876,1.000000,0.06876425,1.636641,0.000000,10,0.128938,1.157904,,,100.728083,160.833333,0.626289,0.000000
123,12.300,0.033333,0.033333,0.733333,0.033333,0.033333,0.033333,0.033333,0.033333,0.033333,3.000000,3.000000,66.000000,3.000000,3.000000,3.000000,3.000000,3.000000,3.000000,0.983465,0.000000,0.020262,1.000000,0.20261675,1.636641,0.000000,10,0.128938,1.157904,,,103.568729,160.833333,0.643951,0.000000
124,12.400,0.033333,0.033333,0.733333,0.033333,0.033333,0.033333,0.033333,0.033333,0.033333,3.000000,3.000000,66.000000,3.000000,3.000000,3.000000,3.000000,3.000000,3.000000,1.011252,0.000000,0.027477,1.000000,0.27477457,1.636641,0.000000,10,0.128938,1.157904,,,109.294244,160.833333,0.679550,0.000000
125,12.500,0.033333,0.033333,0.733333,0.033333,0.033333,0.033333,0.033333,0.033333,0.033333,3.000000,3.000000,66.000000,3.000000,3.000000,3.000000,3.000000,3.000000,3.000000,1.004806,0.000000,0.006374,1.000000,0.06373925,1.636641,0.000000,10,0.128938,1.157904,,,105.608359,160.833333,0.656632,0.000000
126,12.600,0.033333,0.033333,0.733333,0.033333,0.033333,0.033333,0.033333,0.033333,0.033333,3.000000,3.000000,66.000000,3.000000,3.000000,3.000000,3.000000,3.000000,3.000000,0.972210,0.000000,0.032441,1.000000,0.32440501,1.636641,0.000000,10,0.128938,1.157904,,,105.019717,160.833333,0.652972,0.000000
127,12.700,0.033333,0.033333,0.733333,0.033333,0.033333,0.033333,0.033333,0.033333,0.033333,3.000000,3.000000,66.000000,3.000000,3.000000,3.000000,3.000000,3.000000,3.000000,0.966185,0.000000,0.006197,1.000000,0.06196596,1.636641,0.000000,10,0.128938,1.157904,,,105.985662,160.833333,0.658978,0.000000
128,12.800,0.033333,0.033333,0.733333,0.033333,0.033333,0.033333,0.033333,0.033333,0.033333,3.000000,3.000000,66.000000,3.000000,3.000000,3.000000,3.000000,3.000000,3.000000,0.948515,0.000000,0.018288,1.000000,0.18288407,1.636641,0.000000,10,0.128938,1.157904,,,103.283896,160.833333,0.642180,0.000000
129,12.900,0.033333,0.033333,0.733333,0.033333,0.033333,0.033333,0.033333,0.033333,0.033333,3.000000,3.000000,66.000000,3.000000,3.000000,3.000000,3.000000,3.000000,3.000000,1.023364,0.000000,0.073140,1.000000,0.73139644,1.636641,0.000000,10,0.128938,1.157904,,,107.652589,160.833333,0.669343,0.000000
130,13.000,0.033333,0.033333,0.733333,0.033333,0.033333,0.033333,0.033333,0.033333,0.033333,3.000000,3.000000,66.000000,3.000000,3.000000,3.000000,3.000000,3.000000,3.000000,0.949346,0.000000,0.072328,1.000000,0.72327776,1.636641,0.000000,10,0.128938,1.157904,,,105.745891,160.833333,0.657487,0.000000
131,13.100,0.033333,0.033333,0.733333,0.033333,0.033333,0.033333,0.033333,0.033333,0.033333,3.000000,3.000000,66.000000,3.000000,3.000000,3.000000,3.000000,3.000000,3.000000,0.985323,0.000000,0.036513,1.000000,0.36512889,1.636641,0.000000,10,0.128938,1.157904,,,104.132811,160.833333,0.647458,0.000000
132,13.200,0.033333,0.033333,0.733333,0.033333,0.033333,0.033333,0.033333,0.033333,0.033333,3.000000,3.000000,66.000000,3.000000,3.000000,3.000000,3.000000,3.000000,3.000000,1.009098,0.000000,0.023561,1.000000,0.23560538,1.636641,0.000000,10,0.128938,1.157904,,,105.706433,160.833333,0.657242,0.000000
133,13.300,0.033333,0.033333,0.733333,0.033333,0.033333,0.033333,0.033333,0.033333,0.033333,3.000000,3.000000,66.000000,3.000000,3.000000,3.000000,3.000000,3.000000,3.000000,0.978626,0.000000,0.030197,1.000000,0.30196992,1.636641,0.000000,10,0.128938,1.157904,,,102.727253,160.833333,0.638719,0.000000
134,13.400,0.033333,0.033333,0.733333,0.033333,0.033333,0.033333,0.033333,0.033333,0.033333,3.000000,3.000000,66.000000,3.000000,3.000000,3.000000,3.000000,3.000000,3.000000,0.963469,0.000000,0.015488,1.000000,0.15487698,1.636641,0.000000,10,0.128938,1.157904,,,102.568518,160.833333,0.637732,0.000000
135,13.500,0.033333,0.033333,0.733333,0.033333,0.033333,0.033333,0.033333,0.033333,0.033333,3.000000,3.000000,66.000000,3.000000,3.000000,3.000000,3.000000,3.000000,3.000000,1.007004,0.000000,0.043232,1.000000,0.43232162,1.636641,0.000000,10,0.128938,1.157904,,,109.707556,160.833333,0.682120,0.000000
136,13.600,0.033333,0.033333,0.733333,0.033333,0.033333,0.033333,0.033333,0.033333,0.033333,3.000000,3.000000,66.000000,3.000000,3.000000,3.000000,3.000000,3.000000,3.000000,0.924578,0.000000,0.081853,1.000000,0.81853380,1.636641,0.000000,10,0.128938,1.157904,,,104.189894,160.833333,0.647813,0.000000
137,13.700,0.033333,0.033333,0.733333,0.033333,0.033333,0.033333,0.033333,0.033333,0.033333,3.000000,3.000000,66.000000,3.000000,3.000000,3.000000,3.000000,3.000000,3.000000,0.955375,0.000000,0.032236,1.000000,0.32236111,1.636641,0.000000,10,0.128938,1.157904,,,106.173848,160.833333,0.660148,0.000000
138,13.800,0.033333,0.033333,0.733333,0.033333,0.033333,0.033333,0.033333,0.033333,0.033333,3.000000,3.000000,66.000000,3.000000,3.000000,3.000000,3.000000,3.000000,3.000000,0.959570,0.000000,0.004372,1.000000,0.04371681,1.636641,0.000000,10,0.128938,1.157904,,,99.071329,160.833333,0.615988,0.000000
139,13.900,0.033333,0.033333,0.733333,0.033333,0.033333,0.033333,0.033333,0.033333,0.033333,3.000000,3.000000,66.000000,3.000000,3.000000,3.000000,3.000000,3.000000,3.000000,1.001303,0.000000,0.041679,1.000000,0.41678553,1.636641,0.000000,10,0.128938,1.157904,,,110.638370,160.833333,0.687907,0.000000
140,14.000,0.033333,0.033333,0.733333,0.033333,0.033333,0.033333,0.033333,0.033333,0.033333,3.000000,3.000000,66.000000,3.000000,3.000000,3.000000,3.000000,3.000000,3.000000,0.912735,0.000000,0.088453,1.000000,0.88453260,1.636641,0.000000,10,0.128938,1.157904,,,105.208210,160.833333,0.654144,0.000000
141,14.100,0.033333,0.033333,0.733333,0.033333,0.033333,0.033333,0.033333,0.033333,0.033333,3.000000,3.000000,66.000000,3.000000,3.000000,3.000000,3.000000,3.000000,3.000000,0.989392,0.000000,0.077479,1.000000,0.77479289,1.636641,0.000000,10,0.128938,1.157904,,,113.948393,160.833333,0.708487,0.000000
142,14.200,0.033333,0.033333,0.733333,0.033333,0.033333,0.033333,0.033333,0.033333,0.033333,3.000000,3.000000,66.000000,3.000000,3.000000,3.000000,3.000000,3.000000,3.000000,0.928980,0.000000,0.061060,1.000000,0.61060053,1.636641,0.000000,10,0.128938,1.157904,,,110.107665,160.833333,0.684607,0.000000
143,14.300,0.033333,0.033333,0.733333,0.033333,0.033333,0.033333,0.033333,0.033333,0.033333,3.000000,3.000000,66.000000,3.000000,3.000000,3.000000,3.000000,3.000000,3.000000,0.997724,0.000000,0.068901,1.000000,0.68901289,1.636641,0.000000,10,0.128938,1.157904,,,113.042856,160.833333,0.702857,0.000000
144,14.400,0.033333,0.033333,0.733333,0.033333,0.033333,0.033333,0.033333,0.033333,0.033333,3.000000,3.000000,66.000000,3.000000,3.000000,3.000000,3.000000,3.000000,3.000000,0.920911,0.000000,0.076988,1.000000,0.76987899,1.636641,0.000000,10,0.128938,1.157904,,,104.135683,160.833333,0.647476,0.000000
145,14.500,0.033333,0.033333,0.733333,0.033333,0.033333,0.033333,0.033333,0.033333,0.033333,3.000000,3.000000,66.000000,3.000000,3.000000,3.000000,3.000000,3.000000,3.000000,0.951634,0.000000,0.032284,1.000000,0.32284010,1.636641,0.000000,10,0.128938,1.157904,,,112.342601,160.833333,0.698503,0.000000
146,14.600,0.033333,0.033333,0.733333,0.033333,0.033333,0.033333,0.033333,0.033333,0.033333,3.000000,3.000000,66.000000,3.000000,3.000000,3.000000,3.000000,3.000000,3.000000,0.901242,0.000000,0.052953,1.000000,0.52953038,1.636641,0.000000,10,0.128938,1.157904,,,102.250059,160.833333,0.635752,0.000000
147,14.700,0.033333,0.033333,0.733333,0.033333,0.033333,0.033333,0.033333,0.033333,0.033333,3.000000,3.000000,66.000000,3.000000,3.000000,3.000000,3.000000,3.000000,3.000000,0.983810,0.000000,0.083927,1.000000,0.83927104,1.636641,0.000000,10,0.128938,1.157904,,,107.846475,160.833333,0.670548,0.000000
148,14.800,0.033333,0.033333,0.733333,0.033333,0.033333,0.033333,0.033333,0.033333,0.033333,3.000000,3.000000,66.000000,3.000000,3.000000,3.000000,3.000000,3.000000,3.000000,0.984983,0.000000,0.001191,1.000000,0.01190566,1.636641,0.000000,10,0.128938,1.157904,,,105.318475,160.833333,0.654830,0.000000
149,14.900,0.033333,0.033333,0.733333,0.033333,0.033333,0.033333,0.033333,0.033333,0.033333,3.000000,3.000000,66.000000,3.000000,3.000000,3.000000,3.000000,3.000000,3.000000,0.925942,0.000000,0.059942,1.000000,0.59941637,1.636641,0.000000,10,0.128938,1.157904,,,102.527972,160.833333,0.637480,0.000000
150,15.000,0.033333,0.033333,0.733333,0.033333,0.033333,0.033333,0.033333,0.033333,0.033333,3.000000,3.000000,66.000000,3.000000,3.000000,3.000000,3.000000,3.000000,3.000000,0.981197,0.000000,0.056314,1.000000,0.56314481,1.636641,0.000000,10,0.128938,1.157904,,,101.939905,160.833333,0.633823,0.000000
151,15.100,0.033333,0.033333,0.733333,0.033333,0.033333,0.033333,0.033333,0.033333,0.033333,3.000000,3.000000,66.000000,3.000000,3.000000,3.000000,3.000000,3.000000,3.000000,0.934301,0.000000,0.047795,1.000000,0.47794561,1.636641,0.000000,10,0.128938,1.157904,,,101.529706,160.833333,0.631273,0.000000
152,15.200,0.033333,0.033333,0.733333,0.033333,0.033333,0.033333,0.033333,0.033333,0.033333,3.000000,3.000000,66.000000,3.000000,3.000000,3.000000,3.000000,3.000000,3.000000,0.930400,0.000000,0.004176,1.000000,0.04175556,1.636641,0.000000,10,0.128938,1.157904,,,108.306496,160.833333,0.673408,0.000000
153,15.300,0.033333,0.033333,0.733333,0.033333,0.033333,0.033333,0.033333,0.033333,0.033333,3.000000,3.000000,66.000000,3.000000,3.000000,3.000000,3.000000,3.000000,3.000000,0.974400,0.000000,0.045156,1.000000,0.45155805,1.636641,0.000000,10,0.128938,1.157904,,,105.520998,160.833333,0.656089,0.000000
154,15.400,0.033333,0.033333,0.733333,0.033333,0.033333,0.033333,0.033333,0.033333,0.033333,3.000000,3.000000,66.000000,3.000000,3.000000,3.000000,3.000000,3.000000,3.000000,0.877844,0.000000,0.099093,1.000000,0.99093031,1.636641,0.000000,10,0.128938,1.157904,,,101.862822,160.833333,0.633344,0.000000
155,15.500,0.033333,0.033333,0.733333,0.033333,0.033333,0.033333,0.033333,0.033333,0.033333,3.000000,3.000000,66.000000,3.000000,3.000000,3.000000,3.000000,3.000000,3.000000,0.874747,0.000000,0.003527,1.000000,0.03527260,1.636641,0.000000,10,0.128938,1.157904,,,99.684808,160.833333,0.619802,0.000000
156,15.600,0.033333,0.033333,0.733333,0.033333,0.033333,0.033333,0.033333,0.033333,0.033333,3.000000,3.000000,66.000000,3.000000,3.000000,3.000000,3.000000,3.000000,3.000000,0.963827,0.000000,0.092423,1.000000,0.92422822,1.636641,0.000000,10,0.128938,1.157904,,,100.423783,160.833333,0.624397,0.000000
157,15.700,0.033333,0.033333,0.733333,0.033333,0.033333,0.033333,0.033333,0.033333,0.033333,3.000000,3.000000,66.000000,3.000000,3.000000,3.000000,3.000000,3.000000,3.000000,0.957795,0.000000,0.006259,1.000000,0.06258579,1.636641,0.000000,10,0.128938,1.157904,,,104.924185,160.833333,0.652378,0.000000
158,15.800,0.033333,0.033333,0.733333,0.033333,0.033333,0.033333,0.033333,0.033333,0.033333,3.000000,3.000000,66.000000,3.000000,3.000000,3.000000,3.000000,3.000000,3.000000,0.958664,0.000000,0.000906,1.000000,0.00906346,1.636641,0.000000,10,0.128938,1.157904,,,100.876048,160.833333,0.627209,0.000000
159,15.900,0.033333,0.033333,0.733333,0.033333,0.033333,0.033333,0.033333,0.033333,0.033333,3.000000,3.000000,66.000000,3.000000,3.000000,3.000000,3.000000,3.000000,3.000000,0.948651,0.000000,0.010444,1.000000,0.10444064,1.636641,0.000000,10,0.128938,1.157904,,,107.845348,160.833333,0.670541,0.000000
160,16.000,0.033333,0.033333,0.733333,0.033333,0.033333,0.033333,0.033333,0.033333,0.033333,3.000000,3.000000,66.000000,3.000000,3.000000,3.000000,3.000000,3.000000,3.000000,0.870137,0.000000,0.082764,1.000000,0.82763706,1.636641,0.000000,10,0.128938,1.157904,,,100.272328,160.833333,0.623455,0.000000
161,16.100,0.033333,0.033333,0.733333,0.033333,0.033333,0.033333,0.033333,0.033333,0.033333,3.000000,3.000000,66.000000,3.000000,3.000000,3.000000,3.000000,3.000000,3.000000,0.893055,0.000000,0.025662,1.000000,0.25662488,1.636641,0.000000,10,0.128938,1.157904,,,101.742853,160.833333,0.632598,0.000000
162,16.200,0.033333,0.033333,0.733333,0.033333,0.033333,0.033333,0.033333,0.033333,0.033333,3.000000,3.000000,66.000000,3.000000,3.000000,3.000000,3.000000,3.000000,3.000000,0.877307,0.000000,0.017634,1.000000,0.17634087,1.636641,0.000000,10,0.128938,1.157904,,,101.042343,160.833333,0.628243,0.000000
163,16.300,0.033333,0.033333,0.733333,0.033333,0.033333,0.033333,0.033333,0.033333,0.033333,3.000000,3.000000,66.000000,3.000000,3.000000,3.000000,3.000000,3.000000,3.000000,0.933654,0.000000,0.060350,1.000000,0.60350468,1.636641,0.000000,10,0.128938,1.157904,,,106.835806,160.833333,0.664264,0.000000
164,16.400,0.033333,0.033333,0.733333,0.033333,0.033333,0.033333,0.033333,0.033333,0.033333,3.000000,3.000000,66.000000,3.000000,3.000000,3.000000,3.000000,3.000000,3.000000,0.898137,0.000000,0.038041,1.000000,0.38040873,1.636641,0.000000,10,0.128938,1.157904,,,100.887331,160.833333,0.627279,0.000000
165,16.500,0.033333,0.033333,0.033333,0.733333,0.033333,0.033333,0.033333,0.033333,0.033333,3.000000,3.000000,3.000000,66.000000,3.000000,3.000000,3.000000,3.000000,3.000000,0.864928,0.500000,0.766623,0.185407,7.66622861,1.636641,0.800000,8,0.312534,0.351457,,,79.239800,97.833333,0.809947,0.000000
166,16.600,0.033333,0.033333,0.033333,0.733333,0.033333,0.033333,0.033333,0.033333,0.033333,3.000000,3.000000,3.000000,66.000000,3.000000,3.000000,3.000000,3.000000,3.000000,0.868928,0.000000,0.004604,1.000000,0.04603605,1.636641,0.000000,8,0.312534,0.351457,,,50.684661,97.833333,0.518071,0.000000
167,16.700,0.033333,0.033333,0.033333,0.733333,0.033333,0.033333,0.033333,0.033333,0.033333,3.000000,3.000000,3.000000,66.000000,3.000000,3.000000,3.000000,3.000000,3.000000,0.918131,0.000000,0.053590,1.000000,0.53590341,1.636641,0.000000,8,0.312534,0.351457,,,50.291087,97.833333,0.514049,0.000000
168,16.800,0.033333,0.033333,0.033333,0.733333,0.033333,0.033333,0.033333,0.033333,0.033333,3.000000,3.000000,3.000000,66.000000,3.000000,3.000000,3.000000,3.000000,3.000000,0.850339,0.000000,0.073837,1.000000,0.73837270,1.636641,0.000000,8,0.312534,0.351457,,,47.503137,97.833333,0.485552,0.000000
169,16.900,0.033333,0.033333,0.033333,0.733333,0.033333,0.033333,0.033333,0.033333,0.033333,3.000000,3.000000,3.000000,66.000000,3.000000,3.000000,3.000000,3.000000,3.000000,0.850702,0.000000,0.000427,1.000000,0.00427359,1.636641,0.000000,8,0.312534,0.351457,,,46.166074,97.833333,0.471885,0.000000
170,17.000,0.033333,0.033333,0.033333,0.733333,0.033333,0.033333,0.033333,0.033333,0.033333,3.000000,3.000000,3.000000,66.000000,3.000000,3.000000,3.000000,3.000000,3.000000,0.906878,0.000000,0.061944,1.000000,0.61943517,1.636641,0.000000,8,0.312534,0.351457,,,54.077258,97.833333,0.552749,0.000000
171,17.100,0.033333,0.033333,0.033333,0.733333,0.033333,0.033333,0.033333,0.033333,0.033333,3.000000,3.000000,3.000000,66.000000,3.000000,3.000000,3.000000,3.000000,3.000000,0.891780,0.000000,0.016648,1.000000,0.16647953,1.636641,0.000000,8,0.312534,0.351457,,,52.524102,97.833333,0.536873,0.000000
172,17.200,0.033333,0.033333,0.033333,0.733333,0.033333,0.033333,0.033333,0.033333,0.033333,3.000000,3.000000,3.000000,66.000000,3.000000,3.000000,3.000000,3.000000,3.000000,0.872303,0.000000,0.021841,1.000000,0.21840871,1.636641,0.000000,8,0.312534,0.351457,,,49.348962,97.833333,0.504419,0.000000
173,17.300,0.033333,0.033333,0.033333,0.733333,0.033333,0.033333,0.033333,0.033333,0.033333,3.000000,3.000000,3.000000,66.000000,3.000000,3.000000,3.000000,3.000000,3.000000,0.893786,0.000000,0.024036,1.000000,0.24036022,1.636641,0.000000,8,0.312534,0.351457,,,49.823365,97.833333,0.509268,0.000000
174,17.400,0.033333,0.033333,0.033333,0.733333,0.033333,0.033333,0.033333,0.033333,0.033333,3.000000,3.000000,3.000000,66.000000,3.000000,3.000000,3.000000,3.000000,3.000000,0.834925,0.000000,0.065856,1.000000,0.65856086,1.636641,0.000000,8,0.312534,0.351457,,,47.047956,97.833333,0.480899,0.000000
175,17.500,0.033333,0.033333,0.033333,0.733333,0.033333,0.033333,0.033333,0.033333,0.033333,3.000000,3.000000,3.000000,66.000000,3.000000,3.000000,3.000000,3.000000,3.000000,0.832985,0.000000,0.002323,1.000000,0.02323409,1.636641,0.000000,8,0.312534,0.351457,,,48.947492,97.833333,0.500315,0.000000
176,17.600,0.033333,0.033333,0.033333,0.733333,0.033333,0.033333,0.033333,0.033333,0.033333,3.000000,3.000000,3.000000,66.000000,3.000000,3.000000,3.000000,3.000000,3.000000,0.909134,0.000000,0.083760,1.000000,0.83759938,1.636641,0.000000,8,0.312534,0.351457,,,53.014907,97.833333,0.541890,0.000000
177,17.700,0.033333,0.033333,0.033333,0.733333,0.033333,0.033333,0.033333,0.033333,0.033333,3.000000,3.000000,3.000000,66.000000,3.000000,3.000000,3.000000,3.000000,3.000000,0.911578,0.000000,0.002682,1.000000,0.02681817,1.636641,0.000000,8,0.312534,0.351457,,,55.090971,97.833333,0.563110,0.000000
178,17.800,0.033333,0.033333,0.033333,0.733333,0.033333,0.033333,0.033333,0.033333,0.033333,3.000000,3.000000,3.000000,66.000000,3.000000,3.000000,3.000000,3.000000,3.000000,0.887693,0.000000,0.026202,1.000000,0.26202349,1.636641,0.000000,8,0.312534,0.351457,,,48.091138,97.833333,0.491562,0.000000
179,17.900,0.033333,0.033333,0.033333,0.733333,0.033333,0.033333,0.033333,0.033333,0.033333,3.000000,3.000000,3.000000,66.000000,3.000000,3.000000,3.000000,3.000000,3.000000,0.883273,0.000000,0.004979,1.000000,0.04978739,1.636641,0.000000,8,0.312534,0.351457,,,48.830776,97.833333,0.499122,0.000000
180,18.000,0.033333,0.033333,0.033333,0.733333,0.033333,0.033333,0.033333,0.033333,0.033333,3.000000,3.000000,3.000000,66.000000,3.000000,3.000000,3.000000,3.000000,3.000000,0.864914,0.000000,0.020785,1.000000,0.20785487,1.636641,0.000000,8,0.312534,0.351457,,,50.702465,97.833333,0.518253,0.000000
181,18.100,0.033333,0.033333,0.033333,0.733333,0.033333,0.033333,0.033333,0.033333,0.033333,3.000000,3.000000,3.000000,66.000000,3.000000,3.000000,3.000000,3.000000,3.000000,0.906259,0.000000,0.045621,1.000000,0.45621161,1.636641,0.000000,8,0.312534,0.351457,,,52.597316,97.833333,0.537622,0.000000
182,18.200,0.033333,0.033333,0.033333,0.733333,0.033333,0.033333,0.033333,0.033333,0.033333,3.000000,3.000000,3.000000,66.000000,3.000000,3.000000,3.000000,3.000000,3.000000,0.816259,0.000000,0.099309,1.000000,0.99309462,1.636641,0.000000,8,0.312534,0.351457,,,52.809825,97.833333,0.539794,0.000000
183,18.300,0.033333,0.033333,0.033333,0.733333,0.033333,0.033333,0.033333,0.033333,0.033333,3.000000,3.000000,3.000000,66.000000,3.000000,3.000000,3.000000,3.000000,3.000000,0.811180,0.000000,0.006222,1.000000,0.06221532,1.636641,0.000000,8,0.312534,0.351457,,,48.419151,97.833333,0.494915,0.000000
184,18.400,0.033333,0.033333,0.033333,0.733333,0.033333,0.033333,0.033333,0.033333,0.033333,3.000000,3.000000,3.000000,66.000000,3.000000,3.000000,3.000000,3.000000,3.000000,0.851916,0.000000,0.047817,1.000000,0.47816661,1.636641,0.000000,8,0.312534,0.351457,,,55.402985,97.833333,0.566300,0.000000
185,18.500,0.033333,0.033333,0.033333,0.733333,0.033333,0.033333,0.033333,0.033333,0.033333,3.000000,3.000000,3.000000,66.000000,3.000000,3.000000,3.000000,3.000000,3.000000,0.806352,0.000000,0.053484,1.000000,0.53483588,1.636641,0.000000,8,0.312534,0.351457,,,46.730437,97.833333,0.477654,0.000000
186,18.600,0.033333,0.033333,0.033333,0.733333,0.033333,0.033333,0.033333,0.033333,0.033333,3.000000,3.000000,3.000000,66.000000,3.000000,3.000000,3.000000,3.000000,3.000000,0.800554,0.000000,0.007191,1.000000,0.07191386,1.636641,0.000000,8,0.312534,0.351457,,,47.663323,97.833333,0.487189,0.000000
187,18.700,0.033333,0.033333,0.033333,0.733333,0.033333,0.033333,0.033333,0.033333,0.033333,3.000000,3.000000,3.000000,66.000000,3.000000,3.000000,3.000000,3.000000,3.000000,0.823542,0.000000,0.027914,1.000000,0.27913676,1.636641,0.000000,8,0.312534,0.351457,,,47.561386,97.833333,0.486147,0.000000
188,18.800,0.033333,0.033333,0.033333,0.733333,0.033333,0.033333,0.033333,0.033333,0.033333,3.000000,3.000000,3.000000,66.000000,3.000000,3.000000,3.000000,3.000000,3.000000,0.834520,0.000000,0.013156,1.000000,0.13155576,1.636641,0.000000,8,0.312534,0.351457,,,51.925954,97.833333,0.530759,0.000000
189,18.900,0.033333,0.033333,0.033333,0.733333,0.033333,0.033333,0.033333,0.033333,0.033333,3.000000,3.000000,3.000000,66.000000,3.000000,3.000000,3.000000,3.000000,3.000000,0.813639,0.000000,0.025022,1.000000,0.25022190,1.636641,0.000000,8,0.312534,0.351457,,,50.463742,97.833333,0.515813,0.000000
190,19.000,0.033333,0.033333,0.033333,0.733333,0.033333,0.033333,0.033333,0.033333,0.033333,3.000000,3.000000,3.000000,66.000000,3.000000,3.000000,3.000000,3.000000,3.000000,0.806318,0.000000,0.008998,1.000000,0.08997867,1.636641,0.000000,8,0.312534,0.351457,,,50.108666,97.833333,0.512184,0.000000
191,19.100,0.033333,0.033333,0.033333,0.733333,0.033333,0.033333,0.033333,0.033333,0.033333,3.000000,3.000000,3.000000,66.000000,3.000000,3.000000,3.000000,3.000000,3.000000,0.826303,0.000000,0.024187,1.000000,0.24186813,1.636641,0.000000,8,0.312534,0.351457,,,53.081579,97.833333,0.542572,0.000000
192,19.200,0.033333,0.033333,0.033333,0.733333,0.033333,0.033333,0.033333,0.033333,0.033333,3.000000,3.000000,3.000000,66.000000,3.000000,3.000000,3.000000,3.000000,3.000000,0.843151,0.000000,0.019982,1.000000,0.19981796,1.636641,0.000000,8,0.312534,0.351457,,,51.239578,97.833333,0.523744,0.000000
193,19.300,0.033333,0.033333,0.033333,0.733333,0.033333,0.033333,0.033333,0.033333,0.033333,3.000000,3.000000,3.000000,66.000000,3.000000,3.000000,3.000000,3.000000,3.000000,0.844913,0.000000,0.002085,1.000000,0.02085491,1.636641,0.000000,8,0.312534,0.351457,,,50.809167,97.833333,0.519344,0.000000
194,19.400,0.033333,0.033333,0.033333,0.733333,0.033333,0.033333,0.033333,0.033333,0.033333,3.000000,3.000000,3.000000,66.000000,3.000000,3.000000,3.000000,3.000000,3.000000,0.771782,0.000000,0.086555,1.000000,0.86554755,1.636641,0.000000,8,0.312534,0.351457,,,54.449421,97.833333,0.556553,0.000000
195,19.500,0.033333,0.033333,0.033333,0.733333,0.033333,0.033333,0.033333,0.033333,0.033333,3.000000,3.000000,3.000000,66.000000,3.000000,3.000000,3.000000,3.000000,3.000000,0.806234,0.000000,0.042732,1.000000,0.42731951,1.636641,0.000000,8,0.312534,0.351457,,,49.913528,97.833333,0.510189,0.000000
196,19.600,0.033333,0.033333,0.033333,0.733333,0.033333,0.033333,0.033333,0.033333,0.033333,3.000000,3.000000,3.000000,66.000000,3.000000,3.000000,3.000000,3.000000,3.000000,0.844366,0.000000,0.045161,1.000000,0.45161136,1.636641,0.000000,8,0.312534,0.351457,,,48.844544,97.833333,0.499263,0.000000
197,19.700,0.033333,0.033333,0.033333,0.733333,0.033333,0.033333,0.033333,0.033333,0.033333,3.000000,3.000000,3.000000,66.000000,3.000000,3.000000,3.000000,3.000000,3.000000,0.781772,0.000000,0.074132,1.000000,0.74132042,1.636641,0.000000,8,0.312534,0.351457,,,50.285537,97.833333,0.513992,0.000000
198,19.800,0.033333,0.033333,0.033333,0.733333,0.033333,0.033333,0.033333,0.033333,0.033333,3.000000,3.000000,3.000000,66.000000,3.000000,3.000000,3.000000,3.000000,3.000000,0.774728,0.000000,0.009011,1.000000,0.09010666,1.636641,0.000000,8,0.312534,0.351457,,,44.316768,97.833333,0.452982,0.000000
199,19.900,0.033333,0.033333,0.033333,0.733333,0.033333,0.033333,0.033333,0.033333,0.033333,3.000000,3.000000,3.000000,66.000000,3.000000,3.000000,3.000000,3.000000,3.000000,0.777072,0.000000,0.003017,1.000000,0.03017067,1.636641,0.000000,8,0.312534,0.351457,,,45.523491,97.833333,0.465317,0.000000
200,20.000,0.033333,0.033333,0.033333,0.733333,0.033333,0.033333,0.033333,0.033333,0.033333,3.000000,3.000000,3.000000,66.000000,3.000000,3.000000,3.000000,3.000000,3.000000,0.791387,0.000000,0.018089,1.000000,0.18088753,1.636641,0.000000,8,0.312534,0.351457,,,46.384362,97.833333,0.474116,0.000000
201,20.100,0.033333,0.033333,0.033333,0.733333,0.033333,0.033333,0.033333,0.033333,0.033333,3.000000,3.000000,3.000000,66.000000,3.000000,3.000000,3.000000,3.000000,3.000000,0.835859,0.000000,0.053205,1.000000,0.53204953,1.636641,0.000000,8,0.312534,0.351457,,,48.764951,97.833333,0.498449,0.000000
202,20.200,0.033333,0.033333,0.033333,0.733333,0.033333,0.033333,0.033333,0.033333,0.033333,3.000000,3.000000,3.000000,66.000000,3.000000,3.000000,3.000000,3.000000,3.000000,0.805379,0.000000,0.036466,1.000000,0.36465935,1.636641,0.000000,8,0.312534,0.351457,,,48.089975,97.833333,0.491550,0.000000
203,20.300,0.033333,0.033333,0.033333,0.733333,0.033333,0.033333,0.033333,0.033333,0.033333,3.000000,3.000000,3.000000,66.000000,3.000000,3.000000,3.000000,3.000000,3.000000,0.770639,0.000000,0.043135,1.000000,0.43134815,1.636641,0.000000,8,0.312534,0.351457,,,52.693129,97.833333,0.538601,0.000000
204,20.400,0.033333,0.033333,0.033333,0.733333,0.033333,0.033333,0.033333,0.033333,0.033333,3.000000,3.000000,3.000000,66.000000,3.000000,3.000000,3.000000,3.000000,3.000000,0.779152,0.000000,0.010927,1.000000,0.10926874,1.636641,0.000000,8,0.312534,0.351457,,,48.896606,97.833333,0.499795,0.000000
205,20.500,0.033333,0.033333,0.033333,0.733333,0.033333,0.033333,0.033333,0.033333,0.033333,3.000000,3.000000,3.000000,66.000000,3.000000,3.000000,3.000000,3.000000,3.000000,0.809974,0.000000,0.038053,1.000000,0.38052827,1.636641,0.000000,8,0.312534,0.351457,,,47.171656,97.833333,0.482163,0.000000
206,20.600,0.033333,0.033333,0.033333,0.733333,0.033333,0.033333,0.033333,0.033333,0.033333,3.000000,3.000000,3.000000,66.000000,3.000000,3.000000,3.000000,3.000000,3.000000,0.761074,0.000000,0.060373,1.000000,0.60372876,1.636641,0.000000,8,0.312534,0.351457,,,49.673031,97.833333,0.507731,0.000000
207,20.700,0.033333,0.033333,0.033333,0.733333,0.033333,0.033333,0.033333,0.033333,0.033333,3.000000,3.000000,3.000000,66.000000,3.000000,3.000000,3.000000,3.000000,3.000000,0.748546,0.000000,0.016461,1.000000,0.16460899,1.636641,0.000000,8,0.312534,0.351457,,,49.166335,97.833333,0.502552,0.000000
208,20.800,0.033333,0.033333,0.033333,0.733333,0.033333,0.033333,0.033333,0.033333,0.033333,3.000000,3.000000,3.000000,66.000000,3.000000,3.000000,3.000000,3.000000,3.000000,0.811132,0.000000,0.077159,1.000000,0.77158572,1.636641,0.000000,8,0.312534,0.351457,,,50.893228,97.833333,0.520203,0.000000
209,20.900,0.033333,0.033333,0.033333,0.733333,0.033333,0.033333,0.033333,0.033333,0.033333,3.000000,3.000000,3.000000,66.000000,3.000000,3.000000,3.000000,3.000000,3.000000,0.733724,0.000000,0.095432,1.000000,0.95431721,1.636641,0.000000,8,0.312534,0.351457,,,50.264862,97.833333,0.513781,0.000000
210,21.000,0.033333,0.033333,0.033333,0.733333,0.033333,0.033333,0.033333,0.033333,0.033333,3.000000,3.000000,3.000000,66.000000,3.000000,3.000000,3.000000,3.000000,3.000000,0.744103,0.000000,0.013948,1.000000,0.13948134,1.636641,0.000000,8,0.312534,0.351457,,,42.422857,97.833333,0.433624,0.000000
211,21.100,0.033333,0.033333,0.033333,0.733333,0.033333,0.033333,0.033333,0.033333,0.033333,3.000000,3.000000,3.000000,66.000000,3.000000,3.000000,3.000000,3.000000,3.000000,0.743501,0.000000,0.000808,1.000000,0.00808220,1.636641,0.000000,8,0.312534,0.351457,,,48.261859,97.833333,0.493307,0.000000
212,21.200,0.033333,0.033333,0.033333,0.733333,0.033333,0.033333,0.033333,0.033333,0.033333,3.000000,3.000000,3.000000,66.000000,3.000000,3.000000,3.000000,3.000000,3.000000,0.769804,0.000000,0.034168,1.000000,0.34168474,1.636641,0.000000,8,0.312534,0.351457,,,48.248717,97.833333,0.493173,0.000000
213,21.300,0.033333,0.033333,0.033333,0.733333,0.033333,0.033333,0.033333,0.033333,0.033333,3.000000,3.000000,3.000000,66.000000,3.000000,3.000000,3.000000,3.000000,3.000000,0.729415,0.000000,0.052467,1.000000,0.52467430,1.636641,0.000000,8,0.312534,0.351457,,,46.521930,97.833333,0.475522,0.000000
214,21.400,0.033333,0.033333,0.033333,0.733333,0.033333,0.033333,0.033333,0.033333,0.033333,3.000000,3.000000,3.000000,66.000000,3.000000,3.000000,3.000000,3.000000,3.000000,0.802827,0.000000,0.091442,1.000000,0.91442091,1.636641,0.000000,8,0.312534,0.351457,,,51.840897,97.833333,0.529890,0.000000
215,21.500,0.033333,0.033333,0.033333,0.733333,0.033333,0.033333,0.033333,0.033333,0.033333,3.000000,3.000000,3.000000,66.000000,3.000000,3.000000,3.000000,3.000000,3.000000,0.738691,0.000000,0.079888,1.000000,0.79888124,1.636641,0.000000,8,0.312534,0.351457,,,49.871876,97.833333,0.509764,0.000000
216,21.600,0.033333,0.033333,0.033333,0.733333,0.033333,0.033333,0.033333,0.033333,0.033333,3.000000,3.000000,3.000000,66.000000,3.000000,3.000000,3.000000,3.000000,3.000000,0.796214,0.000000,0.072247,1.000000,0.72246519,1.636641,0.000000,8,0.312534,0.351457,,,47.321088,97.833333,0.483691,0.000000
217,21.700,0.033333,0.033333,0.033333,0.733333,0.033333,0.033333,0.033333,0.033333,0.033333,3.000000,3.000000,3.000000,66.000000,3.000000,3.000000,3.000000,3.000000,3.000000,0.767689,0.000000,0.035827,1.000000,0.35826693,1.636641,0.000000,8,0.312534,0.351457,,,48.300033,97.833333,0.493697,0.000000
218,21.800,0.033333,0.033333,0.033333,0.733333,0.033333,0.033333,0.033333,0.033333,0.033333,3.000000,3.000000,3.000000,66.000000,3.000000,3.000000,3.000000,3.000000,3.000000,0.793228,0.000000,0.032197,1.000000,0.32196715,1.636641,0.000000,8,0.312534,0.351457,,,50.446188,97.833333,0.515634,0.000000
219,21.900,0.033333,0.033333,0.033333,0.733333,0.033333,0.033333,0.033333,0.033333,0.033333,3.000000,3.000000,3.000000,66.000000,3.000000,3.000000,3.000000,3.000000,3.000000,0.743902,0.000000,0.062183,1.000000,0.62183337,1.636641,0.000000,8,0.312534,0.351457,,,48.790813,97.833333,0.498714,0.000000
220,22.000,0.033333,0.033333,0.033333,0.033333,0.733333,0.033333,0.033333,0.033333,0.033333,3.000000,3.000000,3.000000,3.000000,66.000000,3.000000,3.000000,3.000000,3.000000,0.755512,0.125000,0.623240,-0.095238,6.23240428,1.636641,0.800000,7,0.122835,-0.133809,,,114.029525,146.833333,0.776592,0.000000
221,22.100,0.033333,0.033333,0.033333,0.033333,0.733333,0.033333,0.033333,0.033333,0.033333,3.000000,3.000000,3.000000,3.000000,66.000000,3.000000,3.000000,3.000000,3.000000,0.729025,0.000000,0.035058,1.000000,0.35057623,1.636641,0.000000,7,0.122835,-0.133809,,,89.117896,146.833333,0.606932,0.000000
222,22.200,0.033333,0.033333,0.033333,0.033333,0.733333,0.033333,0.033333,0.033333,0.033333,3.000000,3.000000,3.000000,3.000000,66.000000,3.000000,3.000000,3.000000,3.000000,0.754287,0.000000,0.033490,1.000000,0.33490185,1.636641,0.000000,7,0.122835,-0.133809,,,86.735654,146.833333,0.590708,0.000000
223,22.300,0.033333,0.033333,0.033333,0.033333,0.733333,0.033333,0.033333,0.033333,0.033333,3.000000,3.000000,3.000000,3.000000,66.000000,3.000000,3.000000,3.000000,3.000000,0.748058,0.000000,0.008258,1.000000,0.08257557,1.636641,0.000000,7,0.122835,-0.133809,,,84.796801,146.833333,0.577504,0.000000
224,22.400,0.033333,0.033333,0.033333,0.033333,0.733333,0.033333,0.033333,0.033333,0.033333,3.000000,3.000000,3.000000,3.000000,66.000000,3.000000,3.000000,3.000000,3.000000,0.785855,0.000000,0.048097,1.000000,0.48096726,1.636641,0.000000,7,0.122835,-0.133809,,,92.400666,146.833333,0.629289,0.000000
225,22.500,0.033333,0.033333,0.033333,0.033333,0.733333,0.033333,0.033333,0.033333,0.033333,3.000000,3.000000,3.000000,3.000000,66.000000,3.000000,3.000000,3.000000,3.000000,0.774811,0.000000,0.014054,1.000000,0.14053543,1.636641,0.000000,7,0.122835,-0.133809,,,90.855000,146.833333,0.618763,0.000000
226,22.600,0.033333,0.033333,0.033333,0.033333,0.733333,0.033333,0.033333,0.033333,0.033333,3.000000,3.000000,3.000000,3.000000,66.000000,3.000000,3.000000,3.000000,3.000000,0.770978,0.000000,0.004947,1.000000,0.04946869,1.636641,0.000000,7,0.122835,-0.133809,,,87.633123,146.833333,0.596820,0.000000
227,22.700,0.033333,0.033333,0.033333,0.033333,0.733333,0.033333,0.033333,0.033333,0.033333,3.000000,3.000000,3.000000,3.000000,66.000000,3.000000,3.000000,3.000000,3.000000,0.704230,0.000000,0.086575,1.000000,0.86575389,1.636641,0.000000,7,0.122835,-0.133809,,,90.597905,146.833333,0.617012,0.000000
228,22.800,0.033333,0.033333,0.033333,0.033333,0.733333,0.033333,0.033333,0.033333,0.033333,3.000000,3.000000,3.000000,3.000000,66.000000,3.000000,3.000000,3.000000,3.000000,0.689210,0.000000,0.021329,1.000000,0.21329390,1.636641,0.000000,7,0.122835,-0.133809,,,80.911985,146.833333,0.551046,0.000000
229,22.900,0.033333,0.033333,0.033333,0.033333,0.733333,0.033333,0.033333,0.033333,0.033333,3.000000,3.000000,3.000000,3.000000,66.000000,3.000000,3.000000,3.000000,3.000000,0.687517,0.000000,0.002455,1.000000,0.02455444,1.636641,0.000000,7,0.122835,-0.133809,,,84.259325,146.833333,0.573843,0.000000
230,23.000,0.033333,0.033333,0.033333,0.033333,0.733333,0.033333,0.033333,0.033333,0.033333,3.000000,3.000000,3.000000,3.000000,66.000000,3.000000,3.000000,3.000000,3.000000,0.686042,0.000000,0.002146,1.000000,0.02146178,1.636641,0.000000,7,0.122835,-0.133809,,,80.712356,146.833333,0.549687,0.000000
231,23.100,0.033333,0.033333,0.033333,0.033333,0.733333,0.033333,0.033333,0.033333,0.033333,3.000000,3.000000,3.000000,3.000000,66.000000,3.000000,3.000000,3.000000,3.000000,0.755969,0.000000,0.092500,1.000000,0.92499966,1.636641,0.000000,7,0.122835,-0.133809,,,88.371330,146.833333,0.601848,0.000000
232,23.200,0.033333,0.033333,0.033333,0.033333,0.733333,0.033333,0.033333,0.033333,0.033333,3.000000,3.000000,3.000000,3.000000,66.000000,3.000000,3.000000,3.000000,3.000000,0.684194,0.000000,0.094945,1.000000,0.94944575,1.636641,0.000000,7,0.122835,-0.133809,,,85.052154,146.833333,0.579243,0.000000
233,23.300,0.033333,0.033333,0.033333,0.033333,0.733333,0.033333,0.033333,0.033333,0.033333,3.000000,3.000000,3.000000,3.000000,66.000000,3.000000,3.000000,3.000000,3.000000,0.695284,0.000000,0.015951,1.000000,0.15950706,1.636641,0.000000,7,0.122835,-0.133809,,,84.498469,146.833333,0.575472,0.000000
234,23.400,0.033333,0.033333,0.033333,0.033333,0.733333,0.033333,0.033333,0.033333,0.033333,3.000000,3.000000,3.000000,3.000000,66.000000,3.000000,3.000000,3.000000,3.000000,0.697022,0.000000,0.002494,1.000000,0.02493833,1.636641,0.000000,7,0.122835,-0.133809,,,87.232892,146.833333,0.594095,0.000000
235,23.500,0.033333,0.033333,0.033333,0.033333,0.733333,0.033333,0.033333,0.033333,0.033333,3.000000,3.000000,3.000000,3.000000,66.000000,3.000000,3.000000,3.000000,3.000000,0.681314,0.000000,0.022536,1.000000,0.22536127,1.636641,0.000000,7,0.122835,-0.133809,,,85.423431,146.833333,0.581771,0.000000
236,23.600,0.033333,0.033333,0.033333,0.033333,0.733333,0.033333,0.033333,0.033333,0.033333,3.000000,3.000000,3.000000,3.000000,66.000000,3.000000,3.000000,3.000000,3.000000,0.704408,0.000000,0.032785,1.000000,0.32784994,1.636641,0.000000,7,0.122835,-0.133809,,,89.089812,146.833333,0.606741,0.000000
237,23.700,0.033333,0.033333,0.033333,0.033333,0.733333,0.033333,0.033333,0.033333,0.033333,3.000000,3.000000,3.000000,3.000000,66.000000,3.000000,3.000000,3.000000,3.000000,0.751955,0.000000,0.063231,1.000000,0.63231355,1.636641,0.000000,7,0.122835,-0.133809,,,93.253653,146.833333,0.635099,0.000000
238,23.800,0.033333,0.033333,0.033333,0.033333,0.733333,0.033333,0.033333,0.033333,0.033333,3.000000,3.000000,3.000000,3.000000,66.000000,3.000000,3.000000,3.000000,3.000000,0.704294,0.000000,0.063384,1.000000,0.63383546,1.636641,0.000000,7,0.122835,-0.133809,,,83.491351,146.833333,0.568613,0.000000
239,23.900,0.033333,0.033333,0.033333,0.033333,0.733333,0.033333,0.033333,0.033333,0.033333,3.000000,3.000000,3.000000,3.000000,66.000000,3.000000,3.000000,3.000000,3.000000,0.716884,0.000000,0.017563,1.000000,0.17562767,1.636641,0.000000,7,0.122835,-0.133809,,,80.896197,146.833333,0.550939,0.000000
240,24.000,0.033333,0.033333,0.033333,0.033333,0.733333,0.033333,0.033333,0.033333,0.033333,3.000000,3.000000,3.000000,3.000000,66.000000,3.000000,3.000000,3.000000,3.000000,0.692705,0.000000,0.033728,1.000000,0.33727905,1.636641,0.000000,7,0.122835,-0.133809,,,83.788642,146.833333,0.570638,0.000000
241,24.100,0.033333,0.033333,0.033333,0.033333,0.733333,0.033333,0.033333,0.033333,0.033333,3.000000,3.000000,3.000000,3.000000,66.000000,3.000000,3.000000,3.000000,3.000000,0.656602,0.000000,0.052120,1.000000,0.52119537,1.636641,0.000000,7,0.122835,-0.133809,,,88.311952,146.833333,0.601443,0.000000
242,24.200,0.033333,0.033333,0.033333,0.033333,0.733333,0.033333,0.033333,0.033333,0.033333,3.000000,3.000000,3.000000,3.000000,66.000000,3.000000,3.000000,3.000000,3.000000,0.691099,0.000000,0.049917,1.000000,0.49917179,1.636641,0.000000,7,0.122835,-0.133809,,,87.156920,146.833333,0.593577,0.000000
243,24.300,0.033333,0.033333,0.033333,0.033333,0.733333,0.033333,0.033333,0.033333,0.033333,3.000000,3.000000,3.000000,3.000000,66.000000,3.000000,3.000000,3.000000,3.000000,0.670186,0.000000,0.030261,1.000000,0.30261010,1.636641,0.000000,7,0.122835,-0.133809,,,85.574390,146.833333,0.582799,0.000000
244,24.400,0.033333,0.033333,0.033333,0.033333,0.733333,0.033333,0.033333,0.033333,0.033333,3.000000,3.000000,3.000000,3.000000,66.000000,3.000000,3.000000,3.000000,3.000000,0.659513,0.000000,0.015925,1.000000,0.15925190,1.636641,0.000000,7,0.122835,-0.133809,,,84.907017,146.833333,0.578254,0.000000
245,24.500,0.033333,0.033333,0.033333,0.033333,0.733333,0.033333,0.033333,0.033333,0.033333,3.000000,3.000000,3.000000,3.000000,66.000000,3.000000,3.000000,3.000000,3.000000,0.641982,0.000000,0.026582,1.000000,0.26581829,1.636641,0.000000,7,0.122835,-0.133809,,,84.562438,146.833333,0.575908,0.000000
246,24.600,0.033333,0.033333,0.033333,0.033333,0.733333,0.033333,0.033333,0.033333,0.033333,3.000000,3.000000,3.000000,3.000000,66.000000,3.000000,3.000000,3.000000,3.000000,0.699185,0.000000,0.081814,1.000000,0.81813674,1.636641,0.000000,7,0.122835,-0.133809,,,85.926001,146.833333,0.585194,0.000000
247,24.700,0.033333,0.033333,0.033333,0.033333,0.733333,0.033333,0.033333,0.033333,0.033333,3.000000,3.000000,3.000000,3.000000,66.000000,3.000000,3.000000,3.000000,3.000000,0.727195,0.000000,0.038518,1.000000,0.38517930,1.636641,0.000000,7,0.122835,-0.133809,,,85.160712,146.833333,0.579982,0.000000
248,24.800,0.033333,0.033333,0.033333,0.033333,0.733333,0.033333,0.033333,0.033333,0.033333,3.000000,3.000000,3.000000,3.000000,66.000000,3.000000,3.000000,3.000000,3.000000,0.712224,0.000000,0.020587,1.000000,0.20587477,1.636641,0.000000,7,0.122835,-0.133809,,,84.326166,146.833333,0.574299,0.000000
249,24.900,0.033333,0.033333,0.033333,0.033333,0.733333,0.033333,0.033333,0.033333,0.033333,3.000000,3.000000,3.000000,3.000000,66.000000,3.000000,3.000000,3.000000,3.000000,0.639816,0.000000,0.101665,1.000000,1.01664633,1.636641,0.000000,7,0.122835,-0.133809,,,84.415282,146.833333,0.574905,0.000000
250,25.000,0.033333,0.033333,0.033333,0.033333,0.733333,0.033333,0.033333,0.033333,0.033333,3.000000,3.000000,3.000000,3.000000,66.000000,3.000000,3.000000,3.000000,3.000000,0.655193,0.000000,0.023470,1.000000,0.23470027,1.636641,0.000000,7,0.122835,-0.133809,,,82.935165,146.833333,0.564825,0.000000
251,25.100,0.033333,0.033333,0.033333,0.033333,0.733333,0.033333,0.033333,0.033333,0.033333,3.000000,3.000000,3.000000,3.000000,66.000000,3.000000,3.000000,3.000000,3.000000,0.674590,0.000000,0.028753,1.000000,0.28753116,1.636641,0.000000,7,0.122835,-0.133809,,,80.767137,146.833333,0.550060,0.000000
252,25.200,0.033333,0.033333,0.033333,0.033333,0.733333,0.033333,0.033333,0.033333,0.033333,3.000000,3.000000,3.000000,3.000000,66.000000,3.000000,3.000000,3.000000,3.000000,0.710870,0.000000,0.051035,1.000000,0.51035489,1.636641,0.000000,7,0.122835,-0.133809,,,85.726059,146.833333,0.583832,0.000000
253,25.300,0.033333,0.033333,0.033333,0.033333,0.733333,0.033333,0.033333,0.033333,0.033333,3.000000,3.000000,3.000000,3.000000,66.000000,3.000000,3.000000,3.000000,3.000000,0.654653,0.000000,0.079082,1.000000,0.79081724,1.636641,0.000000,7,0.122835,-0.133809,,,86.803504,146.833333,0.591170,0.000000
254,25.400,0.033333,0.033333,0.033333,0.033333,0.733333,0.033333,0.033333,0.033333,0.033333,3.000000,3.000000,3.000000,3.000000,66.000000,3.000000,3.000000,3.000000,3.000000,0.651613,0.000000,0.004643,1.000000,0.04642664,1.636641,0.000000,7,0.122835,-0.133809,,,85.348383,146.833333,0.581260,0.000000
255,25.500,0.033333,0.033333,0.033333,0.033333,0.733333,0.033333,0.033333,0.033333,0.033333,3.000000,3.000000,3.000000,3.000000,66.000000,3.000000,3.000000,3.000000,3.000000,0.695416,0.000000,0.062987,1.000000,0.62987201,1.636641,0.000000,7,0.122835,-0.133809,,,86.819305,146.833333,0.591278,0.000000
256,25.600,0.033333,0.033333,0.033333,0.033333,0.733333,0.033333,0.033333,0.033333,0.033333,3.000000,3.000000,3.000000,3.000000,66.000000,3.000000,3.000000,3.000000,3.000000,0.694652,0.000000,0.001099,1.000000,0.01098689,1.636641,0.000000,7,0.122835,-0.133809,,,83.012302,146.833333,0.565351,0.000000
257,25.700,0.033333,0.033333,0.033333,0.033333,0.733333,0.033333,0.033333,0.033333,0.033333,3.000000,3.000000,3.000000,3.000000,66.000000,3.000000,3.000000,3.000000,3.000000,0.694684,0.000000,0.000047,1.000000,0.00046936,1.636641,0.000000,7,0.122835,-0.133809,,,89.365764,146.833333,0.608620,0.000000
258,25.800,0.033333,0.033333,0.033333,0.033333,0.733333,0.033333,0.033333,0.033333,0.033333,3.000000,3.000000,3.000000,3.000000,66.000000,3.000000,3.000000,3.000000,3.000000,0.613407,0.000000,0.116998,1.000000,1.16998483,1.636641,0.000000,7,0.122835,-0.133809,,,88.605037,146.833333,0.603440,0.000000
259,25.900,0.033333,0.033333,0.033333,0.033333,0.733333,0.033333,0.033333,0.033333,0.033333,3.000000,3.000000,3.000000,3.000000,66.000000,3.000000,3.000000,3.000000,3.000000,0.687679,0.000000,0.108003,1.000000,1.08003467,1.636641,0.000000,7,0.122835,-0.133809,,,93.620301,146.833333,0.637596,0.000000
260,26.000,0.033333,0.033333,0.033333,0.033333,0.733333,0.033333,0.033333,0.033333,0.033333,3.000000,3.000000,3.000000,3.000000,66.000000,3.000000,3.000000,3.000000,3.000000,0.632708,0.000000,0.079937,1.000000,0.79936787,1.636641,0.000000,7,0.122835,-0.133809,,,85.866875,146.833333,0.584791,0.000000
261,26.100,0.033333,0.033333,0.033333,0.033333,0.733333,0.033333,0.033333,0.033333,0.033333,3.000000,3.000000,3.000000,3.000000,66.000000,3.000000,3.000000,3.000000,3.000000,0.662056,0.000000,0.044328,1.000000,0.44327926,1.636641,0.000000,7,0.122835,-0.133809,,,89.671475,146.833333,0.610702,0.000000
262,26.200,0.033333,0.033333,0.033333,0.033333,0.733333,0.033333,0.033333,0.033333,0.033333,3.000000,3.000000,3.000000,3.000000,66.000000,3.000000,3.000000,3.000000,3.000000,0.670432,0.000000,0.012494,1.000000,0.12493985,1.636641,0.000000,7,0.122835,-0.133809,,,85.411958,146.833333,0.581693,0.000000
263,26.300,0.033333,0.033333,0.033333,0.033333,0.733333,0.033333,0.033333,0.033333,0.033333,3.000000,3.000000,3.000000,3.000000,66.000000,3.000000,3.000000,3.000000,3.000000,0.648400,0.000000,0.032862,1.000000,0.32862483,1.636641,0.000000,7,0.122835,-0.133809,,,83.506492,146.833333,0.568716,0.000000
264,26.400,0.033333,0.033333,0.033333,0.033333,0.733333,0.033333,0.033333,0.033333,0.033333,3.000000,3.000000,3.000000,3.000000,66.000000,3.000000,3.000000,3.000000,3.000000,0.661719,0.000000,0.020129,1.000000,0.20128560,1.636641,0.000000,7,0.122835,-0.133809,,,86.696587,146.833333,0.590442,0.000000
265,26.500,0.033333,0.033333,0.033333,0.033333,0.733333,0.033333,0.033333,0.033333,0.033333,3.000000,3.000000,3.000000,3.000000,66.000000,3.000000,3.000000,3.000000,3.000000,0.668842,0.000000,0.010648,1.000000,0.10648393,1.636641,0.000000,7,0.122835,-0.133809,,,89.766123,146.833333,0.611347,0.000000
266,26.600,0.033333,0.033333,0.033333,0.033333,0.733333,0.033333,0.033333,0.033333,0.033333,3.000000,3.000000,3.000000,3.000000,66.000000,3.000000,3.000000,3.000000,3.000000,0.624863,0.000000,0.065754,1.000000,0.65753634,1.636641,0.000000,7,0.122835,-0.133809,,,83.227401,146.833333,0.566815,0.000000
267,26.700,0.033333,0.033333,0.033333,0.033333,0.733333,0.033333,0.033333,0.033333,0.033333,3.000000,3.000000,3.000000,3.000000,66.000000,3.000000,3.000000,3.000000,3.000000,0.605387,0.000000,0.031168,1.000000,0.31167673,1.636641,0.000000,7,0.122835,-0.133809,,,81.080064,146.833333,0.552191,0.000000
268,26.800,0.033333,0.033333,0.033333,0.033333,0.733333,0.033333,0.033333,0.033333,0.033333,3.000000,3.000000,3.000000,3.000000,66.000000,3.000000,3.000000,3.000000,3.000000,0.685069,0.000000,0.116313,1.000000,1.16312547,1.636641,0.000000,7,0.122835,-0.133809,,,93.596160,146.833333,0.637431,0.000000
269,26.900,0.033333,0.033333,0.033333,0.033333,0.733333,0.033333,0.033333,0.033333,0.033333,3.000000,3.000000,3.000000,3.000000,66.000000,3.000000,3.000000,3.000000,3.000000,0.640806,0.000000,0.064612,1.000000,0.64612173,1.636641,0.000000,7,0.122835,-0.133809,,,86.966716,146.833333,0.592282,0.000000
270,27.000,0.033333,0.033333,0.033333,0.033333,0.733333,0.033333,0.033333,0.033333,0.033333,3.000000,3.000000,3.000000,3.000000,66.000000,3.000000,3.000000,3.000000,3.000000,0.660467,0.000000,0.029769,1.000000,0.29768549,1.636641,0.000000,7,0.122835,-0.133809,,,84.201711,146.833333,0.573451,0.000000
271,27.100,0.033333,0.033333,0.033333,0.033333,0.733333,0.033333,0.033333,0.033333,0.033333,3.000000,3.000000,3.000000,3.000000,66.000000,3.000000,3.000000,3.000000,3.000000,0.599666,0.000000,0.092057,1.000000,0.92056616,1.636641,0.000000,7,0.122835,-0.133809,,,86.215744,146.833333,0.587167,0.000000
272,27.200,0.033333,0.033333,0.033333,0.033333,0.733333,0.033333,0.033333,0.033333,0.033333,3.000000,3.000000,3.000000,3.000000,66.000000,3.000000,3.000000,3.000000,3.000000,0.604926,0.000000,0.008694,1.000000,0.08694051,1.636641,0.000000,7,0.122835,-0.133809,,,77.290243,146.833333,0.526381,0.000000
273,27.300,0.033333,0.033333,0.033333,0.033333,0.733333,0.033333,0.033333,0.033333,0.033333,3.000000,3.000000,3.000000,3.000000,66.000000,3.000000,3.000000,3.000000,3.000000,0.633892,0.000000,0.045696,1.000000,0.45696490,1.636641,0.000000,7,0.122835,-0.133809,,,83.200198,146.833333,0.566630,0.000000
274,27.400,0.033333,0.033333,0.033333,0.033333,0.733333,0.033333,0.033333,0.033333,0.033333,3.000000,3.000000,3.000000,3.000000,66.000000,3.000000,3.000000,3.000000,3.000000,0.645703,0.000000,0.018291,1.000000,0.18291117,1.636641,0.000000,7,0.122835,-0.133809,,,83.389737,146.833333,0.567921,0.000000
275,27.500,0.033333,0.033333,0.033333,0.033333,0.033333,0.733333,0.033333,0.033333,0.033333,3.000000,3.000000,3.000000,3.000000,3.000000,66.000000,3.000000,3.000000,3.000000,0.617671,0.142857,0.466947,0.857143,4.66947261,1.636641,0.500000,6,0.269697,-0.412210,,,79.980465,111.833333,0.715176,0.000000
276,27.600,0.033333,0.033333,0.033333,0.033333,0.033333,0.733333,0.033333,0.033333,0.033333,3.000000,3.000000,3.000000,3.000000,3.000000,66.000000,3.000000,3.000000,3.000000,0.605834,0.000000,0.019164,1.000000,0.19164451,1.636641,0.000000,6,0.269697,-0.412210,,,58.048112,111.833333,0.519059,0.000000
277,27.700,0.033333,0.033333,0.033333,0.033333,0.033333,0.733333,0.033333,0.033333,0.033333,3.000000,3.000000,3.000000,3.000000,3.000000,66.000000,3.000000,3.000000,3.000000,0.667076,0.000000,0.091807,1.000000,0.91806549,1.636641,0.000000,6,0.269697,-0.412210,,,60.848910,111.833333,0.544104,0.000000
278,27.800,0.033333,0.033333,0.033333,0.033333,0.033333,0.733333,0.033333,0.033333,0.033333,3.000000,3.000000,3.000000,3.000000,3.000000,66.000000,3.000000,3.000000,3.000000,0.644936,0.000000,0.033189,1.000000,0.33188764,1.636641,0.000000,6,0.269697,-0.412210,,,59.410163,111.833333,0.531238,0.000000
279,27.900,0.033333,0.033333,0.033333,0.033333,0.033333,0.733333,0.033333,0.033333,0.033333,3.000000,3.000000,3.000000,3.000000,3.000000,66.000000,3.000000,3.000000,3.000000,0.592190,0.000000,0.081786,1.000000,0.81785648,1.636641,0.000000,6,0.269697,-0.412210,,,58.979620,111.833333,0.527389,0.000000
280,28.000,0.033333,0.033333,0.033333,0.033333,0.033333,0.733333,0.033333,0.033333,0.033333,3.000000,3.000000,3.000000,3.000000,3.000000,66.000000,3.000000,3.000000,3.000000,0.658342,0.000000,0.100483,1.000000,1.00483023,1.636641,0.000000,6,0.269697,-0.412210,,,65.564861,111.833333,0.586273,0.000000
281,28.100,0.033333,0.033333,0.033333,0.033333,0.033333,0.733333,0.033333,0.033333,0.033333,3.000000,3.000000,3.000000,3.000000,3.000000,66.000000,3.000000,3.000000,3.000000,0.674135,0.000000,0.023427,1.000000,0.23426934,1.636641,0.000000,6,0.269697,-0.412210,,,57.048348,111.833333,0.510119,0.000000
282,28.200,0.033333,0.033333,0.033333,0.033333,0.033333,0.733333,0.033333,0.033333,0.033333,3.000000,3.000000,3.000000,3.000000,3.000000,66.000000,3.000000,3.000000,3.000000,0.643423,0.000000,0.045557,1.000000,0.45557452,1.636641,0.000000,6,0.269697,-0.412210,,,60.613380,111.833333,0.541997,0.000000
283,28.300,0.033333,0.033333,0.033333,0.033333,0.033333,0.733333,0.033333,0.033333,0.033333,3.000000,3.000000,3.000000,3.000000,3.000000,66.000000,3.000000,3.000000,3.000000,0.613707,0.000000,0.046184,1.000000,0.46184132,1.636641,0.000000,6,0.269697,-0.412210,,,56.097953,111.833333,0.501621,0.000000
284,28.400,0.033333,0.033333,0.033333,0.033333,0.033333,0.733333,0.033333,0.033333,0.033333,3.000000,3.000000,3.000000,3.000000,3.000000,66.000000,3.000000,3.000000,3.000000,0.610673,0.000000,0.004944,1.000000,0.04943889,1.636641,0.000000,6,0.269697,-0.412210,,,52.471127,111.833333,0.469190,0.000000
285,28.500,0.033333,0.033333,0.033333,0.033333,0.033333,0.733333,0.033333,0.033333,0.033333,3.000000,3.000000,3.000000,3.000000,3.000000,66.000000,3.000000,3.000000,3.000000,0.636257,0.000000,0.040211,1.000000,0.40210529,1.636641,0.000000,6,0.269697,-0.412210,,,56.809465,111.833333,0.507983,0.000000
286,28.600,0.033333,0.033333,0.033333,0.033333,0.033333,0.733333,0.033333,0.033333,0.033333,3.000000,3.000000,3.000000,3.000000,3.000000,66.000000,3.000000,3.000000,3.000000,0.585786,0.000000,0.079325,1.000000,0.79325338,1.636641,0.000000,6,0.269697,-0.412210,,,57.615561,111.833333,0.515191,0.000000
287,28.700,0.033333,0.033333,0.033333,0.033333,0.033333,0.733333,0.033333,0.033333,0.033333,3.000000,3.000000,3.000000,3.000000,3.000000,66.000000,3.000000,3.000000,3.000000,0.636646,0.000000,0.079887,1.000000,0.79886787,1.636641,0.000000,6,0.269697,-0.412210,,,62.242358,111.833333,0.556564,0.000000
288,28.800,0.033333,0.033333,0.033333,0.033333,0.033333,0.733333,0.033333,0.033333,0.033333,3.000000,3.000000,3.000000,3.000000,3.000000,66.000000,3.000000,3.000000,3.000000,0.627754,0.000000,0.013967,1.000000,0.13966946,1.636641,0.000000,6,0.269697,-0.412210,,,59.932960,111.833333,0.535913,0.000000
289,28.900,0.033333,0.033333,0.033333,0.033333,0.033333,0.733333,0.033333,0.033333,0.033333,3.000000,3.000000,3.000000,3.000000,3.000000,66.000000,3.000000,3.000000,3.000000,0.650471,0.000000,0.034924,1.000000,0.34924282,1.636641,0.000000,6,0.269697,-0.412210,,,57.929970,111.833333,0.518003,0.000000
290,29.000,0.033333,0.033333,0.033333,0.033333,0.033333,0.733333,0.033333,0.033333,0.033333,3.000000,3.000000,3.000000,3.000000,3.000000,66.000000,3.000000,3.000000,3.000000,0.591337,0.000000,0.090909,1.000000,0.90909081,1.636641,0.000000,6,0.269697,-0.412210,,,63.765464,111.833333,0.570183,0.000000
291,29.100,0.033333,0.033333,0.033333,0.033333,0.033333,0.733333,0.033333,0.033333,0.033333,3.000000,3.000000,3.000000,3.000000,3.000000,66.000000,3.000000,3.000000,3.000000,0.616409,0.000000,0.040674,1.000000,0.40674317,1.636641,0.000000,6,0.269697,-0.412210,,,57.905181,111.833333,0.517781,0.000000
292,29.200,0.033333,0.033333,0.033333,0.033333,0.033333,0.733333,0.033333,0.033333,0.033333,3.000000,3.000000,3.000000,3.000000,3.000000,66.000000,3.000000,3.000000,3.000000,0.650546,0.000000,0.052475,1.000000,0.52474667,1.636641,0.000000,6,0.269697,-0.412210,,,59.309919,111.833333,0.530342,0.000000
293,29.300,0.033333,0.033333,0.033333,0.033333,0.033333,0.733333,0.033333,0.033333,0.033333,3.000000,3.000000,3.000000,3.000000,3.000000,66.000000,3.000000,3.000000,3.000000,0.636655,0.000000,0.021354,1.000000,0.21353737,1.636641,0.000000,6,0.269697,-0.412210,,,57.294352,111.833333,0.512319,0.000000
294,29.400,0.033333,0.033333,0.033333,0.033333,0.033333,0.733333,0.033333,0.033333,0.033333,3.000000,3.000000,3.000000,3.000000,3.000000,66.000000,3.000000,3.000000,3.000000,0.582234,0.000000,0.085479,1.000000,0.85479270,1.636641,0.000000,6,0.269697,-0.412210,,,55.406547,111.833333,0.495439,0.000000
295,29.500,0.033333,0.033333,0.033333,0.033333,0.033333,0.733333,0.033333,0.033333,0.033333,3.000000,3.000000,3.000000,3.000000,3.000000,66.000000,3.000000,3.000000,3.000000,0.618760,0.000000,0.059031,1.000000,0.59030888,1.636641,0.000000,6,0.269697,-0.412210,,,54.404622,111.833333,0.486479,0.000000
296,29.600,0.033333,0.033333,0.033333,0.033333,0.033333,0.733333,0.033333,0.033333,0.033333,3.000000,3.000000,3.000000,3.000000,3.000000,66.000000,3.000000,3.000000,3.000000,0.595280,0.000000,0.037946,1.000000,0.37945992,1.636641,0.000000,6,0.269697,-0.412210,,,53.606081,111.833333,0.479339,0.000000
297,29.700,0.033333,0.033333,0.033333,0.033333,0.033333,0.733333,0.033333,0.033333,0.033333,3.000000,3.000000,3.000000,3.000000,3.000000,66.000000,3.000000,3.000000,3.000000,0.580393,0.000000,0.025009,1.000000,0.25009241,1.636641,0.000000,6,0.269697,-0.412210,,,55.700803,111.833333,0.498070,0.000000
298,29.800,0.033333,0.033333,0.033333,0.033333,0.033333,0.733333,0.033333,0.033333,0.033333,3.000000,3.000000,3.000000,3.000000,3.000000,66.000000,3.000000,3.000000,3.000000,0.590090,0.000000,0.016434,1.000000,0.16433570,1.636641,0.000000,6,0.269697,-0.412210,,,55.492537,111.833333,0.496207,0.000000
299,29.900,0.033333,0.033333,0.033333,0.033333,0.033333,0.733333,0.033333,0.033333,0.033333,3.000000,3.000000,3.000000,3.000000,3.000000,66.000000,3.000000,3.000000,3.000000,0.590734,0.000000,0.001089,1.000000,0.01089301,1.636641,0.000000,6,0.269697,-0.412210,,,56.367675,111.833333,0.504033,0.000000
300,30.000,0.033333,0.033333,0.033333,0.033333,0.033333,0.733333,0.033333,0.033333,0.033333,3.000000,3.000000,3.000000,3.000000,3.000000,66.000000,3.000000,3.000000,3.000000,0.633034,0.000000,0.066822,1.000000,0.66821914,1.636641,0.000000,6,0.269697,-0.412210,,,60.462241,111.833333,0.540646,0.000000
301,30.100,0.033333,0.033333,0.033333,0.033333,0.033333,0.733333,0.033333,0.033333,0.033333,3.000000,3.000000,3.000000,3.000000,3.000000,66.000000,3.000000,3.000000,3.000000,0.569593,0.000000,0.100219,1.000000,1.00218517,1.636641,0.000000,6,0.269697,-0.412210,,,63.746990,111.833333,0.570018,0.000000
302,30.200,0.033333,0.033333,0.033333,0.033333,0.033333,0.733333,0.033333,0.033333,0.033333,3.000000,3.000000,3.000000,3.000000,3.000000,66.000000,3.000000,3.000000,3.000000,0.589824,0.000000,0.034301,1.000000,0.34300991,1.636641,0.000000,6,0.269697,-0.412210,,,62.221682,111.833333,0.556379,0.000000
303,30.300,0.033333,0.033333,0.033333,0.033333,0.033333,0.733333,0.033333,0.033333,0.033333,3.000000,3.000000,3.000000,3.000000,3.000000,66.000000,3.000000,3.000000,3.000000,0.607020,0.000000,0.028328,1.000000,0.28328108,1.636641,0.000000,6,0.269697,-0.412210,,,57.709192,111.833333,0.516029,0.000000
304,30.400,0.033333,0.033333,0.033333,0.033333,0.033333,0.733333,0.033333,0.033333,0.033333,3.000000,3.000000,3.000000,3.000000,3.000000,66.000000,3.000000,3.000000,3.000000,0.575229,0.000000,0.052371,1.000000,0.52371384,1.636641,0.000000,6,0.269697,-0.412210,,,60.985693,111.833333,0.545327,0.000000
305,30.500,0.033333,0.033333,0.033333,0.033333,0.033333,0.733333,0.033333,0.033333,0.033333,3.000000,3.000000,3.000000,3.000000,3.000000,66.000000,3.000000,3.000000,3.000000,0.623942,0.000000,0.078073,1.000000,0.78073018,1.636641,0.000000,6,0.269697,-0.412210,,,56.950525,111.833333,0.509245,0.000000
306,30.600,0.033333,0.033333,0.033333,0.033333,0.033333,0.733333,0.033333,0.033333,0.033333,3.000000,3.000000,3.000000,3.000000,3.000000,66.000000,3.000000,3.000000,3.000000,0.619187,0.000000,0.007621,1.000000,0.07620814,1.636641,0.000000,6,0.269697,-0.412210,,,55.603306,111.833333,0.497198,0.000000
307,30.700,0.033333,0.033333,0.033333,0.033333,0.033333,0.733333,0.033333,0.033333,0.033333,3.000000,3.000000,3.000000,3.000000,3.000000,66.000000,3.000000,3.000000,3.000000,0.593069,0.000000,0.042181,1.000000,0.42181428,1.636641,0.000000,6,0.269697,-0.412210,,,56.344452,111.833333,0.503825,0.000000
308,30.800,0.033333,0.033333,0.033333,0.033333,0.033333,0.733333,0.033333,0.033333,0.033333,3.000000,3.000000,3.000000,3.000000,3.000000,66.000000,3.000000,3.000000,3.000000,0.636252,0.000000,0.067871,1.000000,0.67871210,1.636641,0.000000,6,0.269697,-0.412210,,,62.496302,111.833333,0.558834,0.000000
309,30.900,0.033333,0.033333,0.033333,0.033333,0.033333,0.733333,0.033333,0.033333,0.033333,3.000000,3.000000,3.000000,3.000000,3.000000,66.000000,3.000000,3.000000,3.000000,0.564168,0.000000,0.113295,1.000000,1.13294694,1.636641,0.000000,6,0.269697,-0.412210,,,58.670262,111.833333,0.524622,0.000000
310,31.000,0.033333,0.033333,0.033333,0.033333,0.033333,0.733333,0.033333,0.033333,0.033333,3.000000,3.000000,3.000000,3.000000,3.000000,66.000000,3.000000,3.000000,3.000000,0.555918,0.000000,0.014624,1.000000,0.14623907,1.636641,0.000000,6,0.269697,-0.412210,,,55.608227,111.833333,0.497242,0.000000
311,31.100,0.033333,0.033333,0.033333,0.033333,0.033333,0.733333,0.033333,0.033333,0.033333,3.000000,3.000000,3.000000,3.000000,3.000000,66.000000,3.000000,3.000000,3.000000,0.636411,0.000000,0.126479,1.000000,1.26478893,1.636641,0.000000,6,0.269697,-0.412210,,,62.305635,111.833333,0.557129,0.000000
312,31.200,0.033333,0.033333,0.033333,0.033333,0.033333,0.733333,0.033333,0.033333,0.033333,3.000000,3.000000,3.000000,3.000000,3.000000,66.000000,3.000000,3.000000,3.000000,0.613694,0.000000,0.035695,1.000000,0.35695355,1.636641,0.000000,6,0.269697,-0.412210,,,56.653338,111.833333,0.506587,0.000000
313,31.300,0.033333,0.033333,0.033333,0.033333,0.033333,0.733333,0.033333,0.033333,0.033333,3.000000,3.000000,3.000000,3.000000,3.000000,66.000000,3.000000,3.000000,3.000000,0.648011,0.000000,0.052959,1.000000,0.52958621,1.636641,0.000000,6,0.269697,-0.412210,,,58.526686,111.833333,0.523338,0.000000
314,31.400,0.033333,0.033333,0.033333,0.033333,0.033333,0.733333,0.033333,0.033333,0.033333,3.000000,3.000000,3.000000,3.000000,3.000000,66.000000,3.000000,3.000000,3.000000,0.615821,0.000000,0.049676,1.000000,0.49676464,1.636641,0.000000,6,0.269697,-0.412210,,,59.609660,111.833333,0.533022,0.000000
315,31.500,0.033333,0.033333,0.033333,0.033333,0.033333,0.733333,0.033333,0.033333,0.033333,3.000000,3.000000,3.000000,3.000000,3.000000,66.000000,3.000000,3.000000,3.000000,0.600869,0.000000,0.024279,1.000000,0.24279129,1.636641,0.000000,6,0.269697,-0.412210,,,64.266396,111.833333,0.574662,0.000000
316,31.600,0.033333,0.033333,0.033333,0.033333,0.033333,0.733333,0.033333,0.033333,0.033333,3.000000,3.000000,3.000000,3.000000,3.000000,66.000000,3.000000,3.000000,3.000000,0.611939,0.000000,0.018091,1.000000,0.18090843,1.636641,0.000000,6,0.269697,-0.412210,,,55.489944,111.833333,0.496184,0.000000
317,31.700,0.033333,0.033333,0.033333,0.033333,0.033333,0.733333,0.033333,0.033333,0.033333,3.000000,3.000000,3.000000,3.000000,3.000000,66.000000,3.000000,3.000000,3.000000,0.624918,0.000000,0.020769,1.000000,0.20768588,1.636641,0.000000,6,0.269697,-0.412210,,,56.620184,111.833333,0.506291,0.000000
318,31.800,0.033333,0.033333,0.033333,0.033333,0.033333,0.733333,0.033333,0.033333,0.033333,3.000000,3.000000,3.000000,3.000000,3.000000,66.000000,3.000000,3.000000,3.000000,0.649801,0.000000,0.038293,1.000000,0.38292988,1.636641,0.000000,6,0.269697,-0.412210,,,57.755680,111.833333,0.516444,0.000000
319,31.900,0.033333,0.033333,0.033333,0.033333,0.033333,0.733333,0.033333,0.033333,0.033333,3.000000,3.000000,3.000000,3.000000,3.000000,66.000000,3.000000,3.000000,3.000000,0.624731,0.000000,0.038580,1.000000,0.38580325,1.636641,0.000000,6,0.269697,-0.412210,,,62.511189,111.833333,0.558967,0.000000
320,32.000,0.033333,0.033333,0.033333,0.033333,0.033333,0.733333,0.033333,0.033333,0.033333,3.000000,3.000000,3.000000,3.000000,3.000000,66.000000,3.000000,3.000000,3.000000,0.568639,0.000000,0.089786,1.000000,0.89785752,1.636641,0.000000,6,0.269697,-0.412210,,,63.004724,111.833333,0.563381,0.000000
321,32.100,0.033333,0.033333,0.033333,0.033333,0.033333,0.733333,0.033333,0.033333,0.033333,3.000000,3.000000,3.000000,3.000000,3.000000,66.000000,3.000000,3.000000,3.000000,0.631771,0.000000,0.099927,1.000000,0.99927451,1.636641,0.000000,6,0.269697,-0.412210,,,59.754180,111.833333,0.534315,0.000000
322,32.200,0.033333,0.033333,0.033333,0.033333,0.033333,0.733333,0.033333,0.033333,0.033333,3.000000,3.000000,3.000000,3.000000,3.000000,66.000000,3.000000,3.000000,3.000000,0.624605,0.000000,0.011342,1.000000,0.11342389,1.636641,0.000000,6,0.269697,-0.412210,,,57.094593,111.833333,0.510533,0.000000
323,32.300,0.033333,0.033333,0.033333,0.033333,0.033333,0.733333,0.033333,0.033333,0.033333,3.000000,3.000000,3.000000,3.000000,3.000000,66.000000,3.000000,3.000000,3.000000,0.636648,0.000000,0.018916,1.000000,0.18916473,1.636641,0.000000,6,0.269697,-0.412210,,,60.158046,111.833333,0.537926,0.000000
324,32.400,0.033333,0.033333,0.033333,0.033333,0.033333,0.733333,0.033333,0.033333,0.033333,3.000000,3.000000,3.000000,3.000000,3.000000,66.000000,3.000000,3.000000,3.000000,0.642452,0.000000,0.009034,1.000000,0.09034301,1.636641,0.000000,6,0.269697,-0.412210,,,61.571374,111.833333,0.550564,0.000000
325,32.500,0.033333,0.033333,0.033333,0.033333,0.033333,0.733333,0.033333,0.033333,0.033333,3.000000,3.000000,3.000000,3.000000,3.000000,66.000000,3.000000,3.000000,3.000000,0.580318,0.000000,0.096714,1.000000,0.96713949,1.636641,0.000000,6,0.269697,-0.412210,,,57.655255,111.833333,0.515546,0.000000
326,32.600,0.033333,0.033333,0.033333,0.033333,0.033333,0.733333,0.033333,0.033333,0.033333,3.000000,3.000000,3.000000,3.000000,3.000000,66.000000,3.000000,3.000000,3.000000,0.552216,0.000000,0.048426,1.000000,0.48426076,1.636641,0.000000,6,0.269697,-0.412210,,,56.786727,111.833333,0.507780,0.000000
327,32.700,0.033333,0.033333,0.033333,0.033333,0.033333,0.733333,0.033333,0.033333,0.033333,3.000000,3.000000,3.000000,3.000000,3.000000,66.000000,3.000000,3.000000,3.000000,0.647241,0.000000,0.146816,1.000000,1.46816319,1.636641,0.000000,6,0.269697,-0.412210,,,67.469438,111.833333,0.603303,0.000000
328,32.800,0.033333,0.033333,0.033333,0.033333,0.033333,0.733333,0.033333,0.033333,0.033333,3.000000,3.000000,3.000000,3.000000,3.000000,66.000000,3.000000,3.000000,3.000000,0.575212,0.000000,0.111287,1.000000,1.11286735,1.636641,0.000000,6,0.269697,-0.412210,,,60.920961,111.833333,0.544748,0.000000
329,32.900,0.033333,0.033333,0.033333,0.033333,0.033333,0.733333,0.033333,0.033333,0.033333,3.000000,3.000000,3.000000,3.000000,3.000000,66.000000,3.000000,3.000000,3.000000,0.616155,0.000000,0.066449,1.000000,0.66449397,1.636641,0.000000,6,0.269697,-0.412210,,,57.073336,111.833333,0.510343,0.000000
330,33.000,0.033333,0.033333,0.033333,0.033333,0.033333,0.033333,0.733333,0.033333,0.033333,3.000000,3.000000,3.000000,3.000000,3.000000,3.000000,66.000000,3.000000,3.000000,0.602678,0.000000,0.542474,0.828571,5.42474453,1.636641,0.500000,6,0.062517,1.109508,,,118.573631,174.833333,0.678210,0.000000
331,33.100,0.033333,0.033333,0.033333,0.033333,0.033333,0.033333,0.733333,0.033333,0.033333,3.000000,3.000000,3.000000,3.000000,3.000000,3.000000,66.000000,3.000000,3.000000,0.639598,0.000000,0.057723,1.000000,0.57723114,1.636641,0.000000,6,0.062517,1.109508,,,107.107098,174.833333,0.612624,0.000000
332,33.200,0.033333,0.033333,0.033333,0.033333,0.033333,0.033333,0.733333,0.033333,0.033333,3.000000,3.000000,3.000000,3.000000,3.000000,3.000000,66.000000,3.000000,3.000000,0.594235,0.000000,0.070924,1.000000,0.70923733,1.636641,0.000000,6,0.062517,1.109508,,,101.710260,174.833333,0.581756,0.000000
333,33.300,0.033333,0.033333,0.033333,0.033333,0.033333,0.033333,0.733333,0.033333,0.033333,3.000000,3.000000,3.000000,3.000000,3.000000,3.000000,66.000000,3.000000,3.000000,0.566557,0.000000,0.046578,1.000000,0.46577853,1.636641,0.000000,6,0.062517,1.109508,,,95.653193,174.833333,0.547111,0.000000
334,33.400,0.033333,0.033333,0.033333,0.033333,0.033333,0.033333,0.733333,0.033333,0.033333,3.000000,3.000000,3.000000,3.000000,3.000000,3.000000,66.000000,3.000000,3.000000,0.616312,0.000000,0.080730,1.000000,0.80730043,1.636641,0.000000,6,0.062517,1.109508,,,102.658182,174.833333,0.587177,0.000000
335,33.500,0.033333,0.033333,0.033333,0.033333,0.033333,0.033333,0.733333,0.033333,0.033333,3.000000,3.000000,3.000000,3.000000,3.000000,3.000000,66.000000,3.000000,3.000000,0.612068,0.000000,0.006885,1.000000,0.06885353,1.636641,0.000000,6,0.062517,1.109508,,,99.962822,174.833333,0.571761,0.000000
336,33.600,0.033333,0.033333,0.033333,0.033333,0.033333,0.033333,0.733333,0.033333,0.033333,3.000000,3.000000,3.000000,3.000000,3.000000,3.000000,66.000000,3.000000,3.000000,0.579081,0.000000,0.053894,1.000000,0.53894345,1.636641,0.000000,6,0.062517,1.109508,,,101.045519,174.833333,0.577953,0.000000
337,33.700,0.033333,0.033333,0.033333,0.033333,0.033333,0.033333,0.733333,0.033333,0.033333,3.000000,3.000000,3.000000,3.000000,3.000000,3.000000,66.000000,3.000000,3.000000,0.621061,0.000000,0.067594,1.000000,0.67593799,1.636641,0.000000,6,0.062517,1.109508,,,100.420070,174.833333,0.574376,0.000000
338,33.800,0.033333,0.033333,0.033333,0.033333,0.033333,0.033333,0.733333,0.033333,0.033333,3.000000,3.000000,3.000000,3.000000,3.000000,3.000000,66.000000,3.000000,3.000000,0.655227,0.000000,0.052143,1.000000,0.52143445,1.636641,0.000000,6,0.062517,1.109508,,,102.118091,174.833333,0.584088,0.000000
339,33.900,0.033333,0.033333,0.033333,0.033333,0.033333,0.033333,0.733333,0.033333,0.033333,3.000000,3.000000,3.000000,3.000000,3.000000,3.000000,66.000000,3.000000,3.000000,0.583750,0.000000,0.109087,1.000000,1.09086718,1.636641,0.000000,6,0.062517,1.109508,,,105.336434,174.833333,0.602496,0.000000
340,34.000,0.033333,0.033333,0.033333,0.033333,0.033333,0.033333,0.733333,0.033333,0.033333,3.000000,3.000000,3.000000,3.000000,3.000000,3.000000,66.000000,3.000000,3.000000,0.615725,0.000000,0.051930,1.000000,0.51929659,1.636641,0.000000,6,0.062517,1.109508,,,99.380889,174.833333,0.568432,0.000000
341,34.100,0.033333,0.033333,0.033333,0.033333,0.033333,0.033333,0.733333,0.033333,0.033333,3.000000,3.000000,3.000000,3.000000,3.000000,3.000000,66.000000,3.000000,3.000000,0.592665,0.000000,0.037452,1.000000,0.37451524,1.636641,0.000000,6,0.062517,1.109508,,,94.696559,174.833333,0.541639,0.000000
342,34.200,0.033333,0.033333,0.033333,0.033333,0.033333,0.033333,0.733333,0.033333,0.033333,3.000000,3.000000,3.000000,3.000000,3.000000,3.000000,66.000000,3.000000,3.000000,0.646195,0.000000,0.082840,1.000000,0.82839903,1.636641,0.000000,6,0.062517,1.109508,,,101.928016,174.833333,0.583001,0.000000
343,34.300,0.033333,0.033333,0.033333,0.033333,0.033333,0.033333,0.733333,0.033333,0.033333,3.000000,3.000000,3.000000,3.000000,3.000000,3.000000,66.000000,3.000000,3.000000,0.598800,0.000000,0.073345,1.000000,0.73344867,1.636641,0.000000,6,0.062517,1.109508,,,99.179656,174.833333,0.567281,0.000000
344,34.400,0.033333,0.033333,0.033333,0.033333,0.033333,0.033333,0.733333,0.033333,0.033333,3.000000,3.000000,3.000000,3.000000,3.000000,3.000000,66.000000,3.000000,3.000000,0.657414,0.000000,0.089157,1.000000,0.89157203,1.636641,0.000000,6,0.062517,1.109508,,,102.474250,174.833333,0.586125,0.000000
345,34.500,0.033333,0.033333,0.033333,0.033333,0.033333,0.033333,0.733333,0.033333,0.033333,3.000000,3.000000,3.000000,3.000000,3.000000,3.000000,66.000000,3.000000,3.000000,0.590010,0.000000,0.102529,1.000000,1.02528590,1.636641,0.000000,6,0.062517,1.109508,,,105.572135,174.833333,0.603844,0.000000
346,34.600,0.033333,0.033333,0.033333,0.033333,0.033333,0.033333,0.733333,0.033333,0.033333,3.000000,3.000000,3.000000,3.000000,3.000000,3.000000,66.000000,3.000000,3.000000,0.600288,0.000000,0.017122,1.000000,0.17121722,1.636641,0.000000,6,0.062517,1.109508,,,100.484144,174.833333,0.574742,0.000000
347,34.700,0.033333,0.033333,0.033333,0.033333,0.033333,0.033333,0.733333,0.033333,0.033333,3.000000,3.000000,3.000000,3.000000,3.000000,3.000000,66.000000,3.000000,3.000000,0.655049,0.000000,0.083598,1.000000,0.83598192,1.636641,0.000000,6,0.062517,1.109508,,,103.143835,174.833333,0.589955,0.000000
348,34.800,0.033333,0.033333,0.033333,0.033333,0.033333,0.033333,0.733333,0.033333,0.033333,3.000000,3.000000,3.000000,3.000000,3.000000,3.000000,66.000000,3.000000,3.000000,0.618854,0.000000,0.055254,1.000000,0.55254439,1.636641,0.000000,6,0.062517,1.109508,,,100.639797,174.833333,0.575633,0.000000
349,34.900,0.033333,0.033333,0.033333,0.033333,0.033333,0.033333,0.733333,0.033333,0.033333,3.000000,3.000000,3.000000,3.000000,3.000000,3.000000,66.000000,3.000000,3.000000,0.607306,0.000000,0.018660,1.000000,0.18660368,1.636641,0.000000,6,0.062517,1.109508,,,97.845163,174.833333,0.559648,0.000000
350,35.000,0.033333,0.033333,0.033333,0.033333,0.033333,0.033333,0.733333,0.033333,0.033333,3.000000,3.000000,3.000000,3.000000,3.000000,3.000000,66.000000,3.000000,3.000000,0.588604,0.000000,0.030796,1.000000,0.30796204,1.636641,0.000000,6,0.062517,1.109508,,,99.898830,174.833333,0.571395,0.000000
351,35.100,0.033333,0.033333,0.033333,0.033333,0.033333,0.033333,0.733333,0.033333,0.033333,3.000000,3.000000,3.000000,3.000000,3.000000,3.000000,66.000000,3.000000,3.000000,0.646636,0.000000,0.089745,1.000000,0.89745008,1.636641,0.000000,6,0.062517,1.109508,,,104.905595,174.833333,0.600032,0.000000
352,35.200,0.033333,0.033333,0.033333,0.033333,0.033333,0.033333,0.733333,0.033333,0.033333,3.000000,3.000000,3.000000,3.000000,3.000000,3.000000,66.000000,3.000000,3.000000,0.650688,0.000000,0.006228,1.000000,0.06227722,1.636641,0.000000,6,0.062517,1.109508,,,105.975242,174.833333,0.606150,0.000000
353,35.300,0.033333,0.033333,0.033333,0.033333,0.033333,0.033333,0.733333,0.033333,0.033333,3.000000,3.000000,3.000000,3.000000,3.000000,3.000000,66.000000,3.000000,3.000000,0.586011,0.000000,0.099398,1.000000,0.99397726,1.636641,0.000000,6,0.062517,1.109508,,,98.900256,174.833333,0.565683,0.000000
354,35.400,0.033333,0.033333,0.033333,0.033333,0.033333,0.033333,0.733333,0.033333,0.033333,3.000000,3.000000,3.000000,3.000000,3.000000,3.000000,66.000000,3.000000,3.000000,0.574812,0.000000,0.019111,1.000000,0.19111392,1.636641,0.000000,6,0.062517,1.109508,,,94.899161,174.833333,0.542798,0.000000
355,35.500,0.033333,0.033333,0.033333,0.033333,0.033333,0.033333,0.733333,0.033333,0.033333,3.000000,3.000000,3.000000,3.000000,3.000000,3.000000,66.000000,3.000000,3.000000,0.574586,0.000000,0.000392,1.000000,0.00392088,1.636641,0.000000,6,0.062517,1.109508,,,92.350613,174.833333,0.528221,0.000000
356,35.600,0.033333,0.033333,0.033333,0.033333,0.033333,0.033333,0.733333,0.033333,0.033333,3.000000,3.000000,3.000000,3.000000,3.000000,3.000000,66.000000,3.000000,3.000000,0.594802,0.000000,0.033987,1.000000,0.33987162,1.636641,0.000000,6,0.062517,1.109508,,,101.295711,174.833333,0.579384,0.000000
357,35.700,0.033333,0.033333,0.033333,0.033333,0.033333,0.033333,0.733333,0.033333,0.033333,3.000000,3.000000,3.000000,3.000000,3.000000,3.000000,66.000000,3.000000,3.000000,0.583139,0.000000,0.019608,1.000000,0.19607655,1.636641,0.000000,6,0.062517,1.109508,,,96.997115,174.833333,0.554798,0.000000
358,35.800,0.033333,0.033333,0.033333,0.033333,0.033333,0.033333,0.733333,0.033333,0.033333,3.000000,3.000000,3.000000,3.000000,3.000000,3.000000,66.000000,3.000000,3.000000,0.664559,0.000000,0.122517,1.000000,1.22517411,1.636641,0.000000,6,0.062517,1.109508,,,104.108637,174.833333,0.595474,0.000000
359,35.900,0.033333,0.033333,0.033333,0.033333,0.033333,0.033333,0.733333,0.033333,0.033333,3.000000,3.000000,3.000000,3.000000,3.000000,3.000000,66.000000,3.000000,3.000000,0.666082,0.000000,0.002286,1.000000,0.02285830,1.636641,0.000000,6,0.062517,1.109508,,,99.167955,174.833333,0.567214,0.000000
360,36.000,0.033333,0.033333,0.033333,0.033333,0.033333,0.033333,0.733333,0.033333,0.033333,3.000000,3.000000,3.000000,3.000000,3.000000,3.000000,66.000000,3.000000,3.000000,0.588331,0.000000,0.116730,1.000000,1.16729553,1.636641,0.000000,6,0.062517,1.109508,,,102.950115,174.833333,0.588847,0.000000
361,36.100,0.033333,0.033333,0.033333,0.033333,0.033333,0.033333,0.733333,0.033333,0.033333,3.000000,3.000000,3.000000,3.000000,3.000000,3.000000,66.000000,3.000000,3.000000,0.631306,0.000000,0.068074,1.000000,0.68073707,1.636641,0.000000,6,0.062517,1.109508,,,95.275696,174.833333,0.544952,0.000000
362,36.200,0.033333,0.033333,0.033333,0.033333,0.033333,0.033333,0.733333,0.033333,0.033333,3.000000,3.000000,3.000000,3.000000,3.000000,3.000000,66.000000,3.000000,3.000000,0.625260,0.000000,0.009577,1.000000,0.09576885,1.636641,0.000000,6,0.062517,1.109508,,,100.022545,174.833333,0.572102,0.000000
363,36.300,0.033333,0.033333,0.033333,0.033333,0.033333,0.033333,0.733333,0.033333,0.033333,3.000000,3.000000,3.000000,3.000000,3.000000,3.000000,66.000000,3.000000,3.000000,0.591407,0.000000,0.054142,1.000000,0.54141825,1.636641,0.000000,6,0.062517,1.109508,,,98.480657,174.833333,0.563283,0.000000
364,36.400,0.033333,0.033333,0.033333,0.033333,0.033333,0.033333,0.733333,0.033333,0.033333,3.000000,3.000000,3.000000,3.000000,3.000000,3.000000,66.000000,3.000000,3.000000,0.651618,0.000000,0.092401,1.000000,0.92401346,1.636641,0.000000,6,0.062517,1.109508,,,107.003367,174.833333,0.612031,0.000000
365,36.500,0.033333,0.033333,0.033333,0.033333,0.033333,0.033333,0.733333,0.033333,0.033333,3.000000,3.000000,3.000000,3.000000,3.000000,3.000000,66.000000,3.000000,3.000000,0.679832,0.000000,0.041503,1.000000,0.41502562,1.636641,0.000000,6,0.062517,1.109508,,,104.620171,174.833333,0.598399,0.000000
366,36.600,0.033333,0.033333,0.033333,0.033333,0.033333,0.033333,0.733333,0.033333,0.033333,3.000000,3.000000,3.000000,3.000000,3.000000,3.000000,66.000000,3.000000,3.000000,0.628262,0.000000,0.075857,1.000000,0.75857321,1.636641,0.000000,6,0.062517,1.109508,,,102.523935,174.833333,0.586410,0.000000
367,36.700,0.033333,0.033333,0.033333,0.033333,0.033333,0.033333,0.733333,0.033333,0.033333,3.000000,3.000000,3.000000,3.000000,3.000000,3.000000,66.000000,3.000000,3.000000,0.676583,0.000000,0.071419,1.000000,0.71418860,1.636641,0.000000,6,0.062517,1.109508,,,107.831326,174.833333,0.616766,0.000000
368,36.800,0.033333,0.033333,0.033333,0.033333,0.033333,0.033333,0.733333,0.033333,0.033333,3.000000,3.000000,3.000000,3.000000,3.000000,3.000000,66.000000,3.000000,3.000000,0.682081,0.000000,0.008060,1.000000,0.08060240,1.636641,0.000000,6,0.062517,1.109508,,,105.245932,174.833333,0.601979,0.000000
369,36.900,0.033333,0.033333,0.033333,0.033333,0.033333,0.033333,0.733333,0.033333,0.033333,3.000000,3.000000,3.000000,3.000000,3.000000,3.000000,66.000000,3.000000,3.000000,0.659079,0.000000,0.033723,1.000000,0.33722856,1.636641,0.000000,6,0.062517,1.109508,,,103.329075,174.833333,0.591015,0.000000
370,37.000,0.033333,0.033333,0.033333,0.033333,0.033333,0.033333,0.733333,0.033333,0.033333,3.000000,3.000000,3.000000,3.000000,3.000000,3.000000,66.000000,3.000000,3.000000,0.655900,0.000000,0.004824,1.000000,0.04823871,1.636641,0.000000,6,0.062517,1.109508,,,104.125148,174.833333,0.595568,0.000000
371,37.100,0.033333,0.033333,0.033333,0.033333,0.033333,0.033333,0.733333,0.033333,0.033333,3.000000,3.000000,3.000000,3.000000,3.000000,3.000000,66.000000,3.000000,3.000000,0.674050,0.000000,0.026927,1.000000,0.26927488,1.636641,0.000000,6,0.062517,1.109508,,,102.467617,174.833333,0.586087,0.000000
372,37.200,0.033333,0.033333,0.033333,0.033333,0.033333,0.033333,0.733333,0.033333,0.033333,3.000000,3.000000,3.000000,3.000000,3.000000,3.000000,66.000000,3.000000,3.000000,0.633983,0.000000,0.059442,1.000000,0.59442047,1.636641,0.000000,6,0.062517,1.109508,,,101.181956,174.833333,0.578734,0.000000
373,37.300,0.033333,0.033333,0.033333,0.033333,0.033333,0.033333,0.733333,0.033333,0.033333,3.000000,3.000000,3.000000,3.000000,3.000000,3.000000,66.000000,3.000000,3.000000,0.627626,0.000000,0.010027,1.000000,0.10027134,1.636641,0.000000,6,0.062517,1.109508,,,101.071045,174.833333,0.578099,0.000000
374,37.400,0.033333,0.033333,0.033333,0.033333,0.033333,0.033333,0.733333,0.033333,0.033333,3.000000,3.000000,3.000000,3.000000,3.000000,3.000000,66.000000,3.000000,3.000000,0.688148,0.000000,0.087949,1.000000,0.87948713,1.636641,0.000000,6,0.062517,1.109508,,,105.343529,174.833333,0.602537,0.000000
375,37.500,0.033333,0.033333,0.033333,0.033333,0.033333,0.033333,0.733333,0.033333,0.033333,3.000000,3.000000,3.000000,3.000000,3.000000,3.000000,66.000000,3.000000,3.000000,0.659535,0.000000,0.041579,1.000000,0.41579491,1.636641,0.000000,6,0.062517,1.109508,,,105.091542,174.833333,0.601096,0.000000
376,37.600,0.033333,0.033333,0.033333,0.033333,0.033333,0.033333,0.733333,0.033333,0.033333,3.000000,3.000000,3.000000,3.000000,3.000000,3.000000,66.000000,3.000000,3.000000,0.660964,0.000000,0.002163,1.000000,0.02162735,1.636641,0.000000,6,0.062517,1.109508,,,102.069762,174.833333,0.583812,0.000000
377,37.700,0.033333,0.033333,0.033333,0.033333,0.033333,0.033333,0.733333,0.033333,0.033333,3.000000,3.000000,3.000000,3.000000,3.000000,3.000000,66.000000,3.000000,3.000000,0.695063,0.000000,0.049058,1.000000,0.49058069,1.636641,0.000000,6,0.062517,1.109508,,,106.511362,174.833333,0.609217,0.000000
378,37.800,0.033333,0.033333,0.033333,0.033333,0.033333,0.033333,0.733333,0.033333,0.033333,3.000000,3.000000,3.000000,3.000000,3.000000,3.000000,66.000000,3.000000,3.000000,0.623816,0.000000,0.102505,1.000000,1.02504583,1.636641,0.000000,6,0.062517,1.109508,,,104.193640,174.833333,0.595960,0.000000
379,37.900,0.033333,0.033333,0.033333,0.033333,0.033333,0.033333,0.733333,0.033333,0.033333,3.000000,3.000000,3.000000,3.000000,3.000000,3.000000,66.000000,3.000000,3.000000,0.648198,0.000000,0.037616,1.000000,0.37615674,1.636641,0.000000,6,0.062517,1.109508,,,102.341572,174.833333,0.585366,0.000000
380,38.000,0.033333,0.033333,0.033333,0.033333,0.033333,0.033333,0.733333,0.033333,0.033333,3.000000,3.000000,3.000000,3.000000,3.000000,3.000000,66.000000,3.000000,3.000000,0.616447,0.000000,0.048984,1.000000,0.48984415,1.636641,0.000000,6,0.062517,1.109508,,,104.848401,174.833333,0.599705,0.000000
381,38.100,0.033333,0.033333,0.033333,0.033333,0.033333,0.033333,0.733333,0.033333,0.033333,3.000000,3.000000,3.000000,3.000000,3.000000,3.000000,66.000000,3.000000,3.000000,0.660928,0.000000,0.067301,1.000000,0.67301125,1.636641,0.000000,6,0.062517,1.109508,,,103.941413,174.833333,0.594517,0.000000
382,38.200,0.033333,0.033333,0.033333,0.033333,0.033333,0.033333,0.733333,0.033333,0.033333,3.000000,3.000000,3.000000,3.000000,3.000000,3.000000,66.000000,3.000000,3.000000,0.620533,0.000000,0.061118,1.000000,0.61117614,1.636641,0.000000,6,0.062517,1.109508,,,105.600400,174.833333,0.604006,0.000000
383,38.300,0.033333,0.033333,0.033333,0.033333,0.033333,0.033333,0.733333,0.033333,0.033333,3.000000,3.000000,3.000000,3.000000,3.000000,3.000000,66.000000,3.000000,3.000000,0.711958,0.000000,0.128413,1.000000,1.28412906,1.636641,0.000000,6,0.062517,1.109508,,,109.638589,174.833333,0.627103,0.000000
384,38.400,0.033333,0.033333,0.033333,0.033333,0.033333,0.033333,0.733333,0.033333,0.033333,3.000000,3.000000,3.000000,3.000000,3.000000,3.000000,66.000000,3.000000,3.000000,0.665070,0.000000,0.065857,1.000000,0.65857450,1.636641,0.000000,6,0.062517,1.109508,,,101.464177,174.833333,0.580348,0.000000
385,38.500,0.033333,0.033333,0.033333,0.033333,0.033333,0.033333,0.033333,0.733333,0.033333,3.000000,3.000000,3.000000,3.000000,3.000000,3.000000,3.000000,66.000000,3.000000,0.653114,0.000000,0.487814,0.771429,4.87814179,1.636641,0.500000,6,0.273964,-0.541748,,,85.992423,122.333333,0.702935,0.000000
386,38.600,0.033333,0.033333,0.033333,0.033333,0.033333,0.033333,0.033333,0.733333,0.033333,3.000000,3.000000,3.000000,3.000000,3.000000,3.000000,3.000000,66.000000,3.000000,0.694586,0.000000,0.059708,1.000000,0.59707985,1.636641,0.000000,6,0.273964,-0.541748,,,69.064131,122.333333,0.564557,0.000000
387,38.700,0.033333,0.033333,0.033333,0.033333,0.033333,0.033333,0.033333,0.733333,0.033333,3.000000,3.000000,3.000000,3.000000,3.000000,3.000000,3.000000,66.000000,3.000000,0.689421,0.000000,0.007437,1.000000,0.07437137,1.636641,0.000000,6,0.273964,-0.541748,,,66.296000,122.333333,0.541929,0.000000
388,38.800,0.033333,0.033333,0.033333,0.033333,0.033333,0.033333,0.033333,0.733333,0.033333,3.000000,3.000000,3.000000,3.000000,3.000000,3.000000,3.000000,66.000000,3.000000,0.721782,0.000000,0.044836,1.000000,0.44835523,1.636641,0.000000,6,0.273964,-0.541748,,,58.520780,122.333333,0.478372,0.000000
389,38.900,0.033333,0.033333,0.033333,0.033333,0.033333,0.033333,0.033333,0.733333,0.033333,3.000000,3.000000,3.000000,3.000000,3.000000,3.000000,3.000000,66.000000,3.000000,0.721768,0.000000,0.000019,1.000000,0.00019423,1.636641,0.000000,6,0.273964,-0.541748,,,67.027948,122.333333,0.547912,0.000000
390,39.000,0.033333,0.033333,0.033333,0.033333,0.033333,0.033333,0.033333,0.733333,0.033333,3.000000,3.000000,3.000000,3.000000,3.000000,3.000000,3.000000,66.000000,3.000000,0.672617,0.000000,0.068098,1.000000,0.68098161,1.636641,0.000000,6,0.273964,-0.541748,,,73.153201,122.333333,0.597983,0.000000
391,39.100,0.033333,0.033333,0.033333,0.033333,0.033333,0.033333,0.033333,0.733333,0.033333,3.000000,3.000000,3.000000,3.000000,3.000000,3.000000,3.000000,66.000000,3.000000,0.640441,0.000000,0.047837,1.000000,0.47837473,1.636641,0.000000,6,0.273964,-0.541748,,,67.384506,122.333333,0.550827,0.000000
392,39.200,0.033333,0.033333,0.033333,0.033333,0.033333,0.033333,0.033333,0.733333,0.033333,3.000000,3.000000,3.000000,3.000000,3.000000,3.000000,3.000000,66.000000,3.000000,0.635991,0.000000,0.006948,1.000000,0.06947539,1.636641,0.000000,6,0.273964,-0.541748,,,68.312243,122.333333,0.558411,0.000000
393,39.300,0.033333,0.033333,0.033333,0.033333,0.033333,0.033333,0.033333,0.733333,0.033333,3.000000,3.000000,3.000000,3.000000,3.000000,3.000000,3.000000,66.000000,3.000000,0.698677,0.000000,0.089721,1.000000,0.89721269,1.636641,0.000000,6,0.273964,-0.541748,,,71.994860,122.333333,0.588514,0.000000
394,39.400,0.033333,0.033333,0.033333,0.033333,0.033333,0.033333,0.033333,0.733333,0.033333,3.000000,3.000000,3.000000,3.000000,3.000000,3.000000,3.000000,66.000000,3.000000,0.728645,0.000000,0.041127,1.000000,0.41127490,1.636641,0.000000,6,0.273964,-0.541748,,,70.264340,122.333333,0.574368,0.000000
395,39.500,0.033333,0.033333,0.033333,0.033333,0.033333,0.033333,0.033333,0.733333,0.033333,3.000000,3.000000,3.000000,3.000000,3.000000,3.000000,3.000000,66.000000,3.000000,0.655323,0.000000,0.100628,1.000000,1.00627913,1.636641,0.000000,6,0.273964,-0.541748,,,71.268262,122.333333,0.582574,0.000000
396,39.600,0.033333,0.033333,0.033333,0.033333,0.033333,0.033333,0.033333,0.733333,0.033333,3.000000,3.000000,3.000000,3.000000,3.000000,3.000000,3.000000,66.000000,3.000000,0.665661,0.000000,0.015531,1.000000,0.15531396,1.636641,0.000000,6,0.273964,-0.541748,,,64.102918,122.333333,0.524002,0.000000
397,39.700,0.033333,0.033333,0.033333,0.033333,0.033333,0.033333,0.033333,0.733333,0.033333,3.000000,3.000000,3.000000,3.000000,3.000000,3.000000,3.000000,66.000000,3.000000,0.745502,0.000000,0.107097,1.000000,1.07096916,1.636641,0.000000,6,0.273964,-0.541748,,,71.181170,122.333333,0.581862,0.000000
398,39.800,0.033333,0.033333,0.033333,0.033333,0.033333,0.033333,0.033333,0.733333,0.033333,3.000000,3.000000,3.000000,3.000000,3.000000,3.000000,3.000000,66.000000,3.000000,0.681483,0.000000,0.085874,1.000000,0.85874339,1.636641,0.000000,6,0.273964,-0.541748,,,67.351956,122.333333,0.550561,0.000000
399,39.900,0.033333,0.033333,0.033333,0.033333,0.033333,0.033333,0.033333,0.733333,0.033333,3.000000,3.000000,3.000000,3.000000,3.000000,3.000000,3.000000,66.000000,3.000000,0.666401,0.000000,0.022132,1.000000,0.22131535,1.636641,0.000000,6,0.273964,-0.541748,,,60.546836,122.333333,0.494933,0.000000
400,40.000,0.033333,0.033333,0.033333,0.033333,0.033333,0.033333,0.033333,0.733333,0.033333,3.000000,3.000000,3.000000,3.000000,3.000000,3.000000,3.000000,66.000000,3.000000,0.666808,0.000000,0.000611,1.000000,0.00610810,1.636641,0.000000,6,0.273964,-0.541748,,,64.052253,122.333333,0.523588,0.000000
401,40.100,0.033333,0.033333,0.033333,0.033333,0.033333,0.033333,0.033333,0.733333,0.033333,3.000000,3.000000,3.000000,3.000000,3.000000,3.000000,3.000000,66.000000,3.000000,0.732286,0.000000,0.089416,1.000000,0.89415761,1.636641,0.000000,6,0.273964,-0.541748,,,69.394202,122.333333,0.567255,0.000000
402,40.200,0.033333,0.033333,0.033333,0.033333,0.033333,0.033333,0.033333,0.733333,0.033333,3.000000,3.000000,3.000000,3.000000,3.000000,3.000000,3.000000,66.000000,3.000000,0.697635,0.000000,0.047319,1.000000,0.47318915,1.636641,0.000000,6,0.273964,-0.541748,,,68.861867,122.333333,0.562904,0.000000
403,40.300,0.033333,0.033333,0.033333,0.033333,0.033333,0.033333,0.033333,0.733333,0.033333,3.000000,3.000000,3.000000,3.000000,3.000000,3.000000,3.000000,66.000000,3.000000,0.707098,0.000000,0.013384,1.000000,0.13383617,1.636641,0.000000,6,0.273964,-0.541748,,,67.595963,122.333333,0.552556,0.000000
404,40.400,0.033333,0.033333,0.033333,0.033333,0.033333,0.033333,0.033333,0.733333,0.033333,3.000000,3.000000,3.000000,3.000000,3.000000,3.000000,3.000000,66.000000,3.000000,0.750281,0.000000,0.057556,1.000000,0.57555632,1.636641,0.000000,6,0.273964,-0.541748,,,65.772573,122.333333,0.537650,0.000000
405,40.500,0.033333,0.033333,0.033333,0.033333,0.033333,0.033333,0.033333,0.733333,0.033333,3.000000,3.000000,3.000000,3.000000,3.000000,3.000000,3.000000,66.000000,3.000000,0.720273,0.000000,0.039996,1.000000,0.39996253,1.636641,0.000000,6,0.273964,-0.541748,,,68.134627,122.333333,0.556959,0.000000
406,40.600,0.033333,0.033333,0.033333,0.033333,0.033333,0.033333,0.033333,0.733333,0.033333,3.000000,3.000000,3.000000,3.000000,3.000000,3.000000,3.000000,66.000000,3.000000,0.724034,0.000000,0.005194,1.000000,0.05194472,1.636641,0.000000,6,0.273964,-0.541748,,,65.248946,122.333333,0.533370,0.000000
407,40.700,0.033333,0.033333,0.033333,0.033333,0.033333,0.033333,0.033333,0.733333,0.033333,3.000000,3.000000,3.000000,3.000000,3.000000,3.000000,3.000000,66.000000,3.000000,0.754179,0.000000,0.039970,1.000000,0.39970454,1.636641,0.000000,6,0.273964,-0.541748,,,69.453332,122.333333,0.567738,0.000000
408,40.800,0.033333,0.033333,0.033333,0.033333,0.033333,0.033333,0.033333,0.733333,0.033333,3.000000,3.000000,3.000000,3.000000,3.000000,3.000000,3.000000,66.000000,3.000000,0.732182,0.000000,0.029167,1.000000,0.29166988,1.636641,0.000000,6,0.273964,-0.541748,,,66.844411,122.333333,0.546412,0.000000
409,40.900,0.033333,0.033333,0.033333,0.033333,0.033333,0.033333,0.033333,0.733333,0.033333,3.000000,3.000000,3.000000,3.000000,3.000000,3.000000,3.000000,66.000000,3.000000,0.746726,0.000000,0.019477,1.000000,0.19477400,1.636641,0.000000,6,0.273964,-0.541748,,,66.693743,122.333333,0.545180,0.000000
410,41.000,0.033333,0.033333,0.033333,0.033333,0.033333,0.033333,0.033333,0.733333,0.033333,3.000000,3.000000,3.000000,3.000000,3.000000,3.000000,3.000000,66.000000,3.000000,0.685833,0.000000,0.081547,1.000000,0.81546899,1.636641,0.000000,6,0.273964,-0.541748,,,69.819258,122.333333,0.570730,0.000000
411,41.100,0.033333,0.033333,0.033333,0.033333,0.033333,0.033333,0.033333,0.733333,0.033333,3.000000,3.000000,3.000000,3.000000,3.000000,3.000000,3.000000,66.000000,3.000000,0.753037,0.000000,0.089244,1.000000,0.89244401,1.636641,0.000000,6,0.273964,-0.541748,,,73.604272,122.333333,0.601670,0.000000
412,41.200,0.033333,0.033333,0.033333,0.033333,0.033333,0.033333,0.033333,0.733333,0.033333,3.000000,3.000000,3.000000,3.000000,3.000000,3.000000,3.000000,66.000000,3.000000,0.690287,0.000000,0.083330,1.000000,0.83329621,1.636641,0.000000,6,0.273964,-0.541748,,,68.651459,122.333333,0.561184,0.000000
413,41.300,0.033333,0.033333,0.033333,0.033333,0.033333,0.033333,0.033333,0.733333,0.033333,3.000000,3.000000,3.000000,3.000000,3.000000,3.000000,3.000000,66.000000,3.000000,0.725565,0.000000,0.048622,1.000000,0.48621687,1.636641,0.000000,6,0.273964,-0.541748,,,68.157848,122.333333,0.557149,0.000000
414,41.400,0.033333,0.033333,0.033333,0.033333,0.033333,0.033333,0.033333,0.733333,0.033333,3.000000,3.000000,3.000000,3.000000,3.000000,3.000000,3.000000,66.000000,3.000000,0.714742,0.000000,0.014916,1.000000,0.14916002,1.636641,0.000000,6,0.273964,-0.541748,,,65.662386,122.333333,0.536750,0.000000
415,41.500,0.033333,0.033333,0.033333,0.033333,0.033333,0.033333,0.033333,0.733333,0.033333,3.000000,3.000000,3.000000,3.000000,3.000000,3.000000,3.000000,66.000000,3.000000,0.739697,0.000000,0.033736,1.000000,0.33735904,1.636641,0.000000,6,0.273964,-0.541748,,,68.759930,122.333333,0.562070,0.000000
416,41.600,0.033333,0.033333,0.033333,0.033333,0.033333,0.033333,0.033333,0.733333,0.033333,3.000000,3.000000,3.000000,3.000000,3.000000,3.000000,3.000000,66.000000,3.000000,0.792829,0.000000,0.067016,1.000000,0.67016174,1.636641,0.000000,6,0.273964,-0.541748,,,73.460845,122.333333,0.600497,0.000000
417,41.700,0.033333,0.033333,0.033333,0.033333,0.033333,0.033333,0.033333,0.733333,0.033333,3.000000,3.000000,3.000000,3.000000,3.000000,3.000000,3.000000,66.000000,3.000000,0.696246,0.000000,0.121821,1.000000,1.21820558,1.636641,0.000000,6,0.273964,-0.541748,,,71.297833,122.333333,0.582816,0.000000
418,41.800,0.033333,0.033333,0.033333,0.033333,0.033333,0.033333,0.033333,0.733333,0.033333,3.000000,3.000000,3.000000,3.000000,3.000000,3.000000,3.000000,66.000000,3.000000,0.792495,0.000000,0.121451,1.000000,1.21450810,1.636641,0.000000,6,0.273964,-0.541748,,,74.310774,122.333333,0.607445,0.000000
419,41.900,0.033333,0.033333,0.033333,0.033333,0.033333,0.033333,0.033333,0.733333,0.033333,3.000000,3.000000,3.000000,3.000000,3.000000,3.000000,3.000000,66.000000,3.000000,0.766790,0.000000,0.032435,1.000000,0.32435415,1.636641,0.000000,6,0.273964,-0.541748,,,70.000161,122.333333,0.572208,0.000000
420,42.000,0.033333,0.033333,0.033333,0.033333,0.033333,0.033333,0.033333,0.733333,0.033333,3.000000,3.000000,3.000000,3.000000,3.000000,3.000000,3.000000,66.000000,3.000000,0.732902,0.000000,0.044196,1.000000,0.44195671,1.636641,0.000000,6,0.273964,-0.541748,,,70.024483,122.333333,0.572407,0.000000
421,42.100,0.033333,0.033333,0.033333,0.033333,0.033333,0.033333,0.033333,0.733333,0.033333,3.000000,3.000000,3.000000,3.000000,3.000000,3.000000,3.000000,66.000000,3.000000,0.713716,0.000000,0.026178,1.000000,0.26178288,1.636641,0.000000,6,0.273964,-0.541748,,,65.706281,122.333333,0.537109,0.000000
422,42.200,0.033333,0.033333,0.033333,0.033333,0.033333,0.033333,0.033333,0.733333,0.033333,3.000000,3.000000,3.000000,3.000000,3.000000,3.000000,3.000000,66.000000,3.000000,0.807183,0.000000,0.115795,1.000000,1.15794778,1.636641,0.000000,6,0.273964,-0.541748,,,76.149718,122.333333,0.622477,0.000000
423,42.300,0.033333,0.033333,0.033333,0.033333,0.033333,0.033333,0.033333,0.733333,0.033333,3.000000,3.000000,3.000000,3.000000,3.000000,3.000000,3.000000,66.000000,3.000000,0.716473,0.000000,0.112379,1.000000,1.12378628,1.636641,0.000000,6,0.273964,-0.541748,,,71.929865,122.333333,0.587983,0.000000
424,42.400,0.033333,0.033333,0.033333,0.033333,0.033333,0.033333,0.033333,0.733333,0.033333,3.000000,3.000000,3.000000,3.000000,3.000000,3.000000,3.000000,66.000000,3.000000,0.760071,0.000000,0.057361,1.000000,0.57360502,1.636641,0.000000,6,0.273964,-0.541748,,,69.951229,122.333333,0.571808,0.000000
425,42.500,0.033333,0.033333,0.033333,0.033333,0.033333,0.033333,0.033333,0.733333,0.033333,3.000000,3.000000,3.000000,3.000000,3.000000,3.000000,3.000000,66.000000,3.000000,0.749491,0.000000,0.013920,1.000000,0.13920320,1.636641,0.000000,6,0.273964,-0.541748,,,65.276221,122.333333,0.533593,0.000000
426,42.600,0.033333,0.033333,0.033333,0.033333,0.033333,0.033333,0.033333,0.733333,0.033333,3.000000,3.000000,3.000000,3.000000,3.000000,3.000000,3.000000,66.000000,3.000000,0.752819,0.000000,0.004421,1.000000,0.04421115,1.636641,0.000000,6,0.273964,-0.541748,,,66.270983,122.333333,0.541725,0.000000
427,42.700,0.033333,0.033333,0.033333,0.033333,0.033333,0.033333,0.033333,0.733333,0.033333,3.000000,3.000000,3.000000,3.000000,3.000000,3.000000,3.000000,66.000000,3.000000,0.817114,0.000000,0.078686,1.000000,0.78685760,1.636641,0.000000,6,0.273964,-0.541748,,,73.222836,122.333333,0.598552,0.000000
428,42.800,0.033333,0.033333,0.033333,0.033333,0.033333,0.033333,0.033333,0.733333,0.033333,3.000000,3.000000,3.000000,3.000000,3.000000,3.000000,3.000000,66.000000,3.000000,0.740430,0.000000,0.093847,1.000000,0.93847402,1.636641,0.000000,6,0.273964,-0.541748,,,73.690974,122.333333,0.602379,0.000000
429,42.900,0.033333,0.033333,0.033333,0.033333,0.033333,0.033333,0.033333,0.733333,0.033333,3.000000,3.000000,3.000000,3.000000,3.000000,3.000000,3.000000,66.000000,3.000000,0.748169,0.000000,0.010343,1.000000,0.10343324,1.636641,0.000000,6,0.273964,-0.541748,,,67.371968,122.333333,0.550725,0.000000
430,43.000,0.033333,0.033333,0.033333,0.033333,0.033333,0.033333,0.033333,0.733333,0.033333,3.000000,3.000000,3.000000,3.000000,3.000000,3.000000,3.000000,66.000000,3.000000,0.818759,0.000000,0.086216,1.000000,0.86215774,1.636641,0.000000,6,0.273964,-0.541748,,,72.016734,122.333333,0.588693,0.000000
431,43.100,0.033333,0.033333,0.033333,0.033333,0.033333,0.033333,0.033333,0.733333,0.033333,3.000000,3.000000,3.000000,3.000000,3.000000,3.000000,3.000000,66.000000,3.000000,0.804300,0.000000,0.017659,1.000000,0.17658553,1.636641,0.000000,6,0.273964,-0.541748,,,72.962592,122.333333,0.596424,0.000000
432,43.200,0.033333,0.033333,0.033333,0.033333,0.033333,0.033333,0.033333,0.733333,0.033333,3.000000,3.000000,3.000000,3.000000,3.000000,3.000000,3.000000,66.000000,3.000000,0.811471,0.000000,0.008837,1.000000,0.08836835,1.636641,0.000000,6,0.273964,-0.541748,,,71.936772,122.333333,0.588039,0.000000
433,43.300,0.033333,0.033333,0.033333,0.033333,0.033333,0.033333,0.033333,0.733333,0.033333,3.000000,3.000000,3.000000,3.000000,3.000000,3.000000,3.000000,66.000000,3.000000,0.828293,0.000000,0.020308,1.000000,0.20308400,1.636641,0.000000,6,0.273964,-0.541748,,,72.434690,122.333333,0.592109,0.000000
434,43.400,0.033333,0.033333,0.033333,0.033333,0.033333,0.033333,0.033333,0.733333,0.033333,3.000000,3.000000,3.000000,3.000000,3.000000,3.000000,3.000000,66.000000,3.000000,0.795166,0.000000,0.039993,1.000000,0.39993447,1.636641,0.000000,6,0.273964,-0.541748,,,70.642870,122.333333,0.577462,0.000000
435,43.500,0.033333,0.033333,0.033333,0.033333,0.033333,0.033333,0.033333,0.733333,0.033333,3.000000,3.000000,3.000000,3.000000,3.000000,3.000000,3.000000,66.000000,3.000000,0.772682,0.000000,0.028277,1.000000,0.28276675,1.636641,0.000000,6,0.273964,-0.541748,,,70.540822,122.333333,0.576628,0.000000
436,43.600,0.033333,0.033333,0.033333,0.033333,0.033333,0.033333,0.033333,0.733333,0.033333,3.000000,3.000000,3.000000,3.000000,3.000000,3.000000,3.000000,66.000000,3.000000,0.778055,0.000000,0.006906,1.000000,0.06906421,1.636641,0.000000,6,0.273964,-0.541748,,,70.311323,122.333333,0.574752,0.000000
437,43.700,0.033333,0.033333,0.033333,0.033333,0.033333,0.033333,0.033333,0.733333,0.033333,3.000000,3.000000,3.000000,3.000000,3.000000,3.000000,3.000000,66.000000,3.000000,0.802776,0.000000,0.030794,1.000000,0.30794282,1.636641,0.000000,6,0.273964,-0.541748,,,69.952155,122.333333,0.571816,0.000000
438,43.800,0.033333,0.033333,0.033333,0.033333,0.033333,0.033333,0.033333,0.733333,0.033333,3.000000,3.000000,3.000000,3.000000,3.000000,3.000000,3.000000,66.000000,3.000000,0.821471,0.000000,0.022758,1.000000,0.22758328,1.636641,0.000000,6,0.273964,-0.541748,,,71.850440,122.333333,0.587333,0.000000
439,43.900,0.033333,0.033333,0.033333,0.033333,0.033333,0.033333,0.033333,0.733333,0.033333,3.000000,3.000000,3.000000,3.000000,3.000000,3.000000,3.000000,66.000000,3.000000,0.796629,0.000000,0.030241,1.000000,0.30240940,1.636641,0.000000,6,0.273964,-0.541748,,,68.621864,122.333333,0.560942,0.000000
440,44.000,0.033333,0.033333,0.033333,0.033333,0.033333,0.033333,0.033333,0.033333,0.733333,3.000000,3.000000,3.000000,3.000000,3.000000,3.000000,3.000000,3.000000,66.000000,0.806387,0.250000,0.586566,0.946125,5.86565812,1.636641,0.000000,8,0.093988,1.144958,,,150.213081,202.833333,0.740574,0.000000
441,44.100,0.033333,0.033333,0.033333,0.033333,0.033333,0.033333,0.033333,0.033333,0.733333,3.000000,3.000000,3.000000,3.000000,3.000000,3.000000,3.000000,3.000000,66.000000,0.787249,0.000000,0.023734,1.000000,0.23733749,1.636641,0.000000,8,0.093988,1.144958,,,120.612566,202.833333,0.594639,0.000000
442,44.200,0.033333,0.033333,0.033333,0.033333,0.033333,0.033333,0.033333,0.033333,0.733333,3.000000,3.000000,3.000000,3.000000,3.000000,3.000000,3.000000,3.000000,66.000000,0.825325,0.000000,0.046135,1.000000,0.46134612,1.636641,0.000000,8,0.093988,1.144958,,,122.193469,202.833333,0.602433,0.000000
443,44.300,0.033333,0.033333,0.033333,0.033333,0.033333,0.033333,0.033333,0.033333,0.733333,3.000000,3.000000,3.000000,3.000000,3.000000,3.000000,3.000000,3.000000,66.000000,0.866293,0.000000,0.047291,1.000000,0.47291083,1.636641,0.000000,8,0.093988,1.144958,,,129.693298,202.833333,0.639408,0.000000
444,44.400,0.033333,0.033333,0.033333,0.033333,0.033333,0.033333,0.033333,0.033333,0.733333,3.000000,3.000000,3.000000,3.000000,3.000000,3.000000,3.000000,3.000000,66.000000,0.839215,0.000000,0.031257,1.000000,0.31257003,1.636641,0.000000,8,0.093988,1.144958,,,126.015197,202.833333,0.621275,0.000000
445,44.500,0.033333,0.033333,0.033333,0.033333,0.033333,0.033333,0.033333,0.033333,0.733333,3.000000,3.000000,3.000000,3.000000,3.000000,3.000000,3.000000,3.000000,66.000000,0.820228,0.000000,0.022625,1.000000,0.22624787,1.636641,0.000000,8,0.093988,1.144958,,,123.976445,202.833333,0.611223,0.000000
446,44.600,0.033333,0.033333,0.033333,0.033333,0.033333,0.033333,0.033333,0.033333,0.733333,3.000000,3.000000,3.000000,3.000000,3.000000,3.000000,3.000000,3.000000,66.000000,0.869986,0.000000,0.057194,1.000000,0.57193958,1.636641,0.000000,8,0.093988,1.144958,,,128.632850,202.833333,0.634180,0.000000
447,44.700,0.033333,0.033333,0.033333,0.033333,0.033333,0.033333,0.033333,0.033333,0.733333,3.000000,3.000000,3.000000,3.000000,3.000000,3.000000,3.000000,3.000000,66.000000,0.801321,0.000000,0.078927,1.000000,0.78926911,1.636641,0.000000,8,0.093988,1.144958,,,126.428355,202.833333,0.623312,0.000000
448,44.800,0.033333,0.033333,0.033333,0.033333,0.033333,0.033333,0.033333,0.033333,0.733333,3.000000,3.000000,3.000000,3.000000,3.000000,3.000000,3.000000,3.000000,66.000000,0.819216,0.000000,0.021844,1.000000,0.21844196,1.636641,0.000000,8,0.093988,1.144958,,,127.878616,202.833333,0.630462,0.000000
449,44.900,0.033333,0.033333,0.033333,0.033333,0.033333,0.033333,0.033333,0.033333,0.733333,3.000000,3.000000,3.000000,3.000000,3.000000,3.000000,3.000000,3.000000,66.000000,0.879596,0.000000,0.068645,1.000000,0.68645250,1.636641,0.000000,8,0.093988,1.144958,,,126.427476,202.833333,0.623307,0.000000
450,45.000,0.033333,0.033333,0.033333,0.033333,0.033333,0.033333,0.033333,0.033333,0.733333,3.000000,3.000000,3.000000,3.000000,3.000000,3.000000,3.000000,3.000000,66.000000,0.789216,0.000000,0.102751,1.000000,1.02751489,1.636641,0.000000,8,0.093988,1.144958,,,126.071204,202.833333,0.621551,0.000000
451,45.100,0.033333,0.033333,0.033333,0.033333,0.033333,0.033333,0.033333,0.033333,0.733333,3.000000,3.000000,3.000000,3.000000,3.000000,3.000000,3.000000,3.000000,66.000000,0.862402,0.000000,0.084862,1.000000,0.84862458,1.636641,0.000000,8,0.093988,1.144958,,,130.320317,202.833333,0.642500,0.000000
452,45.200,0.033333,0.033333,0.033333,0.033333,0.033333,0.033333,0.033333,0.033333,0.733333,3.000000,3.000000,3.000000,3.000000,3.000000,3.000000,3.000000,3.000000,66.000000,0.842264,0.000000,0.023351,1.000000,0.23350602,1.636641,0.000000,8,0.093988,1.144958,,,125.922332,202.833333,0.620817,0.000000
453,45.300,0.033333,0.033333,0.033333,0.033333,0.033333,0.033333,0.033333,0.033333,0.733333,3.000000,3.000000,3.000000,3.000000,3.000000,3.000000,3.000000,3.000000,66.000000,0.816064,0.000000,0.031107,1.000000,0.31107001,1.636641,0.000000,8,0.093988,1.144958,,,127.132534,202.833333,0.626783,0.000000
454,45.400,0.033333,0.033333,0.033333,0.033333,0.033333,0.033333,0.033333,0.033333,0.733333,3.000000,3.000000,3.000000,3.000000,3.000000,3.000000,3.000000,3.000000,66.000000,0.809060,0.000000,0.008582,1.000000,0.08581680,1.636641,0.000000,8,0.093988,1.144958,,,120.947522,202.833333,0.596290,0.000000
455,45.500,0.033333,0.033333,0.033333,0.033333,0.033333,0.033333,0.033333,0.033333,0.733333,3.000000,3.000000,3.000000,3.000000,3.000000,3.000000,3.000000,3.000000,66.000000,0.844618,0.000000,0.042099,1.000000,0.42098856,1.636641,0.000000,8,0.093988,1.144958,,,124.956938,202.833333,0.616057,0.000000
456,45.600,0.033333,0.033333,0.033333,0.033333,0.033333,0.033333,0.033333,0.033333,0.733333,3.000000,3.000000,3.000000,3.000000,3.000000,3.000000,3.000000,3.000000,66.000000,0.875423,0.000000,0.035189,1.000000,0.35188873,1.636641,0.000000,8,0.093988,1.144958,,,125.156852,202.833333,0.617043,0.000000
457,45.700,0.033333,0.033333,0.033333,0.033333,0.033333,0.033333,0.033333,0.033333,0.733333,3.000000,3.000000,3.000000,3.000000,3.000000,3.000000,3.000000,3.000000,66.000000,0.886506,0.000000,0.012502,1.000000,0.12501880,1.636641,0.000000,8,0.093988,1.144958,,,131.506099,202.833333,0.648346,0.000000
458,45.800,0.033333,0.033333,0.033333,0.033333,0.033333,0.033333,0.033333,0.033333,0.733333,3.000000,3.000000,3.000000,3.000000,3.000000,3.000000,3.000000,3.000000,66.000000,0.828353,0.000000,0.065598,1.000000,0.65597549,1.636641,0.000000,8,0.093988,1.144958,,,122.973305,202.833333,0.606278,0.000000
459,45.900,0.033333,0.033333,0.033333,0.033333,0.033333,0.033333,0.033333,0.033333,0.733333,3.000000,3.000000,3.000000,3.000000,3.000000,3.000000,3.000000,3.000000,66.000000,0.850236,0.000000,0.025737,1.000000,0.25737046,1.636641,0.000000,8,0.093988,1.144958,,,124.931603,202.833333,0.615932,0.000000
460,46.000,0.033333,0.033333,0.033333,0.033333,0.033333,0.033333,0.033333,0.033333,0.733333,3.000000,3.000000,3.000000,3.000000,3.000000,3.000000,3.000000,3.000000,66.000000,0.840067,0.000000,0.011961,1.000000,0.11960558,1.636641,0.000000,8,0.093988,1.144958,,,124.135150,202.833333,0.612006,0.000000
461,46.100,0.033333,0.033333,0.033333,0.033333,0.033333,0.033333,0.033333,0.033333,0.733333,3.000000,3.000000,3.000000,3.000000,3.000000,3.000000,3.000000,3.000000,66.000000,0.902395,0.000000,0.069070,1.000000,0.69070282,1.636641,0.000000,8,0.093988,1.144958,,,127.762703,202.833333,0.629890,0.000000
462,46.200,0.033333,0.033333,0.033333,0.033333,0.033333,0.033333,0.033333,0.033333,0.733333,3.000000,3.000000,3.000000,3.000000,3.000000,3.000000,3.000000,3.000000,66.000000,0.880386,0.000000,0.024390,1.000000,0.24390234,1.636641,0.000000,8,0.093988,1.144958,,,125.441581,202.833333,0.618447,0.000000
463,46.300,0.033333,0.033333,0.033333,0.033333,0.033333,0.033333,0.033333,0.033333,0.733333,3.000000,3.000000,3.000000,3.000000,3.000000,3.000000,3.000000,3.000000,66.000000,0.884391,0.000000,0.004529,1.000000,0.04529260,1.636641,0.000000,8,0.093988,1.144958,,,125.129784,202.833333,0.616909,0.000000
464,46.400,0.033333,0.033333,0.033333,0.033333,0.033333,0.033333,0.033333,0.033333,0.733333,3.000000,3.000000,3.000000,3.000000,3.000000,3.000000,3.000000,3.000000,66.000000,0.920692,0.000000,0.039428,1.000000,0.39427619,1.636641,0.000000,8,0.093988,1.144958,,,126.647592,202.833333,0.624392,0.000000
465,46.500,0.033333,0.033333,0.033333,0.033333,0.033333,0.033333,0.033333,0.033333,0.733333,3.000000,3.000000,3.000000,3.000000,3.000000,3.000000,3.000000,3.000000,66.000000,0.890505,0.000000,0.032787,1.000000,0.32787454,1.636641,0.000000,8,0.093988,1.144958,,,129.457242,202.833333,0.638244,0.000000
466,46.600,0.033333,0.033333,0.033333,0.033333,0.033333,0.033333,0.033333,0.033333,0.733333,3.000000,3.000000,3.000000,3.000000,3.000000,3.000000,3.000000,3.000000,66.000000,0.885430,0.000000,0.005698,1.000000,0.05698380,1.636641,0.000000,8,0.093988,1.144958,,,126.981933,202.833333,0.626041,0.000000
467,46.700,0.033333,0.033333,0.033333,0.033333,0.033333,0.033333,0.033333,0.033333,0.733333,3.000000,3.000000,3.000000,3.000000,3.000000,3.000000,3.000000,3.000000,66.000000,0.897311,0.000000,0.013240,1.000000,0.13239889,1.636641,0.000000,8,0.093988,1.144958,,,121.955722,202.833333,0.601261,0.000000
468,46.800,0.033333,0.033333,0.033333,0.033333,0.033333,0.033333,0.033333,0.033333,0.733333,3.000000,3.000000,3.000000,3.000000,3.000000,3.000000,3.000000,3.000000,66.000000,0.859719,0.000000,0.041894,1.000000,0.41894131,1.636641,0.000000,8,0.093988,1.144958,,,123.162042,202.833333,0.607208,0.000000
469,46.900,0.033333,0.033333,0.033333,0.033333,0.033333,0.033333,0.033333,0.033333,0.733333,3.000000,3.000000,3.000000,3.000000,3.000000,3.000000,3.000000,3.000000,66.000000,0.881140,0.000000,0.024311,1.000000,0.24310716,1.636641,0.000000,8,0.093988,1.144958,,,127.198610,202.833333,0.627109,0.000000
470,47.000,0.033333,0.033333,0.033333,0.033333,0.033333,0.033333,0.033333,0.033333,0.733333,3.000000,3.000000,3.000000,3.000000,3.000000,3.000000,3.000000,3.000000,66.000000,0.889861,0.000000,0.009800,1.000000,0.09800118,1.636641,0.000000,8,0.093988,1.144958,,,125.576541,202.833333,0.619112,0.000000
471,47.100,0.033333,0.033333,0.033333,0.033333,0.033333,0.033333,0.033333,0.033333,0.733333,3.000000,3.000000,3.000000,3.000000,3.000000,3.000000,3.000000,3.000000,66.000000,0.868483,0.000000,0.024023,1.000000,0.24023482,1.636641,0.000000,8,0.093988,1.144958,,,119.256855,202.833333,0.587955,0.000000
472,47.200,0.033333,0.033333,0.033333,0.033333,0.033333,0.033333,0.033333,0.033333,0.733333,3.000000,3.000000,3.000000,3.000000,3.000000,3.000000,3.000000,3.000000,66.000000,0.876523,0.000000,0.009173,1.000000,0.09172508,1.636641,0.000000,8,0.093988,1.144958,,,121.502950,202.833333,0.599029,0.000000
473,47.300,0.033333,0.033333,0.033333,0.033333,0.033333,0.033333,0.033333,0.033333,0.733333,3.000000,3.000000,3.000000,3.000000,3.000000,3.000000,3.000000,3.000000,66.000000,0.936814,0.000000,0.064358,1.000000,0.64357579,1.636641,0.000000,8,0.093988,1.144958,,,131.201211,202.833333,0.646842,0.000000
474,47.400,0.033333,0.033333,0.033333,0.033333,0.033333,0.033333,0.033333,0.033333,0.733333,3.000000,3.000000,3.000000,3.000000,3.000000,3.000000,3.000000,3.000000,66.000000,0.850601,0.000000,0.092028,1.000000,0.92028049,1.636641,0.000000,8,0.093988,1.144958,,,125.743392,202.833333,0.619935,0.000000
475,47.500,0.033333,0.033333,0.033333,0.033333,0.033333,0.033333,0.033333,0.033333,0.733333,3.000000,3.000000,3.000000,3.000000,3.000000,3.000000,3.000000,3.000000,66.000000,0.911298,0.000000,0.066605,1.000000,0.66604893,1.636641,0.000000,8,0.093988,1.144958,,,126.056936,202.833333,0.621480,0.000000
476,47.600,0.033333,0.033333,0.033333,0.033333,0.033333,0.033333,0.033333,0.033333,0.733333,3.000000,3.000000,3.000000,3.000000,3.000000,3.000000,3.000000,3.000000,66.000000,0.858007,0.000000,0.058477,1.000000,0.58477358,1.636641,0.000000,8,0.093988,1.144958,,,125.188701,202.833333,0.617200,0.000000
477,47.700,0.033333,0.033333,0.033333,0.033333,0.033333,0.033333,0.033333,0.033333,0.733333,3.000000,3.000000,3.000000,3.000000,3.000000,3.000000,3.000000,3.000000,66.000000,0.877839,0.000000,0.022591,1.000000,0.22591378,1.636641,0.000000,8,0.093988,1.144958,,,127.566864,202.833333,0.628925,0.000000
478,47.800,0.033333,0.033333,0.033333,0.033333,0.033333,0.033333,0.033333,0.033333,0.733333,3.000000,3.000000,3.000000,3.000000,3.000000,3.000000,3.000000,3.000000,66.000000,0.932904,0.000000,0.059025,1.000000,0.59025018,1.636641,0.000000,8,0.093988,1.144958,,,133.315722,202.833333,0.657267,0.000000
479,47.900,0.033333,0.033333,0.033333,0.033333,0.033333,0.033333,0.033333,0.033333,0.733333,3.000000,3.000000,3.000000,3.000000,3.000000,3.000000,3.000000,3.000000,66.000000,0.883423,0.000000,0.053040,1.000000,0.53039786,1.636641,0.000000,8,0.093988,1.144958,,,126.963304,202.833333,0.625949,0.000000
480,48.000,0.033333,0.033333,0.033333,0.033333,0.033333,0.033333,0.033333,0.033333,0.733333,3.000000,3.000000,3.000000,3.000000,3.000000,3.000000,3.000000,3.000000,66.000000,0.942656,0.000000,0.062837,1.000000,0.62836577,1.636641,0.000000,8,0.093988,1.144958,,,129.080736,202.833333,0.636388,0.000000
481,48.100,0.033333,0.033333,0.033333,0.033333,0.033333,0.033333,0.033333,0.033333,0.733333,3.000000,3.000000,3.000000,3.000000,3.000000,3.000000,3.000000,3.000000,66.000000,0.953319,0.000000,0.011185,1.000000,0.11185461,1.636641,0.000000,8,0.093988,1.144958,,,127.803649,202.833333,0.630092,0.000000
482,48.200,0.033333,0.033333,0.033333,0.033333,0.033333,0.033333,0.033333,0.033333,0.733333,3.000000,3.000000,3.000000,3.000000,3.000000,3.000000,3.000000,3.000000,66.000000,0.956590,0.000000,0.003419,1.000000,0.03418706,1.636641,0.000000,8,0.093988,1.144958,,,130.313584,202.833333,0.642466,0.000000
483,48.300,0.033333,0.033333,0.033333,0.033333,0.033333,0.033333,0.033333,0.033333,0.733333,3.000000,3.000000,3.000000,3.000000,3.000000,3.000000,3.000000,3.000000,66.000000,0.927089,0.000000,0.030840,1.000000,0.30839503,1.636641,0.000000,8,0.093988,1.144958,,,132.710846,202.833333,0.654285,0.000000
484,48.400,0.033333,0.033333,0.033333,0.033333,0.033333,0.033333,0.033333,0.033333,0.733333,3.000000,3.000000,3.000000,3.000000,3.000000,3.000000,3.000000,3.000000,66.000000,0.919196,0.000000,0.008514,1.000000,0.08514102,1.636641,0.000000,8,0.093988,1.144958,,,129.818281,202.833333,0.640024,0.000000
485,48.500,0.033333,0.033333,0.033333,0.033333,0.033333,0.033333,0.033333,0.033333,0.733333,3.000000,3.000000,3.000000,3.000000,3.000000,3.000000,3.000000,3.000000,66.000000,0.883489,0.000000,0.038846,1.000000,0.38845844,1.636641,0.000000,8,0.093988,1.144958,,,129.304172,202.833333,0.637490,0.000000
486,48.600,0.033333,0.033333,0.033333,0.033333,0.033333,0.033333,0.033333,0.033333,0.733333,3.000000,3.000000,3.000000,3.000000,3.000000,3.000000,3.000000,3.000000,66.000000,0.932465,0.000000,0.052524,1.000000,0.52523697,1.636641,0.000000,8,0.093988,1.144958,,,127.189104,202.833333,0.627062,0.000000
487,48.700,0.033333,0.033333,0.033333,0.033333,0.033333,0.033333,0.033333,0.033333,0.733333,3.000000,3.000000,3.000000,3.000000,3.000000,3.000000,3.000000,3.000000,66.000000,0.888805,0.000000,0.046823,1.000000,0.46822520,1.636641,0.000000,8,0.093988,1.144958,,,129.789139,202.833333,0.639881,0.000000
488,48.800,0.033333,0.033333,0.033333,0.033333,0.033333,0.033333,0.033333,0.033333,0.733333,3.000000,3.000000,3.000000,3.000000,3.000000,3.000000,3.000000,3.000000,66.000000,0.946173,0.000000,0.060632,1.000000,0.60631995,1.636641,0.000000,8,0.093988,1.144958,,,132.574653,202.833333,0.653614,0.000000
489,48.900,0.033333,0.033333,0.033333,0.033333,0.033333,0.033333,0.033333,0.033333,0.733333,3.000000,3.000000,3.000000,3.000000,3.000000,3.000000,3.000000,3.000000,66.000000,0.895543,0.000000,0.053510,1.000000,0.53510182,1.636641,0.000000,8,0.093988,1.144958,,,130.857781,202.833333,0.645149,0.000000
490,49.000,0.033333,0.033333,0.033333,0.033333,0.033333,0.033333,0.033333,0.033333,0.733333,3.000000,3.000000,3.000000,3.000000,3.000000,3.000000,3.000000,3.000000,66.000000,0.949265,0.000000,0.056593,1.000000,0.56592995,1.636641,0.000000,8,0.093988,1.144958,,,128.527405,202.833333,0.633660,0.000000
491,49.100,0.033333,0.033333,0.033333,0.033333,0.033333,0.033333,0.033333,0.033333,0.733333,3.000000,3.000000,3.000000,3.000000,3.000000,3.000000,3.000000,3.000000,66.000000,0.921852,0.000000,0.028879,1.000000,0.28878630,1.636641,0.000000,8,0.093988,1.144958,,,126.660896,202.833333,0.624458,0.000000
492,49.200,0.033333,0.033333,0.033333,0.033333,0.033333,0.033333,0.033333,0.033333,0.733333,3.000000,3.000000,3.000000,3.000000,3.000000,3.000000,3.000000,3.000000,66.000000,0.987970,0.000000,0.066924,1.000000,0.66923834,1.636641,0.000000,8,0.093988,1.144958,,,133.943898,202.833333,0.660364,0.000000
493,49.300,0.033333,0.033333,0.033333,0.033333,0.033333,0.033333,0.033333,0.033333,0.733333,3.000000,3.000000,3.000000,3.000000,3.000000,3.000000,3.000000,3.000000,66.000000,0.994243,0.000000,0.006309,1.000000,0.06309269,1.636641,0.000000,8,0.093988,1.144958,,,135.757540,202.833333,0.669306,0.000000
494,49.400,0.033333,0.033333,0.033333,0.033333,0.033333,0.033333,0.033333,0.033333,0.733333,3.000000,3.000000,3.000000,3.000000,3.000000,3.000000,3.000000,3.000000,66.000000,0.918022,0.000000,0.076662,1.000000,0.76662294,1.636641,0.000000,8,0.093988,1.144958,,,131.247158,202.833333,0.647069,0.000000
495,49.500,0.033333,0.033333,0.033333,0.033333,0.033333,0.033333,0.033333,0.033333,0.733333,3.000000,3.000000,3.000000,3.000000,3.000000,3.000000,3.000000,3.000000,66.000000,0.942534,0.000000,0.026007,1.000000,0.26006656,1.636641,0.000000,8,0.093988,1.144958,,,127.686065,202.833333,0.629512,0.000000
496,49.600,0.033333,0.033333,0.033333,0.033333,0.033333,0.033333,0.033333,0.033333,0.733333,3.000000,3.000000,3.000000,3.000000,3.000000,3.000000,3.000000,3.000000,66.000000,0.917082,0.000000,0.027004,1.000000,0.27004395,1.636641,0.000000,8,0.093988,1.144958,,,127.851814,202.833333,0.630329,0.000000
497,49.700,0.033333,0.033333,0.033333,0.033333,0.033333,0.033333,0.033333,0.033333,0.733333,3.000000,3.000000,3.000000,3.000000,3.000000,3.000000,3.000000,3.000000,66.000000,0.965340,0.000000,0.049990,1.000000,0.49990493,1.636641,0.000000,8,0.093988,1.144958,,,131.232914,202.833333,0.646999,0.000000
498,49.800,0.033333,0.033333,0.033333,0.033333,0.033333,0.033333,0.033333,0.033333,0.733333,3.000000,3.000000,3.000000,3.000000,3.000000,3.000000,3.000000,3.000000,66.000000,0.955004,0.000000,0.010706,1.000000,0.10706398,1.636641,0.000000,8,0.093988,1.144958,,,126.003674,202.833333,0.621218,0.000000
499,49.900,0.033333,0.033333,0.033333,0.033333,0.033333,0.033333,0.033333,0.033333,0.733333,3.000000,3.000000,3.000000,3.000000,3.000000,3.000000,3.000000,3.000000,66.000000,0.991094,0.000000,0.036414,1.000000,0.36413915,1.636641,0.000000,8,0.093988,1.144958,,,132.688996,202.833333,0.654177,0.000000
