benchmark,run_id,namespace,scale,replica_level,replica_config,workload_mode,repeat,policy,policy_display_name,step,time_s,evidence_type,request_type,traffic_stress,weighted_edge_distance,active_edge_count,request_mix_entropy,top3_hotspot_churn,traffic_stress_gini,traffic_stress_skew,migration_count,policy_decision_time_ms,gda_query_latency_ms,gda_build_time_ms,gda_total_time_ms,gda_nodes,gda_edges,gda_query_count,latency_ms,p50_ms,p95_ms,p99_ms,throughput_rps,error_rate,sla_ms,sla_pressure,sla_violation_ratio,worker_nodes_selected,actual_app_pods,ready_app_pods,non_empty_worker_nodes,pod_node_occupancy_ratio,pod_restarts,total_pods,cluster_cpu_utilization,cluster_memory_utilization,top_node_cpu_utilization
online-boutique,online-boutique-longmix-stageC-scale20-replica1-markov-steps500-20260612T140717Z,idyn-ob-scale20-replica1,scale20,replica1,adservice=1;cartservice=1;checkoutservice=1;currencyservice=1;emailservice=1;frontend=1;paymentservice=1;productcatalogservice=1;recommendationservice=1;redis-cart=1;shippingservice=1,markov,stageC,kubernetes-default,K8s default,0,0.000,replay,mixed,0.978681,0.000000,7,1.525982,0.000000,0.359677,1.100147,,,0.000000,0.014948,0.014948,7,7,0,68.246682,68.246682,68.246682,68.246682,120.000000,0.000000,113.447368,0.601571,0.000000,20,,,,,,,,,
online-boutique,online-boutique-longmix-stageC-scale20-replica1-markov-steps500-20260612T140717Z,idyn-ob-scale20-replica1,scale20,replica1,adservice=1;cartservice=1;checkoutservice=1;currencyservice=1;emailservice=1;frontend=1;paymentservice=1;productcatalogservice=1;recommendationservice=1;redis-cart=1;shippingservice=1,markov,stageC,cga,CGA,0,0.000,replay,mixed,0.978681,0.000000,7,1.525982,0.000000,0.359677,1.100147,,,0.000000,0.014948,0.014948,7,7,0,63.198781,63.198781,63.198781,63.198781,120.000000,0.000000,113.447368,0.557076,0.000000,20,,,,,,,,,
online-boutique,online-boutique-longmix-stageC-scale20-replica1-markov-steps500-20260612T140717Z,idyn-ob-scale20-replica1,scale20,replica1,adservice=1;cartservice=1;checkoutservice=1;currencyservice=1;emailservice=1;frontend=1;paymentservice=1;productcatalogservice=1;recommendationservice=1;redis-cart=1;shippingservice=1,markov,stageC,hda,HDA,0,0.000,replay,mixed,0.978681,0.000000,7,1.525982,0.000000,0.359677,1.100147,,,0.000000,0.014948,0.014948,7,7,0,54.554645,54.554645,54.554645,54.554645,120.000000,0.000000,113.447368,0.480881,0.000000,20,,,,,,,,,
online-boutique,online-boutique-longmix-stageC-scale20-replica1-markov-steps500-20260612T140717Z,idyn-ob-scale20-replica1,scale20,replica1,adservice=1;cartservice=1;checkoutservice=1;currencyservice=1;emailservice=1;frontend=1;paymentservice=1;productcatalogservice=1;recommendationservice=1;redis-cart=1;shippingservice=1,markov,stageC,kubernetes-default,K8s default,1,1.000,replay,mixed,0.976378,0.002354,7,1.525982,0.000000,0.359677,1.100147,,,0.000000,0.010670,0.010670,7,7,0,67.335928,67.335928,67.335928,67.335928,120.000000,0.000000,113.447368,0.593543,0.000000,20,,,,,,,,,
online-boutique,online-boutique-longmix-stageC-scale20-replica1-markov-steps500-20260612T140717Z,idyn-ob-scale20-replica1,scale20,replica1,adservice=1;cartservice=1;checkoutservice=1;currencyservice=1;emailservice=1;frontend=1;paymentservice=1;productcatalogservice=1;recommendationservice=1;redis-cart=1;shippingservice=1,markov,stageC,cga,CGA,1,1.000,replay,mixed,0.976378,0.002354,7,1.525982,0.000000,0.359677,1.100147,,,0.000000,0.010670,0.010670,7,7,0,57.589911,57.589911,57.589911,57.589911,120.000000,0.000000,113.447368,0.507635,0.000000,20,,,,,,,,,
online-boutique,online-boutique-longmix-stageC-scale20-replica1-markov-steps500-20260612T140717Z,idyn-ob-scale20-replica1,scale20,replica1,adservice=1;cartservice=1;checkoutservice=1;currencyservice=1;emailservice=1;frontend=1;paymentservice=1;productcatalogservice=1;recommendationservice=1;redis-cart=1;shippingservice=1,markov,stageC,hda,HDA,1,1.000,replay,mixed,0.976378,0.002354,7,1.525982,0.000000,0.359677,1.100147,,,0.000000,0.010670,0.010670,7,7,0,55.129429,55.129429,55.129429,55.129429,120.000000,0.000000,113.447368,0.485947,0.000000,20,,,,,,,,,
online-boutique,online-boutique-longmix-stageC-scale20-replica1-markov-steps500-20260612T140717Z,idyn-ob-scale20-replica1,scale20,replica1,adservice=1;cartservice=1;checkoutservice=1;currencyservice=1;emailservice=1;frontend=1;paymentservice=1;productcatalogservice=1;recommendationservice=1;redis-cart=1;shippingservice=1,markov,stageC,kubernetes-default,K8s default,2,2.000,replay,mixed,0.974189,0.002242,7,1.525982,0.000000,0.359677,1.100147,,,0.000000,0.009618,0.009618,7,7,0,66.268886,66.268886,66.268886,66.268886,120.000000,0.000000,113.447368,0.584138,0.000000,20,,,,,,,,,
online-boutique,online-boutique-longmix-stageC-scale20-replica1-markov-steps500-20260612T140717Z,idyn-ob-scale20-replica1,scale20,replica1,adservice=1;cartservice=1;checkoutservice=1;currencyservice=1;emailservice=1;frontend=1;paymentservice=1;productcatalogservice=1;recommendationservice=1;redis-cart=1;shippingservice=1,markov,stageC,cga,CGA,2,2.000,replay,mixed,0.974189,0.002242,7,1.525982,0.000000,0.359677,1.100147,,,0.000000,0.009618,0.009618,7,7,0,62.585041,62.585041,62.585041,62.585041,120.000000,0.000000,113.447368,0.551666,0.000000,20,,,,,,,,,
online-boutique,online-boutique-longmix-stageC-scale20-replica1-markov-steps500-20260612T140717Z,idyn-ob-scale20-replica1,scale20,replica1,adservice=1;cartservice=1;checkoutservice=1;currencyservice=1;emailservice=1;frontend=1;paymentservice=1;productcatalogservice=1;recommendationservice=1;redis-cart=1;shippingservice=1,markov,stageC,hda,HDA,2,2.000,replay,mixed,0.974189,0.002242,7,1.525982,0.000000,0.359677,1.100147,,,0.000000,0.009618,0.009618,7,7,0,58.844352,58.844352,58.844352,58.844352,120.000000,0.000000,113.447368,0.518693,0.000000,20,,,,,,,,,
online-boutique,online-boutique-longmix-stageC-scale20-replica1-markov-steps500-20260612T140717Z,idyn-ob-scale20-replica1,scale20,replica1,adservice=1;cartservice=1;checkoutservice=1;currencyservice=1;emailservice=1;frontend=1;paymentservice=1;productcatalogservice=1;recommendationservice=1;redis-cart=1;shippingservice=1,markov,stageC,kubernetes-default,K8s default,3,3.000,replay,mixed,0.966759,0.007627,7,1.525982,0.000000,0.359677,1.100147,,,0.000000,0.009257,0.009257,7,7,0,66.450372,66.450372,66.450372,66.450372,120.000000,0.000000,113.447368,0.585737,0.000000,20,,,,,,,,,
online-boutique,online-boutique-longmix-stageC-scale20-replica1-markov-steps500-20260612T140717Z,idyn-ob-scale20-replica1,scale20,replica1,adservice=1;cartservice=1;checkoutservice=1;currencyservice=1;emailservice=1;frontend=1;paymentservice=1;productcatalogservice=1;recommendationservice=1;redis-cart=1;shippingservice=1,markov,stageC,cga,CGA,3,3.000,replay,mixed,0.966759,0.007627,7,1.525982,0.000000,0.359677,1.100147,,,0.000000,0.009257,0.009257,7,7,0,59.185946,59.185946,59.185946,59.185946,120.000000,0.000000,113.447368,0.521704,0.000000,20,,,,,,,,,
online-boutique,online-boutique-longmix-stageC-scale20-replica1-markov-steps500-20260612T140717Z,idyn-ob-scale20-replica1,scale20,replica1,adservice=1;cartservice=1;checkoutservice=1;currencyservice=1;emailservice=1;frontend=1;paymentservice=1;productcatalogservice=1;recommendationservice=1;redis-cart=1;shippingservice=1,markov,stageC,hda,HDA,3,3.000,replay,mixed,0.966759,0.007627,7,1.525982,0.000000,0.359677,1.100147,,,0.000000,0.009257,0.009257,7,7,0,55.190631,55.190631,55.190631,55.190631,120.000000,0.000000,113.447368,0.486487,0.000000,20,,,,,,,,,
online-boutique,online-boutique-longmix-stageC-scale20-replica1-markov-steps500-20260612T140717Z,idyn-ob-scale20-replica1,scale20,replica1,adservice=1;cartservice=1;checkoutservice=1;currencyservice=1;emailservice=1;frontend=1;paymentservice=1;productcatalogservice=1;recommendationservice=1;redis-cart=1;shippingservice=1,markov,stageC,kubernetes-default,K8s default,4,4.000,replay,mixed,1.002093,0.035261,7,1.525982,0.000000,0.359677,1.100147,,,0.000000,0.008706,0.008706,7,7,0,66.376992,66.376992,66.376992,66.376992,120.000000,0.000000,113.447368,0.585091,0.000000,20,,,,,,,,,
online-boutique,online-boutique-longmix-stageC-scale20-replica1-markov-steps500-20260612T140717Z,idyn-ob-scale20-replica1,scale20,replica1,adservice=1;cartservice=1;checkoutservice=1;currencyservice=1;emailservice=1;frontend=1;paymentservice=1;productcatalogservice=1;recommendationservice=1;redis-cart=1;shippingservice=1,markov,stageC,cga,CGA,4,4.000,replay,mixed,1.002093,0.035261,7,1.525982,0.000000,0.359677,1.100147,,,0.000000,0.008706,0.008706,7,7,0,64.445017,64.445017,64.445017,64.445017,120.000000,0.000000,113.447368,0.568061,0.000000,20,,,,,,,,,
online-boutique,online-boutique-longmix-stageC-scale20-replica1-markov-steps500-20260612T140717Z,idyn-ob-scale20-replica1,scale20,replica1,adservice=1;cartservice=1;checkoutservice=1;currencyservice=1;emailservice=1;frontend=1;paymentservice=1;productcatalogservice=1;recommendationservice=1;redis-cart=1;shippingservice=1,markov,stageC,hda,HDA,4,4.000,replay,mixed,1.002093,0.035261,7,1.525982,0.000000,0.359677,1.100147,,,0.000000,0.008706,0.008706,7,7,0,59.574754,59.574754,59.574754,59.574754,120.000000,0.000000,113.447368,0.525131,0.000000,20,,,,,,,,,
online-boutique,online-boutique-longmix-stageC-scale20-replica1-markov-steps500-20260612T140717Z,idyn-ob-scale20-replica1,scale20,replica1,adservice=1;cartservice=1;checkoutservice=1;currencyservice=1;emailservice=1;frontend=1;paymentservice=1;productcatalogservice=1;recommendationservice=1;redis-cart=1;shippingservice=1,markov,stageC,kubernetes-default,K8s default,5,5.000,replay,mixed,0.934081,0.458286,7,1.012248,0.800000,0.347958,0.133792,,,0.000000,0.009187,0.009187,7,7,0,109.754583,109.754583,109.754583,109.754583,120.000000,0.000000,139.447368,0.787068,0.000000,20,,,,,,,,,
online-boutique,online-boutique-longmix-stageC-scale20-replica1-markov-steps500-20260612T140717Z,idyn-ob-scale20-replica1,scale20,replica1,adservice=1;cartservice=1;checkoutservice=1;currencyservice=1;emailservice=1;frontend=1;paymentservice=1;productcatalogservice=1;recommendationservice=1;redis-cart=1;shippingservice=1,markov,stageC,cga,CGA,5,5.000,replay,mixed,0.934081,0.458286,7,1.012248,0.800000,0.347958,0.133792,,,0.000000,0.009187,0.009187,7,7,0,105.801288,105.801288,105.801288,105.801288,120.000000,0.000000,139.447368,0.758718,0.000000,20,,,,,,,,,
online-boutique,online-boutique-longmix-stageC-scale20-replica1-markov-steps500-20260612T140717Z,idyn-ob-scale20-replica1,scale20,replica1,adservice=1;cartservice=1;checkoutservice=1;currencyservice=1;emailservice=1;frontend=1;paymentservice=1;productcatalogservice=1;recommendationservice=1;redis-cart=1;shippingservice=1,markov,stageC,hda,HDA,5,5.000,replay,mixed,0.934081,0.458286,7,1.012248,0.800000,0.347958,0.133792,,,0.000000,0.009187,0.009187,7,7,0,96.108881,96.108881,96.108881,96.108881,120.000000,0.000000,139.447368,0.689213,0.000000,20,,,,,,,,,
online-boutique,online-boutique-longmix-stageC-scale20-replica1-markov-steps500-20260612T140717Z,idyn-ob-scale20-replica1,scale20,replica1,adservice=1;cartservice=1;checkoutservice=1;currencyservice=1;emailservice=1;frontend=1;paymentservice=1;productcatalogservice=1;recommendationservice=1;redis-cart=1;shippingservice=1,markov,stageC,kubernetes-default,K8s default,6,6.000,replay,mixed,0.952292,0.635494,7,1.440440,0.500000,0.467762,1.918165,,,0.000000,0.008907,0.008907,7,7,0,100.060244,100.060244,100.060244,100.060244,120.000000,0.000000,119.947368,0.834201,0.000000,20,,,,,,,,,
online-boutique,online-boutique-longmix-stageC-scale20-replica1-markov-steps500-20260612T140717Z,idyn-ob-scale20-replica1,scale20,replica1,adservice=1;cartservice=1;checkoutservice=1;currencyservice=1;emailservice=1;frontend=1;paymentservice=1;productcatalogservice=1;recommendationservice=1;redis-cart=1;shippingservice=1,markov,stageC,cga,CGA,6,6.000,replay,mixed,0.952292,0.635494,7,1.440440,0.500000,0.467762,1.918165,,,0.000000,0.008907,0.008907,7,7,0,92.036797,92.036797,92.036797,92.036797,120.000000,0.000000,119.947368,0.767310,0.000000,20,,,,,,,,,
online-boutique,online-boutique-longmix-stageC-scale20-replica1-markov-steps500-20260612T140717Z,idyn-ob-scale20-replica1,scale20,replica1,adservice=1;cartservice=1;checkoutservice=1;currencyservice=1;emailservice=1;frontend=1;paymentservice=1;productcatalogservice=1;recommendationservice=1;redis-cart=1;shippingservice=1,markov,stageC,hda,HDA,6,6.000,replay,mixed,0.952292,0.635494,7,1.440440,0.500000,0.467762,1.918165,,,0.000000,0.008907,0.008907,7,7,0,87.329308,87.329308,87.329308,87.329308,120.000000,0.000000,119.947368,0.728064,0.000000,20,,,,,,,,,
online-boutique,online-boutique-longmix-stageC-scale20-replica1-markov-steps500-20260612T140717Z,idyn-ob-scale20-replica1,scale20,replica1,adservice=1;cartservice=1;checkoutservice=1;currencyservice=1;emailservice=1;frontend=1;paymentservice=1;productcatalogservice=1;recommendationservice=1;redis-cart=1;shippingservice=1,markov,stageC,kubernetes-default,K8s default,7,7.000,replay,mixed,0.985291,0.033492,7,1.440440,0.000000,0.467762,1.918165,,,0.000000,0.013545,0.013545,7,7,0,73.212037,73.212037,73.212037,73.212037,120.000000,0.000000,119.947368,0.610368,0.000000,20,,,,,,,,,
online-boutique,online-boutique-longmix-stageC-scale20-replica1-markov-steps500-20260612T140717Z,idyn-ob-scale20-replica1,scale20,replica1,adservice=1;cartservice=1;checkoutservice=1;currencyservice=1;emailservice=1;frontend=1;paymentservice=1;productcatalogservice=1;recommendationservice=1;redis-cart=1;shippingservice=1,markov,stageC,cga,CGA,7,7.000,replay,mixed,0.985291,0.033492,7,1.440440,0.000000,0.467762,1.918165,,,0.000000,0.013545,0.013545,7,7,0,70.206929,70.206929,70.206929,70.206929,120.000000,0.000000,119.947368,0.585314,0.000000,20,,,,,,,,,
online-boutique,online-boutique-longmix-stageC-scale20-replica1-markov-steps500-20260612T140717Z,idyn-ob-scale20-replica1,scale20,replica1,adservice=1;cartservice=1;checkoutservice=1;currencyservice=1;emailservice=1;frontend=1;paymentservice=1;productcatalogservice=1;recommendationservice=1;redis-cart=1;shippingservice=1,markov,stageC,hda,HDA,7,7.000,replay,mixed,0.985291,0.033492,7,1.440440,0.000000,0.467762,1.918165,,,0.000000,0.013545,0.013545,7,7,0,63.536428,63.536428,63.536428,63.536428,120.000000,0.000000,119.947368,0.529703,0.000000,20,,,,,,,,,
online-boutique,online-boutique-longmix-stageC-scale20-replica1-markov-steps500-20260612T140717Z,idyn-ob-scale20-replica1,scale20,replica1,adservice=1;cartservice=1;checkoutservice=1;currencyservice=1;emailservice=1;frontend=1;paymentservice=1;productcatalogservice=1;recommendationservice=1;redis-cart=1;shippingservice=1,markov,stageC,kubernetes-default,K8s default,8,8.000,replay,mixed,0.943147,0.042773,7,1.440440,0.000000,0.467762,1.918165,,,0.000000,0.009828,0.009828,7,7,0,72.407961,72.407961,72.407961,72.407961,120.000000,0.000000,119.947368,0.603664,0.000000,20,,,,,,,,,
online-boutique,online-boutique-longmix-stageC-scale20-replica1-markov-steps500-20260612T140717Z,idyn-ob-scale20-replica1,scale20,replica1,adservice=1;cartservice=1;checkoutservice=1;currencyservice=1;emailservice=1;frontend=1;paymentservice=1;productcatalogservice=1;recommendationservice=1;redis-cart=1;shippingservice=1,markov,stageC,cga,CGA,8,8.000,replay,mixed,0.943147,0.042773,7,1.440440,0.000000,0.467762,1.918165,,,0.000000,0.009828,0.009828,7,7,0,69.379449,69.379449,69.379449,69.379449,120.000000,0.000000,119.947368,0.578416,0.000000,20,,,,,,,,,
online-boutique,online-boutique-longmix-stageC-scale20-replica1-markov-steps500-20260612T140717Z,idyn-ob-scale20-replica1,scale20,replica1,adservice=1;cartservice=1;checkoutservice=1;currencyservice=1;emailservice=1;frontend=1;paymentservice=1;productcatalogservice=1;recommendationservice=1;redis-cart=1;shippingservice=1,markov,stageC,hda,HDA,8,8.000,replay,mixed,0.943147,0.042773,7,1.440440,0.000000,0.467762,1.918165,,,0.000000,0.009828,0.009828,7,7,0,66.340754,66.340754,66.340754,66.340754,120.000000,0.000000,119.947368,0.553082,0.000000,20,,,,,,,,,
online-boutique,online-boutique-longmix-stageC-scale20-replica1-markov-steps500-20260612T140717Z,idyn-ob-scale20-replica1,scale20,replica1,adservice=1;cartservice=1;checkoutservice=1;currencyservice=1;emailservice=1;frontend=1;paymentservice=1;productcatalogservice=1;recommendationservice=1;redis-cart=1;shippingservice=1,markov,stageC,kubernetes-default,K8s default,9,9.000,replay,mixed,0.993439,0.050624,7,1.440440,0.000000,0.467762,1.918165,,,0.000000,0.009379,0.009379,7,7,0,76.345843,76.345843,76.345843,76.345843,120.000000,0.000000,119.947368,0.636495,0.000000,20,,,,,,,,,
online-boutique,online-boutique-longmix-stageC-scale20-replica1-markov-steps500-20260612T140717Z,idyn-ob-scale20-replica1,scale20,replica1,adservice=1;cartservice=1;checkoutservice=1;currencyservice=1;emailservice=1;frontend=1;paymentservice=1;productcatalogservice=1;recommendationservice=1;redis-cart=1;shippingservice=1,markov,stageC,cga,CGA,9,9.000,replay,mixed,0.993439,0.050624,7,1.440440,0.000000,0.467762,1.918165,,,0.000000,0.009379,0.009379,7,7,0,68.731767,68.731767,68.731767,68.731767,120.000000,0.000000,119.947368,0.573016,0.000000,20,,,,,,,,,
online-boutique,online-boutique-longmix-stageC-scale20-replica1-markov-steps500-20260612T140717Z,idyn-ob-scale20-replica1,scale20,replica1,adservice=1;cartservice=1;checkoutservice=1;currencyservice=1;emailservice=1;frontend=1;paymentservice=1;productcatalogservice=1;recommendationservice=1;redis-cart=1;shippingservice=1,markov,stageC,hda,HDA,9,9.000,replay,mixed,0.993439,0.050624,7,1.440440,0.000000,0.467762,1.918165,,,0.000000,0.009379,0.009379,7,7,0,63.394296,63.394296,63.394296,63.394296,120.000000,0.000000,119.947368,0.528518,0.000000,20,,,,,,,,,
online-boutique,online-boutique-longmix-stageC-scale20-replica1-markov-steps500-20260612T140717Z,idyn-ob-scale20-replica1,scale20,replica1,adservice=1;cartservice=1;checkoutservice=1;currencyservice=1;emailservice=1;frontend=1;paymentservice=1;productcatalogservice=1;recommendationservice=1;redis-cart=1;shippingservice=1,markov,stageC,kubernetes-default,K8s default,10,10.000,replay,mixed,0.967814,0.025794,7,1.440440,0.000000,0.467762,1.918165,,,0.000000,0.010700,0.010700,7,7,0,72.598491,72.598491,72.598491,72.598491,120.000000,0.000000,119.947368,0.605253,0.000000,20,,,,,,,,,
online-boutique,online-boutique-longmix-stageC-scale20-replica1-markov-steps500-20260612T140717Z,idyn-ob-scale20-replica1,scale20,replica1,adservice=1;cartservice=1;checkoutservice=1;currencyservice=1;emailservice=1;frontend=1;paymentservice=1;productcatalogservice=1;recommendationservice=1;redis-cart=1;shippingservice=1,markov,stageC,cga,CGA,10,10.000,replay,mixed,0.967814,0.025794,7,1.440440,0.000000,0.467762,1.918165,,,0.000000,0.010700,0.010700,7,7,0,70.108658,70.108658,70.108658,70.108658,120.000000,0.000000,119.947368,0.584495,0.000000,20,,,,,,,,,
online-boutique,online-boutique-longmix-stageC-scale20-replica1-markov-steps500-20260612T140717Z,idyn-ob-scale20-replica1,scale20,replica1,adservice=1;cartservice=1;checkoutservice=1;currencyservice=1;emailservice=1;frontend=1;paymentservice=1;productcatalogservice=1;recommendationservice=1;redis-cart=1;shippingservice=1,markov,stageC,hda,HDA,10,10.000,replay,mixed,0.967814,0.025794,7,1.440440,0.000000,0.467762,1.918165,,,0.000000,0.010700,0.010700,7,7,0,65.496053,65.496053,65.496053,65.496053,120.000000,0.000000,119.947368,0.546040,0.000000,20,,,,,,,,,
online-boutique,online-boutique-longmix-stageC-scale20-replica1-markov-steps500-20260612T140717Z,idyn-ob-scale20-replica1,scale20,replica1,adservice=1;cartservice=1;checkoutservice=1;currencyservice=1;emailservice=1;frontend=1;paymentservice=1;productcatalogservice=1;recommendationservice=1;redis-cart=1;shippingservice=1,markov,stageC,kubernetes-default,K8s default,11,11.000,replay,mixed,1.017496,0.048828,7,1.440440,0.000000,0.467762,1.918165,,,0.000000,0.009497,0.009497,7,7,0,76.132723,76.132723,76.132723,76.132723,120.000000,0.000000,119.947368,0.634718,0.000000,20,,,,,,,,,
online-boutique,online-boutique-longmix-stageC-scale20-replica1-markov-steps500-20260612T140717Z,idyn-ob-scale20-replica1,scale20,replica1,adservice=1;cartservice=1;checkoutservice=1;currencyservice=1;emailservice=1;frontend=1;paymentservice=1;productcatalogservice=1;recommendationservice=1;redis-cart=1;shippingservice=1,markov,stageC,cga,CGA,11,11.000,replay,mixed,1.017496,0.048828,7,1.440440,0.000000,0.467762,1.918165,,,0.000000,0.009497,0.009497,7,7,0,69.227970,69.227970,69.227970,69.227970,120.000000,0.000000,119.947368,0.577153,0.000000,20,,,,,,,,,
online-boutique,online-boutique-longmix-stageC-scale20-replica1-markov-steps500-20260612T140717Z,idyn-ob-scale20-replica1,scale20,replica1,adservice=1;cartservice=1;checkoutservice=1;currencyservice=1;emailservice=1;frontend=1;paymentservice=1;productcatalogservice=1;recommendationservice=1;redis-cart=1;shippingservice=1,markov,stageC,hda,HDA,11,11.000,replay,mixed,1.017496,0.048828,7,1.440440,0.000000,0.467762,1.918165,,,0.000000,0.009497,0.009497,7,7,0,70.074046,70.074046,70.074046,70.074046,120.000000,0.000000,119.947368,0.584207,0.000000,20,,,,,,,,,
online-boutique,online-boutique-longmix-stageC-scale20-replica1-markov-steps500-20260612T140717Z,idyn-ob-scale20-replica1,scale20,replica1,adservice=1;cartservice=1;checkoutservice=1;currencyservice=1;emailservice=1;frontend=1;paymentservice=1;productcatalogservice=1;recommendationservice=1;redis-cart=1;shippingservice=1,markov,stageC,kubernetes-default,K8s default,12,12.000,replay,mixed,0.962578,0.053974,7,1.440440,0.000000,0.467762,1.918165,,,0.000000,0.009108,0.009108,7,7,0,78.485301,78.485301,78.485301,78.485301,120.000000,0.000000,119.947368,0.654331,0.000000,20,,,,,,,,,
online-boutique,online-boutique-longmix-stageC-scale20-replica1-markov-steps500-20260612T140717Z,idyn-ob-scale20-replica1,scale20,replica1,adservice=1;cartservice=1;checkoutservice=1;currencyservice=1;emailservice=1;frontend=1;paymentservice=1;productcatalogservice=1;recommendationservice=1;redis-cart=1;shippingservice=1,markov,stageC,cga,CGA,12,12.000,replay,mixed,0.962578,0.053974,7,1.440440,0.000000,0.467762,1.918165,,,0.000000,0.009108,0.009108,7,7,0,71.844863,71.844863,71.844863,71.844863,120.000000,0.000000,119.947368,0.598970,0.000000,20,,,,,,,,,
online-boutique,online-boutique-longmix-stageC-scale20-replica1-markov-steps500-20260612T140717Z,idyn-ob-scale20-replica1,scale20,replica1,adservice=1;cartservice=1;checkoutservice=1;currencyservice=1;emailservice=1;frontend=1;paymentservice=1;productcatalogservice=1;recommendationservice=1;redis-cart=1;shippingservice=1,markov,stageC,hda,HDA,12,12.000,replay,mixed,0.962578,0.053974,7,1.440440,0.000000,0.467762,1.918165,,,0.000000,0.009108,0.009108,7,7,0,70.390635,70.390635,70.390635,70.390635,120.000000,0.000000,119.947368,0.586846,0.000000,20,,,,,,,,,
online-boutique,online-boutique-longmix-stageC-scale20-replica1-markov-steps500-20260612T140717Z,idyn-ob-scale20-replica1,scale20,replica1,adservice=1;cartservice=1;checkoutservice=1;currencyservice=1;emailservice=1;frontend=1;paymentservice=1;productcatalogservice=1;recommendationservice=1;redis-cart=1;shippingservice=1,markov,stageC,kubernetes-default,K8s default,13,13.000,replay,mixed,1.020955,0.057179,7,1.440440,0.000000,0.467762,1.918165,,,0.000000,0.009027,0.009027,7,7,0,77.318145,77.318145,77.318145,77.318145,120.000000,0.000000,119.947368,0.644601,0.000000,20,,,,,,,,,
online-boutique,online-boutique-longmix-stageC-scale20-replica1-markov-steps500-20260612T140717Z,idyn-ob-scale20-replica1,scale20,replica1,adservice=1;cartservice=1;checkoutservice=1;currencyservice=1;emailservice=1;frontend=1;paymentservice=1;productcatalogservice=1;recommendationservice=1;redis-cart=1;shippingservice=1,markov,stageC,cga,CGA,13,13.000,replay,mixed,1.020955,0.057179,7,1.440440,0.000000,0.467762,1.918165,,,0.000000,0.009027,0.009027,7,7,0,74.219733,74.219733,74.219733,74.219733,120.000000,0.000000,119.947368,0.618769,0.000000,20,,,,,,,,,
online-boutique,online-boutique-longmix-stageC-scale20-replica1-markov-steps500-20260612T140717Z,idyn-ob-scale20-replica1,scale20,replica1,adservice=1;cartservice=1;checkoutservice=1;currencyservice=1;emailservice=1;frontend=1;paymentservice=1;productcatalogservice=1;recommendationservice=1;redis-cart=1;shippingservice=1,markov,stageC,hda,HDA,13,13.000,replay,mixed,1.020955,0.057179,7,1.440440,0.000000,0.467762,1.918165,,,0.000000,0.009027,0.009027,7,7,0,67.761400,67.761400,67.761400,67.761400,120.000000,0.000000,119.947368,0.564926,0.000000,20,,,,,,,,,
online-boutique,online-boutique-longmix-stageC-scale20-replica1-markov-steps500-20260612T140717Z,idyn-ob-scale20-replica1,scale20,replica1,adservice=1;cartservice=1;checkoutservice=1;currencyservice=1;emailservice=1;frontend=1;paymentservice=1;productcatalogservice=1;recommendationservice=1;redis-cart=1;shippingservice=1,markov,stageC,kubernetes-default,K8s default,14,14.000,replay,mixed,1.032305,0.010995,7,1.440440,0.000000,0.467762,1.918165,,,0.000000,0.017783,0.017783,7,7,0,74.035985,74.035985,74.035985,74.035985,120.000000,0.000000,119.947368,0.617237,0.000000,20,,,,,,,,,
online-boutique,online-boutique-longmix-stageC-scale20-replica1-markov-steps500-20260612T140717Z,idyn-ob-scale20-replica1,scale20,replica1,adservice=1;cartservice=1;checkoutservice=1;currencyservice=1;emailservice=1;frontend=1;paymentservice=1;productcatalogservice=1;recommendationservice=1;redis-cart=1;shippingservice=1,markov,stageC,cga,CGA,14,14.000,replay,mixed,1.032305,0.010995,7,1.440440,0.000000,0.467762,1.918165,,,0.000000,0.017783,0.017783,7,7,0,69.882112,69.882112,69.882112,69.882112,120.000000,0.000000,119.947368,0.582606,0.000000,20,,,,,,,,,
online-boutique,online-boutique-longmix-stageC-scale20-replica1-markov-steps500-20260612T140717Z,idyn-ob-scale20-replica1,scale20,replica1,adservice=1;cartservice=1;checkoutservice=1;currencyservice=1;emailservice=1;frontend=1;paymentservice=1;productcatalogservice=1;recommendationservice=1;redis-cart=1;shippingservice=1,markov,stageC,hda,HDA,14,14.000,replay,mixed,1.032305,0.010995,7,1.440440,0.000000,0.467762,1.918165,,,0.000000,0.017783,0.017783,7,7,0,66.619694,66.619694,66.619694,66.619694,120.000000,0.000000,119.947368,0.555408,0.000000,20,,,,,,,,,
online-boutique,online-boutique-longmix-stageC-scale20-replica1-markov-steps500-20260612T140717Z,idyn-ob-scale20-replica1,scale20,replica1,adservice=1;cartservice=1;checkoutservice=1;currencyservice=1;emailservice=1;frontend=1;paymentservice=1;productcatalogservice=1;recommendationservice=1;redis-cart=1;shippingservice=1,markov,stageC,kubernetes-default,K8s default,15,15.000,replay,mixed,0.968848,0.061471,7,1.440440,0.000000,0.467762,1.918165,,,0.000000,0.010490,0.010490,7,7,0,75.453572,75.453572,75.453572,75.453572,120.000000,0.000000,119.947368,0.629056,0.000000,20,,,,,,,,,
online-boutique,online-boutique-longmix-stageC-scale20-replica1-markov-steps500-20260612T140717Z,idyn-ob-scale20-replica1,scale20,replica1,adservice=1;cartservice=1;checkoutservice=1;currencyservice=1;emailservice=1;frontend=1;paymentservice=1;productcatalogservice=1;recommendationservice=1;redis-cart=1;shippingservice=1,markov,stageC,cga,CGA,15,15.000,replay,mixed,0.968848,0.061471,7,1.440440,0.000000,0.467762,1.918165,,,0.000000,0.010490,0.010490,7,7,0,71.702833,71.702833,71.702833,71.702833,120.000000,0.000000,119.947368,0.597786,0.000000,20,,,,,,,,,
online-boutique,online-boutique-longmix-stageC-scale20-replica1-markov-steps500-20260612T140717Z,idyn-ob-scale20-replica1,scale20,replica1,adservice=1;cartservice=1;checkoutservice=1;currencyservice=1;emailservice=1;frontend=1;paymentservice=1;productcatalogservice=1;recommendationservice=1;redis-cart=1;shippingservice=1,markov,stageC,hda,HDA,15,15.000,replay,mixed,0.968848,0.061471,7,1.440440,0.000000,0.467762,1.918165,,,0.000000,0.010490,0.010490,7,7,0,70.591110,70.591110,70.591110,70.591110,120.000000,0.000000,119.947368,0.588517,0.000000,20,,,,,,,,,
online-boutique,online-boutique-longmix-stageC-scale20-replica1-markov-steps500-20260612T140717Z,idyn-ob-scale20-replica1,scale20,replica1,adservice=1;cartservice=1;checkoutservice=1;currencyservice=1;emailservice=1;frontend=1;paymentservice=1;productcatalogservice=1;recommendationservice=1;redis-cart=1;shippingservice=1,markov,stageC,kubernetes-default,K8s default,16,16.000,replay,mixed,0.968254,0.458229,7,1.525982,0.500000,0.359677,1.100147,,,0.000000,0.009559,0.009559,7,7,0,87.535909,87.535909,87.535909,87.535909,120.000000,0.000000,113.447368,0.771599,0.000000,20,,,,,,,,,
online-boutique,online-boutique-longmix-stageC-scale20-replica1-markov-steps500-20260612T140717Z,idyn-ob-scale20-replica1,scale20,replica1,adservice=1;cartservice=1;checkoutservice=1;currencyservice=1;emailservice=1;frontend=1;paymentservice=1;productcatalogservice=1;recommendationservice=1;redis-cart=1;shippingservice=1,markov,stageC,cga,CGA,16,16.000,replay,mixed,0.968254,0.458229,7,1.525982,0.500000,0.359677,1.100147,,,0.000000,0.009559,0.009559,7,7,0,80.395987,80.395987,80.395987,80.395987,120.000000,0.000000,113.447368,0.708663,0.000000,20,,,,,,,,,
online-boutique,online-boutique-longmix-stageC-scale20-replica1-markov-steps500-20260612T140717Z,idyn-ob-scale20-replica1,scale20,replica1,adservice=1;cartservice=1;checkoutservice=1;currencyservice=1;emailservice=1;frontend=1;paymentservice=1;productcatalogservice=1;recommendationservice=1;redis-cart=1;shippingservice=1,markov,stageC,hda,HDA,16,16.000,replay,mixed,0.968254,0.458229,7,1.525982,0.500000,0.359677,1.100147,,,0.000000,0.009559,0.009559,7,7,0,77.722814,77.722814,77.722814,77.722814,120.000000,0.000000,113.447368,0.685100,0.000000,20,,,,,,,,,
online-boutique,online-boutique-longmix-stageC-scale20-replica1-markov-steps500-20260612T140717Z,idyn-ob-scale20-replica1,scale20,replica1,adservice=1;cartservice=1;checkoutservice=1;currencyservice=1;emailservice=1;frontend=1;paymentservice=1;productcatalogservice=1;recommendationservice=1;redis-cart=1;shippingservice=1,markov,stageC,kubernetes-default,K8s default,17,17.000,replay,mixed,0.947330,0.021610,7,1.525982,0.000000,0.359677,1.100147,,,0.000000,0.012784,0.012784,7,7,0,64.283732,64.283732,64.283732,64.283732,120.000000,0.000000,113.447368,0.566639,0.000000,20,,,,,,,,,
online-boutique,online-boutique-longmix-stageC-scale20-replica1-markov-steps500-20260612T140717Z,idyn-ob-scale20-replica1,scale20,replica1,adservice=1;cartservice=1;checkoutservice=1;currencyservice=1;emailservice=1;frontend=1;paymentservice=1;productcatalogservice=1;recommendationservice=1;redis-cart=1;shippingservice=1,markov,stageC,cga,CGA,17,17.000,replay,mixed,0.947330,0.021610,7,1.525982,0.000000,0.359677,1.100147,,,0.000000,0.012784,0.012784,7,7,0,59.208619,59.208619,59.208619,59.208619,120.000000,0.000000,113.447368,0.521904,0.000000,20,,,,,,,,,
online-boutique,online-boutique-longmix-stageC-scale20-replica1-markov-steps500-20260612T140717Z,idyn-ob-scale20-replica1,scale20,replica1,adservice=1;cartservice=1;checkoutservice=1;currencyservice=1;emailservice=1;frontend=1;paymentservice=1;productcatalogservice=1;recommendationservice=1;redis-cart=1;shippingservice=1,markov,stageC,hda,HDA,17,17.000,replay,mixed,0.947330,0.021610,7,1.525982,0.000000,0.359677,1.100147,,,0.000000,0.012784,0.012784,7,7,0,59.328963,59.328963,59.328963,59.328963,120.000000,0.000000,113.447368,0.522965,0.000000,20,,,,,,,,,
online-boutique,online-boutique-longmix-stageC-scale20-replica1-markov-steps500-20260612T140717Z,idyn-ob-scale20-replica1,scale20,replica1,adservice=1;cartservice=1;checkoutservice=1;currencyservice=1;emailservice=1;frontend=1;paymentservice=1;productcatalogservice=1;recommendationservice=1;redis-cart=1;shippingservice=1,markov,stageC,kubernetes-default,K8s default,18,18.000,replay,mixed,0.974160,0.027542,7,1.525982,0.000000,0.359677,1.100147,,,0.000000,0.010610,0.010610,7,7,0,64.533565,64.533565,64.533565,64.533565,120.000000,0.000000,113.447368,0.568841,0.000000,20,,,,,,,,,
online-boutique,online-boutique-longmix-stageC-scale20-replica1-markov-steps500-20260612T140717Z,idyn-ob-scale20-replica1,scale20,replica1,adservice=1;cartservice=1;checkoutservice=1;currencyservice=1;emailservice=1;frontend=1;paymentservice=1;productcatalogservice=1;recommendationservice=1;redis-cart=1;shippingservice=1,markov,stageC,cga,CGA,18,18.000,replay,mixed,0.974160,0.027542,7,1.525982,0.000000,0.359677,1.100147,,,0.000000,0.010610,0.010610,7,7,0,60.684210,60.684210,60.684210,60.684210,120.000000,0.000000,113.447368,0.534911,0.000000,20,,,,,,,,,
online-boutique,online-boutique-longmix-stageC-scale20-replica1-markov-steps500-20260612T140717Z,idyn-ob-scale20-replica1,scale20,replica1,adservice=1;cartservice=1;checkoutservice=1;currencyservice=1;emailservice=1;frontend=1;paymentservice=1;productcatalogservice=1;recommendationservice=1;redis-cart=1;shippingservice=1,markov,stageC,hda,HDA,18,18.000,replay,mixed,0.974160,0.027542,7,1.525982,0.000000,0.359677,1.100147,,,0.000000,0.010610,0.010610,7,7,0,57.063087,57.063087,57.063087,57.063087,120.000000,0.000000,113.447368,0.502992,0.000000,20,,,,,,,,,
online-boutique,online-boutique-longmix-stageC-scale20-replica1-markov-steps500-20260612T140717Z,idyn-ob-scale20-replica1,scale20,replica1,adservice=1;cartservice=1;checkoutservice=1;currencyservice=1;emailservice=1;frontend=1;paymentservice=1;productcatalogservice=1;recommendationservice=1;redis-cart=1;shippingservice=1,markov,stageC,kubernetes-default,K8s default,19,19.000,replay,mixed,0.972745,0.001453,7,1.525982,0.000000,0.359677,1.100147,,,0.000000,0.009448,0.009448,7,7,0,67.573767,67.573767,67.573767,67.573767,120.000000,0.000000,113.447368,0.595640,0.000000,20,,,,,,,,,
online-boutique,online-boutique-longmix-stageC-scale20-replica1-markov-steps500-20260612T140717Z,idyn-ob-scale20-replica1,scale20,replica1,adservice=1;cartservice=1;checkoutservice=1;currencyservice=1;emailservice=1;frontend=1;paymentservice=1;productcatalogservice=1;recommendationservice=1;redis-cart=1;shippingservice=1,markov,stageC,cga,CGA,19,19.000,replay,mixed,0.972745,0.001453,7,1.525982,0.000000,0.359677,1.100147,,,0.000000,0.009448,0.009448,7,7,0,59.073633,59.073633,59.073633,59.073633,120.000000,0.000000,113.447368,0.520714,0.000000,20,,,,,,,,,
online-boutique,online-boutique-longmix-stageC-scale20-replica1-markov-steps500-20260612T140717Z,idyn-ob-scale20-replica1,scale20,replica1,adservice=1;cartservice=1;checkoutservice=1;currencyservice=1;emailservice=1;frontend=1;paymentservice=1;productcatalogservice=1;recommendationservice=1;redis-cart=1;shippingservice=1,markov,stageC,hda,HDA,19,19.000,replay,mixed,0.972745,0.001453,7,1.525982,0.000000,0.359677,1.100147,,,0.000000,0.009448,0.009448,7,7,0,59.457033,59.457033,59.457033,59.457033,120.000000,0.000000,113.447368,0.524094,0.000000,20,,,,,,,,,
online-boutique,online-boutique-longmix-stageC-scale20-replica1-markov-steps500-20260612T140717Z,idyn-ob-scale20-replica1,scale20,replica1,adservice=1;cartservice=1;checkoutservice=1;currencyservice=1;emailservice=1;frontend=1;paymentservice=1;productcatalogservice=1;recommendationservice=1;redis-cart=1;shippingservice=1,markov,stageC,kubernetes-default,K8s default,20,20.000,replay,mixed,1.001375,0.028590,7,1.525982,0.000000,0.359677,1.100147,,,0.000000,0.009418,0.009418,7,7,0,61.903756,61.903756,61.903756,61.903756,120.000000,0.000000,113.447368,0.545661,0.000000,20,,,,,,,,,
online-boutique,online-boutique-longmix-stageC-scale20-replica1-markov-steps500-20260612T140717Z,idyn-ob-scale20-replica1,scale20,replica1,adservice=1;cartservice=1;checkoutservice=1;currencyservice=1;emailservice=1;frontend=1;paymentservice=1;productcatalogservice=1;recommendationservice=1;redis-cart=1;shippingservice=1,markov,stageC,cga,CGA,20,20.000,replay,mixed,1.001375,0.028590,7,1.525982,0.000000,0.359677,1.100147,,,0.000000,0.009418,0.009418,7,7,0,63.497230,63.497230,63.497230,63.497230,120.000000,0.000000,113.447368,0.559707,0.000000,20,,,,,,,,,
online-boutique,online-boutique-longmix-stageC-scale20-replica1-markov-steps500-20260612T140717Z,idyn-ob-scale20-replica1,scale20,replica1,adservice=1;cartservice=1;checkoutservice=1;currencyservice=1;emailservice=1;frontend=1;paymentservice=1;productcatalogservice=1;recommendationservice=1;redis-cart=1;shippingservice=1,markov,stageC,hda,HDA,20,20.000,replay,mixed,1.001375,0.028590,7,1.525982,0.000000,0.359677,1.100147,,,0.000000,0.009418,0.009418,7,7,0,62.206203,62.206203,62.206203,62.206203,120.000000,0.000000,113.447368,0.548327,0.000000,20,,,,,,,,,
online-boutique,online-boutique-longmix-stageC-scale20-replica1-markov-steps500-20260612T140717Z,idyn-ob-scale20-replica1,scale20,replica1,adservice=1;cartservice=1;checkoutservice=1;currencyservice=1;emailservice=1;frontend=1;paymentservice=1;productcatalogservice=1;recommendationservice=1;redis-cart=1;shippingservice=1,markov,stageC,kubernetes-default,K8s default,21,21.000,replay,mixed,1.048603,0.045039,7,1.525982,0.000000,0.359677,1.100147,,,0.000000,0.012184,0.012184,7,7,0,64.675574,64.675574,64.675574,64.675574,120.000000,0.000000,113.447368,0.570093,0.000000,20,,,,,,,,,
online-boutique,online-boutique-longmix-stageC-scale20-replica1-markov-steps500-20260612T140717Z,idyn-ob-scale20-replica1,scale20,replica1,adservice=1;cartservice=1;checkoutservice=1;currencyservice=1;emailservice=1;frontend=1;paymentservice=1;productcatalogservice=1;recommendationservice=1;redis-cart=1;shippingservice=1,markov,stageC,cga,CGA,21,21.000,replay,mixed,1.048603,0.045039,7,1.525982,0.000000,0.359677,1.100147,,,0.000000,0.012184,0.012184,7,7,0,61.943592,61.943592,61.943592,61.943592,120.000000,0.000000,113.447368,0.546012,0.000000,20,,,,,,,,,
online-boutique,online-boutique-longmix-stageC-scale20-replica1-markov-steps500-20260612T140717Z,idyn-ob-scale20-replica1,scale20,replica1,adservice=1;cartservice=1;checkoutservice=1;currencyservice=1;emailservice=1;frontend=1;paymentservice=1;productcatalogservice=1;recommendationservice=1;redis-cart=1;shippingservice=1,markov,stageC,hda,HDA,21,21.000,replay,mixed,1.048603,0.045039,7,1.525982,0.000000,0.359677,1.100147,,,0.000000,0.012184,0.012184,7,7,0,56.541307,56.541307,56.541307,56.541307,120.000000,0.000000,113.447368,0.498392,0.000000,20,,,,,,,,,
online-boutique,online-boutique-longmix-stageC-scale20-replica1-markov-steps500-20260612T140717Z,idyn-ob-scale20-replica1,scale20,replica1,adservice=1;cartservice=1;checkoutservice=1;currencyservice=1;emailservice=1;frontend=1;paymentservice=1;productcatalogservice=1;recommendationservice=1;redis-cart=1;shippingservice=1,markov,stageC,kubernetes-default,K8s default,22,22.000,replay,mixed,0.981808,0.063699,7,1.525982,0.000000,0.359677,1.100147,,,0.000000,0.008767,0.008767,7,7,0,71.544941,71.544941,71.544941,71.544941,120.000000,0.000000,113.447368,0.630644,0.000000,20,,,,,,,,,
online-boutique,online-boutique-longmix-stageC-scale20-replica1-markov-steps500-20260612T140717Z,idyn-ob-scale20-replica1,scale20,replica1,adservice=1;cartservice=1;checkoutservice=1;currencyservice=1;emailservice=1;frontend=1;paymentservice=1;productcatalogservice=1;recommendationservice=1;redis-cart=1;shippingservice=1,markov,stageC,cga,CGA,22,22.000,replay,mixed,0.981808,0.063699,7,1.525982,0.000000,0.359677,1.100147,,,0.000000,0.008767,0.008767,7,7,0,60.226602,60.226602,60.226602,60.226602,120.000000,0.000000,113.447368,0.530877,0.000000,20,,,,,,,,,
online-boutique,online-boutique-longmix-stageC-scale20-replica1-markov-steps500-20260612T140717Z,idyn-ob-scale20-replica1,scale20,replica1,adservice=1;cartservice=1;checkoutservice=1;currencyservice=1;emailservice=1;frontend=1;paymentservice=1;productcatalogservice=1;recommendationservice=1;redis-cart=1;shippingservice=1,markov,stageC,hda,HDA,22,22.000,replay,mixed,0.981808,0.063699,7,1.525982,0.000000,0.359677,1.100147,,,0.000000,0.008767,0.008767,7,7,0,59.510889,59.510889,59.510889,59.510889,120.000000,0.000000,113.447368,0.524568,0.000000,20,,,,,,,,,
online-boutique,online-boutique-longmix-stageC-scale20-replica1-markov-steps500-20260612T140717Z,idyn-ob-scale20-replica1,scale20,replica1,adservice=1;cartservice=1;checkoutservice=1;currencyservice=1;emailservice=1;frontend=1;paymentservice=1;productcatalogservice=1;recommendationservice=1;redis-cart=1;shippingservice=1,markov,stageC,kubernetes-default,K8s default,23,23.000,replay,mixed,1.025708,0.042799,7,1.525982,0.000000,0.359677,1.100147,,,0.000000,0.008616,0.008616,7,7,0,64.594535,64.594535,64.594535,64.594535,120.000000,0.000000,113.447368,0.569379,0.000000,20,,,,,,,,,
online-boutique,online-boutique-longmix-stageC-scale20-replica1-markov-steps500-20260612T140717Z,idyn-ob-scale20-replica1,scale20,replica1,adservice=1;cartservice=1;checkoutservice=1;currencyservice=1;emailservice=1;frontend=1;paymentservice=1;productcatalogservice=1;recommendationservice=1;redis-cart=1;shippingservice=1,markov,stageC,cga,CGA,23,23.000,replay,mixed,1.025708,0.042799,7,1.525982,0.000000,0.359677,1.100147,,,0.000000,0.008616,0.008616,7,7,0,64.536695,64.536695,64.536695,64.536695,120.000000,0.000000,113.447368,0.568869,0.000000,20,,,,,,,,,
online-boutique,online-boutique-longmix-stageC-scale20-replica1-markov-steps500-20260612T140717Z,idyn-ob-scale20-replica1,scale20,replica1,adservice=1;cartservice=1;checkoutservice=1;currencyservice=1;emailservice=1;frontend=1;paymentservice=1;productcatalogservice=1;recommendationservice=1;redis-cart=1;shippingservice=1,markov,stageC,hda,HDA,23,23.000,replay,mixed,1.025708,0.042799,7,1.525982,0.000000,0.359677,1.100147,,,0.000000,0.008616,0.008616,7,7,0,61.505625,61.505625,61.505625,61.505625,120.000000,0.000000,113.447368,0.542151,0.000000,20,,,,,,,,,
online-boutique,online-boutique-longmix-stageC-scale20-replica1-markov-steps500-20260612T140717Z,idyn-ob-scale20-replica1,scale20,replica1,adservice=1;cartservice=1;checkoutservice=1;currencyservice=1;emailservice=1;frontend=1;paymentservice=1;productcatalogservice=1;recommendationservice=1;redis-cart=1;shippingservice=1,markov,stageC,kubernetes-default,K8s default,24,24.000,replay,mixed,0.990845,0.033989,7,1.525982,0.000000,0.359677,1.100147,,,0.000000,0.011852,0.011852,7,7,0,68.086979,68.086979,68.086979,68.086979,120.000000,0.000000,113.447368,0.600164,0.000000,20,,,,,,,,,
online-boutique,online-boutique-longmix-stageC-scale20-replica1-markov-steps500-20260612T140717Z,idyn-ob-scale20-replica1,scale20,replica1,adservice=1;cartservice=1;checkoutservice=1;currencyservice=1;emailservice=1;frontend=1;paymentservice=1;productcatalogservice=1;recommendationservice=1;redis-cart=1;shippingservice=1,markov,stageC,cga,CGA,24,24.000,replay,mixed,0.990845,0.033989,7,1.525982,0.000000,0.359677,1.100147,,,0.000000,0.011852,0.011852,7,7,0,60.638166,60.638166,60.638166,60.638166,120.000000,0.000000,113.447368,0.534505,0.000000,20,,,,,,,,,
online-boutique,online-boutique-longmix-stageC-scale20-replica1-markov-steps500-20260612T140717Z,idyn-ob-scale20-replica1,scale20,replica1,adservice=1;cartservice=1;checkoutservice=1;currencyservice=1;emailservice=1;frontend=1;paymentservice=1;productcatalogservice=1;recommendationservice=1;redis-cart=1;shippingservice=1,markov,stageC,hda,HDA,24,24.000,replay,mixed,0.990845,0.033989,7,1.525982,0.000000,0.359677,1.100147,,,0.000000,0.011852,0.011852,7,7,0,58.690378,58.690378,58.690378,58.690378,120.000000,0.000000,113.447368,0.517336,0.000000,20,,,,,,,,,
online-boutique,online-boutique-longmix-stageC-scale20-replica1-markov-steps500-20260612T140717Z,idyn-ob-scale20-replica1,scale20,replica1,adservice=1;cartservice=1;checkoutservice=1;currencyservice=1;emailservice=1;frontend=1;paymentservice=1;productcatalogservice=1;recommendationservice=1;redis-cart=1;shippingservice=1,markov,stageC,kubernetes-default,K8s default,25,25.000,replay,mixed,0.991047,0.818667,14,1.525982,1.000000,0.344308,0.539631,,,0.000000,0.010339,0.010339,11,14,0,161.850332,161.850332,161.850332,161.850332,120.000000,0.000000,191.447368,0.845404,0.000000,20,,,,,,,,,
online-boutique,online-boutique-longmix-stageC-scale20-replica1-markov-steps500-20260612T140717Z,idyn-ob-scale20-replica1,scale20,replica1,adservice=1;cartservice=1;checkoutservice=1;currencyservice=1;emailservice=1;frontend=1;paymentservice=1;productcatalogservice=1;recommendationservice=1;redis-cart=1;shippingservice=1,markov,stageC,cga,CGA,25,25.000,replay,mixed,0.991047,0.818667,14,1.525982,1.000000,0.344308,0.539631,,,0.000000,0.010339,0.010339,11,14,0,149.593374,149.593374,149.593374,149.593374,120.000000,0.000000,191.447368,0.781381,0.000000,20,,,,,,,,,
online-boutique,online-boutique-longmix-stageC-scale20-replica1-markov-steps500-20260612T140717Z,idyn-ob-scale20-replica1,scale20,replica1,adservice=1;cartservice=1;checkoutservice=1;currencyservice=1;emailservice=1;frontend=1;paymentservice=1;productcatalogservice=1;recommendationservice=1;redis-cart=1;shippingservice=1,markov,stageC,hda,HDA,25,25.000,replay,mixed,0.991047,0.818667,14,1.525982,1.000000,0.344308,0.539631,,,0.000000,0.010339,0.010339,11,14,0,149.134934,149.134934,149.134934,149.134934,120.000000,0.000000,191.447368,0.778987,0.000000,20,,,,,,,,,
online-boutique,online-boutique-longmix-stageC-scale20-replica1-markov-steps500-20260612T140717Z,idyn-ob-scale20-replica1,scale20,replica1,adservice=1;cartservice=1;checkoutservice=1;currencyservice=1;emailservice=1;frontend=1;paymentservice=1;productcatalogservice=1;recommendationservice=1;redis-cart=1;shippingservice=1,markov,stageC,kubernetes-default,K8s default,26,26.000,replay,mixed,0.981209,0.009926,14,1.525982,0.000000,0.344308,0.539631,,,0.000000,0.009267,0.009267,11,14,0,123.847270,123.847270,123.847270,123.847270,120.000000,0.000000,191.447368,0.646900,0.000000,20,,,,,,,,,
online-boutique,online-boutique-longmix-stageC-scale20-replica1-markov-steps500-20260612T140717Z,idyn-ob-scale20-replica1,scale20,replica1,adservice=1;cartservice=1;checkoutservice=1;currencyservice=1;emailservice=1;frontend=1;paymentservice=1;productcatalogservice=1;recommendationservice=1;redis-cart=1;shippingservice=1,markov,stageC,cga,CGA,26,26.000,replay,mixed,0.981209,0.009926,14,1.525982,0.000000,0.344308,0.539631,,,0.000000,0.009267,0.009267,11,14,0,114.941402,114.941402,114.941402,114.941402,120.000000,0.000000,191.447368,0.600381,0.000000,20,,,,,,,,,
online-boutique,online-boutique-longmix-stageC-scale20-replica1-markov-steps500-20260612T140717Z,idyn-ob-scale20-replica1,scale20,replica1,adservice=1;cartservice=1;checkoutservice=1;currencyservice=1;emailservice=1;frontend=1;paymentservice=1;productcatalogservice=1;recommendationservice=1;redis-cart=1;shippingservice=1,markov,stageC,hda,HDA,26,26.000,replay,mixed,0.981209,0.009926,14,1.525982,0.000000,0.344308,0.539631,,,0.000000,0.009267,0.009267,11,14,0,110.697523,110.697523,110.697523,110.697523,120.000000,0.000000,191.447368,0.578214,0.000000,20,,,,,,,,,
online-boutique,online-boutique-longmix-stageC-scale20-replica1-markov-steps500-20260612T140717Z,idyn-ob-scale20-replica1,scale20,replica1,adservice=1;cartservice=1;checkoutservice=1;currencyservice=1;emailservice=1;frontend=1;paymentservice=1;productcatalogservice=1;recommendationservice=1;redis-cart=1;shippingservice=1,markov,stageC,kubernetes-default,K8s default,27,27.000,replay,mixed,1.044041,0.060182,14,1.525982,0.000000,0.344308,0.539631,,,0.000000,0.012725,0.012725,11,14,0,127.309702,127.309702,127.309702,127.309702,120.000000,0.000000,191.447368,0.664985,0.000000,20,,,,,,,,,
online-boutique,online-boutique-longmix-stageC-scale20-replica1-markov-steps500-20260612T140717Z,idyn-ob-scale20-replica1,scale20,replica1,adservice=1;cartservice=1;checkoutservice=1;currencyservice=1;emailservice=1;frontend=1;paymentservice=1;productcatalogservice=1;recommendationservice=1;redis-cart=1;shippingservice=1,markov,stageC,cga,CGA,27,27.000,replay,mixed,1.044041,0.060182,14,1.525982,0.000000,0.344308,0.539631,,,0.000000,0.012725,0.012725,11,14,0,123.753972,123.753972,123.753972,123.753972,120.000000,0.000000,191.447368,0.646413,0.000000,20,,,,,,,,,
online-boutique,online-boutique-longmix-stageC-scale20-replica1-markov-steps500-20260612T140717Z,idyn-ob-scale20-replica1,scale20,replica1,adservice=1;cartservice=1;checkoutservice=1;currencyservice=1;emailservice=1;frontend=1;paymentservice=1;productcatalogservice=1;recommendationservice=1;redis-cart=1;shippingservice=1,markov,stageC,hda,HDA,27,27.000,replay,mixed,1.044041,0.060182,14,1.525982,0.000000,0.344308,0.539631,,,0.000000,0.012725,0.012725,11,14,0,121.370853,121.370853,121.370853,121.370853,120.000000,0.000000,191.447368,0.633965,0.000000,20,,,,,,,,,
online-boutique,online-boutique-longmix-stageC-scale20-replica1-markov-steps500-20260612T140717Z,idyn-ob-scale20-replica1,scale20,replica1,adservice=1;cartservice=1;checkoutservice=1;currencyservice=1;emailservice=1;frontend=1;paymentservice=1;productcatalogservice=1;recommendationservice=1;redis-cart=1;shippingservice=1,markov,stageC,kubernetes-default,K8s default,28,28.000,replay,mixed,1.057780,0.012988,14,1.525982,0.000000,0.344308,0.539631,,,0.000000,0.009487,0.009487,11,14,0,131.608878,131.608878,131.608878,131.608878,120.000000,0.000000,191.447368,0.687442,0.000000,20,,,,,,,,,
online-boutique,online-boutique-longmix-stageC-scale20-replica1-markov-steps500-20260612T140717Z,idyn-ob-scale20-replica1,scale20,replica1,adservice=1;cartservice=1;checkoutservice=1;currencyservice=1;emailservice=1;frontend=1;paymentservice=1;productcatalogservice=1;recommendationservice=1;redis-cart=1;shippingservice=1,markov,stageC,cga,CGA,28,28.000,replay,mixed,1.057780,0.012988,14,1.525982,0.000000,0.344308,0.539631,,,0.000000,0.009487,0.009487,11,14,0,122.658241,122.658241,122.658241,122.658241,120.000000,0.000000,191.447368,0.640689,0.000000,20,,,,,,,,,
online-boutique,online-boutique-longmix-stageC-scale20-replica1-markov-steps500-20260612T140717Z,idyn-ob-scale20-replica1,scale20,replica1,adservice=1;cartservice=1;checkoutservice=1;currencyservice=1;emailservice=1;frontend=1;paymentservice=1;productcatalogservice=1;recommendationservice=1;redis-cart=1;shippingservice=1,markov,stageC,hda,HDA,28,28.000,replay,mixed,1.057780,0.012988,14,1.525982,0.000000,0.344308,0.539631,,,0.000000,0.009487,0.009487,11,14,0,116.267228,116.267228,116.267228,116.267228,120.000000,0.000000,191.447368,0.607306,0.000000,20,,,,,,,,,
online-boutique,online-boutique-longmix-stageC-scale20-replica1-markov-steps500-20260612T140717Z,idyn-ob-scale20-replica1,scale20,replica1,adservice=1;cartservice=1;checkoutservice=1;currencyservice=1;emailservice=1;frontend=1;paymentservice=1;productcatalogservice=1;recommendationservice=1;redis-cart=1;shippingservice=1,markov,stageC,kubernetes-default,K8s default,29,29.000,replay,mixed,0.984709,0.745525,7,1.440440,0.800000,0.418771,0.479206,,,0.000000,0.015880,0.015880,7,7,0,126.134169,126.134169,126.134169,126.134169,120.000000,0.000000,145.947368,0.864244,0.000000,20,,,,,,,,,
online-boutique,online-boutique-longmix-stageC-scale20-replica1-markov-steps500-20260612T140717Z,idyn-ob-scale20-replica1,scale20,replica1,adservice=1;cartservice=1;checkoutservice=1;currencyservice=1;emailservice=1;frontend=1;paymentservice=1;productcatalogservice=1;recommendationservice=1;redis-cart=1;shippingservice=1,markov,stageC,cga,CGA,29,29.000,replay,mixed,0.984709,0.745525,7,1.440440,0.800000,0.418771,0.479206,,,0.000000,0.015880,0.015880,7,7,0,113.207995,113.207995,113.207995,113.207995,120.000000,0.000000,145.947368,0.775677,0.000000,20,,,,,,,,,
online-boutique,online-boutique-longmix-stageC-scale20-replica1-markov-steps500-20260612T140717Z,idyn-ob-scale20-replica1,scale20,replica1,adservice=1;cartservice=1;checkoutservice=1;currencyservice=1;emailservice=1;frontend=1;paymentservice=1;productcatalogservice=1;recommendationservice=1;redis-cart=1;shippingservice=1,markov,stageC,hda,HDA,29,29.000,replay,mixed,0.984709,0.745525,7,1.440440,0.800000,0.418771,0.479206,,,0.000000,0.015880,0.015880,7,7,0,111.028509,111.028509,111.028509,111.028509,120.000000,0.000000,145.947368,0.760743,0.000000,20,,,,,,,,,
online-boutique,online-boutique-longmix-stageC-scale20-replica1-markov-steps500-20260612T140717Z,idyn-ob-scale20-replica1,scale20,replica1,adservice=1;cartservice=1;checkoutservice=1;currencyservice=1;emailservice=1;frontend=1;paymentservice=1;productcatalogservice=1;recommendationservice=1;redis-cart=1;shippingservice=1,markov,stageC,kubernetes-default,K8s default,30,30.000,replay,mixed,1.035517,0.049065,7,1.440440,0.000000,0.418771,0.479206,,,0.000000,0.009237,0.009237,7,7,0,95.416597,95.416597,95.416597,95.416597,120.000000,0.000000,145.947368,0.653774,0.000000,20,,,,,,,,,
online-boutique,online-boutique-longmix-stageC-scale20-replica1-markov-steps500-20260612T140717Z,idyn-ob-scale20-replica1,scale20,replica1,adservice=1;cartservice=1;checkoutservice=1;currencyservice=1;emailservice=1;frontend=1;paymentservice=1;productcatalogservice=1;recommendationservice=1;redis-cart=1;shippingservice=1,markov,stageC,cga,CGA,30,30.000,replay,mixed,1.035517,0.049065,7,1.440440,0.000000,0.418771,0.479206,,,0.000000,0.009237,0.009237,7,7,0,86.473974,86.473974,86.473974,86.473974,120.000000,0.000000,145.947368,0.592501,0.000000,20,,,,,,,,,
online-boutique,online-boutique-longmix-stageC-scale20-replica1-markov-steps500-20260612T140717Z,idyn-ob-scale20-replica1,scale20,replica1,adservice=1;cartservice=1;checkoutservice=1;currencyservice=1;emailservice=1;frontend=1;paymentservice=1;productcatalogservice=1;recommendationservice=1;redis-cart=1;shippingservice=1,markov,stageC,hda,HDA,30,30.000,replay,mixed,1.035517,0.049065,7,1.440440,0.000000,0.418771,0.479206,,,0.000000,0.009237,0.009237,7,7,0,87.457874,87.457874,87.457874,87.457874,120.000000,0.000000,145.947368,0.599243,0.000000,20,,,,,,,,,
online-boutique,online-boutique-longmix-stageC-scale20-replica1-markov-steps500-20260612T140717Z,idyn-ob-scale20-replica1,scale20,replica1,adservice=1;cartservice=1;checkoutservice=1;currencyservice=1;emailservice=1;frontend=1;paymentservice=1;productcatalogservice=1;recommendationservice=1;redis-cart=1;shippingservice=1,markov,stageC,kubernetes-default,K8s default,31,31.000,replay,mixed,1.036810,0.001247,7,1.440440,0.000000,0.418771,0.479206,,,0.000000,0.008856,0.008856,7,7,0,93.650794,93.650794,93.650794,93.650794,120.000000,0.000000,145.947368,0.641675,0.000000,20,,,,,,,,,
online-boutique,online-boutique-longmix-stageC-scale20-replica1-markov-steps500-20260612T140717Z,idyn-ob-scale20-replica1,scale20,replica1,adservice=1;cartservice=1;checkoutservice=1;currencyservice=1;emailservice=1;frontend=1;paymentservice=1;productcatalogservice=1;recommendationservice=1;redis-cart=1;shippingservice=1,markov,stageC,cga,CGA,31,31.000,replay,mixed,1.036810,0.001247,7,1.440440,0.000000,0.418771,0.479206,,,0.000000,0.008856,0.008856,7,7,0,90.247433,90.247433,90.247433,90.247433,120.000000,0.000000,145.947368,0.618356,0.000000,20,,,,,,,,,
online-boutique,online-boutique-longmix-stageC-scale20-replica1-markov-steps500-20260612T140717Z,idyn-ob-scale20-replica1,scale20,replica1,adservice=1;cartservice=1;checkoutservice=1;currencyservice=1;emailservice=1;frontend=1;paymentservice=1;productcatalogservice=1;recommendationservice=1;redis-cart=1;shippingservice=1,markov,stageC,hda,HDA,31,31.000,replay,mixed,1.036810,0.001247,7,1.440440,0.000000,0.418771,0.479206,,,0.000000,0.008856,0.008856,7,7,0,84.084603,84.084603,84.084603,84.084603,120.000000,0.000000,145.947368,0.576130,0.000000,20,,,,,,,,,
online-boutique,online-boutique-longmix-stageC-scale20-replica1-markov-steps500-20260612T140717Z,idyn-ob-scale20-replica1,scale20,replica1,adservice=1;cartservice=1;checkoutservice=1;currencyservice=1;emailservice=1;frontend=1;paymentservice=1;productcatalogservice=1;recommendationservice=1;redis-cart=1;shippingservice=1,markov,stageC,kubernetes-default,K8s default,32,32.000,replay,mixed,1.035755,0.001017,7,1.440440,0.000000,0.418771,0.479206,,,0.000000,0.008897,0.008897,7,7,0,96.551237,96.551237,96.551237,96.551237,120.000000,0.000000,145.947368,0.661548,0.000000,20,,,,,,,,,
online-boutique,online-boutique-longmix-stageC-scale20-replica1-markov-steps500-20260612T140717Z,idyn-ob-scale20-replica1,scale20,replica1,adservice=1;cartservice=1;checkoutservice=1;currencyservice=1;emailservice=1;frontend=1;paymentservice=1;productcatalogservice=1;recommendationservice=1;redis-cart=1;shippingservice=1,markov,stageC,cga,CGA,32,32.000,replay,mixed,1.035755,0.001017,7,1.440440,0.000000,0.418771,0.479206,,,0.000000,0.008897,0.008897,7,7,0,86.651798,86.651798,86.651798,86.651798,120.000000,0.000000,145.947368,0.593719,0.000000,20,,,,,,,,,
online-boutique,online-boutique-longmix-stageC-scale20-replica1-markov-steps500-20260612T140717Z,idyn-ob-scale20-replica1,scale20,replica1,adservice=1;cartservice=1;checkoutservice=1;currencyservice=1;emailservice=1;frontend=1;paymentservice=1;productcatalogservice=1;recommendationservice=1;redis-cart=1;shippingservice=1,markov,stageC,hda,HDA,32,32.000,replay,mixed,1.035755,0.001017,7,1.440440,0.000000,0.418771,0.479206,,,0.000000,0.008897,0.008897,7,7,0,87.811254,87.811254,87.811254,87.811254,120.000000,0.000000,145.947368,0.601664,0.000000,20,,,,,,,,,
online-boutique,online-boutique-longmix-stageC-scale20-replica1-markov-steps500-20260612T140717Z,idyn-ob-scale20-replica1,scale20,replica1,adservice=1;cartservice=1;checkoutservice=1;currencyservice=1;emailservice=1;frontend=1;paymentservice=1;productcatalogservice=1;recommendationservice=1;redis-cart=1;shippingservice=1,markov,stageC,kubernetes-default,K8s default,33,33.000,replay,mixed,1.006410,0.748786,14,1.525982,0.800000,0.344308,0.539631,,,0.000000,0.009087,0.009087,11,14,0,162.326140,162.326140,162.326140,162.326140,120.000000,0.000000,191.447368,0.847889,0.000000,20,,,,,,,,,
online-boutique,online-boutique-longmix-stageC-scale20-replica1-markov-steps500-20260612T140717Z,idyn-ob-scale20-replica1,scale20,replica1,adservice=1;cartservice=1;checkoutservice=1;currencyservice=1;emailservice=1;frontend=1;paymentservice=1;productcatalogservice=1;recommendationservice=1;redis-cart=1;shippingservice=1,markov,stageC,cga,CGA,33,33.000,replay,mixed,1.006410,0.748786,14,1.525982,0.800000,0.344308,0.539631,,,0.000000,0.009087,0.009087,11,14,0,150.664254,150.664254,150.664254,150.664254,120.000000,0.000000,191.447368,0.786975,0.000000,20,,,,,,,,,
online-boutique,online-boutique-longmix-stageC-scale20-replica1-markov-steps500-20260612T140717Z,idyn-ob-scale20-replica1,scale20,replica1,adservice=1;cartservice=1;checkoutservice=1;currencyservice=1;emailservice=1;frontend=1;paymentservice=1;productcatalogservice=1;recommendationservice=1;redis-cart=1;shippingservice=1,markov,stageC,hda,HDA,33,33.000,replay,mixed,1.006410,0.748786,14,1.525982,0.800000,0.344308,0.539631,,,0.000000,0.009087,0.009087,11,14,0,143.161379,143.161379,143.161379,143.161379,120.000000,0.000000,191.447368,0.747785,0.000000,20,,,,,,,,,
online-boutique,online-boutique-longmix-stageC-scale20-replica1-markov-steps500-20260612T140717Z,idyn-ob-scale20-replica1,scale20,replica1,adservice=1;cartservice=1;checkoutservice=1;currencyservice=1;emailservice=1;frontend=1;paymentservice=1;productcatalogservice=1;recommendationservice=1;redis-cart=1;shippingservice=1,markov,stageC,kubernetes-default,K8s default,34,34.000,replay,mixed,0.980490,0.025754,14,1.525982,0.000000,0.344308,0.539631,,,0.000000,0.009236,0.009236,11,14,0,123.635974,123.635974,123.635974,123.635974,120.000000,0.000000,191.447368,0.645796,0.000000,20,,,,,,,,,
online-boutique,online-boutique-longmix-stageC-scale20-replica1-markov-steps500-20260612T140717Z,idyn-ob-scale20-replica1,scale20,replica1,adservice=1;cartservice=1;checkoutservice=1;currencyservice=1;emailservice=1;frontend=1;paymentservice=1;productcatalogservice=1;recommendationservice=1;redis-cart=1;shippingservice=1,markov,stageC,cga,CGA,34,34.000,replay,mixed,0.980490,0.025754,14,1.525982,0.000000,0.344308,0.539631,,,0.000000,0.009236,0.009236,11,14,0,117.949696,117.949696,117.949696,117.949696,120.000000,0.000000,191.447368,0.616095,0.000000,20,,,,,,,,,
online-boutique,online-boutique-longmix-stageC-scale20-replica1-markov-steps500-20260612T140717Z,idyn-ob-scale20-replica1,scale20,replica1,adservice=1;cartservice=1;checkoutservice=1;currencyservice=1;emailservice=1;frontend=1;paymentservice=1;productcatalogservice=1;recommendationservice=1;redis-cart=1;shippingservice=1,markov,stageC,hda,HDA,34,34.000,replay,mixed,0.980490,0.025754,14,1.525982,0.000000,0.344308,0.539631,,,0.000000,0.009236,0.009236,11,14,0,112.984183,112.984183,112.984183,112.984183,120.000000,0.000000,191.447368,0.590158,0.000000,20,,,,,,,,,
online-boutique,online-boutique-longmix-stageC-scale20-replica1-markov-steps500-20260612T140717Z,idyn-ob-scale20-replica1,scale20,replica1,adservice=1;cartservice=1;checkoutservice=1;currencyservice=1;emailservice=1;frontend=1;paymentservice=1;productcatalogservice=1;recommendationservice=1;redis-cart=1;shippingservice=1,markov,stageC,kubernetes-default,K8s default,35,35.000,replay,mixed,1.041751,0.058806,14,1.525982,0.000000,0.344308,0.539631,,,0.000000,0.009858,0.009858,11,14,0,130.156636,130.156636,130.156636,130.156636,120.000000,0.000000,191.447368,0.679856,0.000000,20,,,,,,,,,
online-boutique,online-boutique-longmix-stageC-scale20-replica1-markov-steps500-20260612T140717Z,idyn-ob-scale20-replica1,scale20,replica1,adservice=1;cartservice=1;checkoutservice=1;currencyservice=1;emailservice=1;frontend=1;paymentservice=1;productcatalogservice=1;recommendationservice=1;redis-cart=1;shippingservice=1,markov,stageC,cga,CGA,35,35.000,replay,mixed,1.041751,0.058806,14,1.525982,0.000000,0.344308,0.539631,,,0.000000,0.009858,0.009858,11,14,0,123.474778,123.474778,123.474778,123.474778,120.000000,0.000000,191.447368,0.644954,0.000000,20,,,,,,,,,
online-boutique,online-boutique-longmix-stageC-scale20-replica1-markov-steps500-20260612T140717Z,idyn-ob-scale20-replica1,scale20,replica1,adservice=1;cartservice=1;checkoutservice=1;currencyservice=1;emailservice=1;frontend=1;paymentservice=1;productcatalogservice=1;recommendationservice=1;redis-cart=1;shippingservice=1,markov,stageC,hda,HDA,35,35.000,replay,mixed,1.041751,0.058806,14,1.525982,0.000000,0.344308,0.539631,,,0.000000,0.009858,0.009858,11,14,0,118.680634,118.680634,118.680634,118.680634,120.000000,0.000000,191.447368,0.619913,0.000000,20,,,,,,,,,
online-boutique,online-boutique-longmix-stageC-scale20-replica1-markov-steps500-20260612T140717Z,idyn-ob-scale20-replica1,scale20,replica1,adservice=1;cartservice=1;checkoutservice=1;currencyservice=1;emailservice=1;frontend=1;paymentservice=1;productcatalogservice=1;recommendationservice=1;redis-cart=1;shippingservice=1,markov,stageC,kubernetes-default,K8s default,36,36.000,replay,mixed,1.018320,0.022492,14,1.525982,0.000000,0.344308,0.539631,,,0.000000,0.013776,0.013776,11,14,0,124.091634,124.091634,124.091634,124.091634,120.000000,0.000000,191.447368,0.648176,0.000000,20,,,,,,,,,
online-boutique,online-boutique-longmix-stageC-scale20-replica1-markov-steps500-20260612T140717Z,idyn-ob-scale20-replica1,scale20,replica1,adservice=1;cartservice=1;checkoutservice=1;currencyservice=1;emailservice=1;frontend=1;paymentservice=1;productcatalogservice=1;recommendationservice=1;redis-cart=1;shippingservice=1,markov,stageC,cga,CGA,36,36.000,replay,mixed,1.018320,0.022492,14,1.525982,0.000000,0.344308,0.539631,,,0.000000,0.013776,0.013776,11,14,0,118.949180,118.949180,118.949180,118.949180,120.000000,0.000000,191.447368,0.621315,0.000000,20,,,,,,,,,
online-boutique,online-boutique-longmix-stageC-scale20-replica1-markov-steps500-20260612T140717Z,idyn-ob-scale20-replica1,scale20,replica1,adservice=1;cartservice=1;checkoutservice=1;currencyservice=1;emailservice=1;frontend=1;paymentservice=1;productcatalogservice=1;recommendationservice=1;redis-cart=1;shippingservice=1,markov,stageC,hda,HDA,36,36.000,replay,mixed,1.018320,0.022492,14,1.525982,0.000000,0.344308,0.539631,,,0.000000,0.013776,0.013776,11,14,0,113.412446,113.412446,113.412446,113.412446,120.000000,0.000000,191.447368,0.592395,0.000000,20,,,,,,,,,
online-boutique,online-boutique-longmix-stageC-scale20-replica1-markov-steps500-20260612T140717Z,idyn-ob-scale20-replica1,scale20,replica1,adservice=1;cartservice=1;checkoutservice=1;currencyservice=1;emailservice=1;frontend=1;paymentservice=1;productcatalogservice=1;recommendationservice=1;redis-cart=1;shippingservice=1,markov,stageC,kubernetes-default,K8s default,37,37.000,replay,mixed,1.014586,0.003667,14,1.525982,0.000000,0.344308,0.539631,,,0.000000,0.009408,0.009408,11,14,0,127.049169,127.049169,127.049169,127.049169,120.000000,0.000000,191.447368,0.663625,0.000000,20,,,,,,,,,
online-boutique,online-boutique-longmix-stageC-scale20-replica1-markov-steps500-20260612T140717Z,idyn-ob-scale20-replica1,scale20,replica1,adservice=1;cartservice=1;checkoutservice=1;currencyservice=1;emailservice=1;frontend=1;paymentservice=1;productcatalogservice=1;recommendationservice=1;redis-cart=1;shippingservice=1,markov,stageC,cga,CGA,37,37.000,replay,mixed,1.014586,0.003667,14,1.525982,0.000000,0.344308,0.539631,,,0.000000,0.009408,0.009408,11,14,0,120.811196,120.811196,120.811196,120.811196,120.000000,0.000000,191.447368,0.631041,0.000000,20,,,,,,,,,
online-boutique,online-boutique-longmix-stageC-scale20-replica1-markov-steps500-20260612T140717Z,idyn-ob-scale20-replica1,scale20,replica1,adservice=1;cartservice=1;checkoutservice=1;currencyservice=1;emailservice=1;frontend=1;paymentservice=1;productcatalogservice=1;recommendationservice=1;redis-cart=1;shippingservice=1,markov,stageC,hda,HDA,37,37.000,replay,mixed,1.014586,0.003667,14,1.525982,0.000000,0.344308,0.539631,,,0.000000,0.009408,0.009408,11,14,0,106.656801,106.656801,106.656801,106.656801,120.000000,0.000000,191.447368,0.557108,0.000000,20,,,,,,,,,
online-boutique,online-boutique-longmix-stageC-scale20-replica1-markov-steps500-20260612T140717Z,idyn-ob-scale20-replica1,scale20,replica1,adservice=1;cartservice=1;checkoutservice=1;currencyservice=1;emailservice=1;frontend=1;paymentservice=1;productcatalogservice=1;recommendationservice=1;redis-cart=1;shippingservice=1,markov,stageC,kubernetes-default,K8s default,38,38.000,replay,mixed,1.052645,0.036155,14,1.525982,0.000000,0.344308,0.539631,,,0.000000,0.013565,0.013565,11,14,0,128.700308,128.700308,128.700308,128.700308,120.000000,0.000000,191.447368,0.672249,0.000000,20,,,,,,,,,
online-boutique,online-boutique-longmix-stageC-scale20-replica1-markov-steps500-20260612T140717Z,idyn-ob-scale20-replica1,scale20,replica1,adservice=1;cartservice=1;checkoutservice=1;currencyservice=1;emailservice=1;frontend=1;paymentservice=1;productcatalogservice=1;recommendationservice=1;redis-cart=1;shippingservice=1,markov,stageC,cga,CGA,38,38.000,replay,mixed,1.052645,0.036155,14,1.525982,0.000000,0.344308,0.539631,,,0.000000,0.013565,0.013565,11,14,0,122.111629,122.111629,122.111629,122.111629,120.000000,0.000000,191.447368,0.637834,0.000000,20,,,,,,,,,
online-boutique,online-boutique-longmix-stageC-scale20-replica1-markov-steps500-20260612T140717Z,idyn-ob-scale20-replica1,scale20,replica1,adservice=1;cartservice=1;checkoutservice=1;currencyservice=1;emailservice=1;frontend=1;paymentservice=1;productcatalogservice=1;recommendationservice=1;redis-cart=1;shippingservice=1,markov,stageC,hda,HDA,38,38.000,replay,mixed,1.052645,0.036155,14,1.525982,0.000000,0.344308,0.539631,,,0.000000,0.013565,0.013565,11,14,0,114.165513,114.165513,114.165513,114.165513,120.000000,0.000000,191.447368,0.596328,0.000000,20,,,,,,,,,
online-boutique,online-boutique-longmix-stageC-scale20-replica1-markov-steps500-20260612T140717Z,idyn-ob-scale20-replica1,scale20,replica1,adservice=1;cartservice=1;checkoutservice=1;currencyservice=1;emailservice=1;frontend=1;paymentservice=1;productcatalogservice=1;recommendationservice=1;redis-cart=1;shippingservice=1,markov,stageC,kubernetes-default,K8s default,39,39.000,replay,mixed,0.990374,0.059156,14,1.525982,0.000000,0.344308,0.539631,,,0.000000,0.009037,0.009037,11,14,0,127.244881,127.244881,127.244881,127.244881,120.000000,0.000000,191.447368,0.664647,0.000000,20,,,,,,,,,
online-boutique,online-boutique-longmix-stageC-scale20-replica1-markov-steps500-20260612T140717Z,idyn-ob-scale20-replica1,scale20,replica1,adservice=1;cartservice=1;checkoutservice=1;currencyservice=1;emailservice=1;frontend=1;paymentservice=1;productcatalogservice=1;recommendationservice=1;redis-cart=1;shippingservice=1,markov,stageC,cga,CGA,39,39.000,replay,mixed,0.990374,0.059156,14,1.525982,0.000000,0.344308,0.539631,,,0.000000,0.009037,0.009037,11,14,0,119.046526,119.046526,119.046526,119.046526,120.000000,0.000000,191.447368,0.621824,0.000000,20,,,,,,,,,
online-boutique,online-boutique-longmix-stageC-scale20-replica1-markov-steps500-20260612T140717Z,idyn-ob-scale20-replica1,scale20,replica1,adservice=1;cartservice=1;checkoutservice=1;currencyservice=1;emailservice=1;frontend=1;paymentservice=1;productcatalogservice=1;recommendationservice=1;redis-cart=1;shippingservice=1,markov,stageC,hda,HDA,39,39.000,replay,mixed,0.990374,0.059156,14,1.525982,0.000000,0.344308,0.539631,,,0.000000,0.009037,0.009037,11,14,0,120.487277,120.487277,120.487277,120.487277,120.000000,0.000000,191.447368,0.629349,0.000000,20,,,,,,,,,
online-boutique,online-boutique-longmix-stageC-scale20-replica1-markov-steps500-20260612T140717Z,idyn-ob-scale20-replica1,scale20,replica1,adservice=1;cartservice=1;checkoutservice=1;currencyservice=1;emailservice=1;frontend=1;paymentservice=1;productcatalogservice=1;recommendationservice=1;redis-cart=1;shippingservice=1,markov,stageC,kubernetes-default,K8s default,40,40.000,replay,mixed,0.999219,0.861034,7,1.012248,1.000000,0.347958,0.133792,,,0.000000,0.009428,0.009428,7,7,0,123.380057,123.380057,123.380057,123.380057,120.000000,0.000000,139.447368,0.884779,0.000000,20,,,,,,,,,
online-boutique,online-boutique-longmix-stageC-scale20-replica1-markov-steps500-20260612T140717Z,idyn-ob-scale20-replica1,scale20,replica1,adservice=1;cartservice=1;checkoutservice=1;currencyservice=1;emailservice=1;frontend=1;paymentservice=1;productcatalogservice=1;recommendationservice=1;redis-cart=1;shippingservice=1,markov,stageC,cga,CGA,40,40.000,replay,mixed,0.999219,0.861034,7,1.012248,1.000000,0.347958,0.133792,,,0.000000,0.009428,0.009428,7,7,0,118.075454,118.075454,118.075454,118.075454,120.000000,0.000000,139.447368,0.846738,0.000000,20,,,,,,,,,
online-boutique,online-boutique-longmix-stageC-scale20-replica1-markov-steps500-20260612T140717Z,idyn-ob-scale20-replica1,scale20,replica1,adservice=1;cartservice=1;checkoutservice=1;currencyservice=1;emailservice=1;frontend=1;paymentservice=1;productcatalogservice=1;recommendationservice=1;redis-cart=1;shippingservice=1,markov,stageC,hda,HDA,40,40.000,replay,mixed,0.999219,0.861034,7,1.012248,1.000000,0.347958,0.133792,,,0.000000,0.009428,0.009428,7,7,0,112.922810,112.922810,112.922810,112.922810,120.000000,0.000000,139.447368,0.809788,0.000000,20,,,,,,,,,
online-boutique,online-boutique-longmix-stageC-scale20-replica1-markov-steps500-20260612T140717Z,idyn-ob-scale20-replica1,scale20,replica1,adservice=1;cartservice=1;checkoutservice=1;currencyservice=1;emailservice=1;frontend=1;paymentservice=1;productcatalogservice=1;recommendationservice=1;redis-cart=1;shippingservice=1,markov,stageC,kubernetes-default,K8s default,41,41.000,replay,mixed,1.006575,0.007308,7,1.012248,0.000000,0.347958,0.133792,,,0.000000,0.014799,0.014799,7,7,0,87.605832,87.605832,87.605832,87.605832,120.000000,0.000000,139.447368,0.628236,0.000000,20,,,,,,,,,
online-boutique,online-boutique-longmix-stageC-scale20-replica1-markov-steps500-20260612T140717Z,idyn-ob-scale20-replica1,scale20,replica1,adservice=1;cartservice=1;checkoutservice=1;currencyservice=1;emailservice=1;frontend=1;paymentservice=1;productcatalogservice=1;recommendationservice=1;redis-cart=1;shippingservice=1,markov,stageC,cga,CGA,41,41.000,replay,mixed,1.006575,0.007308,7,1.012248,0.000000,0.347958,0.133792,,,0.000000,0.014799,0.014799,7,7,0,83.761258,83.761258,83.761258,83.761258,120.000000,0.000000,139.447368,0.600666,0.000000,20,,,,,,,,,
online-boutique,online-boutique-longmix-stageC-scale20-replica1-markov-steps500-20260612T140717Z,idyn-ob-scale20-replica1,scale20,replica1,adservice=1;cartservice=1;checkoutservice=1;currencyservice=1;emailservice=1;frontend=1;paymentservice=1;productcatalogservice=1;recommendationservice=1;redis-cart=1;shippingservice=1,markov,stageC,hda,HDA,41,41.000,replay,mixed,1.006575,0.007308,7,1.012248,0.000000,0.347958,0.133792,,,0.000000,0.014799,0.014799,7,7,0,78.924422,78.924422,78.924422,78.924422,120.000000,0.000000,139.447368,0.565980,0.000000,20,,,,,,,,,
online-boutique,online-boutique-longmix-stageC-scale20-replica1-markov-steps500-20260612T140717Z,idyn-ob-scale20-replica1,scale20,replica1,adservice=1;cartservice=1;checkoutservice=1;currencyservice=1;emailservice=1;frontend=1;paymentservice=1;productcatalogservice=1;recommendationservice=1;redis-cart=1;shippingservice=1,markov,stageC,kubernetes-default,K8s default,42,42.000,replay,mixed,1.076308,0.858456,14,1.525982,1.000000,0.344308,0.539631,,,0.000000,0.014788,0.014788,11,14,0,168.093759,168.093759,168.093759,168.093759,120.000000,0.000000,191.447368,0.878016,0.000000,20,,,,,,,,,
online-boutique,online-boutique-longmix-stageC-scale20-replica1-markov-steps500-20260612T140717Z,idyn-ob-scale20-replica1,scale20,replica1,adservice=1;cartservice=1;checkoutservice=1;currencyservice=1;emailservice=1;frontend=1;paymentservice=1;productcatalogservice=1;recommendationservice=1;redis-cart=1;shippingservice=1,markov,stageC,cga,CGA,42,42.000,replay,mixed,1.076308,0.858456,14,1.525982,1.000000,0.344308,0.539631,,,0.000000,0.014788,0.014788,11,14,0,159.062936,159.062936,159.062936,159.062936,120.000000,0.000000,191.447368,0.830844,0.000000,20,,,,,,,,,
online-boutique,online-boutique-longmix-stageC-scale20-replica1-markov-steps500-20260612T140717Z,idyn-ob-scale20-replica1,scale20,replica1,adservice=1;cartservice=1;checkoutservice=1;currencyservice=1;emailservice=1;frontend=1;paymentservice=1;productcatalogservice=1;recommendationservice=1;redis-cart=1;shippingservice=1,markov,stageC,hda,HDA,42,42.000,replay,mixed,1.076308,0.858456,14,1.525982,1.000000,0.344308,0.539631,,,0.000000,0.014788,0.014788,11,14,0,150.446767,150.446767,150.446767,150.446767,120.000000,0.000000,191.447368,0.785839,0.000000,20,,,,,,,,,
online-boutique,online-boutique-longmix-stageC-scale20-replica1-markov-steps500-20260612T140717Z,idyn-ob-scale20-replica1,scale20,replica1,adservice=1;cartservice=1;checkoutservice=1;currencyservice=1;emailservice=1;frontend=1;paymentservice=1;productcatalogservice=1;recommendationservice=1;redis-cart=1;shippingservice=1,markov,stageC,kubernetes-default,K8s default,43,43.000,replay,mixed,1.026351,0.046415,14,1.525982,0.000000,0.344308,0.539631,,,0.000000,0.010429,0.010429,11,14,0,126.927053,126.927053,126.927053,126.927053,120.000000,0.000000,191.447368,0.662987,0.000000,20,,,,,,,,,
online-boutique,online-boutique-longmix-stageC-scale20-replica1-markov-steps500-20260612T140717Z,idyn-ob-scale20-replica1,scale20,replica1,adservice=1;cartservice=1;checkoutservice=1;currencyservice=1;emailservice=1;frontend=1;paymentservice=1;productcatalogservice=1;recommendationservice=1;redis-cart=1;shippingservice=1,markov,stageC,cga,CGA,43,43.000,replay,mixed,1.026351,0.046415,14,1.525982,0.000000,0.344308,0.539631,,,0.000000,0.010429,0.010429,11,14,0,122.482742,122.482742,122.482742,122.482742,120.000000,0.000000,191.447368,0.639772,0.000000,20,,,,,,,,,
online-boutique,online-boutique-longmix-stageC-scale20-replica1-markov-steps500-20260612T140717Z,idyn-ob-scale20-replica1,scale20,replica1,adservice=1;cartservice=1;checkoutservice=1;currencyservice=1;emailservice=1;frontend=1;paymentservice=1;productcatalogservice=1;recommendationservice=1;redis-cart=1;shippingservice=1,markov,stageC,hda,HDA,43,43.000,replay,mixed,1.026351,0.046415,14,1.525982,0.000000,0.344308,0.539631,,,0.000000,0.010429,0.010429,11,14,0,114.884208,114.884208,114.884208,114.884208,120.000000,0.000000,191.447368,0.600082,0.000000,20,,,,,,,,,
online-boutique,online-boutique-longmix-stageC-scale20-replica1-markov-steps500-20260612T140717Z,idyn-ob-scale20-replica1,scale20,replica1,adservice=1;cartservice=1;checkoutservice=1;currencyservice=1;emailservice=1;frontend=1;paymentservice=1;productcatalogservice=1;recommendationservice=1;redis-cart=1;shippingservice=1,markov,stageC,kubernetes-default,K8s default,44,44.000,replay,mixed,1.031558,0.005048,14,1.525982,0.000000,0.344308,0.539631,,,0.000000,0.009298,0.009298,11,14,0,130.816496,130.816496,130.816496,130.816496,120.000000,0.000000,191.447368,0.683303,0.000000,20,,,,,,,,,
online-boutique,online-boutique-longmix-stageC-scale20-replica1-markov-steps500-20260612T140717Z,idyn-ob-scale20-replica1,scale20,replica1,adservice=1;cartservice=1;checkoutservice=1;currencyservice=1;emailservice=1;frontend=1;paymentservice=1;productcatalogservice=1;recommendationservice=1;redis-cart=1;shippingservice=1,markov,stageC,cga,CGA,44,44.000,replay,mixed,1.031558,0.005048,14,1.525982,0.000000,0.344308,0.539631,,,0.000000,0.009298,0.009298,11,14,0,117.551497,117.551497,117.551497,117.551497,120.000000,0.000000,191.447368,0.614015,0.000000,20,,,,,,,,,
online-boutique,online-boutique-longmix-stageC-scale20-replica1-markov-steps500-20260612T140717Z,idyn-ob-scale20-replica1,scale20,replica1,adservice=1;cartservice=1;checkoutservice=1;currencyservice=1;emailservice=1;frontend=1;paymentservice=1;productcatalogservice=1;recommendationservice=1;redis-cart=1;shippingservice=1,markov,stageC,hda,HDA,44,44.000,replay,mixed,1.031558,0.005048,14,1.525982,0.000000,0.344308,0.539631,,,0.000000,0.009298,0.009298,11,14,0,113.139475,113.139475,113.139475,113.139475,120.000000,0.000000,191.447368,0.590969,0.000000,20,,,,,,,,,
online-boutique,online-boutique-longmix-stageC-scale20-replica1-markov-steps500-20260612T140717Z,idyn-ob-scale20-replica1,scale20,replica1,adservice=1;cartservice=1;checkoutservice=1;currencyservice=1;emailservice=1;frontend=1;paymentservice=1;productcatalogservice=1;recommendationservice=1;redis-cart=1;shippingservice=1,markov,stageC,kubernetes-default,K8s default,45,45.000,replay,mixed,1.059557,0.819568,7,1.525982,1.000000,0.359677,1.100147,,,0.000000,0.008526,0.008526,7,7,0,104.801330,104.801330,104.801330,104.801330,120.000000,0.000000,113.447368,0.923788,0.000000,20,,,,,,,,,
online-boutique,online-boutique-longmix-stageC-scale20-replica1-markov-steps500-20260612T140717Z,idyn-ob-scale20-replica1,scale20,replica1,adservice=1;cartservice=1;checkoutservice=1;currencyservice=1;emailservice=1;frontend=1;paymentservice=1;productcatalogservice=1;recommendationservice=1;redis-cart=1;shippingservice=1,markov,stageC,cga,CGA,45,45.000,replay,mixed,1.059557,0.819568,7,1.525982,1.000000,0.359677,1.100147,,,0.000000,0.008526,0.008526,7,7,0,97.166202,97.166202,97.166202,97.166202,120.000000,0.000000,113.447368,0.856487,0.000000,20,,,,,,,,,
online-boutique,online-boutique-longmix-stageC-scale20-replica1-markov-steps500-20260612T140717Z,idyn-ob-scale20-replica1,scale20,replica1,adservice=1;cartservice=1;checkoutservice=1;currencyservice=1;emailservice=1;frontend=1;paymentservice=1;productcatalogservice=1;recommendationservice=1;redis-cart=1;shippingservice=1,markov,stageC,hda,HDA,45,45.000,replay,mixed,1.059557,0.819568,7,1.525982,1.000000,0.359677,1.100147,,,0.000000,0.008526,0.008526,7,7,0,92.375643,92.375643,92.375643,92.375643,120.000000,0.000000,113.447368,0.814260,0.000000,20,,,,,,,,,
online-boutique,online-boutique-longmix-stageC-scale20-replica1-markov-steps500-20260612T140717Z,idyn-ob-scale20-replica1,scale20,replica1,adservice=1;cartservice=1;checkoutservice=1;currencyservice=1;emailservice=1;frontend=1;paymentservice=1;productcatalogservice=1;recommendationservice=1;redis-cart=1;shippingservice=1,markov,stageC,kubernetes-default,K8s default,46,46.000,replay,mixed,1.013625,0.043350,7,1.525982,0.000000,0.359677,1.100147,,,0.000000,0.009247,0.009247,7,7,0,67.718001,67.718001,67.718001,67.718001,120.000000,0.000000,113.447368,0.596911,0.000000,20,,,,,,,,,
online-boutique,online-boutique-longmix-stageC-scale20-replica1-markov-steps500-20260612T140717Z,idyn-ob-scale20-replica1,scale20,replica1,adservice=1;cartservice=1;checkoutservice=1;currencyservice=1;emailservice=1;frontend=1;paymentservice=1;productcatalogservice=1;recommendationservice=1;redis-cart=1;shippingservice=1,markov,stageC,cga,CGA,46,46.000,replay,mixed,1.013625,0.043350,7,1.525982,0.000000,0.359677,1.100147,,,0.000000,0.009247,0.009247,7,7,0,64.301322,64.301322,64.301322,64.301322,120.000000,0.000000,113.447368,0.566794,0.000000,20,,,,,,,,,
online-boutique,online-boutique-longmix-stageC-scale20-replica1-markov-steps500-20260612T140717Z,idyn-ob-scale20-replica1,scale20,replica1,adservice=1;cartservice=1;checkoutservice=1;currencyservice=1;emailservice=1;frontend=1;paymentservice=1;productcatalogservice=1;recommendationservice=1;redis-cart=1;shippingservice=1,markov,stageC,hda,HDA,46,46.000,replay,mixed,1.013625,0.043350,7,1.525982,0.000000,0.359677,1.100147,,,0.000000,0.009247,0.009247,7,7,0,59.583720,59.583720,59.583720,59.583720,120.000000,0.000000,113.447368,0.525210,0.000000,20,,,,,,,,,
online-boutique,online-boutique-longmix-stageC-scale20-replica1-markov-steps500-20260612T140717Z,idyn-ob-scale20-replica1,scale20,replica1,adservice=1;cartservice=1;checkoutservice=1;currencyservice=1;emailservice=1;frontend=1;paymentservice=1;productcatalogservice=1;recommendationservice=1;redis-cart=1;shippingservice=1,markov,stageC,kubernetes-default,K8s default,47,47.000,replay,mixed,0.989571,0.023731,7,1.525982,0.000000,0.359677,1.100147,,,0.000000,0.011701,0.011701,7,7,0,65.070180,65.070180,65.070180,65.070180,120.000000,0.000000,113.447368,0.573572,0.000000,20,,,,,,,,,
online-boutique,online-boutique-longmix-stageC-scale20-replica1-markov-steps500-20260612T140717Z,idyn-ob-scale20-replica1,scale20,replica1,adservice=1;cartservice=1;checkoutservice=1;currencyservice=1;emailservice=1;frontend=1;paymentservice=1;productcatalogservice=1;recommendationservice=1;redis-cart=1;shippingservice=1,markov,stageC,cga,CGA,47,47.000,replay,mixed,0.989571,0.023731,7,1.525982,0.000000,0.359677,1.100147,,,0.000000,0.011701,0.011701,7,7,0,62.939050,62.939050,62.939050,62.939050,120.000000,0.000000,113.447368,0.554786,0.000000,20,,,,,,,,,
online-boutique,online-boutique-longmix-stageC-scale20-replica1-markov-steps500-20260612T140717Z,idyn-ob-scale20-replica1,scale20,replica1,adservice=1;cartservice=1;checkoutservice=1;currencyservice=1;emailservice=1;frontend=1;paymentservice=1;productcatalogservice=1;recommendationservice=1;redis-cart=1;shippingservice=1,markov,stageC,hda,HDA,47,47.000,replay,mixed,0.989571,0.023731,7,1.525982,0.000000,0.359677,1.100147,,,0.000000,0.011701,0.011701,7,7,0,57.027916,57.027916,57.027916,57.027916,120.000000,0.000000,113.447368,0.502682,0.000000,20,,,,,,,,,
online-boutique,online-boutique-longmix-stageC-scale20-replica1-markov-steps500-20260612T140717Z,idyn-ob-scale20-replica1,scale20,replica1,adservice=1;cartservice=1;checkoutservice=1;currencyservice=1;emailservice=1;frontend=1;paymentservice=1;productcatalogservice=1;recommendationservice=1;redis-cart=1;shippingservice=1,markov,stageC,kubernetes-default,K8s default,48,48.000,replay,mixed,1.010877,0.021077,7,1.525982,0.000000,0.359677,1.100147,,,0.000000,0.008797,0.008797,7,7,0,66.794717,66.794717,66.794717,66.794717,120.000000,0.000000,113.447368,0.588773,0.000000,20,,,,,,,,,
online-boutique,online-boutique-longmix-stageC-scale20-replica1-markov-steps500-20260612T140717Z,idyn-ob-scale20-replica1,scale20,replica1,adservice=1;cartservice=1;checkoutservice=1;currencyservice=1;emailservice=1;frontend=1;paymentservice=1;productcatalogservice=1;recommendationservice=1;redis-cart=1;shippingservice=1,markov,stageC,cga,CGA,48,48.000,replay,mixed,1.010877,0.021077,7,1.525982,0.000000,0.359677,1.100147,,,0.000000,0.008797,0.008797,7,7,0,61.301651,61.301651,61.301651,61.301651,120.000000,0.000000,113.447368,0.540353,0.000000,20,,,,,,,,,
online-boutique,online-boutique-longmix-stageC-scale20-replica1-markov-steps500-20260612T140717Z,idyn-ob-scale20-replica1,scale20,replica1,adservice=1;cartservice=1;checkoutservice=1;currencyservice=1;emailservice=1;frontend=1;paymentservice=1;productcatalogservice=1;recommendationservice=1;redis-cart=1;shippingservice=1,markov,stageC,hda,HDA,48,48.000,replay,mixed,1.010877,0.021077,7,1.525982,0.000000,0.359677,1.100147,,,0.000000,0.008797,0.008797,7,7,0,62.490153,62.490153,62.490153,62.490153,120.000000,0.000000,113.447368,0.550829,0.000000,20,,,,,,,,,
online-boutique,online-boutique-longmix-stageC-scale20-replica1-markov-steps500-20260612T140717Z,idyn-ob-scale20-replica1,scale20,replica1,adservice=1;cartservice=1;checkoutservice=1;currencyservice=1;emailservice=1;frontend=1;paymentservice=1;productcatalogservice=1;recommendationservice=1;redis-cart=1;shippingservice=1,markov,stageC,kubernetes-default,K8s default,49,49.000,replay,mixed,0.990920,0.590038,7,1.440440,0.800000,0.418771,0.479206,,,0.000000,0.008486,0.008486,7,7,0,116.863947,116.863947,116.863947,116.863947,120.000000,0.000000,145.947368,0.800727,0.000000,20,,,,,,,,,
online-boutique,online-boutique-longmix-stageC-scale20-replica1-markov-steps500-20260612T140717Z,idyn-ob-scale20-replica1,scale20,replica1,adservice=1;cartservice=1;checkoutservice=1;currencyservice=1;emailservice=1;frontend=1;paymentservice=1;productcatalogservice=1;recommendationservice=1;redis-cart=1;shippingservice=1,markov,stageC,cga,CGA,49,49.000,replay,mixed,0.990920,0.590038,7,1.440440,0.800000,0.418771,0.479206,,,0.000000,0.008486,0.008486,7,7,0,113.397373,113.397373,113.397373,113.397373,120.000000,0.000000,145.947368,0.776974,0.000000,20,,,,,,,,,
online-boutique,online-boutique-longmix-stageC-scale20-replica1-markov-steps500-20260612T140717Z,idyn-ob-scale20-replica1,scale20,replica1,adservice=1;cartservice=1;checkoutservice=1;currencyservice=1;emailservice=1;frontend=1;paymentservice=1;productcatalogservice=1;recommendationservice=1;redis-cart=1;shippingservice=1,markov,stageC,hda,HDA,49,49.000,replay,mixed,0.990920,0.590038,7,1.440440,0.800000,0.418771,0.479206,,,0.000000,0.008486,0.008486,7,7,0,107.389226,107.389226,107.389226,107.389226,120.000000,0.000000,145.947368,0.735808,0.000000,20,,,,,,,,,
online-boutique,online-boutique-longmix-stageC-scale20-replica1-markov-steps500-20260612T140717Z,idyn-ob-scale20-replica1,scale20,replica1,adservice=1;cartservice=1;checkoutservice=1;currencyservice=1;emailservice=1;frontend=1;paymentservice=1;productcatalogservice=1;recommendationservice=1;redis-cart=1;shippingservice=1,markov,stageC,kubernetes-default,K8s default,50,50.000,replay,mixed,1.057179,0.062675,7,1.440440,0.000000,0.418771,0.479206,,,0.000000,0.008686,0.008686,7,7,0,96.423959,96.423959,96.423959,96.423959,120.000000,0.000000,145.947368,0.660676,0.000000,20,,,,,,,,,
online-boutique,online-boutique-longmix-stageC-scale20-replica1-markov-steps500-20260612T140717Z,idyn-ob-scale20-replica1,scale20,replica1,adservice=1;cartservice=1;checkoutservice=1;currencyservice=1;emailservice=1;frontend=1;paymentservice=1;productcatalogservice=1;recommendationservice=1;redis-cart=1;shippingservice=1,markov,stageC,cga,CGA,50,50.000,replay,mixed,1.057179,0.062675,7,1.440440,0.000000,0.418771,0.479206,,,0.000000,0.008686,0.008686,7,7,0,89.477947,89.477947,89.477947,89.477947,120.000000,0.000000,145.947368,0.613084,0.000000,20,,,,,,,,,
online-boutique,online-boutique-longmix-stageC-scale20-replica1-markov-steps500-20260612T140717Z,idyn-ob-scale20-replica1,scale20,replica1,adservice=1;cartservice=1;checkoutservice=1;currencyservice=1;emailservice=1;frontend=1;paymentservice=1;productcatalogservice=1;recommendationservice=1;redis-cart=1;shippingservice=1,markov,stageC,hda,HDA,50,50.000,replay,mixed,1.057179,0.062675,7,1.440440,0.000000,0.418771,0.479206,,,0.000000,0.008686,0.008686,7,7,0,88.858334,88.858334,88.858334,88.858334,120.000000,0.000000,145.947368,0.608838,0.000000,20,,,,,,,,,
online-boutique,online-boutique-longmix-stageC-scale20-replica1-markov-steps500-20260612T140717Z,idyn-ob-scale20-replica1,scale20,replica1,adservice=1;cartservice=1;checkoutservice=1;currencyservice=1;emailservice=1;frontend=1;paymentservice=1;productcatalogservice=1;recommendationservice=1;redis-cart=1;shippingservice=1,markov,stageC,kubernetes-default,K8s default,51,51.000,replay,mixed,1.065640,0.007940,7,1.440440,0.000000,0.418771,0.479206,,,0.000000,0.009648,0.009648,7,7,0,94.486006,94.486006,94.486006,94.486006,120.000000,0.000000,145.947368,0.647398,0.000000,20,,,,,,,,,
online-boutique,online-boutique-longmix-stageC-scale20-replica1-markov-steps500-20260612T140717Z,idyn-ob-scale20-replica1,scale20,replica1,adservice=1;cartservice=1;checkoutservice=1;currencyservice=1;emailservice=1;frontend=1;paymentservice=1;productcatalogservice=1;recommendationservice=1;redis-cart=1;shippingservice=1,markov,stageC,cga,CGA,51,51.000,replay,mixed,1.065640,0.007940,7,1.440440,0.000000,0.418771,0.479206,,,0.000000,0.009648,0.009648,7,7,0,92.504748,92.504748,92.504748,92.504748,120.000000,0.000000,145.947368,0.633823,0.000000,20,,,,,,,,,
online-boutique,online-boutique-longmix-stageC-scale20-replica1-markov-steps500-20260612T140717Z,idyn-ob-scale20-replica1,scale20,replica1,adservice=1;cartservice=1;checkoutservice=1;currencyservice=1;emailservice=1;frontend=1;paymentservice=1;productcatalogservice=1;recommendationservice=1;redis-cart=1;shippingservice=1,markov,stageC,hda,HDA,51,51.000,replay,mixed,1.065640,0.007940,7,1.440440,0.000000,0.418771,0.479206,,,0.000000,0.009648,0.009648,7,7,0,86.191395,86.191395,86.191395,86.191395,120.000000,0.000000,145.947368,0.590565,0.000000,20,,,,,,,,,
online-boutique,online-boutique-longmix-stageC-scale20-replica1-markov-steps500-20260612T140717Z,idyn-ob-scale20-replica1,scale20,replica1,adservice=1;cartservice=1;checkoutservice=1;currencyservice=1;emailservice=1;frontend=1;paymentservice=1;productcatalogservice=1;recommendationservice=1;redis-cart=1;shippingservice=1,markov,stageC,kubernetes-default,K8s default,52,52.000,replay,mixed,1.025111,0.038032,7,1.440440,0.000000,0.418771,0.479206,,,0.000000,0.008616,0.008616,7,7,0,100.901243,100.901243,100.901243,100.901243,120.000000,0.000000,145.947368,0.691354,0.000000,20,,,,,,,,,
online-boutique,online-boutique-longmix-stageC-scale20-replica1-markov-steps500-20260612T140717Z,idyn-ob-scale20-replica1,scale20,replica1,adservice=1;cartservice=1;checkoutservice=1;currencyservice=1;emailservice=1;frontend=1;paymentservice=1;productcatalogservice=1;recommendationservice=1;redis-cart=1;shippingservice=1,markov,stageC,cga,CGA,52,52.000,replay,mixed,1.025111,0.038032,7,1.440440,0.000000,0.418771,0.479206,,,0.000000,0.008616,0.008616,7,7,0,85.926452,85.926452,85.926452,85.926452,120.000000,0.000000,145.947368,0.588750,0.000000,20,,,,,,,,,
online-boutique,online-boutique-longmix-stageC-scale20-replica1-markov-steps500-20260612T140717Z,idyn-ob-scale20-replica1,scale20,replica1,adservice=1;cartservice=1;checkoutservice=1;currencyservice=1;emailservice=1;frontend=1;paymentservice=1;productcatalogservice=1;recommendationservice=1;redis-cart=1;shippingservice=1,markov,stageC,hda,HDA,52,52.000,replay,mixed,1.025111,0.038032,7,1.440440,0.000000,0.418771,0.479206,,,0.000000,0.008616,0.008616,7,7,0,88.471394,88.471394,88.471394,88.471394,120.000000,0.000000,145.947368,0.606187,0.000000,20,,,,,,,,,
online-boutique,online-boutique-longmix-stageC-scale20-replica1-markov-steps500-20260612T140717Z,idyn-ob-scale20-replica1,scale20,replica1,adservice=1;cartservice=1;checkoutservice=1;currencyservice=1;emailservice=1;frontend=1;paymentservice=1;productcatalogservice=1;recommendationservice=1;redis-cart=1;shippingservice=1,markov,stageC,kubernetes-default,K8s default,53,53.000,replay,mixed,0.988688,0.035531,7,1.440440,0.000000,0.418771,0.479206,,,0.000000,0.008797,0.008797,7,7,0,93.165948,93.165948,93.165948,93.165948,120.000000,0.000000,145.947368,0.638353,0.000000,20,,,,,,,,,
online-boutique,online-boutique-longmix-stageC-scale20-replica1-markov-steps500-20260612T140717Z,idyn-ob-scale20-replica1,scale20,replica1,adservice=1;cartservice=1;checkoutservice=1;currencyservice=1;emailservice=1;frontend=1;paymentservice=1;productcatalogservice=1;recommendationservice=1;redis-cart=1;shippingservice=1,markov,stageC,cga,CGA,53,53.000,replay,mixed,0.988688,0.035531,7,1.440440,0.000000,0.418771,0.479206,,,0.000000,0.008797,0.008797,7,7,0,85.618923,85.618923,85.618923,85.618923,120.000000,0.000000,145.947368,0.586642,0.000000,20,,,,,,,,,
online-boutique,online-boutique-longmix-stageC-scale20-replica1-markov-steps500-20260612T140717Z,idyn-ob-scale20-replica1,scale20,replica1,adservice=1;cartservice=1;checkoutservice=1;currencyservice=1;emailservice=1;frontend=1;paymentservice=1;productcatalogservice=1;recommendationservice=1;redis-cart=1;shippingservice=1,markov,stageC,hda,HDA,53,53.000,replay,mixed,0.988688,0.035531,7,1.440440,0.000000,0.418771,0.479206,,,0.000000,0.008797,0.008797,7,7,0,86.648526,86.648526,86.648526,86.648526,120.000000,0.000000,145.947368,0.593697,0.000000,20,,,,,,,,,
online-boutique,online-boutique-longmix-stageC-scale20-replica1-markov-steps500-20260612T140717Z,idyn-ob-scale20-replica1,scale20,replica1,adservice=1;cartservice=1;checkoutservice=1;currencyservice=1;emailservice=1;frontend=1;paymentservice=1;productcatalogservice=1;recommendationservice=1;redis-cart=1;shippingservice=1,markov,stageC,kubernetes-default,K8s default,54,54.000,replay,mixed,0.994459,0.005804,7,1.440440,0.000000,0.418771,0.479206,,,0.000000,0.012172,0.012172,7,7,0,91.995466,91.995466,91.995466,91.995466,120.000000,0.000000,145.947368,0.630333,0.000000,20,,,,,,,,,
online-boutique,online-boutique-longmix-stageC-scale20-replica1-markov-steps500-20260612T140717Z,idyn-ob-scale20-replica1,scale20,replica1,adservice=1;cartservice=1;checkoutservice=1;currencyservice=1;emailservice=1;frontend=1;paymentservice=1;productcatalogservice=1;recommendationservice=1;redis-cart=1;shippingservice=1,markov,stageC,cga,CGA,54,54.000,replay,mixed,0.994459,0.005804,7,1.440440,0.000000,0.418771,0.479206,,,0.000000,0.012172,0.012172,7,7,0,88.603633,88.603633,88.603633,88.603633,120.000000,0.000000,145.947368,0.607093,0.000000,20,,,,,,,,,
online-boutique,online-boutique-longmix-stageC-scale20-replica1-markov-steps500-20260612T140717Z,idyn-ob-scale20-replica1,scale20,replica1,adservice=1;cartservice=1;checkoutservice=1;currencyservice=1;emailservice=1;frontend=1;paymentservice=1;productcatalogservice=1;recommendationservice=1;redis-cart=1;shippingservice=1,markov,stageC,hda,HDA,54,54.000,replay,mixed,0.994459,0.005804,7,1.440440,0.000000,0.418771,0.479206,,,0.000000,0.012172,0.012172,7,7,0,85.006380,85.006380,85.006380,85.006380,120.000000,0.000000,145.947368,0.582445,0.000000,20,,,,,,,,,
online-boutique,online-boutique-longmix-stageC-scale20-replica1-markov-steps500-20260612T140717Z,idyn-ob-scale20-replica1,scale20,replica1,adservice=1;cartservice=1;checkoutservice=1;currencyservice=1;emailservice=1;frontend=1;paymentservice=1;productcatalogservice=1;recommendationservice=1;redis-cart=1;shippingservice=1,markov,stageC,kubernetes-default,K8s default,55,55.000,replay,mixed,0.998686,0.004232,7,1.440440,0.000000,0.418771,0.479206,,,0.000000,0.008426,0.008426,7,7,0,95.364139,95.364139,95.364139,95.364139,120.000000,0.000000,145.947368,0.653415,0.000000,20,,,,,,,,,
online-boutique,online-boutique-longmix-stageC-scale20-replica1-markov-steps500-20260612T140717Z,idyn-ob-scale20-replica1,scale20,replica1,adservice=1;cartservice=1;checkoutservice=1;currencyservice=1;emailservice=1;frontend=1;paymentservice=1;productcatalogservice=1;recommendationservice=1;redis-cart=1;shippingservice=1,markov,stageC,cga,CGA,55,55.000,replay,mixed,0.998686,0.004232,7,1.440440,0.000000,0.418771,0.479206,,,0.000000,0.008426,0.008426,7,7,0,88.770341,88.770341,88.770341,88.770341,120.000000,0.000000,145.947368,0.608235,0.000000,20,,,,,,,,,
online-boutique,online-boutique-longmix-stageC-scale20-replica1-markov-steps500-20260612T140717Z,idyn-ob-scale20-replica1,scale20,replica1,adservice=1;cartservice=1;checkoutservice=1;currencyservice=1;emailservice=1;frontend=1;paymentservice=1;productcatalogservice=1;recommendationservice=1;redis-cart=1;shippingservice=1,markov,stageC,hda,HDA,55,55.000,replay,mixed,0.998686,0.004232,7,1.440440,0.000000,0.418771,0.479206,,,0.000000,0.008426,0.008426,7,7,0,85.600246,85.600246,85.600246,85.600246,120.000000,0.000000,145.947368,0.586514,0.000000,20,,,,,,,,,
online-boutique,online-boutique-longmix-stageC-scale20-replica1-markov-steps500-20260612T140717Z,idyn-ob-scale20-replica1,scale20,replica1,adservice=1;cartservice=1;checkoutservice=1;currencyservice=1;emailservice=1;frontend=1;paymentservice=1;productcatalogservice=1;recommendationservice=1;redis-cart=1;shippingservice=1,markov,stageC,kubernetes-default,K8s default,56,56.000,replay,mixed,1.005283,0.006562,7,1.440440,0.000000,0.418771,0.479206,,,0.000000,0.008556,0.008556,7,7,0,90.323258,90.323258,90.323258,90.323258,120.000000,0.000000,145.947368,0.618876,0.000000,20,,,,,,,,,
online-boutique,online-boutique-longmix-stageC-scale20-replica1-markov-steps500-20260612T140717Z,idyn-ob-scale20-replica1,scale20,replica1,adservice=1;cartservice=1;checkoutservice=1;currencyservice=1;emailservice=1;frontend=1;paymentservice=1;productcatalogservice=1;recommendationservice=1;redis-cart=1;shippingservice=1,markov,stageC,cga,CGA,56,56.000,replay,mixed,1.005283,0.006562,7,1.440440,0.000000,0.418771,0.479206,,,0.000000,0.008556,0.008556,7,7,0,84.491536,84.491536,84.491536,84.491536,120.000000,0.000000,145.947368,0.578918,0.000000,20,,,,,,,,,
online-boutique,online-boutique-longmix-stageC-scale20-replica1-markov-steps500-20260612T140717Z,idyn-ob-scale20-replica1,scale20,replica1,adservice=1;cartservice=1;checkoutservice=1;currencyservice=1;emailservice=1;frontend=1;paymentservice=1;productcatalogservice=1;recommendationservice=1;redis-cart=1;shippingservice=1,markov,stageC,hda,HDA,56,56.000,replay,mixed,1.005283,0.006562,7,1.440440,0.000000,0.418771,0.479206,,,0.000000,0.008556,0.008556,7,7,0,85.458759,85.458759,85.458759,85.458759,120.000000,0.000000,145.947368,0.585545,0.000000,20,,,,,,,,,
online-boutique,online-boutique-longmix-stageC-scale20-replica1-markov-steps500-20260612T140717Z,idyn-ob-scale20-replica1,scale20,replica1,adservice=1;cartservice=1;checkoutservice=1;currencyservice=1;emailservice=1;frontend=1;paymentservice=1;productcatalogservice=1;recommendationservice=1;redis-cart=1;shippingservice=1,markov,stageC,kubernetes-default,K8s default,57,57.000,replay,mixed,1.039011,0.032462,7,1.440440,0.000000,0.418771,0.479206,,,0.000000,0.008848,0.008848,7,7,0,95.821692,95.821692,95.821692,95.821692,120.000000,0.000000,145.947368,0.656550,0.000000,20,,,,,,,,,
online-boutique,online-boutique-longmix-stageC-scale20-replica1-markov-steps500-20260612T140717Z,idyn-ob-scale20-replica1,scale20,replica1,adservice=1;cartservice=1;checkoutservice=1;currencyservice=1;emailservice=1;frontend=1;paymentservice=1;productcatalogservice=1;recommendationservice=1;redis-cart=1;shippingservice=1,markov,stageC,cga,CGA,57,57.000,replay,mixed,1.039011,0.032462,7,1.440440,0.000000,0.418771,0.479206,,,0.000000,0.008848,0.008848,7,7,0,91.203639,91.203639,91.203639,91.203639,120.000000,0.000000,145.947368,0.624908,0.000000,20,,,,,,,,,
online-boutique,online-boutique-longmix-stageC-scale20-replica1-markov-steps500-20260612T140717Z,idyn-ob-scale20-replica1,scale20,replica1,adservice=1;cartservice=1;checkoutservice=1;currencyservice=1;emailservice=1;frontend=1;paymentservice=1;productcatalogservice=1;recommendationservice=1;redis-cart=1;shippingservice=1,markov,stageC,hda,HDA,57,57.000,replay,mixed,1.039011,0.032462,7,1.440440,0.000000,0.418771,0.479206,,,0.000000,0.008848,0.008848,7,7,0,88.835517,88.835517,88.835517,88.835517,120.000000,0.000000,145.947368,0.608682,0.000000,20,,,,,,,,,
online-boutique,online-boutique-longmix-stageC-scale20-replica1-markov-steps500-20260612T140717Z,idyn-ob-scale20-replica1,scale20,replica1,adservice=1;cartservice=1;checkoutservice=1;currencyservice=1;emailservice=1;frontend=1;paymentservice=1;productcatalogservice=1;recommendationservice=1;redis-cart=1;shippingservice=1,markov,stageC,kubernetes-default,K8s default,58,58.000,replay,mixed,0.989046,0.716581,7,1.440440,0.800000,0.467762,1.918165,,,0.000000,0.008967,0.008967,7,7,0,107.995169,107.995169,107.995169,107.995169,120.000000,0.000000,119.947368,0.900355,0.000000,20,,,,,,,,,
online-boutique,online-boutique-longmix-stageC-scale20-replica1-markov-steps500-20260612T140717Z,idyn-ob-scale20-replica1,scale20,replica1,adservice=1;cartservice=1;checkoutservice=1;currencyservice=1;emailservice=1;frontend=1;paymentservice=1;productcatalogservice=1;recommendationservice=1;redis-cart=1;shippingservice=1,markov,stageC,cga,CGA,58,58.000,replay,mixed,0.989046,0.716581,7,1.440440,0.800000,0.467762,1.918165,,,0.000000,0.008967,0.008967,7,7,0,95.932816,95.932816,95.932816,95.932816,120.000000,0.000000,119.947368,0.799791,0.000000,20,,,,,,,,,
online-boutique,online-boutique-longmix-stageC-scale20-replica1-markov-steps500-20260612T140717Z,idyn-ob-scale20-replica1,scale20,replica1,adservice=1;cartservice=1;checkoutservice=1;currencyservice=1;emailservice=1;frontend=1;paymentservice=1;productcatalogservice=1;recommendationservice=1;redis-cart=1;shippingservice=1,markov,stageC,hda,HDA,58,58.000,replay,mixed,0.989046,0.716581,7,1.440440,0.800000,0.467762,1.918165,,,0.000000,0.008967,0.008967,7,7,0,94.899478,94.899478,94.899478,94.899478,120.000000,0.000000,119.947368,0.791176,0.000000,20,,,,,,,,,
online-boutique,online-boutique-longmix-stageC-scale20-replica1-markov-steps500-20260612T140717Z,idyn-ob-scale20-replica1,scale20,replica1,adservice=1;cartservice=1;checkoutservice=1;currencyservice=1;emailservice=1;frontend=1;paymentservice=1;productcatalogservice=1;recommendationservice=1;redis-cart=1;shippingservice=1,markov,stageC,kubernetes-default,K8s default,59,59.000,replay,mixed,1.032826,0.042388,7,1.440440,0.000000,0.467762,1.918165,,,0.000000,0.008446,0.008446,7,7,0,78.802455,78.802455,78.802455,78.802455,120.000000,0.000000,119.947368,0.656975,0.000000,20,,,,,,,,,
online-boutique,online-boutique-longmix-stageC-scale20-replica1-markov-steps500-20260612T140717Z,idyn-ob-scale20-replica1,scale20,replica1,adservice=1;cartservice=1;checkoutservice=1;currencyservice=1;emailservice=1;frontend=1;paymentservice=1;productcatalogservice=1;recommendationservice=1;redis-cart=1;shippingservice=1,markov,stageC,cga,CGA,59,59.000,replay,mixed,1.032826,0.042388,7,1.440440,0.000000,0.467762,1.918165,,,0.000000,0.008446,0.008446,7,7,0,72.137511,72.137511,72.137511,72.137511,120.000000,0.000000,119.947368,0.601410,0.000000,20,,,,,,,,,
online-boutique,online-boutique-longmix-stageC-scale20-replica1-markov-steps500-20260612T140717Z,idyn-ob-scale20-replica1,scale20,replica1,adservice=1;cartservice=1;checkoutservice=1;currencyservice=1;emailservice=1;frontend=1;paymentservice=1;productcatalogservice=1;recommendationservice=1;redis-cart=1;shippingservice=1,markov,stageC,hda,HDA,59,59.000,replay,mixed,1.032826,0.042388,7,1.440440,0.000000,0.467762,1.918165,,,0.000000,0.008446,0.008446,7,7,0,68.978810,68.978810,68.978810,68.978810,120.000000,0.000000,119.947368,0.575076,0.000000,20,,,,,,,,,
online-boutique,online-boutique-longmix-stageC-scale20-replica1-markov-steps500-20260612T140717Z,idyn-ob-scale20-replica1,scale20,replica1,adservice=1;cartservice=1;checkoutservice=1;currencyservice=1;emailservice=1;frontend=1;paymentservice=1;productcatalogservice=1;recommendationservice=1;redis-cart=1;shippingservice=1,markov,stageC,kubernetes-default,K8s default,60,60.000,replay,mixed,1.025688,0.006912,7,1.440440,0.000000,0.467762,1.918165,,,0.000000,0.008586,0.008586,7,7,0,77.824995,77.824995,77.824995,77.824995,120.000000,0.000000,119.947368,0.648826,0.000000,20,,,,,,,,,
online-boutique,online-boutique-longmix-stageC-scale20-replica1-markov-steps500-20260612T140717Z,idyn-ob-scale20-replica1,scale20,replica1,adservice=1;cartservice=1;checkoutservice=1;currencyservice=1;emailservice=1;frontend=1;paymentservice=1;productcatalogservice=1;recommendationservice=1;redis-cart=1;shippingservice=1,markov,stageC,cga,CGA,60,60.000,replay,mixed,1.025688,0.006912,7,1.440440,0.000000,0.467762,1.918165,,,0.000000,0.008586,0.008586,7,7,0,68.782075,68.782075,68.782075,68.782075,120.000000,0.000000,119.947368,0.573435,0.000000,20,,,,,,,,,
online-boutique,online-boutique-longmix-stageC-scale20-replica1-markov-steps500-20260612T140717Z,idyn-ob-scale20-replica1,scale20,replica1,adservice=1;cartservice=1;checkoutservice=1;currencyservice=1;emailservice=1;frontend=1;paymentservice=1;productcatalogservice=1;recommendationservice=1;redis-cart=1;shippingservice=1,markov,stageC,hda,HDA,60,60.000,replay,mixed,1.025688,0.006912,7,1.440440,0.000000,0.467762,1.918165,,,0.000000,0.008586,0.008586,7,7,0,65.481145,65.481145,65.481145,65.481145,120.000000,0.000000,119.947368,0.545916,0.000000,20,,,,,,,,,
online-boutique,online-boutique-longmix-stageC-scale20-replica1-markov-steps500-20260612T140717Z,idyn-ob-scale20-replica1,scale20,replica1,adservice=1;cartservice=1;checkoutservice=1;currencyservice=1;emailservice=1;frontend=1;paymentservice=1;productcatalogservice=1;recommendationservice=1;redis-cart=1;shippingservice=1,markov,stageC,kubernetes-default,K8s default,61,61.000,replay,mixed,1.004333,0.020820,7,1.440440,0.000000,0.467762,1.918165,,,0.000000,0.016602,0.016602,7,7,0,72.761383,72.761383,72.761383,72.761383,120.000000,0.000000,119.947368,0.606611,0.000000,20,,,,,,,,,
online-boutique,online-boutique-longmix-stageC-scale20-replica1-markov-steps500-20260612T140717Z,idyn-ob-scale20-replica1,scale20,replica1,adservice=1;cartservice=1;checkoutservice=1;currencyservice=1;emailservice=1;frontend=1;paymentservice=1;productcatalogservice=1;recommendationservice=1;redis-cart=1;shippingservice=1,markov,stageC,cga,CGA,61,61.000,replay,mixed,1.004333,0.020820,7,1.440440,0.000000,0.467762,1.918165,,,0.000000,0.016602,0.016602,7,7,0,67.905245,67.905245,67.905245,67.905245,120.000000,0.000000,119.947368,0.566125,0.000000,20,,,,,,,,,
online-boutique,online-boutique-longmix-stageC-scale20-replica1-markov-steps500-20260612T140717Z,idyn-ob-scale20-replica1,scale20,replica1,adservice=1;cartservice=1;checkoutservice=1;currencyservice=1;emailservice=1;frontend=1;paymentservice=1;productcatalogservice=1;recommendationservice=1;redis-cart=1;shippingservice=1,markov,stageC,hda,HDA,61,61.000,replay,mixed,1.004333,0.020820,7,1.440440,0.000000,0.467762,1.918165,,,0.000000,0.016602,0.016602,7,7,0,64.340010,64.340010,64.340010,64.340010,120.000000,0.000000,119.947368,0.536402,0.000000,20,,,,,,,,,
online-boutique,online-boutique-longmix-stageC-scale20-replica1-markov-steps500-20260612T140717Z,idyn-ob-scale20-replica1,scale20,replica1,adservice=1;cartservice=1;checkoutservice=1;currencyservice=1;emailservice=1;frontend=1;paymentservice=1;productcatalogservice=1;recommendationservice=1;redis-cart=1;shippingservice=1,markov,stageC,kubernetes-default,K8s default,62,62.000,replay,mixed,1.010807,0.459021,7,1.525982,0.500000,0.359677,1.100147,,,0.000000,0.009167,0.009167,7,7,0,83.418509,83.418509,83.418509,83.418509,120.000000,0.000000,113.447368,0.735306,0.000000,20,,,,,,,,,
online-boutique,online-boutique-longmix-stageC-scale20-replica1-markov-steps500-20260612T140717Z,idyn-ob-scale20-replica1,scale20,replica1,adservice=1;cartservice=1;checkoutservice=1;currencyservice=1;emailservice=1;frontend=1;paymentservice=1;productcatalogservice=1;recommendationservice=1;redis-cart=1;shippingservice=1,markov,stageC,cga,CGA,62,62.000,replay,mixed,1.010807,0.459021,7,1.525982,0.500000,0.359677,1.100147,,,0.000000,0.009167,0.009167,7,7,0,83.976641,83.976641,83.976641,83.976641,120.000000,0.000000,113.447368,0.740226,0.000000,20,,,,,,,,,
online-boutique,online-boutique-longmix-stageC-scale20-replica1-markov-steps500-20260612T140717Z,idyn-ob-scale20-replica1,scale20,replica1,adservice=1;cartservice=1;checkoutservice=1;currencyservice=1;emailservice=1;frontend=1;paymentservice=1;productcatalogservice=1;recommendationservice=1;redis-cart=1;shippingservice=1,markov,stageC,hda,HDA,62,62.000,replay,mixed,1.010807,0.459021,7,1.525982,0.500000,0.359677,1.100147,,,0.000000,0.009167,0.009167,7,7,0,77.338896,77.338896,77.338896,77.338896,120.000000,0.000000,113.447368,0.681716,0.000000,20,,,,,,,,,
online-boutique,online-boutique-longmix-stageC-scale20-replica1-markov-steps500-20260612T140717Z,idyn-ob-scale20-replica1,scale20,replica1,adservice=1;cartservice=1;checkoutservice=1;currencyservice=1;emailservice=1;frontend=1;paymentservice=1;productcatalogservice=1;recommendationservice=1;redis-cart=1;shippingservice=1,markov,stageC,kubernetes-default,K8s default,63,63.000,replay,mixed,1.055717,0.042540,7,1.525982,0.000000,0.359677,1.100147,,,0.000000,0.012513,0.012513,7,7,0,65.271518,65.271518,65.271518,65.271518,120.000000,0.000000,113.447368,0.575346,0.000000,20,,,,,,,,,
online-boutique,online-boutique-longmix-stageC-scale20-replica1-markov-steps500-20260612T140717Z,idyn-ob-scale20-replica1,scale20,replica1,adservice=1;cartservice=1;checkoutservice=1;currencyservice=1;emailservice=1;frontend=1;paymentservice=1;productcatalogservice=1;recommendationservice=1;redis-cart=1;shippingservice=1,markov,stageC,cga,CGA,63,63.000,replay,mixed,1.055717,0.042540,7,1.525982,0.000000,0.359677,1.100147,,,0.000000,0.012513,0.012513,7,7,0,61.859230,61.859230,61.859230,61.859230,120.000000,0.000000,113.447368,0.545268,0.000000,20,,,,,,,,,
online-boutique,online-boutique-longmix-stageC-scale20-replica1-markov-steps500-20260612T140717Z,idyn-ob-scale20-replica1,scale20,replica1,adservice=1;cartservice=1;checkoutservice=1;currencyservice=1;emailservice=1;frontend=1;paymentservice=1;productcatalogservice=1;recommendationservice=1;redis-cart=1;shippingservice=1,markov,stageC,hda,HDA,63,63.000,replay,mixed,1.055717,0.042540,7,1.525982,0.000000,0.359677,1.100147,,,0.000000,0.012513,0.012513,7,7,0,65.524871,65.524871,65.524871,65.524871,120.000000,0.000000,113.447368,0.577579,0.000000,20,,,,,,,,,
online-boutique,online-boutique-longmix-stageC-scale20-replica1-markov-steps500-20260612T140717Z,idyn-ob-scale20-replica1,scale20,replica1,adservice=1;cartservice=1;checkoutservice=1;currencyservice=1;emailservice=1;frontend=1;paymentservice=1;productcatalogservice=1;recommendationservice=1;redis-cart=1;shippingservice=1,markov,stageC,kubernetes-default,K8s default,64,64.000,replay,mixed,1.058637,0.002758,7,1.525982,0.000000,0.359677,1.100147,,,0.000000,0.010068,0.010068,7,7,0,67.590215,67.590215,67.590215,67.590215,120.000000,0.000000,113.447368,0.595785,0.000000,20,,,,,,,,,
online-boutique,online-boutique-longmix-stageC-scale20-replica1-markov-steps500-20260612T140717Z,idyn-ob-scale20-replica1,scale20,replica1,adservice=1;cartservice=1;checkoutservice=1;currencyservice=1;emailservice=1;frontend=1;paymentservice=1;productcatalogservice=1;recommendationservice=1;redis-cart=1;shippingservice=1,markov,stageC,cga,CGA,64,64.000,replay,mixed,1.058637,0.002758,7,1.525982,0.000000,0.359677,1.100147,,,0.000000,0.010068,0.010068,7,7,0,66.391679,66.391679,66.391679,66.391679,120.000000,0.000000,113.447368,0.585220,0.000000,20,,,,,,,,,
online-boutique,online-boutique-longmix-stageC-scale20-replica1-markov-steps500-20260612T140717Z,idyn-ob-scale20-replica1,scale20,replica1,adservice=1;cartservice=1;checkoutservice=1;currencyservice=1;emailservice=1;frontend=1;paymentservice=1;productcatalogservice=1;recommendationservice=1;redis-cart=1;shippingservice=1,markov,stageC,hda,HDA,64,64.000,replay,mixed,1.058637,0.002758,7,1.525982,0.000000,0.359677,1.100147,,,0.000000,0.010068,0.010068,7,7,0,59.683405,59.683405,59.683405,59.683405,120.000000,0.000000,113.447368,0.526089,0.000000,20,,,,,,,,,
online-boutique,online-boutique-longmix-stageC-scale20-replica1-markov-steps500-20260612T140717Z,idyn-ob-scale20-replica1,scale20,replica1,adservice=1;cartservice=1;checkoutservice=1;currencyservice=1;emailservice=1;frontend=1;paymentservice=1;productcatalogservice=1;recommendationservice=1;redis-cart=1;shippingservice=1,markov,stageC,kubernetes-default,K8s default,65,65.000,replay,mixed,1.011109,0.044896,7,1.525982,0.000000,0.359677,1.100147,,,0.000000,0.009177,0.009177,7,7,0,65.632022,65.632022,65.632022,65.632022,120.000000,0.000000,113.447368,0.578524,0.000000,20,,,,,,,,,
online-boutique,online-boutique-longmix-stageC-scale20-replica1-markov-steps500-20260612T140717Z,idyn-ob-scale20-replica1,scale20,replica1,adservice=1;cartservice=1;checkoutservice=1;currencyservice=1;emailservice=1;frontend=1;paymentservice=1;productcatalogservice=1;recommendationservice=1;redis-cart=1;shippingservice=1,markov,stageC,cga,CGA,65,65.000,replay,mixed,1.011109,0.044896,7,1.525982,0.000000,0.359677,1.100147,,,0.000000,0.009177,0.009177,7,7,0,60.871567,60.871567,60.871567,60.871567,120.000000,0.000000,113.447368,0.536562,0.000000,20,,,,,,,,,
online-boutique,online-boutique-longmix-stageC-scale20-replica1-markov-steps500-20260612T140717Z,idyn-ob-scale20-replica1,scale20,replica1,adservice=1;cartservice=1;checkoutservice=1;currencyservice=1;emailservice=1;frontend=1;paymentservice=1;productcatalogservice=1;recommendationservice=1;redis-cart=1;shippingservice=1,markov,stageC,hda,HDA,65,65.000,replay,mixed,1.011109,0.044896,7,1.525982,0.000000,0.359677,1.100147,,,0.000000,0.009177,0.009177,7,7,0,64.296475,64.296475,64.296475,64.296475,120.000000,0.000000,113.447368,0.566752,0.000000,20,,,,,,,,,
online-boutique,online-boutique-longmix-stageC-scale20-replica1-markov-steps500-20260612T140717Z,idyn-ob-scale20-replica1,scale20,replica1,adservice=1;cartservice=1;checkoutservice=1;currencyservice=1;emailservice=1;frontend=1;paymentservice=1;productcatalogservice=1;recommendationservice=1;redis-cart=1;shippingservice=1,markov,stageC,kubernetes-default,K8s default,66,66.000,replay,mixed,1.039159,0.026993,7,1.525982,0.000000,0.359677,1.100147,,,0.000000,0.011803,0.011803,7,7,0,67.727802,67.727802,67.727802,67.727802,120.000000,0.000000,113.447368,0.596998,0.000000,20,,,,,,,,,
online-boutique,online-boutique-longmix-stageC-scale20-replica1-markov-steps500-20260612T140717Z,idyn-ob-scale20-replica1,scale20,replica1,adservice=1;cartservice=1;checkoutservice=1;currencyservice=1;emailservice=1;frontend=1;paymentservice=1;productcatalogservice=1;recommendationservice=1;redis-cart=1;shippingservice=1,markov,stageC,cga,CGA,66,66.000,replay,mixed,1.039159,0.026993,7,1.525982,0.000000,0.359677,1.100147,,,0.000000,0.011803,0.011803,7,7,0,65.042503,65.042503,65.042503,65.042503,120.000000,0.000000,113.447368,0.573328,0.000000,20,,,,,,,,,
online-boutique,online-boutique-longmix-stageC-scale20-replica1-markov-steps500-20260612T140717Z,idyn-ob-scale20-replica1,scale20,replica1,adservice=1;cartservice=1;checkoutservice=1;currencyservice=1;emailservice=1;frontend=1;paymentservice=1;productcatalogservice=1;recommendationservice=1;redis-cart=1;shippingservice=1,markov,stageC,hda,HDA,66,66.000,replay,mixed,1.039159,0.026993,7,1.525982,0.000000,0.359677,1.100147,,,0.000000,0.011803,0.011803,7,7,0,62.845836,62.845836,62.845836,62.845836,120.000000,0.000000,113.447368,0.553965,0.000000,20,,,,,,,,,
online-boutique,online-boutique-longmix-stageC-scale20-replica1-markov-steps500-20260612T140717Z,idyn-ob-scale20-replica1,scale20,replica1,adservice=1;cartservice=1;checkoutservice=1;currencyservice=1;emailservice=1;frontend=1;paymentservice=1;productcatalogservice=1;recommendationservice=1;redis-cart=1;shippingservice=1,markov,stageC,kubernetes-default,K8s default,67,67.000,replay,mixed,1.076870,0.035018,7,1.525982,0.000000,0.359677,1.100147,,,0.000000,0.012795,0.012795,7,7,0,70.173766,70.173766,70.173766,70.173766,120.000000,0.000000,113.447368,0.618558,0.000000,20,,,,,,,,,
online-boutique,online-boutique-longmix-stageC-scale20-replica1-markov-steps500-20260612T140717Z,idyn-ob-scale20-replica1,scale20,replica1,adservice=1;cartservice=1;checkoutservice=1;currencyservice=1;emailservice=1;frontend=1;paymentservice=1;productcatalogservice=1;recommendationservice=1;redis-cart=1;shippingservice=1,markov,stageC,cga,CGA,67,67.000,replay,mixed,1.076870,0.035018,7,1.525982,0.000000,0.359677,1.100147,,,0.000000,0.012795,0.012795,7,7,0,63.563742,63.563742,63.563742,63.563742,120.000000,0.000000,113.447368,0.560293,0.000000,20,,,,,,,,,
online-boutique,online-boutique-longmix-stageC-scale20-replica1-markov-steps500-20260612T140717Z,idyn-ob-scale20-replica1,scale20,replica1,adservice=1;cartservice=1;checkoutservice=1;currencyservice=1;emailservice=1;frontend=1;paymentservice=1;productcatalogservice=1;recommendationservice=1;redis-cart=1;shippingservice=1,markov,stageC,hda,HDA,67,67.000,replay,mixed,1.076870,0.035018,7,1.525982,0.000000,0.359677,1.100147,,,0.000000,0.012795,0.012795,7,7,0,63.644982,63.644982,63.644982,63.644982,120.000000,0.000000,113.447368,0.561009,0.000000,20,,,,,,,,,
online-boutique,online-boutique-longmix-stageC-scale20-replica1-markov-steps500-20260612T140717Z,idyn-ob-scale20-replica1,scale20,replica1,adservice=1;cartservice=1;checkoutservice=1;currencyservice=1;emailservice=1;frontend=1;paymentservice=1;productcatalogservice=1;recommendationservice=1;redis-cart=1;shippingservice=1,markov,stageC,kubernetes-default,K8s default,68,68.000,replay,mixed,1.043089,0.031369,7,1.525982,0.000000,0.359677,1.100147,,,0.000000,0.008796,0.008796,7,7,0,68.046191,68.046191,68.046191,68.046191,120.000000,0.000000,113.447368,0.599804,0.000000,20,,,,,,,,,
online-boutique,online-boutique-longmix-stageC-scale20-replica1-markov-steps500-20260612T140717Z,idyn-ob-scale20-replica1,scale20,replica1,adservice=1;cartservice=1;checkoutservice=1;currencyservice=1;emailservice=1;frontend=1;paymentservice=1;productcatalogservice=1;recommendationservice=1;redis-cart=1;shippingservice=1,markov,stageC,cga,CGA,68,68.000,replay,mixed,1.043089,0.031369,7,1.525982,0.000000,0.359677,1.100147,,,0.000000,0.008796,0.008796,7,7,0,58.718644,58.718644,58.718644,58.718644,120.000000,0.000000,113.447368,0.517585,0.000000,20,,,,,,,,,
online-boutique,online-boutique-longmix-stageC-scale20-replica1-markov-steps500-20260612T140717Z,idyn-ob-scale20-replica1,scale20,replica1,adservice=1;cartservice=1;checkoutservice=1;currencyservice=1;emailservice=1;frontend=1;paymentservice=1;productcatalogservice=1;recommendationservice=1;redis-cart=1;shippingservice=1,markov,stageC,hda,HDA,68,68.000,replay,mixed,1.043089,0.031369,7,1.525982,0.000000,0.359677,1.100147,,,0.000000,0.008796,0.008796,7,7,0,58.674984,58.674984,58.674984,58.674984,120.000000,0.000000,113.447368,0.517200,0.000000,20,,,,,,,,,
online-boutique,online-boutique-longmix-stageC-scale20-replica1-markov-steps500-20260612T140717Z,idyn-ob-scale20-replica1,scale20,replica1,adservice=1;cartservice=1;checkoutservice=1;currencyservice=1;emailservice=1;frontend=1;paymentservice=1;productcatalogservice=1;recommendationservice=1;redis-cart=1;shippingservice=1,markov,stageC,kubernetes-default,K8s default,69,69.000,replay,mixed,1.070323,0.025444,7,1.525982,0.000000,0.359677,1.100147,,,0.000000,0.008706,0.008706,7,7,0,69.528354,69.528354,69.528354,69.528354,120.000000,0.000000,113.447368,0.612869,0.000000,20,,,,,,,,,
online-boutique,online-boutique-longmix-stageC-scale20-replica1-markov-steps500-20260612T140717Z,idyn-ob-scale20-replica1,scale20,replica1,adservice=1;cartservice=1;checkoutservice=1;currencyservice=1;emailservice=1;frontend=1;paymentservice=1;productcatalogservice=1;recommendationservice=1;redis-cart=1;shippingservice=1,markov,stageC,cga,CGA,69,69.000,replay,mixed,1.070323,0.025444,7,1.525982,0.000000,0.359677,1.100147,,,0.000000,0.008706,0.008706,7,7,0,63.969616,63.969616,63.969616,63.969616,120.000000,0.000000,113.447368,0.563870,0.000000,20,,,,,,,,,
online-boutique,online-boutique-longmix-stageC-scale20-replica1-markov-steps500-20260612T140717Z,idyn-ob-scale20-replica1,scale20,replica1,adservice=1;cartservice=1;checkoutservice=1;currencyservice=1;emailservice=1;frontend=1;paymentservice=1;productcatalogservice=1;recommendationservice=1;redis-cart=1;shippingservice=1,markov,stageC,hda,HDA,69,69.000,replay,mixed,1.070323,0.025444,7,1.525982,0.000000,0.359677,1.100147,,,0.000000,0.008706,0.008706,7,7,0,66.215876,66.215876,66.215876,66.215876,120.000000,0.000000,113.447368,0.583670,0.000000,20,,,,,,,,,
online-boutique,online-boutique-longmix-stageC-scale20-replica1-markov-steps500-20260612T140717Z,idyn-ob-scale20-replica1,scale20,replica1,adservice=1;cartservice=1;checkoutservice=1;currencyservice=1;emailservice=1;frontend=1;paymentservice=1;productcatalogservice=1;recommendationservice=1;redis-cart=1;shippingservice=1,markov,stageC,kubernetes-default,K8s default,70,70.000,replay,mixed,1.083135,0.011829,7,1.525982,0.000000,0.359677,1.100147,,,0.000000,0.008586,0.008586,7,7,0,74.510546,74.510546,74.510546,74.510546,120.000000,0.000000,113.447368,0.656785,0.000000,20,,,,,,,,,
online-boutique,online-boutique-longmix-stageC-scale20-replica1-markov-steps500-20260612T140717Z,idyn-ob-scale20-replica1,scale20,replica1,adservice=1;cartservice=1;checkoutservice=1;currencyservice=1;emailservice=1;frontend=1;paymentservice=1;productcatalogservice=1;recommendationservice=1;redis-cart=1;shippingservice=1,markov,stageC,cga,CGA,70,70.000,replay,mixed,1.083135,0.011829,7,1.525982,0.000000,0.359677,1.100147,,,0.000000,0.008586,0.008586,7,7,0,67.043364,67.043364,67.043364,67.043364,120.000000,0.000000,113.447368,0.590964,0.000000,20,,,,,,,,,
online-boutique,online-boutique-longmix-stageC-scale20-replica1-markov-steps500-20260612T140717Z,idyn-ob-scale20-replica1,scale20,replica1,adservice=1;cartservice=1;checkoutservice=1;currencyservice=1;emailservice=1;frontend=1;paymentservice=1;productcatalogservice=1;recommendationservice=1;redis-cart=1;shippingservice=1,markov,stageC,hda,HDA,70,70.000,replay,mixed,1.083135,0.011829,7,1.525982,0.000000,0.359677,1.100147,,,0.000000,0.008586,0.008586,7,7,0,61.556115,61.556115,61.556115,61.556115,120.000000,0.000000,113.447368,0.542596,0.000000,20,,,,,,,,,
online-boutique,online-boutique-longmix-stageC-scale20-replica1-markov-steps500-20260612T140717Z,idyn-ob-scale20-replica1,scale20,replica1,adservice=1;cartservice=1;checkoutservice=1;currencyservice=1;emailservice=1;frontend=1;paymentservice=1;productcatalogservice=1;recommendationservice=1;redis-cart=1;shippingservice=1,markov,stageC,kubernetes-default,K8s default,71,71.000,replay,mixed,1.036019,0.043500,7,1.525982,0.000000,0.359677,1.100147,,,0.000000,0.008606,0.008606,7,7,0,72.267954,72.267954,72.267954,72.267954,120.000000,0.000000,113.447368,0.637017,0.000000,20,,,,,,,,,
online-boutique,online-boutique-longmix-stageC-scale20-replica1-markov-steps500-20260612T140717Z,idyn-ob-scale20-replica1,scale20,replica1,adservice=1;cartservice=1;checkoutservice=1;currencyservice=1;emailservice=1;frontend=1;paymentservice=1;productcatalogservice=1;recommendationservice=1;redis-cart=1;shippingservice=1,markov,stageC,cga,CGA,71,71.000,replay,mixed,1.036019,0.043500,7,1.525982,0.000000,0.359677,1.100147,,,0.000000,0.008606,0.008606,7,7,0,66.605743,66.605743,66.605743,66.605743,120.000000,0.000000,113.447368,0.587107,0.000000,20,,,,,,,,,
online-boutique,online-boutique-longmix-stageC-scale20-replica1-markov-steps500-20260612T140717Z,idyn-ob-scale20-replica1,scale20,replica1,adservice=1;cartservice=1;checkoutservice=1;currencyservice=1;emailservice=1;frontend=1;paymentservice=1;productcatalogservice=1;recommendationservice=1;redis-cart=1;shippingservice=1,markov,stageC,hda,HDA,71,71.000,replay,mixed,1.036019,0.043500,7,1.525982,0.000000,0.359677,1.100147,,,0.000000,0.008606,0.008606,7,7,0,63.172516,63.172516,63.172516,63.172516,120.000000,0.000000,113.447368,0.556844,0.000000,20,,,,,,,,,
online-boutique,online-boutique-longmix-stageC-scale20-replica1-markov-steps500-20260612T140717Z,idyn-ob-scale20-replica1,scale20,replica1,adservice=1;cartservice=1;checkoutservice=1;currencyservice=1;emailservice=1;frontend=1;paymentservice=1;productcatalogservice=1;recommendationservice=1;redis-cart=1;shippingservice=1,markov,stageC,kubernetes-default,K8s default,72,72.000,replay,mixed,1.004152,0.030760,7,1.525982,0.000000,0.359677,1.100147,,,0.000000,0.011132,0.011132,7,7,0,69.933094,69.933094,69.933094,69.933094,120.000000,0.000000,113.447368,0.616436,0.000000,20,,,,,,,,,
online-boutique,online-boutique-longmix-stageC-scale20-replica1-markov-steps500-20260612T140717Z,idyn-ob-scale20-replica1,scale20,replica1,adservice=1;cartservice=1;checkoutservice=1;currencyservice=1;emailservice=1;frontend=1;paymentservice=1;productcatalogservice=1;recommendationservice=1;redis-cart=1;shippingservice=1,markov,stageC,cga,CGA,72,72.000,replay,mixed,1.004152,0.030760,7,1.525982,0.000000,0.359677,1.100147,,,0.000000,0.011132,0.011132,7,7,0,62.342496,62.342496,62.342496,62.342496,120.000000,0.000000,113.447368,0.549528,0.000000,20,,,,,,,,,
online-boutique,online-boutique-longmix-stageC-scale20-replica1-markov-steps500-20260612T140717Z,idyn-ob-scale20-replica1,scale20,replica1,adservice=1;cartservice=1;checkoutservice=1;currencyservice=1;emailservice=1;frontend=1;paymentservice=1;productcatalogservice=1;recommendationservice=1;redis-cart=1;shippingservice=1,markov,stageC,hda,HDA,72,72.000,replay,mixed,1.004152,0.030760,7,1.525982,0.000000,0.359677,1.100147,,,0.000000,0.011132,0.011132,7,7,0,62.277573,62.277573,62.277573,62.277573,120.000000,0.000000,113.447368,0.548956,0.000000,20,,,,,,,,,
online-boutique,online-boutique-longmix-stageC-scale20-replica1-markov-steps500-20260612T140717Z,idyn-ob-scale20-replica1,scale20,replica1,adservice=1;cartservice=1;checkoutservice=1;currencyservice=1;emailservice=1;frontend=1;paymentservice=1;productcatalogservice=1;recommendationservice=1;redis-cart=1;shippingservice=1,markov,stageC,kubernetes-default,K8s default,73,73.000,replay,mixed,0.991472,0.012627,7,1.525982,0.000000,0.359677,1.100147,,,0.000000,0.009197,0.009197,7,7,0,60.677270,60.677270,60.677270,60.677270,120.000000,0.000000,113.447368,0.534850,0.000000,20,,,,,,,,,
online-boutique,online-boutique-longmix-stageC-scale20-replica1-markov-steps500-20260612T140717Z,idyn-ob-scale20-replica1,scale20,replica1,adservice=1;cartservice=1;checkoutservice=1;currencyservice=1;emailservice=1;frontend=1;paymentservice=1;productcatalogservice=1;recommendationservice=1;redis-cart=1;shippingservice=1,markov,stageC,cga,CGA,73,73.000,replay,mixed,0.991472,0.012627,7,1.525982,0.000000,0.359677,1.100147,,,0.000000,0.009197,0.009197,7,7,0,60.648130,60.648130,60.648130,60.648130,120.000000,0.000000,113.447368,0.534593,0.000000,20,,,,,,,,,
online-boutique,online-boutique-longmix-stageC-scale20-replica1-markov-steps500-20260612T140717Z,idyn-ob-scale20-replica1,scale20,replica1,adservice=1;cartservice=1;checkoutservice=1;currencyservice=1;emailservice=1;frontend=1;paymentservice=1;productcatalogservice=1;recommendationservice=1;redis-cart=1;shippingservice=1,markov,stageC,hda,HDA,73,73.000,replay,mixed,0.991472,0.012627,7,1.525982,0.000000,0.359677,1.100147,,,0.000000,0.009197,0.009197,7,7,0,61.910412,61.910412,61.910412,61.910412,120.000000,0.000000,113.447368,0.545719,0.000000,20,,,,,,,,,
online-boutique,online-boutique-longmix-stageC-scale20-replica1-markov-steps500-20260612T140717Z,idyn-ob-scale20-replica1,scale20,replica1,adservice=1;cartservice=1;checkoutservice=1;currencyservice=1;emailservice=1;frontend=1;paymentservice=1;productcatalogservice=1;recommendationservice=1;redis-cart=1;shippingservice=1,markov,stageC,kubernetes-default,K8s default,74,74.000,replay,mixed,1.050602,0.056282,7,1.525982,0.000000,0.359677,1.100147,,,0.000000,0.014858,0.014858,7,7,0,69.137526,69.137526,69.137526,69.137526,120.000000,0.000000,113.447368,0.609424,0.000000,20,,,,,,,,,
online-boutique,online-boutique-longmix-stageC-scale20-replica1-markov-steps500-20260612T140717Z,idyn-ob-scale20-replica1,scale20,replica1,adservice=1;cartservice=1;checkoutservice=1;currencyservice=1;emailservice=1;frontend=1;paymentservice=1;productcatalogservice=1;recommendationservice=1;redis-cart=1;shippingservice=1,markov,stageC,cga,CGA,74,74.000,replay,mixed,1.050602,0.056282,7,1.525982,0.000000,0.359677,1.100147,,,0.000000,0.014858,0.014858,7,7,0,63.508107,63.508107,63.508107,63.508107,120.000000,0.000000,113.447368,0.559802,0.000000,20,,,,,,,,,
online-boutique,online-boutique-longmix-stageC-scale20-replica1-markov-steps500-20260612T140717Z,idyn-ob-scale20-replica1,scale20,replica1,adservice=1;cartservice=1;checkoutservice=1;currencyservice=1;emailservice=1;frontend=1;paymentservice=1;productcatalogservice=1;recommendationservice=1;redis-cart=1;shippingservice=1,markov,stageC,hda,HDA,74,74.000,replay,mixed,1.050602,0.056282,7,1.525982,0.000000,0.359677,1.100147,,,0.000000,0.014858,0.014858,7,7,0,59.261082,59.261082,59.261082,59.261082,120.000000,0.000000,113.447368,0.522366,0.000000,20,,,,,,,,,
online-boutique,online-boutique-longmix-stageC-scale20-replica1-markov-steps500-20260612T140717Z,idyn-ob-scale20-replica1,scale20,replica1,adservice=1;cartservice=1;checkoutservice=1;currencyservice=1;emailservice=1;frontend=1;paymentservice=1;productcatalogservice=1;recommendationservice=1;redis-cart=1;shippingservice=1,markov,stageC,kubernetes-default,K8s default,75,75.000,replay,mixed,1.085410,0.032069,7,1.525982,0.000000,0.359677,1.100147,,,0.000000,0.029156,0.029156,7,7,0,71.585309,71.585309,71.585309,71.585309,120.000000,0.000000,113.447368,0.631000,0.000000,20,,,,,,,,,
online-boutique,online-boutique-longmix-stageC-scale20-replica1-markov-steps500-20260612T140717Z,idyn-ob-scale20-replica1,scale20,replica1,adservice=1;cartservice=1;checkoutservice=1;currencyservice=1;emailservice=1;frontend=1;paymentservice=1;productcatalogservice=1;recommendationservice=1;redis-cart=1;shippingservice=1,markov,stageC,cga,CGA,75,75.000,replay,mixed,1.085410,0.032069,7,1.525982,0.000000,0.359677,1.100147,,,0.000000,0.029156,0.029156,7,7,0,67.565959,67.565959,67.565959,67.565959,120.000000,0.000000,113.447368,0.595571,0.000000,20,,,,,,,,,
online-boutique,online-boutique-longmix-stageC-scale20-replica1-markov-steps500-20260612T140717Z,idyn-ob-scale20-replica1,scale20,replica1,adservice=1;cartservice=1;checkoutservice=1;currencyservice=1;emailservice=1;frontend=1;paymentservice=1;productcatalogservice=1;recommendationservice=1;redis-cart=1;shippingservice=1,markov,stageC,hda,HDA,75,75.000,replay,mixed,1.085410,0.032069,7,1.525982,0.000000,0.359677,1.100147,,,0.000000,0.029156,0.029156,7,7,0,64.431531,64.431531,64.431531,64.431531,120.000000,0.000000,113.447368,0.567942,0.000000,20,,,,,,,,,
online-boutique,online-boutique-longmix-stageC-scale20-replica1-markov-steps500-20260612T140717Z,idyn-ob-scale20-replica1,scale20,replica1,adservice=1;cartservice=1;checkoutservice=1;currencyservice=1;emailservice=1;frontend=1;paymentservice=1;productcatalogservice=1;recommendationservice=1;redis-cart=1;shippingservice=1,markov,stageC,kubernetes-default,K8s default,76,76.000,replay,mixed,1.050383,0.622177,7,1.368091,0.800000,0.411186,0.478705,,,0.000000,0.008425,0.008425,7,7,0,111.953374,111.953374,111.953374,111.953374,120.000000,0.000000,132.947368,0.842088,0.000000,20,,,,,,,,,
online-boutique,online-boutique-longmix-stageC-scale20-replica1-markov-steps500-20260612T140717Z,idyn-ob-scale20-replica1,scale20,replica1,adservice=1;cartservice=1;checkoutservice=1;currencyservice=1;emailservice=1;frontend=1;paymentservice=1;productcatalogservice=1;recommendationservice=1;redis-cart=1;shippingservice=1,markov,stageC,cga,CGA,76,76.000,replay,mixed,1.050383,0.622177,7,1.368091,0.800000,0.411186,0.478705,,,0.000000,0.008425,0.008425,7,7,0,106.478397,106.478397,106.478397,106.478397,120.000000,0.000000,132.947368,0.800906,0.000000,20,,,,,,,,,
online-boutique,online-boutique-longmix-stageC-scale20-replica1-markov-steps500-20260612T140717Z,idyn-ob-scale20-replica1,scale20,replica1,adservice=1;cartservice=1;checkoutservice=1;currencyservice=1;emailservice=1;frontend=1;paymentservice=1;productcatalogservice=1;recommendationservice=1;redis-cart=1;shippingservice=1,markov,stageC,hda,HDA,76,76.000,replay,mixed,1.050383,0.622177,7,1.368091,0.800000,0.411186,0.478705,,,0.000000,0.008425,0.008425,7,7,0,98.178837,98.178837,98.178837,98.178837,120.000000,0.000000,132.947368,0.738479,0.000000,20,,,,,,,,,
online-boutique,online-boutique-longmix-stageC-scale20-replica1-markov-steps500-20260612T140717Z,idyn-ob-scale20-replica1,scale20,replica1,adservice=1;cartservice=1;checkoutservice=1;currencyservice=1;emailservice=1;frontend=1;paymentservice=1;productcatalogservice=1;recommendationservice=1;redis-cart=1;shippingservice=1,markov,stageC,kubernetes-default,K8s default,77,77.000,replay,mixed,1.022781,0.026278,7,1.368091,0.000000,0.411186,0.478705,,,0.000000,0.011521,0.011521,7,7,0,83.859013,83.859013,83.859013,83.859013,120.000000,0.000000,132.947368,0.630769,0.000000,20,,,,,,,,,
online-boutique,online-boutique-longmix-stageC-scale20-replica1-markov-steps500-20260612T140717Z,idyn-ob-scale20-replica1,scale20,replica1,adservice=1;cartservice=1;checkoutservice=1;currencyservice=1;emailservice=1;frontend=1;paymentservice=1;productcatalogservice=1;recommendationservice=1;redis-cart=1;shippingservice=1,markov,stageC,cga,CGA,77,77.000,replay,mixed,1.022781,0.026278,7,1.368091,0.000000,0.411186,0.478705,,,0.000000,0.011521,0.011521,7,7,0,80.060772,80.060772,80.060772,80.060772,120.000000,0.000000,132.947368,0.602199,0.000000,20,,,,,,,,,
online-boutique,online-boutique-longmix-stageC-scale20-replica1-markov-steps500-20260612T140717Z,idyn-ob-scale20-replica1,scale20,replica1,adservice=1;cartservice=1;checkoutservice=1;currencyservice=1;emailservice=1;frontend=1;paymentservice=1;productcatalogservice=1;recommendationservice=1;redis-cart=1;shippingservice=1,markov,stageC,hda,HDA,77,77.000,replay,mixed,1.022781,0.026278,7,1.368091,0.000000,0.411186,0.478705,,,0.000000,0.011521,0.011521,7,7,0,77.033545,77.033545,77.033545,77.033545,120.000000,0.000000,132.947368,0.579429,0.000000,20,,,,,,,,,
online-boutique,online-boutique-longmix-stageC-scale20-replica1-markov-steps500-20260612T140717Z,idyn-ob-scale20-replica1,scale20,replica1,adservice=1;cartservice=1;checkoutservice=1;currencyservice=1;emailservice=1;frontend=1;paymentservice=1;productcatalogservice=1;recommendationservice=1;redis-cart=1;shippingservice=1,markov,stageC,kubernetes-default,K8s default,78,78.000,replay,mixed,0.997571,0.024648,7,1.368091,0.000000,0.411186,0.478705,,,0.000000,0.008836,0.008836,7,7,0,86.400598,86.400598,86.400598,86.400598,120.000000,0.000000,132.947368,0.649886,0.000000,20,,,,,,,,,
online-boutique,online-boutique-longmix-stageC-scale20-replica1-markov-steps500-20260612T140717Z,idyn-ob-scale20-replica1,scale20,replica1,adservice=1;cartservice=1;checkoutservice=1;currencyservice=1;emailservice=1;frontend=1;paymentservice=1;productcatalogservice=1;recommendationservice=1;redis-cart=1;shippingservice=1,markov,stageC,cga,CGA,78,78.000,replay,mixed,0.997571,0.024648,7,1.368091,0.000000,0.411186,0.478705,,,0.000000,0.008836,0.008836,7,7,0,81.989475,81.989475,81.989475,81.989475,120.000000,0.000000,132.947368,0.616706,0.000000,20,,,,,,,,,
online-boutique,online-boutique-longmix-stageC-scale20-replica1-markov-steps500-20260612T140717Z,idyn-ob-scale20-replica1,scale20,replica1,adservice=1;cartservice=1;checkoutservice=1;currencyservice=1;emailservice=1;frontend=1;paymentservice=1;productcatalogservice=1;recommendationservice=1;redis-cart=1;shippingservice=1,markov,stageC,hda,HDA,78,78.000,replay,mixed,0.997571,0.024648,7,1.368091,0.000000,0.411186,0.478705,,,0.000000,0.008836,0.008836,7,7,0,76.243853,76.243853,76.243853,76.243853,120.000000,0.000000,132.947368,0.573489,0.000000,20,,,,,,,,,
online-boutique,online-boutique-longmix-stageC-scale20-replica1-markov-steps500-20260612T140717Z,idyn-ob-scale20-replica1,scale20,replica1,adservice=1;cartservice=1;checkoutservice=1;currencyservice=1;emailservice=1;frontend=1;paymentservice=1;productcatalogservice=1;recommendationservice=1;redis-cart=1;shippingservice=1,markov,stageC,kubernetes-default,K8s default,79,79.000,replay,mixed,1.064802,0.063140,7,1.368091,0.000000,0.411186,0.478705,,,0.000000,0.014417,0.014417,7,7,0,88.562807,88.562807,88.562807,88.562807,120.000000,0.000000,132.947368,0.666149,0.000000,20,,,,,,,,,
online-boutique,online-boutique-longmix-stageC-scale20-replica1-markov-steps500-20260612T140717Z,idyn-ob-scale20-replica1,scale20,replica1,adservice=1;cartservice=1;checkoutservice=1;currencyservice=1;emailservice=1;frontend=1;paymentservice=1;productcatalogservice=1;recommendationservice=1;redis-cart=1;shippingservice=1,markov,stageC,cga,CGA,79,79.000,replay,mixed,1.064802,0.063140,7,1.368091,0.000000,0.411186,0.478705,,,0.000000,0.014417,0.014417,7,7,0,87.969697,87.969697,87.969697,87.969697,120.000000,0.000000,132.947368,0.661688,0.000000,20,,,,,,,,,
online-boutique,online-boutique-longmix-stageC-scale20-replica1-markov-steps500-20260612T140717Z,idyn-ob-scale20-replica1,scale20,replica1,adservice=1;cartservice=1;checkoutservice=1;currencyservice=1;emailservice=1;frontend=1;paymentservice=1;productcatalogservice=1;recommendationservice=1;redis-cart=1;shippingservice=1,markov,stageC,hda,HDA,79,79.000,replay,mixed,1.064802,0.063140,7,1.368091,0.000000,0.411186,0.478705,,,0.000000,0.014417,0.014417,7,7,0,79.023450,79.023450,79.023450,79.023450,120.000000,0.000000,132.947368,0.594396,0.000000,20,,,,,,,,,
online-boutique,online-boutique-longmix-stageC-scale20-replica1-markov-steps500-20260612T140717Z,idyn-ob-scale20-replica1,scale20,replica1,adservice=1;cartservice=1;checkoutservice=1;currencyservice=1;emailservice=1;frontend=1;paymentservice=1;productcatalogservice=1;recommendationservice=1;redis-cart=1;shippingservice=1,markov,stageC,kubernetes-default,K8s default,80,80.000,replay,mixed,0.996936,0.063736,7,1.368091,0.000000,0.411186,0.478705,,,0.000000,0.009518,0.009518,7,7,0,84.956104,84.956104,84.956104,84.956104,120.000000,0.000000,132.947368,0.639021,0.000000,20,,,,,,,,,
online-boutique,online-boutique-longmix-stageC-scale20-replica1-markov-steps500-20260612T140717Z,idyn-ob-scale20-replica1,scale20,replica1,adservice=1;cartservice=1;checkoutservice=1;currencyservice=1;emailservice=1;frontend=1;paymentservice=1;productcatalogservice=1;recommendationservice=1;redis-cart=1;shippingservice=1,markov,stageC,cga,CGA,80,80.000,replay,mixed,0.996936,0.063736,7,1.368091,0.000000,0.411186,0.478705,,,0.000000,0.009518,0.009518,7,7,0,78.304342,78.304342,78.304342,78.304342,120.000000,0.000000,132.947368,0.588988,0.000000,20,,,,,,,,,
online-boutique,online-boutique-longmix-stageC-scale20-replica1-markov-steps500-20260612T140717Z,idyn-ob-scale20-replica1,scale20,replica1,adservice=1;cartservice=1;checkoutservice=1;currencyservice=1;emailservice=1;frontend=1;paymentservice=1;productcatalogservice=1;recommendationservice=1;redis-cart=1;shippingservice=1,markov,stageC,hda,HDA,80,80.000,replay,mixed,0.996936,0.063736,7,1.368091,0.000000,0.411186,0.478705,,,0.000000,0.009518,0.009518,7,7,0,78.002811,78.002811,78.002811,78.002811,120.000000,0.000000,132.947368,0.586719,0.000000,20,,,,,,,,,
online-boutique,online-boutique-longmix-stageC-scale20-replica1-markov-steps500-20260612T140717Z,idyn-ob-scale20-replica1,scale20,replica1,adservice=1;cartservice=1;checkoutservice=1;currencyservice=1;emailservice=1;frontend=1;paymentservice=1;productcatalogservice=1;recommendationservice=1;redis-cart=1;shippingservice=1,markov,stageC,kubernetes-default,K8s default,81,81.000,replay,mixed,1.050490,0.050981,7,1.368091,0.000000,0.411186,0.478705,,,0.000000,0.033404,0.033404,7,7,0,93.381796,93.381796,93.381796,93.381796,120.000000,0.000000,132.947368,0.702397,0.000000,20,,,,,,,,,
online-boutique,online-boutique-longmix-stageC-scale20-replica1-markov-steps500-20260612T140717Z,idyn-ob-scale20-replica1,scale20,replica1,adservice=1;cartservice=1;checkoutservice=1;currencyservice=1;emailservice=1;frontend=1;paymentservice=1;productcatalogservice=1;recommendationservice=1;redis-cart=1;shippingservice=1,markov,stageC,cga,CGA,81,81.000,replay,mixed,1.050490,0.050981,7,1.368091,0.000000,0.411186,0.478705,,,0.000000,0.033404,0.033404,7,7,0,78.771648,78.771648,78.771648,78.771648,120.000000,0.000000,132.947368,0.592502,0.000000,20,,,,,,,,,
online-boutique,online-boutique-longmix-stageC-scale20-replica1-markov-steps500-20260612T140717Z,idyn-ob-scale20-replica1,scale20,replica1,adservice=1;cartservice=1;checkoutservice=1;currencyservice=1;emailservice=1;frontend=1;paymentservice=1;productcatalogservice=1;recommendationservice=1;redis-cart=1;shippingservice=1,markov,stageC,hda,HDA,81,81.000,replay,mixed,1.050490,0.050981,7,1.368091,0.000000,0.411186,0.478705,,,0.000000,0.033404,0.033404,7,7,0,76.340970,76.340970,76.340970,76.340970,120.000000,0.000000,132.947368,0.574219,0.000000,20,,,,,,,,,
online-boutique,online-boutique-longmix-stageC-scale20-replica1-markov-steps500-20260612T140717Z,idyn-ob-scale20-replica1,scale20,replica1,adservice=1;cartservice=1;checkoutservice=1;currencyservice=1;emailservice=1;frontend=1;paymentservice=1;productcatalogservice=1;recommendationservice=1;redis-cart=1;shippingservice=1,markov,stageC,kubernetes-default,K8s default,82,82.000,replay,mixed,1.062270,0.577189,7,1.440440,0.800000,0.467762,1.918165,,,0.000000,0.009157,0.009157,7,7,0,103.045612,103.045612,103.045612,103.045612,120.000000,0.000000,119.947368,0.859090,0.000000,20,,,,,,,,,
online-boutique,online-boutique-longmix-stageC-scale20-replica1-markov-steps500-20260612T140717Z,idyn-ob-scale20-replica1,scale20,replica1,adservice=1;cartservice=1;checkoutservice=1;currencyservice=1;emailservice=1;frontend=1;paymentservice=1;productcatalogservice=1;recommendationservice=1;redis-cart=1;shippingservice=1,markov,stageC,cga,CGA,82,82.000,replay,mixed,1.062270,0.577189,7,1.440440,0.800000,0.467762,1.918165,,,0.000000,0.009157,0.009157,7,7,0,94.126275,94.126275,94.126275,94.126275,120.000000,0.000000,119.947368,0.784730,0.000000,20,,,,,,,,,
online-boutique,online-boutique-longmix-stageC-scale20-replica1-markov-steps500-20260612T140717Z,idyn-ob-scale20-replica1,scale20,replica1,adservice=1;cartservice=1;checkoutservice=1;currencyservice=1;emailservice=1;frontend=1;paymentservice=1;productcatalogservice=1;recommendationservice=1;redis-cart=1;shippingservice=1,markov,stageC,hda,HDA,82,82.000,replay,mixed,1.062270,0.577189,7,1.440440,0.800000,0.467762,1.918165,,,0.000000,0.009157,0.009157,7,7,0,87.380513,87.380513,87.380513,87.380513,120.000000,0.000000,119.947368,0.728490,0.000000,20,,,,,,,,,
online-boutique,online-boutique-longmix-stageC-scale20-replica1-markov-steps500-20260612T140717Z,idyn-ob-scale20-replica1,scale20,replica1,adservice=1;cartservice=1;checkoutservice=1;currencyservice=1;emailservice=1;frontend=1;paymentservice=1;productcatalogservice=1;recommendationservice=1;redis-cart=1;shippingservice=1,markov,stageC,kubernetes-default,K8s default,83,83.000,replay,mixed,1.044497,0.016732,7,1.440440,0.000000,0.467762,1.918165,,,0.000000,0.009258,0.009258,7,7,0,70.800597,70.800597,70.800597,70.800597,120.000000,0.000000,119.947368,0.590264,0.000000,20,,,,,,,,,
online-boutique,online-boutique-longmix-stageC-scale20-replica1-markov-steps500-20260612T140717Z,idyn-ob-scale20-replica1,scale20,replica1,adservice=1;cartservice=1;checkoutservice=1;currencyservice=1;emailservice=1;frontend=1;paymentservice=1;productcatalogservice=1;recommendationservice=1;redis-cart=1;shippingservice=1,markov,stageC,cga,CGA,83,83.000,replay,mixed,1.044497,0.016732,7,1.440440,0.000000,0.467762,1.918165,,,0.000000,0.009258,0.009258,7,7,0,70.147006,70.147006,70.147006,70.147006,120.000000,0.000000,119.947368,0.584815,0.000000,20,,,,,,,,,
online-boutique,online-boutique-longmix-stageC-scale20-replica1-markov-steps500-20260612T140717Z,idyn-ob-scale20-replica1,scale20,replica1,adservice=1;cartservice=1;checkoutservice=1;currencyservice=1;emailservice=1;frontend=1;paymentservice=1;productcatalogservice=1;recommendationservice=1;redis-cart=1;shippingservice=1,markov,stageC,hda,HDA,83,83.000,replay,mixed,1.044497,0.016732,7,1.440440,0.000000,0.467762,1.918165,,,0.000000,0.009258,0.009258,7,7,0,66.672752,66.672752,66.672752,66.672752,120.000000,0.000000,119.947368,0.555850,0.000000,20,,,,,,,,,
online-boutique,online-boutique-longmix-stageC-scale20-replica1-markov-steps500-20260612T140717Z,idyn-ob-scale20-replica1,scale20,replica1,adservice=1;cartservice=1;checkoutservice=1;currencyservice=1;emailservice=1;frontend=1;paymentservice=1;productcatalogservice=1;recommendationservice=1;redis-cart=1;shippingservice=1,markov,stageC,kubernetes-default,K8s default,84,84.000,replay,mixed,1.070262,0.024073,7,1.440440,0.000000,0.467762,1.918165,,,0.000000,0.009167,0.009167,7,7,0,76.021983,76.021983,76.021983,76.021983,120.000000,0.000000,119.947368,0.633795,0.000000,20,,,,,,,,,
online-boutique,online-boutique-longmix-stageC-scale20-replica1-markov-steps500-20260612T140717Z,idyn-ob-scale20-replica1,scale20,replica1,adservice=1;cartservice=1;checkoutservice=1;currencyservice=1;emailservice=1;frontend=1;paymentservice=1;productcatalogservice=1;recommendationservice=1;redis-cart=1;shippingservice=1,markov,stageC,cga,CGA,84,84.000,replay,mixed,1.070262,0.024073,7,1.440440,0.000000,0.467762,1.918165,,,0.000000,0.009167,0.009167,7,7,0,71.106913,71.106913,71.106913,71.106913,120.000000,0.000000,119.947368,0.592818,0.000000,20,,,,,,,,,
online-boutique,online-boutique-longmix-stageC-scale20-replica1-markov-steps500-20260612T140717Z,idyn-ob-scale20-replica1,scale20,replica1,adservice=1;cartservice=1;checkoutservice=1;currencyservice=1;emailservice=1;frontend=1;paymentservice=1;productcatalogservice=1;recommendationservice=1;redis-cart=1;shippingservice=1,markov,stageC,hda,HDA,84,84.000,replay,mixed,1.070262,0.024073,7,1.440440,0.000000,0.467762,1.918165,,,0.000000,0.009167,0.009167,7,7,0,66.082998,66.082998,66.082998,66.082998,120.000000,0.000000,119.947368,0.550933,0.000000,20,,,,,,,,,
online-boutique,online-boutique-longmix-stageC-scale20-replica1-markov-steps500-20260612T140717Z,idyn-ob-scale20-replica1,scale20,replica1,adservice=1;cartservice=1;checkoutservice=1;currencyservice=1;emailservice=1;frontend=1;paymentservice=1;productcatalogservice=1;recommendationservice=1;redis-cart=1;shippingservice=1,markov,stageC,kubernetes-default,K8s default,85,85.000,replay,mixed,0.994238,0.821188,14,1.525982,1.000000,0.344308,0.539631,,,0.000000,0.009177,0.009177,11,14,0,163.474610,163.474610,163.474610,163.474610,120.000000,0.000000,191.447368,0.853888,0.000000,20,,,,,,,,,
online-boutique,online-boutique-longmix-stageC-scale20-replica1-markov-steps500-20260612T140717Z,idyn-ob-scale20-replica1,scale20,replica1,adservice=1;cartservice=1;checkoutservice=1;currencyservice=1;emailservice=1;frontend=1;paymentservice=1;productcatalogservice=1;recommendationservice=1;redis-cart=1;shippingservice=1,markov,stageC,cga,CGA,85,85.000,replay,mixed,0.994238,0.821188,14,1.525982,1.000000,0.344308,0.539631,,,0.000000,0.009177,0.009177,11,14,0,153.532399,153.532399,153.532399,153.532399,120.000000,0.000000,191.447368,0.801956,0.000000,20,,,,,,,,,
online-boutique,online-boutique-longmix-stageC-scale20-replica1-markov-steps500-20260612T140717Z,idyn-ob-scale20-replica1,scale20,replica1,adservice=1;cartservice=1;checkoutservice=1;currencyservice=1;emailservice=1;frontend=1;paymentservice=1;productcatalogservice=1;recommendationservice=1;redis-cart=1;shippingservice=1,markov,stageC,hda,HDA,85,85.000,replay,mixed,0.994238,0.821188,14,1.525982,1.000000,0.344308,0.539631,,,0.000000,0.009177,0.009177,11,14,0,148.920014,148.920014,148.920014,148.920014,120.000000,0.000000,191.447368,0.777864,0.000000,20,,,,,,,,,
online-boutique,online-boutique-longmix-stageC-scale20-replica1-markov-steps500-20260612T140717Z,idyn-ob-scale20-replica1,scale20,replica1,adservice=1;cartservice=1;checkoutservice=1;currencyservice=1;emailservice=1;frontend=1;paymentservice=1;productcatalogservice=1;recommendationservice=1;redis-cart=1;shippingservice=1,markov,stageC,kubernetes-default,K8s default,86,86.000,replay,mixed,0.996111,0.001881,14,1.525982,0.000000,0.344308,0.539631,,,0.000000,0.013336,0.013336,11,14,0,125.089292,125.089292,125.089292,125.089292,120.000000,0.000000,191.447368,0.653387,0.000000,20,,,,,,,,,
online-boutique,online-boutique-longmix-stageC-scale20-replica1-markov-steps500-20260612T140717Z,idyn-ob-scale20-replica1,scale20,replica1,adservice=1;cartservice=1;checkoutservice=1;currencyservice=1;emailservice=1;frontend=1;paymentservice=1;productcatalogservice=1;recommendationservice=1;redis-cart=1;shippingservice=1,markov,stageC,cga,CGA,86,86.000,replay,mixed,0.996111,0.001881,14,1.525982,0.000000,0.344308,0.539631,,,0.000000,0.013336,0.013336,11,14,0,118.553742,118.553742,118.553742,118.553742,120.000000,0.000000,191.447368,0.619250,0.000000,20,,,,,,,,,
online-boutique,online-boutique-longmix-stageC-scale20-replica1-markov-steps500-20260612T140717Z,idyn-ob-scale20-replica1,scale20,replica1,adservice=1;cartservice=1;checkoutservice=1;currencyservice=1;emailservice=1;frontend=1;paymentservice=1;productcatalogservice=1;recommendationservice=1;redis-cart=1;shippingservice=1,markov,stageC,hda,HDA,86,86.000,replay,mixed,0.996111,0.001881,14,1.525982,0.000000,0.344308,0.539631,,,0.000000,0.013336,0.013336,11,14,0,111.567993,111.567993,111.567993,111.567993,120.000000,0.000000,191.447368,0.582761,0.000000,20,,,,,,,,,
online-boutique,online-boutique-longmix-stageC-scale20-replica1-markov-steps500-20260612T140717Z,idyn-ob-scale20-replica1,scale20,replica1,adservice=1;cartservice=1;checkoutservice=1;currencyservice=1;emailservice=1;frontend=1;paymentservice=1;productcatalogservice=1;recommendationservice=1;redis-cart=1;shippingservice=1,markov,stageC,kubernetes-default,K8s default,87,87.000,replay,mixed,1.082150,0.864650,7,1.012248,1.000000,0.347958,0.133792,,,0.000000,0.028774,0.028774,7,7,0,131.243989,131.243989,131.243989,131.243989,120.000000,0.000000,139.447368,0.941172,0.000000,20,,,,,,,,,
online-boutique,online-boutique-longmix-stageC-scale20-replica1-markov-steps500-20260612T140717Z,idyn-ob-scale20-replica1,scale20,replica1,adservice=1;cartservice=1;checkoutservice=1;currencyservice=1;emailservice=1;frontend=1;paymentservice=1;productcatalogservice=1;recommendationservice=1;redis-cart=1;shippingservice=1,markov,stageC,cga,CGA,87,87.000,replay,mixed,1.082150,0.864650,7,1.012248,1.000000,0.347958,0.133792,,,0.000000,0.028774,0.028774,7,7,0,120.202488,120.202488,120.202488,120.202488,120.000000,0.000000,139.447368,0.861992,0.000000,20,,,,,,,,,
online-boutique,online-boutique-longmix-stageC-scale20-replica1-markov-steps500-20260612T140717Z,idyn-ob-scale20-replica1,scale20,replica1,adservice=1;cartservice=1;checkoutservice=1;currencyservice=1;emailservice=1;frontend=1;paymentservice=1;productcatalogservice=1;recommendationservice=1;redis-cart=1;shippingservice=1,markov,stageC,hda,HDA,87,87.000,replay,mixed,1.082150,0.864650,7,1.012248,1.000000,0.347958,0.133792,,,0.000000,0.028774,0.028774,7,7,0,117.426322,117.426322,117.426322,117.426322,120.000000,0.000000,139.447368,0.842083,0.000000,20,,,,,,,,,
online-boutique,online-boutique-longmix-stageC-scale20-replica1-markov-steps500-20260612T140717Z,idyn-ob-scale20-replica1,scale20,replica1,adservice=1;cartservice=1;checkoutservice=1;currencyservice=1;emailservice=1;frontend=1;paymentservice=1;productcatalogservice=1;recommendationservice=1;redis-cart=1;shippingservice=1,markov,stageC,kubernetes-default,K8s default,88,88.000,replay,mixed,1.034850,0.043709,7,1.012248,0.000000,0.347958,0.133792,,,0.000000,0.011892,0.011892,7,7,0,89.942213,89.942213,89.942213,89.942213,120.000000,0.000000,139.447368,0.644990,0.000000,20,,,,,,,,,
online-boutique,online-boutique-longmix-stageC-scale20-replica1-markov-steps500-20260612T140717Z,idyn-ob-scale20-replica1,scale20,replica1,adservice=1;cartservice=1;checkoutservice=1;currencyservice=1;emailservice=1;frontend=1;paymentservice=1;productcatalogservice=1;recommendationservice=1;redis-cart=1;shippingservice=1,markov,stageC,cga,CGA,88,88.000,replay,mixed,1.034850,0.043709,7,1.012248,0.000000,0.347958,0.133792,,,0.000000,0.011892,0.011892,7,7,0,85.514118,85.514118,85.514118,85.514118,120.000000,0.000000,139.447368,0.613236,0.000000,20,,,,,,,,,
online-boutique,online-boutique-longmix-stageC-scale20-replica1-markov-steps500-20260612T140717Z,idyn-ob-scale20-replica1,scale20,replica1,adservice=1;cartservice=1;checkoutservice=1;currencyservice=1;emailservice=1;frontend=1;paymentservice=1;productcatalogservice=1;recommendationservice=1;redis-cart=1;shippingservice=1,markov,stageC,hda,HDA,88,88.000,replay,mixed,1.034850,0.043709,7,1.012248,0.000000,0.347958,0.133792,,,0.000000,0.011892,0.011892,7,7,0,79.878436,79.878436,79.878436,79.878436,120.000000,0.000000,139.447368,0.572821,0.000000,20,,,,,,,,,
online-boutique,online-boutique-longmix-stageC-scale20-replica1-markov-steps500-20260612T140717Z,idyn-ob-scale20-replica1,scale20,replica1,adservice=1;cartservice=1;checkoutservice=1;currencyservice=1;emailservice=1;frontend=1;paymentservice=1;productcatalogservice=1;recommendationservice=1;redis-cart=1;shippingservice=1,markov,stageC,kubernetes-default,K8s default,89,89.000,replay,mixed,1.011333,0.022725,7,1.012248,0.000000,0.347958,0.133792,,,0.000000,0.009518,0.009518,7,7,0,89.545620,89.545620,89.545620,89.545620,120.000000,0.000000,139.447368,0.642146,0.000000,20,,,,,,,,,
online-boutique,online-boutique-longmix-stageC-scale20-replica1-markov-steps500-20260612T140717Z,idyn-ob-scale20-replica1,scale20,replica1,adservice=1;cartservice=1;checkoutservice=1;currencyservice=1;emailservice=1;frontend=1;paymentservice=1;productcatalogservice=1;recommendationservice=1;redis-cart=1;shippingservice=1,markov,stageC,cga,CGA,89,89.000,replay,mixed,1.011333,0.022725,7,1.012248,0.000000,0.347958,0.133792,,,0.000000,0.009518,0.009518,7,7,0,78.184343,78.184343,78.184343,78.184343,120.000000,0.000000,139.447368,0.560673,0.000000,20,,,,,,,,,
online-boutique,online-boutique-longmix-stageC-scale20-replica1-markov-steps500-20260612T140717Z,idyn-ob-scale20-replica1,scale20,replica1,adservice=1;cartservice=1;checkoutservice=1;currencyservice=1;emailservice=1;frontend=1;paymentservice=1;productcatalogservice=1;recommendationservice=1;redis-cart=1;shippingservice=1,markov,stageC,hda,HDA,89,89.000,replay,mixed,1.011333,0.022725,7,1.012248,0.000000,0.347958,0.133792,,,0.000000,0.009518,0.009518,7,7,0,80.503112,80.503112,80.503112,80.503112,120.000000,0.000000,139.447368,0.577301,0.000000,20,,,,,,,,,
online-boutique,online-boutique-longmix-stageC-scale20-replica1-markov-steps500-20260612T140717Z,idyn-ob-scale20-replica1,scale20,replica1,adservice=1;cartservice=1;checkoutservice=1;currencyservice=1;emailservice=1;frontend=1;paymentservice=1;productcatalogservice=1;recommendationservice=1;redis-cart=1;shippingservice=1,markov,stageC,kubernetes-default,K8s default,90,90.000,replay,mixed,1.057853,0.043976,7,1.012248,0.000000,0.347958,0.133792,,,0.000000,0.009249,0.009249,7,7,0,92.029906,92.029906,92.029906,92.029906,120.000000,0.000000,139.447368,0.659962,0.000000,20,,,,,,,,,
online-boutique,online-boutique-longmix-stageC-scale20-replica1-markov-steps500-20260612T140717Z,idyn-ob-scale20-replica1,scale20,replica1,adservice=1;cartservice=1;checkoutservice=1;currencyservice=1;emailservice=1;frontend=1;paymentservice=1;productcatalogservice=1;recommendationservice=1;redis-cart=1;shippingservice=1,markov,stageC,cga,CGA,90,90.000,replay,mixed,1.057853,0.043976,7,1.012248,0.000000,0.347958,0.133792,,,0.000000,0.009249,0.009249,7,7,0,86.182068,86.182068,86.182068,86.182068,120.000000,0.000000,139.447368,0.618026,0.000000,20,,,,,,,,,
online-boutique,online-boutique-longmix-stageC-scale20-replica1-markov-steps500-20260612T140717Z,idyn-ob-scale20-replica1,scale20,replica1,adservice=1;cartservice=1;checkoutservice=1;currencyservice=1;emailservice=1;frontend=1;paymentservice=1;productcatalogservice=1;recommendationservice=1;redis-cart=1;shippingservice=1,markov,stageC,hda,HDA,90,90.000,replay,mixed,1.057853,0.043976,7,1.012248,0.000000,0.347958,0.133792,,,0.000000,0.009249,0.009249,7,7,0,83.058475,83.058475,83.058475,83.058475,120.000000,0.000000,139.447368,0.595626,0.000000,20,,,,,,,,,
online-boutique,online-boutique-longmix-stageC-scale20-replica1-markov-steps500-20260612T140717Z,idyn-ob-scale20-replica1,scale20,replica1,adservice=1;cartservice=1;checkoutservice=1;currencyservice=1;emailservice=1;frontend=1;paymentservice=1;productcatalogservice=1;recommendationservice=1;redis-cart=1;shippingservice=1,markov,stageC,kubernetes-default,K8s default,91,91.000,replay,mixed,1.067487,0.009025,7,1.012248,0.000000,0.347958,0.133792,,,0.000000,0.008555,0.008555,7,7,0,91.840999,91.840999,91.840999,91.840999,120.000000,0.000000,139.447368,0.658607,0.000000,20,,,,,,,,,
online-boutique,online-boutique-longmix-stageC-scale20-replica1-markov-steps500-20260612T140717Z,idyn-ob-scale20-replica1,scale20,replica1,adservice=1;cartservice=1;checkoutservice=1;currencyservice=1;emailservice=1;frontend=1;paymentservice=1;productcatalogservice=1;recommendationservice=1;redis-cart=1;shippingservice=1,markov,stageC,cga,CGA,91,91.000,replay,mixed,1.067487,0.009025,7,1.012248,0.000000,0.347958,0.133792,,,0.000000,0.008555,0.008555,7,7,0,86.983429,86.983429,86.983429,86.983429,120.000000,0.000000,139.447368,0.623772,0.000000,20,,,,,,,,,
online-boutique,online-boutique-longmix-stageC-scale20-replica1-markov-steps500-20260612T140717Z,idyn-ob-scale20-replica1,scale20,replica1,adservice=1;cartservice=1;checkoutservice=1;currencyservice=1;emailservice=1;frontend=1;paymentservice=1;productcatalogservice=1;recommendationservice=1;redis-cart=1;shippingservice=1,markov,stageC,hda,HDA,91,91.000,replay,mixed,1.067487,0.009025,7,1.012248,0.000000,0.347958,0.133792,,,0.000000,0.008555,0.008555,7,7,0,83.735776,83.735776,83.735776,83.735776,120.000000,0.000000,139.447368,0.600483,0.000000,20,,,,,,,,,
online-boutique,online-boutique-longmix-stageC-scale20-replica1-markov-steps500-20260612T140717Z,idyn-ob-scale20-replica1,scale20,replica1,adservice=1;cartservice=1;checkoutservice=1;currencyservice=1;emailservice=1;frontend=1;paymentservice=1;productcatalogservice=1;recommendationservice=1;redis-cart=1;shippingservice=1,markov,stageC,kubernetes-default,K8s default,92,92.000,replay,mixed,1.014792,0.049364,7,1.012248,0.000000,0.347958,0.133792,,,0.000000,0.008977,0.008977,7,7,0,85.684252,85.684252,85.684252,85.684252,120.000000,0.000000,139.447368,0.614456,0.000000,20,,,,,,,,,
online-boutique,online-boutique-longmix-stageC-scale20-replica1-markov-steps500-20260612T140717Z,idyn-ob-scale20-replica1,scale20,replica1,adservice=1;cartservice=1;checkoutservice=1;currencyservice=1;emailservice=1;frontend=1;paymentservice=1;productcatalogservice=1;recommendationservice=1;redis-cart=1;shippingservice=1,markov,stageC,cga,CGA,92,92.000,replay,mixed,1.014792,0.049364,7,1.012248,0.000000,0.347958,0.133792,,,0.000000,0.008977,0.008977,7,7,0,85.507312,85.507312,85.507312,85.507312,120.000000,0.000000,139.447368,0.613187,0.000000,20,,,,,,,,,
online-boutique,online-boutique-longmix-stageC-scale20-replica1-markov-steps500-20260612T140717Z,idyn-ob-scale20-replica1,scale20,replica1,adservice=1;cartservice=1;checkoutservice=1;currencyservice=1;emailservice=1;frontend=1;paymentservice=1;productcatalogservice=1;recommendationservice=1;redis-cart=1;shippingservice=1,markov,stageC,hda,HDA,92,92.000,replay,mixed,1.014792,0.049364,7,1.012248,0.000000,0.347958,0.133792,,,0.000000,0.008977,0.008977,7,7,0,80.390692,80.390692,80.390692,80.390692,120.000000,0.000000,139.447368,0.576495,0.000000,20,,,,,,,,,
online-boutique,online-boutique-longmix-stageC-scale20-replica1-markov-steps500-20260612T140717Z,idyn-ob-scale20-replica1,scale20,replica1,adservice=1;cartservice=1;checkoutservice=1;currencyservice=1;emailservice=1;frontend=1;paymentservice=1;productcatalogservice=1;recommendationservice=1;redis-cart=1;shippingservice=1,markov,stageC,kubernetes-default,K8s default,93,93.000,replay,mixed,1.001090,0.013502,7,1.012248,0.000000,0.347958,0.133792,,,0.000000,0.008657,0.008657,7,7,0,86.739057,86.739057,86.739057,86.739057,120.000000,0.000000,139.447368,0.622020,0.000000,20,,,,,,,,,
online-boutique,online-boutique-longmix-stageC-scale20-replica1-markov-steps500-20260612T140717Z,idyn-ob-scale20-replica1,scale20,replica1,adservice=1;cartservice=1;checkoutservice=1;currencyservice=1;emailservice=1;frontend=1;paymentservice=1;productcatalogservice=1;recommendationservice=1;redis-cart=1;shippingservice=1,markov,stageC,cga,CGA,93,93.000,replay,mixed,1.001090,0.013502,7,1.012248,0.000000,0.347958,0.133792,,,0.000000,0.008657,0.008657,7,7,0,84.255380,84.255380,84.255380,84.255380,120.000000,0.000000,139.447368,0.604209,0.000000,20,,,,,,,,,
online-boutique,online-boutique-longmix-stageC-scale20-replica1-markov-steps500-20260612T140717Z,idyn-ob-scale20-replica1,scale20,replica1,adservice=1;cartservice=1;checkoutservice=1;currencyservice=1;emailservice=1;frontend=1;paymentservice=1;productcatalogservice=1;recommendationservice=1;redis-cart=1;shippingservice=1,markov,stageC,hda,HDA,93,93.000,replay,mixed,1.001090,0.013502,7,1.012248,0.000000,0.347958,0.133792,,,0.000000,0.008657,0.008657,7,7,0,81.387099,81.387099,81.387099,81.387099,120.000000,0.000000,139.447368,0.583640,0.000000,20,,,,,,,,,
online-boutique,online-boutique-longmix-stageC-scale20-replica1-markov-steps500-20260612T140717Z,idyn-ob-scale20-replica1,scale20,replica1,adservice=1;cartservice=1;checkoutservice=1;currencyservice=1;emailservice=1;frontend=1;paymentservice=1;productcatalogservice=1;recommendationservice=1;redis-cart=1;shippingservice=1,markov,stageC,kubernetes-default,K8s default,94,94.000,replay,mixed,1.001183,0.000093,7,1.012248,0.000000,0.347958,0.133792,,,0.000000,0.008726,0.008726,7,7,0,86.287809,86.287809,86.287809,86.287809,120.000000,0.000000,139.447368,0.618784,0.000000,20,,,,,,,,,
online-boutique,online-boutique-longmix-stageC-scale20-replica1-markov-steps500-20260612T140717Z,idyn-ob-scale20-replica1,scale20,replica1,adservice=1;cartservice=1;checkoutservice=1;currencyservice=1;emailservice=1;frontend=1;paymentservice=1;productcatalogservice=1;recommendationservice=1;redis-cart=1;shippingservice=1,markov,stageC,cga,CGA,94,94.000,replay,mixed,1.001183,0.000093,7,1.012248,0.000000,0.347958,0.133792,,,0.000000,0.008726,0.008726,7,7,0,82.365598,82.365598,82.365598,82.365598,120.000000,0.000000,139.447368,0.590657,0.000000,20,,,,,,,,,
online-boutique,online-boutique-longmix-stageC-scale20-replica1-markov-steps500-20260612T140717Z,idyn-ob-scale20-replica1,scale20,replica1,adservice=1;cartservice=1;checkoutservice=1;currencyservice=1;emailservice=1;frontend=1;paymentservice=1;productcatalogservice=1;recommendationservice=1;redis-cart=1;shippingservice=1,markov,stageC,hda,HDA,94,94.000,replay,mixed,1.001183,0.000093,7,1.012248,0.000000,0.347958,0.133792,,,0.000000,0.008726,0.008726,7,7,0,76.855094,76.855094,76.855094,76.855094,120.000000,0.000000,139.447368,0.551141,0.000000,20,,,,,,,,,
online-boutique,online-boutique-longmix-stageC-scale20-replica1-markov-steps500-20260612T140717Z,idyn-ob-scale20-replica1,scale20,replica1,adservice=1;cartservice=1;checkoutservice=1;currencyservice=1;emailservice=1;frontend=1;paymentservice=1;productcatalogservice=1;recommendationservice=1;redis-cart=1;shippingservice=1,markov,stageC,kubernetes-default,K8s default,95,95.000,replay,mixed,1.043676,0.040715,7,1.012248,0.000000,0.347958,0.133792,,,0.000000,0.011852,0.011852,7,7,0,93.381068,93.381068,93.381068,93.381068,120.000000,0.000000,139.447368,0.669651,0.000000,20,,,,,,,,,
online-boutique,online-boutique-longmix-stageC-scale20-replica1-markov-steps500-20260612T140717Z,idyn-ob-scale20-replica1,scale20,replica1,adservice=1;cartservice=1;checkoutservice=1;currencyservice=1;emailservice=1;frontend=1;paymentservice=1;productcatalogservice=1;recommendationservice=1;redis-cart=1;shippingservice=1,markov,stageC,cga,CGA,95,95.000,replay,mixed,1.043676,0.040715,7,1.012248,0.000000,0.347958,0.133792,,,0.000000,0.011852,0.011852,7,7,0,85.013807,85.013807,85.013807,85.013807,120.000000,0.000000,139.447368,0.609648,0.000000,20,,,,,,,,,
online-boutique,online-boutique-longmix-stageC-scale20-replica1-markov-steps500-20260612T140717Z,idyn-ob-scale20-replica1,scale20,replica1,adservice=1;cartservice=1;checkoutservice=1;currencyservice=1;emailservice=1;frontend=1;paymentservice=1;productcatalogservice=1;recommendationservice=1;redis-cart=1;shippingservice=1,markov,stageC,hda,HDA,95,95.000,replay,mixed,1.043676,0.040715,7,1.012248,0.000000,0.347958,0.133792,,,0.000000,0.011852,0.011852,7,7,0,80.151589,80.151589,80.151589,80.151589,120.000000,0.000000,139.447368,0.574780,0.000000,20,,,,,,,,,
online-boutique,online-boutique-longmix-stageC-scale20-replica1-markov-steps500-20260612T140717Z,idyn-ob-scale20-replica1,scale20,replica1,adservice=1;cartservice=1;checkoutservice=1;currencyservice=1;emailservice=1;frontend=1;paymentservice=1;productcatalogservice=1;recommendationservice=1;redis-cart=1;shippingservice=1,markov,stageC,kubernetes-default,K8s default,96,96.000,replay,mixed,1.066668,0.727142,7,1.440440,0.800000,0.418771,0.479206,,,0.000000,0.011692,0.011692,7,7,0,128.112859,128.112859,128.112859,128.112859,120.000000,0.000000,145.947368,0.877802,0.000000,20,,,,,,,,,
online-boutique,online-boutique-longmix-stageC-scale20-replica1-markov-steps500-20260612T140717Z,idyn-ob-scale20-replica1,scale20,replica1,adservice=1;cartservice=1;checkoutservice=1;currencyservice=1;emailservice=1;frontend=1;paymentservice=1;productcatalogservice=1;recommendationservice=1;redis-cart=1;shippingservice=1,markov,stageC,cga,CGA,96,96.000,replay,mixed,1.066668,0.727142,7,1.440440,0.800000,0.418771,0.479206,,,0.000000,0.011692,0.011692,7,7,0,119.932685,119.932685,119.932685,119.932685,120.000000,0.000000,145.947368,0.821753,0.000000,20,,,,,,,,,
online-boutique,online-boutique-longmix-stageC-scale20-replica1-markov-steps500-20260612T140717Z,idyn-ob-scale20-replica1,scale20,replica1,adservice=1;cartservice=1;checkoutservice=1;currencyservice=1;emailservice=1;frontend=1;paymentservice=1;productcatalogservice=1;recommendationservice=1;redis-cart=1;shippingservice=1,markov,stageC,hda,HDA,96,96.000,replay,mixed,1.066668,0.727142,7,1.440440,0.800000,0.418771,0.479206,,,0.000000,0.011692,0.011692,7,7,0,113.829620,113.829620,113.829620,113.829620,120.000000,0.000000,145.947368,0.779936,0.000000,20,,,,,,,,,
online-boutique,online-boutique-longmix-stageC-scale20-replica1-markov-steps500-20260612T140717Z,idyn-ob-scale20-replica1,scale20,replica1,adservice=1;cartservice=1;checkoutservice=1;currencyservice=1;emailservice=1;frontend=1;paymentservice=1;productcatalogservice=1;recommendationservice=1;redis-cart=1;shippingservice=1,markov,stageC,kubernetes-default,K8s default,97,97.000,replay,mixed,1.002556,0.060105,7,1.440440,0.000000,0.418771,0.479206,,,0.000000,0.008786,0.008786,7,7,0,98.726136,98.726136,98.726136,98.726136,120.000000,0.000000,145.947368,0.676450,0.000000,20,,,,,,,,,
online-boutique,online-boutique-longmix-stageC-scale20-replica1-markov-steps500-20260612T140717Z,idyn-ob-scale20-replica1,scale20,replica1,adservice=1;cartservice=1;checkoutservice=1;currencyservice=1;emailservice=1;frontend=1;paymentservice=1;productcatalogservice=1;recommendationservice=1;redis-cart=1;shippingservice=1,markov,stageC,cga,CGA,97,97.000,replay,mixed,1.002556,0.060105,7,1.440440,0.000000,0.418771,0.479206,,,0.000000,0.008786,0.008786,7,7,0,91.214761,91.214761,91.214761,91.214761,120.000000,0.000000,145.947368,0.624984,0.000000,20,,,,,,,,,
online-boutique,online-boutique-longmix-stageC-scale20-replica1-markov-steps500-20260612T140717Z,idyn-ob-scale20-replica1,scale20,replica1,adservice=1;cartservice=1;checkoutservice=1;currencyservice=1;emailservice=1;frontend=1;paymentservice=1;productcatalogservice=1;recommendationservice=1;redis-cart=1;shippingservice=1,markov,stageC,hda,HDA,97,97.000,replay,mixed,1.002556,0.060105,7,1.440440,0.000000,0.418771,0.479206,,,0.000000,0.008786,0.008786,7,7,0,85.642973,85.642973,85.642973,85.642973,120.000000,0.000000,145.947368,0.586807,0.000000,20,,,,,,,,,
online-boutique,online-boutique-longmix-stageC-scale20-replica1-markov-steps500-20260612T140717Z,idyn-ob-scale20-replica1,scale20,replica1,adservice=1;cartservice=1;checkoutservice=1;currencyservice=1;emailservice=1;frontend=1;paymentservice=1;productcatalogservice=1;recommendationservice=1;redis-cart=1;shippingservice=1,markov,stageC,kubernetes-default,K8s default,98,98.000,replay,mixed,1.029555,0.026224,7,1.440440,0.000000,0.418771,0.479206,,,0.000000,0.008816,0.008816,7,7,0,93.946121,93.946121,93.946121,93.946121,120.000000,0.000000,145.947368,0.643699,0.000000,20,,,,,,,,,
online-boutique,online-boutique-longmix-stageC-scale20-replica1-markov-steps500-20260612T140717Z,idyn-ob-scale20-replica1,scale20,replica1,adservice=1;cartservice=1;checkoutservice=1;currencyservice=1;emailservice=1;frontend=1;paymentservice=1;productcatalogservice=1;recommendationservice=1;redis-cart=1;shippingservice=1,markov,stageC,cga,CGA,98,98.000,replay,mixed,1.029555,0.026224,7,1.440440,0.000000,0.418771,0.479206,,,0.000000,0.008816,0.008816,7,7,0,89.773850,89.773850,89.773850,89.773850,120.000000,0.000000,145.947368,0.615111,0.000000,20,,,,,,,,,
online-boutique,online-boutique-longmix-stageC-scale20-replica1-markov-steps500-20260612T140717Z,idyn-ob-scale20-replica1,scale20,replica1,adservice=1;cartservice=1;checkoutservice=1;currencyservice=1;emailservice=1;frontend=1;paymentservice=1;productcatalogservice=1;recommendationservice=1;redis-cart=1;shippingservice=1,markov,stageC,hda,HDA,98,98.000,replay,mixed,1.029555,0.026224,7,1.440440,0.000000,0.418771,0.479206,,,0.000000,0.008816,0.008816,7,7,0,83.024747,83.024747,83.024747,83.024747,120.000000,0.000000,145.947368,0.568868,0.000000,20,,,,,,,,,
online-boutique,online-boutique-longmix-stageC-scale20-replica1-markov-steps500-20260612T140717Z,idyn-ob-scale20-replica1,scale20,replica1,adservice=1;cartservice=1;checkoutservice=1;currencyservice=1;emailservice=1;frontend=1;paymentservice=1;productcatalogservice=1;recommendationservice=1;redis-cart=1;shippingservice=1,markov,stageC,kubernetes-default,K8s default,99,99.000,replay,mixed,0.989132,0.039262,7,1.440440,0.000000,0.418771,0.479206,,,0.000000,0.009839,0.009839,7,7,0,93.262395,93.262395,93.262395,93.262395,120.000000,0.000000,145.947368,0.639014,0.000000,20,,,,,,,,,
online-boutique,online-boutique-longmix-stageC-scale20-replica1-markov-steps500-20260612T140717Z,idyn-ob-scale20-replica1,scale20,replica1,adservice=1;cartservice=1;checkoutservice=1;currencyservice=1;emailservice=1;frontend=1;paymentservice=1;productcatalogservice=1;recommendationservice=1;redis-cart=1;shippingservice=1,markov,stageC,cga,CGA,99,99.000,replay,mixed,0.989132,0.039262,7,1.440440,0.000000,0.418771,0.479206,,,0.000000,0.009839,0.009839,7,7,0,87.595438,87.595438,87.595438,87.595438,120.000000,0.000000,145.947368,0.600185,0.000000,20,,,,,,,,,
online-boutique,online-boutique-longmix-stageC-scale20-replica1-markov-steps500-20260612T140717Z,idyn-ob-scale20-replica1,scale20,replica1,adservice=1;cartservice=1;checkoutservice=1;currencyservice=1;emailservice=1;frontend=1;paymentservice=1;productcatalogservice=1;recommendationservice=1;redis-cart=1;shippingservice=1,markov,stageC,hda,HDA,99,99.000,replay,mixed,0.989132,0.039262,7,1.440440,0.000000,0.418771,0.479206,,,0.000000,0.009839,0.009839,7,7,0,83.345025,83.345025,83.345025,83.345025,120.000000,0.000000,145.947368,0.571062,0.000000,20,,,,,,,,,
online-boutique,online-boutique-longmix-stageC-scale20-replica1-markov-steps500-20260612T140717Z,idyn-ob-scale20-replica1,scale20,replica1,adservice=1;cartservice=1;checkoutservice=1;currencyservice=1;emailservice=1;frontend=1;paymentservice=1;productcatalogservice=1;recommendationservice=1;redis-cart=1;shippingservice=1,markov,stageC,kubernetes-default,K8s default,100,100.000,replay,mixed,0.999976,0.010844,7,1.440440,0.000000,0.418771,0.479206,,,0.000000,0.012694,0.012694,7,7,0,92.987544,92.987544,92.987544,92.987544,120.000000,0.000000,145.947368,0.637131,0.000000,20,,,,,,,,,
online-boutique,online-boutique-longmix-stageC-scale20-replica1-markov-steps500-20260612T140717Z,idyn-ob-scale20-replica1,scale20,replica1,adservice=1;cartservice=1;checkoutservice=1;currencyservice=1;emailservice=1;frontend=1;paymentservice=1;productcatalogservice=1;recommendationservice=1;redis-cart=1;shippingservice=1,markov,stageC,cga,CGA,100,100.000,replay,mixed,0.999976,0.010844,7,1.440440,0.000000,0.418771,0.479206,,,0.000000,0.012694,0.012694,7,7,0,93.190914,93.190914,93.190914,93.190914,120.000000,0.000000,145.947368,0.638524,0.000000,20,,,,,,,,,
online-boutique,online-boutique-longmix-stageC-scale20-replica1-markov-steps500-20260612T140717Z,idyn-ob-scale20-replica1,scale20,replica1,adservice=1;cartservice=1;checkoutservice=1;currencyservice=1;emailservice=1;frontend=1;paymentservice=1;productcatalogservice=1;recommendationservice=1;redis-cart=1;shippingservice=1,markov,stageC,hda,HDA,100,100.000,replay,mixed,0.999976,0.010844,7,1.440440,0.000000,0.418771,0.479206,,,0.000000,0.012694,0.012694,7,7,0,85.478769,85.478769,85.478769,85.478769,120.000000,0.000000,145.947368,0.585682,0.000000,20,,,,,,,,,
online-boutique,online-boutique-longmix-stageC-scale20-replica1-markov-steps500-20260612T140717Z,idyn-ob-scale20-replica1,scale20,replica1,adservice=1;cartservice=1;checkoutservice=1;currencyservice=1;emailservice=1;frontend=1;paymentservice=1;productcatalogservice=1;recommendationservice=1;redis-cart=1;shippingservice=1,markov,stageC,kubernetes-default,K8s default,101,101.000,replay,mixed,1.015259,0.015053,7,1.440440,0.000000,0.418771,0.479206,,,0.000000,0.013555,0.013555,7,7,0,88.514129,88.514129,88.514129,88.514129,120.000000,0.000000,145.947368,0.606480,0.000000,20,,,,,,,,,
online-boutique,online-boutique-longmix-stageC-scale20-replica1-markov-steps500-20260612T140717Z,idyn-ob-scale20-replica1,scale20,replica1,adservice=1;cartservice=1;checkoutservice=1;currencyservice=1;emailservice=1;frontend=1;paymentservice=1;productcatalogservice=1;recommendationservice=1;redis-cart=1;shippingservice=1,markov,stageC,cga,CGA,101,101.000,replay,mixed,1.015259,0.015053,7,1.440440,0.000000,0.418771,0.479206,,,0.000000,0.013555,0.013555,7,7,0,83.501548,83.501548,83.501548,83.501548,120.000000,0.000000,145.947368,0.572135,0.000000,20,,,,,,,,,
online-boutique,online-boutique-longmix-stageC-scale20-replica1-markov-steps500-20260612T140717Z,idyn-ob-scale20-replica1,scale20,replica1,adservice=1;cartservice=1;checkoutservice=1;currencyservice=1;emailservice=1;frontend=1;paymentservice=1;productcatalogservice=1;recommendationservice=1;redis-cart=1;shippingservice=1,markov,stageC,hda,HDA,101,101.000,replay,mixed,1.015259,0.015053,7,1.440440,0.000000,0.418771,0.479206,,,0.000000,0.013555,0.013555,7,7,0,79.480776,79.480776,79.480776,79.480776,120.000000,0.000000,145.947368,0.544585,0.000000,20,,,,,,,,,
online-boutique,online-boutique-longmix-stageC-scale20-replica1-markov-steps500-20260612T140717Z,idyn-ob-scale20-replica1,scale20,replica1,adservice=1;cartservice=1;checkoutservice=1;currencyservice=1;emailservice=1;frontend=1;paymentservice=1;productcatalogservice=1;recommendationservice=1;redis-cart=1;shippingservice=1,markov,stageC,kubernetes-default,K8s default,102,102.000,replay,mixed,1.021240,0.005857,7,1.440440,0.000000,0.418771,0.479206,,,0.000000,0.008517,0.008517,7,7,0,94.217098,94.217098,94.217098,94.217098,120.000000,0.000000,145.947368,0.645555,0.000000,20,,,,,,,,,
online-boutique,online-boutique-longmix-stageC-scale20-replica1-markov-steps500-20260612T140717Z,idyn-ob-scale20-replica1,scale20,replica1,adservice=1;cartservice=1;checkoutservice=1;currencyservice=1;emailservice=1;frontend=1;paymentservice=1;productcatalogservice=1;recommendationservice=1;redis-cart=1;shippingservice=1,markov,stageC,cga,CGA,102,102.000,replay,mixed,1.021240,0.005857,7,1.440440,0.000000,0.418771,0.479206,,,0.000000,0.008517,0.008517,7,7,0,86.983334,86.983334,86.983334,86.983334,120.000000,0.000000,145.947368,0.595991,0.000000,20,,,,,,,,,
online-boutique,online-boutique-longmix-stageC-scale20-replica1-markov-steps500-20260612T140717Z,idyn-ob-scale20-replica1,scale20,replica1,adservice=1;cartservice=1;checkoutservice=1;currencyservice=1;emailservice=1;frontend=1;paymentservice=1;productcatalogservice=1;recommendationservice=1;redis-cart=1;shippingservice=1,markov,stageC,hda,HDA,102,102.000,replay,mixed,1.021240,0.005857,7,1.440440,0.000000,0.418771,0.479206,,,0.000000,0.008517,0.008517,7,7,0,84.175047,84.175047,84.175047,84.175047,120.000000,0.000000,145.947368,0.576749,0.000000,20,,,,,,,,,
online-boutique,online-boutique-longmix-stageC-scale20-replica1-markov-steps500-20260612T140717Z,idyn-ob-scale20-replica1,scale20,replica1,adservice=1;cartservice=1;checkoutservice=1;currencyservice=1;emailservice=1;frontend=1;paymentservice=1;productcatalogservice=1;recommendationservice=1;redis-cart=1;shippingservice=1,markov,stageC,kubernetes-default,K8s default,103,103.000,replay,mixed,0.976873,0.043444,7,1.440440,0.000000,0.418771,0.479206,,,0.000000,0.009036,0.009036,7,7,0,88.999568,88.999568,88.999568,88.999568,120.000000,0.000000,145.947368,0.609806,0.000000,20,,,,,,,,,
online-boutique,online-boutique-longmix-stageC-scale20-replica1-markov-steps500-20260612T140717Z,idyn-ob-scale20-replica1,scale20,replica1,adservice=1;cartservice=1;checkoutservice=1;currencyservice=1;emailservice=1;frontend=1;paymentservice=1;productcatalogservice=1;recommendationservice=1;redis-cart=1;shippingservice=1,markov,stageC,cga,CGA,103,103.000,replay,mixed,0.976873,0.043444,7,1.440440,0.000000,0.418771,0.479206,,,0.000000,0.009036,0.009036,7,7,0,88.722491,88.722491,88.722491,88.722491,120.000000,0.000000,145.947368,0.607907,0.000000,20,,,,,,,,,
online-boutique,online-boutique-longmix-stageC-scale20-replica1-markov-steps500-20260612T140717Z,idyn-ob-scale20-replica1,scale20,replica1,adservice=1;cartservice=1;checkoutservice=1;currencyservice=1;emailservice=1;frontend=1;paymentservice=1;productcatalogservice=1;recommendationservice=1;redis-cart=1;shippingservice=1,markov,stageC,hda,HDA,103,103.000,replay,mixed,0.976873,0.043444,7,1.440440,0.000000,0.418771,0.479206,,,0.000000,0.009036,0.009036,7,7,0,86.790129,86.790129,86.790129,86.790129,120.000000,0.000000,145.947368,0.594667,0.000000,20,,,,,,,,,
online-boutique,online-boutique-longmix-stageC-scale20-replica1-markov-steps500-20260612T140717Z,idyn-ob-scale20-replica1,scale20,replica1,adservice=1;cartservice=1;checkoutservice=1;currencyservice=1;emailservice=1;frontend=1;paymentservice=1;productcatalogservice=1;recommendationservice=1;redis-cart=1;shippingservice=1,markov,stageC,kubernetes-default,K8s default,104,104.000,replay,mixed,1.057244,0.076020,7,1.440440,0.000000,0.418771,0.479206,,,0.000000,0.008776,0.008776,7,7,0,101.655094,101.655094,101.655094,101.655094,120.000000,0.000000,145.947368,0.696519,0.000000,20,,,,,,,,,
online-boutique,online-boutique-longmix-stageC-scale20-replica1-markov-steps500-20260612T140717Z,idyn-ob-scale20-replica1,scale20,replica1,adservice=1;cartservice=1;checkoutservice=1;currencyservice=1;emailservice=1;frontend=1;paymentservice=1;productcatalogservice=1;recommendationservice=1;redis-cart=1;shippingservice=1,markov,stageC,cga,CGA,104,104.000,replay,mixed,1.057244,0.076020,7,1.440440,0.000000,0.418771,0.479206,,,0.000000,0.008776,0.008776,7,7,0,97.623759,97.623759,97.623759,97.623759,120.000000,0.000000,145.947368,0.668897,0.000000,20,,,,,,,,,
online-boutique,online-boutique-longmix-stageC-scale20-replica1-markov-steps500-20260612T140717Z,idyn-ob-scale20-replica1,scale20,replica1,adservice=1;cartservice=1;checkoutservice=1;currencyservice=1;emailservice=1;frontend=1;paymentservice=1;productcatalogservice=1;recommendationservice=1;redis-cart=1;shippingservice=1,markov,stageC,hda,HDA,104,104.000,replay,mixed,1.057244,0.076020,7,1.440440,0.000000,0.418771,0.479206,,,0.000000,0.008776,0.008776,7,7,0,87.171228,87.171228,87.171228,87.171228,120.000000,0.000000,145.947368,0.597279,0.000000,20,,,,,,,,,
online-boutique,online-boutique-longmix-stageC-scale20-replica1-markov-steps500-20260612T140717Z,idyn-ob-scale20-replica1,scale20,replica1,adservice=1;cartservice=1;checkoutservice=1;currencyservice=1;emailservice=1;frontend=1;paymentservice=1;productcatalogservice=1;recommendationservice=1;redis-cart=1;shippingservice=1,markov,stageC,kubernetes-default,K8s default,105,105.000,replay,mixed,1.056917,0.000309,7,1.440440,0.000000,0.418771,0.479206,,,0.000000,0.008536,0.008536,7,7,0,92.296846,92.296846,92.296846,92.296846,120.000000,0.000000,145.947368,0.632398,0.000000,20,,,,,,,,,
online-boutique,online-boutique-longmix-stageC-scale20-replica1-markov-steps500-20260612T140717Z,idyn-ob-scale20-replica1,scale20,replica1,adservice=1;cartservice=1;checkoutservice=1;currencyservice=1;emailservice=1;frontend=1;paymentservice=1;productcatalogservice=1;recommendationservice=1;redis-cart=1;shippingservice=1,markov,stageC,cga,CGA,105,105.000,replay,mixed,1.056917,0.000309,7,1.440440,0.000000,0.418771,0.479206,,,0.000000,0.008536,0.008536,7,7,0,90.663415,90.663415,90.663415,90.663415,120.000000,0.000000,145.947368,0.621206,0.000000,20,,,,,,,,,
online-boutique,online-boutique-longmix-stageC-scale20-replica1-markov-steps500-20260612T140717Z,idyn-ob-scale20-replica1,scale20,replica1,adservice=1;cartservice=1;checkoutservice=1;currencyservice=1;emailservice=1;frontend=1;paymentservice=1;productcatalogservice=1;recommendationservice=1;redis-cart=1;shippingservice=1,markov,stageC,hda,HDA,105,105.000,replay,mixed,1.056917,0.000309,7,1.440440,0.000000,0.418771,0.479206,,,0.000000,0.008536,0.008536,7,7,0,83.336682,83.336682,83.336682,83.336682,120.000000,0.000000,145.947368,0.571005,0.000000,20,,,,,,,,,
online-boutique,online-boutique-longmix-stageC-scale20-replica1-markov-steps500-20260612T140717Z,idyn-ob-scale20-replica1,scale20,replica1,adservice=1;cartservice=1;checkoutservice=1;currencyservice=1;emailservice=1;frontend=1;paymentservice=1;productcatalogservice=1;recommendationservice=1;redis-cart=1;shippingservice=1,markov,stageC,kubernetes-default,K8s default,106,106.000,replay,mixed,1.042625,0.710933,7,1.440440,0.800000,0.467762,1.918165,,,0.000000,0.008827,0.008827,7,7,0,105.634779,105.634779,105.634779,105.634779,120.000000,0.000000,119.947368,0.880676,0.000000,20,,,,,,,,,
online-boutique,online-boutique-longmix-stageC-scale20-replica1-markov-steps500-20260612T140717Z,idyn-ob-scale20-replica1,scale20,replica1,adservice=1;cartservice=1;checkoutservice=1;currencyservice=1;emailservice=1;frontend=1;paymentservice=1;productcatalogservice=1;recommendationservice=1;redis-cart=1;shippingservice=1,markov,stageC,cga,CGA,106,106.000,replay,mixed,1.042625,0.710933,7,1.440440,0.800000,0.467762,1.918165,,,0.000000,0.008827,0.008827,7,7,0,100.395540,100.395540,100.395540,100.395540,120.000000,0.000000,119.947368,0.836997,0.000000,20,,,,,,,,,
online-boutique,online-boutique-longmix-stageC-scale20-replica1-markov-steps500-20260612T140717Z,idyn-ob-scale20-replica1,scale20,replica1,adservice=1;cartservice=1;checkoutservice=1;currencyservice=1;emailservice=1;frontend=1;paymentservice=1;productcatalogservice=1;recommendationservice=1;redis-cart=1;shippingservice=1,markov,stageC,hda,HDA,106,106.000,replay,mixed,1.042625,0.710933,7,1.440440,0.800000,0.467762,1.918165,,,0.000000,0.008827,0.008827,7,7,0,93.376560,93.376560,93.376560,93.376560,120.000000,0.000000,119.947368,0.778479,0.000000,20,,,,,,,,,
online-boutique,online-boutique-longmix-stageC-scale20-replica1-markov-steps500-20260612T140717Z,idyn-ob-scale20-replica1,scale20,replica1,adservice=1;cartservice=1;checkoutservice=1;currencyservice=1;emailservice=1;frontend=1;paymentservice=1;productcatalogservice=1;recommendationservice=1;redis-cart=1;shippingservice=1,markov,stageC,kubernetes-default,K8s default,107,107.000,replay,mixed,1.063513,0.019640,7,1.440440,0.000000,0.467762,1.918165,,,0.000000,0.008467,0.008467,7,7,0,77.234999,77.234999,77.234999,77.234999,120.000000,0.000000,119.947368,0.643907,0.000000,20,,,,,,,,,
online-boutique,online-boutique-longmix-stageC-scale20-replica1-markov-steps500-20260612T140717Z,idyn-ob-scale20-replica1,scale20,replica1,adservice=1;cartservice=1;checkoutservice=1;currencyservice=1;emailservice=1;frontend=1;paymentservice=1;productcatalogservice=1;recommendationservice=1;redis-cart=1;shippingservice=1,markov,stageC,cga,CGA,107,107.000,replay,mixed,1.063513,0.019640,7,1.440440,0.000000,0.467762,1.918165,,,0.000000,0.008467,0.008467,7,7,0,65.316072,65.316072,65.316072,65.316072,120.000000,0.000000,119.947368,0.544539,0.000000,20,,,,,,,,,
online-boutique,online-boutique-longmix-stageC-scale20-replica1-markov-steps500-20260612T140717Z,idyn-ob-scale20-replica1,scale20,replica1,adservice=1;cartservice=1;checkoutservice=1;currencyservice=1;emailservice=1;frontend=1;paymentservice=1;productcatalogservice=1;recommendationservice=1;redis-cart=1;shippingservice=1,markov,stageC,hda,HDA,107,107.000,replay,mixed,1.063513,0.019640,7,1.440440,0.000000,0.467762,1.918165,,,0.000000,0.008467,0.008467,7,7,0,66.063086,66.063086,66.063086,66.063086,120.000000,0.000000,119.947368,0.550767,0.000000,20,,,,,,,,,
online-boutique,online-boutique-longmix-stageC-scale20-replica1-markov-steps500-20260612T140717Z,idyn-ob-scale20-replica1,scale20,replica1,adservice=1;cartservice=1;checkoutservice=1;currencyservice=1;emailservice=1;frontend=1;paymentservice=1;productcatalogservice=1;recommendationservice=1;redis-cart=1;shippingservice=1,markov,stageC,kubernetes-default,K8s default,108,108.000,replay,mixed,1.020336,0.581377,7,1.368091,0.800000,0.411186,0.478705,,,0.000000,0.011872,0.011872,7,7,0,107.638794,107.638794,107.638794,107.638794,120.000000,0.000000,132.947368,0.809635,0.000000,20,,,,,,,,,
online-boutique,online-boutique-longmix-stageC-scale20-replica1-markov-steps500-20260612T140717Z,idyn-ob-scale20-replica1,scale20,replica1,adservice=1;cartservice=1;checkoutservice=1;currencyservice=1;emailservice=1;frontend=1;paymentservice=1;productcatalogservice=1;recommendationservice=1;redis-cart=1;shippingservice=1,markov,stageC,cga,CGA,108,108.000,replay,mixed,1.020336,0.581377,7,1.368091,0.800000,0.411186,0.478705,,,0.000000,0.011872,0.011872,7,7,0,101.824604,101.824604,101.824604,101.824604,120.000000,0.000000,132.947368,0.765902,0.000000,20,,,,,,,,,
online-boutique,online-boutique-longmix-stageC-scale20-replica1-markov-steps500-20260612T140717Z,idyn-ob-scale20-replica1,scale20,replica1,adservice=1;cartservice=1;checkoutservice=1;currencyservice=1;emailservice=1;frontend=1;paymentservice=1;productcatalogservice=1;recommendationservice=1;redis-cart=1;shippingservice=1,markov,stageC,hda,HDA,108,108.000,replay,mixed,1.020336,0.581377,7,1.368091,0.800000,0.411186,0.478705,,,0.000000,0.011872,0.011872,7,7,0,95.427130,95.427130,95.427130,95.427130,120.000000,0.000000,132.947368,0.717781,0.000000,20,,,,,,,,,
online-boutique,online-boutique-longmix-stageC-scale20-replica1-markov-steps500-20260612T140717Z,idyn-ob-scale20-replica1,scale20,replica1,adservice=1;cartservice=1;checkoutservice=1;currencyservice=1;emailservice=1;frontend=1;paymentservice=1;productcatalogservice=1;recommendationservice=1;redis-cart=1;shippingservice=1,markov,stageC,kubernetes-default,K8s default,109,109.000,replay,mixed,0.989926,0.029803,7,1.368091,0.000000,0.411186,0.478705,,,0.000000,0.008646,0.008646,7,7,0,80.639359,80.639359,80.639359,80.639359,120.000000,0.000000,132.947368,0.606551,0.000000,20,,,,,,,,,
online-boutique,online-boutique-longmix-stageC-scale20-replica1-markov-steps500-20260612T140717Z,idyn-ob-scale20-replica1,scale20,replica1,adservice=1;cartservice=1;checkoutservice=1;currencyservice=1;emailservice=1;frontend=1;paymentservice=1;productcatalogservice=1;recommendationservice=1;redis-cart=1;shippingservice=1,markov,stageC,cga,CGA,109,109.000,replay,mixed,0.989926,0.029803,7,1.368091,0.000000,0.411186,0.478705,,,0.000000,0.008646,0.008646,7,7,0,83.826050,83.826050,83.826050,83.826050,120.000000,0.000000,132.947368,0.630521,0.000000,20,,,,,,,,,
online-boutique,online-boutique-longmix-stageC-scale20-replica1-markov-steps500-20260612T140717Z,idyn-ob-scale20-replica1,scale20,replica1,adservice=1;cartservice=1;checkoutservice=1;currencyservice=1;emailservice=1;frontend=1;paymentservice=1;productcatalogservice=1;recommendationservice=1;redis-cart=1;shippingservice=1,markov,stageC,hda,HDA,109,109.000,replay,mixed,0.989926,0.029803,7,1.368091,0.000000,0.411186,0.478705,,,0.000000,0.008646,0.008646,7,7,0,79.625685,79.625685,79.625685,79.625685,120.000000,0.000000,132.947368,0.598926,0.000000,20,,,,,,,,,
online-boutique,online-boutique-longmix-stageC-scale20-replica1-markov-steps500-20260612T140717Z,idyn-ob-scale20-replica1,scale20,replica1,adservice=1;cartservice=1;checkoutservice=1;currencyservice=1;emailservice=1;frontend=1;paymentservice=1;productcatalogservice=1;recommendationservice=1;redis-cart=1;shippingservice=1,markov,stageC,kubernetes-default,K8s default,110,110.000,replay,mixed,0.983596,0.006395,7,1.368091,0.000000,0.411186,0.478705,,,0.000000,0.008476,0.008476,7,7,0,83.357053,83.357053,83.357053,83.357053,120.000000,0.000000,132.947368,0.626993,0.000000,20,,,,,,,,,
online-boutique,online-boutique-longmix-stageC-scale20-replica1-markov-steps500-20260612T140717Z,idyn-ob-scale20-replica1,scale20,replica1,adservice=1;cartservice=1;checkoutservice=1;currencyservice=1;emailservice=1;frontend=1;paymentservice=1;productcatalogservice=1;recommendationservice=1;redis-cart=1;shippingservice=1,markov,stageC,cga,CGA,110,110.000,replay,mixed,0.983596,0.006395,7,1.368091,0.000000,0.411186,0.478705,,,0.000000,0.008476,0.008476,7,7,0,78.483661,78.483661,78.483661,78.483661,120.000000,0.000000,132.947368,0.590336,0.000000,20,,,,,,,,,
online-boutique,online-boutique-longmix-stageC-scale20-replica1-markov-steps500-20260612T140717Z,idyn-ob-scale20-replica1,scale20,replica1,adservice=1;cartservice=1;checkoutservice=1;currencyservice=1;emailservice=1;frontend=1;paymentservice=1;productcatalogservice=1;recommendationservice=1;redis-cart=1;shippingservice=1,markov,stageC,hda,HDA,110,110.000,replay,mixed,0.983596,0.006395,7,1.368091,0.000000,0.411186,0.478705,,,0.000000,0.008476,0.008476,7,7,0,76.322940,76.322940,76.322940,76.322940,120.000000,0.000000,132.947368,0.574084,0.000000,20,,,,,,,,,
online-boutique,online-boutique-longmix-stageC-scale20-replica1-markov-steps500-20260612T140717Z,idyn-ob-scale20-replica1,scale20,replica1,adservice=1;cartservice=1;checkoutservice=1;currencyservice=1;emailservice=1;frontend=1;paymentservice=1;productcatalogservice=1;recommendationservice=1;redis-cart=1;shippingservice=1,markov,stageC,kubernetes-default,K8s default,111,111.000,replay,mixed,1.007996,0.579035,7,1.440440,0.800000,0.467762,1.918165,,,0.000000,0.008647,0.008647,7,7,0,97.461622,97.461622,97.461622,97.461622,120.000000,0.000000,119.947368,0.812537,0.000000,20,,,,,,,,,
online-boutique,online-boutique-longmix-stageC-scale20-replica1-markov-steps500-20260612T140717Z,idyn-ob-scale20-replica1,scale20,replica1,adservice=1;cartservice=1;checkoutservice=1;currencyservice=1;emailservice=1;frontend=1;paymentservice=1;productcatalogservice=1;recommendationservice=1;redis-cart=1;shippingservice=1,markov,stageC,cga,CGA,111,111.000,replay,mixed,1.007996,0.579035,7,1.440440,0.800000,0.467762,1.918165,,,0.000000,0.008647,0.008647,7,7,0,91.880266,91.880266,91.880266,91.880266,120.000000,0.000000,119.947368,0.766005,0.000000,20,,,,,,,,,
online-boutique,online-boutique-longmix-stageC-scale20-replica1-markov-steps500-20260612T140717Z,idyn-ob-scale20-replica1,scale20,replica1,adservice=1;cartservice=1;checkoutservice=1;currencyservice=1;emailservice=1;frontend=1;paymentservice=1;productcatalogservice=1;recommendationservice=1;redis-cart=1;shippingservice=1,markov,stageC,hda,HDA,111,111.000,replay,mixed,1.007996,0.579035,7,1.440440,0.800000,0.467762,1.918165,,,0.000000,0.008647,0.008647,7,7,0,88.885062,88.885062,88.885062,88.885062,120.000000,0.000000,119.947368,0.741034,0.000000,20,,,,,,,,,
online-boutique,online-boutique-longmix-stageC-scale20-replica1-markov-steps500-20260612T140717Z,idyn-ob-scale20-replica1,scale20,replica1,adservice=1;cartservice=1;checkoutservice=1;currencyservice=1;emailservice=1;frontend=1;paymentservice=1;productcatalogservice=1;recommendationservice=1;redis-cart=1;shippingservice=1,markov,stageC,kubernetes-default,K8s default,112,112.000,replay,mixed,0.991196,0.016667,7,1.440440,0.000000,0.467762,1.918165,,,0.000000,0.011401,0.011401,7,7,0,74.103020,74.103020,74.103020,74.103020,120.000000,0.000000,119.947368,0.617796,0.000000,20,,,,,,,,,
online-boutique,online-boutique-longmix-stageC-scale20-replica1-markov-steps500-20260612T140717Z,idyn-ob-scale20-replica1,scale20,replica1,adservice=1;cartservice=1;checkoutservice=1;currencyservice=1;emailservice=1;frontend=1;paymentservice=1;productcatalogservice=1;recommendationservice=1;redis-cart=1;shippingservice=1,markov,stageC,cga,CGA,112,112.000,replay,mixed,0.991196,0.016667,7,1.440440,0.000000,0.467762,1.918165,,,0.000000,0.011401,0.011401,7,7,0,67.472363,67.472363,67.472363,67.472363,120.000000,0.000000,119.947368,0.562516,0.000000,20,,,,,,,,,
online-boutique,online-boutique-longmix-stageC-scale20-replica1-markov-steps500-20260612T140717Z,idyn-ob-scale20-replica1,scale20,replica1,adservice=1;cartservice=1;checkoutservice=1;currencyservice=1;emailservice=1;frontend=1;paymentservice=1;productcatalogservice=1;recommendationservice=1;redis-cart=1;shippingservice=1,markov,stageC,hda,HDA,112,112.000,replay,mixed,0.991196,0.016667,7,1.440440,0.000000,0.467762,1.918165,,,0.000000,0.011401,0.011401,7,7,0,62.254713,62.254713,62.254713,62.254713,120.000000,0.000000,119.947368,0.519017,0.000000,20,,,,,,,,,
online-boutique,online-boutique-longmix-stageC-scale20-replica1-markov-steps500-20260612T140717Z,idyn-ob-scale20-replica1,scale20,replica1,adservice=1;cartservice=1;checkoutservice=1;currencyservice=1;emailservice=1;frontend=1;paymentservice=1;productcatalogservice=1;recommendationservice=1;redis-cart=1;shippingservice=1,markov,stageC,kubernetes-default,K8s default,113,113.000,replay,mixed,1.013352,0.712286,7,1.440440,0.800000,0.418771,0.479206,,,0.000000,0.008787,0.008787,7,7,0,128.453981,128.453981,128.453981,128.453981,120.000000,0.000000,145.947368,0.880139,0.000000,20,,,,,,,,,
online-boutique,online-boutique-longmix-stageC-scale20-replica1-markov-steps500-20260612T140717Z,idyn-ob-scale20-replica1,scale20,replica1,adservice=1;cartservice=1;checkoutservice=1;currencyservice=1;emailservice=1;frontend=1;paymentservice=1;productcatalogservice=1;recommendationservice=1;redis-cart=1;shippingservice=1,markov,stageC,cga,CGA,113,113.000,replay,mixed,1.013352,0.712286,7,1.440440,0.800000,0.418771,0.479206,,,0.000000,0.008787,0.008787,7,7,0,116.784318,116.784318,116.784318,116.784318,120.000000,0.000000,145.947368,0.800181,0.000000,20,,,,,,,,,
online-boutique,online-boutique-longmix-stageC-scale20-replica1-markov-steps500-20260612T140717Z,idyn-ob-scale20-replica1,scale20,replica1,adservice=1;cartservice=1;checkoutservice=1;currencyservice=1;emailservice=1;frontend=1;paymentservice=1;productcatalogservice=1;recommendationservice=1;redis-cart=1;shippingservice=1,markov,stageC,hda,HDA,113,113.000,replay,mixed,1.013352,0.712286,7,1.440440,0.800000,0.418771,0.479206,,,0.000000,0.008787,0.008787,7,7,0,110.799258,110.799258,110.799258,110.799258,120.000000,0.000000,145.947368,0.759173,0.000000,20,,,,,,,,,
online-boutique,online-boutique-longmix-stageC-scale20-replica1-markov-steps500-20260612T140717Z,idyn-ob-scale20-replica1,scale20,replica1,adservice=1;cartservice=1;checkoutservice=1;currencyservice=1;emailservice=1;frontend=1;paymentservice=1;productcatalogservice=1;recommendationservice=1;redis-cart=1;shippingservice=1,markov,stageC,kubernetes-default,K8s default,114,114.000,replay,mixed,0.996016,0.727757,7,1.012248,0.800000,0.347958,0.133792,,,0.000000,0.015008,0.015008,7,7,0,122.929303,122.929303,122.929303,122.929303,120.000000,0.000000,139.447368,0.881546,0.000000,20,,,,,,,,,
online-boutique,online-boutique-longmix-stageC-scale20-replica1-markov-steps500-20260612T140717Z,idyn-ob-scale20-replica1,scale20,replica1,adservice=1;cartservice=1;checkoutservice=1;currencyservice=1;emailservice=1;frontend=1;paymentservice=1;productcatalogservice=1;recommendationservice=1;redis-cart=1;shippingservice=1,markov,stageC,cga,CGA,114,114.000,replay,mixed,0.996016,0.727757,7,1.012248,0.800000,0.347958,0.133792,,,0.000000,0.015008,0.015008,7,7,0,113.255471,113.255471,113.255471,113.255471,120.000000,0.000000,139.447368,0.812174,0.000000,20,,,,,,,,,
online-boutique,online-boutique-longmix-stageC-scale20-replica1-markov-steps500-20260612T140717Z,idyn-ob-scale20-replica1,scale20,replica1,adservice=1;cartservice=1;checkoutservice=1;currencyservice=1;emailservice=1;frontend=1;paymentservice=1;productcatalogservice=1;recommendationservice=1;redis-cart=1;shippingservice=1,markov,stageC,hda,HDA,114,114.000,replay,mixed,0.996016,0.727757,7,1.012248,0.800000,0.347958,0.133792,,,0.000000,0.015008,0.015008,7,7,0,111.453105,111.453105,111.453105,111.453105,120.000000,0.000000,139.447368,0.799249,0.000000,20,,,,,,,,,
online-boutique,online-boutique-longmix-stageC-scale20-replica1-markov-steps500-20260612T140717Z,idyn-ob-scale20-replica1,scale20,replica1,adservice=1;cartservice=1;checkoutservice=1;currencyservice=1;emailservice=1;frontend=1;paymentservice=1;productcatalogservice=1;recommendationservice=1;redis-cart=1;shippingservice=1,markov,stageC,kubernetes-default,K8s default,115,115.000,replay,mixed,1.000893,0.004873,7,1.012248,0.000000,0.347958,0.133792,,,0.000000,0.011552,0.011552,7,7,0,86.621773,86.621773,86.621773,86.621773,120.000000,0.000000,139.447368,0.621179,0.000000,20,,,,,,,,,
online-boutique,online-boutique-longmix-stageC-scale20-replica1-markov-steps500-20260612T140717Z,idyn-ob-scale20-replica1,scale20,replica1,adservice=1;cartservice=1;checkoutservice=1;currencyservice=1;emailservice=1;frontend=1;paymentservice=1;productcatalogservice=1;recommendationservice=1;redis-cart=1;shippingservice=1,markov,stageC,cga,CGA,115,115.000,replay,mixed,1.000893,0.004873,7,1.012248,0.000000,0.347958,0.133792,,,0.000000,0.011552,0.011552,7,7,0,85.096937,85.096937,85.096937,85.096937,120.000000,0.000000,139.447368,0.610244,0.000000,20,,,,,,,,,
online-boutique,online-boutique-longmix-stageC-scale20-replica1-markov-steps500-20260612T140717Z,idyn-ob-scale20-replica1,scale20,replica1,adservice=1;cartservice=1;checkoutservice=1;currencyservice=1;emailservice=1;frontend=1;paymentservice=1;productcatalogservice=1;recommendationservice=1;redis-cart=1;shippingservice=1,markov,stageC,hda,HDA,115,115.000,replay,mixed,1.000893,0.004873,7,1.012248,0.000000,0.347958,0.133792,,,0.000000,0.011552,0.011552,7,7,0,80.074163,80.074163,80.074163,80.074163,120.000000,0.000000,139.447368,0.574225,0.000000,20,,,,,,,,,
online-boutique,online-boutique-longmix-stageC-scale20-replica1-markov-steps500-20260612T140717Z,idyn-ob-scale20-replica1,scale20,replica1,adservice=1;cartservice=1;checkoutservice=1;currencyservice=1;emailservice=1;frontend=1;paymentservice=1;productcatalogservice=1;recommendationservice=1;redis-cart=1;shippingservice=1,markov,stageC,kubernetes-default,K8s default,116,116.000,replay,mixed,0.982872,0.018005,7,1.012248,0.000000,0.347958,0.133792,,,0.000000,0.008526,0.008526,7,7,0,86.035416,86.035416,86.035416,86.035416,120.000000,0.000000,139.447368,0.616974,0.000000,20,,,,,,,,,
online-boutique,online-boutique-longmix-stageC-scale20-replica1-markov-steps500-20260612T140717Z,idyn-ob-scale20-replica1,scale20,replica1,adservice=1;cartservice=1;checkoutservice=1;currencyservice=1;emailservice=1;frontend=1;paymentservice=1;productcatalogservice=1;recommendationservice=1;redis-cart=1;shippingservice=1,markov,stageC,cga,CGA,116,116.000,replay,mixed,0.982872,0.018005,7,1.012248,0.000000,0.347958,0.133792,,,0.000000,0.008526,0.008526,7,7,0,85.787437,85.787437,85.787437,85.787437,120.000000,0.000000,139.447368,0.615196,0.000000,20,,,,,,,,,
online-boutique,online-boutique-longmix-stageC-scale20-replica1-markov-steps500-20260612T140717Z,idyn-ob-scale20-replica1,scale20,replica1,adservice=1;cartservice=1;checkoutservice=1;currencyservice=1;emailservice=1;frontend=1;paymentservice=1;productcatalogservice=1;recommendationservice=1;redis-cart=1;shippingservice=1,markov,stageC,hda,HDA,116,116.000,replay,mixed,0.982872,0.018005,7,1.012248,0.000000,0.347958,0.133792,,,0.000000,0.008526,0.008526,7,7,0,78.868319,78.868319,78.868319,78.868319,120.000000,0.000000,139.447368,0.565578,0.000000,20,,,,,,,,,
online-boutique,online-boutique-longmix-stageC-scale20-replica1-markov-steps500-20260612T140717Z,idyn-ob-scale20-replica1,scale20,replica1,adservice=1;cartservice=1;checkoutservice=1;currencyservice=1;emailservice=1;frontend=1;paymentservice=1;productcatalogservice=1;recommendationservice=1;redis-cart=1;shippingservice=1,markov,stageC,kubernetes-default,K8s default,117,117.000,replay,mixed,1.013392,0.030116,7,1.012248,0.000000,0.347958,0.133792,,,0.000000,0.008606,0.008606,7,7,0,92.817767,92.817767,92.817767,92.817767,120.000000,0.000000,139.447368,0.665611,0.000000,20,,,,,,,,,
online-boutique,online-boutique-longmix-stageC-scale20-replica1-markov-steps500-20260612T140717Z,idyn-ob-scale20-replica1,scale20,replica1,adservice=1;cartservice=1;checkoutservice=1;currencyservice=1;emailservice=1;frontend=1;paymentservice=1;productcatalogservice=1;recommendationservice=1;redis-cart=1;shippingservice=1,markov,stageC,cga,CGA,117,117.000,replay,mixed,1.013392,0.030116,7,1.012248,0.000000,0.347958,0.133792,,,0.000000,0.008606,0.008606,7,7,0,84.571808,84.571808,84.571808,84.571808,120.000000,0.000000,139.447368,0.606478,0.000000,20,,,,,,,,,
online-boutique,online-boutique-longmix-stageC-scale20-replica1-markov-steps500-20260612T140717Z,idyn-ob-scale20-replica1,scale20,replica1,adservice=1;cartservice=1;checkoutservice=1;currencyservice=1;emailservice=1;frontend=1;paymentservice=1;productcatalogservice=1;recommendationservice=1;redis-cart=1;shippingservice=1,markov,stageC,hda,HDA,117,117.000,replay,mixed,1.013392,0.030116,7,1.012248,0.000000,0.347958,0.133792,,,0.000000,0.008606,0.008606,7,7,0,80.805496,80.805496,80.805496,80.805496,120.000000,0.000000,139.447368,0.579469,0.000000,20,,,,,,,,,
online-boutique,online-boutique-longmix-stageC-scale20-replica1-markov-steps500-20260612T140717Z,idyn-ob-scale20-replica1,scale20,replica1,adservice=1;cartservice=1;checkoutservice=1;currencyservice=1;emailservice=1;frontend=1;paymentservice=1;productcatalogservice=1;recommendationservice=1;redis-cart=1;shippingservice=1,markov,stageC,kubernetes-default,K8s default,118,118.000,replay,mixed,0.990079,0.639480,7,1.440440,0.500000,0.467762,1.918165,,,0.000000,0.008376,0.008376,7,7,0,98.081107,98.081107,98.081107,98.081107,120.000000,0.000000,119.947368,0.817701,0.000000,20,,,,,,,,,
online-boutique,online-boutique-longmix-stageC-scale20-replica1-markov-steps500-20260612T140717Z,idyn-ob-scale20-replica1,scale20,replica1,adservice=1;cartservice=1;checkoutservice=1;currencyservice=1;emailservice=1;frontend=1;paymentservice=1;productcatalogservice=1;recommendationservice=1;redis-cart=1;shippingservice=1,markov,stageC,cga,CGA,118,118.000,replay,mixed,0.990079,0.639480,7,1.440440,0.500000,0.467762,1.918165,,,0.000000,0.008376,0.008376,7,7,0,94.809055,94.809055,94.809055,94.809055,120.000000,0.000000,119.947368,0.790422,0.000000,20,,,,,,,,,
online-boutique,online-boutique-longmix-stageC-scale20-replica1-markov-steps500-20260612T140717Z,idyn-ob-scale20-replica1,scale20,replica1,adservice=1;cartservice=1;checkoutservice=1;currencyservice=1;emailservice=1;frontend=1;paymentservice=1;productcatalogservice=1;recommendationservice=1;redis-cart=1;shippingservice=1,markov,stageC,hda,HDA,118,118.000,replay,mixed,0.990079,0.639480,7,1.440440,0.500000,0.467762,1.918165,,,0.000000,0.008376,0.008376,7,7,0,92.865614,92.865614,92.865614,92.865614,120.000000,0.000000,119.947368,0.774220,0.000000,20,,,,,,,,,
online-boutique,online-boutique-longmix-stageC-scale20-replica1-markov-steps500-20260612T140717Z,idyn-ob-scale20-replica1,scale20,replica1,adservice=1;cartservice=1;checkoutservice=1;currencyservice=1;emailservice=1;frontend=1;paymentservice=1;productcatalogservice=1;recommendationservice=1;redis-cart=1;shippingservice=1,markov,stageC,kubernetes-default,K8s default,119,119.000,replay,mixed,1.011258,0.821144,14,1.525982,1.000000,0.344308,0.539631,,,0.000000,0.023203,0.023203,11,14,0,159.340220,159.340220,159.340220,159.340220,120.000000,0.000000,191.447368,0.832293,0.000000,20,,,,,,,,,
online-boutique,online-boutique-longmix-stageC-scale20-replica1-markov-steps500-20260612T140717Z,idyn-ob-scale20-replica1,scale20,replica1,adservice=1;cartservice=1;checkoutservice=1;currencyservice=1;emailservice=1;frontend=1;paymentservice=1;productcatalogservice=1;recommendationservice=1;redis-cart=1;shippingservice=1,markov,stageC,cga,CGA,119,119.000,replay,mixed,1.011258,0.821144,14,1.525982,1.000000,0.344308,0.539631,,,0.000000,0.023203,0.023203,11,14,0,156.053183,156.053183,156.053183,156.053183,120.000000,0.000000,191.447368,0.815123,0.000000,20,,,,,,,,,
online-boutique,online-boutique-longmix-stageC-scale20-replica1-markov-steps500-20260612T140717Z,idyn-ob-scale20-replica1,scale20,replica1,adservice=1;cartservice=1;checkoutservice=1;currencyservice=1;emailservice=1;frontend=1;paymentservice=1;productcatalogservice=1;recommendationservice=1;redis-cart=1;shippingservice=1,markov,stageC,hda,HDA,119,119.000,replay,mixed,1.011258,0.821144,14,1.525982,1.000000,0.344308,0.539631,,,0.000000,0.023203,0.023203,11,14,0,146.762745,146.762745,146.762745,146.762745,120.000000,0.000000,191.447368,0.766596,0.000000,20,,,,,,,,,
online-boutique,online-boutique-longmix-stageC-scale20-replica1-markov-steps500-20260612T140717Z,idyn-ob-scale20-replica1,scale20,replica1,adservice=1;cartservice=1;checkoutservice=1;currencyservice=1;emailservice=1;frontend=1;paymentservice=1;productcatalogservice=1;recommendationservice=1;redis-cart=1;shippingservice=1,markov,stageC,kubernetes-default,K8s default,120,120.000,replay,mixed,0.982145,0.745493,7,1.440440,0.800000,0.418771,0.479206,,,0.000000,0.008586,0.008586,7,7,0,122.369148,122.369148,122.369148,122.369148,120.000000,0.000000,145.947368,0.838447,0.000000,20,,,,,,,,,
online-boutique,online-boutique-longmix-stageC-scale20-replica1-markov-steps500-20260612T140717Z,idyn-ob-scale20-replica1,scale20,replica1,adservice=1;cartservice=1;checkoutservice=1;currencyservice=1;emailservice=1;frontend=1;paymentservice=1;productcatalogservice=1;recommendationservice=1;redis-cart=1;shippingservice=1,markov,stageC,cga,CGA,120,120.000,replay,mixed,0.982145,0.745493,7,1.440440,0.800000,0.418771,0.479206,,,0.000000,0.008586,0.008586,7,7,0,120.298405,120.298405,120.298405,120.298405,120.000000,0.000000,145.947368,0.824259,0.000000,20,,,,,,,,,
online-boutique,online-boutique-longmix-stageC-scale20-replica1-markov-steps500-20260612T140717Z,idyn-ob-scale20-replica1,scale20,replica1,adservice=1;cartservice=1;checkoutservice=1;currencyservice=1;emailservice=1;frontend=1;paymentservice=1;productcatalogservice=1;recommendationservice=1;redis-cart=1;shippingservice=1,markov,stageC,hda,HDA,120,120.000,replay,mixed,0.982145,0.745493,7,1.440440,0.800000,0.418771,0.479206,,,0.000000,0.008586,0.008586,7,7,0,106.582538,106.582538,106.582538,106.582538,120.000000,0.000000,145.947368,0.730281,0.000000,20,,,,,,,,,
online-boutique,online-boutique-longmix-stageC-scale20-replica1-markov-steps500-20260612T140717Z,idyn-ob-scale20-replica1,scale20,replica1,adservice=1;cartservice=1;checkoutservice=1;currencyservice=1;emailservice=1;frontend=1;paymentservice=1;productcatalogservice=1;recommendationservice=1;redis-cart=1;shippingservice=1,markov,stageC,kubernetes-default,K8s default,121,121.000,replay,mixed,1.024005,0.040879,7,1.440440,0.000000,0.418771,0.479206,,,0.000000,0.009078,0.009078,7,7,0,96.840960,96.840960,96.840960,96.840960,120.000000,0.000000,145.947368,0.663533,0.000000,20,,,,,,,,,
online-boutique,online-boutique-longmix-stageC-scale20-replica1-markov-steps500-20260612T140717Z,idyn-ob-scale20-replica1,scale20,replica1,adservice=1;cartservice=1;checkoutservice=1;currencyservice=1;emailservice=1;frontend=1;paymentservice=1;productcatalogservice=1;recommendationservice=1;redis-cart=1;shippingservice=1,markov,stageC,cga,CGA,121,121.000,replay,mixed,1.024005,0.040879,7,1.440440,0.000000,0.418771,0.479206,,,0.000000,0.009078,0.009078,7,7,0,86.917978,86.917978,86.917978,86.917978,120.000000,0.000000,145.947368,0.595543,0.000000,20,,,,,,,,,
online-boutique,online-boutique-longmix-stageC-scale20-replica1-markov-steps500-20260612T140717Z,idyn-ob-scale20-replica1,scale20,replica1,adservice=1;cartservice=1;checkoutservice=1;currencyservice=1;emailservice=1;frontend=1;paymentservice=1;productcatalogservice=1;recommendationservice=1;redis-cart=1;shippingservice=1,markov,stageC,hda,HDA,121,121.000,replay,mixed,1.024005,0.040879,7,1.440440,0.000000,0.418771,0.479206,,,0.000000,0.009078,0.009078,7,7,0,86.476815,86.476815,86.476815,86.476815,120.000000,0.000000,145.947368,0.592521,0.000000,20,,,,,,,,,
online-boutique,online-boutique-longmix-stageC-scale20-replica1-markov-steps500-20260612T140717Z,idyn-ob-scale20-replica1,scale20,replica1,adservice=1;cartservice=1;checkoutservice=1;currencyservice=1;emailservice=1;frontend=1;paymentservice=1;productcatalogservice=1;recommendationservice=1;redis-cart=1;shippingservice=1,markov,stageC,kubernetes-default,K8s default,122,122.000,replay,mixed,0.960129,0.062378,7,1.440440,0.000000,0.418771,0.479206,,,0.000000,0.011451,0.011451,7,7,0,95.495124,95.495124,95.495124,95.495124,120.000000,0.000000,145.947368,0.654312,0.000000,20,,,,,,,,,
online-boutique,online-boutique-longmix-stageC-scale20-replica1-markov-steps500-20260612T140717Z,idyn-ob-scale20-replica1,scale20,replica1,adservice=1;cartservice=1;checkoutservice=1;currencyservice=1;emailservice=1;frontend=1;paymentservice=1;productcatalogservice=1;recommendationservice=1;redis-cart=1;shippingservice=1,markov,stageC,cga,CGA,122,122.000,replay,mixed,0.960129,0.062378,7,1.440440,0.000000,0.418771,0.479206,,,0.000000,0.011451,0.011451,7,7,0,86.468826,86.468826,86.468826,86.468826,120.000000,0.000000,145.947368,0.592466,0.000000,20,,,,,,,,,
online-boutique,online-boutique-longmix-stageC-scale20-replica1-markov-steps500-20260612T140717Z,idyn-ob-scale20-replica1,scale20,replica1,adservice=1;cartservice=1;checkoutservice=1;currencyservice=1;emailservice=1;frontend=1;paymentservice=1;productcatalogservice=1;recommendationservice=1;redis-cart=1;shippingservice=1,markov,stageC,hda,HDA,122,122.000,replay,mixed,0.960129,0.062378,7,1.440440,0.000000,0.418771,0.479206,,,0.000000,0.011451,0.011451,7,7,0,82.956450,82.956450,82.956450,82.956450,120.000000,0.000000,145.947368,0.568400,0.000000,20,,,,,,,,,
online-boutique,online-boutique-longmix-stageC-scale20-replica1-markov-steps500-20260612T140717Z,idyn-ob-scale20-replica1,scale20,replica1,adservice=1;cartservice=1;checkoutservice=1;currencyservice=1;emailservice=1;frontend=1;paymentservice=1;productcatalogservice=1;recommendationservice=1;redis-cart=1;shippingservice=1,markov,stageC,kubernetes-default,K8s default,123,123.000,replay,mixed,1.037273,0.074371,7,1.440440,0.000000,0.418771,0.479206,,,0.000000,0.011461,0.011461,7,7,0,99.441483,99.441483,99.441483,99.441483,120.000000,0.000000,145.947368,0.681352,0.000000,20,,,,,,,,,
online-boutique,online-boutique-longmix-stageC-scale20-replica1-markov-steps500-20260612T140717Z,idyn-ob-scale20-replica1,scale20,replica1,adservice=1;cartservice=1;checkoutservice=1;currencyservice=1;emailservice=1;frontend=1;paymentservice=1;productcatalogservice=1;recommendationservice=1;redis-cart=1;shippingservice=1,markov,stageC,cga,CGA,123,123.000,replay,mixed,1.037273,0.074371,7,1.440440,0.000000,0.418771,0.479206,,,0.000000,0.011461,0.011461,7,7,0,91.330014,91.330014,91.330014,91.330014,120.000000,0.000000,145.947368,0.625774,0.000000,20,,,,,,,,,
online-boutique,online-boutique-longmix-stageC-scale20-replica1-markov-steps500-20260612T140717Z,idyn-ob-scale20-replica1,scale20,replica1,adservice=1;cartservice=1;checkoutservice=1;currencyservice=1;emailservice=1;frontend=1;paymentservice=1;productcatalogservice=1;recommendationservice=1;redis-cart=1;shippingservice=1,markov,stageC,hda,HDA,123,123.000,replay,mixed,1.037273,0.074371,7,1.440440,0.000000,0.418771,0.479206,,,0.000000,0.011461,0.011461,7,7,0,87.001734,87.001734,87.001734,87.001734,120.000000,0.000000,145.947368,0.596117,0.000000,20,,,,,,,,,
online-boutique,online-boutique-longmix-stageC-scale20-replica1-markov-steps500-20260612T140717Z,idyn-ob-scale20-replica1,scale20,replica1,adservice=1;cartservice=1;checkoutservice=1;currencyservice=1;emailservice=1;frontend=1;paymentservice=1;productcatalogservice=1;recommendationservice=1;redis-cart=1;shippingservice=1,markov,stageC,kubernetes-default,K8s default,124,124.000,replay,mixed,0.974170,0.060835,7,1.440440,0.000000,0.418771,0.479206,,,0.000000,0.009257,0.009257,7,7,0,90.173925,90.173925,90.173925,90.173925,120.000000,0.000000,145.947368,0.617852,0.000000,20,,,,,,,,,
online-boutique,online-boutique-longmix-stageC-scale20-replica1-markov-steps500-20260612T140717Z,idyn-ob-scale20-replica1,scale20,replica1,adservice=1;cartservice=1;checkoutservice=1;currencyservice=1;emailservice=1;frontend=1;paymentservice=1;productcatalogservice=1;recommendationservice=1;redis-cart=1;shippingservice=1,markov,stageC,cga,CGA,124,124.000,replay,mixed,0.974170,0.060835,7,1.440440,0.000000,0.418771,0.479206,,,0.000000,0.009257,0.009257,7,7,0,85.833817,85.833817,85.833817,85.833817,120.000000,0.000000,145.947368,0.588115,0.000000,20,,,,,,,,,
online-boutique,online-boutique-longmix-stageC-scale20-replica1-markov-steps500-20260612T140717Z,idyn-ob-scale20-replica1,scale20,replica1,adservice=1;cartservice=1;checkoutservice=1;currencyservice=1;emailservice=1;frontend=1;paymentservice=1;productcatalogservice=1;recommendationservice=1;redis-cart=1;shippingservice=1,markov,stageC,hda,HDA,124,124.000,replay,mixed,0.974170,0.060835,7,1.440440,0.000000,0.418771,0.479206,,,0.000000,0.009257,0.009257,7,7,0,87.974677,87.974677,87.974677,87.974677,120.000000,0.000000,145.947368,0.602784,0.000000,20,,,,,,,,,
online-boutique,online-boutique-longmix-stageC-scale20-replica1-markov-steps500-20260612T140717Z,idyn-ob-scale20-replica1,scale20,replica1,adservice=1;cartservice=1;checkoutservice=1;currencyservice=1;emailservice=1;frontend=1;paymentservice=1;productcatalogservice=1;recommendationservice=1;redis-cart=1;shippingservice=1,markov,stageC,kubernetes-default,K8s default,125,125.000,replay,mixed,1.016991,0.042105,7,1.440440,0.000000,0.418771,0.479206,,,0.000000,0.009057,0.009057,7,7,0,97.177750,97.177750,97.177750,97.177750,120.000000,0.000000,145.947368,0.665841,0.000000,20,,,,,,,,,
online-boutique,online-boutique-longmix-stageC-scale20-replica1-markov-steps500-20260612T140717Z,idyn-ob-scale20-replica1,scale20,replica1,adservice=1;cartservice=1;checkoutservice=1;currencyservice=1;emailservice=1;frontend=1;paymentservice=1;productcatalogservice=1;recommendationservice=1;redis-cart=1;shippingservice=1,markov,stageC,cga,CGA,125,125.000,replay,mixed,1.016991,0.042105,7,1.440440,0.000000,0.418771,0.479206,,,0.000000,0.009057,0.009057,7,7,0,93.212091,93.212091,93.212091,93.212091,120.000000,0.000000,145.947368,0.638669,0.000000,20,,,,,,,,,
online-boutique,online-boutique-longmix-stageC-scale20-replica1-markov-steps500-20260612T140717Z,idyn-ob-scale20-replica1,scale20,replica1,adservice=1;cartservice=1;checkoutservice=1;currencyservice=1;emailservice=1;frontend=1;paymentservice=1;productcatalogservice=1;recommendationservice=1;redis-cart=1;shippingservice=1,markov,stageC,hda,HDA,125,125.000,replay,mixed,1.016991,0.042105,7,1.440440,0.000000,0.418771,0.479206,,,0.000000,0.009057,0.009057,7,7,0,80.487917,80.487917,80.487917,80.487917,120.000000,0.000000,145.947368,0.551486,0.000000,20,,,,,,,,,
online-boutique,online-boutique-longmix-stageC-scale20-replica1-markov-steps500-20260612T140717Z,idyn-ob-scale20-replica1,scale20,replica1,adservice=1;cartservice=1;checkoutservice=1;currencyservice=1;emailservice=1;frontend=1;paymentservice=1;productcatalogservice=1;recommendationservice=1;redis-cart=1;shippingservice=1,markov,stageC,kubernetes-default,K8s default,126,126.000,replay,mixed,1.026411,0.009178,7,1.440440,0.000000,0.418771,0.479206,,,0.000000,0.008396,0.008396,7,7,0,90.983005,90.983005,90.983005,90.983005,120.000000,0.000000,145.947368,0.623396,0.000000,20,,,,,,,,,
online-boutique,online-boutique-longmix-stageC-scale20-replica1-markov-steps500-20260612T140717Z,idyn-ob-scale20-replica1,scale20,replica1,adservice=1;cartservice=1;checkoutservice=1;currencyservice=1;emailservice=1;frontend=1;paymentservice=1;productcatalogservice=1;recommendationservice=1;redis-cart=1;shippingservice=1,markov,stageC,cga,CGA,126,126.000,replay,mixed,1.026411,0.009178,7,1.440440,0.000000,0.418771,0.479206,,,0.000000,0.008396,0.008396,7,7,0,83.707031,83.707031,83.707031,83.707031,120.000000,0.000000,145.947368,0.573543,0.000000,20,,,,,,,,,
online-boutique,online-boutique-longmix-stageC-scale20-replica1-markov-steps500-20260612T140717Z,idyn-ob-scale20-replica1,scale20,replica1,adservice=1;cartservice=1;checkoutservice=1;currencyservice=1;emailservice=1;frontend=1;paymentservice=1;productcatalogservice=1;recommendationservice=1;redis-cart=1;shippingservice=1,markov,stageC,hda,HDA,126,126.000,replay,mixed,1.026411,0.009178,7,1.440440,0.000000,0.418771,0.479206,,,0.000000,0.008396,0.008396,7,7,0,84.262619,84.262619,84.262619,84.262619,120.000000,0.000000,145.947368,0.577349,0.000000,20,,,,,,,,,
online-boutique,online-boutique-longmix-stageC-scale20-replica1-markov-steps500-20260612T140717Z,idyn-ob-scale20-replica1,scale20,replica1,adservice=1;cartservice=1;checkoutservice=1;currencyservice=1;emailservice=1;frontend=1;paymentservice=1;productcatalogservice=1;recommendationservice=1;redis-cart=1;shippingservice=1,markov,stageC,kubernetes-default,K8s default,127,127.000,replay,mixed,0.942291,0.256796,7,1.368091,0.500000,0.411186,0.478705,,,0.000000,0.008546,0.008546,7,7,0,86.778569,86.778569,86.778569,86.778569,120.000000,0.000000,132.947368,0.652729,0.000000,20,,,,,,,,,
online-boutique,online-boutique-longmix-stageC-scale20-replica1-markov-steps500-20260612T140717Z,idyn-ob-scale20-replica1,scale20,replica1,adservice=1;cartservice=1;checkoutservice=1;currencyservice=1;emailservice=1;frontend=1;paymentservice=1;productcatalogservice=1;recommendationservice=1;redis-cart=1;shippingservice=1,markov,stageC,cga,CGA,127,127.000,replay,mixed,0.942291,0.256796,7,1.368091,0.500000,0.411186,0.478705,,,0.000000,0.008546,0.008546,7,7,0,80.734296,80.734296,80.734296,80.734296,120.000000,0.000000,132.947368,0.607265,0.000000,20,,,,,,,,,
online-boutique,online-boutique-longmix-stageC-scale20-replica1-markov-steps500-20260612T140717Z,idyn-ob-scale20-replica1,scale20,replica1,adservice=1;cartservice=1;checkoutservice=1;currencyservice=1;emailservice=1;frontend=1;paymentservice=1;productcatalogservice=1;recommendationservice=1;redis-cart=1;shippingservice=1,markov,stageC,hda,HDA,127,127.000,replay,mixed,0.942291,0.256796,7,1.368091,0.500000,0.411186,0.478705,,,0.000000,0.008546,0.008546,7,7,0,81.596018,81.596018,81.596018,81.596018,120.000000,0.000000,132.947368,0.613747,0.000000,20,,,,,,,,,
online-boutique,online-boutique-longmix-stageC-scale20-replica1-markov-steps500-20260612T140717Z,idyn-ob-scale20-replica1,scale20,replica1,adservice=1;cartservice=1;checkoutservice=1;currencyservice=1;emailservice=1;frontend=1;paymentservice=1;productcatalogservice=1;recommendationservice=1;redis-cart=1;shippingservice=1,markov,stageC,kubernetes-default,K8s default,128,128.000,replay,mixed,0.945890,0.003805,7,1.368091,0.000000,0.411186,0.478705,,,0.000000,0.015690,0.015690,7,7,0,77.859661,77.859661,77.859661,77.859661,120.000000,0.000000,132.947368,0.585643,0.000000,20,,,,,,,,,
online-boutique,online-boutique-longmix-stageC-scale20-replica1-markov-steps500-20260612T140717Z,idyn-ob-scale20-replica1,scale20,replica1,adservice=1;cartservice=1;checkoutservice=1;currencyservice=1;emailservice=1;frontend=1;paymentservice=1;productcatalogservice=1;recommendationservice=1;redis-cart=1;shippingservice=1,markov,stageC,cga,CGA,128,128.000,replay,mixed,0.945890,0.003805,7,1.368091,0.000000,0.411186,0.478705,,,0.000000,0.015690,0.015690,7,7,0,73.337450,73.337450,73.337450,73.337450,120.000000,0.000000,132.947368,0.551628,0.000000,20,,,,,,,,,
online-boutique,online-boutique-longmix-stageC-scale20-replica1-markov-steps500-20260612T140717Z,idyn-ob-scale20-replica1,scale20,replica1,adservice=1;cartservice=1;checkoutservice=1;currencyservice=1;emailservice=1;frontend=1;paymentservice=1;productcatalogservice=1;recommendationservice=1;redis-cart=1;shippingservice=1,markov,stageC,hda,HDA,128,128.000,replay,mixed,0.945890,0.003805,7,1.368091,0.000000,0.411186,0.478705,,,0.000000,0.015690,0.015690,7,7,0,68.662542,68.662542,68.662542,68.662542,120.000000,0.000000,132.947368,0.516464,0.000000,20,,,,,,,,,
online-boutique,online-boutique-longmix-stageC-scale20-replica1-markov-steps500-20260612T140717Z,idyn-ob-scale20-replica1,scale20,replica1,adservice=1;cartservice=1;checkoutservice=1;currencyservice=1;emailservice=1;frontend=1;paymentservice=1;productcatalogservice=1;recommendationservice=1;redis-cart=1;shippingservice=1,markov,stageC,kubernetes-default,K8s default,129,129.000,replay,mixed,0.978169,0.032999,7,1.368091,0.000000,0.411186,0.478705,,,0.000000,0.008827,0.008827,7,7,0,87.070825,87.070825,87.070825,87.070825,120.000000,0.000000,132.947368,0.654927,0.000000,20,,,,,,,,,
online-boutique,online-boutique-longmix-stageC-scale20-replica1-markov-steps500-20260612T140717Z,idyn-ob-scale20-replica1,scale20,replica1,adservice=1;cartservice=1;checkoutservice=1;currencyservice=1;emailservice=1;frontend=1;paymentservice=1;productcatalogservice=1;recommendationservice=1;redis-cart=1;shippingservice=1,markov,stageC,cga,CGA,129,129.000,replay,mixed,0.978169,0.032999,7,1.368091,0.000000,0.411186,0.478705,,,0.000000,0.008827,0.008827,7,7,0,75.628753,75.628753,75.628753,75.628753,120.000000,0.000000,132.947368,0.568862,0.000000,20,,,,,,,,,
online-boutique,online-boutique-longmix-stageC-scale20-replica1-markov-steps500-20260612T140717Z,idyn-ob-scale20-replica1,scale20,replica1,adservice=1;cartservice=1;checkoutservice=1;currencyservice=1;emailservice=1;frontend=1;paymentservice=1;productcatalogservice=1;recommendationservice=1;redis-cart=1;shippingservice=1,markov,stageC,hda,HDA,129,129.000,replay,mixed,0.978169,0.032999,7,1.368091,0.000000,0.411186,0.478705,,,0.000000,0.008827,0.008827,7,7,0,71.138113,71.138113,71.138113,71.138113,120.000000,0.000000,132.947368,0.535085,0.000000,20,,,,,,,,,
online-boutique,online-boutique-longmix-stageC-scale20-replica1-markov-steps500-20260612T140717Z,idyn-ob-scale20-replica1,scale20,replica1,adservice=1;cartservice=1;checkoutservice=1;currencyservice=1;emailservice=1;frontend=1;paymentservice=1;productcatalogservice=1;recommendationservice=1;redis-cart=1;shippingservice=1,markov,stageC,kubernetes-default,K8s default,130,130.000,replay,mixed,1.001196,0.220842,7,1.440440,0.500000,0.418771,0.479206,,,0.000000,0.012704,0.012704,7,7,0,100.781997,100.781997,100.781997,100.781997,120.000000,0.000000,145.947368,0.690537,0.000000,20,,,,,,,,,
online-boutique,online-boutique-longmix-stageC-scale20-replica1-markov-steps500-20260612T140717Z,idyn-ob-scale20-replica1,scale20,replica1,adservice=1;cartservice=1;checkoutservice=1;currencyservice=1;emailservice=1;frontend=1;paymentservice=1;productcatalogservice=1;recommendationservice=1;redis-cart=1;shippingservice=1,markov,stageC,cga,CGA,130,130.000,replay,mixed,1.001196,0.220842,7,1.440440,0.500000,0.418771,0.479206,,,0.000000,0.012704,0.012704,7,7,0,95.973754,95.973754,95.973754,95.973754,120.000000,0.000000,145.947368,0.657592,0.000000,20,,,,,,,,,
online-boutique,online-boutique-longmix-stageC-scale20-replica1-markov-steps500-20260612T140717Z,idyn-ob-scale20-replica1,scale20,replica1,adservice=1;cartservice=1;checkoutservice=1;currencyservice=1;emailservice=1;frontend=1;paymentservice=1;productcatalogservice=1;recommendationservice=1;redis-cart=1;shippingservice=1,markov,stageC,hda,HDA,130,130.000,replay,mixed,1.001196,0.220842,7,1.440440,0.500000,0.418771,0.479206,,,0.000000,0.012704,0.012704,7,7,0,94.368220,94.368220,94.368220,94.368220,120.000000,0.000000,145.947368,0.646591,0.000000,20,,,,,,,,,
online-boutique,online-boutique-longmix-stageC-scale20-replica1-markov-steps500-20260612T140717Z,idyn-ob-scale20-replica1,scale20,replica1,adservice=1;cartservice=1;checkoutservice=1;currencyservice=1;emailservice=1;frontend=1;paymentservice=1;productcatalogservice=1;recommendationservice=1;redis-cart=1;shippingservice=1,markov,stageC,kubernetes-default,K8s default,131,131.000,replay,mixed,0.946675,0.587353,7,1.525982,0.800000,0.359677,1.100147,,,0.000000,0.009418,0.009418,7,7,0,87.050597,87.050597,87.050597,87.050597,120.000000,0.000000,113.447368,0.767321,0.000000,20,,,,,,,,,
online-boutique,online-boutique-longmix-stageC-scale20-replica1-markov-steps500-20260612T140717Z,idyn-ob-scale20-replica1,scale20,replica1,adservice=1;cartservice=1;checkoutservice=1;currencyservice=1;emailservice=1;frontend=1;paymentservice=1;productcatalogservice=1;recommendationservice=1;redis-cart=1;shippingservice=1,markov,stageC,cga,CGA,131,131.000,replay,mixed,0.946675,0.587353,7,1.525982,0.800000,0.359677,1.100147,,,0.000000,0.009418,0.009418,7,7,0,84.050183,84.050183,84.050183,84.050183,120.000000,0.000000,113.447368,0.740874,0.000000,20,,,,,,,,,
online-boutique,online-boutique-longmix-stageC-scale20-replica1-markov-steps500-20260612T140717Z,idyn-ob-scale20-replica1,scale20,replica1,adservice=1;cartservice=1;checkoutservice=1;currencyservice=1;emailservice=1;frontend=1;paymentservice=1;productcatalogservice=1;recommendationservice=1;redis-cart=1;shippingservice=1,markov,stageC,hda,HDA,131,131.000,replay,mixed,0.946675,0.587353,7,1.525982,0.800000,0.359677,1.100147,,,0.000000,0.009418,0.009418,7,7,0,79.002045,79.002045,79.002045,79.002045,120.000000,0.000000,113.447368,0.696376,0.000000,20,,,,,,,,,
online-boutique,online-boutique-longmix-stageC-scale20-replica1-markov-steps500-20260612T140717Z,idyn-ob-scale20-replica1,scale20,replica1,adservice=1;cartservice=1;checkoutservice=1;currencyservice=1;emailservice=1;frontend=1;paymentservice=1;productcatalogservice=1;recommendationservice=1;redis-cart=1;shippingservice=1,markov,stageC,kubernetes-default,K8s default,132,132.000,replay,mixed,1.007684,0.060543,7,1.525982,0.000000,0.359677,1.100147,,,0.000000,0.009798,0.009798,7,7,0,68.491224,68.491224,68.491224,68.491224,120.000000,0.000000,113.447368,0.603727,0.000000,20,,,,,,,,,
online-boutique,online-boutique-longmix-stageC-scale20-replica1-markov-steps500-20260612T140717Z,idyn-ob-scale20-replica1,scale20,replica1,adservice=1;cartservice=1;checkoutservice=1;currencyservice=1;emailservice=1;frontend=1;paymentservice=1;productcatalogservice=1;recommendationservice=1;redis-cart=1;shippingservice=1,markov,stageC,cga,CGA,132,132.000,replay,mixed,1.007684,0.060543,7,1.525982,0.000000,0.359677,1.100147,,,0.000000,0.009798,0.009798,7,7,0,64.996833,64.996833,64.996833,64.996833,120.000000,0.000000,113.447368,0.572925,0.000000,20,,,,,,,,,
online-boutique,online-boutique-longmix-stageC-scale20-replica1-markov-steps500-20260612T140717Z,idyn-ob-scale20-replica1,scale20,replica1,adservice=1;cartservice=1;checkoutservice=1;currencyservice=1;emailservice=1;frontend=1;paymentservice=1;productcatalogservice=1;recommendationservice=1;redis-cart=1;shippingservice=1,markov,stageC,hda,HDA,132,132.000,replay,mixed,1.007684,0.060543,7,1.525982,0.000000,0.359677,1.100147,,,0.000000,0.009798,0.009798,7,7,0,60.397978,60.397978,60.397978,60.397978,120.000000,0.000000,113.447368,0.532388,0.000000,20,,,,,,,,,
online-boutique,online-boutique-longmix-stageC-scale20-replica1-markov-steps500-20260612T140717Z,idyn-ob-scale20-replica1,scale20,replica1,adservice=1;cartservice=1;checkoutservice=1;currencyservice=1;emailservice=1;frontend=1;paymentservice=1;productcatalogservice=1;recommendationservice=1;redis-cart=1;shippingservice=1,markov,stageC,kubernetes-default,K8s default,133,133.000,replay,mixed,0.953625,0.053647,7,1.525982,0.000000,0.359677,1.100147,,,0.000000,0.008967,0.008967,7,7,0,68.411133,68.411133,68.411133,68.411133,120.000000,0.000000,113.447368,0.603021,0.000000,20,,,,,,,,,
online-boutique,online-boutique-longmix-stageC-scale20-replica1-markov-steps500-20260612T140717Z,idyn-ob-scale20-replica1,scale20,replica1,adservice=1;cartservice=1;checkoutservice=1;currencyservice=1;emailservice=1;frontend=1;paymentservice=1;productcatalogservice=1;recommendationservice=1;redis-cart=1;shippingservice=1,markov,stageC,cga,CGA,133,133.000,replay,mixed,0.953625,0.053647,7,1.525982,0.000000,0.359677,1.100147,,,0.000000,0.008967,0.008967,7,7,0,60.603320,60.603320,60.603320,60.603320,120.000000,0.000000,113.447368,0.534198,0.000000,20,,,,,,,,,
online-boutique,online-boutique-longmix-stageC-scale20-replica1-markov-steps500-20260612T140717Z,idyn-ob-scale20-replica1,scale20,replica1,adservice=1;cartservice=1;checkoutservice=1;currencyservice=1;emailservice=1;frontend=1;paymentservice=1;productcatalogservice=1;recommendationservice=1;redis-cart=1;shippingservice=1,markov,stageC,hda,HDA,133,133.000,replay,mixed,0.953625,0.053647,7,1.525982,0.000000,0.359677,1.100147,,,0.000000,0.008967,0.008967,7,7,0,58.094860,58.094860,58.094860,58.094860,120.000000,0.000000,113.447368,0.512086,0.000000,20,,,,,,,,,
online-boutique,online-boutique-longmix-stageC-scale20-replica1-markov-steps500-20260612T140717Z,idyn-ob-scale20-replica1,scale20,replica1,adservice=1;cartservice=1;checkoutservice=1;currencyservice=1;emailservice=1;frontend=1;paymentservice=1;productcatalogservice=1;recommendationservice=1;redis-cart=1;shippingservice=1,markov,stageC,kubernetes-default,K8s default,134,134.000,replay,mixed,0.966106,0.012920,7,1.525982,0.000000,0.359677,1.100147,,,0.000000,0.008576,0.008576,7,7,0,65.342518,65.342518,65.342518,65.342518,120.000000,0.000000,113.447368,0.575972,0.000000,20,,,,,,,,,
online-boutique,online-boutique-longmix-stageC-scale20-replica1-markov-steps500-20260612T140717Z,idyn-ob-scale20-replica1,scale20,replica1,adservice=1;cartservice=1;checkoutservice=1;currencyservice=1;emailservice=1;frontend=1;paymentservice=1;productcatalogservice=1;recommendationservice=1;redis-cart=1;shippingservice=1,markov,stageC,cga,CGA,134,134.000,replay,mixed,0.966106,0.012920,7,1.525982,0.000000,0.359677,1.100147,,,0.000000,0.008576,0.008576,7,7,0,62.634018,62.634018,62.634018,62.634018,120.000000,0.000000,113.447368,0.552098,0.000000,20,,,,,,,,,
online-boutique,online-boutique-longmix-stageC-scale20-replica1-markov-steps500-20260612T140717Z,idyn-ob-scale20-replica1,scale20,replica1,adservice=1;cartservice=1;checkoutservice=1;currencyservice=1;emailservice=1;frontend=1;paymentservice=1;productcatalogservice=1;recommendationservice=1;redis-cart=1;shippingservice=1,markov,stageC,hda,HDA,134,134.000,replay,mixed,0.966106,0.012920,7,1.525982,0.000000,0.359677,1.100147,,,0.000000,0.008576,0.008576,7,7,0,61.703926,61.703926,61.703926,61.703926,120.000000,0.000000,113.447368,0.543899,0.000000,20,,,,,,,,,
online-boutique,online-boutique-longmix-stageC-scale20-replica1-markov-steps500-20260612T140717Z,idyn-ob-scale20-replica1,scale20,replica1,adservice=1;cartservice=1;checkoutservice=1;currencyservice=1;emailservice=1;frontend=1;paymentservice=1;productcatalogservice=1;recommendationservice=1;redis-cart=1;shippingservice=1,markov,stageC,kubernetes-default,K8s default,135,135.000,replay,mixed,0.978100,0.012262,7,1.525982,0.000000,0.359677,1.100147,,,0.000000,0.012052,0.012052,7,7,0,65.984088,65.984088,65.984088,65.984088,120.000000,0.000000,113.447368,0.581627,0.000000,20,,,,,,,,,
online-boutique,online-boutique-longmix-stageC-scale20-replica1-markov-steps500-20260612T140717Z,idyn-ob-scale20-replica1,scale20,replica1,adservice=1;cartservice=1;checkoutservice=1;currencyservice=1;emailservice=1;frontend=1;paymentservice=1;productcatalogservice=1;recommendationservice=1;redis-cart=1;shippingservice=1,markov,stageC,cga,CGA,135,135.000,replay,mixed,0.978100,0.012262,7,1.525982,0.000000,0.359677,1.100147,,,0.000000,0.012052,0.012052,7,7,0,61.606339,61.606339,61.606339,61.606339,120.000000,0.000000,113.447368,0.543039,0.000000,20,,,,,,,,,
online-boutique,online-boutique-longmix-stageC-scale20-replica1-markov-steps500-20260612T140717Z,idyn-ob-scale20-replica1,scale20,replica1,adservice=1;cartservice=1;checkoutservice=1;currencyservice=1;emailservice=1;frontend=1;paymentservice=1;productcatalogservice=1;recommendationservice=1;redis-cart=1;shippingservice=1,markov,stageC,hda,HDA,135,135.000,replay,mixed,0.978100,0.012262,7,1.525982,0.000000,0.359677,1.100147,,,0.000000,0.012052,0.012052,7,7,0,55.949557,55.949557,55.949557,55.949557,120.000000,0.000000,113.447368,0.493176,0.000000,20,,,,,,,,,
online-boutique,online-boutique-longmix-stageC-scale20-replica1-markov-steps500-20260612T140717Z,idyn-ob-scale20-replica1,scale20,replica1,adservice=1;cartservice=1;checkoutservice=1;currencyservice=1;emailservice=1;frontend=1;paymentservice=1;productcatalogservice=1;recommendationservice=1;redis-cart=1;shippingservice=1,markov,stageC,kubernetes-default,K8s default,136,136.000,replay,mixed,0.931929,0.047204,7,1.525982,0.000000,0.359677,1.100147,,,0.000000,0.009508,0.009508,7,7,0,66.655843,66.655843,66.655843,66.655843,120.000000,0.000000,113.447368,0.587549,0.000000,20,,,,,,,,,
online-boutique,online-boutique-longmix-stageC-scale20-replica1-markov-steps500-20260612T140717Z,idyn-ob-scale20-replica1,scale20,replica1,adservice=1;cartservice=1;checkoutservice=1;currencyservice=1;emailservice=1;frontend=1;paymentservice=1;productcatalogservice=1;recommendationservice=1;redis-cart=1;shippingservice=1,markov,stageC,cga,CGA,136,136.000,replay,mixed,0.931929,0.047204,7,1.525982,0.000000,0.359677,1.100147,,,0.000000,0.009508,0.009508,7,7,0,60.038872,60.038872,60.038872,60.038872,120.000000,0.000000,113.447368,0.529222,0.000000,20,,,,,,,,,
online-boutique,online-boutique-longmix-stageC-scale20-replica1-markov-steps500-20260612T140717Z,idyn-ob-scale20-replica1,scale20,replica1,adservice=1;cartservice=1;checkoutservice=1;currencyservice=1;emailservice=1;frontend=1;paymentservice=1;productcatalogservice=1;recommendationservice=1;redis-cart=1;shippingservice=1,markov,stageC,hda,HDA,136,136.000,replay,mixed,0.931929,0.047204,7,1.525982,0.000000,0.359677,1.100147,,,0.000000,0.009508,0.009508,7,7,0,58.348327,58.348327,58.348327,58.348327,120.000000,0.000000,113.447368,0.514321,0.000000,20,,,,,,,,,
online-boutique,online-boutique-longmix-stageC-scale20-replica1-markov-steps500-20260612T140717Z,idyn-ob-scale20-replica1,scale20,replica1,adservice=1;cartservice=1;checkoutservice=1;currencyservice=1;emailservice=1;frontend=1;paymentservice=1;productcatalogservice=1;recommendationservice=1;redis-cart=1;shippingservice=1,markov,stageC,kubernetes-default,K8s default,137,137.000,replay,mixed,0.938214,0.006698,7,1.525982,0.000000,0.359677,1.100147,,,0.000000,0.014567,0.014567,7,7,0,61.747094,61.747094,61.747094,61.747094,120.000000,0.000000,113.447368,0.544280,0.000000,20,,,,,,,,,
online-boutique,online-boutique-longmix-stageC-scale20-replica1-markov-steps500-20260612T140717Z,idyn-ob-scale20-replica1,scale20,replica1,adservice=1;cartservice=1;checkoutservice=1;currencyservice=1;emailservice=1;frontend=1;paymentservice=1;productcatalogservice=1;recommendationservice=1;redis-cart=1;shippingservice=1,markov,stageC,cga,CGA,137,137.000,replay,mixed,0.938214,0.006698,7,1.525982,0.000000,0.359677,1.100147,,,0.000000,0.014567,0.014567,7,7,0,63.222566,63.222566,63.222566,63.222566,120.000000,0.000000,113.447368,0.557285,0.000000,20,,,,,,,,,
online-boutique,online-boutique-longmix-stageC-scale20-replica1-markov-steps500-20260612T140717Z,idyn-ob-scale20-replica1,scale20,replica1,adservice=1;cartservice=1;checkoutservice=1;currencyservice=1;emailservice=1;frontend=1;paymentservice=1;productcatalogservice=1;recommendationservice=1;redis-cart=1;shippingservice=1,markov,stageC,hda,HDA,137,137.000,replay,mixed,0.938214,0.006698,7,1.525982,0.000000,0.359677,1.100147,,,0.000000,0.014567,0.014567,7,7,0,59.276803,59.276803,59.276803,59.276803,120.000000,0.000000,113.447368,0.522505,0.000000,20,,,,,,,,,
online-boutique,online-boutique-longmix-stageC-scale20-replica1-markov-steps500-20260612T140717Z,idyn-ob-scale20-replica1,scale20,replica1,adservice=1;cartservice=1;checkoutservice=1;currencyservice=1;emailservice=1;frontend=1;paymentservice=1;productcatalogservice=1;recommendationservice=1;redis-cart=1;shippingservice=1,markov,stageC,kubernetes-default,K8s default,138,138.000,replay,mixed,0.931717,0.006924,7,1.525982,0.000000,0.359677,1.100147,,,0.000000,0.009098,0.009098,7,7,0,64.090675,64.090675,64.090675,64.090675,120.000000,0.000000,113.447368,0.564938,0.000000,20,,,,,,,,,
online-boutique,online-boutique-longmix-stageC-scale20-replica1-markov-steps500-20260612T140717Z,idyn-ob-scale20-replica1,scale20,replica1,adservice=1;cartservice=1;checkoutservice=1;currencyservice=1;emailservice=1;frontend=1;paymentservice=1;productcatalogservice=1;recommendationservice=1;redis-cart=1;shippingservice=1,markov,stageC,cga,CGA,138,138.000,replay,mixed,0.931717,0.006924,7,1.525982,0.000000,0.359677,1.100147,,,0.000000,0.009098,0.009098,7,7,0,62.520727,62.520727,62.520727,62.520727,120.000000,0.000000,113.447368,0.551099,0.000000,20,,,,,,,,,
online-boutique,online-boutique-longmix-stageC-scale20-replica1-markov-steps500-20260612T140717Z,idyn-ob-scale20-replica1,scale20,replica1,adservice=1;cartservice=1;checkoutservice=1;currencyservice=1;emailservice=1;frontend=1;paymentservice=1;productcatalogservice=1;recommendationservice=1;redis-cart=1;shippingservice=1,markov,stageC,hda,HDA,138,138.000,replay,mixed,0.931717,0.006924,7,1.525982,0.000000,0.359677,1.100147,,,0.000000,0.009098,0.009098,7,7,0,50.653561,50.653561,50.653561,50.653561,120.000000,0.000000,113.447368,0.446494,0.000000,20,,,,,,,,,
online-boutique,online-boutique-longmix-stageC-scale20-replica1-markov-steps500-20260612T140717Z,idyn-ob-scale20-replica1,scale20,replica1,adservice=1;cartservice=1;checkoutservice=1;currencyservice=1;emailservice=1;frontend=1;paymentservice=1;productcatalogservice=1;recommendationservice=1;redis-cart=1;shippingservice=1,markov,stageC,kubernetes-default,K8s default,139,139.000,replay,mixed,0.929983,0.001862,7,1.525982,0.000000,0.359677,1.100147,,,0.000000,0.010340,0.010340,7,7,0,59.746883,59.746883,59.746883,59.746883,120.000000,0.000000,113.447368,0.526648,0.000000,20,,,,,,,,,
online-boutique,online-boutique-longmix-stageC-scale20-replica1-markov-steps500-20260612T140717Z,idyn-ob-scale20-replica1,scale20,replica1,adservice=1;cartservice=1;checkoutservice=1;currencyservice=1;emailservice=1;frontend=1;paymentservice=1;productcatalogservice=1;recommendationservice=1;redis-cart=1;shippingservice=1,markov,stageC,cga,CGA,139,139.000,replay,mixed,0.929983,0.001862,7,1.525982,0.000000,0.359677,1.100147,,,0.000000,0.010340,0.010340,7,7,0,57.869644,57.869644,57.869644,57.869644,120.000000,0.000000,113.447368,0.510101,0.000000,20,,,,,,,,,
online-boutique,online-boutique-longmix-stageC-scale20-replica1-markov-steps500-20260612T140717Z,idyn-ob-scale20-replica1,scale20,replica1,adservice=1;cartservice=1;checkoutservice=1;currencyservice=1;emailservice=1;frontend=1;paymentservice=1;productcatalogservice=1;recommendationservice=1;redis-cart=1;shippingservice=1,markov,stageC,hda,HDA,139,139.000,replay,mixed,0.929983,0.001862,7,1.525982,0.000000,0.359677,1.100147,,,0.000000,0.010340,0.010340,7,7,0,60.960650,60.960650,60.960650,60.960650,120.000000,0.000000,113.447368,0.537347,0.000000,20,,,,,,,,,
online-boutique,online-boutique-longmix-stageC-scale20-replica1-markov-steps500-20260612T140717Z,idyn-ob-scale20-replica1,scale20,replica1,adservice=1;cartservice=1;checkoutservice=1;currencyservice=1;emailservice=1;frontend=1;paymentservice=1;productcatalogservice=1;recommendationservice=1;redis-cart=1;shippingservice=1,markov,stageC,kubernetes-default,K8s default,140,140.000,replay,mixed,0.958526,0.029779,7,1.525982,0.000000,0.359677,1.100147,,,0.000000,0.008826,0.008826,7,7,0,62.977674,62.977674,62.977674,62.977674,120.000000,0.000000,113.447368,0.555127,0.000000,20,,,,,,,,,
online-boutique,online-boutique-longmix-stageC-scale20-replica1-markov-steps500-20260612T140717Z,idyn-ob-scale20-replica1,scale20,replica1,adservice=1;cartservice=1;checkoutservice=1;currencyservice=1;emailservice=1;frontend=1;paymentservice=1;productcatalogservice=1;recommendationservice=1;redis-cart=1;shippingservice=1,markov,stageC,cga,CGA,140,140.000,replay,mixed,0.958526,0.029779,7,1.525982,0.000000,0.359677,1.100147,,,0.000000,0.008826,0.008826,7,7,0,61.947321,61.947321,61.947321,61.947321,120.000000,0.000000,113.447368,0.546045,0.000000,20,,,,,,,,,
online-boutique,online-boutique-longmix-stageC-scale20-replica1-markov-steps500-20260612T140717Z,idyn-ob-scale20-replica1,scale20,replica1,adservice=1;cartservice=1;checkoutservice=1;currencyservice=1;emailservice=1;frontend=1;paymentservice=1;productcatalogservice=1;recommendationservice=1;redis-cart=1;shippingservice=1,markov,stageC,hda,HDA,140,140.000,replay,mixed,0.958526,0.029779,7,1.525982,0.000000,0.359677,1.100147,,,0.000000,0.008826,0.008826,7,7,0,58.457989,58.457989,58.457989,58.457989,120.000000,0.000000,113.447368,0.515287,0.000000,20,,,,,,,,,
online-boutique,online-boutique-longmix-stageC-scale20-replica1-markov-steps500-20260612T140717Z,idyn-ob-scale20-replica1,scale20,replica1,adservice=1;cartservice=1;checkoutservice=1;currencyservice=1;emailservice=1;frontend=1;paymentservice=1;productcatalogservice=1;recommendationservice=1;redis-cart=1;shippingservice=1,markov,stageC,kubernetes-default,K8s default,141,141.000,replay,mixed,0.971737,0.013595,7,1.525982,0.000000,0.359677,1.100147,,,0.000000,0.008746,0.008746,7,7,0,67.593884,67.593884,67.593884,67.593884,120.000000,0.000000,113.447368,0.595817,0.000000,20,,,,,,,,,
online-boutique,online-boutique-longmix-stageC-scale20-replica1-markov-steps500-20260612T140717Z,idyn-ob-scale20-replica1,scale20,replica1,adservice=1;cartservice=1;checkoutservice=1;currencyservice=1;emailservice=1;frontend=1;paymentservice=1;productcatalogservice=1;recommendationservice=1;redis-cart=1;shippingservice=1,markov,stageC,cga,CGA,141,141.000,replay,mixed,0.971737,0.013595,7,1.525982,0.000000,0.359677,1.100147,,,0.000000,0.008746,0.008746,7,7,0,60.943573,60.943573,60.943573,60.943573,120.000000,0.000000,113.447368,0.537197,0.000000,20,,,,,,,,,
online-boutique,online-boutique-longmix-stageC-scale20-replica1-markov-steps500-20260612T140717Z,idyn-ob-scale20-replica1,scale20,replica1,adservice=1;cartservice=1;checkoutservice=1;currencyservice=1;emailservice=1;frontend=1;paymentservice=1;productcatalogservice=1;recommendationservice=1;redis-cart=1;shippingservice=1,markov,stageC,hda,HDA,141,141.000,replay,mixed,0.971737,0.013595,7,1.525982,0.000000,0.359677,1.100147,,,0.000000,0.008746,0.008746,7,7,0,61.046791,61.046791,61.046791,61.046791,120.000000,0.000000,113.447368,0.538107,0.000000,20,,,,,,,,,
online-boutique,online-boutique-longmix-stageC-scale20-replica1-markov-steps500-20260612T140717Z,idyn-ob-scale20-replica1,scale20,replica1,adservice=1;cartservice=1;checkoutservice=1;currencyservice=1;emailservice=1;frontend=1;paymentservice=1;productcatalogservice=1;recommendationservice=1;redis-cart=1;shippingservice=1,markov,stageC,kubernetes-default,K8s default,142,142.000,replay,mixed,0.983142,0.011600,7,1.525982,0.000000,0.359677,1.100147,,,0.000000,0.015829,0.015829,7,7,0,69.227405,69.227405,69.227405,69.227405,120.000000,0.000000,113.447368,0.610216,0.000000,20,,,,,,,,,
online-boutique,online-boutique-longmix-stageC-scale20-replica1-markov-steps500-20260612T140717Z,idyn-ob-scale20-replica1,scale20,replica1,adservice=1;cartservice=1;checkoutservice=1;currencyservice=1;emailservice=1;frontend=1;paymentservice=1;productcatalogservice=1;recommendationservice=1;redis-cart=1;shippingservice=1,markov,stageC,cga,CGA,142,142.000,replay,mixed,0.983142,0.011600,7,1.525982,0.000000,0.359677,1.100147,,,0.000000,0.015829,0.015829,7,7,0,60.004802,60.004802,60.004802,60.004802,120.000000,0.000000,113.447368,0.528922,0.000000,20,,,,,,,,,
online-boutique,online-boutique-longmix-stageC-scale20-replica1-markov-steps500-20260612T140717Z,idyn-ob-scale20-replica1,scale20,replica1,adservice=1;cartservice=1;checkoutservice=1;currencyservice=1;emailservice=1;frontend=1;paymentservice=1;productcatalogservice=1;recommendationservice=1;redis-cart=1;shippingservice=1,markov,stageC,hda,HDA,142,142.000,replay,mixed,0.983142,0.011600,7,1.525982,0.000000,0.359677,1.100147,,,0.000000,0.015829,0.015829,7,7,0,57.845724,57.845724,57.845724,57.845724,120.000000,0.000000,113.447368,0.509890,0.000000,20,,,,,,,,,
online-boutique,online-boutique-longmix-stageC-scale20-replica1-markov-steps500-20260612T140717Z,idyn-ob-scale20-replica1,scale20,replica1,adservice=1;cartservice=1;checkoutservice=1;currencyservice=1;emailservice=1;frontend=1;paymentservice=1;productcatalogservice=1;recommendationservice=1;redis-cart=1;shippingservice=1,markov,stageC,kubernetes-default,K8s default,143,143.000,replay,mixed,0.942951,0.040879,7,1.525982,0.000000,0.359677,1.100147,,,0.000000,0.008847,0.008847,7,7,0,62.591721,62.591721,62.591721,62.591721,120.000000,0.000000,113.447368,0.551725,0.000000,20,,,,,,,,,
online-boutique,online-boutique-longmix-stageC-scale20-replica1-markov-steps500-20260612T140717Z,idyn-ob-scale20-replica1,scale20,replica1,adservice=1;cartservice=1;checkoutservice=1;currencyservice=1;emailservice=1;frontend=1;paymentservice=1;productcatalogservice=1;recommendationservice=1;redis-cart=1;shippingservice=1,markov,stageC,cga,CGA,143,143.000,replay,mixed,0.942951,0.040879,7,1.525982,0.000000,0.359677,1.100147,,,0.000000,0.008847,0.008847,7,7,0,62.781363,62.781363,62.781363,62.781363,120.000000,0.000000,113.447368,0.553396,0.000000,20,,,,,,,,,
online-boutique,online-boutique-longmix-stageC-scale20-replica1-markov-steps500-20260612T140717Z,idyn-ob-scale20-replica1,scale20,replica1,adservice=1;cartservice=1;checkoutservice=1;currencyservice=1;emailservice=1;frontend=1;paymentservice=1;productcatalogservice=1;recommendationservice=1;redis-cart=1;shippingservice=1,markov,stageC,hda,HDA,143,143.000,replay,mixed,0.942951,0.040879,7,1.525982,0.000000,0.359677,1.100147,,,0.000000,0.008847,0.008847,7,7,0,57.879867,57.879867,57.879867,57.879867,120.000000,0.000000,113.447368,0.510191,0.000000,20,,,,,,,,,
online-boutique,online-boutique-longmix-stageC-scale20-replica1-markov-steps500-20260612T140717Z,idyn-ob-scale20-replica1,scale20,replica1,adservice=1;cartservice=1;checkoutservice=1;currencyservice=1;emailservice=1;frontend=1;paymentservice=1;productcatalogservice=1;recommendationservice=1;redis-cart=1;shippingservice=1,markov,stageC,kubernetes-default,K8s default,144,144.000,replay,mixed,0.918975,0.025427,7,1.525982,0.000000,0.359677,1.100147,,,0.000000,0.014708,0.014708,7,7,0,66.199822,66.199822,66.199822,66.199822,120.000000,0.000000,113.447368,0.583529,0.000000,20,,,,,,,,,
online-boutique,online-boutique-longmix-stageC-scale20-replica1-markov-steps500-20260612T140717Z,idyn-ob-scale20-replica1,scale20,replica1,adservice=1;cartservice=1;checkoutservice=1;currencyservice=1;emailservice=1;frontend=1;paymentservice=1;productcatalogservice=1;recommendationservice=1;redis-cart=1;shippingservice=1,markov,stageC,cga,CGA,144,144.000,replay,mixed,0.918975,0.025427,7,1.525982,0.000000,0.359677,1.100147,,,0.000000,0.014708,0.014708,7,7,0,61.661978,61.661978,61.661978,61.661978,120.000000,0.000000,113.447368,0.543529,0.000000,20,,,,,,,,,
online-boutique,online-boutique-longmix-stageC-scale20-replica1-markov-steps500-20260612T140717Z,idyn-ob-scale20-replica1,scale20,replica1,adservice=1;cartservice=1;checkoutservice=1;currencyservice=1;emailservice=1;frontend=1;paymentservice=1;productcatalogservice=1;recommendationservice=1;redis-cart=1;shippingservice=1,markov,stageC,hda,HDA,144,144.000,replay,mixed,0.918975,0.025427,7,1.525982,0.000000,0.359677,1.100147,,,0.000000,0.014708,0.014708,7,7,0,59.019204,59.019204,59.019204,59.019204,120.000000,0.000000,113.447368,0.520234,0.000000,20,,,,,,,,,
online-boutique,online-boutique-longmix-stageC-scale20-replica1-markov-steps500-20260612T140717Z,idyn-ob-scale20-replica1,scale20,replica1,adservice=1;cartservice=1;checkoutservice=1;currencyservice=1;emailservice=1;frontend=1;paymentservice=1;productcatalogservice=1;recommendationservice=1;redis-cart=1;shippingservice=1,markov,stageC,kubernetes-default,K8s default,145,145.000,replay,mixed,0.948372,0.030997,7,1.525982,0.000000,0.359677,1.100147,,,0.000000,0.009217,0.009217,7,7,0,63.906242,63.906242,63.906242,63.906242,120.000000,0.000000,113.447368,0.563312,0.000000,20,,,,,,,,,
online-boutique,online-boutique-longmix-stageC-scale20-replica1-markov-steps500-20260612T140717Z,idyn-ob-scale20-replica1,scale20,replica1,adservice=1;cartservice=1;checkoutservice=1;currencyservice=1;emailservice=1;frontend=1;paymentservice=1;productcatalogservice=1;recommendationservice=1;redis-cart=1;shippingservice=1,markov,stageC,cga,CGA,145,145.000,replay,mixed,0.948372,0.030997,7,1.525982,0.000000,0.359677,1.100147,,,0.000000,0.009217,0.009217,7,7,0,62.699524,62.699524,62.699524,62.699524,120.000000,0.000000,113.447368,0.552675,0.000000,20,,,,,,,,,
online-boutique,online-boutique-longmix-stageC-scale20-replica1-markov-steps500-20260612T140717Z,idyn-ob-scale20-replica1,scale20,replica1,adservice=1;cartservice=1;checkoutservice=1;currencyservice=1;emailservice=1;frontend=1;paymentservice=1;productcatalogservice=1;recommendationservice=1;redis-cart=1;shippingservice=1,markov,stageC,hda,HDA,145,145.000,replay,mixed,0.948372,0.030997,7,1.525982,0.000000,0.359677,1.100147,,,0.000000,0.009217,0.009217,7,7,0,55.379504,55.379504,55.379504,55.379504,120.000000,0.000000,113.447368,0.488152,0.000000,20,,,,,,,,,
online-boutique,online-boutique-longmix-stageC-scale20-replica1-markov-steps500-20260612T140717Z,idyn-ob-scale20-replica1,scale20,replica1,adservice=1;cartservice=1;checkoutservice=1;currencyservice=1;emailservice=1;frontend=1;paymentservice=1;productcatalogservice=1;recommendationservice=1;redis-cart=1;shippingservice=1,markov,stageC,kubernetes-default,K8s default,146,146.000,replay,mixed,0.918014,0.032010,7,1.525982,0.000000,0.359677,1.100147,,,0.000000,0.018345,0.018345,7,7,0,66.239338,66.239338,66.239338,66.239338,120.000000,0.000000,113.447368,0.583877,0.000000,20,,,,,,,,,
online-boutique,online-boutique-longmix-stageC-scale20-replica1-markov-steps500-20260612T140717Z,idyn-ob-scale20-replica1,scale20,replica1,adservice=1;cartservice=1;checkoutservice=1;currencyservice=1;emailservice=1;frontend=1;paymentservice=1;productcatalogservice=1;recommendationservice=1;redis-cart=1;shippingservice=1,markov,stageC,cga,CGA,146,146.000,replay,mixed,0.918014,0.032010,7,1.525982,0.000000,0.359677,1.100147,,,0.000000,0.018345,0.018345,7,7,0,58.945891,58.945891,58.945891,58.945891,120.000000,0.000000,113.447368,0.519588,0.000000,20,,,,,,,,,
online-boutique,online-boutique-longmix-stageC-scale20-replica1-markov-steps500-20260612T140717Z,idyn-ob-scale20-replica1,scale20,replica1,adservice=1;cartservice=1;checkoutservice=1;currencyservice=1;emailservice=1;frontend=1;paymentservice=1;productcatalogservice=1;recommendationservice=1;redis-cart=1;shippingservice=1,markov,stageC,hda,HDA,146,146.000,replay,mixed,0.918014,0.032010,7,1.525982,0.000000,0.359677,1.100147,,,0.000000,0.018345,0.018345,7,7,0,59.339754,59.339754,59.339754,59.339754,120.000000,0.000000,113.447368,0.523060,0.000000,20,,,,,,,,,
online-boutique,online-boutique-longmix-stageC-scale20-replica1-markov-steps500-20260612T140717Z,idyn-ob-scale20-replica1,scale20,replica1,adservice=1;cartservice=1;checkoutservice=1;currencyservice=1;emailservice=1;frontend=1;paymentservice=1;productcatalogservice=1;recommendationservice=1;redis-cart=1;shippingservice=1,markov,stageC,kubernetes-default,K8s default,147,147.000,replay,mixed,0.939390,0.587378,7,1.440440,0.800000,0.418771,0.479206,,,0.000000,0.008717,0.008717,7,7,0,116.883072,116.883072,116.883072,116.883072,120.000000,0.000000,145.947368,0.800858,0.000000,20,,,,,,,,,
online-boutique,online-boutique-longmix-stageC-scale20-replica1-markov-steps500-20260612T140717Z,idyn-ob-scale20-replica1,scale20,replica1,adservice=1;cartservice=1;checkoutservice=1;currencyservice=1;emailservice=1;frontend=1;paymentservice=1;productcatalogservice=1;recommendationservice=1;redis-cart=1;shippingservice=1,markov,stageC,cga,CGA,147,147.000,replay,mixed,0.939390,0.587378,7,1.440440,0.800000,0.418771,0.479206,,,0.000000,0.008717,0.008717,7,7,0,110.071950,110.071950,110.071950,110.071950,120.000000,0.000000,145.947368,0.754189,0.000000,20,,,,,,,,,
online-boutique,online-boutique-longmix-stageC-scale20-replica1-markov-steps500-20260612T140717Z,idyn-ob-scale20-replica1,scale20,replica1,adservice=1;cartservice=1;checkoutservice=1;currencyservice=1;emailservice=1;frontend=1;paymentservice=1;productcatalogservice=1;recommendationservice=1;redis-cart=1;shippingservice=1,markov,stageC,hda,HDA,147,147.000,replay,mixed,0.939390,0.587378,7,1.440440,0.800000,0.418771,0.479206,,,0.000000,0.008717,0.008717,7,7,0,108.321314,108.321314,108.321314,108.321314,120.000000,0.000000,145.947368,0.742194,0.000000,20,,,,,,,,,
online-boutique,online-boutique-longmix-stageC-scale20-replica1-markov-steps500-20260612T140717Z,idyn-ob-scale20-replica1,scale20,replica1,adservice=1;cartservice=1;checkoutservice=1;currencyservice=1;emailservice=1;frontend=1;paymentservice=1;productcatalogservice=1;recommendationservice=1;redis-cart=1;shippingservice=1,markov,stageC,kubernetes-default,K8s default,148,148.000,replay,mixed,0.945510,0.006472,7,1.440440,0.000000,0.418771,0.479206,,,0.000000,0.011993,0.011993,7,7,0,90.800021,90.800021,90.800021,90.800021,120.000000,0.000000,145.947368,0.622142,0.000000,20,,,,,,,,,
online-boutique,online-boutique-longmix-stageC-scale20-replica1-markov-steps500-20260612T140717Z,idyn-ob-scale20-replica1,scale20,replica1,adservice=1;cartservice=1;checkoutservice=1;currencyservice=1;emailservice=1;frontend=1;paymentservice=1;productcatalogservice=1;recommendationservice=1;redis-cart=1;shippingservice=1,markov,stageC,cga,CGA,148,148.000,replay,mixed,0.945510,0.006472,7,1.440440,0.000000,0.418771,0.479206,,,0.000000,0.011993,0.011993,7,7,0,86.758363,86.758363,86.758363,86.758363,120.000000,0.000000,145.947368,0.594450,0.000000,20,,,,,,,,,
online-boutique,online-boutique-longmix-stageC-scale20-replica1-markov-steps500-20260612T140717Z,idyn-ob-scale20-replica1,scale20,replica1,adservice=1;cartservice=1;checkoutservice=1;currencyservice=1;emailservice=1;frontend=1;paymentservice=1;productcatalogservice=1;recommendationservice=1;redis-cart=1;shippingservice=1,markov,stageC,hda,HDA,148,148.000,replay,mixed,0.945510,0.006472,7,1.440440,0.000000,0.418771,0.479206,,,0.000000,0.011993,0.011993,7,7,0,77.819011,77.819011,77.819011,77.819011,120.000000,0.000000,145.947368,0.533199,0.000000,20,,,,,,,,,
online-boutique,online-boutique-longmix-stageC-scale20-replica1-markov-steps500-20260612T140717Z,idyn-ob-scale20-replica1,scale20,replica1,adservice=1;cartservice=1;checkoutservice=1;currencyservice=1;emailservice=1;frontend=1;paymentservice=1;productcatalogservice=1;recommendationservice=1;redis-cart=1;shippingservice=1,markov,stageC,kubernetes-default,K8s default,149,149.000,replay,mixed,0.914921,0.032352,7,1.440440,0.000000,0.418771,0.479206,,,0.000000,0.008576,0.008576,7,7,0,91.545755,91.545755,91.545755,91.545755,120.000000,0.000000,145.947368,0.627252,0.000000,20,,,,,,,,,
online-boutique,online-boutique-longmix-stageC-scale20-replica1-markov-steps500-20260612T140717Z,idyn-ob-scale20-replica1,scale20,replica1,adservice=1;cartservice=1;checkoutservice=1;currencyservice=1;emailservice=1;frontend=1;paymentservice=1;productcatalogservice=1;recommendationservice=1;redis-cart=1;shippingservice=1,markov,stageC,cga,CGA,149,149.000,replay,mixed,0.914921,0.032352,7,1.440440,0.000000,0.418771,0.479206,,,0.000000,0.008576,0.008576,7,7,0,85.241357,85.241357,85.241357,85.241357,120.000000,0.000000,145.947368,0.584055,0.000000,20,,,,,,,,,
online-boutique,online-boutique-longmix-stageC-scale20-replica1-markov-steps500-20260612T140717Z,idyn-ob-scale20-replica1,scale20,replica1,adservice=1;cartservice=1;checkoutservice=1;currencyservice=1;emailservice=1;frontend=1;paymentservice=1;productcatalogservice=1;recommendationservice=1;redis-cart=1;shippingservice=1,markov,stageC,hda,HDA,149,149.000,replay,mixed,0.914921,0.032352,7,1.440440,0.000000,0.418771,0.479206,,,0.000000,0.008576,0.008576,7,7,0,77.950154,77.950154,77.950154,77.950154,120.000000,0.000000,145.947368,0.534098,0.000000,20,,,,,,,,,
online-boutique,online-boutique-longmix-stageC-scale20-replica1-markov-steps500-20260612T140717Z,idyn-ob-scale20-replica1,scale20,replica1,adservice=1;cartservice=1;checkoutservice=1;currencyservice=1;emailservice=1;frontend=1;paymentservice=1;productcatalogservice=1;recommendationservice=1;redis-cart=1;shippingservice=1,markov,stageC,kubernetes-default,K8s default,150,150.000,replay,mixed,0.969412,0.745515,14,1.525982,0.800000,0.344308,0.539631,,,0.000000,0.009067,0.009067,11,14,0,159.623099,159.623099,159.623099,159.623099,120.000000,0.000000,191.447368,0.833770,0.000000,20,,,,,,,,,
online-boutique,online-boutique-longmix-stageC-scale20-replica1-markov-steps500-20260612T140717Z,idyn-ob-scale20-replica1,scale20,replica1,adservice=1;cartservice=1;checkoutservice=1;currencyservice=1;emailservice=1;frontend=1;paymentservice=1;productcatalogservice=1;recommendationservice=1;redis-cart=1;shippingservice=1,markov,stageC,cga,CGA,150,150.000,replay,mixed,0.969412,0.745515,14,1.525982,0.800000,0.344308,0.539631,,,0.000000,0.009067,0.009067,11,14,0,151.046358,151.046358,151.046358,151.046358,120.000000,0.000000,191.447368,0.788971,0.000000,20,,,,,,,,,
online-boutique,online-boutique-longmix-stageC-scale20-replica1-markov-steps500-20260612T140717Z,idyn-ob-scale20-replica1,scale20,replica1,adservice=1;cartservice=1;checkoutservice=1;currencyservice=1;emailservice=1;frontend=1;paymentservice=1;productcatalogservice=1;recommendationservice=1;redis-cart=1;shippingservice=1,markov,stageC,hda,HDA,150,150.000,replay,mixed,0.969412,0.745515,14,1.525982,0.800000,0.344308,0.539631,,,0.000000,0.009067,0.009067,11,14,0,143.017013,143.017013,143.017013,143.017013,120.000000,0.000000,191.447368,0.747030,0.000000,20,,,,,,,,,
online-boutique,online-boutique-longmix-stageC-scale20-replica1-markov-steps500-20260612T140717Z,idyn-ob-scale20-replica1,scale20,replica1,adservice=1;cartservice=1;checkoutservice=1;currencyservice=1;emailservice=1;frontend=1;paymentservice=1;productcatalogservice=1;recommendationservice=1;redis-cart=1;shippingservice=1,markov,stageC,kubernetes-default,K8s default,151,151.000,replay,mixed,0.948159,0.021925,14,1.525982,0.000000,0.344308,0.539631,,,0.000000,0.012023,0.012023,11,14,0,126.724463,126.724463,126.724463,126.724463,120.000000,0.000000,191.447368,0.661928,0.000000,20,,,,,,,,,
online-boutique,online-boutique-longmix-stageC-scale20-replica1-markov-steps500-20260612T140717Z,idyn-ob-scale20-replica1,scale20,replica1,adservice=1;cartservice=1;checkoutservice=1;currencyservice=1;emailservice=1;frontend=1;paymentservice=1;productcatalogservice=1;recommendationservice=1;redis-cart=1;shippingservice=1,markov,stageC,cga,CGA,151,151.000,replay,mixed,0.948159,0.021925,14,1.525982,0.000000,0.344308,0.539631,,,0.000000,0.012023,0.012023,11,14,0,118.605370,118.605370,118.605370,118.605370,120.000000,0.000000,191.447368,0.619519,0.000000,20,,,,,,,,,
online-boutique,online-boutique-longmix-stageC-scale20-replica1-markov-steps500-20260612T140717Z,idyn-ob-scale20-replica1,scale20,replica1,adservice=1;cartservice=1;checkoutservice=1;currencyservice=1;emailservice=1;frontend=1;paymentservice=1;productcatalogservice=1;recommendationservice=1;redis-cart=1;shippingservice=1,markov,stageC,hda,HDA,151,151.000,replay,mixed,0.948159,0.021925,14,1.525982,0.000000,0.344308,0.539631,,,0.000000,0.012023,0.012023,11,14,0,110.006564,110.006564,110.006564,110.006564,120.000000,0.000000,191.447368,0.574605,0.000000,20,,,,,,,,,
online-boutique,online-boutique-longmix-stageC-scale20-replica1-markov-steps500-20260612T140717Z,idyn-ob-scale20-replica1,scale20,replica1,adservice=1;cartservice=1;checkoutservice=1;currencyservice=1;emailservice=1;frontend=1;paymentservice=1;productcatalogservice=1;recommendationservice=1;redis-cart=1;shippingservice=1,markov,stageC,kubernetes-default,K8s default,152,152.000,replay,mixed,0.896189,0.054811,14,1.525982,0.000000,0.344308,0.539631,,,0.000000,0.012164,0.012164,11,14,0,124.324183,124.324183,124.324183,124.324183,120.000000,0.000000,191.447368,0.649391,0.000000,20,,,,,,,,,
online-boutique,online-boutique-longmix-stageC-scale20-replica1-markov-steps500-20260612T140717Z,idyn-ob-scale20-replica1,scale20,replica1,adservice=1;cartservice=1;checkoutservice=1;currencyservice=1;emailservice=1;frontend=1;paymentservice=1;productcatalogservice=1;recommendationservice=1;redis-cart=1;shippingservice=1,markov,stageC,cga,CGA,152,152.000,replay,mixed,0.896189,0.054811,14,1.525982,0.000000,0.344308,0.539631,,,0.000000,0.012164,0.012164,11,14,0,118.206538,118.206538,118.206538,118.206538,120.000000,0.000000,191.447368,0.617436,0.000000,20,,,,,,,,,
online-boutique,online-boutique-longmix-stageC-scale20-replica1-markov-steps500-20260612T140717Z,idyn-ob-scale20-replica1,scale20,replica1,adservice=1;cartservice=1;checkoutservice=1;currencyservice=1;emailservice=1;frontend=1;paymentservice=1;productcatalogservice=1;recommendationservice=1;redis-cart=1;shippingservice=1,markov,stageC,hda,HDA,152,152.000,replay,mixed,0.896189,0.054811,14,1.525982,0.000000,0.344308,0.539631,,,0.000000,0.012164,0.012164,11,14,0,108.391780,108.391780,108.391780,108.391780,120.000000,0.000000,191.447368,0.566170,0.000000,20,,,,,,,,,
online-boutique,online-boutique-longmix-stageC-scale20-replica1-markov-steps500-20260612T140717Z,idyn-ob-scale20-replica1,scale20,replica1,adservice=1;cartservice=1;checkoutservice=1;currencyservice=1;emailservice=1;frontend=1;paymentservice=1;productcatalogservice=1;recommendationservice=1;redis-cart=1;shippingservice=1,markov,stageC,kubernetes-default,K8s default,153,153.000,replay,mixed,0.882680,0.015073,14,1.525982,0.000000,0.344308,0.539631,,,0.000000,0.010761,0.010761,11,14,0,123.032486,123.032486,123.032486,123.032486,120.000000,0.000000,191.447368,0.642644,0.000000,20,,,,,,,,,
online-boutique,online-boutique-longmix-stageC-scale20-replica1-markov-steps500-20260612T140717Z,idyn-ob-scale20-replica1,scale20,replica1,adservice=1;cartservice=1;checkoutservice=1;currencyservice=1;emailservice=1;frontend=1;paymentservice=1;productcatalogservice=1;recommendationservice=1;redis-cart=1;shippingservice=1,markov,stageC,cga,CGA,153,153.000,replay,mixed,0.882680,0.015073,14,1.525982,0.000000,0.344308,0.539631,,,0.000000,0.010761,0.010761,11,14,0,113.862204,113.862204,113.862204,113.862204,120.000000,0.000000,191.447368,0.594744,0.000000,20,,,,,,,,,
online-boutique,online-boutique-longmix-stageC-scale20-replica1-markov-steps500-20260612T140717Z,idyn-ob-scale20-replica1,scale20,replica1,adservice=1;cartservice=1;checkoutservice=1;currencyservice=1;emailservice=1;frontend=1;paymentservice=1;productcatalogservice=1;recommendationservice=1;redis-cart=1;shippingservice=1,markov,stageC,hda,HDA,153,153.000,replay,mixed,0.882680,0.015073,14,1.525982,0.000000,0.344308,0.539631,,,0.000000,0.010761,0.010761,11,14,0,108.199610,108.199610,108.199610,108.199610,120.000000,0.000000,191.447368,0.565166,0.000000,20,,,,,,,,,
online-boutique,online-boutique-longmix-stageC-scale20-replica1-markov-steps500-20260612T140717Z,idyn-ob-scale20-replica1,scale20,replica1,adservice=1;cartservice=1;checkoutservice=1;currencyservice=1;emailservice=1;frontend=1;paymentservice=1;productcatalogservice=1;recommendationservice=1;redis-cart=1;shippingservice=1,markov,stageC,kubernetes-default,K8s default,154,154.000,replay,mixed,0.880456,0.002520,14,1.525982,0.000000,0.344308,0.539631,,,0.000000,0.015840,0.015840,11,14,0,116.475136,116.475136,116.475136,116.475136,120.000000,0.000000,191.447368,0.608392,0.000000,20,,,,,,,,,
online-boutique,online-boutique-longmix-stageC-scale20-replica1-markov-steps500-20260612T140717Z,idyn-ob-scale20-replica1,scale20,replica1,adservice=1;cartservice=1;checkoutservice=1;currencyservice=1;emailservice=1;frontend=1;paymentservice=1;productcatalogservice=1;recommendationservice=1;redis-cart=1;shippingservice=1,markov,stageC,cga,CGA,154,154.000,replay,mixed,0.880456,0.002520,14,1.525982,0.000000,0.344308,0.539631,,,0.000000,0.015840,0.015840,11,14,0,108.619684,108.619684,108.619684,108.619684,120.000000,0.000000,191.447368,0.567361,0.000000,20,,,,,,,,,
online-boutique,online-boutique-longmix-stageC-scale20-replica1-markov-steps500-20260612T140717Z,idyn-ob-scale20-replica1,scale20,replica1,adservice=1;cartservice=1;checkoutservice=1;currencyservice=1;emailservice=1;frontend=1;paymentservice=1;productcatalogservice=1;recommendationservice=1;redis-cart=1;shippingservice=1,markov,stageC,hda,HDA,154,154.000,replay,mixed,0.880456,0.002520,14,1.525982,0.000000,0.344308,0.539631,,,0.000000,0.015840,0.015840,11,14,0,112.055846,112.055846,112.055846,112.055846,120.000000,0.000000,191.447368,0.585309,0.000000,20,,,,,,,,,
online-boutique,online-boutique-longmix-stageC-scale20-replica1-markov-steps500-20260612T140717Z,idyn-ob-scale20-replica1,scale20,replica1,adservice=1;cartservice=1;checkoutservice=1;currencyservice=1;emailservice=1;frontend=1;paymentservice=1;productcatalogservice=1;recommendationservice=1;redis-cart=1;shippingservice=1,markov,stageC,kubernetes-default,K8s default,155,155.000,replay,mixed,0.967322,0.865201,7,1.012248,1.000000,0.347958,0.133792,,,0.000000,0.010319,0.010319,7,7,0,124.225697,124.225697,124.225697,124.225697,120.000000,0.000000,139.447368,0.890843,0.000000,20,,,,,,,,,
online-boutique,online-boutique-longmix-stageC-scale20-replica1-markov-steps500-20260612T140717Z,idyn-ob-scale20-replica1,scale20,replica1,adservice=1;cartservice=1;checkoutservice=1;currencyservice=1;emailservice=1;frontend=1;paymentservice=1;productcatalogservice=1;recommendationservice=1;redis-cart=1;shippingservice=1,markov,stageC,cga,CGA,155,155.000,replay,mixed,0.967322,0.865201,7,1.012248,1.000000,0.347958,0.133792,,,0.000000,0.010319,0.010319,7,7,0,116.271923,116.271923,116.271923,116.271923,120.000000,0.000000,139.447368,0.833805,0.000000,20,,,,,,,,,
online-boutique,online-boutique-longmix-stageC-scale20-replica1-markov-steps500-20260612T140717Z,idyn-ob-scale20-replica1,scale20,replica1,adservice=1;cartservice=1;checkoutservice=1;currencyservice=1;emailservice=1;frontend=1;paymentservice=1;productcatalogservice=1;recommendationservice=1;redis-cart=1;shippingservice=1,markov,stageC,hda,HDA,155,155.000,replay,mixed,0.967322,0.865201,7,1.012248,1.000000,0.347958,0.133792,,,0.000000,0.010319,0.010319,7,7,0,113.980235,113.980235,113.980235,113.980235,120.000000,0.000000,139.447368,0.817371,0.000000,20,,,,,,,,,
online-boutique,online-boutique-longmix-stageC-scale20-replica1-markov-steps500-20260612T140717Z,idyn-ob-scale20-replica1,scale20,replica1,adservice=1;cartservice=1;checkoutservice=1;currencyservice=1;emailservice=1;frontend=1;paymentservice=1;productcatalogservice=1;recommendationservice=1;redis-cart=1;shippingservice=1,markov,stageC,kubernetes-default,K8s default,156,156.000,replay,mixed,0.896527,0.073187,7,1.012248,0.000000,0.347958,0.133792,,,0.000000,0.009859,0.009859,7,7,0,84.604798,84.604798,84.604798,84.604798,120.000000,0.000000,139.447368,0.606715,0.000000,20,,,,,,,,,
online-boutique,online-boutique-longmix-stageC-scale20-replica1-markov-steps500-20260612T140717Z,idyn-ob-scale20-replica1,scale20,replica1,adservice=1;cartservice=1;checkoutservice=1;currencyservice=1;emailservice=1;frontend=1;paymentservice=1;productcatalogservice=1;recommendationservice=1;redis-cart=1;shippingservice=1,markov,stageC,cga,CGA,156,156.000,replay,mixed,0.896527,0.073187,7,1.012248,0.000000,0.347958,0.133792,,,0.000000,0.009859,0.009859,7,7,0,82.489286,82.489286,82.489286,82.489286,120.000000,0.000000,139.447368,0.591544,0.000000,20,,,,,,,,,
online-boutique,online-boutique-longmix-stageC-scale20-replica1-markov-steps500-20260612T140717Z,idyn-ob-scale20-replica1,scale20,replica1,adservice=1;cartservice=1;checkoutservice=1;currencyservice=1;emailservice=1;frontend=1;paymentservice=1;productcatalogservice=1;recommendationservice=1;redis-cart=1;shippingservice=1,markov,stageC,hda,HDA,156,156.000,replay,mixed,0.896527,0.073187,7,1.012248,0.000000,0.347958,0.133792,,,0.000000,0.009859,0.009859,7,7,0,79.417861,79.417861,79.417861,79.417861,120.000000,0.000000,139.447368,0.569519,0.000000,20,,,,,,,,,
online-boutique,online-boutique-longmix-stageC-scale20-replica1-markov-steps500-20260612T140717Z,idyn-ob-scale20-replica1,scale20,replica1,adservice=1;cartservice=1;checkoutservice=1;currencyservice=1;emailservice=1;frontend=1;paymentservice=1;productcatalogservice=1;recommendationservice=1;redis-cart=1;shippingservice=1,markov,stageC,kubernetes-default,K8s default,157,157.000,replay,mixed,0.873675,0.861860,14,1.525982,1.000000,0.344308,0.539631,,,0.000000,0.013916,0.013916,11,14,0,157.176799,157.176799,157.176799,157.176799,120.000000,0.000000,191.447368,0.820992,0.000000,20,,,,,,,,,
online-boutique,online-boutique-longmix-stageC-scale20-replica1-markov-steps500-20260612T140717Z,idyn-ob-scale20-replica1,scale20,replica1,adservice=1;cartservice=1;checkoutservice=1;currencyservice=1;emailservice=1;frontend=1;paymentservice=1;productcatalogservice=1;recommendationservice=1;redis-cart=1;shippingservice=1,markov,stageC,cga,CGA,157,157.000,replay,mixed,0.873675,0.861860,14,1.525982,1.000000,0.344308,0.539631,,,0.000000,0.013916,0.013916,11,14,0,146.329438,146.329438,146.329438,146.329438,120.000000,0.000000,191.447368,0.764332,0.000000,20,,,,,,,,,
online-boutique,online-boutique-longmix-stageC-scale20-replica1-markov-steps500-20260612T140717Z,idyn-ob-scale20-replica1,scale20,replica1,adservice=1;cartservice=1;checkoutservice=1;currencyservice=1;emailservice=1;frontend=1;paymentservice=1;productcatalogservice=1;recommendationservice=1;redis-cart=1;shippingservice=1,markov,stageC,hda,HDA,157,157.000,replay,mixed,0.873675,0.861860,14,1.525982,1.000000,0.344308,0.539631,,,0.000000,0.013916,0.013916,11,14,0,143.598797,143.598797,143.598797,143.598797,120.000000,0.000000,191.447368,0.750069,0.000000,20,,,,,,,,,
online-boutique,online-boutique-longmix-stageC-scale20-replica1-markov-steps500-20260612T140717Z,idyn-ob-scale20-replica1,scale20,replica1,adservice=1;cartservice=1;checkoutservice=1;currencyservice=1;emailservice=1;frontend=1;paymentservice=1;productcatalogservice=1;recommendationservice=1;redis-cart=1;shippingservice=1,markov,stageC,kubernetes-default,K8s default,158,158.000,replay,mixed,0.906234,0.751263,7,1.368091,0.800000,0.411186,0.478705,,,0.000000,0.009237,0.009237,7,7,0,111.305034,111.305034,111.305034,111.305034,120.000000,0.000000,132.947368,0.837211,0.000000,20,,,,,,,,,
online-boutique,online-boutique-longmix-stageC-scale20-replica1-markov-steps500-20260612T140717Z,idyn-ob-scale20-replica1,scale20,replica1,adservice=1;cartservice=1;checkoutservice=1;currencyservice=1;emailservice=1;frontend=1;paymentservice=1;productcatalogservice=1;recommendationservice=1;redis-cart=1;shippingservice=1,markov,stageC,cga,CGA,158,158.000,replay,mixed,0.906234,0.751263,7,1.368091,0.800000,0.411186,0.478705,,,0.000000,0.009237,0.009237,7,7,0,105.749137,105.749137,105.749137,105.749137,120.000000,0.000000,132.947368,0.795421,0.000000,20,,,,,,,,,
online-boutique,online-boutique-longmix-stageC-scale20-replica1-markov-steps500-20260612T140717Z,idyn-ob-scale20-replica1,scale20,replica1,adservice=1;cartservice=1;checkoutservice=1;currencyservice=1;emailservice=1;frontend=1;paymentservice=1;productcatalogservice=1;recommendationservice=1;redis-cart=1;shippingservice=1,markov,stageC,hda,HDA,158,158.000,replay,mixed,0.906234,0.751263,7,1.368091,0.800000,0.411186,0.478705,,,0.000000,0.009237,0.009237,7,7,0,98.115756,98.115756,98.115756,98.115756,120.000000,0.000000,132.947368,0.738004,0.000000,20,,,,,,,,,
online-boutique,online-boutique-longmix-stageC-scale20-replica1-markov-steps500-20260612T140717Z,idyn-ob-scale20-replica1,scale20,replica1,adservice=1;cartservice=1;checkoutservice=1;currencyservice=1;emailservice=1;frontend=1;paymentservice=1;productcatalogservice=1;recommendationservice=1;redis-cart=1;shippingservice=1,markov,stageC,kubernetes-default,K8s default,159,159.000,replay,mixed,0.912393,0.006751,7,1.368091,0.000000,0.411186,0.478705,,,0.000000,0.012042,0.012042,7,7,0,79.085344,79.085344,79.085344,79.085344,120.000000,0.000000,132.947368,0.594862,0.000000,20,,,,,,,,,
online-boutique,online-boutique-longmix-stageC-scale20-replica1-markov-steps500-20260612T140717Z,idyn-ob-scale20-replica1,scale20,replica1,adservice=1;cartservice=1;checkoutservice=1;currencyservice=1;emailservice=1;frontend=1;paymentservice=1;productcatalogservice=1;recommendationservice=1;redis-cart=1;shippingservice=1,markov,stageC,cga,CGA,159,159.000,replay,mixed,0.912393,0.006751,7,1.368091,0.000000,0.411186,0.478705,,,0.000000,0.012042,0.012042,7,7,0,72.624202,72.624202,72.624202,72.624202,120.000000,0.000000,132.947368,0.546263,0.000000,20,,,,,,,,,
online-boutique,online-boutique-longmix-stageC-scale20-replica1-markov-steps500-20260612T140717Z,idyn-ob-scale20-replica1,scale20,replica1,adservice=1;cartservice=1;checkoutservice=1;currencyservice=1;emailservice=1;frontend=1;paymentservice=1;productcatalogservice=1;recommendationservice=1;redis-cart=1;shippingservice=1,markov,stageC,hda,HDA,159,159.000,replay,mixed,0.912393,0.006751,7,1.368091,0.000000,0.411186,0.478705,,,0.000000,0.012042,0.012042,7,7,0,72.591565,72.591565,72.591565,72.591565,120.000000,0.000000,132.947368,0.546017,0.000000,20,,,,,,,,,
online-boutique,online-boutique-longmix-stageC-scale20-replica1-markov-steps500-20260612T140717Z,idyn-ob-scale20-replica1,scale20,replica1,adservice=1;cartservice=1;checkoutservice=1;currencyservice=1;emailservice=1;frontend=1;paymentservice=1;productcatalogservice=1;recommendationservice=1;redis-cart=1;shippingservice=1,markov,stageC,kubernetes-default,K8s default,160,160.000,replay,mixed,0.933209,0.022306,7,1.368091,0.000000,0.411186,0.478705,,,0.000000,0.022011,0.022011,7,7,0,84.312940,84.312940,84.312940,84.312940,120.000000,0.000000,132.947368,0.634183,0.000000,20,,,,,,,,,
online-boutique,online-boutique-longmix-stageC-scale20-replica1-markov-steps500-20260612T140717Z,idyn-ob-scale20-replica1,scale20,replica1,adservice=1;cartservice=1;checkoutservice=1;currencyservice=1;emailservice=1;frontend=1;paymentservice=1;productcatalogservice=1;recommendationservice=1;redis-cart=1;shippingservice=1,markov,stageC,cga,CGA,160,160.000,replay,mixed,0.933209,0.022306,7,1.368091,0.000000,0.411186,0.478705,,,0.000000,0.022011,0.022011,7,7,0,75.004316,75.004316,75.004316,75.004316,120.000000,0.000000,132.947368,0.564165,0.000000,20,,,,,,,,,
online-boutique,online-boutique-longmix-stageC-scale20-replica1-markov-steps500-20260612T140717Z,idyn-ob-scale20-replica1,scale20,replica1,adservice=1;cartservice=1;checkoutservice=1;currencyservice=1;emailservice=1;frontend=1;paymentservice=1;productcatalogservice=1;recommendationservice=1;redis-cart=1;shippingservice=1,markov,stageC,hda,HDA,160,160.000,replay,mixed,0.933209,0.022306,7,1.368091,0.000000,0.411186,0.478705,,,0.000000,0.022011,0.022011,7,7,0,75.557042,75.557042,75.557042,75.557042,120.000000,0.000000,132.947368,0.568323,0.000000,20,,,,,,,,,
online-boutique,online-boutique-longmix-stageC-scale20-replica1-markov-steps500-20260612T140717Z,idyn-ob-scale20-replica1,scale20,replica1,adservice=1;cartservice=1;checkoutservice=1;currencyservice=1;emailservice=1;frontend=1;paymentservice=1;productcatalogservice=1;recommendationservice=1;redis-cart=1;shippingservice=1,markov,stageC,kubernetes-default,K8s default,161,161.000,replay,mixed,0.890720,0.233442,7,1.440440,0.500000,0.418771,0.479206,,,0.000000,0.009278,0.009278,7,7,0,98.706360,98.706360,98.706360,98.706360,120.000000,0.000000,145.947368,0.676315,0.000000,20,,,,,,,,,
online-boutique,online-boutique-longmix-stageC-scale20-replica1-markov-steps500-20260612T140717Z,idyn-ob-scale20-replica1,scale20,replica1,adservice=1;cartservice=1;checkoutservice=1;currencyservice=1;emailservice=1;frontend=1;paymentservice=1;productcatalogservice=1;recommendationservice=1;redis-cart=1;shippingservice=1,markov,stageC,cga,CGA,161,161.000,replay,mixed,0.890720,0.233442,7,1.440440,0.500000,0.418771,0.479206,,,0.000000,0.009278,0.009278,7,7,0,94.883235,94.883235,94.883235,94.883235,120.000000,0.000000,145.947368,0.650120,0.000000,20,,,,,,,,,
online-boutique,online-boutique-longmix-stageC-scale20-replica1-markov-steps500-20260612T140717Z,idyn-ob-scale20-replica1,scale20,replica1,adservice=1;cartservice=1;checkoutservice=1;currencyservice=1;emailservice=1;frontend=1;paymentservice=1;productcatalogservice=1;recommendationservice=1;redis-cart=1;shippingservice=1,markov,stageC,hda,HDA,161,161.000,replay,mixed,0.890720,0.233442,7,1.440440,0.500000,0.418771,0.479206,,,0.000000,0.009278,0.009278,7,7,0,84.829097,84.829097,84.829097,84.829097,120.000000,0.000000,145.947368,0.581231,0.000000,20,,,,,,,,,
online-boutique,online-boutique-longmix-stageC-scale20-replica1-markov-steps500-20260612T140717Z,idyn-ob-scale20-replica1,scale20,replica1,adservice=1;cartservice=1;checkoutservice=1;currencyservice=1;emailservice=1;frontend=1;paymentservice=1;productcatalogservice=1;recommendationservice=1;redis-cart=1;shippingservice=1,markov,stageC,kubernetes-default,K8s default,162,162.000,replay,mixed,0.945309,0.057747,7,1.440440,0.000000,0.418771,0.479206,,,0.000000,0.009307,0.009307,7,7,0,95.275904,95.275904,95.275904,95.275904,120.000000,0.000000,145.947368,0.652810,0.000000,20,,,,,,,,,
online-boutique,online-boutique-longmix-stageC-scale20-replica1-markov-steps500-20260612T140717Z,idyn-ob-scale20-replica1,scale20,replica1,adservice=1;cartservice=1;checkoutservice=1;currencyservice=1;emailservice=1;frontend=1;paymentservice=1;productcatalogservice=1;recommendationservice=1;redis-cart=1;shippingservice=1,markov,stageC,cga,CGA,162,162.000,replay,mixed,0.945309,0.057747,7,1.440440,0.000000,0.418771,0.479206,,,0.000000,0.009307,0.009307,7,7,0,87.341931,87.341931,87.341931,87.341931,120.000000,0.000000,145.947368,0.598448,0.000000,20,,,,,,,,,
online-boutique,online-boutique-longmix-stageC-scale20-replica1-markov-steps500-20260612T140717Z,idyn-ob-scale20-replica1,scale20,replica1,adservice=1;cartservice=1;checkoutservice=1;currencyservice=1;emailservice=1;frontend=1;paymentservice=1;productcatalogservice=1;recommendationservice=1;redis-cart=1;shippingservice=1,markov,stageC,hda,HDA,162,162.000,replay,mixed,0.945309,0.057747,7,1.440440,0.000000,0.418771,0.479206,,,0.000000,0.009307,0.009307,7,7,0,80.054270,80.054270,80.054270,80.054270,120.000000,0.000000,145.947368,0.548515,0.000000,20,,,,,,,,,
online-boutique,online-boutique-longmix-stageC-scale20-replica1-markov-steps500-20260612T140717Z,idyn-ob-scale20-replica1,scale20,replica1,adservice=1;cartservice=1;checkoutservice=1;currencyservice=1;emailservice=1;frontend=1;paymentservice=1;productcatalogservice=1;recommendationservice=1;redis-cart=1;shippingservice=1,markov,stageC,kubernetes-default,K8s default,163,163.000,replay,mixed,0.949193,0.004093,7,1.440440,0.000000,0.418771,0.479206,,,0.000000,0.009368,0.009368,7,7,0,88.139489,88.139489,88.139489,88.139489,120.000000,0.000000,145.947368,0.603913,0.000000,20,,,,,,,,,
online-boutique,online-boutique-longmix-stageC-scale20-replica1-markov-steps500-20260612T140717Z,idyn-ob-scale20-replica1,scale20,replica1,adservice=1;cartservice=1;checkoutservice=1;currencyservice=1;emailservice=1;frontend=1;paymentservice=1;productcatalogservice=1;recommendationservice=1;redis-cart=1;shippingservice=1,markov,stageC,cga,CGA,163,163.000,replay,mixed,0.949193,0.004093,7,1.440440,0.000000,0.418771,0.479206,,,0.000000,0.009368,0.009368,7,7,0,86.943049,86.943049,86.943049,86.943049,120.000000,0.000000,145.947368,0.595715,0.000000,20,,,,,,,,,
online-boutique,online-boutique-longmix-stageC-scale20-replica1-markov-steps500-20260612T140717Z,idyn-ob-scale20-replica1,scale20,replica1,adservice=1;cartservice=1;checkoutservice=1;currencyservice=1;emailservice=1;frontend=1;paymentservice=1;productcatalogservice=1;recommendationservice=1;redis-cart=1;shippingservice=1,markov,stageC,hda,HDA,163,163.000,replay,mixed,0.949193,0.004093,7,1.440440,0.000000,0.418771,0.479206,,,0.000000,0.009368,0.009368,7,7,0,82.572253,82.572253,82.572253,82.572253,120.000000,0.000000,145.947368,0.565767,0.000000,20,,,,,,,,,
online-boutique,online-boutique-longmix-stageC-scale20-replica1-markov-steps500-20260612T140717Z,idyn-ob-scale20-replica1,scale20,replica1,adservice=1;cartservice=1;checkoutservice=1;currencyservice=1;emailservice=1;frontend=1;paymentservice=1;productcatalogservice=1;recommendationservice=1;redis-cart=1;shippingservice=1,markov,stageC,kubernetes-default,K8s default,164,164.000,replay,mixed,0.892808,0.721759,7,1.012248,0.800000,0.347958,0.133792,,,0.000000,0.009197,0.009197,7,7,0,116.831551,116.831551,116.831551,116.831551,120.000000,0.000000,139.447368,0.837818,0.000000,20,,,,,,,,,
online-boutique,online-boutique-longmix-stageC-scale20-replica1-markov-steps500-20260612T140717Z,idyn-ob-scale20-replica1,scale20,replica1,adservice=1;cartservice=1;checkoutservice=1;currencyservice=1;emailservice=1;frontend=1;paymentservice=1;productcatalogservice=1;recommendationservice=1;redis-cart=1;shippingservice=1,markov,stageC,cga,CGA,164,164.000,replay,mixed,0.892808,0.721759,7,1.012248,0.800000,0.347958,0.133792,,,0.000000,0.009197,0.009197,7,7,0,109.105744,109.105744,109.105744,109.105744,120.000000,0.000000,139.447368,0.782415,0.000000,20,,,,,,,,,
online-boutique,online-boutique-longmix-stageC-scale20-replica1-markov-steps500-20260612T140717Z,idyn-ob-scale20-replica1,scale20,replica1,adservice=1;cartservice=1;checkoutservice=1;currencyservice=1;emailservice=1;frontend=1;paymentservice=1;productcatalogservice=1;recommendationservice=1;redis-cart=1;shippingservice=1,markov,stageC,hda,HDA,164,164.000,replay,mixed,0.892808,0.721759,7,1.012248,0.800000,0.347958,0.133792,,,0.000000,0.009197,0.009197,7,7,0,109.071012,109.071012,109.071012,109.071012,120.000000,0.000000,139.447368,0.782166,0.000000,20,,,,,,,,,
online-boutique,online-boutique-longmix-stageC-scale20-replica1-markov-steps500-20260612T140717Z,idyn-ob-scale20-replica1,scale20,replica1,adservice=1;cartservice=1;checkoutservice=1;currencyservice=1;emailservice=1;frontend=1;paymentservice=1;productcatalogservice=1;recommendationservice=1;redis-cart=1;shippingservice=1,markov,stageC,kubernetes-default,K8s default,165,165.000,replay,mixed,0.894565,0.860537,14,1.525982,1.000000,0.344308,0.539631,,,0.000000,0.012433,0.012433,11,14,0,159.146035,159.146035,159.146035,159.146035,120.000000,0.000000,191.447368,0.831278,0.000000,20,,,,,,,,,
online-boutique,online-boutique-longmix-stageC-scale20-replica1-markov-steps500-20260612T140717Z,idyn-ob-scale20-replica1,scale20,replica1,adservice=1;cartservice=1;checkoutservice=1;currencyservice=1;emailservice=1;frontend=1;paymentservice=1;productcatalogservice=1;recommendationservice=1;redis-cart=1;shippingservice=1,markov,stageC,cga,CGA,165,165.000,replay,mixed,0.894565,0.860537,14,1.525982,1.000000,0.344308,0.539631,,,0.000000,0.012433,0.012433,11,14,0,151.075670,151.075670,151.075670,151.075670,120.000000,0.000000,191.447368,0.789124,0.000000,20,,,,,,,,,
online-boutique,online-boutique-longmix-stageC-scale20-replica1-markov-steps500-20260612T140717Z,idyn-ob-scale20-replica1,scale20,replica1,adservice=1;cartservice=1;checkoutservice=1;currencyservice=1;emailservice=1;frontend=1;paymentservice=1;productcatalogservice=1;recommendationservice=1;redis-cart=1;shippingservice=1,markov,stageC,hda,HDA,165,165.000,replay,mixed,0.894565,0.860537,14,1.525982,1.000000,0.344308,0.539631,,,0.000000,0.012433,0.012433,11,14,0,144.271842,144.271842,144.271842,144.271842,120.000000,0.000000,191.447368,0.753585,0.000000,20,,,,,,,,,
online-boutique,online-boutique-longmix-stageC-scale20-replica1-markov-steps500-20260612T140717Z,idyn-ob-scale20-replica1,scale20,replica1,adservice=1;cartservice=1;checkoutservice=1;currencyservice=1;emailservice=1;frontend=1;paymentservice=1;productcatalogservice=1;recommendationservice=1;redis-cart=1;shippingservice=1,markov,stageC,kubernetes-default,K8s default,166,166.000,replay,mixed,0.847659,0.052435,14,1.525982,0.000000,0.344308,0.539631,,,0.000000,0.008976,0.008976,11,14,0,123.149095,123.149095,123.149095,123.149095,120.000000,0.000000,191.447368,0.643253,0.000000,20,,,,,,,,,
online-boutique,online-boutique-longmix-stageC-scale20-replica1-markov-steps500-20260612T140717Z,idyn-ob-scale20-replica1,scale20,replica1,adservice=1;cartservice=1;checkoutservice=1;currencyservice=1;emailservice=1;frontend=1;paymentservice=1;productcatalogservice=1;recommendationservice=1;redis-cart=1;shippingservice=1,markov,stageC,cga,CGA,166,166.000,replay,mixed,0.847659,0.052435,14,1.525982,0.000000,0.344308,0.539631,,,0.000000,0.008976,0.008976,11,14,0,112.475453,112.475453,112.475453,112.475453,120.000000,0.000000,191.447368,0.587501,0.000000,20,,,,,,,,,
online-boutique,online-boutique-longmix-stageC-scale20-replica1-markov-steps500-20260612T140717Z,idyn-ob-scale20-replica1,scale20,replica1,adservice=1;cartservice=1;checkoutservice=1;currencyservice=1;emailservice=1;frontend=1;paymentservice=1;productcatalogservice=1;recommendationservice=1;redis-cart=1;shippingservice=1,markov,stageC,hda,HDA,166,166.000,replay,mixed,0.847659,0.052435,14,1.525982,0.000000,0.344308,0.539631,,,0.000000,0.008976,0.008976,11,14,0,107.145210,107.145210,107.145210,107.145210,120.000000,0.000000,191.447368,0.559659,0.000000,20,,,,,,,,,
online-boutique,online-boutique-longmix-stageC-scale20-replica1-markov-steps500-20260612T140717Z,idyn-ob-scale20-replica1,scale20,replica1,adservice=1;cartservice=1;checkoutservice=1;currencyservice=1;emailservice=1;frontend=1;paymentservice=1;productcatalogservice=1;recommendationservice=1;redis-cart=1;shippingservice=1,markov,stageC,kubernetes-default,K8s default,167,167.000,replay,mixed,0.855855,0.009577,14,1.525982,0.000000,0.344308,0.539631,,,0.000000,0.009307,0.009307,11,14,0,115.012184,115.012184,115.012184,115.012184,120.000000,0.000000,191.447368,0.600751,0.000000,20,,,,,,,,,
online-boutique,online-boutique-longmix-stageC-scale20-replica1-markov-steps500-20260612T140717Z,idyn-ob-scale20-replica1,scale20,replica1,adservice=1;cartservice=1;checkoutservice=1;currencyservice=1;emailservice=1;frontend=1;paymentservice=1;productcatalogservice=1;recommendationservice=1;redis-cart=1;shippingservice=1,markov,stageC,cga,CGA,167,167.000,replay,mixed,0.855855,0.009577,14,1.525982,0.000000,0.344308,0.539631,,,0.000000,0.009307,0.009307,11,14,0,112.068805,112.068805,112.068805,112.068805,120.000000,0.000000,191.447368,0.585377,0.000000,20,,,,,,,,,
online-boutique,online-boutique-longmix-stageC-scale20-replica1-markov-steps500-20260612T140717Z,idyn-ob-scale20-replica1,scale20,replica1,adservice=1;cartservice=1;checkoutservice=1;currencyservice=1;emailservice=1;frontend=1;paymentservice=1;productcatalogservice=1;recommendationservice=1;redis-cart=1;shippingservice=1,markov,stageC,hda,HDA,167,167.000,replay,mixed,0.855855,0.009577,14,1.525982,0.000000,0.344308,0.539631,,,0.000000,0.009307,0.009307,11,14,0,108.203257,108.203257,108.203257,108.203257,120.000000,0.000000,191.447368,0.565185,0.000000,20,,,,,,,,,
online-boutique,online-boutique-longmix-stageC-scale20-replica1-markov-steps500-20260612T140717Z,idyn-ob-scale20-replica1,scale20,replica1,adservice=1;cartservice=1;checkoutservice=1;currencyservice=1;emailservice=1;frontend=1;paymentservice=1;productcatalogservice=1;recommendationservice=1;redis-cart=1;shippingservice=1,markov,stageC,kubernetes-default,K8s default,168,168.000,replay,mixed,0.871581,0.018043,14,1.525982,0.000000,0.344308,0.539631,,,0.000000,0.009868,0.009868,11,14,0,117.376294,117.376294,117.376294,117.376294,120.000000,0.000000,191.447368,0.613100,0.000000,20,,,,,,,,,
online-boutique,online-boutique-longmix-stageC-scale20-replica1-markov-steps500-20260612T140717Z,idyn-ob-scale20-replica1,scale20,replica1,adservice=1;cartservice=1;checkoutservice=1;currencyservice=1;emailservice=1;frontend=1;paymentservice=1;productcatalogservice=1;recommendationservice=1;redis-cart=1;shippingservice=1,markov,stageC,cga,CGA,168,168.000,replay,mixed,0.871581,0.018043,14,1.525982,0.000000,0.344308,0.539631,,,0.000000,0.009868,0.009868,11,14,0,115.193872,115.193872,115.193872,115.193872,120.000000,0.000000,191.447368,0.601700,0.000000,20,,,,,,,,,
online-boutique,online-boutique-longmix-stageC-scale20-replica1-markov-steps500-20260612T140717Z,idyn-ob-scale20-replica1,scale20,replica1,adservice=1;cartservice=1;checkoutservice=1;currencyservice=1;emailservice=1;frontend=1;paymentservice=1;productcatalogservice=1;recommendationservice=1;redis-cart=1;shippingservice=1,markov,stageC,hda,HDA,168,168.000,replay,mixed,0.871581,0.018043,14,1.525982,0.000000,0.344308,0.539631,,,0.000000,0.009868,0.009868,11,14,0,107.790849,107.790849,107.790849,107.790849,120.000000,0.000000,191.447368,0.563031,0.000000,20,,,,,,,,,
online-boutique,online-boutique-longmix-stageC-scale20-replica1-markov-steps500-20260612T140717Z,idyn-ob-scale20-replica1,scale20,replica1,adservice=1;cartservice=1;checkoutservice=1;currencyservice=1;emailservice=1;frontend=1;paymentservice=1;productcatalogservice=1;recommendationservice=1;redis-cart=1;shippingservice=1,markov,stageC,kubernetes-default,K8s default,169,169.000,replay,mixed,0.917285,0.820405,7,1.440440,1.000000,0.467762,1.918165,,,0.000000,0.012663,0.012663,7,7,0,104.655203,104.655203,104.655203,104.655203,120.000000,0.000000,119.947368,0.872509,0.000000,20,,,,,,,,,
online-boutique,online-boutique-longmix-stageC-scale20-replica1-markov-steps500-20260612T140717Z,idyn-ob-scale20-replica1,scale20,replica1,adservice=1;cartservice=1;checkoutservice=1;currencyservice=1;emailservice=1;frontend=1;paymentservice=1;productcatalogservice=1;recommendationservice=1;redis-cart=1;shippingservice=1,markov,stageC,cga,CGA,169,169.000,replay,mixed,0.917285,0.820405,7,1.440440,1.000000,0.467762,1.918165,,,0.000000,0.012663,0.012663,7,7,0,97.913665,97.913665,97.913665,97.913665,120.000000,0.000000,119.947368,0.816305,0.000000,20,,,,,,,,,
online-boutique,online-boutique-longmix-stageC-scale20-replica1-markov-steps500-20260612T140717Z,idyn-ob-scale20-replica1,scale20,replica1,adservice=1;cartservice=1;checkoutservice=1;currencyservice=1;emailservice=1;frontend=1;paymentservice=1;productcatalogservice=1;recommendationservice=1;redis-cart=1;shippingservice=1,markov,stageC,hda,HDA,169,169.000,replay,mixed,0.917285,0.820405,7,1.440440,1.000000,0.467762,1.918165,,,0.000000,0.012663,0.012663,7,7,0,92.684925,92.684925,92.684925,92.684925,120.000000,0.000000,119.947368,0.772713,0.000000,20,,,,,,,,,
online-boutique,online-boutique-longmix-stageC-scale20-replica1-markov-steps500-20260612T140717Z,idyn-ob-scale20-replica1,scale20,replica1,adservice=1;cartservice=1;checkoutservice=1;currencyservice=1;emailservice=1;frontend=1;paymentservice=1;productcatalogservice=1;recommendationservice=1;redis-cart=1;shippingservice=1,markov,stageC,kubernetes-default,K8s default,170,170.000,replay,mixed,0.862193,0.060061,7,1.440440,0.000000,0.467762,1.918165,,,0.000000,0.009047,0.009047,7,7,0,70.808201,70.808201,70.808201,70.808201,120.000000,0.000000,119.947368,0.590327,0.000000,20,,,,,,,,,
online-boutique,online-boutique-longmix-stageC-scale20-replica1-markov-steps500-20260612T140717Z,idyn-ob-scale20-replica1,scale20,replica1,adservice=1;cartservice=1;checkoutservice=1;currencyservice=1;emailservice=1;frontend=1;paymentservice=1;productcatalogservice=1;recommendationservice=1;redis-cart=1;shippingservice=1,markov,stageC,cga,CGA,170,170.000,replay,mixed,0.862193,0.060061,7,1.440440,0.000000,0.467762,1.918165,,,0.000000,0.009047,0.009047,7,7,0,67.142315,67.142315,67.142315,67.142315,120.000000,0.000000,119.947368,0.559765,0.000000,20,,,,,,,,,
online-boutique,online-boutique-longmix-stageC-scale20-replica1-markov-steps500-20260612T140717Z,idyn-ob-scale20-replica1,scale20,replica1,adservice=1;cartservice=1;checkoutservice=1;currencyservice=1;emailservice=1;frontend=1;paymentservice=1;productcatalogservice=1;recommendationservice=1;redis-cart=1;shippingservice=1,markov,stageC,hda,HDA,170,170.000,replay,mixed,0.862193,0.060061,7,1.440440,0.000000,0.467762,1.918165,,,0.000000,0.009047,0.009047,7,7,0,62.174735,62.174735,62.174735,62.174735,120.000000,0.000000,119.947368,0.518350,0.000000,20,,,,,,,,,
online-boutique,online-boutique-longmix-stageC-scale20-replica1-markov-steps500-20260612T140717Z,idyn-ob-scale20-replica1,scale20,replica1,adservice=1;cartservice=1;checkoutservice=1;currencyservice=1;emailservice=1;frontend=1;paymentservice=1;productcatalogservice=1;recommendationservice=1;redis-cart=1;shippingservice=1,markov,stageC,kubernetes-default,K8s default,171,171.000,replay,mixed,0.885577,0.026406,7,1.440440,0.000000,0.467762,1.918165,,,0.000000,0.014277,0.014277,7,7,0,72.304847,72.304847,72.304847,72.304847,120.000000,0.000000,119.947368,0.602805,0.000000,20,,,,,,,,,
online-boutique,online-boutique-longmix-stageC-scale20-replica1-markov-steps500-20260612T140717Z,idyn-ob-scale20-replica1,scale20,replica1,adservice=1;cartservice=1;checkoutservice=1;currencyservice=1;emailservice=1;frontend=1;paymentservice=1;productcatalogservice=1;recommendationservice=1;redis-cart=1;shippingservice=1,markov,stageC,cga,CGA,171,171.000,replay,mixed,0.885577,0.026406,7,1.440440,0.000000,0.467762,1.918165,,,0.000000,0.014277,0.014277,7,7,0,66.647687,66.647687,66.647687,66.647687,120.000000,0.000000,119.947368,0.555641,0.000000,20,,,,,,,,,
online-boutique,online-boutique-longmix-stageC-scale20-replica1-markov-steps500-20260612T140717Z,idyn-ob-scale20-replica1,scale20,replica1,adservice=1;cartservice=1;checkoutservice=1;currencyservice=1;emailservice=1;frontend=1;paymentservice=1;productcatalogservice=1;recommendationservice=1;redis-cart=1;shippingservice=1,markov,stageC,hda,HDA,171,171.000,replay,mixed,0.885577,0.026406,7,1.440440,0.000000,0.467762,1.918165,,,0.000000,0.014277,0.014277,7,7,0,66.292111,66.292111,66.292111,66.292111,120.000000,0.000000,119.947368,0.552677,0.000000,20,,,,,,,,,
online-boutique,online-boutique-longmix-stageC-scale20-replica1-markov-steps500-20260612T140717Z,idyn-ob-scale20-replica1,scale20,replica1,adservice=1;cartservice=1;checkoutservice=1;currencyservice=1;emailservice=1;frontend=1;paymentservice=1;productcatalogservice=1;recommendationservice=1;redis-cart=1;shippingservice=1,markov,stageC,kubernetes-default,K8s default,172,172.000,replay,mixed,0.831059,0.061562,7,1.440440,0.000000,0.467762,1.918165,,,0.000000,0.009318,0.009318,7,7,0,72.466908,72.466908,72.466908,72.466908,120.000000,0.000000,119.947368,0.604156,0.000000,20,,,,,,,,,
online-boutique,online-boutique-longmix-stageC-scale20-replica1-markov-steps500-20260612T140717Z,idyn-ob-scale20-replica1,scale20,replica1,adservice=1;cartservice=1;checkoutservice=1;currencyservice=1;emailservice=1;frontend=1;paymentservice=1;productcatalogservice=1;recommendationservice=1;redis-cart=1;shippingservice=1,markov,stageC,cga,CGA,172,172.000,replay,mixed,0.831059,0.061562,7,1.440440,0.000000,0.467762,1.918165,,,0.000000,0.009318,0.009318,7,7,0,66.947263,66.947263,66.947263,66.947263,120.000000,0.000000,119.947368,0.558139,0.000000,20,,,,,,,,,
online-boutique,online-boutique-longmix-stageC-scale20-replica1-markov-steps500-20260612T140717Z,idyn-ob-scale20-replica1,scale20,replica1,adservice=1;cartservice=1;checkoutservice=1;currencyservice=1;emailservice=1;frontend=1;paymentservice=1;productcatalogservice=1;recommendationservice=1;redis-cart=1;shippingservice=1,markov,stageC,hda,HDA,172,172.000,replay,mixed,0.831059,0.061562,7,1.440440,0.000000,0.467762,1.918165,,,0.000000,0.009318,0.009318,7,7,0,59.038934,59.038934,59.038934,59.038934,120.000000,0.000000,119.947368,0.492207,0.000000,20,,,,,,,,,
online-boutique,online-boutique-longmix-stageC-scale20-replica1-markov-steps500-20260612T140717Z,idyn-ob-scale20-replica1,scale20,replica1,adservice=1;cartservice=1;checkoutservice=1;currencyservice=1;emailservice=1;frontend=1;paymentservice=1;productcatalogservice=1;recommendationservice=1;redis-cart=1;shippingservice=1,markov,stageC,kubernetes-default,K8s default,173,173.000,replay,mixed,0.902426,0.079083,7,1.440440,0.000000,0.467762,1.918165,,,0.000000,0.012774,0.012774,7,7,0,71.713853,71.713853,71.713853,71.713853,120.000000,0.000000,119.947368,0.597878,0.000000,20,,,,,,,,,
online-boutique,online-boutique-longmix-stageC-scale20-replica1-markov-steps500-20260612T140717Z,idyn-ob-scale20-replica1,scale20,replica1,adservice=1;cartservice=1;checkoutservice=1;currencyservice=1;emailservice=1;frontend=1;paymentservice=1;productcatalogservice=1;recommendationservice=1;redis-cart=1;shippingservice=1,markov,stageC,cga,CGA,173,173.000,replay,mixed,0.902426,0.079083,7,1.440440,0.000000,0.467762,1.918165,,,0.000000,0.012774,0.012774,7,7,0,70.104301,70.104301,70.104301,70.104301,120.000000,0.000000,119.947368,0.584459,0.000000,20,,,,,,,,,
online-boutique,online-boutique-longmix-stageC-scale20-replica1-markov-steps500-20260612T140717Z,idyn-ob-scale20-replica1,scale20,replica1,adservice=1;cartservice=1;checkoutservice=1;currencyservice=1;emailservice=1;frontend=1;paymentservice=1;productcatalogservice=1;recommendationservice=1;redis-cart=1;shippingservice=1,markov,stageC,hda,HDA,173,173.000,replay,mixed,0.902426,0.079083,7,1.440440,0.000000,0.467762,1.918165,,,0.000000,0.012774,0.012774,7,7,0,62.704940,62.704940,62.704940,62.704940,120.000000,0.000000,119.947368,0.522770,0.000000,20,,,,,,,,,
online-boutique,online-boutique-longmix-stageC-scale20-replica1-markov-steps500-20260612T140717Z,idyn-ob-scale20-replica1,scale20,replica1,adservice=1;cartservice=1;checkoutservice=1;currencyservice=1;emailservice=1;frontend=1;paymentservice=1;productcatalogservice=1;recommendationservice=1;redis-cart=1;shippingservice=1,markov,stageC,kubernetes-default,K8s default,174,174.000,replay,mixed,0.891068,0.012585,7,1.440440,0.000000,0.467762,1.918165,,,0.000000,0.008787,0.008787,7,7,0,69.602913,69.602913,69.602913,69.602913,120.000000,0.000000,119.947368,0.580279,0.000000,20,,,,,,,,,
online-boutique,online-boutique-longmix-stageC-scale20-replica1-markov-steps500-20260612T140717Z,idyn-ob-scale20-replica1,scale20,replica1,adservice=1;cartservice=1;checkoutservice=1;currencyservice=1;emailservice=1;frontend=1;paymentservice=1;productcatalogservice=1;recommendationservice=1;redis-cart=1;shippingservice=1,markov,stageC,cga,CGA,174,174.000,replay,mixed,0.891068,0.012585,7,1.440440,0.000000,0.467762,1.918165,,,0.000000,0.008787,0.008787,7,7,0,72.950167,72.950167,72.950167,72.950167,120.000000,0.000000,119.947368,0.608185,0.000000,20,,,,,,,,,
online-boutique,online-boutique-longmix-stageC-scale20-replica1-markov-steps500-20260612T140717Z,idyn-ob-scale20-replica1,scale20,replica1,adservice=1;cartservice=1;checkoutservice=1;currencyservice=1;emailservice=1;frontend=1;paymentservice=1;productcatalogservice=1;recommendationservice=1;redis-cart=1;shippingservice=1,markov,stageC,hda,HDA,174,174.000,replay,mixed,0.891068,0.012585,7,1.440440,0.000000,0.467762,1.918165,,,0.000000,0.008787,0.008787,7,7,0,62.736389,62.736389,62.736389,62.736389,120.000000,0.000000,119.947368,0.523033,0.000000,20,,,,,,,,,
online-boutique,online-boutique-longmix-stageC-scale20-replica1-markov-steps500-20260612T140717Z,idyn-ob-scale20-replica1,scale20,replica1,adservice=1;cartservice=1;checkoutservice=1;currencyservice=1;emailservice=1;frontend=1;paymentservice=1;productcatalogservice=1;recommendationservice=1;redis-cart=1;shippingservice=1,markov,stageC,kubernetes-default,K8s default,175,175.000,replay,mixed,0.869371,0.024350,7,1.440440,0.000000,0.467762,1.918165,,,0.000000,0.008717,0.008717,7,7,0,67.778184,67.778184,67.778184,67.778184,120.000000,0.000000,119.947368,0.565066,0.000000,20,,,,,,,,,
online-boutique,online-boutique-longmix-stageC-scale20-replica1-markov-steps500-20260612T140717Z,idyn-ob-scale20-replica1,scale20,replica1,adservice=1;cartservice=1;checkoutservice=1;currencyservice=1;emailservice=1;frontend=1;paymentservice=1;productcatalogservice=1;recommendationservice=1;redis-cart=1;shippingservice=1,markov,stageC,cga,CGA,175,175.000,replay,mixed,0.869371,0.024350,7,1.440440,0.000000,0.467762,1.918165,,,0.000000,0.008717,0.008717,7,7,0,63.511582,63.511582,63.511582,63.511582,120.000000,0.000000,119.947368,0.529495,0.000000,20,,,,,,,,,
online-boutique,online-boutique-longmix-stageC-scale20-replica1-markov-steps500-20260612T140717Z,idyn-ob-scale20-replica1,scale20,replica1,adservice=1;cartservice=1;checkoutservice=1;currencyservice=1;emailservice=1;frontend=1;paymentservice=1;productcatalogservice=1;recommendationservice=1;redis-cart=1;shippingservice=1,markov,stageC,hda,HDA,175,175.000,replay,mixed,0.869371,0.024350,7,1.440440,0.000000,0.467762,1.918165,,,0.000000,0.008717,0.008717,7,7,0,62.665989,62.665989,62.665989,62.665989,120.000000,0.000000,119.947368,0.522446,0.000000,20,,,,,,,,,
online-boutique,online-boutique-longmix-stageC-scale20-replica1-markov-steps500-20260612T140717Z,idyn-ob-scale20-replica1,scale20,replica1,adservice=1;cartservice=1;checkoutservice=1;currencyservice=1;emailservice=1;frontend=1;paymentservice=1;productcatalogservice=1;recommendationservice=1;redis-cart=1;shippingservice=1,markov,stageC,kubernetes-default,K8s default,176,176.000,replay,mixed,0.863400,0.006867,7,1.440440,0.000000,0.467762,1.918165,,,0.000000,0.012062,0.012062,7,7,0,71.430146,71.430146,71.430146,71.430146,120.000000,0.000000,119.947368,0.595512,0.000000,20,,,,,,,,,
online-boutique,online-boutique-longmix-stageC-scale20-replica1-markov-steps500-20260612T140717Z,idyn-ob-scale20-replica1,scale20,replica1,adservice=1;cartservice=1;checkoutservice=1;currencyservice=1;emailservice=1;frontend=1;paymentservice=1;productcatalogservice=1;recommendationservice=1;redis-cart=1;shippingservice=1,markov,stageC,cga,CGA,176,176.000,replay,mixed,0.863400,0.006867,7,1.440440,0.000000,0.467762,1.918165,,,0.000000,0.012062,0.012062,7,7,0,64.598998,64.598998,64.598998,64.598998,120.000000,0.000000,119.947368,0.538561,0.000000,20,,,,,,,,,
online-boutique,online-boutique-longmix-stageC-scale20-replica1-markov-steps500-20260612T140717Z,idyn-ob-scale20-replica1,scale20,replica1,adservice=1;cartservice=1;checkoutservice=1;currencyservice=1;emailservice=1;frontend=1;paymentservice=1;productcatalogservice=1;recommendationservice=1;redis-cart=1;shippingservice=1,markov,stageC,hda,HDA,176,176.000,replay,mixed,0.863400,0.006867,7,1.440440,0.000000,0.467762,1.918165,,,0.000000,0.012062,0.012062,7,7,0,69.842216,69.842216,69.842216,69.842216,120.000000,0.000000,119.947368,0.582274,0.000000,20,,,,,,,,,
online-boutique,online-boutique-longmix-stageC-scale20-replica1-markov-steps500-20260612T140717Z,idyn-ob-scale20-replica1,scale20,replica1,adservice=1;cartservice=1;checkoutservice=1;currencyservice=1;emailservice=1;frontend=1;paymentservice=1;productcatalogservice=1;recommendationservice=1;redis-cart=1;shippingservice=1,markov,stageC,kubernetes-default,K8s default,177,177.000,replay,mixed,0.855400,0.009266,7,1.440440,0.000000,0.467762,1.918165,,,0.000000,0.008166,0.008166,7,7,0,67.018092,67.018092,67.018092,67.018092,120.000000,0.000000,119.947368,0.558729,0.000000,20,,,,,,,,,
online-boutique,online-boutique-longmix-stageC-scale20-replica1-markov-steps500-20260612T140717Z,idyn-ob-scale20-replica1,scale20,replica1,adservice=1;cartservice=1;checkoutservice=1;currencyservice=1;emailservice=1;frontend=1;paymentservice=1;productcatalogservice=1;recommendationservice=1;redis-cart=1;shippingservice=1,markov,stageC,cga,CGA,177,177.000,replay,mixed,0.855400,0.009266,7,1.440440,0.000000,0.467762,1.918165,,,0.000000,0.008166,0.008166,7,7,0,64.376069,64.376069,64.376069,64.376069,120.000000,0.000000,119.947368,0.536703,0.000000,20,,,,,,,,,
online-boutique,online-boutique-longmix-stageC-scale20-replica1-markov-steps500-20260612T140717Z,idyn-ob-scale20-replica1,scale20,replica1,adservice=1;cartservice=1;checkoutservice=1;currencyservice=1;emailservice=1;frontend=1;paymentservice=1;productcatalogservice=1;recommendationservice=1;redis-cart=1;shippingservice=1,markov,stageC,hda,HDA,177,177.000,replay,mixed,0.855400,0.009266,7,1.440440,0.000000,0.467762,1.918165,,,0.000000,0.008166,0.008166,7,7,0,59.867899,59.867899,59.867899,59.867899,120.000000,0.000000,119.947368,0.499118,0.000000,20,,,,,,,,,
online-boutique,online-boutique-longmix-stageC-scale20-replica1-markov-steps500-20260612T140717Z,idyn-ob-scale20-replica1,scale20,replica1,adservice=1;cartservice=1;checkoutservice=1;currencyservice=1;emailservice=1;frontend=1;paymentservice=1;productcatalogservice=1;recommendationservice=1;redis-cart=1;shippingservice=1,markov,stageC,kubernetes-default,K8s default,178,178.000,replay,mixed,0.858153,0.819037,14,1.525982,1.000000,0.344308,0.539631,,,0.000000,0.008677,0.008677,11,14,0,153.602552,153.602552,153.602552,153.602552,120.000000,0.000000,191.447368,0.802323,0.000000,20,,,,,,,,,
online-boutique,online-boutique-longmix-stageC-scale20-replica1-markov-steps500-20260612T140717Z,idyn-ob-scale20-replica1,scale20,replica1,adservice=1;cartservice=1;checkoutservice=1;currencyservice=1;emailservice=1;frontend=1;paymentservice=1;productcatalogservice=1;recommendationservice=1;redis-cart=1;shippingservice=1,markov,stageC,cga,CGA,178,178.000,replay,mixed,0.858153,0.819037,14,1.525982,1.000000,0.344308,0.539631,,,0.000000,0.008677,0.008677,11,14,0,144.695450,144.695450,144.695450,144.695450,120.000000,0.000000,191.447368,0.755798,0.000000,20,,,,,,,,,
online-boutique,online-boutique-longmix-stageC-scale20-replica1-markov-steps500-20260612T140717Z,idyn-ob-scale20-replica1,scale20,replica1,adservice=1;cartservice=1;checkoutservice=1;currencyservice=1;emailservice=1;frontend=1;paymentservice=1;productcatalogservice=1;recommendationservice=1;redis-cart=1;shippingservice=1,markov,stageC,hda,HDA,178,178.000,replay,mixed,0.858153,0.819037,14,1.525982,1.000000,0.344308,0.539631,,,0.000000,0.008677,0.008677,11,14,0,138.266246,138.266246,138.266246,138.266246,120.000000,0.000000,191.447368,0.722215,0.000000,20,,,,,,,,,
online-boutique,online-boutique-longmix-stageC-scale20-replica1-markov-steps500-20260612T140717Z,idyn-ob-scale20-replica1,scale20,replica1,adservice=1;cartservice=1;checkoutservice=1;currencyservice=1;emailservice=1;frontend=1;paymentservice=1;productcatalogservice=1;recommendationservice=1;redis-cart=1;shippingservice=1,markov,stageC,kubernetes-default,K8s default,179,179.000,replay,mixed,0.907337,0.054208,14,1.525982,0.000000,0.344308,0.539631,,,0.000000,0.010319,0.010319,11,14,0,122.256255,122.256255,122.256255,122.256255,120.000000,0.000000,191.447368,0.638589,0.000000,20,,,,,,,,,
online-boutique,online-boutique-longmix-stageC-scale20-replica1-markov-steps500-20260612T140717Z,idyn-ob-scale20-replica1,scale20,replica1,adservice=1;cartservice=1;checkoutservice=1;currencyservice=1;emailservice=1;frontend=1;paymentservice=1;productcatalogservice=1;recommendationservice=1;redis-cart=1;shippingservice=1,markov,stageC,cga,CGA,179,179.000,replay,mixed,0.907337,0.054208,14,1.525982,0.000000,0.344308,0.539631,,,0.000000,0.010319,0.010319,11,14,0,113.844126,113.844126,113.844126,113.844126,120.000000,0.000000,191.447368,0.594650,0.000000,20,,,,,,,,,
online-boutique,online-boutique-longmix-stageC-scale20-replica1-markov-steps500-20260612T140717Z,idyn-ob-scale20-replica1,scale20,replica1,adservice=1;cartservice=1;checkoutservice=1;currencyservice=1;emailservice=1;frontend=1;paymentservice=1;productcatalogservice=1;recommendationservice=1;redis-cart=1;shippingservice=1,markov,stageC,hda,HDA,179,179.000,replay,mixed,0.907337,0.054208,14,1.525982,0.000000,0.344308,0.539631,,,0.000000,0.010319,0.010319,11,14,0,112.368445,112.368445,112.368445,112.368445,120.000000,0.000000,191.447368,0.586942,0.000000,20,,,,,,,,,
online-boutique,online-boutique-longmix-stageC-scale20-replica1-markov-steps500-20260612T140717Z,idyn-ob-scale20-replica1,scale20,replica1,adservice=1;cartservice=1;checkoutservice=1;currencyservice=1;emailservice=1;frontend=1;paymentservice=1;productcatalogservice=1;recommendationservice=1;redis-cart=1;shippingservice=1,markov,stageC,kubernetes-default,K8s default,180,180.000,replay,mixed,0.838895,0.075432,14,1.525982,0.000000,0.344308,0.539631,,,0.000000,0.009698,0.009698,11,14,0,121.979406,121.979406,121.979406,121.979406,120.000000,0.000000,191.447368,0.637143,0.000000,20,,,,,,,,,
online-boutique,online-boutique-longmix-stageC-scale20-replica1-markov-steps500-20260612T140717Z,idyn-ob-scale20-replica1,scale20,replica1,adservice=1;cartservice=1;checkoutservice=1;currencyservice=1;emailservice=1;frontend=1;paymentservice=1;productcatalogservice=1;recommendationservice=1;redis-cart=1;shippingservice=1,markov,stageC,cga,CGA,180,180.000,replay,mixed,0.838895,0.075432,14,1.525982,0.000000,0.344308,0.539631,,,0.000000,0.009698,0.009698,11,14,0,110.774709,110.774709,110.774709,110.774709,120.000000,0.000000,191.447368,0.578617,0.000000,20,,,,,,,,,
online-boutique,online-boutique-longmix-stageC-scale20-replica1-markov-steps500-20260612T140717Z,idyn-ob-scale20-replica1,scale20,replica1,adservice=1;cartservice=1;checkoutservice=1;currencyservice=1;emailservice=1;frontend=1;paymentservice=1;productcatalogservice=1;recommendationservice=1;redis-cart=1;shippingservice=1,markov,stageC,hda,HDA,180,180.000,replay,mixed,0.838895,0.075432,14,1.525982,0.000000,0.344308,0.539631,,,0.000000,0.009698,0.009698,11,14,0,109.691556,109.691556,109.691556,109.691556,120.000000,0.000000,191.447368,0.572959,0.000000,20,,,,,,,,,
online-boutique,online-boutique-longmix-stageC-scale20-replica1-markov-steps500-20260612T140717Z,idyn-ob-scale20-replica1,scale20,replica1,adservice=1;cartservice=1;checkoutservice=1;currencyservice=1;emailservice=1;frontend=1;paymentservice=1;productcatalogservice=1;recommendationservice=1;redis-cart=1;shippingservice=1,markov,stageC,kubernetes-default,K8s default,181,181.000,replay,mixed,0.834388,0.005372,14,1.525982,0.000000,0.344308,0.539631,,,0.000000,0.012834,0.012834,11,14,0,113.513609,113.513609,113.513609,113.513609,120.000000,0.000000,191.447368,0.592923,0.000000,20,,,,,,,,,
online-boutique,online-boutique-longmix-stageC-scale20-replica1-markov-steps500-20260612T140717Z,idyn-ob-scale20-replica1,scale20,replica1,adservice=1;cartservice=1;checkoutservice=1;currencyservice=1;emailservice=1;frontend=1;paymentservice=1;productcatalogservice=1;recommendationservice=1;redis-cart=1;shippingservice=1,markov,stageC,cga,CGA,181,181.000,replay,mixed,0.834388,0.005372,14,1.525982,0.000000,0.344308,0.539631,,,0.000000,0.012834,0.012834,11,14,0,109.619835,109.619835,109.619835,109.619835,120.000000,0.000000,191.447368,0.572585,0.000000,20,,,,,,,,,
online-boutique,online-boutique-longmix-stageC-scale20-replica1-markov-steps500-20260612T140717Z,idyn-ob-scale20-replica1,scale20,replica1,adservice=1;cartservice=1;checkoutservice=1;currencyservice=1;emailservice=1;frontend=1;paymentservice=1;productcatalogservice=1;recommendationservice=1;redis-cart=1;shippingservice=1,markov,stageC,hda,HDA,181,181.000,replay,mixed,0.834388,0.005372,14,1.525982,0.000000,0.344308,0.539631,,,0.000000,0.012834,0.012834,11,14,0,107.733075,107.733075,107.733075,107.733075,120.000000,0.000000,191.447368,0.562729,0.000000,20,,,,,,,,,
online-boutique,online-boutique-longmix-stageC-scale20-replica1-markov-steps500-20260612T140717Z,idyn-ob-scale20-replica1,scale20,replica1,adservice=1;cartservice=1;checkoutservice=1;currencyservice=1;emailservice=1;frontend=1;paymentservice=1;productcatalogservice=1;recommendationservice=1;redis-cart=1;shippingservice=1,markov,stageC,kubernetes-default,K8s default,182,182.000,replay,mixed,0.857389,0.819582,7,1.525982,1.000000,0.359677,1.100147,,,0.000000,0.008375,0.008375,7,7,0,96.117718,96.117718,96.117718,96.117718,120.000000,0.000000,113.447368,0.847245,0.000000,20,,,,,,,,,
online-boutique,online-boutique-longmix-stageC-scale20-replica1-markov-steps500-20260612T140717Z,idyn-ob-scale20-replica1,scale20,replica1,adservice=1;cartservice=1;checkoutservice=1;currencyservice=1;emailservice=1;frontend=1;paymentservice=1;productcatalogservice=1;recommendationservice=1;redis-cart=1;shippingservice=1,markov,stageC,cga,CGA,182,182.000,replay,mixed,0.857389,0.819582,7,1.525982,1.000000,0.359677,1.100147,,,0.000000,0.008375,0.008375,7,7,0,91.202733,91.202733,91.202733,91.202733,120.000000,0.000000,113.447368,0.803921,0.000000,20,,,,,,,,,
online-boutique,online-boutique-longmix-stageC-scale20-replica1-markov-steps500-20260612T140717Z,idyn-ob-scale20-replica1,scale20,replica1,adservice=1;cartservice=1;checkoutservice=1;currencyservice=1;emailservice=1;frontend=1;paymentservice=1;productcatalogservice=1;recommendationservice=1;redis-cart=1;shippingservice=1,markov,stageC,hda,HDA,182,182.000,replay,mixed,0.857389,0.819582,7,1.525982,1.000000,0.359677,1.100147,,,0.000000,0.008375,0.008375,7,7,0,88.484037,88.484037,88.484037,88.484037,120.000000,0.000000,113.447368,0.779957,0.000000,20,,,,,,,,,
online-boutique,online-boutique-longmix-stageC-scale20-replica1-markov-steps500-20260612T140717Z,idyn-ob-scale20-replica1,scale20,replica1,adservice=1;cartservice=1;checkoutservice=1;currencyservice=1;emailservice=1;frontend=1;paymentservice=1;productcatalogservice=1;recommendationservice=1;redis-cart=1;shippingservice=1,markov,stageC,kubernetes-default,K8s default,183,183.000,replay,mixed,0.868232,0.012489,7,1.525982,0.000000,0.359677,1.100147,,,0.000000,0.012272,0.012272,7,7,0,65.803048,65.803048,65.803048,65.803048,120.000000,0.000000,113.447368,0.580032,0.000000,20,,,,,,,,,
online-boutique,online-boutique-longmix-stageC-scale20-replica1-markov-steps500-20260612T140717Z,idyn-ob-scale20-replica1,scale20,replica1,adservice=1;cartservice=1;checkoutservice=1;currencyservice=1;emailservice=1;frontend=1;paymentservice=1;productcatalogservice=1;recommendationservice=1;redis-cart=1;shippingservice=1,markov,stageC,cga,CGA,183,183.000,replay,mixed,0.868232,0.012489,7,1.525982,0.000000,0.359677,1.100147,,,0.000000,0.012272,0.012272,7,7,0,59.356137,59.356137,59.356137,59.356137,120.000000,0.000000,113.447368,0.523204,0.000000,20,,,,,,,,,
online-boutique,online-boutique-longmix-stageC-scale20-replica1-markov-steps500-20260612T140717Z,idyn-ob-scale20-replica1,scale20,replica1,adservice=1;cartservice=1;checkoutservice=1;currencyservice=1;emailservice=1;frontend=1;paymentservice=1;productcatalogservice=1;recommendationservice=1;redis-cart=1;shippingservice=1,markov,stageC,hda,HDA,183,183.000,replay,mixed,0.868232,0.012489,7,1.525982,0.000000,0.359677,1.100147,,,0.000000,0.012272,0.012272,7,7,0,61.664112,61.664112,61.664112,61.664112,120.000000,0.000000,113.447368,0.543548,0.000000,20,,,,,,,,,
online-boutique,online-boutique-longmix-stageC-scale20-replica1-markov-steps500-20260612T140717Z,idyn-ob-scale20-replica1,scale20,replica1,adservice=1;cartservice=1;checkoutservice=1;currencyservice=1;emailservice=1;frontend=1;paymentservice=1;productcatalogservice=1;recommendationservice=1;redis-cart=1;shippingservice=1,markov,stageC,kubernetes-default,K8s default,184,184.000,replay,mixed,0.816050,0.060102,7,1.525982,0.000000,0.359677,1.100147,,,0.000000,0.008586,0.008586,7,7,0,58.952835,58.952835,58.952835,58.952835,120.000000,0.000000,113.447368,0.519649,0.000000,20,,,,,,,,,
online-boutique,online-boutique-longmix-stageC-scale20-replica1-markov-steps500-20260612T140717Z,idyn-ob-scale20-replica1,scale20,replica1,adservice=1;cartservice=1;checkoutservice=1;currencyservice=1;emailservice=1;frontend=1;paymentservice=1;productcatalogservice=1;recommendationservice=1;redis-cart=1;shippingservice=1,markov,stageC,cga,CGA,184,184.000,replay,mixed,0.816050,0.060102,7,1.525982,0.000000,0.359677,1.100147,,,0.000000,0.008586,0.008586,7,7,0,56.704517,56.704517,56.704517,56.704517,120.000000,0.000000,113.447368,0.499831,0.000000,20,,,,,,,,,
online-boutique,online-boutique-longmix-stageC-scale20-replica1-markov-steps500-20260612T140717Z,idyn-ob-scale20-replica1,scale20,replica1,adservice=1;cartservice=1;checkoutservice=1;currencyservice=1;emailservice=1;frontend=1;paymentservice=1;productcatalogservice=1;recommendationservice=1;redis-cart=1;shippingservice=1,markov,stageC,hda,HDA,184,184.000,replay,mixed,0.816050,0.060102,7,1.525982,0.000000,0.359677,1.100147,,,0.000000,0.008586,0.008586,7,7,0,65.392157,65.392157,65.392157,65.392157,120.000000,0.000000,113.447368,0.576410,0.000000,20,,,,,,,,,
online-boutique,online-boutique-longmix-stageC-scale20-replica1-markov-steps500-20260612T140717Z,idyn-ob-scale20-replica1,scale20,replica1,adservice=1;cartservice=1;checkoutservice=1;currencyservice=1;emailservice=1;frontend=1;paymentservice=1;productcatalogservice=1;recommendationservice=1;redis-cart=1;shippingservice=1,markov,stageC,kubernetes-default,K8s default,185,185.000,replay,mixed,0.852749,0.043036,7,1.525982,0.000000,0.359677,1.100147,,,0.000000,0.014757,0.014757,7,7,0,60.909206,60.909206,60.909206,60.909206,120.000000,0.000000,113.447368,0.536894,0.000000,20,,,,,,,,,
online-boutique,online-boutique-longmix-stageC-scale20-replica1-markov-steps500-20260612T140717Z,idyn-ob-scale20-replica1,scale20,replica1,adservice=1;cartservice=1;checkoutservice=1;currencyservice=1;emailservice=1;frontend=1;paymentservice=1;productcatalogservice=1;recommendationservice=1;redis-cart=1;shippingservice=1,markov,stageC,cga,CGA,185,185.000,replay,mixed,0.852749,0.043036,7,1.525982,0.000000,0.359677,1.100147,,,0.000000,0.014757,0.014757,7,7,0,59.173443,59.173443,59.173443,59.173443,120.000000,0.000000,113.447368,0.521594,0.000000,20,,,,,,,,,
online-boutique,online-boutique-longmix-stageC-scale20-replica1-markov-steps500-20260612T140717Z,idyn-ob-scale20-replica1,scale20,replica1,adservice=1;cartservice=1;checkoutservice=1;currencyservice=1;emailservice=1;frontend=1;paymentservice=1;productcatalogservice=1;recommendationservice=1;redis-cart=1;shippingservice=1,markov,stageC,hda,HDA,185,185.000,replay,mixed,0.852749,0.043036,7,1.525982,0.000000,0.359677,1.100147,,,0.000000,0.014757,0.014757,7,7,0,54.483581,54.483581,54.483581,54.483581,120.000000,0.000000,113.447368,0.480254,0.000000,20,,,,,,,,,
online-boutique,online-boutique-longmix-stageC-scale20-replica1-markov-steps500-20260612T140717Z,idyn-ob-scale20-replica1,scale20,replica1,adservice=1;cartservice=1;checkoutservice=1;currencyservice=1;emailservice=1;frontend=1;paymentservice=1;productcatalogservice=1;recommendationservice=1;redis-cart=1;shippingservice=1,markov,stageC,kubernetes-default,K8s default,186,186.000,replay,mixed,0.887044,0.038663,7,1.525982,0.000000,0.359677,1.100147,,,0.000000,0.014358,0.014358,7,7,0,63.142779,63.142779,63.142779,63.142779,120.000000,0.000000,113.447368,0.556582,0.000000,20,,,,,,,,,
online-boutique,online-boutique-longmix-stageC-scale20-replica1-markov-steps500-20260612T140717Z,idyn-ob-scale20-replica1,scale20,replica1,adservice=1;cartservice=1;checkoutservice=1;currencyservice=1;emailservice=1;frontend=1;paymentservice=1;productcatalogservice=1;recommendationservice=1;redis-cart=1;shippingservice=1,markov,stageC,cga,CGA,186,186.000,replay,mixed,0.887044,0.038663,7,1.525982,0.000000,0.359677,1.100147,,,0.000000,0.014358,0.014358,7,7,0,60.972276,60.972276,60.972276,60.972276,120.000000,0.000000,113.447368,0.537450,0.000000,20,,,,,,,,,
online-boutique,online-boutique-longmix-stageC-scale20-replica1-markov-steps500-20260612T140717Z,idyn-ob-scale20-replica1,scale20,replica1,adservice=1;cartservice=1;checkoutservice=1;currencyservice=1;emailservice=1;frontend=1;paymentservice=1;productcatalogservice=1;recommendationservice=1;redis-cart=1;shippingservice=1,markov,stageC,hda,HDA,186,186.000,replay,mixed,0.887044,0.038663,7,1.525982,0.000000,0.359677,1.100147,,,0.000000,0.014358,0.014358,7,7,0,53.885406,53.885406,53.885406,53.885406,120.000000,0.000000,113.447368,0.474982,0.000000,20,,,,,,,,,
online-boutique,online-boutique-longmix-stageC-scale20-replica1-markov-steps500-20260612T140717Z,idyn-ob-scale20-replica1,scale20,replica1,adservice=1;cartservice=1;checkoutservice=1;currencyservice=1;emailservice=1;frontend=1;paymentservice=1;productcatalogservice=1;recommendationservice=1;redis-cart=1;shippingservice=1,markov,stageC,kubernetes-default,K8s default,187,187.000,replay,mixed,0.875678,0.012813,7,1.525982,0.000000,0.359677,1.100147,,,0.000000,0.018715,0.018715,7,7,0,65.541767,65.541767,65.541767,65.541767,120.000000,0.000000,113.447368,0.577728,0.000000,20,,,,,,,,,
online-boutique,online-boutique-longmix-stageC-scale20-replica1-markov-steps500-20260612T140717Z,idyn-ob-scale20-replica1,scale20,replica1,adservice=1;cartservice=1;checkoutservice=1;currencyservice=1;emailservice=1;frontend=1;paymentservice=1;productcatalogservice=1;recommendationservice=1;redis-cart=1;shippingservice=1,markov,stageC,cga,CGA,187,187.000,replay,mixed,0.875678,0.012813,7,1.525982,0.000000,0.359677,1.100147,,,0.000000,0.018715,0.018715,7,7,0,60.276128,60.276128,60.276128,60.276128,120.000000,0.000000,113.447368,0.531314,0.000000,20,,,,,,,,,
online-boutique,online-boutique-longmix-stageC-scale20-replica1-markov-steps500-20260612T140717Z,idyn-ob-scale20-replica1,scale20,replica1,adservice=1;cartservice=1;checkoutservice=1;currencyservice=1;emailservice=1;frontend=1;paymentservice=1;productcatalogservice=1;recommendationservice=1;redis-cart=1;shippingservice=1,markov,stageC,hda,HDA,187,187.000,replay,mixed,0.875678,0.012813,7,1.525982,0.000000,0.359677,1.100147,,,0.000000,0.018715,0.018715,7,7,0,56.383016,56.383016,56.383016,56.383016,120.000000,0.000000,113.447368,0.496997,0.000000,20,,,,,,,,,
online-boutique,online-boutique-longmix-stageC-scale20-replica1-markov-steps500-20260612T140717Z,idyn-ob-scale20-replica1,scale20,replica1,adservice=1;cartservice=1;checkoutservice=1;currencyservice=1;emailservice=1;frontend=1;paymentservice=1;productcatalogservice=1;recommendationservice=1;redis-cart=1;shippingservice=1,markov,stageC,kubernetes-default,K8s default,188,188.000,replay,mixed,0.834874,0.046598,7,1.525982,0.000000,0.359677,1.100147,,,0.000000,0.012713,0.012713,7,7,0,69.423660,69.423660,69.423660,69.423660,120.000000,0.000000,113.447368,0.611946,0.000000,20,,,,,,,,,
online-boutique,online-boutique-longmix-stageC-scale20-replica1-markov-steps500-20260612T140717Z,idyn-ob-scale20-replica1,scale20,replica1,adservice=1;cartservice=1;checkoutservice=1;currencyservice=1;emailservice=1;frontend=1;paymentservice=1;productcatalogservice=1;recommendationservice=1;redis-cart=1;shippingservice=1,markov,stageC,cga,CGA,188,188.000,replay,mixed,0.834874,0.046598,7,1.525982,0.000000,0.359677,1.100147,,,0.000000,0.012713,0.012713,7,7,0,58.961540,58.961540,58.961540,58.961540,120.000000,0.000000,113.447368,0.519726,0.000000,20,,,,,,,,,
online-boutique,online-boutique-longmix-stageC-scale20-replica1-markov-steps500-20260612T140717Z,idyn-ob-scale20-replica1,scale20,replica1,adservice=1;cartservice=1;checkoutservice=1;currencyservice=1;emailservice=1;frontend=1;paymentservice=1;productcatalogservice=1;recommendationservice=1;redis-cart=1;shippingservice=1,markov,stageC,hda,HDA,188,188.000,replay,mixed,0.834874,0.046598,7,1.525982,0.000000,0.359677,1.100147,,,0.000000,0.012713,0.012713,7,7,0,57.902519,57.902519,57.902519,57.902519,120.000000,0.000000,113.447368,0.510391,0.000000,20,,,,,,,,,
online-boutique,online-boutique-longmix-stageC-scale20-replica1-markov-steps500-20260612T140717Z,idyn-ob-scale20-replica1,scale20,replica1,adservice=1;cartservice=1;checkoutservice=1;currencyservice=1;emailservice=1;frontend=1;paymentservice=1;productcatalogservice=1;recommendationservice=1;redis-cart=1;shippingservice=1,markov,stageC,kubernetes-default,K8s default,189,189.000,replay,mixed,0.819781,0.018078,7,1.525982,0.000000,0.359677,1.100147,,,0.000000,0.008545,0.008545,7,7,0,62.325562,62.325562,62.325562,62.325562,120.000000,0.000000,113.447368,0.549379,0.000000,20,,,,,,,,,
online-boutique,online-boutique-longmix-stageC-scale20-replica1-markov-steps500-20260612T140717Z,idyn-ob-scale20-replica1,scale20,replica1,adservice=1;cartservice=1;checkoutservice=1;currencyservice=1;emailservice=1;frontend=1;paymentservice=1;productcatalogservice=1;recommendationservice=1;redis-cart=1;shippingservice=1,markov,stageC,cga,CGA,189,189.000,replay,mixed,0.819781,0.018078,7,1.525982,0.000000,0.359677,1.100147,,,0.000000,0.008545,0.008545,7,7,0,60.315740,60.315740,60.315740,60.315740,120.000000,0.000000,113.447368,0.531663,0.000000,20,,,,,,,,,
online-boutique,online-boutique-longmix-stageC-scale20-replica1-markov-steps500-20260612T140717Z,idyn-ob-scale20-replica1,scale20,replica1,adservice=1;cartservice=1;checkoutservice=1;currencyservice=1;emailservice=1;frontend=1;paymentservice=1;productcatalogservice=1;recommendationservice=1;redis-cart=1;shippingservice=1,markov,stageC,hda,HDA,189,189.000,replay,mixed,0.819781,0.018078,7,1.525982,0.000000,0.359677,1.100147,,,0.000000,0.008545,0.008545,7,7,0,56.422770,56.422770,56.422770,56.422770,120.000000,0.000000,113.447368,0.497348,0.000000,20,,,,,,,,,
online-boutique,online-boutique-longmix-stageC-scale20-replica1-markov-steps500-20260612T140717Z,idyn-ob-scale20-replica1,scale20,replica1,adservice=1;cartservice=1;checkoutservice=1;currencyservice=1;emailservice=1;frontend=1;paymentservice=1;productcatalogservice=1;recommendationservice=1;redis-cart=1;shippingservice=1,markov,stageC,kubernetes-default,K8s default,190,190.000,replay,mixed,0.846083,0.031087,7,1.525982,0.000000,0.359677,1.100147,,,0.000000,0.009720,0.009720,7,7,0,62.785109,62.785109,62.785109,62.785109,120.000000,0.000000,113.447368,0.553429,0.000000,20,,,,,,,,,
online-boutique,online-boutique-longmix-stageC-scale20-replica1-markov-steps500-20260612T140717Z,idyn-ob-scale20-replica1,scale20,replica1,adservice=1;cartservice=1;checkoutservice=1;currencyservice=1;emailservice=1;frontend=1;paymentservice=1;productcatalogservice=1;recommendationservice=1;redis-cart=1;shippingservice=1,markov,stageC,cga,CGA,190,190.000,replay,mixed,0.846083,0.031087,7,1.525982,0.000000,0.359677,1.100147,,,0.000000,0.009720,0.009720,7,7,0,55.987137,55.987137,55.987137,55.987137,120.000000,0.000000,113.447368,0.493508,0.000000,20,,,,,,,,,
online-boutique,online-boutique-longmix-stageC-scale20-replica1-markov-steps500-20260612T140717Z,idyn-ob-scale20-replica1,scale20,replica1,adservice=1;cartservice=1;checkoutservice=1;currencyservice=1;emailservice=1;frontend=1;paymentservice=1;productcatalogservice=1;recommendationservice=1;redis-cart=1;shippingservice=1,markov,stageC,hda,HDA,190,190.000,replay,mixed,0.846083,0.031087,7,1.525982,0.000000,0.359677,1.100147,,,0.000000,0.009720,0.009720,7,7,0,57.953218,57.953218,57.953218,57.953218,120.000000,0.000000,113.447368,0.510838,0.000000,20,,,,,,,,,
online-boutique,online-boutique-longmix-stageC-scale20-replica1-markov-steps500-20260612T140717Z,idyn-ob-scale20-replica1,scale20,replica1,adservice=1;cartservice=1;checkoutservice=1;currencyservice=1;emailservice=1;frontend=1;paymentservice=1;productcatalogservice=1;recommendationservice=1;redis-cart=1;shippingservice=1,markov,stageC,kubernetes-default,K8s default,191,191.000,replay,mixed,0.789077,0.067376,7,1.525982,0.000000,0.359677,1.100147,,,0.000000,0.009177,0.009177,7,7,0,64.363182,64.363182,64.363182,64.363182,120.000000,0.000000,113.447368,0.567340,0.000000,20,,,,,,,,,
online-boutique,online-boutique-longmix-stageC-scale20-replica1-markov-steps500-20260612T140717Z,idyn-ob-scale20-replica1,scale20,replica1,adservice=1;cartservice=1;checkoutservice=1;currencyservice=1;emailservice=1;frontend=1;paymentservice=1;productcatalogservice=1;recommendationservice=1;redis-cart=1;shippingservice=1,markov,stageC,cga,CGA,191,191.000,replay,mixed,0.789077,0.067376,7,1.525982,0.000000,0.359677,1.100147,,,0.000000,0.009177,0.009177,7,7,0,57.357457,57.357457,57.357457,57.357457,120.000000,0.000000,113.447368,0.505586,0.000000,20,,,,,,,,,
online-boutique,online-boutique-longmix-stageC-scale20-replica1-markov-steps500-20260612T140717Z,idyn-ob-scale20-replica1,scale20,replica1,adservice=1;cartservice=1;checkoutservice=1;currencyservice=1;emailservice=1;frontend=1;paymentservice=1;productcatalogservice=1;recommendationservice=1;redis-cart=1;shippingservice=1,markov,stageC,hda,HDA,191,191.000,replay,mixed,0.789077,0.067376,7,1.525982,0.000000,0.359677,1.100147,,,0.000000,0.009177,0.009177,7,7,0,55.839122,55.839122,55.839122,55.839122,120.000000,0.000000,113.447368,0.492203,0.000000,20,,,,,,,,,
online-boutique,online-boutique-longmix-stageC-scale20-replica1-markov-steps500-20260612T140717Z,idyn-ob-scale20-replica1,scale20,replica1,adservice=1;cartservice=1;checkoutservice=1;currencyservice=1;emailservice=1;frontend=1;paymentservice=1;productcatalogservice=1;recommendationservice=1;redis-cart=1;shippingservice=1,markov,stageC,kubernetes-default,K8s default,192,192.000,replay,mixed,0.872131,0.095231,7,1.525982,0.000000,0.359677,1.100147,,,0.000000,0.017042,0.017042,7,7,0,67.643818,67.643818,67.643818,67.643818,120.000000,0.000000,113.447368,0.596257,0.000000,20,,,,,,,,,
online-boutique,online-boutique-longmix-stageC-scale20-replica1-markov-steps500-20260612T140717Z,idyn-ob-scale20-replica1,scale20,replica1,adservice=1;cartservice=1;checkoutservice=1;currencyservice=1;emailservice=1;frontend=1;paymentservice=1;productcatalogservice=1;recommendationservice=1;redis-cart=1;shippingservice=1,markov,stageC,cga,CGA,192,192.000,replay,mixed,0.872131,0.095231,7,1.525982,0.000000,0.359677,1.100147,,,0.000000,0.017042,0.017042,7,7,0,63.177724,63.177724,63.177724,63.177724,120.000000,0.000000,113.447368,0.556890,0.000000,20,,,,,,,,,
online-boutique,online-boutique-longmix-stageC-scale20-replica1-markov-steps500-20260612T140717Z,idyn-ob-scale20-replica1,scale20,replica1,adservice=1;cartservice=1;checkoutservice=1;currencyservice=1;emailservice=1;frontend=1;paymentservice=1;productcatalogservice=1;recommendationservice=1;redis-cart=1;shippingservice=1,markov,stageC,hda,HDA,192,192.000,replay,mixed,0.872131,0.095231,7,1.525982,0.000000,0.359677,1.100147,,,0.000000,0.017042,0.017042,7,7,0,60.335044,60.335044,60.335044,60.335044,120.000000,0.000000,113.447368,0.531833,0.000000,20,,,,,,,,,
online-boutique,online-boutique-longmix-stageC-scale20-replica1-markov-steps500-20260612T140717Z,idyn-ob-scale20-replica1,scale20,replica1,adservice=1;cartservice=1;checkoutservice=1;currencyservice=1;emailservice=1;frontend=1;paymentservice=1;productcatalogservice=1;recommendationservice=1;redis-cart=1;shippingservice=1,markov,stageC,kubernetes-default,K8s default,193,193.000,replay,mixed,0.790988,0.093040,7,1.525982,0.000000,0.359677,1.100147,,,0.000000,0.012665,0.012665,7,7,0,68.205669,68.205669,68.205669,68.205669,120.000000,0.000000,113.447368,0.601210,0.000000,20,,,,,,,,,
online-boutique,online-boutique-longmix-stageC-scale20-replica1-markov-steps500-20260612T140717Z,idyn-ob-scale20-replica1,scale20,replica1,adservice=1;cartservice=1;checkoutservice=1;currencyservice=1;emailservice=1;frontend=1;paymentservice=1;productcatalogservice=1;recommendationservice=1;redis-cart=1;shippingservice=1,markov,stageC,cga,CGA,193,193.000,replay,mixed,0.790988,0.093040,7,1.525982,0.000000,0.359677,1.100147,,,0.000000,0.012665,0.012665,7,7,0,62.213337,62.213337,62.213337,62.213337,120.000000,0.000000,113.447368,0.548389,0.000000,20,,,,,,,,,
online-boutique,online-boutique-longmix-stageC-scale20-replica1-markov-steps500-20260612T140717Z,idyn-ob-scale20-replica1,scale20,replica1,adservice=1;cartservice=1;checkoutservice=1;currencyservice=1;emailservice=1;frontend=1;paymentservice=1;productcatalogservice=1;recommendationservice=1;redis-cart=1;shippingservice=1,markov,stageC,hda,HDA,193,193.000,replay,mixed,0.790988,0.093040,7,1.525982,0.000000,0.359677,1.100147,,,0.000000,0.012665,0.012665,7,7,0,59.626650,59.626650,59.626650,59.626650,120.000000,0.000000,113.447368,0.525589,0.000000,20,,,,,,,,,
online-boutique,online-boutique-longmix-stageC-scale20-replica1-markov-steps500-20260612T140717Z,idyn-ob-scale20-replica1,scale20,replica1,adservice=1;cartservice=1;checkoutservice=1;currencyservice=1;emailservice=1;frontend=1;paymentservice=1;productcatalogservice=1;recommendationservice=1;redis-cart=1;shippingservice=1,markov,stageC,kubernetes-default,K8s default,194,194.000,replay,mixed,0.837405,0.055429,7,1.525982,0.000000,0.359677,1.100147,,,0.000000,0.015249,0.015249,7,7,0,65.384907,65.384907,65.384907,65.384907,120.000000,0.000000,113.447368,0.576346,0.000000,20,,,,,,,,,
online-boutique,online-boutique-longmix-stageC-scale20-replica1-markov-steps500-20260612T140717Z,idyn-ob-scale20-replica1,scale20,replica1,adservice=1;cartservice=1;checkoutservice=1;currencyservice=1;emailservice=1;frontend=1;paymentservice=1;productcatalogservice=1;recommendationservice=1;redis-cart=1;shippingservice=1,markov,stageC,cga,CGA,194,194.000,replay,mixed,0.837405,0.055429,7,1.525982,0.000000,0.359677,1.100147,,,0.000000,0.015249,0.015249,7,7,0,59.024400,59.024400,59.024400,59.024400,120.000000,0.000000,113.447368,0.520280,0.000000,20,,,,,,,,,
online-boutique,online-boutique-longmix-stageC-scale20-replica1-markov-steps500-20260612T140717Z,idyn-ob-scale20-replica1,scale20,replica1,adservice=1;cartservice=1;checkoutservice=1;currencyservice=1;emailservice=1;frontend=1;paymentservice=1;productcatalogservice=1;recommendationservice=1;redis-cart=1;shippingservice=1,markov,stageC,hda,HDA,194,194.000,replay,mixed,0.837405,0.055429,7,1.525982,0.000000,0.359677,1.100147,,,0.000000,0.015249,0.015249,7,7,0,57.085252,57.085252,57.085252,57.085252,120.000000,0.000000,113.447368,0.503187,0.000000,20,,,,,,,,,
online-boutique,online-boutique-longmix-stageC-scale20-replica1-markov-steps500-20260612T140717Z,idyn-ob-scale20-replica1,scale20,replica1,adservice=1;cartservice=1;checkoutservice=1;currencyservice=1;emailservice=1;frontend=1;paymentservice=1;productcatalogservice=1;recommendationservice=1;redis-cart=1;shippingservice=1,markov,stageC,kubernetes-default,K8s default,195,195.000,replay,mixed,0.847662,0.819278,14,1.525982,1.000000,0.344308,0.539631,,,0.000000,0.018745,0.018745,11,14,0,153.246926,153.246926,153.246926,153.246926,120.000000,0.000000,191.447368,0.800465,0.000000,20,,,,,,,,,
online-boutique,online-boutique-longmix-stageC-scale20-replica1-markov-steps500-20260612T140717Z,idyn-ob-scale20-replica1,scale20,replica1,adservice=1;cartservice=1;checkoutservice=1;currencyservice=1;emailservice=1;frontend=1;paymentservice=1;productcatalogservice=1;recommendationservice=1;redis-cart=1;shippingservice=1,markov,stageC,cga,CGA,195,195.000,replay,mixed,0.847662,0.819278,14,1.525982,1.000000,0.344308,0.539631,,,0.000000,0.018745,0.018745,11,14,0,144.040376,144.040376,144.040376,144.040376,120.000000,0.000000,191.447368,0.752376,0.000000,20,,,,,,,,,
online-boutique,online-boutique-longmix-stageC-scale20-replica1-markov-steps500-20260612T140717Z,idyn-ob-scale20-replica1,scale20,replica1,adservice=1;cartservice=1;checkoutservice=1;currencyservice=1;emailservice=1;frontend=1;paymentservice=1;productcatalogservice=1;recommendationservice=1;redis-cart=1;shippingservice=1,markov,stageC,hda,HDA,195,195.000,replay,mixed,0.847662,0.819278,14,1.525982,1.000000,0.344308,0.539631,,,0.000000,0.018745,0.018745,11,14,0,141.785399,141.785399,141.785399,141.785399,120.000000,0.000000,191.447368,0.740597,0.000000,20,,,,,,,,,
online-boutique,online-boutique-longmix-stageC-scale20-replica1-markov-steps500-20260612T140717Z,idyn-ob-scale20-replica1,scale20,replica1,adservice=1;cartservice=1;checkoutservice=1;currencyservice=1;emailservice=1;frontend=1;paymentservice=1;productcatalogservice=1;recommendationservice=1;redis-cart=1;shippingservice=1,markov,stageC,kubernetes-default,K8s default,196,196.000,replay,mixed,0.785774,0.073011,14,1.525982,0.000000,0.344308,0.539631,,,0.000000,0.014237,0.014237,11,14,0,122.495618,122.495618,122.495618,122.495618,120.000000,0.000000,191.447368,0.639840,0.000000,20,,,,,,,,,
online-boutique,online-boutique-longmix-stageC-scale20-replica1-markov-steps500-20260612T140717Z,idyn-ob-scale20-replica1,scale20,replica1,adservice=1;cartservice=1;checkoutservice=1;currencyservice=1;emailservice=1;frontend=1;paymentservice=1;productcatalogservice=1;recommendationservice=1;redis-cart=1;shippingservice=1,markov,stageC,cga,CGA,196,196.000,replay,mixed,0.785774,0.073011,14,1.525982,0.000000,0.344308,0.539631,,,0.000000,0.014237,0.014237,11,14,0,107.440835,107.440835,107.440835,107.440835,120.000000,0.000000,191.447368,0.561203,0.000000,20,,,,,,,,,
online-boutique,online-boutique-longmix-stageC-scale20-replica1-markov-steps500-20260612T140717Z,idyn-ob-scale20-replica1,scale20,replica1,adservice=1;cartservice=1;checkoutservice=1;currencyservice=1;emailservice=1;frontend=1;paymentservice=1;productcatalogservice=1;recommendationservice=1;redis-cart=1;shippingservice=1,markov,stageC,hda,HDA,196,196.000,replay,mixed,0.785774,0.073011,14,1.525982,0.000000,0.344308,0.539631,,,0.000000,0.014237,0.014237,11,14,0,106.531141,106.531141,106.531141,106.531141,120.000000,0.000000,191.447368,0.556451,0.000000,20,,,,,,,,,
online-boutique,online-boutique-longmix-stageC-scale20-replica1-markov-steps500-20260612T140717Z,idyn-ob-scale20-replica1,scale20,replica1,adservice=1;cartservice=1;checkoutservice=1;currencyservice=1;emailservice=1;frontend=1;paymentservice=1;productcatalogservice=1;recommendationservice=1;redis-cart=1;shippingservice=1,markov,stageC,kubernetes-default,K8s default,197,197.000,replay,mixed,0.798192,0.015558,14,1.525982,0.000000,0.344308,0.539631,,,0.000000,0.015329,0.015329,11,14,0,116.620207,116.620207,116.620207,116.620207,120.000000,0.000000,191.447368,0.609150,0.000000,20,,,,,,,,,
online-boutique,online-boutique-longmix-stageC-scale20-replica1-markov-steps500-20260612T140717Z,idyn-ob-scale20-replica1,scale20,replica1,adservice=1;cartservice=1;checkoutservice=1;currencyservice=1;emailservice=1;frontend=1;paymentservice=1;productcatalogservice=1;recommendationservice=1;redis-cart=1;shippingservice=1,markov,stageC,cga,CGA,197,197.000,replay,mixed,0.798192,0.015558,14,1.525982,0.000000,0.344308,0.539631,,,0.000000,0.015329,0.015329,11,14,0,105.141925,105.141925,105.141925,105.141925,120.000000,0.000000,191.447368,0.549195,0.000000,20,,,,,,,,,
online-boutique,online-boutique-longmix-stageC-scale20-replica1-markov-steps500-20260612T140717Z,idyn-ob-scale20-replica1,scale20,replica1,adservice=1;cartservice=1;checkoutservice=1;currencyservice=1;emailservice=1;frontend=1;paymentservice=1;productcatalogservice=1;recommendationservice=1;redis-cart=1;shippingservice=1,markov,stageC,hda,HDA,197,197.000,replay,mixed,0.798192,0.015558,14,1.525982,0.000000,0.344308,0.539631,,,0.000000,0.015329,0.015329,11,14,0,108.379123,108.379123,108.379123,108.379123,120.000000,0.000000,191.447368,0.566104,0.000000,20,,,,,,,,,
online-boutique,online-boutique-longmix-stageC-scale20-replica1-markov-steps500-20260612T140717Z,idyn-ob-scale20-replica1,scale20,replica1,adservice=1;cartservice=1;checkoutservice=1;currencyservice=1;emailservice=1;frontend=1;paymentservice=1;productcatalogservice=1;recommendationservice=1;redis-cart=1;shippingservice=1,markov,stageC,kubernetes-default,K8s default,198,198.000,replay,mixed,0.839866,0.049620,14,1.525982,0.000000,0.344308,0.539631,,,0.000000,0.009217,0.009217,11,14,0,118.600982,118.600982,118.600982,118.600982,120.000000,0.000000,191.447368,0.619497,0.000000,20,,,,,,,,,
online-boutique,online-boutique-longmix-stageC-scale20-replica1-markov-steps500-20260612T140717Z,idyn-ob-scale20-replica1,scale20,replica1,adservice=1;cartservice=1;checkoutservice=1;currencyservice=1;emailservice=1;frontend=1;paymentservice=1;productcatalogservice=1;recommendationservice=1;redis-cart=1;shippingservice=1,markov,stageC,cga,CGA,198,198.000,replay,mixed,0.839866,0.049620,14,1.525982,0.000000,0.344308,0.539631,,,0.000000,0.009217,0.009217,11,14,0,112.249501,112.249501,112.249501,112.249501,120.000000,0.000000,191.447368,0.586320,0.000000,20,,,,,,,,,
online-boutique,online-boutique-longmix-stageC-scale20-replica1-markov-steps500-20260612T140717Z,idyn-ob-scale20-replica1,scale20,replica1,adservice=1;cartservice=1;checkoutservice=1;currencyservice=1;emailservice=1;frontend=1;paymentservice=1;productcatalogservice=1;recommendationservice=1;redis-cart=1;shippingservice=1,markov,stageC,hda,HDA,198,198.000,replay,mixed,0.839866,0.049620,14,1.525982,0.000000,0.344308,0.539631,,,0.000000,0.009217,0.009217,11,14,0,110.139084,110.139084,110.139084,110.139084,120.000000,0.000000,191.447368,0.575297,0.000000,20,,,,,,,,,
online-boutique,online-boutique-longmix-stageC-scale20-replica1-markov-steps500-20260612T140717Z,idyn-ob-scale20-replica1,scale20,replica1,adservice=1;cartservice=1;checkoutservice=1;currencyservice=1;emailservice=1;frontend=1;paymentservice=1;productcatalogservice=1;recommendationservice=1;redis-cart=1;shippingservice=1,markov,stageC,kubernetes-default,K8s default,199,199.000,replay,mixed,0.820397,0.821411,7,1.440440,1.000000,0.467762,1.918165,,,0.000000,0.008606,0.008606,7,7,0,97.671385,97.671385,97.671385,97.671385,120.000000,0.000000,119.947368,0.814285,0.000000,20,,,,,,,,,
online-boutique,online-boutique-longmix-stageC-scale20-replica1-markov-steps500-20260612T140717Z,idyn-ob-scale20-replica1,scale20,replica1,adservice=1;cartservice=1;checkoutservice=1;currencyservice=1;emailservice=1;frontend=1;paymentservice=1;productcatalogservice=1;recommendationservice=1;redis-cart=1;shippingservice=1,markov,stageC,cga,CGA,199,199.000,replay,mixed,0.820397,0.821411,7,1.440440,1.000000,0.467762,1.918165,,,0.000000,0.008606,0.008606,7,7,0,95.061284,95.061284,95.061284,95.061284,120.000000,0.000000,119.947368,0.792525,0.000000,20,,,,,,,,,
online-boutique,online-boutique-longmix-stageC-scale20-replica1-markov-steps500-20260612T140717Z,idyn-ob-scale20-replica1,scale20,replica1,adservice=1;cartservice=1;checkoutservice=1;currencyservice=1;emailservice=1;frontend=1;paymentservice=1;productcatalogservice=1;recommendationservice=1;redis-cart=1;shippingservice=1,markov,stageC,hda,HDA,199,199.000,replay,mixed,0.820397,0.821411,7,1.440440,1.000000,0.467762,1.918165,,,0.000000,0.008606,0.008606,7,7,0,90.975057,90.975057,90.975057,90.975057,120.000000,0.000000,119.947368,0.758458,0.000000,20,,,,,,,,,
online-boutique,online-boutique-longmix-stageC-scale20-replica1-markov-steps500-20260612T140717Z,idyn-ob-scale20-replica1,scale20,replica1,adservice=1;cartservice=1;checkoutservice=1;currencyservice=1;emailservice=1;frontend=1;paymentservice=1;productcatalogservice=1;recommendationservice=1;redis-cart=1;shippingservice=1,markov,stageC,kubernetes-default,K8s default,200,200.000,replay,mixed,0.790960,0.035881,7,1.440440,0.000000,0.467762,1.918165,,,0.000000,0.009759,0.009759,7,7,0,68.705286,68.705286,68.705286,68.705286,120.000000,0.000000,119.947368,0.572795,0.000000,20,,,,,,,,,
online-boutique,online-boutique-longmix-stageC-scale20-replica1-markov-steps500-20260612T140717Z,idyn-ob-scale20-replica1,scale20,replica1,adservice=1;cartservice=1;checkoutservice=1;currencyservice=1;emailservice=1;frontend=1;paymentservice=1;productcatalogservice=1;recommendationservice=1;redis-cart=1;shippingservice=1,markov,stageC,cga,CGA,200,200.000,replay,mixed,0.790960,0.035881,7,1.440440,0.000000,0.467762,1.918165,,,0.000000,0.009759,0.009759,7,7,0,63.610229,63.610229,63.610229,63.610229,120.000000,0.000000,119.947368,0.530318,0.000000,20,,,,,,,,,
online-boutique,online-boutique-longmix-stageC-scale20-replica1-markov-steps500-20260612T140717Z,idyn-ob-scale20-replica1,scale20,replica1,adservice=1;cartservice=1;checkoutservice=1;currencyservice=1;emailservice=1;frontend=1;paymentservice=1;productcatalogservice=1;recommendationservice=1;redis-cart=1;shippingservice=1,markov,stageC,hda,HDA,200,200.000,replay,mixed,0.790960,0.035881,7,1.440440,0.000000,0.467762,1.918165,,,0.000000,0.009759,0.009759,7,7,0,64.518493,64.518493,64.518493,64.518493,120.000000,0.000000,119.947368,0.537890,0.000000,20,,,,,,,,,
online-boutique,online-boutique-longmix-stageC-scale20-replica1-markov-steps500-20260612T140717Z,idyn-ob-scale20-replica1,scale20,replica1,adservice=1;cartservice=1;checkoutservice=1;currencyservice=1;emailservice=1;frontend=1;paymentservice=1;productcatalogservice=1;recommendationservice=1;redis-cart=1;shippingservice=1,markov,stageC,kubernetes-default,K8s default,201,201.000,replay,mixed,0.800558,0.011989,7,1.440440,0.000000,0.467762,1.918165,,,0.000000,0.008717,0.008717,7,7,0,66.955487,66.955487,66.955487,66.955487,120.000000,0.000000,119.947368,0.558207,0.000000,20,,,,,,,,,
online-boutique,online-boutique-longmix-stageC-scale20-replica1-markov-steps500-20260612T140717Z,idyn-ob-scale20-replica1,scale20,replica1,adservice=1;cartservice=1;checkoutservice=1;currencyservice=1;emailservice=1;frontend=1;paymentservice=1;productcatalogservice=1;recommendationservice=1;redis-cart=1;shippingservice=1,markov,stageC,cga,CGA,201,201.000,replay,mixed,0.800558,0.011989,7,1.440440,0.000000,0.467762,1.918165,,,0.000000,0.008717,0.008717,7,7,0,66.830495,66.830495,66.830495,66.830495,120.000000,0.000000,119.947368,0.557165,0.000000,20,,,,,,,,,
online-boutique,online-boutique-longmix-stageC-scale20-replica1-markov-steps500-20260612T140717Z,idyn-ob-scale20-replica1,scale20,replica1,adservice=1;cartservice=1;checkoutservice=1;currencyservice=1;emailservice=1;frontend=1;paymentservice=1;productcatalogservice=1;recommendationservice=1;redis-cart=1;shippingservice=1,markov,stageC,hda,HDA,201,201.000,replay,mixed,0.800558,0.011989,7,1.440440,0.000000,0.467762,1.918165,,,0.000000,0.008717,0.008717,7,7,0,63.486470,63.486470,63.486470,63.486470,120.000000,0.000000,119.947368,0.529286,0.000000,20,,,,,,,,,
online-boutique,online-boutique-longmix-stageC-scale20-replica1-markov-steps500-20260612T140717Z,idyn-ob-scale20-replica1,scale20,replica1,adservice=1;cartservice=1;checkoutservice=1;currencyservice=1;emailservice=1;frontend=1;paymentservice=1;productcatalogservice=1;recommendationservice=1;redis-cart=1;shippingservice=1,markov,stageC,kubernetes-default,K8s default,202,202.000,replay,mixed,0.833734,0.039792,7,1.440440,0.000000,0.467762,1.918165,,,0.000000,0.014808,0.014808,7,7,0,69.961309,69.961309,69.961309,69.961309,120.000000,0.000000,119.947368,0.583267,0.000000,20,,,,,,,,,
online-boutique,online-boutique-longmix-stageC-scale20-replica1-markov-steps500-20260612T140717Z,idyn-ob-scale20-replica1,scale20,replica1,adservice=1;cartservice=1;checkoutservice=1;currencyservice=1;emailservice=1;frontend=1;paymentservice=1;productcatalogservice=1;recommendationservice=1;redis-cart=1;shippingservice=1,markov,stageC,cga,CGA,202,202.000,replay,mixed,0.833734,0.039792,7,1.440440,0.000000,0.467762,1.918165,,,0.000000,0.014808,0.014808,7,7,0,67.752568,67.752568,67.752568,67.752568,120.000000,0.000000,119.947368,0.564852,0.000000,20,,,,,,,,,
online-boutique,online-boutique-longmix-stageC-scale20-replica1-markov-steps500-20260612T140717Z,idyn-ob-scale20-replica1,scale20,replica1,adservice=1;cartservice=1;checkoutservice=1;currencyservice=1;emailservice=1;frontend=1;paymentservice=1;productcatalogservice=1;recommendationservice=1;redis-cart=1;shippingservice=1,markov,stageC,hda,HDA,202,202.000,replay,mixed,0.833734,0.039792,7,1.440440,0.000000,0.467762,1.918165,,,0.000000,0.014808,0.014808,7,7,0,63.674105,63.674105,63.674105,63.674105,120.000000,0.000000,119.947368,0.530850,0.000000,20,,,,,,,,,
online-boutique,online-boutique-longmix-stageC-scale20-replica1-markov-steps500-20260612T140717Z,idyn-ob-scale20-replica1,scale20,replica1,adservice=1;cartservice=1;checkoutservice=1;currencyservice=1;emailservice=1;frontend=1;paymentservice=1;productcatalogservice=1;recommendationservice=1;redis-cart=1;shippingservice=1,markov,stageC,kubernetes-default,K8s default,203,203.000,replay,mixed,0.826743,0.008386,7,1.440440,0.000000,0.467762,1.918165,,,0.000000,0.009137,0.009137,7,7,0,65.745008,65.745008,65.745008,65.745008,120.000000,0.000000,119.947368,0.548115,0.000000,20,,,,,,,,,
online-boutique,online-boutique-longmix-stageC-scale20-replica1-markov-steps500-20260612T140717Z,idyn-ob-scale20-replica1,scale20,replica1,adservice=1;cartservice=1;checkoutservice=1;currencyservice=1;emailservice=1;frontend=1;paymentservice=1;productcatalogservice=1;recommendationservice=1;redis-cart=1;shippingservice=1,markov,stageC,cga,CGA,203,203.000,replay,mixed,0.826743,0.008386,7,1.440440,0.000000,0.467762,1.918165,,,0.000000,0.009137,0.009137,7,7,0,64.144653,64.144653,64.144653,64.144653,120.000000,0.000000,119.947368,0.534773,0.000000,20,,,,,,,,,
online-boutique,online-boutique-longmix-stageC-scale20-replica1-markov-steps500-20260612T140717Z,idyn-ob-scale20-replica1,scale20,replica1,adservice=1;cartservice=1;checkoutservice=1;currencyservice=1;emailservice=1;frontend=1;paymentservice=1;productcatalogservice=1;recommendationservice=1;redis-cart=1;shippingservice=1,markov,stageC,hda,HDA,203,203.000,replay,mixed,0.826743,0.008386,7,1.440440,0.000000,0.467762,1.918165,,,0.000000,0.009137,0.009137,7,7,0,63.189580,63.189580,63.189580,63.189580,120.000000,0.000000,119.947368,0.526811,0.000000,20,,,,,,,,,
online-boutique,online-boutique-longmix-stageC-scale20-replica1-markov-steps500-20260612T140717Z,idyn-ob-scale20-replica1,scale20,replica1,adservice=1;cartservice=1;checkoutservice=1;currencyservice=1;emailservice=1;frontend=1;paymentservice=1;productcatalogservice=1;recommendationservice=1;redis-cart=1;shippingservice=1,markov,stageC,kubernetes-default,K8s default,204,204.000,replay,mixed,0.812570,0.017143,7,1.440440,0.000000,0.467762,1.918165,,,0.000000,0.012132,0.012132,7,7,0,68.189657,68.189657,68.189657,68.189657,120.000000,0.000000,119.947368,0.568496,0.000000,20,,,,,,,,,
online-boutique,online-boutique-longmix-stageC-scale20-replica1-markov-steps500-20260612T140717Z,idyn-ob-scale20-replica1,scale20,replica1,adservice=1;cartservice=1;checkoutservice=1;currencyservice=1;emailservice=1;frontend=1;paymentservice=1;productcatalogservice=1;recommendationservice=1;redis-cart=1;shippingservice=1,markov,stageC,cga,CGA,204,204.000,replay,mixed,0.812570,0.017143,7,1.440440,0.000000,0.467762,1.918165,,,0.000000,0.012132,0.012132,7,7,0,64.775702,64.775702,64.775702,64.775702,120.000000,0.000000,119.947368,0.540034,0.000000,20,,,,,,,,,
online-boutique,online-boutique-longmix-stageC-scale20-replica1-markov-steps500-20260612T140717Z,idyn-ob-scale20-replica1,scale20,replica1,adservice=1;cartservice=1;checkoutservice=1;currencyservice=1;emailservice=1;frontend=1;paymentservice=1;productcatalogservice=1;recommendationservice=1;redis-cart=1;shippingservice=1,markov,stageC,hda,HDA,204,204.000,replay,mixed,0.812570,0.017143,7,1.440440,0.000000,0.467762,1.918165,,,0.000000,0.012132,0.012132,7,7,0,59.171874,59.171874,59.171874,59.171874,120.000000,0.000000,119.947368,0.493315,0.000000,20,,,,,,,,,
online-boutique,online-boutique-longmix-stageC-scale20-replica1-markov-steps500-20260612T140717Z,idyn-ob-scale20-replica1,scale20,replica1,adservice=1;cartservice=1;checkoutservice=1;currencyservice=1;emailservice=1;frontend=1;paymentservice=1;productcatalogservice=1;recommendationservice=1;redis-cart=1;shippingservice=1,markov,stageC,kubernetes-default,K8s default,205,205.000,replay,mixed,0.791224,0.026270,7,1.440440,0.000000,0.467762,1.918165,,,0.000000,0.009237,0.009237,7,7,0,72.830457,72.830457,72.830457,72.830457,120.000000,0.000000,119.947368,0.607187,0.000000,20,,,,,,,,,
online-boutique,online-boutique-longmix-stageC-scale20-replica1-markov-steps500-20260612T140717Z,idyn-ob-scale20-replica1,scale20,replica1,adservice=1;cartservice=1;checkoutservice=1;currencyservice=1;emailservice=1;frontend=1;paymentservice=1;productcatalogservice=1;recommendationservice=1;redis-cart=1;shippingservice=1,markov,stageC,cga,CGA,205,205.000,replay,mixed,0.791224,0.026270,7,1.440440,0.000000,0.467762,1.918165,,,0.000000,0.009237,0.009237,7,7,0,62.341125,62.341125,62.341125,62.341125,120.000000,0.000000,119.947368,0.519737,0.000000,20,,,,,,,,,
online-boutique,online-boutique-longmix-stageC-scale20-replica1-markov-steps500-20260612T140717Z,idyn-ob-scale20-replica1,scale20,replica1,adservice=1;cartservice=1;checkoutservice=1;currencyservice=1;emailservice=1;frontend=1;paymentservice=1;productcatalogservice=1;recommendationservice=1;redis-cart=1;shippingservice=1,markov,stageC,hda,HDA,205,205.000,replay,mixed,0.791224,0.026270,7,1.440440,0.000000,0.467762,1.918165,,,0.000000,0.009237,0.009237,7,7,0,61.516245,61.516245,61.516245,61.516245,120.000000,0.000000,119.947368,0.512860,0.000000,20,,,,,,,,,
online-boutique,online-boutique-longmix-stageC-scale20-replica1-markov-steps500-20260612T140717Z,idyn-ob-scale20-replica1,scale20,replica1,adservice=1;cartservice=1;checkoutservice=1;currencyservice=1;emailservice=1;frontend=1;paymentservice=1;productcatalogservice=1;recommendationservice=1;redis-cart=1;shippingservice=1,markov,stageC,kubernetes-default,K8s default,206,206.000,replay,mixed,0.821218,0.036525,7,1.440440,0.000000,0.467762,1.918165,,,0.000000,0.009578,0.009578,7,7,0,65.798880,65.798880,65.798880,65.798880,120.000000,0.000000,119.947368,0.548565,0.000000,20,,,,,,,,,
online-boutique,online-boutique-longmix-stageC-scale20-replica1-markov-steps500-20260612T140717Z,idyn-ob-scale20-replica1,scale20,replica1,adservice=1;cartservice=1;checkoutservice=1;currencyservice=1;emailservice=1;frontend=1;paymentservice=1;productcatalogservice=1;recommendationservice=1;redis-cart=1;shippingservice=1,markov,stageC,cga,CGA,206,206.000,replay,mixed,0.821218,0.036525,7,1.440440,0.000000,0.467762,1.918165,,,0.000000,0.009578,0.009578,7,7,0,67.165066,67.165066,67.165066,67.165066,120.000000,0.000000,119.947368,0.559954,0.000000,20,,,,,,,,,
online-boutique,online-boutique-longmix-stageC-scale20-replica1-markov-steps500-20260612T140717Z,idyn-ob-scale20-replica1,scale20,replica1,adservice=1;cartservice=1;checkoutservice=1;currencyservice=1;emailservice=1;frontend=1;paymentservice=1;productcatalogservice=1;recommendationservice=1;redis-cart=1;shippingservice=1,markov,stageC,hda,HDA,206,206.000,replay,mixed,0.821218,0.036525,7,1.440440,0.000000,0.467762,1.918165,,,0.000000,0.009578,0.009578,7,7,0,63.511660,63.511660,63.511660,63.511660,120.000000,0.000000,119.947368,0.529496,0.000000,20,,,,,,,,,
online-boutique,online-boutique-longmix-stageC-scale20-replica1-markov-steps500-20260612T140717Z,idyn-ob-scale20-replica1,scale20,replica1,adservice=1;cartservice=1;checkoutservice=1;currencyservice=1;emailservice=1;frontend=1;paymentservice=1;productcatalogservice=1;recommendationservice=1;redis-cart=1;shippingservice=1,markov,stageC,kubernetes-default,K8s default,207,207.000,replay,mixed,0.745364,0.477543,7,1.525982,0.500000,0.359677,1.100147,,,0.000000,0.008526,0.008526,7,7,0,77.550643,77.550643,77.550643,77.550643,120.000000,0.000000,113.447368,0.683583,0.000000,20,,,,,,,,,
online-boutique,online-boutique-longmix-stageC-scale20-replica1-markov-steps500-20260612T140717Z,idyn-ob-scale20-replica1,scale20,replica1,adservice=1;cartservice=1;checkoutservice=1;currencyservice=1;emailservice=1;frontend=1;paymentservice=1;productcatalogservice=1;recommendationservice=1;redis-cart=1;shippingservice=1,markov,stageC,cga,CGA,207,207.000,replay,mixed,0.745364,0.477543,7,1.525982,0.500000,0.359677,1.100147,,,0.000000,0.008526,0.008526,7,7,0,77.962476,77.962476,77.962476,77.962476,120.000000,0.000000,113.447368,0.687213,0.000000,20,,,,,,,,,
online-boutique,online-boutique-longmix-stageC-scale20-replica1-markov-steps500-20260612T140717Z,idyn-ob-scale20-replica1,scale20,replica1,adservice=1;cartservice=1;checkoutservice=1;currencyservice=1;emailservice=1;frontend=1;paymentservice=1;productcatalogservice=1;recommendationservice=1;redis-cart=1;shippingservice=1,markov,stageC,hda,HDA,207,207.000,replay,mixed,0.745364,0.477543,7,1.525982,0.500000,0.359677,1.100147,,,0.000000,0.008526,0.008526,7,7,0,67.167868,67.167868,67.167868,67.167868,120.000000,0.000000,113.447368,0.592062,0.000000,20,,,,,,,,,
online-boutique,online-boutique-longmix-stageC-scale20-replica1-markov-steps500-20260612T140717Z,idyn-ob-scale20-replica1,scale20,replica1,adservice=1;cartservice=1;checkoutservice=1;currencyservice=1;emailservice=1;frontend=1;paymentservice=1;productcatalogservice=1;recommendationservice=1;redis-cart=1;shippingservice=1,markov,stageC,kubernetes-default,K8s default,208,208.000,replay,mixed,0.795785,0.063360,7,1.525982,0.000000,0.359677,1.100147,,,0.000000,0.012404,0.012404,7,7,0,66.368289,66.368289,66.368289,66.368289,120.000000,0.000000,113.447368,0.585014,0.000000,20,,,,,,,,,
online-boutique,online-boutique-longmix-stageC-scale20-replica1-markov-steps500-20260612T140717Z,idyn-ob-scale20-replica1,scale20,replica1,adservice=1;cartservice=1;checkoutservice=1;currencyservice=1;emailservice=1;frontend=1;paymentservice=1;productcatalogservice=1;recommendationservice=1;redis-cart=1;shippingservice=1,markov,stageC,cga,CGA,208,208.000,replay,mixed,0.795785,0.063360,7,1.525982,0.000000,0.359677,1.100147,,,0.000000,0.012404,0.012404,7,7,0,58.646755,58.646755,58.646755,58.646755,120.000000,0.000000,113.447368,0.516951,0.000000,20,,,,,,,,,
online-boutique,online-boutique-longmix-stageC-scale20-replica1-markov-steps500-20260612T140717Z,idyn-ob-scale20-replica1,scale20,replica1,adservice=1;cartservice=1;checkoutservice=1;currencyservice=1;emailservice=1;frontend=1;paymentservice=1;productcatalogservice=1;recommendationservice=1;redis-cart=1;shippingservice=1,markov,stageC,hda,HDA,208,208.000,replay,mixed,0.795785,0.063360,7,1.525982,0.000000,0.359677,1.100147,,,0.000000,0.012404,0.012404,7,7,0,58.238324,58.238324,58.238324,58.238324,120.000000,0.000000,113.447368,0.513351,0.000000,20,,,,,,,,,
online-boutique,online-boutique-longmix-stageC-scale20-replica1-markov-steps500-20260612T140717Z,idyn-ob-scale20-replica1,scale20,replica1,adservice=1;cartservice=1;checkoutservice=1;currencyservice=1;emailservice=1;frontend=1;paymentservice=1;productcatalogservice=1;recommendationservice=1;redis-cart=1;shippingservice=1,markov,stageC,kubernetes-default,K8s default,209,209.000,replay,mixed,0.769323,0.033253,7,1.525982,0.000000,0.359677,1.100147,,,0.000000,0.009148,0.009148,7,7,0,61.083760,61.083760,61.083760,61.083760,120.000000,0.000000,113.447368,0.538433,0.000000,20,,,,,,,,,
online-boutique,online-boutique-longmix-stageC-scale20-replica1-markov-steps500-20260612T140717Z,idyn-ob-scale20-replica1,scale20,replica1,adservice=1;cartservice=1;checkoutservice=1;currencyservice=1;emailservice=1;frontend=1;paymentservice=1;productcatalogservice=1;recommendationservice=1;redis-cart=1;shippingservice=1,markov,stageC,cga,CGA,209,209.000,replay,mixed,0.769323,0.033253,7,1.525982,0.000000,0.359677,1.100147,,,0.000000,0.009148,0.009148,7,7,0,57.658366,57.658366,57.658366,57.658366,120.000000,0.000000,113.447368,0.508239,0.000000,20,,,,,,,,,
online-boutique,online-boutique-longmix-stageC-scale20-replica1-markov-steps500-20260612T140717Z,idyn-ob-scale20-replica1,scale20,replica1,adservice=1;cartservice=1;checkoutservice=1;currencyservice=1;emailservice=1;frontend=1;paymentservice=1;productcatalogservice=1;recommendationservice=1;redis-cart=1;shippingservice=1,markov,stageC,hda,HDA,209,209.000,replay,mixed,0.769323,0.033253,7,1.525982,0.000000,0.359677,1.100147,,,0.000000,0.009148,0.009148,7,7,0,58.049937,58.049937,58.049937,58.049937,120.000000,0.000000,113.447368,0.511690,0.000000,20,,,,,,,,,
online-boutique,online-boutique-longmix-stageC-scale20-replica1-markov-steps500-20260612T140717Z,idyn-ob-scale20-replica1,scale20,replica1,adservice=1;cartservice=1;checkoutservice=1;currencyservice=1;emailservice=1;frontend=1;paymentservice=1;productcatalogservice=1;recommendationservice=1;redis-cart=1;shippingservice=1,markov,stageC,kubernetes-default,K8s default,210,210.000,replay,mixed,0.825391,0.587342,7,1.440440,0.800000,0.418771,0.479206,,,0.000000,0.012393,0.012393,7,7,0,110.622966,110.622966,110.622966,110.622966,120.000000,0.000000,145.947368,0.757965,0.000000,20,,,,,,,,,
online-boutique,online-boutique-longmix-stageC-scale20-replica1-markov-steps500-20260612T140717Z,idyn-ob-scale20-replica1,scale20,replica1,adservice=1;cartservice=1;checkoutservice=1;currencyservice=1;emailservice=1;frontend=1;paymentservice=1;productcatalogservice=1;recommendationservice=1;redis-cart=1;shippingservice=1,markov,stageC,cga,CGA,210,210.000,replay,mixed,0.825391,0.587342,7,1.440440,0.800000,0.418771,0.479206,,,0.000000,0.012393,0.012393,7,7,0,104.182988,104.182988,104.182988,104.182988,120.000000,0.000000,145.947368,0.713839,0.000000,20,,,,,,,,,
online-boutique,online-boutique-longmix-stageC-scale20-replica1-markov-steps500-20260612T140717Z,idyn-ob-scale20-replica1,scale20,replica1,adservice=1;cartservice=1;checkoutservice=1;currencyservice=1;emailservice=1;frontend=1;paymentservice=1;productcatalogservice=1;recommendationservice=1;redis-cart=1;shippingservice=1,markov,stageC,hda,HDA,210,210.000,replay,mixed,0.825391,0.587342,7,1.440440,0.800000,0.418771,0.479206,,,0.000000,0.012393,0.012393,7,7,0,100.432886,100.432886,100.432886,100.432886,120.000000,0.000000,145.947368,0.688145,0.000000,20,,,,,,,,,
online-boutique,online-boutique-longmix-stageC-scale20-replica1-markov-steps500-20260612T140717Z,idyn-ob-scale20-replica1,scale20,replica1,adservice=1;cartservice=1;checkoutservice=1;currencyservice=1;emailservice=1;frontend=1;paymentservice=1;productcatalogservice=1;recommendationservice=1;redis-cart=1;shippingservice=1,markov,stageC,kubernetes-default,K8s default,211,211.000,replay,mixed,0.775547,0.060389,7,1.440440,0.000000,0.418771,0.479206,,,0.000000,0.008577,0.008577,7,7,0,84.756944,84.756944,84.756944,84.756944,120.000000,0.000000,145.947368,0.580736,0.000000,20,,,,,,,,,
online-boutique,online-boutique-longmix-stageC-scale20-replica1-markov-steps500-20260612T140717Z,idyn-ob-scale20-replica1,scale20,replica1,adservice=1;cartservice=1;checkoutservice=1;currencyservice=1;emailservice=1;frontend=1;paymentservice=1;productcatalogservice=1;recommendationservice=1;redis-cart=1;shippingservice=1,markov,stageC,cga,CGA,211,211.000,replay,mixed,0.775547,0.060389,7,1.440440,0.000000,0.418771,0.479206,,,0.000000,0.008577,0.008577,7,7,0,81.966018,81.966018,81.966018,81.966018,120.000000,0.000000,145.947368,0.561614,0.000000,20,,,,,,,,,
online-boutique,online-boutique-longmix-stageC-scale20-replica1-markov-steps500-20260612T140717Z,idyn-ob-scale20-replica1,scale20,replica1,adservice=1;cartservice=1;checkoutservice=1;currencyservice=1;emailservice=1;frontend=1;paymentservice=1;productcatalogservice=1;recommendationservice=1;redis-cart=1;shippingservice=1,markov,stageC,hda,HDA,211,211.000,replay,mixed,0.775547,0.060389,7,1.440440,0.000000,0.418771,0.479206,,,0.000000,0.008577,0.008577,7,7,0,71.876547,71.876547,71.876547,71.876547,120.000000,0.000000,145.947368,0.492483,0.000000,20,,,,,,,,,
online-boutique,online-boutique-longmix-stageC-scale20-replica1-markov-steps500-20260612T140717Z,idyn-ob-scale20-replica1,scale20,replica1,adservice=1;cartservice=1;checkoutservice=1;currencyservice=1;emailservice=1;frontend=1;paymentservice=1;productcatalogservice=1;recommendationservice=1;redis-cart=1;shippingservice=1,markov,stageC,kubernetes-default,K8s default,212,212.000,replay,mixed,0.766318,0.011899,7,1.440440,0.000000,0.418771,0.479206,,,0.000000,0.022673,0.022673,7,7,0,79.996568,79.996568,79.996568,79.996568,120.000000,0.000000,145.947368,0.548119,0.000000,20,,,,,,,,,
online-boutique,online-boutique-longmix-stageC-scale20-replica1-markov-steps500-20260612T140717Z,idyn-ob-scale20-replica1,scale20,replica1,adservice=1;cartservice=1;checkoutservice=1;currencyservice=1;emailservice=1;frontend=1;paymentservice=1;productcatalogservice=1;recommendationservice=1;redis-cart=1;shippingservice=1,markov,stageC,cga,CGA,212,212.000,replay,mixed,0.766318,0.011899,7,1.440440,0.000000,0.418771,0.479206,,,0.000000,0.022673,0.022673,7,7,0,79.756939,79.756939,79.756939,79.756939,120.000000,0.000000,145.947368,0.546477,0.000000,20,,,,,,,,,
online-boutique,online-boutique-longmix-stageC-scale20-replica1-markov-steps500-20260612T140717Z,idyn-ob-scale20-replica1,scale20,replica1,adservice=1;cartservice=1;checkoutservice=1;currencyservice=1;emailservice=1;frontend=1;paymentservice=1;productcatalogservice=1;recommendationservice=1;redis-cart=1;shippingservice=1,markov,stageC,hda,HDA,212,212.000,replay,mixed,0.766318,0.011899,7,1.440440,0.000000,0.418771,0.479206,,,0.000000,0.022673,0.022673,7,7,0,74.568544,74.568544,74.568544,74.568544,120.000000,0.000000,145.947368,0.510928,0.000000,20,,,,,,,,,
online-boutique,online-boutique-longmix-stageC-scale20-replica1-markov-steps500-20260612T140717Z,idyn-ob-scale20-replica1,scale20,replica1,adservice=1;cartservice=1;checkoutservice=1;currencyservice=1;emailservice=1;frontend=1;paymentservice=1;productcatalogservice=1;recommendationservice=1;redis-cart=1;shippingservice=1,markov,stageC,kubernetes-default,K8s default,213,213.000,replay,mixed,0.775143,0.011384,7,1.440440,0.000000,0.418771,0.479206,,,0.000000,0.012073,0.012073,7,7,0,85.975614,85.975614,85.975614,85.975614,120.000000,0.000000,145.947368,0.589086,0.000000,20,,,,,,,,,
online-boutique,online-boutique-longmix-stageC-scale20-replica1-markov-steps500-20260612T140717Z,idyn-ob-scale20-replica1,scale20,replica1,adservice=1;cartservice=1;checkoutservice=1;currencyservice=1;emailservice=1;frontend=1;paymentservice=1;productcatalogservice=1;recommendationservice=1;redis-cart=1;shippingservice=1,markov,stageC,cga,CGA,213,213.000,replay,mixed,0.775143,0.011384,7,1.440440,0.000000,0.418771,0.479206,,,0.000000,0.012073,0.012073,7,7,0,79.944012,79.944012,79.944012,79.944012,120.000000,0.000000,145.947368,0.547759,0.000000,20,,,,,,,,,
online-boutique,online-boutique-longmix-stageC-scale20-replica1-markov-steps500-20260612T140717Z,idyn-ob-scale20-replica1,scale20,replica1,adservice=1;cartservice=1;checkoutservice=1;currencyservice=1;emailservice=1;frontend=1;paymentservice=1;productcatalogservice=1;recommendationservice=1;redis-cart=1;shippingservice=1,markov,stageC,hda,HDA,213,213.000,replay,mixed,0.775143,0.011384,7,1.440440,0.000000,0.418771,0.479206,,,0.000000,0.012073,0.012073,7,7,0,79.954194,79.954194,79.954194,79.954194,120.000000,0.000000,145.947368,0.547829,0.000000,20,,,,,,,,,
online-boutique,online-boutique-longmix-stageC-scale20-replica1-markov-steps500-20260612T140717Z,idyn-ob-scale20-replica1,scale20,replica1,adservice=1;cartservice=1;checkoutservice=1;currencyservice=1;emailservice=1;frontend=1;paymentservice=1;productcatalogservice=1;recommendationservice=1;redis-cart=1;shippingservice=1,markov,stageC,kubernetes-default,K8s default,214,214.000,replay,mixed,0.743316,0.041060,7,1.440440,0.000000,0.418771,0.479206,,,0.000000,0.011853,0.011853,7,7,0,84.302292,84.302292,84.302292,84.302292,120.000000,0.000000,145.947368,0.577621,0.000000,20,,,,,,,,,
online-boutique,online-boutique-longmix-stageC-scale20-replica1-markov-steps500-20260612T140717Z,idyn-ob-scale20-replica1,scale20,replica1,adservice=1;cartservice=1;checkoutservice=1;currencyservice=1;emailservice=1;frontend=1;paymentservice=1;productcatalogservice=1;recommendationservice=1;redis-cart=1;shippingservice=1,markov,stageC,cga,CGA,214,214.000,replay,mixed,0.743316,0.041060,7,1.440440,0.000000,0.418771,0.479206,,,0.000000,0.011853,0.011853,7,7,0,80.053535,80.053535,80.053535,80.053535,120.000000,0.000000,145.947368,0.548510,0.000000,20,,,,,,,,,
online-boutique,online-boutique-longmix-stageC-scale20-replica1-markov-steps500-20260612T140717Z,idyn-ob-scale20-replica1,scale20,replica1,adservice=1;cartservice=1;checkoutservice=1;currencyservice=1;emailservice=1;frontend=1;paymentservice=1;productcatalogservice=1;recommendationservice=1;redis-cart=1;shippingservice=1,markov,stageC,hda,HDA,214,214.000,replay,mixed,0.743316,0.041060,7,1.440440,0.000000,0.418771,0.479206,,,0.000000,0.011853,0.011853,7,7,0,77.954627,77.954627,77.954627,77.954627,120.000000,0.000000,145.947368,0.534128,0.000000,20,,,,,,,,,
online-boutique,online-boutique-longmix-stageC-scale20-replica1-markov-steps500-20260612T140717Z,idyn-ob-scale20-replica1,scale20,replica1,adservice=1;cartservice=1;checkoutservice=1;currencyservice=1;emailservice=1;frontend=1;paymentservice=1;productcatalogservice=1;recommendationservice=1;redis-cart=1;shippingservice=1,markov,stageC,kubernetes-default,K8s default,215,215.000,replay,mixed,0.754333,0.708433,7,1.440440,0.800000,0.467762,1.918165,,,0.000000,0.008646,0.008646,7,7,0,98.440799,98.440799,98.440799,98.440799,120.000000,0.000000,119.947368,0.820700,0.000000,20,,,,,,,,,
online-boutique,online-boutique-longmix-stageC-scale20-replica1-markov-steps500-20260612T140717Z,idyn-ob-scale20-replica1,scale20,replica1,adservice=1;cartservice=1;checkoutservice=1;currencyservice=1;emailservice=1;frontend=1;paymentservice=1;productcatalogservice=1;recommendationservice=1;redis-cart=1;shippingservice=1,markov,stageC,cga,CGA,215,215.000,replay,mixed,0.754333,0.708433,7,1.440440,0.800000,0.467762,1.918165,,,0.000000,0.008646,0.008646,7,7,0,91.114085,91.114085,91.114085,91.114085,120.000000,0.000000,119.947368,0.759617,0.000000,20,,,,,,,,,
online-boutique,online-boutique-longmix-stageC-scale20-replica1-markov-steps500-20260612T140717Z,idyn-ob-scale20-replica1,scale20,replica1,adservice=1;cartservice=1;checkoutservice=1;currencyservice=1;emailservice=1;frontend=1;paymentservice=1;productcatalogservice=1;recommendationservice=1;redis-cart=1;shippingservice=1,markov,stageC,hda,HDA,215,215.000,replay,mixed,0.754333,0.708433,7,1.440440,0.800000,0.467762,1.918165,,,0.000000,0.008646,0.008646,7,7,0,92.163418,92.163418,92.163418,92.163418,120.000000,0.000000,119.947368,0.768365,0.000000,20,,,,,,,,,
online-boutique,online-boutique-longmix-stageC-scale20-replica1-markov-steps500-20260612T140717Z,idyn-ob-scale20-replica1,scale20,replica1,adservice=1;cartservice=1;checkoutservice=1;currencyservice=1;emailservice=1;frontend=1;paymentservice=1;productcatalogservice=1;recommendationservice=1;redis-cart=1;shippingservice=1,markov,stageC,kubernetes-default,K8s default,216,216.000,replay,mixed,0.787224,0.715542,7,1.440440,0.800000,0.418771,0.479206,,,0.000000,0.008466,0.008466,7,7,0,119.045680,119.045680,119.045680,119.045680,120.000000,0.000000,145.947368,0.815675,0.000000,20,,,,,,,,,
online-boutique,online-boutique-longmix-stageC-scale20-replica1-markov-steps500-20260612T140717Z,idyn-ob-scale20-replica1,scale20,replica1,adservice=1;cartservice=1;checkoutservice=1;currencyservice=1;emailservice=1;frontend=1;paymentservice=1;productcatalogservice=1;recommendationservice=1;redis-cart=1;shippingservice=1,markov,stageC,cga,CGA,216,216.000,replay,mixed,0.787224,0.715542,7,1.440440,0.800000,0.418771,0.479206,,,0.000000,0.008466,0.008466,7,7,0,110.691298,110.691298,110.691298,110.691298,120.000000,0.000000,145.947368,0.758433,0.000000,20,,,,,,,,,
online-boutique,online-boutique-longmix-stageC-scale20-replica1-markov-steps500-20260612T140717Z,idyn-ob-scale20-replica1,scale20,replica1,adservice=1;cartservice=1;checkoutservice=1;currencyservice=1;emailservice=1;frontend=1;paymentservice=1;productcatalogservice=1;recommendationservice=1;redis-cart=1;shippingservice=1,markov,stageC,hda,HDA,216,216.000,replay,mixed,0.787224,0.715542,7,1.440440,0.800000,0.418771,0.479206,,,0.000000,0.008466,0.008466,7,7,0,102.044217,102.044217,102.044217,102.044217,120.000000,0.000000,145.947368,0.699185,0.000000,20,,,,,,,,,
online-boutique,online-boutique-longmix-stageC-scale20-replica1-markov-steps500-20260612T140717Z,idyn-ob-scale20-replica1,scale20,replica1,adservice=1;cartservice=1;checkoutservice=1;currencyservice=1;emailservice=1;frontend=1;paymentservice=1;productcatalogservice=1;recommendationservice=1;redis-cart=1;shippingservice=1,markov,stageC,kubernetes-default,K8s default,217,217.000,replay,mixed,0.783122,0.587392,7,1.525982,0.800000,0.359677,1.100147,,,0.000000,0.013106,0.013106,7,7,0,86.526249,86.526249,86.526249,86.526249,120.000000,0.000000,113.447368,0.762699,0.000000,20,,,,,,,,,
online-boutique,online-boutique-longmix-stageC-scale20-replica1-markov-steps500-20260612T140717Z,idyn-ob-scale20-replica1,scale20,replica1,adservice=1;cartservice=1;checkoutservice=1;currencyservice=1;emailservice=1;frontend=1;paymentservice=1;productcatalogservice=1;recommendationservice=1;redis-cart=1;shippingservice=1,markov,stageC,cga,CGA,217,217.000,replay,mixed,0.783122,0.587392,7,1.525982,0.800000,0.359677,1.100147,,,0.000000,0.013106,0.013106,7,7,0,82.227868,82.227868,82.227868,82.227868,120.000000,0.000000,113.447368,0.724811,0.000000,20,,,,,,,,,
online-boutique,online-boutique-longmix-stageC-scale20-replica1-markov-steps500-20260612T140717Z,idyn-ob-scale20-replica1,scale20,replica1,adservice=1;cartservice=1;checkoutservice=1;currencyservice=1;emailservice=1;frontend=1;paymentservice=1;productcatalogservice=1;recommendationservice=1;redis-cart=1;shippingservice=1,markov,stageC,hda,HDA,217,217.000,replay,mixed,0.783122,0.587392,7,1.525982,0.800000,0.359677,1.100147,,,0.000000,0.013106,0.013106,7,7,0,81.705630,81.705630,81.705630,81.705630,120.000000,0.000000,113.447368,0.720207,0.000000,20,,,,,,,,,
online-boutique,online-boutique-longmix-stageC-scale20-replica1-markov-steps500-20260612T140717Z,idyn-ob-scale20-replica1,scale20,replica1,adservice=1;cartservice=1;checkoutservice=1;currencyservice=1;emailservice=1;frontend=1;paymentservice=1;productcatalogservice=1;recommendationservice=1;redis-cart=1;shippingservice=1,markov,stageC,kubernetes-default,K8s default,218,218.000,replay,mixed,0.734175,0.620260,7,1.368091,0.800000,0.411186,0.478705,,,0.000000,0.008907,0.008907,7,7,0,101.502864,101.502864,101.502864,101.502864,120.000000,0.000000,132.947368,0.763482,0.000000,20,,,,,,,,,
online-boutique,online-boutique-longmix-stageC-scale20-replica1-markov-steps500-20260612T140717Z,idyn-ob-scale20-replica1,scale20,replica1,adservice=1;cartservice=1;checkoutservice=1;currencyservice=1;emailservice=1;frontend=1;paymentservice=1;productcatalogservice=1;recommendationservice=1;redis-cart=1;shippingservice=1,markov,stageC,cga,CGA,218,218.000,replay,mixed,0.734175,0.620260,7,1.368091,0.800000,0.411186,0.478705,,,0.000000,0.008907,0.008907,7,7,0,92.933837,92.933837,92.933837,92.933837,120.000000,0.000000,132.947368,0.699027,0.000000,20,,,,,,,,,
online-boutique,online-boutique-longmix-stageC-scale20-replica1-markov-steps500-20260612T140717Z,idyn-ob-scale20-replica1,scale20,replica1,adservice=1;cartservice=1;checkoutservice=1;currencyservice=1;emailservice=1;frontend=1;paymentservice=1;productcatalogservice=1;recommendationservice=1;redis-cart=1;shippingservice=1,markov,stageC,hda,HDA,218,218.000,replay,mixed,0.734175,0.620260,7,1.368091,0.800000,0.411186,0.478705,,,0.000000,0.008907,0.008907,7,7,0,92.836005,92.836005,92.836005,92.836005,120.000000,0.000000,132.947368,0.698291,0.000000,20,,,,,,,,,
online-boutique,online-boutique-longmix-stageC-scale20-replica1-markov-steps500-20260612T140717Z,idyn-ob-scale20-replica1,scale20,replica1,adservice=1;cartservice=1;checkoutservice=1;currencyservice=1;emailservice=1;frontend=1;paymentservice=1;productcatalogservice=1;recommendationservice=1;redis-cart=1;shippingservice=1,markov,stageC,kubernetes-default,K8s default,219,219.000,replay,mixed,0.731442,0.747467,14,1.525982,0.800000,0.344308,0.539631,,,0.000000,0.012454,0.012454,11,14,0,145.868131,145.868131,145.868131,145.868131,120.000000,0.000000,191.447368,0.761923,0.000000,20,,,,,,,,,
online-boutique,online-boutique-longmix-stageC-scale20-replica1-markov-steps500-20260612T140717Z,idyn-ob-scale20-replica1,scale20,replica1,adservice=1;cartservice=1;checkoutservice=1;currencyservice=1;emailservice=1;frontend=1;paymentservice=1;productcatalogservice=1;recommendationservice=1;redis-cart=1;shippingservice=1,markov,stageC,cga,CGA,219,219.000,replay,mixed,0.731442,0.747467,14,1.525982,0.800000,0.344308,0.539631,,,0.000000,0.012454,0.012454,11,14,0,137.873559,137.873559,137.873559,137.873559,120.000000,0.000000,191.447368,0.720164,0.000000,20,,,,,,,,,
online-boutique,online-boutique-longmix-stageC-scale20-replica1-markov-steps500-20260612T140717Z,idyn-ob-scale20-replica1,scale20,replica1,adservice=1;cartservice=1;checkoutservice=1;currencyservice=1;emailservice=1;frontend=1;paymentservice=1;productcatalogservice=1;recommendationservice=1;redis-cart=1;shippingservice=1,markov,stageC,hda,HDA,219,219.000,replay,mixed,0.731442,0.747467,14,1.525982,0.800000,0.344308,0.539631,,,0.000000,0.012454,0.012454,11,14,0,131.820471,131.820471,131.820471,131.820471,120.000000,0.000000,191.447368,0.688547,0.000000,20,,,,,,,,,
online-boutique,online-boutique-longmix-stageC-scale20-replica1-markov-steps500-20260612T140717Z,idyn-ob-scale20-replica1,scale20,replica1,adservice=1;cartservice=1;checkoutservice=1;currencyservice=1;emailservice=1;frontend=1;paymentservice=1;productcatalogservice=1;recommendationservice=1;redis-cart=1;shippingservice=1,markov,stageC,kubernetes-default,K8s default,220,220.000,replay,mixed,0.788730,0.755759,7,1.368091,0.800000,0.411186,0.478705,,,0.000000,0.009818,0.009818,7,7,0,110.740381,110.740381,110.740381,110.740381,120.000000,0.000000,132.947368,0.832964,0.000000,20,,,,,,,,,
online-boutique,online-boutique-longmix-stageC-scale20-replica1-markov-steps500-20260612T140717Z,idyn-ob-scale20-replica1,scale20,replica1,adservice=1;cartservice=1;checkoutservice=1;currencyservice=1;emailservice=1;frontend=1;paymentservice=1;productcatalogservice=1;recommendationservice=1;redis-cart=1;shippingservice=1,markov,stageC,cga,CGA,220,220.000,replay,mixed,0.788730,0.755759,7,1.368091,0.800000,0.411186,0.478705,,,0.000000,0.009818,0.009818,7,7,0,102.837165,102.837165,102.837165,102.837165,120.000000,0.000000,132.947368,0.773518,0.000000,20,,,,,,,,,
online-boutique,online-boutique-longmix-stageC-scale20-replica1-markov-steps500-20260612T140717Z,idyn-ob-scale20-replica1,scale20,replica1,adservice=1;cartservice=1;checkoutservice=1;currencyservice=1;emailservice=1;frontend=1;paymentservice=1;productcatalogservice=1;recommendationservice=1;redis-cart=1;shippingservice=1,markov,stageC,hda,HDA,220,220.000,replay,mixed,0.788730,0.755759,7,1.368091,0.800000,0.411186,0.478705,,,0.000000,0.009818,0.009818,7,7,0,94.276419,94.276419,94.276419,94.276419,120.000000,0.000000,132.947368,0.709126,0.000000,20,,,,,,,,,
online-boutique,online-boutique-longmix-stageC-scale20-replica1-markov-steps500-20260612T140717Z,idyn-ob-scale20-replica1,scale20,replica1,adservice=1;cartservice=1;checkoutservice=1;currencyservice=1;emailservice=1;frontend=1;paymentservice=1;productcatalogservice=1;recommendationservice=1;redis-cart=1;shippingservice=1,markov,stageC,kubernetes-default,K8s default,221,221.000,replay,mixed,0.730751,0.073510,7,1.368091,0.000000,0.411186,0.478705,,,0.000000,0.008866,0.008866,7,7,0,79.965725,79.965725,79.965725,79.965725,120.000000,0.000000,132.947368,0.601484,0.000000,20,,,,,,,,,
online-boutique,online-boutique-longmix-stageC-scale20-replica1-markov-steps500-20260612T140717Z,idyn-ob-scale20-replica1,scale20,replica1,adservice=1;cartservice=1;checkoutservice=1;currencyservice=1;emailservice=1;frontend=1;paymentservice=1;productcatalogservice=1;recommendationservice=1;redis-cart=1;shippingservice=1,markov,stageC,cga,CGA,221,221.000,replay,mixed,0.730751,0.073510,7,1.368091,0.000000,0.411186,0.478705,,,0.000000,0.008866,0.008866,7,7,0,70.310971,70.310971,70.310971,70.310971,120.000000,0.000000,132.947368,0.528863,0.000000,20,,,,,,,,,
online-boutique,online-boutique-longmix-stageC-scale20-replica1-markov-steps500-20260612T140717Z,idyn-ob-scale20-replica1,scale20,replica1,adservice=1;cartservice=1;checkoutservice=1;currencyservice=1;emailservice=1;frontend=1;paymentservice=1;productcatalogservice=1;recommendationservice=1;redis-cart=1;shippingservice=1,markov,stageC,hda,HDA,221,221.000,replay,mixed,0.730751,0.073510,7,1.368091,0.000000,0.411186,0.478705,,,0.000000,0.008866,0.008866,7,7,0,72.860245,72.860245,72.860245,72.860245,120.000000,0.000000,132.947368,0.548038,0.000000,20,,,,,,,,,
online-boutique,online-boutique-longmix-stageC-scale20-replica1-markov-steps500-20260612T140717Z,idyn-ob-scale20-replica1,scale20,replica1,adservice=1;cartservice=1;checkoutservice=1;currencyservice=1;emailservice=1;frontend=1;paymentservice=1;productcatalogservice=1;recommendationservice=1;redis-cart=1;shippingservice=1,markov,stageC,kubernetes-default,K8s default,222,222.000,replay,mixed,0.755919,0.033295,7,1.368091,0.000000,0.411186,0.478705,,,0.000000,0.012163,0.012163,7,7,0,73.265809,73.265809,73.265809,73.265809,120.000000,0.000000,132.947368,0.551089,0.000000,20,,,,,,,,,
online-boutique,online-boutique-longmix-stageC-scale20-replica1-markov-steps500-20260612T140717Z,idyn-ob-scale20-replica1,scale20,replica1,adservice=1;cartservice=1;checkoutservice=1;currencyservice=1;emailservice=1;frontend=1;paymentservice=1;productcatalogservice=1;recommendationservice=1;redis-cart=1;shippingservice=1,markov,stageC,cga,CGA,222,222.000,replay,mixed,0.755919,0.033295,7,1.368091,0.000000,0.411186,0.478705,,,0.000000,0.012163,0.012163,7,7,0,72.026287,72.026287,72.026287,72.026287,120.000000,0.000000,132.947368,0.541765,0.000000,20,,,,,,,,,
online-boutique,online-boutique-longmix-stageC-scale20-replica1-markov-steps500-20260612T140717Z,idyn-ob-scale20-replica1,scale20,replica1,adservice=1;cartservice=1;checkoutservice=1;currencyservice=1;emailservice=1;frontend=1;paymentservice=1;productcatalogservice=1;recommendationservice=1;redis-cart=1;shippingservice=1,markov,stageC,hda,HDA,222,222.000,replay,mixed,0.755919,0.033295,7,1.368091,0.000000,0.411186,0.478705,,,0.000000,0.012163,0.012163,7,7,0,71.124578,71.124578,71.124578,71.124578,120.000000,0.000000,132.947368,0.534983,0.000000,20,,,,,,,,,
online-boutique,online-boutique-longmix-stageC-scale20-replica1-markov-steps500-20260612T140717Z,idyn-ob-scale20-replica1,scale20,replica1,adservice=1;cartservice=1;checkoutservice=1;currencyservice=1;emailservice=1;frontend=1;paymentservice=1;productcatalogservice=1;recommendationservice=1;redis-cart=1;shippingservice=1,markov,stageC,kubernetes-default,K8s default,223,223.000,replay,mixed,0.726193,0.039324,7,1.368091,0.000000,0.411186,0.478705,,,0.000000,0.008536,0.008536,7,7,0,76.773573,76.773573,76.773573,76.773573,120.000000,0.000000,132.947368,0.577473,0.000000,20,,,,,,,,,
online-boutique,online-boutique-longmix-stageC-scale20-replica1-markov-steps500-20260612T140717Z,idyn-ob-scale20-replica1,scale20,replica1,adservice=1;cartservice=1;checkoutservice=1;currencyservice=1;emailservice=1;frontend=1;paymentservice=1;productcatalogservice=1;recommendationservice=1;redis-cart=1;shippingservice=1,markov,stageC,cga,CGA,223,223.000,replay,mixed,0.726193,0.039324,7,1.368091,0.000000,0.411186,0.478705,,,0.000000,0.008536,0.008536,7,7,0,68.837858,68.837858,68.837858,68.837858,120.000000,0.000000,132.947368,0.517783,0.000000,20,,,,,,,,,
online-boutique,online-boutique-longmix-stageC-scale20-replica1-markov-steps500-20260612T140717Z,idyn-ob-scale20-replica1,scale20,replica1,adservice=1;cartservice=1;checkoutservice=1;currencyservice=1;emailservice=1;frontend=1;paymentservice=1;productcatalogservice=1;recommendationservice=1;redis-cart=1;shippingservice=1,markov,stageC,hda,HDA,223,223.000,replay,mixed,0.726193,0.039324,7,1.368091,0.000000,0.411186,0.478705,,,0.000000,0.008536,0.008536,7,7,0,69.093156,69.093156,69.093156,69.093156,120.000000,0.000000,132.947368,0.519703,0.000000,20,,,,,,,,,
online-boutique,online-boutique-longmix-stageC-scale20-replica1-markov-steps500-20260612T140717Z,idyn-ob-scale20-replica1,scale20,replica1,adservice=1;cartservice=1;checkoutservice=1;currencyservice=1;emailservice=1;frontend=1;paymentservice=1;productcatalogservice=1;recommendationservice=1;redis-cart=1;shippingservice=1,markov,stageC,kubernetes-default,K8s default,224,224.000,replay,mixed,0.776967,0.065348,7,1.368091,0.000000,0.411186,0.478705,,,0.000000,0.016511,0.016511,7,7,0,75.769173,75.769173,75.769173,75.769173,120.000000,0.000000,132.947368,0.569919,0.000000,20,,,,,,,,,
online-boutique,online-boutique-longmix-stageC-scale20-replica1-markov-steps500-20260612T140717Z,idyn-ob-scale20-replica1,scale20,replica1,adservice=1;cartservice=1;checkoutservice=1;currencyservice=1;emailservice=1;frontend=1;paymentservice=1;productcatalogservice=1;recommendationservice=1;redis-cart=1;shippingservice=1,markov,stageC,cga,CGA,224,224.000,replay,mixed,0.776967,0.065348,7,1.368091,0.000000,0.411186,0.478705,,,0.000000,0.016511,0.016511,7,7,0,75.849027,75.849027,75.849027,75.849027,120.000000,0.000000,132.947368,0.570519,0.000000,20,,,,,,,,,
online-boutique,online-boutique-longmix-stageC-scale20-replica1-markov-steps500-20260612T140717Z,idyn-ob-scale20-replica1,scale20,replica1,adservice=1;cartservice=1;checkoutservice=1;currencyservice=1;emailservice=1;frontend=1;paymentservice=1;productcatalogservice=1;recommendationservice=1;redis-cart=1;shippingservice=1,markov,stageC,hda,HDA,224,224.000,replay,mixed,0.776967,0.065348,7,1.368091,0.000000,0.411186,0.478705,,,0.000000,0.016511,0.016511,7,7,0,72.488689,72.488689,72.488689,72.488689,120.000000,0.000000,132.947368,0.545244,0.000000,20,,,,,,,,,
online-boutique,online-boutique-longmix-stageC-scale20-replica1-markov-steps500-20260612T140717Z,idyn-ob-scale20-replica1,scale20,replica1,adservice=1;cartservice=1;checkoutservice=1;currencyservice=1;emailservice=1;frontend=1;paymentservice=1;productcatalogservice=1;recommendationservice=1;redis-cart=1;shippingservice=1,markov,stageC,kubernetes-default,K8s default,225,225.000,replay,mixed,0.710016,0.086170,7,1.368091,0.000000,0.411186,0.478705,,,0.000000,0.009218,0.009218,7,7,0,75.378876,75.378876,75.378876,75.378876,120.000000,0.000000,132.947368,0.566983,0.000000,20,,,,,,,,,
online-boutique,online-boutique-longmix-stageC-scale20-replica1-markov-steps500-20260612T140717Z,idyn-ob-scale20-replica1,scale20,replica1,adservice=1;cartservice=1;checkoutservice=1;currencyservice=1;emailservice=1;frontend=1;paymentservice=1;productcatalogservice=1;recommendationservice=1;redis-cart=1;shippingservice=1,markov,stageC,cga,CGA,225,225.000,replay,mixed,0.710016,0.086170,7,1.368091,0.000000,0.411186,0.478705,,,0.000000,0.009218,0.009218,7,7,0,72.912401,72.912401,72.912401,72.912401,120.000000,0.000000,132.947368,0.548431,0.000000,20,,,,,,,,,
online-boutique,online-boutique-longmix-stageC-scale20-replica1-markov-steps500-20260612T140717Z,idyn-ob-scale20-replica1,scale20,replica1,adservice=1;cartservice=1;checkoutservice=1;currencyservice=1;emailservice=1;frontend=1;paymentservice=1;productcatalogservice=1;recommendationservice=1;redis-cart=1;shippingservice=1,markov,stageC,hda,HDA,225,225.000,replay,mixed,0.710016,0.086170,7,1.368091,0.000000,0.411186,0.478705,,,0.000000,0.009218,0.009218,7,7,0,70.679657,70.679657,70.679657,70.679657,120.000000,0.000000,132.947368,0.531636,0.000000,20,,,,,,,,,
online-boutique,online-boutique-longmix-stageC-scale20-replica1-markov-steps500-20260612T140717Z,idyn-ob-scale20-replica1,scale20,replica1,adservice=1;cartservice=1;checkoutservice=1;currencyservice=1;emailservice=1;frontend=1;paymentservice=1;productcatalogservice=1;recommendationservice=1;redis-cart=1;shippingservice=1,markov,stageC,kubernetes-default,K8s default,226,226.000,replay,mixed,0.749012,0.238476,7,1.440440,0.500000,0.418771,0.479206,,,0.000000,0.008916,0.008916,7,7,0,90.909873,90.909873,90.909873,90.909873,120.000000,0.000000,145.947368,0.622895,0.000000,20,,,,,,,,,
online-boutique,online-boutique-longmix-stageC-scale20-replica1-markov-steps500-20260612T140717Z,idyn-ob-scale20-replica1,scale20,replica1,adservice=1;cartservice=1;checkoutservice=1;currencyservice=1;emailservice=1;frontend=1;paymentservice=1;productcatalogservice=1;recommendationservice=1;redis-cart=1;shippingservice=1,markov,stageC,cga,CGA,226,226.000,replay,mixed,0.749012,0.238476,7,1.440440,0.500000,0.418771,0.479206,,,0.000000,0.008916,0.008916,7,7,0,86.964635,86.964635,86.964635,86.964635,120.000000,0.000000,145.947368,0.595863,0.000000,20,,,,,,,,,
online-boutique,online-boutique-longmix-stageC-scale20-replica1-markov-steps500-20260612T140717Z,idyn-ob-scale20-replica1,scale20,replica1,adservice=1;cartservice=1;checkoutservice=1;currencyservice=1;emailservice=1;frontend=1;paymentservice=1;productcatalogservice=1;recommendationservice=1;redis-cart=1;shippingservice=1,markov,stageC,hda,HDA,226,226.000,replay,mixed,0.749012,0.238476,7,1.440440,0.500000,0.418771,0.479206,,,0.000000,0.008916,0.008916,7,7,0,86.190640,86.190640,86.190640,86.190640,120.000000,0.000000,145.947368,0.590560,0.000000,20,,,,,,,,,
online-boutique,online-boutique-longmix-stageC-scale20-replica1-markov-steps500-20260612T140717Z,idyn-ob-scale20-replica1,scale20,replica1,adservice=1;cartservice=1;checkoutservice=1;currencyservice=1;emailservice=1;frontend=1;paymentservice=1;productcatalogservice=1;recommendationservice=1;redis-cart=1;shippingservice=1,markov,stageC,kubernetes-default,K8s default,227,227.000,replay,mixed,0.767986,0.590711,7,1.525982,0.800000,0.359677,1.100147,,,0.000000,0.008415,0.008415,7,7,0,88.284265,88.284265,88.284265,88.284265,120.000000,0.000000,113.447368,0.778196,0.000000,20,,,,,,,,,
online-boutique,online-boutique-longmix-stageC-scale20-replica1-markov-steps500-20260612T140717Z,idyn-ob-scale20-replica1,scale20,replica1,adservice=1;cartservice=1;checkoutservice=1;currencyservice=1;emailservice=1;frontend=1;paymentservice=1;productcatalogservice=1;recommendationservice=1;redis-cart=1;shippingservice=1,markov,stageC,cga,CGA,227,227.000,replay,mixed,0.767986,0.590711,7,1.525982,0.800000,0.359677,1.100147,,,0.000000,0.008415,0.008415,7,7,0,77.606835,77.606835,77.606835,77.606835,120.000000,0.000000,113.447368,0.684078,0.000000,20,,,,,,,,,
online-boutique,online-boutique-longmix-stageC-scale20-replica1-markov-steps500-20260612T140717Z,idyn-ob-scale20-replica1,scale20,replica1,adservice=1;cartservice=1;checkoutservice=1;currencyservice=1;emailservice=1;frontend=1;paymentservice=1;productcatalogservice=1;recommendationservice=1;redis-cart=1;shippingservice=1,markov,stageC,hda,HDA,227,227.000,replay,mixed,0.767986,0.590711,7,1.525982,0.800000,0.359677,1.100147,,,0.000000,0.008415,0.008415,7,7,0,74.283464,74.283464,74.283464,74.283464,120.000000,0.000000,113.447368,0.654783,0.000000,20,,,,,,,,,
online-boutique,online-boutique-longmix-stageC-scale20-replica1-markov-steps500-20260612T140717Z,idyn-ob-scale20-replica1,scale20,replica1,adservice=1;cartservice=1;checkoutservice=1;currencyservice=1;emailservice=1;frontend=1;paymentservice=1;productcatalogservice=1;recommendationservice=1;redis-cart=1;shippingservice=1,markov,stageC,kubernetes-default,K8s default,228,228.000,replay,mixed,0.718368,0.467575,7,1.440440,0.500000,0.467762,1.918165,,,0.000000,0.008536,0.008536,7,7,0,87.444450,87.444450,87.444450,87.444450,120.000000,0.000000,119.947368,0.729023,0.000000,20,,,,,,,,,
online-boutique,online-boutique-longmix-stageC-scale20-replica1-markov-steps500-20260612T140717Z,idyn-ob-scale20-replica1,scale20,replica1,adservice=1;cartservice=1;checkoutservice=1;currencyservice=1;emailservice=1;frontend=1;paymentservice=1;productcatalogservice=1;recommendationservice=1;redis-cart=1;shippingservice=1,markov,stageC,cga,CGA,228,228.000,replay,mixed,0.718368,0.467575,7,1.440440,0.500000,0.467762,1.918165,,,0.000000,0.008536,0.008536,7,7,0,79.062907,79.062907,79.062907,79.062907,120.000000,0.000000,119.947368,0.659147,0.000000,20,,,,,,,,,
online-boutique,online-boutique-longmix-stageC-scale20-replica1-markov-steps500-20260612T140717Z,idyn-ob-scale20-replica1,scale20,replica1,adservice=1;cartservice=1;checkoutservice=1;currencyservice=1;emailservice=1;frontend=1;paymentservice=1;productcatalogservice=1;recommendationservice=1;redis-cart=1;shippingservice=1,markov,stageC,hda,HDA,228,228.000,replay,mixed,0.718368,0.467575,7,1.440440,0.500000,0.467762,1.918165,,,0.000000,0.008536,0.008536,7,7,0,75.475508,75.475508,75.475508,75.475508,120.000000,0.000000,119.947368,0.629239,0.000000,20,,,,,,,,,
online-boutique,online-boutique-longmix-stageC-scale20-replica1-markov-steps500-20260612T140717Z,idyn-ob-scale20-replica1,scale20,replica1,adservice=1;cartservice=1;checkoutservice=1;currencyservice=1;emailservice=1;frontend=1;paymentservice=1;productcatalogservice=1;recommendationservice=1;redis-cart=1;shippingservice=1,markov,stageC,kubernetes-default,K8s default,229,229.000,replay,mixed,0.731059,0.017359,7,1.440440,0.000000,0.467762,1.918165,,,0.000000,0.008106,0.008106,7,7,0,69.753350,69.753350,69.753350,69.753350,120.000000,0.000000,119.947368,0.581533,0.000000,20,,,,,,,,,
online-boutique,online-boutique-longmix-stageC-scale20-replica1-markov-steps500-20260612T140717Z,idyn-ob-scale20-replica1,scale20,replica1,adservice=1;cartservice=1;checkoutservice=1;currencyservice=1;emailservice=1;frontend=1;paymentservice=1;productcatalogservice=1;recommendationservice=1;redis-cart=1;shippingservice=1,markov,stageC,cga,CGA,229,229.000,replay,mixed,0.731059,0.017359,7,1.440440,0.000000,0.467762,1.918165,,,0.000000,0.008106,0.008106,7,7,0,66.932583,66.932583,66.932583,66.932583,120.000000,0.000000,119.947368,0.558016,0.000000,20,,,,,,,,,
online-boutique,online-boutique-longmix-stageC-scale20-replica1-markov-steps500-20260612T140717Z,idyn-ob-scale20-replica1,scale20,replica1,adservice=1;cartservice=1;checkoutservice=1;currencyservice=1;emailservice=1;frontend=1;paymentservice=1;productcatalogservice=1;recommendationservice=1;redis-cart=1;shippingservice=1,markov,stageC,hda,HDA,229,229.000,replay,mixed,0.731059,0.017359,7,1.440440,0.000000,0.467762,1.918165,,,0.000000,0.008106,0.008106,7,7,0,55.603842,55.603842,55.603842,55.603842,120.000000,0.000000,119.947368,0.463569,0.000000,20,,,,,,,,,
online-boutique,online-boutique-longmix-stageC-scale20-replica1-markov-steps500-20260612T140717Z,idyn-ob-scale20-replica1,scale20,replica1,adservice=1;cartservice=1;checkoutservice=1;currencyservice=1;emailservice=1;frontend=1;paymentservice=1;productcatalogservice=1;recommendationservice=1;redis-cart=1;shippingservice=1,markov,stageC,kubernetes-default,K8s default,230,230.000,replay,mixed,0.682086,0.066989,7,1.440440,0.000000,0.467762,1.918165,,,0.000000,0.008587,0.008587,7,7,0,65.088515,65.088515,65.088515,65.088515,120.000000,0.000000,119.947368,0.542642,0.000000,20,,,,,,,,,
online-boutique,online-boutique-longmix-stageC-scale20-replica1-markov-steps500-20260612T140717Z,idyn-ob-scale20-replica1,scale20,replica1,adservice=1;cartservice=1;checkoutservice=1;currencyservice=1;emailservice=1;frontend=1;paymentservice=1;productcatalogservice=1;recommendationservice=1;redis-cart=1;shippingservice=1,markov,stageC,cga,CGA,230,230.000,replay,mixed,0.682086,0.066989,7,1.440440,0.000000,0.467762,1.918165,,,0.000000,0.008587,0.008587,7,7,0,65.079185,65.079185,65.079185,65.079185,120.000000,0.000000,119.947368,0.542565,0.000000,20,,,,,,,,,
online-boutique,online-boutique-longmix-stageC-scale20-replica1-markov-steps500-20260612T140717Z,idyn-ob-scale20-replica1,scale20,replica1,adservice=1;cartservice=1;checkoutservice=1;currencyservice=1;emailservice=1;frontend=1;paymentservice=1;productcatalogservice=1;recommendationservice=1;redis-cart=1;shippingservice=1,markov,stageC,hda,HDA,230,230.000,replay,mixed,0.682086,0.066989,7,1.440440,0.000000,0.467762,1.918165,,,0.000000,0.008587,0.008587,7,7,0,60.597647,60.597647,60.597647,60.597647,120.000000,0.000000,119.947368,0.505202,0.000000,20,,,,,,,,,
online-boutique,online-boutique-longmix-stageC-scale20-replica1-markov-steps500-20260612T140717Z,idyn-ob-scale20-replica1,scale20,replica1,adservice=1;cartservice=1;checkoutservice=1;currencyservice=1;emailservice=1;frontend=1;paymentservice=1;productcatalogservice=1;recommendationservice=1;redis-cart=1;shippingservice=1,markov,stageC,kubernetes-default,K8s default,231,231.000,replay,mixed,0.707426,0.035821,7,1.440440,0.000000,0.467762,1.918165,,,0.000000,0.029807,0.029807,7,7,0,64.017844,64.017844,64.017844,64.017844,120.000000,0.000000,119.947368,0.533716,0.000000,20,,,,,,,,,
online-boutique,online-boutique-longmix-stageC-scale20-replica1-markov-steps500-20260612T140717Z,idyn-ob-scale20-replica1,scale20,replica1,adservice=1;cartservice=1;checkoutservice=1;currencyservice=1;emailservice=1;frontend=1;paymentservice=1;productcatalogservice=1;recommendationservice=1;redis-cart=1;shippingservice=1,markov,stageC,cga,CGA,231,231.000,replay,mixed,0.707426,0.035821,7,1.440440,0.000000,0.467762,1.918165,,,0.000000,0.029807,0.029807,7,7,0,57.808273,57.808273,57.808273,57.808273,120.000000,0.000000,119.947368,0.481947,0.000000,20,,,,,,,,,
online-boutique,online-boutique-longmix-stageC-scale20-replica1-markov-steps500-20260612T140717Z,idyn-ob-scale20-replica1,scale20,replica1,adservice=1;cartservice=1;checkoutservice=1;currencyservice=1;emailservice=1;frontend=1;paymentservice=1;productcatalogservice=1;recommendationservice=1;redis-cart=1;shippingservice=1,markov,stageC,hda,HDA,231,231.000,replay,mixed,0.707426,0.035821,7,1.440440,0.000000,0.467762,1.918165,,,0.000000,0.029807,0.029807,7,7,0,62.038089,62.038089,62.038089,62.038089,120.000000,0.000000,119.947368,0.517211,0.000000,20,,,,,,,,,
online-boutique,online-boutique-longmix-stageC-scale20-replica1-markov-steps500-20260612T140717Z,idyn-ob-scale20-replica1,scale20,replica1,adservice=1;cartservice=1;checkoutservice=1;currencyservice=1;emailservice=1;frontend=1;paymentservice=1;productcatalogservice=1;recommendationservice=1;redis-cart=1;shippingservice=1,markov,stageC,kubernetes-default,K8s default,232,232.000,replay,mixed,0.725074,0.024339,7,1.440440,0.000000,0.467762,1.918165,,,0.000000,0.008316,0.008316,7,7,0,64.848861,64.848861,64.848861,64.848861,120.000000,0.000000,119.947368,0.540644,0.000000,20,,,,,,,,,
online-boutique,online-boutique-longmix-stageC-scale20-replica1-markov-steps500-20260612T140717Z,idyn-ob-scale20-replica1,scale20,replica1,adservice=1;cartservice=1;checkoutservice=1;currencyservice=1;emailservice=1;frontend=1;paymentservice=1;productcatalogservice=1;recommendationservice=1;redis-cart=1;shippingservice=1,markov,stageC,cga,CGA,232,232.000,replay,mixed,0.725074,0.024339,7,1.440440,0.000000,0.467762,1.918165,,,0.000000,0.008316,0.008316,7,7,0,53.774065,53.774065,53.774065,53.774065,120.000000,0.000000,119.947368,0.448314,0.000000,20,,,,,,,,,
online-boutique,online-boutique-longmix-stageC-scale20-replica1-markov-steps500-20260612T140717Z,idyn-ob-scale20-replica1,scale20,replica1,adservice=1;cartservice=1;checkoutservice=1;currencyservice=1;emailservice=1;frontend=1;paymentservice=1;productcatalogservice=1;recommendationservice=1;redis-cart=1;shippingservice=1,markov,stageC,hda,HDA,232,232.000,replay,mixed,0.725074,0.024339,7,1.440440,0.000000,0.467762,1.918165,,,0.000000,0.008316,0.008316,7,7,0,59.334531,59.334531,59.334531,59.334531,120.000000,0.000000,119.947368,0.494671,0.000000,20,,,,,,,,,
online-boutique,online-boutique-longmix-stageC-scale20-replica1-markov-steps500-20260612T140717Z,idyn-ob-scale20-replica1,scale20,replica1,adservice=1;cartservice=1;checkoutservice=1;currencyservice=1;emailservice=1;frontend=1;paymentservice=1;productcatalogservice=1;recommendationservice=1;redis-cart=1;shippingservice=1,markov,stageC,kubernetes-default,K8s default,233,233.000,replay,mixed,0.702221,0.708057,7,1.440440,0.800000,0.418771,0.479206,,,0.000000,0.009206,0.009206,7,7,0,115.234631,115.234631,115.234631,115.234631,120.000000,0.000000,145.947368,0.789563,0.000000,20,,,,,,,,,
online-boutique,online-boutique-longmix-stageC-scale20-replica1-markov-steps500-20260612T140717Z,idyn-ob-scale20-replica1,scale20,replica1,adservice=1;cartservice=1;checkoutservice=1;currencyservice=1;emailservice=1;frontend=1;paymentservice=1;productcatalogservice=1;recommendationservice=1;redis-cart=1;shippingservice=1,markov,stageC,cga,CGA,233,233.000,replay,mixed,0.702221,0.708057,7,1.440440,0.800000,0.418771,0.479206,,,0.000000,0.009206,0.009206,7,7,0,109.620122,109.620122,109.620122,109.620122,120.000000,0.000000,145.947368,0.751094,0.000000,20,,,,,,,,,
online-boutique,online-boutique-longmix-stageC-scale20-replica1-markov-steps500-20260612T140717Z,idyn-ob-scale20-replica1,scale20,replica1,adservice=1;cartservice=1;checkoutservice=1;currencyservice=1;emailservice=1;frontend=1;paymentservice=1;productcatalogservice=1;recommendationservice=1;redis-cart=1;shippingservice=1,markov,stageC,hda,HDA,233,233.000,replay,mixed,0.702221,0.708057,7,1.440440,0.800000,0.418771,0.479206,,,0.000000,0.009206,0.009206,7,7,0,105.907381,105.907381,105.907381,105.907381,120.000000,0.000000,145.947368,0.725655,0.000000,20,,,,,,,,,
online-boutique,online-boutique-longmix-stageC-scale20-replica1-markov-steps500-20260612T140717Z,idyn-ob-scale20-replica1,scale20,replica1,adservice=1;cartservice=1;checkoutservice=1;currencyservice=1;emailservice=1;frontend=1;paymentservice=1;productcatalogservice=1;recommendationservice=1;redis-cart=1;shippingservice=1,markov,stageC,kubernetes-default,K8s default,234,234.000,replay,mixed,0.737885,0.048333,7,1.440440,0.000000,0.418771,0.479206,,,0.000000,0.008536,0.008536,7,7,0,84.677041,84.677041,84.677041,84.677041,120.000000,0.000000,145.947368,0.580189,0.000000,20,,,,,,,,,
online-boutique,online-boutique-longmix-stageC-scale20-replica1-markov-steps500-20260612T140717Z,idyn-ob-scale20-replica1,scale20,replica1,adservice=1;cartservice=1;checkoutservice=1;currencyservice=1;emailservice=1;frontend=1;paymentservice=1;productcatalogservice=1;recommendationservice=1;redis-cart=1;shippingservice=1,markov,stageC,cga,CGA,234,234.000,replay,mixed,0.737885,0.048333,7,1.440440,0.000000,0.418771,0.479206,,,0.000000,0.008536,0.008536,7,7,0,76.062726,76.062726,76.062726,76.062726,120.000000,0.000000,145.947368,0.521165,0.000000,20,,,,,,,,,
online-boutique,online-boutique-longmix-stageC-scale20-replica1-markov-steps500-20260612T140717Z,idyn-ob-scale20-replica1,scale20,replica1,adservice=1;cartservice=1;checkoutservice=1;currencyservice=1;emailservice=1;frontend=1;paymentservice=1;productcatalogservice=1;recommendationservice=1;redis-cart=1;shippingservice=1,markov,stageC,hda,HDA,234,234.000,replay,mixed,0.737885,0.048333,7,1.440440,0.000000,0.418771,0.479206,,,0.000000,0.008536,0.008536,7,7,0,77.032321,77.032321,77.032321,77.032321,120.000000,0.000000,145.947368,0.527809,0.000000,20,,,,,,,,,
online-boutique,online-boutique-longmix-stageC-scale20-replica1-markov-steps500-20260612T140717Z,idyn-ob-scale20-replica1,scale20,replica1,adservice=1;cartservice=1;checkoutservice=1;currencyservice=1;emailservice=1;frontend=1;paymentservice=1;productcatalogservice=1;recommendationservice=1;redis-cart=1;shippingservice=1,markov,stageC,kubernetes-default,K8s default,235,235.000,replay,mixed,0.684309,0.754181,14,1.525982,0.800000,0.344308,0.539631,,,0.000000,0.008667,0.008667,11,14,0,148.855739,148.855739,148.855739,148.855739,120.000000,0.000000,191.447368,0.777528,0.000000,20,,,,,,,,,
online-boutique,online-boutique-longmix-stageC-scale20-replica1-markov-steps500-20260612T140717Z,idyn-ob-scale20-replica1,scale20,replica1,adservice=1;cartservice=1;checkoutservice=1;currencyservice=1;emailservice=1;frontend=1;paymentservice=1;productcatalogservice=1;recommendationservice=1;redis-cart=1;shippingservice=1,markov,stageC,cga,CGA,235,235.000,replay,mixed,0.684309,0.754181,14,1.525982,0.800000,0.344308,0.539631,,,0.000000,0.008667,0.008667,11,14,0,134.580829,134.580829,134.580829,134.580829,120.000000,0.000000,191.447368,0.702965,0.000000,20,,,,,,,,,
online-boutique,online-boutique-longmix-stageC-scale20-replica1-markov-steps500-20260612T140717Z,idyn-ob-scale20-replica1,scale20,replica1,adservice=1;cartservice=1;checkoutservice=1;currencyservice=1;emailservice=1;frontend=1;paymentservice=1;productcatalogservice=1;recommendationservice=1;redis-cart=1;shippingservice=1,markov,stageC,hda,HDA,235,235.000,replay,mixed,0.684309,0.754181,14,1.525982,0.800000,0.344308,0.539631,,,0.000000,0.008667,0.008667,11,14,0,130.010746,130.010746,130.010746,130.010746,120.000000,0.000000,191.447368,0.679094,0.000000,20,,,,,,,,,
online-boutique,online-boutique-longmix-stageC-scale20-replica1-markov-steps500-20260612T140717Z,idyn-ob-scale20-replica1,scale20,replica1,adservice=1;cartservice=1;checkoutservice=1;currencyservice=1;emailservice=1;frontend=1;paymentservice=1;productcatalogservice=1;recommendationservice=1;redis-cart=1;shippingservice=1,markov,stageC,kubernetes-default,K8s default,236,236.000,replay,mixed,0.681344,0.004332,14,1.525982,0.000000,0.344308,0.539631,,,0.000000,0.009068,0.009068,11,14,0,109.043602,109.043602,109.043602,109.043602,120.000000,0.000000,191.447368,0.569575,0.000000,20,,,,,,,,,
online-boutique,online-boutique-longmix-stageC-scale20-replica1-markov-steps500-20260612T140717Z,idyn-ob-scale20-replica1,scale20,replica1,adservice=1;cartservice=1;checkoutservice=1;currencyservice=1;emailservice=1;frontend=1;paymentservice=1;productcatalogservice=1;recommendationservice=1;redis-cart=1;shippingservice=1,markov,stageC,cga,CGA,236,236.000,replay,mixed,0.681344,0.004332,14,1.525982,0.000000,0.344308,0.539631,,,0.000000,0.009068,0.009068,11,14,0,105.424264,105.424264,105.424264,105.424264,120.000000,0.000000,191.447368,0.550670,0.000000,20,,,,,,,,,
online-boutique,online-boutique-longmix-stageC-scale20-replica1-markov-steps500-20260612T140717Z,idyn-ob-scale20-replica1,scale20,replica1,adservice=1;cartservice=1;checkoutservice=1;currencyservice=1;emailservice=1;frontend=1;paymentservice=1;productcatalogservice=1;recommendationservice=1;redis-cart=1;shippingservice=1,markov,stageC,hda,HDA,236,236.000,replay,mixed,0.681344,0.004332,14,1.525982,0.000000,0.344308,0.539631,,,0.000000,0.009068,0.009068,11,14,0,96.875451,96.875451,96.875451,96.875451,120.000000,0.000000,191.447368,0.506016,0.000000,20,,,,,,,,,
online-boutique,online-boutique-longmix-stageC-scale20-replica1-markov-steps500-20260612T140717Z,idyn-ob-scale20-replica1,scale20,replica1,adservice=1;cartservice=1;checkoutservice=1;currencyservice=1;emailservice=1;frontend=1;paymentservice=1;productcatalogservice=1;recommendationservice=1;redis-cart=1;shippingservice=1,markov,stageC,kubernetes-default,K8s default,237,237.000,replay,mixed,0.684168,0.004127,14,1.525982,0.000000,0.344308,0.539631,,,0.000000,0.012393,0.012393,11,14,0,111.339438,111.339438,111.339438,111.339438,120.000000,0.000000,191.447368,0.581567,0.000000,20,,,,,,,,,
online-boutique,online-boutique-longmix-stageC-scale20-replica1-markov-steps500-20260612T140717Z,idyn-ob-scale20-replica1,scale20,replica1,adservice=1;cartservice=1;checkoutservice=1;currencyservice=1;emailservice=1;frontend=1;paymentservice=1;productcatalogservice=1;recommendationservice=1;redis-cart=1;shippingservice=1,markov,stageC,cga,CGA,237,237.000,replay,mixed,0.684168,0.004127,14,1.525982,0.000000,0.344308,0.539631,,,0.000000,0.012393,0.012393,11,14,0,102.977227,102.977227,102.977227,102.977227,120.000000,0.000000,191.447368,0.537888,0.000000,20,,,,,,,,,
online-boutique,online-boutique-longmix-stageC-scale20-replica1-markov-steps500-20260612T140717Z,idyn-ob-scale20-replica1,scale20,replica1,adservice=1;cartservice=1;checkoutservice=1;currencyservice=1;emailservice=1;frontend=1;paymentservice=1;productcatalogservice=1;recommendationservice=1;redis-cart=1;shippingservice=1,markov,stageC,hda,HDA,237,237.000,replay,mixed,0.684168,0.004127,14,1.525982,0.000000,0.344308,0.539631,,,0.000000,0.012393,0.012393,11,14,0,96.374894,96.374894,96.374894,96.374894,120.000000,0.000000,191.447368,0.503402,0.000000,20,,,,,,,,,
online-boutique,online-boutique-longmix-stageC-scale20-replica1-markov-steps500-20260612T140717Z,idyn-ob-scale20-replica1,scale20,replica1,adservice=1;cartservice=1;checkoutservice=1;currencyservice=1;emailservice=1;frontend=1;paymentservice=1;productcatalogservice=1;recommendationservice=1;redis-cart=1;shippingservice=1,markov,stageC,kubernetes-default,K8s default,238,238.000,replay,mixed,0.697216,0.018714,14,1.525982,0.000000,0.344308,0.539631,,,0.000000,0.016070,0.016070,11,14,0,115.171910,115.171910,115.171910,115.171910,120.000000,0.000000,191.447368,0.601585,0.000000,20,,,,,,,,,
online-boutique,online-boutique-longmix-stageC-scale20-replica1-markov-steps500-20260612T140717Z,idyn-ob-scale20-replica1,scale20,replica1,adservice=1;cartservice=1;checkoutservice=1;currencyservice=1;emailservice=1;frontend=1;paymentservice=1;productcatalogservice=1;recommendationservice=1;redis-cart=1;shippingservice=1,markov,stageC,cga,CGA,238,238.000,replay,mixed,0.697216,0.018714,14,1.525982,0.000000,0.344308,0.539631,,,0.000000,0.016070,0.016070,11,14,0,103.862773,103.862773,103.862773,103.862773,120.000000,0.000000,191.447368,0.542513,0.000000,20,,,,,,,,,
online-boutique,online-boutique-longmix-stageC-scale20-replica1-markov-steps500-20260612T140717Z,idyn-ob-scale20-replica1,scale20,replica1,adservice=1;cartservice=1;checkoutservice=1;currencyservice=1;emailservice=1;frontend=1;paymentservice=1;productcatalogservice=1;recommendationservice=1;redis-cart=1;shippingservice=1,markov,stageC,hda,HDA,238,238.000,replay,mixed,0.697216,0.018714,14,1.525982,0.000000,0.344308,0.539631,,,0.000000,0.016070,0.016070,11,14,0,102.853451,102.853451,102.853451,102.853451,120.000000,0.000000,191.447368,0.537241,0.000000,20,,,,,,,,,
online-boutique,online-boutique-longmix-stageC-scale20-replica1-markov-steps500-20260612T140717Z,idyn-ob-scale20-replica1,scale20,replica1,adservice=1;cartservice=1;checkoutservice=1;currencyservice=1;emailservice=1;frontend=1;paymentservice=1;productcatalogservice=1;recommendationservice=1;redis-cart=1;shippingservice=1,markov,stageC,kubernetes-default,K8s default,239,239.000,replay,mixed,0.679736,0.025071,14,1.525982,0.000000,0.344308,0.539631,,,0.000000,0.015870,0.015870,11,14,0,107.088156,107.088156,107.088156,107.088156,120.000000,0.000000,191.447368,0.559361,0.000000,20,,,,,,,,,
online-boutique,online-boutique-longmix-stageC-scale20-replica1-markov-steps500-20260612T140717Z,idyn-ob-scale20-replica1,scale20,replica1,adservice=1;cartservice=1;checkoutservice=1;currencyservice=1;emailservice=1;frontend=1;paymentservice=1;productcatalogservice=1;recommendationservice=1;redis-cart=1;shippingservice=1,markov,stageC,cga,CGA,239,239.000,replay,mixed,0.679736,0.025071,14,1.525982,0.000000,0.344308,0.539631,,,0.000000,0.015870,0.015870,11,14,0,102.232450,102.232450,102.232450,102.232450,120.000000,0.000000,191.447368,0.533998,0.000000,20,,,,,,,,,
online-boutique,online-boutique-longmix-stageC-scale20-replica1-markov-steps500-20260612T140717Z,idyn-ob-scale20-replica1,scale20,replica1,adservice=1;cartservice=1;checkoutservice=1;currencyservice=1;emailservice=1;frontend=1;paymentservice=1;productcatalogservice=1;recommendationservice=1;redis-cart=1;shippingservice=1,markov,stageC,hda,HDA,239,239.000,replay,mixed,0.679736,0.025071,14,1.525982,0.000000,0.344308,0.539631,,,0.000000,0.015870,0.015870,11,14,0,99.598314,99.598314,99.598314,99.598314,120.000000,0.000000,191.447368,0.520239,0.000000,20,,,,,,,,,
online-boutique,online-boutique-longmix-stageC-scale20-replica1-markov-steps500-20260612T140717Z,idyn-ob-scale20-replica1,scale20,replica1,adservice=1;cartservice=1;checkoutservice=1;currencyservice=1;emailservice=1;frontend=1;paymentservice=1;productcatalogservice=1;recommendationservice=1;redis-cart=1;shippingservice=1,markov,stageC,kubernetes-default,K8s default,240,240.000,replay,mixed,0.713501,0.047323,14,1.525982,0.000000,0.344308,0.539631,,,0.000000,0.013265,0.013265,11,14,0,115.517972,115.517972,115.517972,115.517972,120.000000,0.000000,191.447368,0.603393,0.000000,20,,,,,,,,,
online-boutique,online-boutique-longmix-stageC-scale20-replica1-markov-steps500-20260612T140717Z,idyn-ob-scale20-replica1,scale20,replica1,adservice=1;cartservice=1;checkoutservice=1;currencyservice=1;emailservice=1;frontend=1;paymentservice=1;productcatalogservice=1;recommendationservice=1;redis-cart=1;shippingservice=1,markov,stageC,cga,CGA,240,240.000,replay,mixed,0.713501,0.047323,14,1.525982,0.000000,0.344308,0.539631,,,0.000000,0.013265,0.013265,11,14,0,106.341971,106.341971,106.341971,106.341971,120.000000,0.000000,191.447368,0.555463,0.000000,20,,,,,,,,,
online-boutique,online-boutique-longmix-stageC-scale20-replica1-markov-steps500-20260612T140717Z,idyn-ob-scale20-replica1,scale20,replica1,adservice=1;cartservice=1;checkoutservice=1;currencyservice=1;emailservice=1;frontend=1;paymentservice=1;productcatalogservice=1;recommendationservice=1;redis-cart=1;shippingservice=1,markov,stageC,hda,HDA,240,240.000,replay,mixed,0.713501,0.047323,14,1.525982,0.000000,0.344308,0.539631,,,0.000000,0.013265,0.013265,11,14,0,95.465197,95.465197,95.465197,95.465197,120.000000,0.000000,191.447368,0.498650,0.000000,20,,,,,,,,,
online-boutique,online-boutique-longmix-stageC-scale20-replica1-markov-steps500-20260612T140717Z,idyn-ob-scale20-replica1,scale20,replica1,adservice=1;cartservice=1;checkoutservice=1;currencyservice=1;emailservice=1;frontend=1;paymentservice=1;productcatalogservice=1;recommendationservice=1;redis-cart=1;shippingservice=1,markov,stageC,kubernetes-default,K8s default,241,241.000,replay,mixed,0.684630,0.040464,14,1.525982,0.000000,0.344308,0.539631,,,0.000000,0.008806,0.008806,11,14,0,112.253965,112.253965,112.253965,112.253965,120.000000,0.000000,191.447368,0.586344,0.000000,20,,,,,,,,,
online-boutique,online-boutique-longmix-stageC-scale20-replica1-markov-steps500-20260612T140717Z,idyn-ob-scale20-replica1,scale20,replica1,adservice=1;cartservice=1;checkoutservice=1;currencyservice=1;emailservice=1;frontend=1;paymentservice=1;productcatalogservice=1;recommendationservice=1;redis-cart=1;shippingservice=1,markov,stageC,cga,CGA,241,241.000,replay,mixed,0.684630,0.040464,14,1.525982,0.000000,0.344308,0.539631,,,0.000000,0.008806,0.008806,11,14,0,110.552405,110.552405,110.552405,110.552405,120.000000,0.000000,191.447368,0.577456,0.000000,20,,,,,,,,,
online-boutique,online-boutique-longmix-stageC-scale20-replica1-markov-steps500-20260612T140717Z,idyn-ob-scale20-replica1,scale20,replica1,adservice=1;cartservice=1;checkoutservice=1;currencyservice=1;emailservice=1;frontend=1;paymentservice=1;productcatalogservice=1;recommendationservice=1;redis-cart=1;shippingservice=1,markov,stageC,hda,HDA,241,241.000,replay,mixed,0.684630,0.040464,14,1.525982,0.000000,0.344308,0.539631,,,0.000000,0.008806,0.008806,11,14,0,99.884432,99.884432,99.884432,99.884432,120.000000,0.000000,191.447368,0.521733,0.000000,20,,,,,,,,,
online-boutique,online-boutique-longmix-stageC-scale20-replica1-markov-steps500-20260612T140717Z,idyn-ob-scale20-replica1,scale20,replica1,adservice=1;cartservice=1;checkoutservice=1;currencyservice=1;emailservice=1;frontend=1;paymentservice=1;productcatalogservice=1;recommendationservice=1;redis-cart=1;shippingservice=1,markov,stageC,kubernetes-default,K8s default,242,242.000,replay,mixed,0.651524,0.048357,14,1.525982,0.000000,0.344308,0.539631,,,0.000000,0.008637,0.008637,11,14,0,108.957565,108.957565,108.957565,108.957565,120.000000,0.000000,191.447368,0.569125,0.000000,20,,,,,,,,,
online-boutique,online-boutique-longmix-stageC-scale20-replica1-markov-steps500-20260612T140717Z,idyn-ob-scale20-replica1,scale20,replica1,adservice=1;cartservice=1;checkoutservice=1;currencyservice=1;emailservice=1;frontend=1;paymentservice=1;productcatalogservice=1;recommendationservice=1;redis-cart=1;shippingservice=1,markov,stageC,cga,CGA,242,242.000,replay,mixed,0.651524,0.048357,14,1.525982,0.000000,0.344308,0.539631,,,0.000000,0.008637,0.008637,11,14,0,104.518080,104.518080,104.518080,104.518080,120.000000,0.000000,191.447368,0.545936,0.000000,20,,,,,,,,,
online-boutique,online-boutique-longmix-stageC-scale20-replica1-markov-steps500-20260612T140717Z,idyn-ob-scale20-replica1,scale20,replica1,adservice=1;cartservice=1;checkoutservice=1;currencyservice=1;emailservice=1;frontend=1;paymentservice=1;productcatalogservice=1;recommendationservice=1;redis-cart=1;shippingservice=1,markov,stageC,hda,HDA,242,242.000,replay,mixed,0.651524,0.048357,14,1.525982,0.000000,0.344308,0.539631,,,0.000000,0.008637,0.008637,11,14,0,99.597949,99.597949,99.597949,99.597949,120.000000,0.000000,191.447368,0.520237,0.000000,20,,,,,,,,,
online-boutique,online-boutique-longmix-stageC-scale20-replica1-markov-steps500-20260612T140717Z,idyn-ob-scale20-replica1,scale20,replica1,adservice=1;cartservice=1;checkoutservice=1;currencyservice=1;emailservice=1;frontend=1;paymentservice=1;productcatalogservice=1;recommendationservice=1;redis-cart=1;shippingservice=1,markov,stageC,kubernetes-default,K8s default,243,243.000,replay,mixed,0.738499,0.117774,14,1.525982,0.000000,0.344308,0.539631,,,0.000000,0.008937,0.008937,11,14,0,116.655332,116.655332,116.655332,116.655332,120.000000,0.000000,191.447368,0.609334,0.000000,20,,,,,,,,,
online-boutique,online-boutique-longmix-stageC-scale20-replica1-markov-steps500-20260612T140717Z,idyn-ob-scale20-replica1,scale20,replica1,adservice=1;cartservice=1;checkoutservice=1;currencyservice=1;emailservice=1;frontend=1;paymentservice=1;productcatalogservice=1;recommendationservice=1;redis-cart=1;shippingservice=1,markov,stageC,cga,CGA,243,243.000,replay,mixed,0.738499,0.117774,14,1.525982,0.000000,0.344308,0.539631,,,0.000000,0.008937,0.008937,11,14,0,113.012694,113.012694,113.012694,113.012694,120.000000,0.000000,191.447368,0.590307,0.000000,20,,,,,,,,,
online-boutique,online-boutique-longmix-stageC-scale20-replica1-markov-steps500-20260612T140717Z,idyn-ob-scale20-replica1,scale20,replica1,adservice=1;cartservice=1;checkoutservice=1;currencyservice=1;emailservice=1;frontend=1;paymentservice=1;productcatalogservice=1;recommendationservice=1;redis-cart=1;shippingservice=1,markov,stageC,hda,HDA,243,243.000,replay,mixed,0.738499,0.117774,14,1.525982,0.000000,0.344308,0.539631,,,0.000000,0.008937,0.008937,11,14,0,102.023272,102.023272,102.023272,102.023272,120.000000,0.000000,191.447368,0.532905,0.000000,20,,,,,,,,,
online-boutique,online-boutique-longmix-stageC-scale20-replica1-markov-steps500-20260612T140717Z,idyn-ob-scale20-replica1,scale20,replica1,adservice=1;cartservice=1;checkoutservice=1;currencyservice=1;emailservice=1;frontend=1;paymentservice=1;productcatalogservice=1;recommendationservice=1;redis-cart=1;shippingservice=1,markov,stageC,kubernetes-default,K8s default,244,244.000,replay,mixed,0.681358,0.077375,14,1.525982,0.000000,0.344308,0.539631,,,0.000000,0.008506,0.008506,11,14,0,112.698285,112.698285,112.698285,112.698285,120.000000,0.000000,191.447368,0.588665,0.000000,20,,,,,,,,,
online-boutique,online-boutique-longmix-stageC-scale20-replica1-markov-steps500-20260612T140717Z,idyn-ob-scale20-replica1,scale20,replica1,adservice=1;cartservice=1;checkoutservice=1;currencyservice=1;emailservice=1;frontend=1;paymentservice=1;productcatalogservice=1;recommendationservice=1;redis-cart=1;shippingservice=1,markov,stageC,cga,CGA,244,244.000,replay,mixed,0.681358,0.077375,14,1.525982,0.000000,0.344308,0.539631,,,0.000000,0.008506,0.008506,11,14,0,107.042836,107.042836,107.042836,107.042836,120.000000,0.000000,191.447368,0.559124,0.000000,20,,,,,,,,,
online-boutique,online-boutique-longmix-stageC-scale20-replica1-markov-steps500-20260612T140717Z,idyn-ob-scale20-replica1,scale20,replica1,adservice=1;cartservice=1;checkoutservice=1;currencyservice=1;emailservice=1;frontend=1;paymentservice=1;productcatalogservice=1;recommendationservice=1;redis-cart=1;shippingservice=1,markov,stageC,hda,HDA,244,244.000,replay,mixed,0.681358,0.077375,14,1.525982,0.000000,0.344308,0.539631,,,0.000000,0.008506,0.008506,11,14,0,98.618449,98.618449,98.618449,98.618449,120.000000,0.000000,191.447368,0.515120,0.000000,20,,,,,,,,,
online-boutique,online-boutique-longmix-stageC-scale20-replica1-markov-steps500-20260612T140717Z,idyn-ob-scale20-replica1,scale20,replica1,adservice=1;cartservice=1;checkoutservice=1;currencyservice=1;emailservice=1;frontend=1;paymentservice=1;productcatalogservice=1;recommendationservice=1;redis-cart=1;shippingservice=1,markov,stageC,kubernetes-default,K8s default,245,245.000,replay,mixed,0.685615,0.006209,14,1.525982,0.000000,0.344308,0.539631,,,0.000000,0.011842,0.011842,11,14,0,112.888990,112.888990,112.888990,112.888990,120.000000,0.000000,191.447368,0.589661,0.000000,20,,,,,,,,,
online-boutique,online-boutique-longmix-stageC-scale20-replica1-markov-steps500-20260612T140717Z,idyn-ob-scale20-replica1,scale20,replica1,adservice=1;cartservice=1;checkoutservice=1;currencyservice=1;emailservice=1;frontend=1;paymentservice=1;productcatalogservice=1;recommendationservice=1;redis-cart=1;shippingservice=1,markov,stageC,cga,CGA,245,245.000,replay,mixed,0.685615,0.006209,14,1.525982,0.000000,0.344308,0.539631,,,0.000000,0.011842,0.011842,11,14,0,103.356392,103.356392,103.356392,103.356392,120.000000,0.000000,191.447368,0.539868,0.000000,20,,,,,,,,,
online-boutique,online-boutique-longmix-stageC-scale20-replica1-markov-steps500-20260612T140717Z,idyn-ob-scale20-replica1,scale20,replica1,adservice=1;cartservice=1;checkoutservice=1;currencyservice=1;emailservice=1;frontend=1;paymentservice=1;productcatalogservice=1;recommendationservice=1;redis-cart=1;shippingservice=1,markov,stageC,hda,HDA,245,245.000,replay,mixed,0.685615,0.006209,14,1.525982,0.000000,0.344308,0.539631,,,0.000000,0.011842,0.011842,11,14,0,98.833669,98.833669,98.833669,98.833669,120.000000,0.000000,191.447368,0.516245,0.000000,20,,,,,,,,,
online-boutique,online-boutique-longmix-stageC-scale20-replica1-markov-steps500-20260612T140717Z,idyn-ob-scale20-replica1,scale20,replica1,adservice=1;cartservice=1;checkoutservice=1;currencyservice=1;emailservice=1;frontend=1;paymentservice=1;productcatalogservice=1;recommendationservice=1;redis-cart=1;shippingservice=1,markov,stageC,kubernetes-default,K8s default,246,246.000,replay,mixed,0.697976,0.017709,14,1.525982,0.000000,0.344308,0.539631,,,0.000000,0.008986,0.008986,11,14,0,112.483631,112.483631,112.483631,112.483631,120.000000,0.000000,191.447368,0.587543,0.000000,20,,,,,,,,,
online-boutique,online-boutique-longmix-stageC-scale20-replica1-markov-steps500-20260612T140717Z,idyn-ob-scale20-replica1,scale20,replica1,adservice=1;cartservice=1;checkoutservice=1;currencyservice=1;emailservice=1;frontend=1;paymentservice=1;productcatalogservice=1;recommendationservice=1;redis-cart=1;shippingservice=1,markov,stageC,cga,CGA,246,246.000,replay,mixed,0.697976,0.017709,14,1.525982,0.000000,0.344308,0.539631,,,0.000000,0.008986,0.008986,11,14,0,107.646864,107.646864,107.646864,107.646864,120.000000,0.000000,191.447368,0.562279,0.000000,20,,,,,,,,,
online-boutique,online-boutique-longmix-stageC-scale20-replica1-markov-steps500-20260612T140717Z,idyn-ob-scale20-replica1,scale20,replica1,adservice=1;cartservice=1;checkoutservice=1;currencyservice=1;emailservice=1;frontend=1;paymentservice=1;productcatalogservice=1;recommendationservice=1;redis-cart=1;shippingservice=1,markov,stageC,hda,HDA,246,246.000,replay,mixed,0.697976,0.017709,14,1.525982,0.000000,0.344308,0.539631,,,0.000000,0.008986,0.008986,11,14,0,101.048531,101.048531,101.048531,101.048531,120.000000,0.000000,191.447368,0.527814,0.000000,20,,,,,,,,,
online-boutique,online-boutique-longmix-stageC-scale20-replica1-markov-steps500-20260612T140717Z,idyn-ob-scale20-replica1,scale20,replica1,adservice=1;cartservice=1;checkoutservice=1;currencyservice=1;emailservice=1;frontend=1;paymentservice=1;productcatalogservice=1;recommendationservice=1;redis-cart=1;shippingservice=1,markov,stageC,kubernetes-default,K8s default,247,247.000,replay,mixed,0.664239,0.048335,14,1.525982,0.000000,0.344308,0.539631,,,0.000000,0.008826,0.008826,11,14,0,107.218236,107.218236,107.218236,107.218236,120.000000,0.000000,191.447368,0.560040,0.000000,20,,,,,,,,,
online-boutique,online-boutique-longmix-stageC-scale20-replica1-markov-steps500-20260612T140717Z,idyn-ob-scale20-replica1,scale20,replica1,adservice=1;cartservice=1;checkoutservice=1;currencyservice=1;emailservice=1;frontend=1;paymentservice=1;productcatalogservice=1;recommendationservice=1;redis-cart=1;shippingservice=1,markov,stageC,cga,CGA,247,247.000,replay,mixed,0.664239,0.048335,14,1.525982,0.000000,0.344308,0.539631,,,0.000000,0.008826,0.008826,11,14,0,112.467079,112.467079,112.467079,112.467079,120.000000,0.000000,191.447368,0.587457,0.000000,20,,,,,,,,,
online-boutique,online-boutique-longmix-stageC-scale20-replica1-markov-steps500-20260612T140717Z,idyn-ob-scale20-replica1,scale20,replica1,adservice=1;cartservice=1;checkoutservice=1;currencyservice=1;emailservice=1;frontend=1;paymentservice=1;productcatalogservice=1;recommendationservice=1;redis-cart=1;shippingservice=1,markov,stageC,hda,HDA,247,247.000,replay,mixed,0.664239,0.048335,14,1.525982,0.000000,0.344308,0.539631,,,0.000000,0.008826,0.008826,11,14,0,98.648771,98.648771,98.648771,98.648771,120.000000,0.000000,191.447368,0.515279,0.000000,20,,,,,,,,,
online-boutique,online-boutique-longmix-stageC-scale20-replica1-markov-steps500-20260612T140717Z,idyn-ob-scale20-replica1,scale20,replica1,adservice=1;cartservice=1;checkoutservice=1;currencyservice=1;emailservice=1;frontend=1;paymentservice=1;productcatalogservice=1;recommendationservice=1;redis-cart=1;shippingservice=1,markov,stageC,kubernetes-default,K8s default,248,248.000,replay,mixed,0.650969,0.821029,7,1.440440,1.000000,0.467762,1.918165,,,0.000000,0.008465,0.008465,7,7,0,97.117152,97.117152,97.117152,97.117152,120.000000,0.000000,119.947368,0.809665,0.000000,20,,,,,,,,,
online-boutique,online-boutique-longmix-stageC-scale20-replica1-markov-steps500-20260612T140717Z,idyn-ob-scale20-replica1,scale20,replica1,adservice=1;cartservice=1;checkoutservice=1;currencyservice=1;emailservice=1;frontend=1;paymentservice=1;productcatalogservice=1;recommendationservice=1;redis-cart=1;shippingservice=1,markov,stageC,cga,CGA,248,248.000,replay,mixed,0.650969,0.821029,7,1.440440,1.000000,0.467762,1.918165,,,0.000000,0.008465,0.008465,7,7,0,92.734800,92.734800,92.734800,92.734800,120.000000,0.000000,119.947368,0.773129,0.000000,20,,,,,,,,,
online-boutique,online-boutique-longmix-stageC-scale20-replica1-markov-steps500-20260612T140717Z,idyn-ob-scale20-replica1,scale20,replica1,adservice=1;cartservice=1;checkoutservice=1;currencyservice=1;emailservice=1;frontend=1;paymentservice=1;productcatalogservice=1;recommendationservice=1;redis-cart=1;shippingservice=1,markov,stageC,hda,HDA,248,248.000,replay,mixed,0.650969,0.821029,7,1.440440,1.000000,0.467762,1.918165,,,0.000000,0.008465,0.008465,7,7,0,88.728969,88.728969,88.728969,88.728969,120.000000,0.000000,119.947368,0.739733,0.000000,20,,,,,,,,,
online-boutique,online-boutique-longmix-stageC-scale20-replica1-markov-steps500-20260612T140717Z,idyn-ob-scale20-replica1,scale20,replica1,adservice=1;cartservice=1;checkoutservice=1;currencyservice=1;emailservice=1;frontend=1;paymentservice=1;productcatalogservice=1;recommendationservice=1;redis-cart=1;shippingservice=1,markov,stageC,kubernetes-default,K8s default,249,249.000,replay,mixed,0.648033,0.818810,14,1.525982,1.000000,0.344308,0.539631,,,0.000000,0.013024,0.013024,11,14,0,140.970823,140.970823,140.970823,140.970823,120.000000,0.000000,191.447368,0.736342,0.000000,20,,,,,,,,,
online-boutique,online-boutique-longmix-stageC-scale20-replica1-markov-steps500-20260612T140717Z,idyn-ob-scale20-replica1,scale20,replica1,adservice=1;cartservice=1;checkoutservice=1;currencyservice=1;emailservice=1;frontend=1;paymentservice=1;productcatalogservice=1;recommendationservice=1;redis-cart=1;shippingservice=1,markov,stageC,cga,CGA,249,249.000,replay,mixed,0.648033,0.818810,14,1.525982,1.000000,0.344308,0.539631,,,0.000000,0.013024,0.013024,11,14,0,135.329184,135.329184,135.329184,135.329184,120.000000,0.000000,191.447368,0.706874,0.000000,20,,,,,,,,,
online-boutique,online-boutique-longmix-stageC-scale20-replica1-markov-steps500-20260612T140717Z,idyn-ob-scale20-replica1,scale20,replica1,adservice=1;cartservice=1;checkoutservice=1;currencyservice=1;emailservice=1;frontend=1;paymentservice=1;productcatalogservice=1;recommendationservice=1;redis-cart=1;shippingservice=1,markov,stageC,hda,HDA,249,249.000,replay,mixed,0.648033,0.818810,14,1.525982,1.000000,0.344308,0.539631,,,0.000000,0.013024,0.013024,11,14,0,131.061927,131.061927,131.061927,131.061927,120.000000,0.000000,191.447368,0.684585,0.000000,20,,,,,,,,,
online-boutique,online-boutique-longmix-stageC-scale20-replica1-markov-steps500-20260612T140717Z,idyn-ob-scale20-replica1,scale20,replica1,adservice=1;cartservice=1;checkoutservice=1;currencyservice=1;emailservice=1;frontend=1;paymentservice=1;productcatalogservice=1;recommendationservice=1;redis-cart=1;shippingservice=1,markov,stageC,kubernetes-default,K8s default,250,250.000,replay,mixed,0.644788,0.005008,14,1.525982,0.000000,0.344308,0.539631,,,0.000000,0.012163,0.012163,11,14,0,108.477031,108.477031,108.477031,108.477031,120.000000,0.000000,191.447368,0.566615,0.000000,20,,,,,,,,,
online-boutique,online-boutique-longmix-stageC-scale20-replica1-markov-steps500-20260612T140717Z,idyn-ob-scale20-replica1,scale20,replica1,adservice=1;cartservice=1;checkoutservice=1;currencyservice=1;emailservice=1;frontend=1;paymentservice=1;productcatalogservice=1;recommendationservice=1;redis-cart=1;shippingservice=1,markov,stageC,cga,CGA,250,250.000,replay,mixed,0.644788,0.005008,14,1.525982,0.000000,0.344308,0.539631,,,0.000000,0.012163,0.012163,11,14,0,102.207893,102.207893,102.207893,102.207893,120.000000,0.000000,191.447368,0.533869,0.000000,20,,,,,,,,,
online-boutique,online-boutique-longmix-stageC-scale20-replica1-markov-steps500-20260612T140717Z,idyn-ob-scale20-replica1,scale20,replica1,adservice=1;cartservice=1;checkoutservice=1;currencyservice=1;emailservice=1;frontend=1;paymentservice=1;productcatalogservice=1;recommendationservice=1;redis-cart=1;shippingservice=1,markov,stageC,hda,HDA,250,250.000,replay,mixed,0.644788,0.005008,14,1.525982,0.000000,0.344308,0.539631,,,0.000000,0.012163,0.012163,11,14,0,92.508590,92.508590,92.508590,92.508590,120.000000,0.000000,191.447368,0.483206,0.000000,20,,,,,,,,,
online-boutique,online-boutique-longmix-stageC-scale20-replica1-markov-steps500-20260612T140717Z,idyn-ob-scale20-replica1,scale20,replica1,adservice=1;cartservice=1;checkoutservice=1;currencyservice=1;emailservice=1;frontend=1;paymentservice=1;productcatalogservice=1;recommendationservice=1;redis-cart=1;shippingservice=1,markov,stageC,kubernetes-default,K8s default,251,251.000,replay,mixed,0.643472,0.002041,14,1.525982,0.000000,0.344308,0.539631,,,0.000000,0.011813,0.011813,11,14,0,102.971670,102.971670,102.971670,102.971670,120.000000,0.000000,191.447368,0.537859,0.000000,20,,,,,,,,,
online-boutique,online-boutique-longmix-stageC-scale20-replica1-markov-steps500-20260612T140717Z,idyn-ob-scale20-replica1,scale20,replica1,adservice=1;cartservice=1;checkoutservice=1;currencyservice=1;emailservice=1;frontend=1;paymentservice=1;productcatalogservice=1;recommendationservice=1;redis-cart=1;shippingservice=1,markov,stageC,cga,CGA,251,251.000,replay,mixed,0.643472,0.002041,14,1.525982,0.000000,0.344308,0.539631,,,0.000000,0.011813,0.011813,11,14,0,104.513084,104.513084,104.513084,104.513084,120.000000,0.000000,191.447368,0.545910,0.000000,20,,,,,,,,,
online-boutique,online-boutique-longmix-stageC-scale20-replica1-markov-steps500-20260612T140717Z,idyn-ob-scale20-replica1,scale20,replica1,adservice=1;cartservice=1;checkoutservice=1;currencyservice=1;emailservice=1;frontend=1;paymentservice=1;productcatalogservice=1;recommendationservice=1;redis-cart=1;shippingservice=1,markov,stageC,hda,HDA,251,251.000,replay,mixed,0.643472,0.002041,14,1.525982,0.000000,0.344308,0.539631,,,0.000000,0.011813,0.011813,11,14,0,97.954608,97.954608,97.954608,97.954608,120.000000,0.000000,191.447368,0.511653,0.000000,20,,,,,,,,,
online-boutique,online-boutique-longmix-stageC-scale20-replica1-markov-steps500-20260612T140717Z,idyn-ob-scale20-replica1,scale20,replica1,adservice=1;cartservice=1;checkoutservice=1;currencyservice=1;emailservice=1;frontend=1;paymentservice=1;productcatalogservice=1;recommendationservice=1;redis-cart=1;shippingservice=1,markov,stageC,kubernetes-default,K8s default,252,252.000,replay,mixed,0.635259,0.745480,7,1.440440,0.800000,0.418771,0.479206,,,0.000000,0.009759,0.009759,7,7,0,112.225818,112.225818,112.225818,112.225818,120.000000,0.000000,145.947368,0.768947,0.000000,20,,,,,,,,,
online-boutique,online-boutique-longmix-stageC-scale20-replica1-markov-steps500-20260612T140717Z,idyn-ob-scale20-replica1,scale20,replica1,adservice=1;cartservice=1;checkoutservice=1;currencyservice=1;emailservice=1;frontend=1;paymentservice=1;productcatalogservice=1;recommendationservice=1;redis-cart=1;shippingservice=1,markov,stageC,cga,CGA,252,252.000,replay,mixed,0.635259,0.745480,7,1.440440,0.800000,0.418771,0.479206,,,0.000000,0.009759,0.009759,7,7,0,104.495213,104.495213,104.495213,104.495213,120.000000,0.000000,145.947368,0.715979,0.000000,20,,,,,,,,,
online-boutique,online-boutique-longmix-stageC-scale20-replica1-markov-steps500-20260612T140717Z,idyn-ob-scale20-replica1,scale20,replica1,adservice=1;cartservice=1;checkoutservice=1;currencyservice=1;emailservice=1;frontend=1;paymentservice=1;productcatalogservice=1;recommendationservice=1;redis-cart=1;shippingservice=1,markov,stageC,hda,HDA,252,252.000,replay,mixed,0.635259,0.745480,7,1.440440,0.800000,0.418771,0.479206,,,0.000000,0.009759,0.009759,7,7,0,102.021203,102.021203,102.021203,102.021203,120.000000,0.000000,145.947368,0.699027,0.000000,20,,,,,,,,,
online-boutique,online-boutique-longmix-stageC-scale20-replica1-markov-steps500-20260612T140717Z,idyn-ob-scale20-replica1,scale20,replica1,adservice=1;cartservice=1;checkoutservice=1;currencyservice=1;emailservice=1;frontend=1;paymentservice=1;productcatalogservice=1;recommendationservice=1;redis-cart=1;shippingservice=1,markov,stageC,kubernetes-default,K8s default,253,253.000,replay,mixed,0.668783,0.050128,7,1.440440,0.000000,0.418771,0.479206,,,0.000000,0.009018,0.009018,7,7,0,86.396937,86.396937,86.396937,86.396937,120.000000,0.000000,145.947368,0.591973,0.000000,20,,,,,,,,,
online-boutique,online-boutique-longmix-stageC-scale20-replica1-markov-steps500-20260612T140717Z,idyn-ob-scale20-replica1,scale20,replica1,adservice=1;cartservice=1;checkoutservice=1;currencyservice=1;emailservice=1;frontend=1;paymentservice=1;productcatalogservice=1;recommendationservice=1;redis-cart=1;shippingservice=1,markov,stageC,cga,CGA,253,253.000,replay,mixed,0.668783,0.050128,7,1.440440,0.000000,0.418771,0.479206,,,0.000000,0.009018,0.009018,7,7,0,77.646255,77.646255,77.646255,77.646255,120.000000,0.000000,145.947368,0.532015,0.000000,20,,,,,,,,,
online-boutique,online-boutique-longmix-stageC-scale20-replica1-markov-steps500-20260612T140717Z,idyn-ob-scale20-replica1,scale20,replica1,adservice=1;cartservice=1;checkoutservice=1;currencyservice=1;emailservice=1;frontend=1;paymentservice=1;productcatalogservice=1;recommendationservice=1;redis-cart=1;shippingservice=1,markov,stageC,hda,HDA,253,253.000,replay,mixed,0.668783,0.050128,7,1.440440,0.000000,0.418771,0.479206,,,0.000000,0.009018,0.009018,7,7,0,73.682753,73.682753,73.682753,73.682753,120.000000,0.000000,145.947368,0.504858,0.000000,20,,,,,,,,,
online-boutique,online-boutique-longmix-stageC-scale20-replica1-markov-steps500-20260612T140717Z,idyn-ob-scale20-replica1,scale20,replica1,adservice=1;cartservice=1;checkoutservice=1;currencyservice=1;emailservice=1;frontend=1;paymentservice=1;productcatalogservice=1;recommendationservice=1;redis-cart=1;shippingservice=1,markov,stageC,kubernetes-default,K8s default,254,254.000,replay,mixed,0.639943,0.724109,7,1.012248,0.800000,0.347958,0.133792,,,0.000000,0.008576,0.008576,7,7,0,110.009314,110.009314,110.009314,110.009314,120.000000,0.000000,139.447368,0.788895,0.000000,20,,,,,,,,,
online-boutique,online-boutique-longmix-stageC-scale20-replica1-markov-steps500-20260612T140717Z,idyn-ob-scale20-replica1,scale20,replica1,adservice=1;cartservice=1;checkoutservice=1;currencyservice=1;emailservice=1;frontend=1;paymentservice=1;productcatalogservice=1;recommendationservice=1;redis-cart=1;shippingservice=1,markov,stageC,cga,CGA,254,254.000,replay,mixed,0.639943,0.724109,7,1.012248,0.800000,0.347958,0.133792,,,0.000000,0.008576,0.008576,7,7,0,98.756779,98.756779,98.756779,98.756779,120.000000,0.000000,139.447368,0.708201,0.000000,20,,,,,,,,,
online-boutique,online-boutique-longmix-stageC-scale20-replica1-markov-steps500-20260612T140717Z,idyn-ob-scale20-replica1,scale20,replica1,adservice=1;cartservice=1;checkoutservice=1;currencyservice=1;emailservice=1;frontend=1;paymentservice=1;productcatalogservice=1;recommendationservice=1;redis-cart=1;shippingservice=1,markov,stageC,hda,HDA,254,254.000,replay,mixed,0.639943,0.724109,7,1.012248,0.800000,0.347958,0.133792,,,0.000000,0.008576,0.008576,7,7,0,96.518081,96.518081,96.518081,96.518081,120.000000,0.000000,139.447368,0.692147,0.000000,20,,,,,,,,,
online-boutique,online-boutique-longmix-stageC-scale20-replica1-markov-steps500-20260612T140717Z,idyn-ob-scale20-replica1,scale20,replica1,adservice=1;cartservice=1;checkoutservice=1;currencyservice=1;emailservice=1;frontend=1;paymentservice=1;productcatalogservice=1;recommendationservice=1;redis-cart=1;shippingservice=1,markov,stageC,kubernetes-default,K8s default,255,255.000,replay,mixed,0.712543,0.101888,7,1.012248,0.000000,0.347958,0.133792,,,0.000000,0.008627,0.008627,7,7,0,79.762811,79.762811,79.762811,79.762811,120.000000,0.000000,139.447368,0.571992,0.000000,20,,,,,,,,,
online-boutique,online-boutique-longmix-stageC-scale20-replica1-markov-steps500-20260612T140717Z,idyn-ob-scale20-replica1,scale20,replica1,adservice=1;cartservice=1;checkoutservice=1;currencyservice=1;emailservice=1;frontend=1;paymentservice=1;productcatalogservice=1;recommendationservice=1;redis-cart=1;shippingservice=1,markov,stageC,cga,CGA,255,255.000,replay,mixed,0.712543,0.101888,7,1.012248,0.000000,0.347958,0.133792,,,0.000000,0.008627,0.008627,7,7,0,74.559639,74.559639,74.559639,74.559639,120.000000,0.000000,139.447368,0.534679,0.000000,20,,,,,,,,,
online-boutique,online-boutique-longmix-stageC-scale20-replica1-markov-steps500-20260612T140717Z,idyn-ob-scale20-replica1,scale20,replica1,adservice=1;cartservice=1;checkoutservice=1;currencyservice=1;emailservice=1;frontend=1;paymentservice=1;productcatalogservice=1;recommendationservice=1;redis-cart=1;shippingservice=1,markov,stageC,hda,HDA,255,255.000,replay,mixed,0.712543,0.101888,7,1.012248,0.000000,0.347958,0.133792,,,0.000000,0.008627,0.008627,7,7,0,77.829077,77.829077,77.829077,77.829077,120.000000,0.000000,139.447368,0.558125,0.000000,20,,,,,,,,,
online-boutique,online-boutique-longmix-stageC-scale20-replica1-markov-steps500-20260612T140717Z,idyn-ob-scale20-replica1,scale20,replica1,adservice=1;cartservice=1;checkoutservice=1;currencyservice=1;emailservice=1;frontend=1;paymentservice=1;productcatalogservice=1;recommendationservice=1;redis-cart=1;shippingservice=1,markov,stageC,kubernetes-default,K8s default,256,256.000,replay,mixed,0.622229,0.653360,7,1.440440,0.500000,0.467762,1.918165,,,0.000000,0.011491,0.011491,7,7,0,87.135425,87.135425,87.135425,87.135425,120.000000,0.000000,119.947368,0.726447,0.000000,20,,,,,,,,,
online-boutique,online-boutique-longmix-stageC-scale20-replica1-markov-steps500-20260612T140717Z,idyn-ob-scale20-replica1,scale20,replica1,adservice=1;cartservice=1;checkoutservice=1;currencyservice=1;emailservice=1;frontend=1;paymentservice=1;productcatalogservice=1;recommendationservice=1;redis-cart=1;shippingservice=1,markov,stageC,cga,CGA,256,256.000,replay,mixed,0.622229,0.653360,7,1.440440,0.500000,0.467762,1.918165,,,0.000000,0.011491,0.011491,7,7,0,84.986176,84.986176,84.986176,84.986176,120.000000,0.000000,119.947368,0.708529,0.000000,20,,,,,,,,,
online-boutique,online-boutique-longmix-stageC-scale20-replica1-markov-steps500-20260612T140717Z,idyn-ob-scale20-replica1,scale20,replica1,adservice=1;cartservice=1;checkoutservice=1;currencyservice=1;emailservice=1;frontend=1;paymentservice=1;productcatalogservice=1;recommendationservice=1;redis-cart=1;shippingservice=1,markov,stageC,hda,HDA,256,256.000,replay,mixed,0.622229,0.653360,7,1.440440,0.500000,0.467762,1.918165,,,0.000000,0.011491,0.011491,7,7,0,83.170255,83.170255,83.170255,83.170255,120.000000,0.000000,119.947368,0.693390,0.000000,20,,,,,,,,,
online-boutique,online-boutique-longmix-stageC-scale20-replica1-markov-steps500-20260612T140717Z,idyn-ob-scale20-replica1,scale20,replica1,adservice=1;cartservice=1;checkoutservice=1;currencyservice=1;emailservice=1;frontend=1;paymentservice=1;productcatalogservice=1;recommendationservice=1;redis-cart=1;shippingservice=1,markov,stageC,kubernetes-default,K8s default,257,257.000,replay,mixed,0.673490,0.076112,7,1.440440,0.000000,0.467762,1.918165,,,0.000000,0.008887,0.008887,7,7,0,67.818265,67.818265,67.818265,67.818265,120.000000,0.000000,119.947368,0.565400,0.000000,20,,,,,,,,,
online-boutique,online-boutique-longmix-stageC-scale20-replica1-markov-steps500-20260612T140717Z,idyn-ob-scale20-replica1,scale20,replica1,adservice=1;cartservice=1;checkoutservice=1;currencyservice=1;emailservice=1;frontend=1;paymentservice=1;productcatalogservice=1;recommendationservice=1;redis-cart=1;shippingservice=1,markov,stageC,cga,CGA,257,257.000,replay,mixed,0.673490,0.076112,7,1.440440,0.000000,0.467762,1.918165,,,0.000000,0.008887,0.008887,7,7,0,60.568746,60.568746,60.568746,60.568746,120.000000,0.000000,119.947368,0.504961,0.000000,20,,,,,,,,,
online-boutique,online-boutique-longmix-stageC-scale20-replica1-markov-steps500-20260612T140717Z,idyn-ob-scale20-replica1,scale20,replica1,adservice=1;cartservice=1;checkoutservice=1;currencyservice=1;emailservice=1;frontend=1;paymentservice=1;productcatalogservice=1;recommendationservice=1;redis-cart=1;shippingservice=1,markov,stageC,hda,HDA,257,257.000,replay,mixed,0.673490,0.076112,7,1.440440,0.000000,0.467762,1.918165,,,0.000000,0.008887,0.008887,7,7,0,60.538185,60.538185,60.538185,60.538185,120.000000,0.000000,119.947368,0.504706,0.000000,20,,,,,,,,,
online-boutique,online-boutique-longmix-stageC-scale20-replica1-markov-steps500-20260612T140717Z,idyn-ob-scale20-replica1,scale20,replica1,adservice=1;cartservice=1;checkoutservice=1;currencyservice=1;emailservice=1;frontend=1;paymentservice=1;productcatalogservice=1;recommendationservice=1;redis-cart=1;shippingservice=1,markov,stageC,kubernetes-default,K8s default,258,258.000,replay,mixed,0.662001,0.017059,7,1.440440,0.000000,0.467762,1.918165,,,0.000000,0.013696,0.013696,7,7,0,65.619981,65.619981,65.619981,65.619981,120.000000,0.000000,119.947368,0.547073,0.000000,20,,,,,,,,,
online-boutique,online-boutique-longmix-stageC-scale20-replica1-markov-steps500-20260612T140717Z,idyn-ob-scale20-replica1,scale20,replica1,adservice=1;cartservice=1;checkoutservice=1;currencyservice=1;emailservice=1;frontend=1;paymentservice=1;productcatalogservice=1;recommendationservice=1;redis-cart=1;shippingservice=1,markov,stageC,cga,CGA,258,258.000,replay,mixed,0.662001,0.017059,7,1.440440,0.000000,0.467762,1.918165,,,0.000000,0.013696,0.013696,7,7,0,61.510872,61.510872,61.510872,61.510872,120.000000,0.000000,119.947368,0.512816,0.000000,20,,,,,,,,,
online-boutique,online-boutique-longmix-stageC-scale20-replica1-markov-steps500-20260612T140717Z,idyn-ob-scale20-replica1,scale20,replica1,adservice=1;cartservice=1;checkoutservice=1;currencyservice=1;emailservice=1;frontend=1;paymentservice=1;productcatalogservice=1;recommendationservice=1;redis-cart=1;shippingservice=1,markov,stageC,hda,HDA,258,258.000,replay,mixed,0.662001,0.017059,7,1.440440,0.000000,0.467762,1.918165,,,0.000000,0.013696,0.013696,7,7,0,53.244832,53.244832,53.244832,53.244832,120.000000,0.000000,119.947368,0.443902,0.000000,20,,,,,,,,,
online-boutique,online-boutique-longmix-stageC-scale20-replica1-markov-steps500-20260612T140717Z,idyn-ob-scale20-replica1,scale20,replica1,adservice=1;cartservice=1;checkoutservice=1;currencyservice=1;emailservice=1;frontend=1;paymentservice=1;productcatalogservice=1;recommendationservice=1;redis-cart=1;shippingservice=1,markov,stageC,kubernetes-default,K8s default,259,259.000,replay,mixed,0.634495,0.634283,7,1.012248,0.500000,0.347958,0.133792,,,0.000000,0.012304,0.012304,7,7,0,105.523816,105.523816,105.523816,105.523816,120.000000,0.000000,139.447368,0.756729,0.000000,20,,,,,,,,,
online-boutique,online-boutique-longmix-stageC-scale20-replica1-markov-steps500-20260612T140717Z,idyn-ob-scale20-replica1,scale20,replica1,adservice=1;cartservice=1;checkoutservice=1;currencyservice=1;emailservice=1;frontend=1;paymentservice=1;productcatalogservice=1;recommendationservice=1;redis-cart=1;shippingservice=1,markov,stageC,cga,CGA,259,259.000,replay,mixed,0.634495,0.634283,7,1.012248,0.500000,0.347958,0.133792,,,0.000000,0.012304,0.012304,7,7,0,94.846490,94.846490,94.846490,94.846490,120.000000,0.000000,139.447368,0.680160,0.000000,20,,,,,,,,,
online-boutique,online-boutique-longmix-stageC-scale20-replica1-markov-steps500-20260612T140717Z,idyn-ob-scale20-replica1,scale20,replica1,adservice=1;cartservice=1;checkoutservice=1;currencyservice=1;emailservice=1;frontend=1;paymentservice=1;productcatalogservice=1;recommendationservice=1;redis-cart=1;shippingservice=1,markov,stageC,hda,HDA,259,259.000,replay,mixed,0.634495,0.634283,7,1.012248,0.500000,0.347958,0.133792,,,0.000000,0.012304,0.012304,7,7,0,97.578425,97.578425,97.578425,97.578425,120.000000,0.000000,139.447368,0.699751,0.000000,20,,,,,,,,,
online-boutique,online-boutique-longmix-stageC-scale20-replica1-markov-steps500-20260612T140717Z,idyn-ob-scale20-replica1,scale20,replica1,adservice=1;cartservice=1;checkoutservice=1;currencyservice=1;emailservice=1;frontend=1;paymentservice=1;productcatalogservice=1;recommendationservice=1;redis-cart=1;shippingservice=1,markov,stageC,kubernetes-default,K8s default,260,260.000,replay,mixed,0.649704,0.023409,7,1.012248,0.000000,0.347958,0.133792,,,0.000000,0.014206,0.014206,7,7,0,75.591251,75.591251,75.591251,75.591251,120.000000,0.000000,139.447368,0.542077,0.000000,20,,,,,,,,,
online-boutique,online-boutique-longmix-stageC-scale20-replica1-markov-steps500-20260612T140717Z,idyn-ob-scale20-replica1,scale20,replica1,adservice=1;cartservice=1;checkoutservice=1;currencyservice=1;emailservice=1;frontend=1;paymentservice=1;productcatalogservice=1;recommendationservice=1;redis-cart=1;shippingservice=1,markov,stageC,cga,CGA,260,260.000,replay,mixed,0.649704,0.023409,7,1.012248,0.000000,0.347958,0.133792,,,0.000000,0.014206,0.014206,7,7,0,71.585363,71.585363,71.585363,71.585363,120.000000,0.000000,139.447368,0.513350,0.000000,20,,,,,,,,,
online-boutique,online-boutique-longmix-stageC-scale20-replica1-markov-steps500-20260612T140717Z,idyn-ob-scale20-replica1,scale20,replica1,adservice=1;cartservice=1;checkoutservice=1;currencyservice=1;emailservice=1;frontend=1;paymentservice=1;productcatalogservice=1;recommendationservice=1;redis-cart=1;shippingservice=1,markov,stageC,hda,HDA,260,260.000,replay,mixed,0.649704,0.023409,7,1.012248,0.000000,0.347958,0.133792,,,0.000000,0.014206,0.014206,7,7,0,67.652521,67.652521,67.652521,67.652521,120.000000,0.000000,139.447368,0.485147,0.000000,20,,,,,,,,,
online-boutique,online-boutique-longmix-stageC-scale20-replica1-markov-steps500-20260612T140717Z,idyn-ob-scale20-replica1,scale20,replica1,adservice=1;cartservice=1;checkoutservice=1;currencyservice=1;emailservice=1;frontend=1;paymentservice=1;productcatalogservice=1;recommendationservice=1;redis-cart=1;shippingservice=1,markov,stageC,kubernetes-default,K8s default,261,261.000,replay,mixed,0.694659,0.064715,7,1.012248,0.000000,0.347958,0.133792,,,0.000000,0.013446,0.013446,7,7,0,78.594806,78.594806,78.594806,78.594806,120.000000,0.000000,139.447368,0.563616,0.000000,20,,,,,,,,,
online-boutique,online-boutique-longmix-stageC-scale20-replica1-markov-steps500-20260612T140717Z,idyn-ob-scale20-replica1,scale20,replica1,adservice=1;cartservice=1;checkoutservice=1;currencyservice=1;emailservice=1;frontend=1;paymentservice=1;productcatalogservice=1;recommendationservice=1;redis-cart=1;shippingservice=1,markov,stageC,cga,CGA,261,261.000,replay,mixed,0.694659,0.064715,7,1.012248,0.000000,0.347958,0.133792,,,0.000000,0.013446,0.013446,7,7,0,74.035312,74.035312,74.035312,74.035312,120.000000,0.000000,139.447368,0.530919,0.000000,20,,,,,,,,,
online-boutique,online-boutique-longmix-stageC-scale20-replica1-markov-steps500-20260612T140717Z,idyn-ob-scale20-replica1,scale20,replica1,adservice=1;cartservice=1;checkoutservice=1;currencyservice=1;emailservice=1;frontend=1;paymentservice=1;productcatalogservice=1;recommendationservice=1;redis-cart=1;shippingservice=1,markov,stageC,hda,HDA,261,261.000,replay,mixed,0.694659,0.064715,7,1.012248,0.000000,0.347958,0.133792,,,0.000000,0.013446,0.013446,7,7,0,72.026434,72.026434,72.026434,72.026434,120.000000,0.000000,139.447368,0.516513,0.000000,20,,,,,,,,,
online-boutique,online-boutique-longmix-stageC-scale20-replica1-markov-steps500-20260612T140717Z,idyn-ob-scale20-replica1,scale20,replica1,adservice=1;cartservice=1;checkoutservice=1;currencyservice=1;emailservice=1;frontend=1;paymentservice=1;productcatalogservice=1;recommendationservice=1;redis-cart=1;shippingservice=1,markov,stageC,kubernetes-default,K8s default,262,262.000,replay,mixed,0.694585,0.488540,7,1.525982,0.800000,0.359677,1.100147,,,0.000000,0.008557,0.008557,7,7,0,79.810450,79.810450,79.810450,79.810450,120.000000,0.000000,113.447368,0.703502,0.000000,20,,,,,,,,,
online-boutique,online-boutique-longmix-stageC-scale20-replica1-markov-steps500-20260612T140717Z,idyn-ob-scale20-replica1,scale20,replica1,adservice=1;cartservice=1;checkoutservice=1;currencyservice=1;emailservice=1;frontend=1;paymentservice=1;productcatalogservice=1;recommendationservice=1;redis-cart=1;shippingservice=1,markov,stageC,cga,CGA,262,262.000,replay,mixed,0.694585,0.488540,7,1.525982,0.800000,0.359677,1.100147,,,0.000000,0.008557,0.008557,7,7,0,73.321384,73.321384,73.321384,73.321384,120.000000,0.000000,113.447368,0.646303,0.000000,20,,,,,,,,,
online-boutique,online-boutique-longmix-stageC-scale20-replica1-markov-steps500-20260612T140717Z,idyn-ob-scale20-replica1,scale20,replica1,adservice=1;cartservice=1;checkoutservice=1;currencyservice=1;emailservice=1;frontend=1;paymentservice=1;productcatalogservice=1;recommendationservice=1;redis-cart=1;shippingservice=1,markov,stageC,hda,HDA,262,262.000,replay,mixed,0.694585,0.488540,7,1.525982,0.800000,0.359677,1.100147,,,0.000000,0.008557,0.008557,7,7,0,70.226514,70.226514,70.226514,70.226514,120.000000,0.000000,113.447368,0.619023,0.000000,20,,,,,,,,,
online-boutique,online-boutique-longmix-stageC-scale20-replica1-markov-steps500-20260612T140717Z,idyn-ob-scale20-replica1,scale20,replica1,adservice=1;cartservice=1;checkoutservice=1;currencyservice=1;emailservice=1;frontend=1;paymentservice=1;productcatalogservice=1;recommendationservice=1;redis-cart=1;shippingservice=1,markov,stageC,kubernetes-default,K8s default,263,263.000,replay,mixed,0.621217,0.105628,7,1.525982,0.000000,0.359677,1.100147,,,0.000000,0.010149,0.010149,7,7,0,56.598141,56.598141,56.598141,56.598141,120.000000,0.000000,113.447368,0.498893,0.000000,20,,,,,,,,,
online-boutique,online-boutique-longmix-stageC-scale20-replica1-markov-steps500-20260612T140717Z,idyn-ob-scale20-replica1,scale20,replica1,adservice=1;cartservice=1;checkoutservice=1;currencyservice=1;emailservice=1;frontend=1;paymentservice=1;productcatalogservice=1;recommendationservice=1;redis-cart=1;shippingservice=1,markov,stageC,cga,CGA,263,263.000,replay,mixed,0.621217,0.105628,7,1.525982,0.000000,0.359677,1.100147,,,0.000000,0.010149,0.010149,7,7,0,60.482667,60.482667,60.482667,60.482667,120.000000,0.000000,113.447368,0.533134,0.000000,20,,,,,,,,,
online-boutique,online-boutique-longmix-stageC-scale20-replica1-markov-steps500-20260612T140717Z,idyn-ob-scale20-replica1,scale20,replica1,adservice=1;cartservice=1;checkoutservice=1;currencyservice=1;emailservice=1;frontend=1;paymentservice=1;productcatalogservice=1;recommendationservice=1;redis-cart=1;shippingservice=1,markov,stageC,hda,HDA,263,263.000,replay,mixed,0.621217,0.105628,7,1.525982,0.000000,0.359677,1.100147,,,0.000000,0.010149,0.010149,7,7,0,53.538100,53.538100,53.538100,53.538100,120.000000,0.000000,113.447368,0.471920,0.000000,20,,,,,,,,,
online-boutique,online-boutique-longmix-stageC-scale20-replica1-markov-steps500-20260612T140717Z,idyn-ob-scale20-replica1,scale20,replica1,adservice=1;cartservice=1;checkoutservice=1;currencyservice=1;emailservice=1;frontend=1;paymentservice=1;productcatalogservice=1;recommendationservice=1;redis-cart=1;shippingservice=1,markov,stageC,kubernetes-default,K8s default,264,264.000,replay,mixed,0.686850,0.642102,7,1.368091,0.800000,0.411186,0.478705,,,0.000000,0.013606,0.013606,7,7,0,98.688335,98.688335,98.688335,98.688335,120.000000,0.000000,132.947368,0.742311,0.000000,20,,,,,,,,,
online-boutique,online-boutique-longmix-stageC-scale20-replica1-markov-steps500-20260612T140717Z,idyn-ob-scale20-replica1,scale20,replica1,adservice=1;cartservice=1;checkoutservice=1;currencyservice=1;emailservice=1;frontend=1;paymentservice=1;productcatalogservice=1;recommendationservice=1;redis-cart=1;shippingservice=1,markov,stageC,cga,CGA,264,264.000,replay,mixed,0.686850,0.642102,7,1.368091,0.800000,0.411186,0.478705,,,0.000000,0.013606,0.013606,7,7,0,90.575199,90.575199,90.575199,90.575199,120.000000,0.000000,132.947368,0.681286,0.000000,20,,,,,,,,,
online-boutique,online-boutique-longmix-stageC-scale20-replica1-markov-steps500-20260612T140717Z,idyn-ob-scale20-replica1,scale20,replica1,adservice=1;cartservice=1;checkoutservice=1;currencyservice=1;emailservice=1;frontend=1;paymentservice=1;productcatalogservice=1;recommendationservice=1;redis-cart=1;shippingservice=1,markov,stageC,hda,HDA,264,264.000,replay,mixed,0.686850,0.642102,7,1.368091,0.800000,0.411186,0.478705,,,0.000000,0.013606,0.013606,7,7,0,87.302061,87.302061,87.302061,87.302061,120.000000,0.000000,132.947368,0.656666,0.000000,20,,,,,,,,,
online-boutique,online-boutique-longmix-stageC-scale20-replica1-markov-steps500-20260612T140717Z,idyn-ob-scale20-replica1,scale20,replica1,adservice=1;cartservice=1;checkoutservice=1;currencyservice=1;emailservice=1;frontend=1;paymentservice=1;productcatalogservice=1;recommendationservice=1;redis-cart=1;shippingservice=1,markov,stageC,kubernetes-default,K8s default,265,265.000,replay,mixed,0.637016,0.072556,7,1.368091,0.000000,0.411186,0.478705,,,0.000000,0.018104,0.018104,7,7,0,73.982181,73.982181,73.982181,73.982181,120.000000,0.000000,132.947368,0.556477,0.000000,20,,,,,,,,,
online-boutique,online-boutique-longmix-stageC-scale20-replica1-markov-steps500-20260612T140717Z,idyn-ob-scale20-replica1,scale20,replica1,adservice=1;cartservice=1;checkoutservice=1;currencyservice=1;emailservice=1;frontend=1;paymentservice=1;productcatalogservice=1;recommendationservice=1;redis-cart=1;shippingservice=1,markov,stageC,cga,CGA,265,265.000,replay,mixed,0.637016,0.072556,7,1.368091,0.000000,0.411186,0.478705,,,0.000000,0.018104,0.018104,7,7,0,64.949762,64.949762,64.949762,64.949762,120.000000,0.000000,132.947368,0.488537,0.000000,20,,,,,,,,,
online-boutique,online-boutique-longmix-stageC-scale20-replica1-markov-steps500-20260612T140717Z,idyn-ob-scale20-replica1,scale20,replica1,adservice=1;cartservice=1;checkoutservice=1;currencyservice=1;emailservice=1;frontend=1;paymentservice=1;productcatalogservice=1;recommendationservice=1;redis-cart=1;shippingservice=1,markov,stageC,hda,HDA,265,265.000,replay,mixed,0.637016,0.072556,7,1.368091,0.000000,0.411186,0.478705,,,0.000000,0.018104,0.018104,7,7,0,69.587103,69.587103,69.587103,69.587103,120.000000,0.000000,132.947368,0.523418,0.000000,20,,,,,,,,,
online-boutique,online-boutique-longmix-stageC-scale20-replica1-markov-steps500-20260612T140717Z,idyn-ob-scale20-replica1,scale20,replica1,adservice=1;cartservice=1;checkoutservice=1;currencyservice=1;emailservice=1;frontend=1;paymentservice=1;productcatalogservice=1;recommendationservice=1;redis-cart=1;shippingservice=1,markov,stageC,kubernetes-default,K8s default,266,266.000,replay,mixed,0.632605,0.576598,7,1.440440,0.800000,0.467762,1.918165,,,0.000000,0.013385,0.013385,7,7,0,87.479193,87.479193,87.479193,87.479193,120.000000,0.000000,119.947368,0.729313,0.000000,20,,,,,,,,,
online-boutique,online-boutique-longmix-stageC-scale20-replica1-markov-steps500-20260612T140717Z,idyn-ob-scale20-replica1,scale20,replica1,adservice=1;cartservice=1;checkoutservice=1;currencyservice=1;emailservice=1;frontend=1;paymentservice=1;productcatalogservice=1;recommendationservice=1;redis-cart=1;shippingservice=1,markov,stageC,cga,CGA,266,266.000,replay,mixed,0.632605,0.576598,7,1.440440,0.800000,0.467762,1.918165,,,0.000000,0.013385,0.013385,7,7,0,78.851512,78.851512,78.851512,78.851512,120.000000,0.000000,119.947368,0.657384,0.000000,20,,,,,,,,,
online-boutique,online-boutique-longmix-stageC-scale20-replica1-markov-steps500-20260612T140717Z,idyn-ob-scale20-replica1,scale20,replica1,adservice=1;cartservice=1;checkoutservice=1;currencyservice=1;emailservice=1;frontend=1;paymentservice=1;productcatalogservice=1;recommendationservice=1;redis-cart=1;shippingservice=1,markov,stageC,hda,HDA,266,266.000,replay,mixed,0.632605,0.576598,7,1.440440,0.800000,0.467762,1.918165,,,0.000000,0.013385,0.013385,7,7,0,78.066403,78.066403,78.066403,78.066403,120.000000,0.000000,119.947368,0.650839,0.000000,20,,,,,,,,,
online-boutique,online-boutique-longmix-stageC-scale20-replica1-markov-steps500-20260612T140717Z,idyn-ob-scale20-replica1,scale20,replica1,adservice=1;cartservice=1;checkoutservice=1;currencyservice=1;emailservice=1;frontend=1;paymentservice=1;productcatalogservice=1;recommendationservice=1;redis-cart=1;shippingservice=1,markov,stageC,kubernetes-default,K8s default,267,267.000,replay,mixed,0.602558,0.089889,6,1.440440,0.000000,0.451054,1.697013,,,0.000000,0.018134,0.018134,6,6,0,65.809456,65.809456,65.809456,65.809456,120.000000,0.000000,119.947368,0.548653,0.000000,20,,,,,,,,,
online-boutique,online-boutique-longmix-stageC-scale20-replica1-markov-steps500-20260612T140717Z,idyn-ob-scale20-replica1,scale20,replica1,adservice=1;cartservice=1;checkoutservice=1;currencyservice=1;emailservice=1;frontend=1;paymentservice=1;productcatalogservice=1;recommendationservice=1;redis-cart=1;shippingservice=1,markov,stageC,cga,CGA,267,267.000,replay,mixed,0.602558,0.089889,6,1.440440,0.000000,0.451054,1.697013,,,0.000000,0.018134,0.018134,6,6,0,57.783729,57.783729,57.783729,57.783729,120.000000,0.000000,119.947368,0.481742,0.000000,20,,,,,,,,,
online-boutique,online-boutique-longmix-stageC-scale20-replica1-markov-steps500-20260612T140717Z,idyn-ob-scale20-replica1,scale20,replica1,adservice=1;cartservice=1;checkoutservice=1;currencyservice=1;emailservice=1;frontend=1;paymentservice=1;productcatalogservice=1;recommendationservice=1;redis-cart=1;shippingservice=1,markov,stageC,hda,HDA,267,267.000,replay,mixed,0.602558,0.089889,6,1.440440,0.000000,0.451054,1.697013,,,0.000000,0.018134,0.018134,6,6,0,57.353146,57.353146,57.353146,57.353146,120.000000,0.000000,119.947368,0.478153,0.000000,20,,,,,,,,,
online-boutique,online-boutique-longmix-stageC-scale20-replica1-markov-steps500-20260612T140717Z,idyn-ob-scale20-replica1,scale20,replica1,adservice=1;cartservice=1;checkoutservice=1;currencyservice=1;emailservice=1;frontend=1;paymentservice=1;productcatalogservice=1;recommendationservice=1;redis-cart=1;shippingservice=1,markov,stageC,kubernetes-default,K8s default,268,268.000,replay,mixed,0.614594,0.063218,7,1.440440,0.000000,0.467762,1.918165,,,0.000000,0.013244,0.013244,7,7,0,65.866459,65.866459,65.866459,65.866459,120.000000,0.000000,119.947368,0.549128,0.000000,20,,,,,,,,,
online-boutique,online-boutique-longmix-stageC-scale20-replica1-markov-steps500-20260612T140717Z,idyn-ob-scale20-replica1,scale20,replica1,adservice=1;cartservice=1;checkoutservice=1;currencyservice=1;emailservice=1;frontend=1;paymentservice=1;productcatalogservice=1;recommendationservice=1;redis-cart=1;shippingservice=1,markov,stageC,cga,CGA,268,268.000,replay,mixed,0.614594,0.063218,7,1.440440,0.000000,0.467762,1.918165,,,0.000000,0.013244,0.013244,7,7,0,61.738901,61.738901,61.738901,61.738901,120.000000,0.000000,119.947368,0.514717,0.000000,20,,,,,,,,,
online-boutique,online-boutique-longmix-stageC-scale20-replica1-markov-steps500-20260612T140717Z,idyn-ob-scale20-replica1,scale20,replica1,adservice=1;cartservice=1;checkoutservice=1;currencyservice=1;emailservice=1;frontend=1;paymentservice=1;productcatalogservice=1;recommendationservice=1;redis-cart=1;shippingservice=1,markov,stageC,hda,HDA,268,268.000,replay,mixed,0.614594,0.063218,7,1.440440,0.000000,0.467762,1.918165,,,0.000000,0.013244,0.013244,7,7,0,58.936635,58.936635,58.936635,58.936635,120.000000,0.000000,119.947368,0.491354,0.000000,20,,,,,,,,,
online-boutique,online-boutique-longmix-stageC-scale20-replica1-markov-steps500-20260612T140717Z,idyn-ob-scale20-replica1,scale20,replica1,adservice=1;cartservice=1;checkoutservice=1;currencyservice=1;emailservice=1;frontend=1;paymentservice=1;productcatalogservice=1;recommendationservice=1;redis-cart=1;shippingservice=1,markov,stageC,kubernetes-default,K8s default,269,269.000,replay,mixed,0.650618,0.055369,7,1.440440,0.000000,0.467762,1.918165,,,0.000000,0.013357,0.013357,7,7,0,65.985588,65.985588,65.985588,65.985588,120.000000,0.000000,119.947368,0.550121,0.000000,20,,,,,,,,,
online-boutique,online-boutique-longmix-stageC-scale20-replica1-markov-steps500-20260612T140717Z,idyn-ob-scale20-replica1,scale20,replica1,adservice=1;cartservice=1;checkoutservice=1;currencyservice=1;emailservice=1;frontend=1;paymentservice=1;productcatalogservice=1;recommendationservice=1;redis-cart=1;shippingservice=1,markov,stageC,cga,CGA,269,269.000,replay,mixed,0.650618,0.055369,7,1.440440,0.000000,0.467762,1.918165,,,0.000000,0.013357,0.013357,7,7,0,57.640384,57.640384,57.640384,57.640384,120.000000,0.000000,119.947368,0.480547,0.000000,20,,,,,,,,,
online-boutique,online-boutique-longmix-stageC-scale20-replica1-markov-steps500-20260612T140717Z,idyn-ob-scale20-replica1,scale20,replica1,adservice=1;cartservice=1;checkoutservice=1;currencyservice=1;emailservice=1;frontend=1;paymentservice=1;productcatalogservice=1;recommendationservice=1;redis-cart=1;shippingservice=1,markov,stageC,hda,HDA,269,269.000,replay,mixed,0.650618,0.055369,7,1.440440,0.000000,0.467762,1.918165,,,0.000000,0.013357,0.013357,7,7,0,57.492496,57.492496,57.492496,57.492496,120.000000,0.000000,119.947368,0.479314,0.000000,20,,,,,,,,,
online-boutique,online-boutique-longmix-stageC-scale20-replica1-markov-steps500-20260612T140717Z,idyn-ob-scale20-replica1,scale20,replica1,adservice=1;cartservice=1;checkoutservice=1;currencyservice=1;emailservice=1;frontend=1;paymentservice=1;productcatalogservice=1;recommendationservice=1;redis-cart=1;shippingservice=1,markov,stageC,kubernetes-default,K8s default,270,270.000,replay,mixed,0.608936,0.105719,6,1.440440,0.000000,0.451054,1.697013,,,0.000000,0.009067,0.009067,6,6,0,63.384117,63.384117,63.384117,63.384117,120.000000,0.000000,119.947368,0.528433,0.000000,20,,,,,,,,,
online-boutique,online-boutique-longmix-stageC-scale20-replica1-markov-steps500-20260612T140717Z,idyn-ob-scale20-replica1,scale20,replica1,adservice=1;cartservice=1;checkoutservice=1;currencyservice=1;emailservice=1;frontend=1;paymentservice=1;productcatalogservice=1;recommendationservice=1;redis-cart=1;shippingservice=1,markov,stageC,cga,CGA,270,270.000,replay,mixed,0.608936,0.105719,6,1.440440,0.000000,0.451054,1.697013,,,0.000000,0.009067,0.009067,6,6,0,62.198022,62.198022,62.198022,62.198022,120.000000,0.000000,119.947368,0.518544,0.000000,20,,,,,,,,,
online-boutique,online-boutique-longmix-stageC-scale20-replica1-markov-steps500-20260612T140717Z,idyn-ob-scale20-replica1,scale20,replica1,adservice=1;cartservice=1;checkoutservice=1;currencyservice=1;emailservice=1;frontend=1;paymentservice=1;productcatalogservice=1;recommendationservice=1;redis-cart=1;shippingservice=1,markov,stageC,hda,HDA,270,270.000,replay,mixed,0.608936,0.105719,6,1.440440,0.000000,0.451054,1.697013,,,0.000000,0.009067,0.009067,6,6,0,58.306502,58.306502,58.306502,58.306502,120.000000,0.000000,119.947368,0.486101,0.000000,20,,,,,,,,,
online-boutique,online-boutique-longmix-stageC-scale20-replica1-markov-steps500-20260612T140717Z,idyn-ob-scale20-replica1,scale20,replica1,adservice=1;cartservice=1;checkoutservice=1;currencyservice=1;emailservice=1;frontend=1;paymentservice=1;productcatalogservice=1;recommendationservice=1;redis-cart=1;shippingservice=1,markov,stageC,kubernetes-default,K8s default,271,271.000,replay,mixed,0.622081,0.064695,7,1.440440,0.000000,0.467762,1.918165,,,0.000000,0.008868,0.008868,7,7,0,63.270876,63.270876,63.270876,63.270876,120.000000,0.000000,119.947368,0.527489,0.000000,20,,,,,,,,,
online-boutique,online-boutique-longmix-stageC-scale20-replica1-markov-steps500-20260612T140717Z,idyn-ob-scale20-replica1,scale20,replica1,adservice=1;cartservice=1;checkoutservice=1;currencyservice=1;emailservice=1;frontend=1;paymentservice=1;productcatalogservice=1;recommendationservice=1;redis-cart=1;shippingservice=1,markov,stageC,cga,CGA,271,271.000,replay,mixed,0.622081,0.064695,7,1.440440,0.000000,0.467762,1.918165,,,0.000000,0.008868,0.008868,7,7,0,62.447242,62.447242,62.447242,62.447242,120.000000,0.000000,119.947368,0.520622,0.000000,20,,,,,,,,,
online-boutique,online-boutique-longmix-stageC-scale20-replica1-markov-steps500-20260612T140717Z,idyn-ob-scale20-replica1,scale20,replica1,adservice=1;cartservice=1;checkoutservice=1;currencyservice=1;emailservice=1;frontend=1;paymentservice=1;productcatalogservice=1;recommendationservice=1;redis-cart=1;shippingservice=1,markov,stageC,hda,HDA,271,271.000,replay,mixed,0.622081,0.064695,7,1.440440,0.000000,0.467762,1.918165,,,0.000000,0.008868,0.008868,7,7,0,60.339240,60.339240,60.339240,60.339240,120.000000,0.000000,119.947368,0.503048,0.000000,20,,,,,,,,,
online-boutique,online-boutique-longmix-stageC-scale20-replica1-markov-steps500-20260612T140717Z,idyn-ob-scale20-replica1,scale20,replica1,adservice=1;cartservice=1;checkoutservice=1;currencyservice=1;emailservice=1;frontend=1;paymentservice=1;productcatalogservice=1;recommendationservice=1;redis-cart=1;shippingservice=1,markov,stageC,kubernetes-default,K8s default,272,272.000,replay,mixed,0.630728,0.013710,7,1.440440,0.000000,0.467762,1.918165,,,0.000000,0.011792,0.011792,7,7,0,63.632222,63.632222,63.632222,63.632222,120.000000,0.000000,119.947368,0.530501,0.000000,20,,,,,,,,,
online-boutique,online-boutique-longmix-stageC-scale20-replica1-markov-steps500-20260612T140717Z,idyn-ob-scale20-replica1,scale20,replica1,adservice=1;cartservice=1;checkoutservice=1;currencyservice=1;emailservice=1;frontend=1;paymentservice=1;productcatalogservice=1;recommendationservice=1;redis-cart=1;shippingservice=1,markov,stageC,cga,CGA,272,272.000,replay,mixed,0.630728,0.013710,7,1.440440,0.000000,0.467762,1.918165,,,0.000000,0.011792,0.011792,7,7,0,53.064640,53.064640,53.064640,53.064640,120.000000,0.000000,119.947368,0.442399,0.000000,20,,,,,,,,,
online-boutique,online-boutique-longmix-stageC-scale20-replica1-markov-steps500-20260612T140717Z,idyn-ob-scale20-replica1,scale20,replica1,adservice=1;cartservice=1;checkoutservice=1;currencyservice=1;emailservice=1;frontend=1;paymentservice=1;productcatalogservice=1;recommendationservice=1;redis-cart=1;shippingservice=1,markov,stageC,hda,HDA,272,272.000,replay,mixed,0.630728,0.013710,7,1.440440,0.000000,0.467762,1.918165,,,0.000000,0.011792,0.011792,7,7,0,53.716707,53.716707,53.716707,53.716707,120.000000,0.000000,119.947368,0.447836,0.000000,20,,,,,,,,,
online-boutique,online-boutique-longmix-stageC-scale20-replica1-markov-steps500-20260612T140717Z,idyn-ob-scale20-replica1,scale20,replica1,adservice=1;cartservice=1;checkoutservice=1;currencyservice=1;emailservice=1;frontend=1;paymentservice=1;productcatalogservice=1;recommendationservice=1;redis-cart=1;shippingservice=1,markov,stageC,kubernetes-default,K8s default,273,273.000,replay,mixed,0.652451,0.033295,7,1.440440,0.000000,0.467762,1.918165,,,0.000000,0.008636,0.008636,7,7,0,68.226691,68.226691,68.226691,68.226691,120.000000,0.000000,119.947368,0.568805,0.000000,20,,,,,,,,,
online-boutique,online-boutique-longmix-stageC-scale20-replica1-markov-steps500-20260612T140717Z,idyn-ob-scale20-replica1,scale20,replica1,adservice=1;cartservice=1;checkoutservice=1;currencyservice=1;emailservice=1;frontend=1;paymentservice=1;productcatalogservice=1;recommendationservice=1;redis-cart=1;shippingservice=1,markov,stageC,cga,CGA,273,273.000,replay,mixed,0.652451,0.033295,7,1.440440,0.000000,0.467762,1.918165,,,0.000000,0.008636,0.008636,7,7,0,64.051850,64.051850,64.051850,64.051850,120.000000,0.000000,119.947368,0.534000,0.000000,20,,,,,,,,,
online-boutique,online-boutique-longmix-stageC-scale20-replica1-markov-steps500-20260612T140717Z,idyn-ob-scale20-replica1,scale20,replica1,adservice=1;cartservice=1;checkoutservice=1;currencyservice=1;emailservice=1;frontend=1;paymentservice=1;productcatalogservice=1;recommendationservice=1;redis-cart=1;shippingservice=1,markov,stageC,hda,HDA,273,273.000,replay,mixed,0.652451,0.033295,7,1.440440,0.000000,0.467762,1.918165,,,0.000000,0.008636,0.008636,7,7,0,54.134706,54.134706,54.134706,54.134706,120.000000,0.000000,119.947368,0.451320,0.000000,20,,,,,,,,,
online-boutique,online-boutique-longmix-stageC-scale20-replica1-markov-steps500-20260612T140717Z,idyn-ob-scale20-replica1,scale20,replica1,adservice=1;cartservice=1;checkoutservice=1;currencyservice=1;emailservice=1;frontend=1;paymentservice=1;productcatalogservice=1;recommendationservice=1;redis-cart=1;shippingservice=1,markov,stageC,kubernetes-default,K8s default,274,274.000,replay,mixed,0.641437,0.016881,7,1.440440,0.000000,0.467762,1.918165,,,0.000000,0.012063,0.012063,7,7,0,65.669628,65.669628,65.669628,65.669628,120.000000,0.000000,119.947368,0.547487,0.000000,20,,,,,,,,,
online-boutique,online-boutique-longmix-stageC-scale20-replica1-markov-steps500-20260612T140717Z,idyn-ob-scale20-replica1,scale20,replica1,adservice=1;cartservice=1;checkoutservice=1;currencyservice=1;emailservice=1;frontend=1;paymentservice=1;productcatalogservice=1;recommendationservice=1;redis-cart=1;shippingservice=1,markov,stageC,cga,CGA,274,274.000,replay,mixed,0.641437,0.016881,7,1.440440,0.000000,0.467762,1.918165,,,0.000000,0.012063,0.012063,7,7,0,61.488909,61.488909,61.488909,61.488909,120.000000,0.000000,119.947368,0.512632,0.000000,20,,,,,,,,,
online-boutique,online-boutique-longmix-stageC-scale20-replica1-markov-steps500-20260612T140717Z,idyn-ob-scale20-replica1,scale20,replica1,adservice=1;cartservice=1;checkoutservice=1;currencyservice=1;emailservice=1;frontend=1;paymentservice=1;productcatalogservice=1;recommendationservice=1;redis-cart=1;shippingservice=1,markov,stageC,hda,HDA,274,274.000,replay,mixed,0.641437,0.016881,7,1.440440,0.000000,0.467762,1.918165,,,0.000000,0.012063,0.012063,7,7,0,57.251037,57.251037,57.251037,57.251037,120.000000,0.000000,119.947368,0.477301,0.000000,20,,,,,,,,,
online-boutique,online-boutique-longmix-stageC-scale20-replica1-markov-steps500-20260612T140717Z,idyn-ob-scale20-replica1,scale20,replica1,adservice=1;cartservice=1;checkoutservice=1;currencyservice=1;emailservice=1;frontend=1;paymentservice=1;productcatalogservice=1;recommendationservice=1;redis-cart=1;shippingservice=1,markov,stageC,kubernetes-default,K8s default,275,275.000,replay,mixed,0.595205,0.113374,6,1.440440,0.000000,0.451054,1.697013,,,0.000000,0.011240,0.011240,6,6,0,68.842529,68.842529,68.842529,68.842529,120.000000,0.000000,119.947368,0.573939,0.000000,20,,,,,,,,,
online-boutique,online-boutique-longmix-stageC-scale20-replica1-markov-steps500-20260612T140717Z,idyn-ob-scale20-replica1,scale20,replica1,adservice=1;cartservice=1;checkoutservice=1;currencyservice=1;emailservice=1;frontend=1;paymentservice=1;productcatalogservice=1;recommendationservice=1;redis-cart=1;shippingservice=1,markov,stageC,cga,CGA,275,275.000,replay,mixed,0.595205,0.113374,6,1.440440,0.000000,0.451054,1.697013,,,0.000000,0.011240,0.011240,6,6,0,61.788842,61.788842,61.788842,61.788842,120.000000,0.000000,119.947368,0.515133,0.000000,20,,,,,,,,,
online-boutique,online-boutique-longmix-stageC-scale20-replica1-markov-steps500-20260612T140717Z,idyn-ob-scale20-replica1,scale20,replica1,adservice=1;cartservice=1;checkoutservice=1;currencyservice=1;emailservice=1;frontend=1;paymentservice=1;productcatalogservice=1;recommendationservice=1;redis-cart=1;shippingservice=1,markov,stageC,hda,HDA,275,275.000,replay,mixed,0.595205,0.113374,6,1.440440,0.000000,0.451054,1.697013,,,0.000000,0.011240,0.011240,6,6,0,55.738443,55.738443,55.738443,55.738443,120.000000,0.000000,119.947368,0.464691,0.000000,20,,,,,,,,,
online-boutique,online-boutique-longmix-stageC-scale20-replica1-markov-steps500-20260612T140717Z,idyn-ob-scale20-replica1,scale20,replica1,adservice=1;cartservice=1;checkoutservice=1;currencyservice=1;emailservice=1;frontend=1;paymentservice=1;productcatalogservice=1;recommendationservice=1;redis-cart=1;shippingservice=1,markov,stageC,kubernetes-default,K8s default,276,276.000,replay,mixed,0.663039,0.142260,7,1.440440,0.000000,0.467762,1.918165,,,0.000000,0.008766,0.008766,7,7,0,73.657294,73.657294,73.657294,73.657294,120.000000,0.000000,119.947368,0.614080,0.000000,20,,,,,,,,,
online-boutique,online-boutique-longmix-stageC-scale20-replica1-markov-steps500-20260612T140717Z,idyn-ob-scale20-replica1,scale20,replica1,adservice=1;cartservice=1;checkoutservice=1;currencyservice=1;emailservice=1;frontend=1;paymentservice=1;productcatalogservice=1;recommendationservice=1;redis-cart=1;shippingservice=1,markov,stageC,cga,CGA,276,276.000,replay,mixed,0.663039,0.142260,7,1.440440,0.000000,0.467762,1.918165,,,0.000000,0.008766,0.008766,7,7,0,66.553929,66.553929,66.553929,66.553929,120.000000,0.000000,119.947368,0.554859,0.000000,20,,,,,,,,,
online-boutique,online-boutique-longmix-stageC-scale20-replica1-markov-steps500-20260612T140717Z,idyn-ob-scale20-replica1,scale20,replica1,adservice=1;cartservice=1;checkoutservice=1;currencyservice=1;emailservice=1;frontend=1;paymentservice=1;productcatalogservice=1;recommendationservice=1;redis-cart=1;shippingservice=1,markov,stageC,hda,HDA,276,276.000,replay,mixed,0.663039,0.142260,7,1.440440,0.000000,0.467762,1.918165,,,0.000000,0.008766,0.008766,7,7,0,62.458927,62.458927,62.458927,62.458927,120.000000,0.000000,119.947368,0.520719,0.000000,20,,,,,,,,,
online-boutique,online-boutique-longmix-stageC-scale20-replica1-markov-steps500-20260612T140717Z,idyn-ob-scale20-replica1,scale20,replica1,adservice=1;cartservice=1;checkoutservice=1;currencyservice=1;emailservice=1;frontend=1;paymentservice=1;productcatalogservice=1;recommendationservice=1;redis-cart=1;shippingservice=1,markov,stageC,kubernetes-default,K8s default,277,277.000,replay,mixed,0.607368,0.124731,6,1.440440,0.000000,0.451054,1.697013,,,0.000000,0.008577,0.008577,6,6,0,71.527012,71.527012,71.527012,71.527012,120.000000,0.000000,119.947368,0.596320,0.000000,20,,,,,,,,,
online-boutique,online-boutique-longmix-stageC-scale20-replica1-markov-steps500-20260612T140717Z,idyn-ob-scale20-replica1,scale20,replica1,adservice=1;cartservice=1;checkoutservice=1;currencyservice=1;emailservice=1;frontend=1;paymentservice=1;productcatalogservice=1;recommendationservice=1;redis-cart=1;shippingservice=1,markov,stageC,cga,CGA,277,277.000,replay,mixed,0.607368,0.124731,6,1.440440,0.000000,0.451054,1.697013,,,0.000000,0.008577,0.008577,6,6,0,62.715661,62.715661,62.715661,62.715661,120.000000,0.000000,119.947368,0.522860,0.000000,20,,,,,,,,,
online-boutique,online-boutique-longmix-stageC-scale20-replica1-markov-steps500-20260612T140717Z,idyn-ob-scale20-replica1,scale20,replica1,adservice=1;cartservice=1;checkoutservice=1;currencyservice=1;emailservice=1;frontend=1;paymentservice=1;productcatalogservice=1;recommendationservice=1;redis-cart=1;shippingservice=1,markov,stageC,hda,HDA,277,277.000,replay,mixed,0.607368,0.124731,6,1.440440,0.000000,0.451054,1.697013,,,0.000000,0.008577,0.008577,6,6,0,62.121727,62.121727,62.121727,62.121727,120.000000,0.000000,119.947368,0.517908,0.000000,20,,,,,,,,,
online-boutique,online-boutique-longmix-stageC-scale20-replica1-markov-steps500-20260612T140717Z,idyn-ob-scale20-replica1,scale20,replica1,adservice=1;cartservice=1;checkoutservice=1;currencyservice=1;emailservice=1;frontend=1;paymentservice=1;productcatalogservice=1;recommendationservice=1;redis-cart=1;shippingservice=1,markov,stageC,kubernetes-default,K8s default,278,278.000,replay,mixed,0.599158,0.013519,6,1.440440,0.000000,0.451054,1.697013,,,0.000000,0.015288,0.015288,6,6,0,61.496381,61.496381,61.496381,61.496381,120.000000,0.000000,119.947368,0.512695,0.000000,20,,,,,,,,,
online-boutique,online-boutique-longmix-stageC-scale20-replica1-markov-steps500-20260612T140717Z,idyn-ob-scale20-replica1,scale20,replica1,adservice=1;cartservice=1;checkoutservice=1;currencyservice=1;emailservice=1;frontend=1;paymentservice=1;productcatalogservice=1;recommendationservice=1;redis-cart=1;shippingservice=1,markov,stageC,cga,CGA,278,278.000,replay,mixed,0.599158,0.013519,6,1.440440,0.000000,0.451054,1.697013,,,0.000000,0.015288,0.015288,6,6,0,53.279095,53.279095,53.279095,53.279095,120.000000,0.000000,119.947368,0.444187,0.000000,20,,,,,,,,,
online-boutique,online-boutique-longmix-stageC-scale20-replica1-markov-steps500-20260612T140717Z,idyn-ob-scale20-replica1,scale20,replica1,adservice=1;cartservice=1;checkoutservice=1;currencyservice=1;emailservice=1;frontend=1;paymentservice=1;productcatalogservice=1;recommendationservice=1;redis-cart=1;shippingservice=1,markov,stageC,hda,HDA,278,278.000,replay,mixed,0.599158,0.013519,6,1.440440,0.000000,0.451054,1.697013,,,0.000000,0.015288,0.015288,6,6,0,54.951296,54.951296,54.951296,54.951296,120.000000,0.000000,119.947368,0.458128,0.000000,20,,,,,,,,,
online-boutique,online-boutique-longmix-stageC-scale20-replica1-markov-steps500-20260612T140717Z,idyn-ob-scale20-replica1,scale20,replica1,adservice=1;cartservice=1;checkoutservice=1;currencyservice=1;emailservice=1;frontend=1;paymentservice=1;productcatalogservice=1;recommendationservice=1;redis-cart=1;shippingservice=1,markov,stageC,kubernetes-default,K8s default,279,279.000,replay,mixed,0.650738,0.120242,7,1.440440,0.000000,0.467762,1.918165,,,0.000000,0.008776,0.008776,7,7,0,64.168576,64.168576,64.168576,64.168576,120.000000,0.000000,119.947368,0.534973,0.000000,20,,,,,,,,,
online-boutique,online-boutique-longmix-stageC-scale20-replica1-markov-steps500-20260612T140717Z,idyn-ob-scale20-replica1,scale20,replica1,adservice=1;cartservice=1;checkoutservice=1;currencyservice=1;emailservice=1;frontend=1;paymentservice=1;productcatalogservice=1;recommendationservice=1;redis-cart=1;shippingservice=1,markov,stageC,cga,CGA,279,279.000,replay,mixed,0.650738,0.120242,7,1.440440,0.000000,0.467762,1.918165,,,0.000000,0.008776,0.008776,7,7,0,66.678197,66.678197,66.678197,66.678197,120.000000,0.000000,119.947368,0.555895,0.000000,20,,,,,,,,,
online-boutique,online-boutique-longmix-stageC-scale20-replica1-markov-steps500-20260612T140717Z,idyn-ob-scale20-replica1,scale20,replica1,adservice=1;cartservice=1;checkoutservice=1;currencyservice=1;emailservice=1;frontend=1;paymentservice=1;productcatalogservice=1;recommendationservice=1;redis-cart=1;shippingservice=1,markov,stageC,hda,HDA,279,279.000,replay,mixed,0.650738,0.120242,7,1.440440,0.000000,0.467762,1.918165,,,0.000000,0.008776,0.008776,7,7,0,62.066456,62.066456,62.066456,62.066456,120.000000,0.000000,119.947368,0.517447,0.000000,20,,,,,,,,,
online-boutique,online-boutique-longmix-stageC-scale20-replica1-markov-steps500-20260612T140717Z,idyn-ob-scale20-replica1,scale20,replica1,adservice=1;cartservice=1;checkoutservice=1;currencyservice=1;emailservice=1;frontend=1;paymentservice=1;productcatalogservice=1;recommendationservice=1;redis-cart=1;shippingservice=1,markov,stageC,kubernetes-default,K8s default,280,280.000,replay,mixed,0.593481,0.128577,6,1.440440,0.000000,0.451054,1.697013,,,0.000000,0.008545,0.008545,6,6,0,64.650166,64.650166,64.650166,64.650166,120.000000,0.000000,119.947368,0.538988,0.000000,20,,,,,,,,,
online-boutique,online-boutique-longmix-stageC-scale20-replica1-markov-steps500-20260612T140717Z,idyn-ob-scale20-replica1,scale20,replica1,adservice=1;cartservice=1;checkoutservice=1;currencyservice=1;emailservice=1;frontend=1;paymentservice=1;productcatalogservice=1;recommendationservice=1;redis-cart=1;shippingservice=1,markov,stageC,cga,CGA,280,280.000,replay,mixed,0.593481,0.128577,6,1.440440,0.000000,0.451054,1.697013,,,0.000000,0.008545,0.008545,6,6,0,58.699456,58.699456,58.699456,58.699456,120.000000,0.000000,119.947368,0.489377,0.000000,20,,,,,,,,,
online-boutique,online-boutique-longmix-stageC-scale20-replica1-markov-steps500-20260612T140717Z,idyn-ob-scale20-replica1,scale20,replica1,adservice=1;cartservice=1;checkoutservice=1;currencyservice=1;emailservice=1;frontend=1;paymentservice=1;productcatalogservice=1;recommendationservice=1;redis-cart=1;shippingservice=1,markov,stageC,hda,HDA,280,280.000,replay,mixed,0.593481,0.128577,6,1.440440,0.000000,0.451054,1.697013,,,0.000000,0.008545,0.008545,6,6,0,54.354401,54.354401,54.354401,54.354401,120.000000,0.000000,119.947368,0.453152,0.000000,20,,,,,,,,,
online-boutique,online-boutique-longmix-stageC-scale20-replica1-markov-steps500-20260612T140717Z,idyn-ob-scale20-replica1,scale20,replica1,adservice=1;cartservice=1;checkoutservice=1;currencyservice=1;emailservice=1;frontend=1;paymentservice=1;productcatalogservice=1;recommendationservice=1;redis-cart=1;shippingservice=1,markov,stageC,kubernetes-default,K8s default,281,281.000,replay,mixed,0.663331,0.145121,7,1.440440,0.000000,0.467762,1.918165,,,0.000000,0.009768,0.009768,7,7,0,71.760252,71.760252,71.760252,71.760252,120.000000,0.000000,119.947368,0.598264,0.000000,20,,,,,,,,,
online-boutique,online-boutique-longmix-stageC-scale20-replica1-markov-steps500-20260612T140717Z,idyn-ob-scale20-replica1,scale20,replica1,adservice=1;cartservice=1;checkoutservice=1;currencyservice=1;emailservice=1;frontend=1;paymentservice=1;productcatalogservice=1;recommendationservice=1;redis-cart=1;shippingservice=1,markov,stageC,cga,CGA,281,281.000,replay,mixed,0.663331,0.145121,7,1.440440,0.000000,0.467762,1.918165,,,0.000000,0.009768,0.009768,7,7,0,66.147736,66.147736,66.147736,66.147736,120.000000,0.000000,119.947368,0.551473,0.000000,20,,,,,,,,,
online-boutique,online-boutique-longmix-stageC-scale20-replica1-markov-steps500-20260612T140717Z,idyn-ob-scale20-replica1,scale20,replica1,adservice=1;cartservice=1;checkoutservice=1;currencyservice=1;emailservice=1;frontend=1;paymentservice=1;productcatalogservice=1;recommendationservice=1;redis-cart=1;shippingservice=1,markov,stageC,hda,HDA,281,281.000,replay,mixed,0.663331,0.145121,7,1.440440,0.000000,0.467762,1.918165,,,0.000000,0.009768,0.009768,7,7,0,60.183989,60.183989,60.183989,60.183989,120.000000,0.000000,119.947368,0.501753,0.000000,20,,,,,,,,,
online-boutique,online-boutique-longmix-stageC-scale20-replica1-markov-steps500-20260612T140717Z,idyn-ob-scale20-replica1,scale20,replica1,adservice=1;cartservice=1;checkoutservice=1;currencyservice=1;emailservice=1;frontend=1;paymentservice=1;productcatalogservice=1;recommendationservice=1;redis-cart=1;shippingservice=1,markov,stageC,kubernetes-default,K8s default,282,282.000,replay,mixed,0.666196,0.004300,7,1.440440,0.000000,0.467762,1.918165,,,0.000000,0.008647,0.008647,7,7,0,56.660965,56.660965,56.660965,56.660965,120.000000,0.000000,119.947368,0.472382,0.000000,20,,,,,,,,,
online-boutique,online-boutique-longmix-stageC-scale20-replica1-markov-steps500-20260612T140717Z,idyn-ob-scale20-replica1,scale20,replica1,adservice=1;cartservice=1;checkoutservice=1;currencyservice=1;emailservice=1;frontend=1;paymentservice=1;productcatalogservice=1;recommendationservice=1;redis-cart=1;shippingservice=1,markov,stageC,cga,CGA,282,282.000,replay,mixed,0.666196,0.004300,7,1.440440,0.000000,0.467762,1.918165,,,0.000000,0.008647,0.008647,7,7,0,55.920763,55.920763,55.920763,55.920763,120.000000,0.000000,119.947368,0.466211,0.000000,20,,,,,,,,,
online-boutique,online-boutique-longmix-stageC-scale20-replica1-markov-steps500-20260612T140717Z,idyn-ob-scale20-replica1,scale20,replica1,adservice=1;cartservice=1;checkoutservice=1;currencyservice=1;emailservice=1;frontend=1;paymentservice=1;productcatalogservice=1;recommendationservice=1;redis-cart=1;shippingservice=1,markov,stageC,hda,HDA,282,282.000,replay,mixed,0.666196,0.004300,7,1.440440,0.000000,0.467762,1.918165,,,0.000000,0.008647,0.008647,7,7,0,56.124596,56.124596,56.124596,56.124596,120.000000,0.000000,119.947368,0.467910,0.000000,20,,,,,,,,,
online-boutique,online-boutique-longmix-stageC-scale20-replica1-markov-steps500-20260612T140717Z,idyn-ob-scale20-replica1,scale20,replica1,adservice=1;cartservice=1;checkoutservice=1;currencyservice=1;emailservice=1;frontend=1;paymentservice=1;productcatalogservice=1;recommendationservice=1;redis-cart=1;shippingservice=1,markov,stageC,kubernetes-default,K8s default,283,283.000,replay,mixed,0.632431,0.050684,7,1.440440,0.000000,0.467762,1.918165,,,0.000000,0.021199,0.021199,7,7,0,64.452220,64.452220,64.452220,64.452220,120.000000,0.000000,119.947368,0.537338,0.000000,20,,,,,,,,,
online-boutique,online-boutique-longmix-stageC-scale20-replica1-markov-steps500-20260612T140717Z,idyn-ob-scale20-replica1,scale20,replica1,adservice=1;cartservice=1;checkoutservice=1;currencyservice=1;emailservice=1;frontend=1;paymentservice=1;productcatalogservice=1;recommendationservice=1;redis-cart=1;shippingservice=1,markov,stageC,cga,CGA,283,283.000,replay,mixed,0.632431,0.050684,7,1.440440,0.000000,0.467762,1.918165,,,0.000000,0.021199,0.021199,7,7,0,58.198959,58.198959,58.198959,58.198959,120.000000,0.000000,119.947368,0.485204,0.000000,20,,,,,,,,,
online-boutique,online-boutique-longmix-stageC-scale20-replica1-markov-steps500-20260612T140717Z,idyn-ob-scale20-replica1,scale20,replica1,adservice=1;cartservice=1;checkoutservice=1;currencyservice=1;emailservice=1;frontend=1;paymentservice=1;productcatalogservice=1;recommendationservice=1;redis-cart=1;shippingservice=1,markov,stageC,hda,HDA,283,283.000,replay,mixed,0.632431,0.050684,7,1.440440,0.000000,0.467762,1.918165,,,0.000000,0.021199,0.021199,7,7,0,57.328034,57.328034,57.328034,57.328034,120.000000,0.000000,119.947368,0.477943,0.000000,20,,,,,,,,,
online-boutique,online-boutique-longmix-stageC-scale20-replica1-markov-steps500-20260612T140717Z,idyn-ob-scale20-replica1,scale20,replica1,adservice=1;cartservice=1;checkoutservice=1;currencyservice=1;emailservice=1;frontend=1;paymentservice=1;productcatalogservice=1;recommendationservice=1;redis-cart=1;shippingservice=1,markov,stageC,kubernetes-default,K8s default,284,284.000,replay,mixed,0.615034,0.027507,7,1.440440,0.000000,0.467762,1.918165,,,0.000000,0.011561,0.011561,7,7,0,62.223587,62.223587,62.223587,62.223587,120.000000,0.000000,119.947368,0.518757,0.000000,20,,,,,,,,,
online-boutique,online-boutique-longmix-stageC-scale20-replica1-markov-steps500-20260612T140717Z,idyn-ob-scale20-replica1,scale20,replica1,adservice=1;cartservice=1;checkoutservice=1;currencyservice=1;emailservice=1;frontend=1;paymentservice=1;productcatalogservice=1;recommendationservice=1;redis-cart=1;shippingservice=1,markov,stageC,cga,CGA,284,284.000,replay,mixed,0.615034,0.027507,7,1.440440,0.000000,0.467762,1.918165,,,0.000000,0.011561,0.011561,7,7,0,56.648713,56.648713,56.648713,56.648713,120.000000,0.000000,119.947368,0.472280,0.000000,20,,,,,,,,,
online-boutique,online-boutique-longmix-stageC-scale20-replica1-markov-steps500-20260612T140717Z,idyn-ob-scale20-replica1,scale20,replica1,adservice=1;cartservice=1;checkoutservice=1;currencyservice=1;emailservice=1;frontend=1;paymentservice=1;productcatalogservice=1;recommendationservice=1;redis-cart=1;shippingservice=1,markov,stageC,hda,HDA,284,284.000,replay,mixed,0.615034,0.027507,7,1.440440,0.000000,0.467762,1.918165,,,0.000000,0.011561,0.011561,7,7,0,53.867267,53.867267,53.867267,53.867267,120.000000,0.000000,119.947368,0.449091,0.000000,20,,,,,,,,,
online-boutique,online-boutique-longmix-stageC-scale20-replica1-markov-steps500-20260612T140717Z,idyn-ob-scale20-replica1,scale20,replica1,adservice=1;cartservice=1;checkoutservice=1;currencyservice=1;emailservice=1;frontend=1;paymentservice=1;productcatalogservice=1;recommendationservice=1;redis-cart=1;shippingservice=1,markov,stageC,kubernetes-default,K8s default,285,285.000,replay,mixed,0.622636,0.012209,7,1.440440,0.000000,0.467762,1.918165,,,0.000000,0.012714,0.012714,7,7,0,60.959903,60.959903,60.959903,60.959903,120.000000,0.000000,119.947368,0.508222,0.000000,20,,,,,,,,,
online-boutique,online-boutique-longmix-stageC-scale20-replica1-markov-steps500-20260612T140717Z,idyn-ob-scale20-replica1,scale20,replica1,adservice=1;cartservice=1;checkoutservice=1;currencyservice=1;emailservice=1;frontend=1;paymentservice=1;productcatalogservice=1;recommendationservice=1;redis-cart=1;shippingservice=1,markov,stageC,cga,CGA,285,285.000,replay,mixed,0.622636,0.012209,7,1.440440,0.000000,0.467762,1.918165,,,0.000000,0.012714,0.012714,7,7,0,59.477124,59.477124,59.477124,59.477124,120.000000,0.000000,119.947368,0.495860,0.000000,20,,,,,,,,,
online-boutique,online-boutique-longmix-stageC-scale20-replica1-markov-steps500-20260612T140717Z,idyn-ob-scale20-replica1,scale20,replica1,adservice=1;cartservice=1;checkoutservice=1;currencyservice=1;emailservice=1;frontend=1;paymentservice=1;productcatalogservice=1;recommendationservice=1;redis-cart=1;shippingservice=1,markov,stageC,hda,HDA,285,285.000,replay,mixed,0.622636,0.012209,7,1.440440,0.000000,0.467762,1.918165,,,0.000000,0.012714,0.012714,7,7,0,59.793370,59.793370,59.793370,59.793370,120.000000,0.000000,119.947368,0.498497,0.000000,20,,,,,,,,,
online-boutique,online-boutique-longmix-stageC-scale20-replica1-markov-steps500-20260612T140717Z,idyn-ob-scale20-replica1,scale20,replica1,adservice=1;cartservice=1;checkoutservice=1;currencyservice=1;emailservice=1;frontend=1;paymentservice=1;productcatalogservice=1;recommendationservice=1;redis-cart=1;shippingservice=1,markov,stageC,kubernetes-default,K8s default,286,286.000,replay,mixed,0.662650,0.060384,7,1.440440,0.000000,0.467762,1.918165,,,0.000000,0.009417,0.009417,7,7,0,63.449160,63.449160,63.449160,63.449160,120.000000,0.000000,119.947368,0.528975,0.000000,20,,,,,,,,,
online-boutique,online-boutique-longmix-stageC-scale20-replica1-markov-steps500-20260612T140717Z,idyn-ob-scale20-replica1,scale20,replica1,adservice=1;cartservice=1;checkoutservice=1;currencyservice=1;emailservice=1;frontend=1;paymentservice=1;productcatalogservice=1;recommendationservice=1;redis-cart=1;shippingservice=1,markov,stageC,cga,CGA,286,286.000,replay,mixed,0.662650,0.060384,7,1.440440,0.000000,0.467762,1.918165,,,0.000000,0.009417,0.009417,7,7,0,60.783951,60.783951,60.783951,60.783951,120.000000,0.000000,119.947368,0.506755,0.000000,20,,,,,,,,,
online-boutique,online-boutique-longmix-stageC-scale20-replica1-markov-steps500-20260612T140717Z,idyn-ob-scale20-replica1,scale20,replica1,adservice=1;cartservice=1;checkoutservice=1;currencyservice=1;emailservice=1;frontend=1;paymentservice=1;productcatalogservice=1;recommendationservice=1;redis-cart=1;shippingservice=1,markov,stageC,hda,HDA,286,286.000,replay,mixed,0.662650,0.060384,7,1.440440,0.000000,0.467762,1.918165,,,0.000000,0.009417,0.009417,7,7,0,54.030548,54.030548,54.030548,54.030548,120.000000,0.000000,119.947368,0.450452,0.000000,20,,,,,,,,,
online-boutique,online-boutique-longmix-stageC-scale20-replica1-markov-steps500-20260612T140717Z,idyn-ob-scale20-replica1,scale20,replica1,adservice=1;cartservice=1;checkoutservice=1;currencyservice=1;emailservice=1;frontend=1;paymentservice=1;productcatalogservice=1;recommendationservice=1;redis-cart=1;shippingservice=1,markov,stageC,kubernetes-default,K8s default,287,287.000,replay,mixed,0.664133,0.002233,7,1.440440,0.000000,0.467762,1.918165,,,0.000000,0.009298,0.009298,7,7,0,63.237791,63.237791,63.237791,63.237791,120.000000,0.000000,119.947368,0.527213,0.000000,20,,,,,,,,,
online-boutique,online-boutique-longmix-stageC-scale20-replica1-markov-steps500-20260612T140717Z,idyn-ob-scale20-replica1,scale20,replica1,adservice=1;cartservice=1;checkoutservice=1;currencyservice=1;emailservice=1;frontend=1;paymentservice=1;productcatalogservice=1;recommendationservice=1;redis-cart=1;shippingservice=1,markov,stageC,cga,CGA,287,287.000,replay,mixed,0.664133,0.002233,7,1.440440,0.000000,0.467762,1.918165,,,0.000000,0.009298,0.009298,7,7,0,59.355962,59.355962,59.355962,59.355962,120.000000,0.000000,119.947368,0.494850,0.000000,20,,,,,,,,,
online-boutique,online-boutique-longmix-stageC-scale20-replica1-markov-steps500-20260612T140717Z,idyn-ob-scale20-replica1,scale20,replica1,adservice=1;cartservice=1;checkoutservice=1;currencyservice=1;emailservice=1;frontend=1;paymentservice=1;productcatalogservice=1;recommendationservice=1;redis-cart=1;shippingservice=1,markov,stageC,hda,HDA,287,287.000,replay,mixed,0.664133,0.002233,7,1.440440,0.000000,0.467762,1.918165,,,0.000000,0.009298,0.009298,7,7,0,55.739428,55.739428,55.739428,55.739428,120.000000,0.000000,119.947368,0.464699,0.000000,20,,,,,,,,,
online-boutique,online-boutique-longmix-stageC-scale20-replica1-markov-steps500-20260612T140717Z,idyn-ob-scale20-replica1,scale20,replica1,adservice=1;cartservice=1;checkoutservice=1;currencyservice=1;emailservice=1;frontend=1;paymentservice=1;productcatalogservice=1;recommendationservice=1;redis-cart=1;shippingservice=1,markov,stageC,kubernetes-default,K8s default,288,288.000,replay,mixed,0.643957,0.579912,7,1.368091,0.800000,0.411186,0.478705,,,0.000000,0.008386,0.008386,7,7,0,97.175970,97.175970,97.175970,97.175970,120.000000,0.000000,132.947368,0.730936,0.000000,20,,,,,,,,,
online-boutique,online-boutique-longmix-stageC-scale20-replica1-markov-steps500-20260612T140717Z,idyn-ob-scale20-replica1,scale20,replica1,adservice=1;cartservice=1;checkoutservice=1;currencyservice=1;emailservice=1;frontend=1;paymentservice=1;productcatalogservice=1;recommendationservice=1;redis-cart=1;shippingservice=1,markov,stageC,cga,CGA,288,288.000,replay,mixed,0.643957,0.579912,7,1.368091,0.800000,0.411186,0.478705,,,0.000000,0.008386,0.008386,7,7,0,94.149804,94.149804,94.149804,94.149804,120.000000,0.000000,132.947368,0.708174,0.000000,20,,,,,,,,,
online-boutique,online-boutique-longmix-stageC-scale20-replica1-markov-steps500-20260612T140717Z,idyn-ob-scale20-replica1,scale20,replica1,adservice=1;cartservice=1;checkoutservice=1;currencyservice=1;emailservice=1;frontend=1;paymentservice=1;productcatalogservice=1;recommendationservice=1;redis-cart=1;shippingservice=1,markov,stageC,hda,HDA,288,288.000,replay,mixed,0.643957,0.579912,7,1.368091,0.800000,0.411186,0.478705,,,0.000000,0.008386,0.008386,7,7,0,81.544050,81.544050,81.544050,81.544050,120.000000,0.000000,132.947368,0.613356,0.000000,20,,,,,,,,,
online-boutique,online-boutique-longmix-stageC-scale20-replica1-markov-steps500-20260612T140717Z,idyn-ob-scale20-replica1,scale20,replica1,adservice=1;cartservice=1;checkoutservice=1;currencyservice=1;emailservice=1;frontend=1;paymentservice=1;productcatalogservice=1;recommendationservice=1;redis-cart=1;shippingservice=1,markov,stageC,kubernetes-default,K8s default,289,289.000,replay,mixed,0.637178,0.010527,7,1.368091,0.000000,0.411186,0.478705,,,0.000000,0.008235,0.008235,7,7,0,70.229730,70.229730,70.229730,70.229730,120.000000,0.000000,132.947368,0.528252,0.000000,20,,,,,,,,,
online-boutique,online-boutique-longmix-stageC-scale20-replica1-markov-steps500-20260612T140717Z,idyn-ob-scale20-replica1,scale20,replica1,adservice=1;cartservice=1;checkoutservice=1;currencyservice=1;emailservice=1;frontend=1;paymentservice=1;productcatalogservice=1;recommendationservice=1;redis-cart=1;shippingservice=1,markov,stageC,cga,CGA,289,289.000,replay,mixed,0.637178,0.010527,7,1.368091,0.000000,0.411186,0.478705,,,0.000000,0.008235,0.008235,7,7,0,70.760255,70.760255,70.760255,70.760255,120.000000,0.000000,132.947368,0.532243,0.000000,20,,,,,,,,,
online-boutique,online-boutique-longmix-stageC-scale20-replica1-markov-steps500-20260612T140717Z,idyn-ob-scale20-replica1,scale20,replica1,adservice=1;cartservice=1;checkoutservice=1;currencyservice=1;emailservice=1;frontend=1;paymentservice=1;productcatalogservice=1;recommendationservice=1;redis-cart=1;shippingservice=1,markov,stageC,hda,HDA,289,289.000,replay,mixed,0.637178,0.010527,7,1.368091,0.000000,0.411186,0.478705,,,0.000000,0.008235,0.008235,7,7,0,63.646312,63.646312,63.646312,63.646312,120.000000,0.000000,132.947368,0.478733,0.000000,20,,,,,,,,,
online-boutique,online-boutique-longmix-stageC-scale20-replica1-markov-steps500-20260612T140717Z,idyn-ob-scale20-replica1,scale20,replica1,adservice=1;cartservice=1;checkoutservice=1;currencyservice=1;emailservice=1;frontend=1;paymentservice=1;productcatalogservice=1;recommendationservice=1;redis-cart=1;shippingservice=1,markov,stageC,kubernetes-default,K8s default,290,290.000,replay,mixed,0.629292,0.012377,7,1.368091,0.000000,0.411186,0.478705,,,0.000000,0.008937,0.008937,7,7,0,73.306212,73.306212,73.306212,73.306212,120.000000,0.000000,132.947368,0.551393,0.000000,20,,,,,,,,,
online-boutique,online-boutique-longmix-stageC-scale20-replica1-markov-steps500-20260612T140717Z,idyn-ob-scale20-replica1,scale20,replica1,adservice=1;cartservice=1;checkoutservice=1;currencyservice=1;emailservice=1;frontend=1;paymentservice=1;productcatalogservice=1;recommendationservice=1;redis-cart=1;shippingservice=1,markov,stageC,cga,CGA,290,290.000,replay,mixed,0.629292,0.012377,7,1.368091,0.000000,0.411186,0.478705,,,0.000000,0.008937,0.008937,7,7,0,64.674116,64.674116,64.674116,64.674116,120.000000,0.000000,132.947368,0.486464,0.000000,20,,,,,,,,,
online-boutique,online-boutique-longmix-stageC-scale20-replica1-markov-steps500-20260612T140717Z,idyn-ob-scale20-replica1,scale20,replica1,adservice=1;cartservice=1;checkoutservice=1;currencyservice=1;emailservice=1;frontend=1;paymentservice=1;productcatalogservice=1;recommendationservice=1;redis-cart=1;shippingservice=1,markov,stageC,hda,HDA,290,290.000,replay,mixed,0.629292,0.012377,7,1.368091,0.000000,0.411186,0.478705,,,0.000000,0.008937,0.008937,7,7,0,59.805484,59.805484,59.805484,59.805484,120.000000,0.000000,132.947368,0.449843,0.000000,20,,,,,,,,,
online-boutique,online-boutique-longmix-stageC-scale20-replica1-markov-steps500-20260612T140717Z,idyn-ob-scale20-replica1,scale20,replica1,adservice=1;cartservice=1;checkoutservice=1;currencyservice=1;emailservice=1;frontend=1;paymentservice=1;productcatalogservice=1;recommendationservice=1;redis-cart=1;shippingservice=1,markov,stageC,kubernetes-default,K8s default,291,291.000,replay,mixed,0.579142,0.105732,6,1.368091,0.000000,0.356136,0.271417,,,0.000000,0.009047,0.009047,6,6,0,70.597378,70.597378,70.597378,70.597378,120.000000,0.000000,132.947368,0.531017,0.000000,20,,,,,,,,,
online-boutique,online-boutique-longmix-stageC-scale20-replica1-markov-steps500-20260612T140717Z,idyn-ob-scale20-replica1,scale20,replica1,adservice=1;cartservice=1;checkoutservice=1;currencyservice=1;emailservice=1;frontend=1;paymentservice=1;productcatalogservice=1;recommendationservice=1;redis-cart=1;shippingservice=1,markov,stageC,cga,CGA,291,291.000,replay,mixed,0.579142,0.105732,6,1.368091,0.000000,0.356136,0.271417,,,0.000000,0.009047,0.009047,6,6,0,70.737546,70.737546,70.737546,70.737546,120.000000,0.000000,132.947368,0.532072,0.000000,20,,,,,,,,,
online-boutique,online-boutique-longmix-stageC-scale20-replica1-markov-steps500-20260612T140717Z,idyn-ob-scale20-replica1,scale20,replica1,adservice=1;cartservice=1;checkoutservice=1;currencyservice=1;emailservice=1;frontend=1;paymentservice=1;productcatalogservice=1;recommendationservice=1;redis-cart=1;shippingservice=1,markov,stageC,hda,HDA,291,291.000,replay,mixed,0.579142,0.105732,6,1.368091,0.000000,0.356136,0.271417,,,0.000000,0.009047,0.009047,6,6,0,69.599048,69.599048,69.599048,69.599048,120.000000,0.000000,132.947368,0.523508,0.000000,20,,,,,,,,,
online-boutique,online-boutique-longmix-stageC-scale20-replica1-markov-steps500-20260612T140717Z,idyn-ob-scale20-replica1,scale20,replica1,adservice=1;cartservice=1;checkoutservice=1;currencyservice=1;emailservice=1;frontend=1;paymentservice=1;productcatalogservice=1;recommendationservice=1;redis-cart=1;shippingservice=1,markov,stageC,kubernetes-default,K8s default,292,292.000,replay,mixed,0.584578,0.009300,6,1.368091,0.000000,0.356136,0.271417,,,0.000000,0.016932,0.016932,6,6,0,73.377079,73.377079,73.377079,73.377079,120.000000,0.000000,132.947368,0.551926,0.000000,20,,,,,,,,,
online-boutique,online-boutique-longmix-stageC-scale20-replica1-markov-steps500-20260612T140717Z,idyn-ob-scale20-replica1,scale20,replica1,adservice=1;cartservice=1;checkoutservice=1;currencyservice=1;emailservice=1;frontend=1;paymentservice=1;productcatalogservice=1;recommendationservice=1;redis-cart=1;shippingservice=1,markov,stageC,cga,CGA,292,292.000,replay,mixed,0.584578,0.009300,6,1.368091,0.000000,0.356136,0.271417,,,0.000000,0.016932,0.016932,6,6,0,64.013395,64.013395,64.013395,64.013395,120.000000,0.000000,132.947368,0.481494,0.000000,20,,,,,,,,,
online-boutique,online-boutique-longmix-stageC-scale20-replica1-markov-steps500-20260612T140717Z,idyn-ob-scale20-replica1,scale20,replica1,adservice=1;cartservice=1;checkoutservice=1;currencyservice=1;emailservice=1;frontend=1;paymentservice=1;productcatalogservice=1;recommendationservice=1;redis-cart=1;shippingservice=1,markov,stageC,hda,HDA,292,292.000,replay,mixed,0.584578,0.009300,6,1.368091,0.000000,0.356136,0.271417,,,0.000000,0.016932,0.016932,6,6,0,59.867962,59.867962,59.867962,59.867962,120.000000,0.000000,132.947368,0.450313,0.000000,20,,,,,,,,,
online-boutique,online-boutique-longmix-stageC-scale20-replica1-markov-steps500-20260612T140717Z,idyn-ob-scale20-replica1,scale20,replica1,adservice=1;cartservice=1;checkoutservice=1;currencyservice=1;emailservice=1;frontend=1;paymentservice=1;productcatalogservice=1;recommendationservice=1;redis-cart=1;shippingservice=1,markov,stageC,kubernetes-default,K8s default,293,293.000,replay,mixed,0.614360,0.075397,7,1.368091,0.000000,0.411186,0.478705,,,0.000000,0.011592,0.011592,7,7,0,75.838427,75.838427,75.838427,75.838427,120.000000,0.000000,132.947368,0.570439,0.000000,20,,,,,,,,,
online-boutique,online-boutique-longmix-stageC-scale20-replica1-markov-steps500-20260612T140717Z,idyn-ob-scale20-replica1,scale20,replica1,adservice=1;cartservice=1;checkoutservice=1;currencyservice=1;emailservice=1;frontend=1;paymentservice=1;productcatalogservice=1;recommendationservice=1;redis-cart=1;shippingservice=1,markov,stageC,cga,CGA,293,293.000,replay,mixed,0.614360,0.075397,7,1.368091,0.000000,0.411186,0.478705,,,0.000000,0.011592,0.011592,7,7,0,68.615192,68.615192,68.615192,68.615192,120.000000,0.000000,132.947368,0.516108,0.000000,20,,,,,,,,,
online-boutique,online-boutique-longmix-stageC-scale20-replica1-markov-steps500-20260612T140717Z,idyn-ob-scale20-replica1,scale20,replica1,adservice=1;cartservice=1;checkoutservice=1;currencyservice=1;emailservice=1;frontend=1;paymentservice=1;productcatalogservice=1;recommendationservice=1;redis-cart=1;shippingservice=1,markov,stageC,hda,HDA,293,293.000,replay,mixed,0.614360,0.075397,7,1.368091,0.000000,0.411186,0.478705,,,0.000000,0.011592,0.011592,7,7,0,65.672254,65.672254,65.672254,65.672254,120.000000,0.000000,132.947368,0.493972,0.000000,20,,,,,,,,,
online-boutique,online-boutique-longmix-stageC-scale20-replica1-markov-steps500-20260612T140717Z,idyn-ob-scale20-replica1,scale20,replica1,adservice=1;cartservice=1;checkoutservice=1;currencyservice=1;emailservice=1;frontend=1;paymentservice=1;productcatalogservice=1;recommendationservice=1;redis-cart=1;shippingservice=1,markov,stageC,kubernetes-default,K8s default,294,294.000,replay,mixed,0.627407,0.020795,7,1.368091,0.000000,0.411186,0.478705,,,0.000000,0.008787,0.008787,7,7,0,67.562001,67.562001,67.562001,67.562001,120.000000,0.000000,132.947368,0.508186,0.000000,20,,,,,,,,,
online-boutique,online-boutique-longmix-stageC-scale20-replica1-markov-steps500-20260612T140717Z,idyn-ob-scale20-replica1,scale20,replica1,adservice=1;cartservice=1;checkoutservice=1;currencyservice=1;emailservice=1;frontend=1;paymentservice=1;productcatalogservice=1;recommendationservice=1;redis-cart=1;shippingservice=1,markov,stageC,cga,CGA,294,294.000,replay,mixed,0.627407,0.020795,7,1.368091,0.000000,0.411186,0.478705,,,0.000000,0.008787,0.008787,7,7,0,66.059880,66.059880,66.059880,66.059880,120.000000,0.000000,132.947368,0.496887,0.000000,20,,,,,,,,,
online-boutique,online-boutique-longmix-stageC-scale20-replica1-markov-steps500-20260612T140717Z,idyn-ob-scale20-replica1,scale20,replica1,adservice=1;cartservice=1;checkoutservice=1;currencyservice=1;emailservice=1;frontend=1;paymentservice=1;productcatalogservice=1;recommendationservice=1;redis-cart=1;shippingservice=1,markov,stageC,hda,HDA,294,294.000,replay,mixed,0.627407,0.020795,7,1.368091,0.000000,0.411186,0.478705,,,0.000000,0.008787,0.008787,7,7,0,65.952259,65.952259,65.952259,65.952259,120.000000,0.000000,132.947368,0.496078,0.000000,20,,,,,,,,,
online-boutique,online-boutique-longmix-stageC-scale20-replica1-markov-steps500-20260612T140717Z,idyn-ob-scale20-replica1,scale20,replica1,adservice=1;cartservice=1;checkoutservice=1;currencyservice=1;emailservice=1;frontend=1;paymentservice=1;productcatalogservice=1;recommendationservice=1;redis-cart=1;shippingservice=1,markov,stageC,kubernetes-default,K8s default,295,295.000,replay,mixed,0.607406,0.059270,6,1.368091,0.000000,0.356136,0.271417,,,0.000000,0.008516,0.008516,6,6,0,71.408188,71.408188,71.408188,71.408188,120.000000,0.000000,132.947368,0.537116,0.000000,20,,,,,,,,,
online-boutique,online-boutique-longmix-stageC-scale20-replica1-markov-steps500-20260612T140717Z,idyn-ob-scale20-replica1,scale20,replica1,adservice=1;cartservice=1;checkoutservice=1;currencyservice=1;emailservice=1;frontend=1;paymentservice=1;productcatalogservice=1;recommendationservice=1;redis-cart=1;shippingservice=1,markov,stageC,cga,CGA,295,295.000,replay,mixed,0.607406,0.059270,6,1.368091,0.000000,0.356136,0.271417,,,0.000000,0.008516,0.008516,6,6,0,67.672378,67.672378,67.672378,67.672378,120.000000,0.000000,132.947368,0.509016,0.000000,20,,,,,,,,,
online-boutique,online-boutique-longmix-stageC-scale20-replica1-markov-steps500-20260612T140717Z,idyn-ob-scale20-replica1,scale20,replica1,adservice=1;cartservice=1;checkoutservice=1;currencyservice=1;emailservice=1;frontend=1;paymentservice=1;productcatalogservice=1;recommendationservice=1;redis-cart=1;shippingservice=1,markov,stageC,hda,HDA,295,295.000,replay,mixed,0.607406,0.059270,6,1.368091,0.000000,0.356136,0.271417,,,0.000000,0.008516,0.008516,6,6,0,63.004618,63.004618,63.004618,63.004618,120.000000,0.000000,132.947368,0.473906,0.000000,20,,,,,,,,,
online-boutique,online-boutique-longmix-stageC-scale20-replica1-markov-steps500-20260612T140717Z,idyn-ob-scale20-replica1,scale20,replica1,adservice=1;cartservice=1;checkoutservice=1;currencyservice=1;emailservice=1;frontend=1;paymentservice=1;productcatalogservice=1;recommendationservice=1;redis-cart=1;shippingservice=1,markov,stageC,kubernetes-default,K8s default,296,296.000,replay,mixed,0.656013,0.100292,7,1.368091,0.000000,0.411186,0.478705,,,0.000000,0.008527,0.008527,7,7,0,74.017900,74.017900,74.017900,74.017900,120.000000,0.000000,132.947368,0.556746,0.000000,20,,,,,,,,,
online-boutique,online-boutique-longmix-stageC-scale20-replica1-markov-steps500-20260612T140717Z,idyn-ob-scale20-replica1,scale20,replica1,adservice=1;cartservice=1;checkoutservice=1;currencyservice=1;emailservice=1;frontend=1;paymentservice=1;productcatalogservice=1;recommendationservice=1;redis-cart=1;shippingservice=1,markov,stageC,cga,CGA,296,296.000,replay,mixed,0.656013,0.100292,7,1.368091,0.000000,0.411186,0.478705,,,0.000000,0.008527,0.008527,7,7,0,68.897607,68.897607,68.897607,68.897607,120.000000,0.000000,132.947368,0.518232,0.000000,20,,,,,,,,,
online-boutique,online-boutique-longmix-stageC-scale20-replica1-markov-steps500-20260612T140717Z,idyn-ob-scale20-replica1,scale20,replica1,adservice=1;cartservice=1;checkoutservice=1;currencyservice=1;emailservice=1;frontend=1;paymentservice=1;productcatalogservice=1;recommendationservice=1;redis-cart=1;shippingservice=1,markov,stageC,hda,HDA,296,296.000,replay,mixed,0.656013,0.100292,7,1.368091,0.000000,0.411186,0.478705,,,0.000000,0.008527,0.008527,7,7,0,64.993553,64.993553,64.993553,64.993553,120.000000,0.000000,132.947368,0.488867,0.000000,20,,,,,,,,,
online-boutique,online-boutique-longmix-stageC-scale20-replica1-markov-steps500-20260612T140717Z,idyn-ob-scale20-replica1,scale20,replica1,adservice=1;cartservice=1;checkoutservice=1;currencyservice=1;emailservice=1;frontend=1;paymentservice=1;productcatalogservice=1;recommendationservice=1;redis-cart=1;shippingservice=1,markov,stageC,kubernetes-default,K8s default,297,297.000,replay,mixed,0.647669,0.012720,7,1.368091,0.000000,0.411186,0.478705,,,0.000000,0.009177,0.009177,7,7,0,72.207709,72.207709,72.207709,72.207709,120.000000,0.000000,132.947368,0.543130,0.000000,20,,,,,,,,,
online-boutique,online-boutique-longmix-stageC-scale20-replica1-markov-steps500-20260612T140717Z,idyn-ob-scale20-replica1,scale20,replica1,adservice=1;cartservice=1;checkoutservice=1;currencyservice=1;emailservice=1;frontend=1;paymentservice=1;productcatalogservice=1;recommendationservice=1;redis-cart=1;shippingservice=1,markov,stageC,cga,CGA,297,297.000,replay,mixed,0.647669,0.012720,7,1.368091,0.000000,0.411186,0.478705,,,0.000000,0.009177,0.009177,7,7,0,67.074056,67.074056,67.074056,67.074056,120.000000,0.000000,132.947368,0.504516,0.000000,20,,,,,,,,,
online-boutique,online-boutique-longmix-stageC-scale20-replica1-markov-steps500-20260612T140717Z,idyn-ob-scale20-replica1,scale20,replica1,adservice=1;cartservice=1;checkoutservice=1;currencyservice=1;emailservice=1;frontend=1;paymentservice=1;productcatalogservice=1;recommendationservice=1;redis-cart=1;shippingservice=1,markov,stageC,hda,HDA,297,297.000,replay,mixed,0.647669,0.012720,7,1.368091,0.000000,0.411186,0.478705,,,0.000000,0.009177,0.009177,7,7,0,63.444661,63.444661,63.444661,63.444661,120.000000,0.000000,132.947368,0.477216,0.000000,20,,,,,,,,,
online-boutique,online-boutique-longmix-stageC-scale20-replica1-markov-steps500-20260612T140717Z,idyn-ob-scale20-replica1,scale20,replica1,adservice=1;cartservice=1;checkoutservice=1;currencyservice=1;emailservice=1;frontend=1;paymentservice=1;productcatalogservice=1;recommendationservice=1;redis-cart=1;shippingservice=1,markov,stageC,kubernetes-default,K8s default,298,298.000,replay,mixed,0.602926,0.095421,6,1.368091,0.000000,0.356136,0.271417,,,0.000000,0.012112,0.012112,6,6,0,75.190224,75.190224,75.190224,75.190224,120.000000,0.000000,132.947368,0.565564,0.000000,20,,,,,,,,,
online-boutique,online-boutique-longmix-stageC-scale20-replica1-markov-steps500-20260612T140717Z,idyn-ob-scale20-replica1,scale20,replica1,adservice=1;cartservice=1;checkoutservice=1;currencyservice=1;emailservice=1;frontend=1;paymentservice=1;productcatalogservice=1;recommendationservice=1;redis-cart=1;shippingservice=1,markov,stageC,cga,CGA,298,298.000,replay,mixed,0.602926,0.095421,6,1.368091,0.000000,0.356136,0.271417,,,0.000000,0.012112,0.012112,6,6,0,67.150405,67.150405,67.150405,67.150405,120.000000,0.000000,132.947368,0.505090,0.000000,20,,,,,,,,,
online-boutique,online-boutique-longmix-stageC-scale20-replica1-markov-steps500-20260612T140717Z,idyn-ob-scale20-replica1,scale20,replica1,adservice=1;cartservice=1;checkoutservice=1;currencyservice=1;emailservice=1;frontend=1;paymentservice=1;productcatalogservice=1;recommendationservice=1;redis-cart=1;shippingservice=1,markov,stageC,hda,HDA,298,298.000,replay,mixed,0.602926,0.095421,6,1.368091,0.000000,0.356136,0.271417,,,0.000000,0.012112,0.012112,6,6,0,63.522877,63.522877,63.522877,63.522877,120.000000,0.000000,132.947368,0.477805,0.000000,20,,,,,,,,,
online-boutique,online-boutique-longmix-stageC-scale20-replica1-markov-steps500-20260612T140717Z,idyn-ob-scale20-replica1,scale20,replica1,adservice=1;cartservice=1;checkoutservice=1;currencyservice=1;emailservice=1;frontend=1;paymentservice=1;productcatalogservice=1;recommendationservice=1;redis-cart=1;shippingservice=1,markov,stageC,kubernetes-default,K8s default,299,299.000,replay,mixed,0.638439,0.264994,7,1.440440,0.500000,0.418771,0.479206,,,0.000000,0.008967,0.008967,7,7,0,92.741179,92.741179,92.741179,92.741179,120.000000,0.000000,145.947368,0.635443,0.000000,20,,,,,,,,,
online-boutique,online-boutique-longmix-stageC-scale20-replica1-markov-steps500-20260612T140717Z,idyn-ob-scale20-replica1,scale20,replica1,adservice=1;cartservice=1;checkoutservice=1;currencyservice=1;emailservice=1;frontend=1;paymentservice=1;productcatalogservice=1;recommendationservice=1;redis-cart=1;shippingservice=1,markov,stageC,cga,CGA,299,299.000,replay,mixed,0.638439,0.264994,7,1.440440,0.500000,0.418771,0.479206,,,0.000000,0.008967,0.008967,7,7,0,86.548954,86.548954,86.548954,86.548954,120.000000,0.000000,145.947368,0.593015,0.000000,20,,,,,,,,,
online-boutique,online-boutique-longmix-stageC-scale20-replica1-markov-steps500-20260612T140717Z,idyn-ob-scale20-replica1,scale20,replica1,adservice=1;cartservice=1;checkoutservice=1;currencyservice=1;emailservice=1;frontend=1;paymentservice=1;productcatalogservice=1;recommendationservice=1;redis-cart=1;shippingservice=1,markov,stageC,hda,HDA,299,299.000,replay,mixed,0.638439,0.264994,7,1.440440,0.500000,0.418771,0.479206,,,0.000000,0.008967,0.008967,7,7,0,76.455586,76.455586,76.455586,76.455586,120.000000,0.000000,145.947368,0.523857,0.000000,20,,,,,,,,,
online-boutique,online-boutique-longmix-stageC-scale20-replica1-markov-steps500-20260612T140717Z,idyn-ob-scale20-replica1,scale20,replica1,adservice=1;cartservice=1;checkoutservice=1;currencyservice=1;emailservice=1;frontend=1;paymentservice=1;productcatalogservice=1;recommendationservice=1;redis-cart=1;shippingservice=1,markov,stageC,kubernetes-default,K8s default,300,300.000,replay,mixed,0.607396,0.075909,6,1.440440,0.000000,0.365853,0.254571,,,0.000000,0.008466,0.008466,6,6,0,82.320826,82.320826,82.320826,82.320826,120.000000,0.000000,145.947368,0.564045,0.000000,20,,,,,,,,,
online-boutique,online-boutique-longmix-stageC-scale20-replica1-markov-steps500-20260612T140717Z,idyn-ob-scale20-replica1,scale20,replica1,adservice=1;cartservice=1;checkoutservice=1;currencyservice=1;emailservice=1;frontend=1;paymentservice=1;productcatalogservice=1;recommendationservice=1;redis-cart=1;shippingservice=1,markov,stageC,cga,CGA,300,300.000,replay,mixed,0.607396,0.075909,6,1.440440,0.000000,0.365853,0.254571,,,0.000000,0.008466,0.008466,6,6,0,75.722593,75.722593,75.722593,75.722593,120.000000,0.000000,145.947368,0.518835,0.000000,20,,,,,,,,,
online-boutique,online-boutique-longmix-stageC-scale20-replica1-markov-steps500-20260612T140717Z,idyn-ob-scale20-replica1,scale20,replica1,adservice=1;cartservice=1;checkoutservice=1;currencyservice=1;emailservice=1;frontend=1;paymentservice=1;productcatalogservice=1;recommendationservice=1;redis-cart=1;shippingservice=1,markov,stageC,hda,HDA,300,300.000,replay,mixed,0.607396,0.075909,6,1.440440,0.000000,0.365853,0.254571,,,0.000000,0.008466,0.008466,6,6,0,78.742903,78.742903,78.742903,78.742903,120.000000,0.000000,145.947368,0.539529,0.000000,20,,,,,,,,,
online-boutique,online-boutique-longmix-stageC-scale20-replica1-markov-steps500-20260612T140717Z,idyn-ob-scale20-replica1,scale20,replica1,adservice=1;cartservice=1;checkoutservice=1;currencyservice=1;emailservice=1;frontend=1;paymentservice=1;productcatalogservice=1;recommendationservice=1;redis-cart=1;shippingservice=1,markov,stageC,kubernetes-default,K8s default,301,301.000,replay,mixed,0.596729,0.017561,6,1.440440,0.000000,0.365853,0.254571,,,0.000000,0.011782,0.011782,6,6,0,78.260360,78.260360,78.260360,78.260360,120.000000,0.000000,145.947368,0.536223,0.000000,20,,,,,,,,,
online-boutique,online-boutique-longmix-stageC-scale20-replica1-markov-steps500-20260612T140717Z,idyn-ob-scale20-replica1,scale20,replica1,adservice=1;cartservice=1;checkoutservice=1;currencyservice=1;emailservice=1;frontend=1;paymentservice=1;productcatalogservice=1;recommendationservice=1;redis-cart=1;shippingservice=1,markov,stageC,cga,CGA,301,301.000,replay,mixed,0.596729,0.017561,6,1.440440,0.000000,0.365853,0.254571,,,0.000000,0.011782,0.011782,6,6,0,74.049407,74.049407,74.049407,74.049407,120.000000,0.000000,145.947368,0.507371,0.000000,20,,,,,,,,,
online-boutique,online-boutique-longmix-stageC-scale20-replica1-markov-steps500-20260612T140717Z,idyn-ob-scale20-replica1,scale20,replica1,adservice=1;cartservice=1;checkoutservice=1;currencyservice=1;emailservice=1;frontend=1;paymentservice=1;productcatalogservice=1;recommendationservice=1;redis-cart=1;shippingservice=1,markov,stageC,hda,HDA,301,301.000,replay,mixed,0.596729,0.017561,6,1.440440,0.000000,0.365853,0.254571,,,0.000000,0.011782,0.011782,6,6,0,68.052041,68.052041,68.052041,68.052041,120.000000,0.000000,145.947368,0.466278,0.000000,20,,,,,,,,,
online-boutique,online-boutique-longmix-stageC-scale20-replica1-markov-steps500-20260612T140717Z,idyn-ob-scale20-replica1,scale20,replica1,adservice=1;cartservice=1;checkoutservice=1;currencyservice=1;emailservice=1;frontend=1;paymentservice=1;productcatalogservice=1;recommendationservice=1;redis-cart=1;shippingservice=1,markov,stageC,kubernetes-default,K8s default,302,302.000,replay,mixed,0.569600,0.045463,6,1.440440,0.000000,0.365853,0.254571,,,0.000000,0.008506,0.008506,6,6,0,78.442258,78.442258,78.442258,78.442258,120.000000,0.000000,145.947368,0.537469,0.000000,20,,,,,,,,,
online-boutique,online-boutique-longmix-stageC-scale20-replica1-markov-steps500-20260612T140717Z,idyn-ob-scale20-replica1,scale20,replica1,adservice=1;cartservice=1;checkoutservice=1;currencyservice=1;emailservice=1;frontend=1;paymentservice=1;productcatalogservice=1;recommendationservice=1;redis-cart=1;shippingservice=1,markov,stageC,cga,CGA,302,302.000,replay,mixed,0.569600,0.045463,6,1.440440,0.000000,0.365853,0.254571,,,0.000000,0.008506,0.008506,6,6,0,72.061569,72.061569,72.061569,72.061569,120.000000,0.000000,145.947368,0.493750,0.000000,20,,,,,,,,,
online-boutique,online-boutique-longmix-stageC-scale20-replica1-markov-steps500-20260612T140717Z,idyn-ob-scale20-replica1,scale20,replica1,adservice=1;cartservice=1;checkoutservice=1;currencyservice=1;emailservice=1;frontend=1;paymentservice=1;productcatalogservice=1;recommendationservice=1;redis-cart=1;shippingservice=1,markov,stageC,hda,HDA,302,302.000,replay,mixed,0.569600,0.045463,6,1.440440,0.000000,0.365853,0.254571,,,0.000000,0.008506,0.008506,6,6,0,67.966699,67.966699,67.966699,67.966699,120.000000,0.000000,145.947368,0.465693,0.000000,20,,,,,,,,,
online-boutique,online-boutique-longmix-stageC-scale20-replica1-markov-steps500-20260612T140717Z,idyn-ob-scale20-replica1,scale20,replica1,adservice=1;cartservice=1;checkoutservice=1;currencyservice=1;emailservice=1;frontend=1;paymentservice=1;productcatalogservice=1;recommendationservice=1;redis-cart=1;shippingservice=1,markov,stageC,kubernetes-default,K8s default,303,303.000,replay,mixed,0.573794,0.007309,6,1.440440,0.000000,0.365853,0.254571,,,0.000000,0.008396,0.008396,6,6,0,77.879855,77.879855,77.879855,77.879855,120.000000,0.000000,145.947368,0.533616,0.000000,20,,,,,,,,,
online-boutique,online-boutique-longmix-stageC-scale20-replica1-markov-steps500-20260612T140717Z,idyn-ob-scale20-replica1,scale20,replica1,adservice=1;cartservice=1;checkoutservice=1;currencyservice=1;emailservice=1;frontend=1;paymentservice=1;productcatalogservice=1;recommendationservice=1;redis-cart=1;shippingservice=1,markov,stageC,cga,CGA,303,303.000,replay,mixed,0.573794,0.007309,6,1.440440,0.000000,0.365853,0.254571,,,0.000000,0.008396,0.008396,6,6,0,81.783320,81.783320,81.783320,81.783320,120.000000,0.000000,145.947368,0.560362,0.000000,20,,,,,,,,,
online-boutique,online-boutique-longmix-stageC-scale20-replica1-markov-steps500-20260612T140717Z,idyn-ob-scale20-replica1,scale20,replica1,adservice=1;cartservice=1;checkoutservice=1;currencyservice=1;emailservice=1;frontend=1;paymentservice=1;productcatalogservice=1;recommendationservice=1;redis-cart=1;shippingservice=1,markov,stageC,hda,HDA,303,303.000,replay,mixed,0.573794,0.007309,6,1.440440,0.000000,0.365853,0.254571,,,0.000000,0.008396,0.008396,6,6,0,67.251354,67.251354,67.251354,67.251354,120.000000,0.000000,145.947368,0.460792,0.000000,20,,,,,,,,,
online-boutique,online-boutique-longmix-stageC-scale20-replica1-markov-steps500-20260612T140717Z,idyn-ob-scale20-replica1,scale20,replica1,adservice=1;cartservice=1;checkoutservice=1;currencyservice=1;emailservice=1;frontend=1;paymentservice=1;productcatalogservice=1;recommendationservice=1;redis-cart=1;shippingservice=1,markov,stageC,kubernetes-default,K8s default,304,304.000,replay,mixed,0.579248,0.009415,6,1.440440,0.000000,0.365853,0.254571,,,0.000000,0.016732,0.016732,6,6,0,77.217571,77.217571,77.217571,77.217571,120.000000,0.000000,145.947368,0.529078,0.000000,20,,,,,,,,,
online-boutique,online-boutique-longmix-stageC-scale20-replica1-markov-steps500-20260612T140717Z,idyn-ob-scale20-replica1,scale20,replica1,adservice=1;cartservice=1;checkoutservice=1;currencyservice=1;emailservice=1;frontend=1;paymentservice=1;productcatalogservice=1;recommendationservice=1;redis-cart=1;shippingservice=1,markov,stageC,cga,CGA,304,304.000,replay,mixed,0.579248,0.009415,6,1.440440,0.000000,0.365853,0.254571,,,0.000000,0.016732,0.016732,6,6,0,72.060705,72.060705,72.060705,72.060705,120.000000,0.000000,145.947368,0.493744,0.000000,20,,,,,,,,,
online-boutique,online-boutique-longmix-stageC-scale20-replica1-markov-steps500-20260612T140717Z,idyn-ob-scale20-replica1,scale20,replica1,adservice=1;cartservice=1;checkoutservice=1;currencyservice=1;emailservice=1;frontend=1;paymentservice=1;productcatalogservice=1;recommendationservice=1;redis-cart=1;shippingservice=1,markov,stageC,hda,HDA,304,304.000,replay,mixed,0.579248,0.009415,6,1.440440,0.000000,0.365853,0.254571,,,0.000000,0.016732,0.016732,6,6,0,67.101898,67.101898,67.101898,67.101898,120.000000,0.000000,145.947368,0.459768,0.000000,20,,,,,,,,,
online-boutique,online-boutique-longmix-stageC-scale20-replica1-markov-steps500-20260612T140717Z,idyn-ob-scale20-replica1,scale20,replica1,adservice=1;cartservice=1;checkoutservice=1;currencyservice=1;emailservice=1;frontend=1;paymentservice=1;productcatalogservice=1;recommendationservice=1;redis-cart=1;shippingservice=1,markov,stageC,kubernetes-default,K8s default,305,305.000,replay,mixed,0.614610,0.084566,7,1.440440,0.000000,0.418771,0.479206,,,0.000000,0.026630,0.026630,7,7,0,82.372209,82.372209,82.372209,82.372209,120.000000,0.000000,145.947368,0.564397,0.000000,20,,,,,,,,,
online-boutique,online-boutique-longmix-stageC-scale20-replica1-markov-steps500-20260612T140717Z,idyn-ob-scale20-replica1,scale20,replica1,adservice=1;cartservice=1;