time_s,src,dst,latency_ms,bandwidth_mbps
0.0,0,1,8.002170215649873,649.773642013963
0.0,0,2,8.07425603219523,644.2587552626135
0.0,0,3,7.990725876750558,650.1837119000169
0.0,0,4,7.986204899596468,650.1293269502933
0.0,0,5,8.170187882680429,637.632005853548
0.0,0,6,8.059257123814852,644.5867417695695
0.0,0,7,8.046052977577816,645.0107138127681
0.0,0,8,8.258742288214616,632.1789341952075
0.0,0,9,8.317072254176088,628.8706067704171
0.0,0,10,8.235189066461041,633.3006721007127
0.0,0,11,15.717763316572192,563.3087644005964
0.0,0,12,8.298207457248028,629.6696323261752
0.0,0,13,8.222376210860036,633.1478061039447
0.0,0,14,8.505145915051871,619.562588454917
0.0,0,15,8.536719272889645,618.184159257242
0.0,0,16,8.510369298117693,619.3796970572464
0.0,0,17,8.49785528023803,619.8668004349793
0.0,0,18,8.578794099527974,616.4536129407518
0.0,0,19,8.701278727240082,611.5650935261111
0.0,0,20,8.647209859555602,613.7192112040781
0.0,0,21,8.704389249103487,611.5627387256856
0.0,0,22,11.13594300049733,589.8652379376247
0.0,0,23,8.665787418420768,612.8822987485884
0.0,0,24,16.073960391946798,562.367638965185
0.0,0,25,8.709133706441785,611.2115664727384
0.0,0,26,8.781047872128088,608.7855448396432
0.0,0,27,8.798502136010326,608.1635814333616
0.0,0,28,8.819149117129113,607.449815562421
0.0,0,29,8.801827228188138,607.8674379819865
0.0,0,30,8.995334356624543,602.1793107565668
0.0,0,31,8.816249568849466,607.1852342791074
0.0,0,32,8.767410556262833,608.3584348164571
0.0,0,33,9.076466355502022,599.95089260913
0.0,0,34,8.845944994676708,605.897575992333
0.0,0,35,9.106026639850285,599.1583094939193
0.0,0,36,8.795764524565804,606.7491000446561
0.0,0,37,9.191175963953986,597.0286573494952
0.0,0,38,9.096995095007498,599.2109862515349
0.0,0,39,9.079244328416713,599.5250206329005
0.0,0,40,9.295634926349202,594.5856896379352
0.0,0,41,9.174478792129461,597.2079565395205
0.0,0,42,9.24868147915129,595.5373720023664
0.0,0,43,16.816646710341,553.2934959663686
0.0,0,44,9.472592390270123,590.8379670726382
0.0,1,0,7.965732312239679,652.6041023628142
0.0,1,2,8.015595439379862,648.7307838940977
0.0,1,3,8.046262517493178,646.3397476362586
0.0,1,4,7.9342103529013634,654.2081084149459
0.0,1,5,8.101066637647445,642.2874209626983
0.0,1,6,8.047771472374574,645.6520397315617
0.0,1,7,8.168844577111235,637.6914992081612
0.0,1,8,8.207691450969607,635.2353459294429
0.0,1,9,8.292429185203595,630.2192637453678
0.0,1,10,8.060105358690297,643.2603869982258
0.0,1,11,8.234976655515338,633.3121303454861
0.0,1,12,8.306909480402311,629.3607070190799
0.0,1,13,8.31140106198849,629.0078485169676
0.0,1,14,8.365852606900086,626.201411183323
0.0,1,15,8.45799195385812,621.7674987093097
0.0,1,16,8.39762102868847,624.4697535729113
0.0,1,17,8.504690909957088,619.627811073264
0.0,1,18,8.567636383853845,616.9169032033836
0.0,1,19,8.598232241814722,615.6581863586224
0.0,1,20,8.453757116373907,621.3749069272826
0.0,1,21,8.626243624723848,614.5243842360691
0.0,1,22,8.50446904642178,619.0059216562968
0.0,1,23,8.648929668945865,613.5664286213993
0.0,1,24,8.644026781661296,613.644817831294
0.0,1,25,8.76129202415845,609.5278470155441
0.0,1,26,8.6324310552173,613.7457666486702
0.0,1,27,8.84933313744079,606.5934484654213
0.0,1,28,8.62713858215477,613.5108313880291
0.0,1,29,8.782310769076073,608.5676149738299
0.0,1,30,8.625483683519775,613.0726996776768
0.0,1,31,8.883533681340808,605.3908239454147
0.0,1,32,8.97458366744432,602.7575091752905
0.0,1,33,8.95067179208582,603.3676120333969
0.0,1,34,9.11499387425156,598.9287339484281
0.0,1,35,9.030758319318455,601.119282769758
0.0,1,36,9.126628130744857,598.6390634567913
0.0,1,37,8.945056432296624,603.0797848749596
0.0,1,38,17.621083030261378,569.0008570551648
0.0,1,39,9.313706525567707,594.1412795253123
0.0,1,40,8.997893316117104,601.3825491907069
0.0,1,41,9.118940912497305,598.5247441134034
0.0,1,42,9.03178778208146,600.3145718863095
0.0,1,43,9.27724680393356,594.9298374447338
0.0,1,44,9.113924818301863,598.2688104216036
0.0,2,0,8.040512732608907,646.7671772970789
0.0,2,1,8.078994720873432,643.8059903242514
0.0,2,3,8.019580865208972,648.4211999519154
0.0,2,4,8.004024237925837,649.4796726721484
0.0,2,5,7.9721218337347475,651.5084814637955
0.0,2,6,8.023668240576612,647.5716084016054
0.0,2,7,8.142669293610066,639.4348688526184
0.0,2,8,8.144641872731082,639.2143333677603
0.0,2,9,8.185466216729997,636.5794556356676
0.0,2,10,8.242114673561005,633.1462137014992
0.0,2,11,8.186575919862253,636.178215665955
0.0,2,12,8.417826757197709,623.4485086052127
0.0,2,13,8.168182947020036,636.5744867549582
0.0,2,14,8.452516087975434,621.929598010671
0.0,2,15,8.2428869704226,632.15477979456
0.0,2,16,8.460965715791167,621.6284461670778
0.0,2,17,8.29673628236263,629.028550067325
0.0,2,18,8.517609687497314,619.0633322657424
0.0,2,19,8.417750126497868,623.253132249902
0.0,2,20,8.440343247100765,622.1191486032908
0.0,2,21,8.543091691765282,617.8343857105874
0.0,2,22,8.548830359707383,617.4973106489329
0.0,2,23,8.73491144935543,610.4263737316902
0.0,2,24,8.688842038484362,612.1251486102869
0.0,2,25,8.519546165982941,618.0067694566459
0.0,2,26,8.654542247862171,613.1592786356575
0.0,2,27,8.658275562226489,612.8918828107064
0.0,2,28,8.750526758089535,609.7653348882686
0.0,2,29,8.83000008673075,607.1807154051286
0.0,2,30,8.78436134437212,608.5053936208074
0.0,2,31,8.946231001669164,603.6049659293377
0.0,2,32,9.028028224491475,601.2401680583439
0.0,2,33,8.924272171895325,604.1644421974872
0.0,2,34,8.728447946871981,609.4195183443625
0.0,2,35,9.10554027203997,599.1795438030213
0.0,2,36,9.07709500501799,599.9212616223981
0.0,2,37,9.055571749242796,600.429989399793
0.0,2,38,9.123142823182693,598.7027552989629
0.0,2,39,9.204154263920998,596.7175025583336
0.0,2,40,9.348825818708576,593.3197053416332
0.0,2,41,9.111880760687995,598.7798165689909
0.0,2,42,9.173163781333333,597.3159491491308
0.0,2,43,9.062369637072297,599.6487551679623
0.0,2,44,9.454999271482306,591.1493529740175
0.0,3,0,7.948953905832742,653.1582392994612
0.0,3,1,8.064315062173776,644.9977508128852
0.0,3,2,7.827576576817365,663.3359034403104
0.0,3,4,8.121013698760239,640.5419976222295
0.0,3,5,8.018741836635389,648.3855903106112
0.0,3,6,13.935183963037465,594.2553145770635
0.0,3,7,8.087838922392516,643.1905110710318
0.0,3,8,8.14393114356815,639.3521995488255
0.0,3,9,8.018276710616519,647.1652293680087
0.0,3,10,8.131381991393617,639.85029325405
0.0,3,11,8.229113177442889,633.9025507352935
0.0,3,12,8.342489500664556,627.447277161077
0.0,3,13,8.328295602165026,628.2781556170925
0.0,3,14,8.267337358656775,631.4184573498477
0.0,3,15,8.267766822346447,631.1965174888087
0.0,3,16,8.37530943020113,625.7435600582833
0.0,3,17,8.291896728948299,629.5340798265257
0.0,3,18,8.413986886325223,623.7302105087741
0.0,3,19,8.460969509245661,621.5381933876827
0.0,3,20,8.631265682964157,614.2270647862774
0.0,3,21,8.385175265237342,624.3766729391691
0.0,3,22,8.568259685502147,616.8369240288516
0.0,3,23,8.534811484185923,618.0356820160044
0.0,3,24,8.464120779546338,620.5081186691979
0.0,3,25,17.973165024194916,582.6930409147026
0.0,3,26,8.637815282973175,613.8624762727377
0.0,3,27,8.660620525631924,612.9525067729452
0.0,3,28,8.775205122963724,609.0286146099152
0.0,3,29,8.739131028009332,610.131161080435
0.0,3,30,8.786182067470548,608.5480184064437
0.0,3,31,8.755189707802726,609.3905592134705
0.0,3,32,8.849287145487455,606.4665288074355
0.0,3,33,8.952914409931434,603.3978384437154
0.0,3,34,8.83023654519324,606.7940962561962
0.0,3,35,8.993127526872133,602.2113988959511
0.0,3,36,8.839734109751141,606.2315440270106
0.0,3,37,9.12628888861548,598.6493684781041
0.0,3,38,8.953476943650111,603.003216914571
0.0,3,39,9.099473428363218,599.2845046435103
0.0,3,40,9.294585528588348,594.5494126433551
0.0,3,41,9.063635697908706,599.991389755943
0.0,3,42,9.132258507474475,598.3145212330186
0.0,3,43,9.241411339126667,595.7945006172584
0.0,3,44,9.23329456007418,595.9274416194231
0.0,4,0,8.125131085285693,640.6444792901739
0.0,4,1,8.098346437187148,642.520192589616
0.0,4,2,7.957465793598409,652.9407517329727
0.0,4,3,7.854264097503074,661.2628431914897
0.0,4,5,7.894487582869176,658.13832257515
0.0,4,6,8.006807875927874,649.2727415484619
0.0,4,7,8.063709603545286,644.9866361984276
0.0,4,8,13.634830411971848,563.9552814308917
0.0,4,9,8.218773899864043,634.448923594913
0.0,4,10,8.058469350439582,644.6363084703415
0.0,4,11,8.27029031533195,631.4495707029159
0.0,4,12,11.621797713690396,601.9445034983756
0.0,4,13,8.236938628021136,633.3579757252672
0.0,4,14,13.657861210389775,601.7973963252834
0.0,4,15,8.18860959124966,635.5123012550177
0.0,4,16,8.33330388638406,627.9092151376873
0.0,4,17,8.32964847523319,627.9542304850168
0.0,4,18,8.370767478082515,625.8460986021464
0.0,4,19,8.459272578772543,621.6838331970926
0.0,4,20,8.405353360713772,623.9683100999233
0.0,4,21,8.490993299005986,620.1568809638158
0.0,4,22,8.560377543001117,617.2072352981073
0.0,4,23,16.876779394320938,578.0211241757562
0.0,4,24,8.551478405803367,617.3956168865064
0.0,4,25,8.58361292925684,616.0593340184377
0.0,4,26,8.594791868201849,615.5214047593777
0.0,4,27,8.721651380228469,610.9247578280379
0.0,4,28,15.943652313659449,548.5888328487817
0.0,4,29,8.777188246250374,608.9630936494048
0.0,4,30,8.804104553244077,608.0453783213687
0.0,4,31,8.772975987756821,608.9601025839818
0.0,4,32,8.921245022776924,604.3518823142728
0.0,4,33,8.790416499537068,608.2042568254493
0.0,4,34,9.018168480066908,601.5233926379611
0.0,4,35,8.957548682309563,603.2338830707033
0.0,4,36,8.877774425255001,605.3528536889523
0.0,4,37,8.989855043635732,602.2487437402765
0.0,4,38,9.150198118032241,598.0312025038672
0.0,4,39,9.153180777487837,597.9698227369273
0.0,4,40,9.092347304646621,599.4596514029823
0.0,4,41,9.127131456446044,598.564124661033
0.0,4,42,9.205474391005321,596.6732418641974
0.0,4,43,9.042973284795458,600.3532156048301
0.0,4,44,9.109321290058958,598.73919516351
0.0,5,0,11.728150646859596,600.3211091094355
0.0,5,1,8.177040555494358,637.1004863805285
0.0,5,2,8.14278306166146,639.3559186965381
0.0,5,3,13.193117577568753,605.9870573717161
0.0,5,4,7.972773860218513,652.0571218704335
0.0,5,6,7.936392969680468,654.8831535156851
0.0,5,7,8.023983422603614,647.9959393310263
0.0,5,8,13.913676966614227,589.6730121439224
0.0,5,9,8.024897271564935,647.4876992981059
0.0,5,10,8.202695533631406,635.5022876134027
0.0,5,11,8.014475915319123,647.4043754081208
0.0,5,12,8.06466357517822,643.8852055457386
0.0,5,13,8.224725884941511,634.1577730394602
0.0,5,14,10.832480389625871,586.3914018110531
0.0,5,15,8.25718498687112,632.114129480512
0.0,5,16,8.332329699330469,628.0388556348156
0.0,5,17,8.352546664590328,626.9440081823793
0.0,5,18,8.431370189818999,623.0293841617333
0.0,5,19,8.351757560319772,626.7349987401011
0.0,5,20,8.342862898703993,626.9441729485384
0.0,5,21,8.35396263029339,626.2137995152361
0.0,5,22,8.607787325754275,615.2195790537094
0.0,5,23,8.442976485224683,622.0113940879702
0.0,5,24,8.622975267833011,614.6684279087598
0.0,5,25,8.596842350630611,615.6534907826672
0.0,5,26,8.488862875431952,619.586951406995
0.0,5,27,8.397160064529222,622.6581087808892
0.0,5,28,8.798698428623727,608.2249358827106
0.0,5,29,8.665981006724964,612.7701530368
0.0,5,30,14.509103427477147,562.8127268836429
0.0,5,31,8.697412847397091,611.4703998172322
0.0,5,32,8.851184618197763,606.5196706124761
0.0,5,33,8.982755499280186,602.4854475237706
0.0,5,34,8.932125440789783,604.0213301114219
0.0,5,35,8.927906125202613,604.11621009964
0.0,5,36,9.077044225186617,599.8922566005592
0.0,5,37,9.006275121918087,601.8533454505341
0.0,5,38,9.048874676755906,600.682916739129
0.0,5,39,9.18874170415577,597.034669614776
0.0,5,40,8.993072151638929,602.0052476441591
0.0,5,41,9.16385070213364,597.7022319616217
0.0,5,42,8.9272921120437,603.355273704546
0.0,5,43,9.264696156137441,595.2878189529418
0.0,5,44,9.034060624810596,600.5567228505289
0.0,6,0,14.431050268601357,595.6083685516653
0.0,6,1,7.992992042022269,649.2408795459796
0.0,6,2,8.048115606667855,645.9025239024073
0.0,6,3,8.117305921986642,641.1701124814401
0.0,6,4,8.004059299117054,649.4770662801925
0.0,6,5,7.908525853814684,657.0478435530619
0.0,6,7,8.017260655256518,648.6014315694566
0.0,6,8,14.863725730037391,591.6328773165774
0.0,6,9,8.048303221892729,646.0837044799791
0.0,6,10,8.090301504850972,643.0223842391242
0.0,6,11,8.193212072599778,636.1235905789483
0.0,6,12,8.099179785894899,642.074807871493
0.0,6,13,8.144097747042046,639.0812858094141
0.0,6,14,8.195531975379597,635.8560725860908
0.0,6,15,8.377845843696424,625.4673722985235
0.0,6,16,8.280315096650549,630.8664044227945
0.0,6,17,8.319652458264752,628.698072170233
0.0,6,18,8.205245634331765,634.3325451912033
0.0,6,19,8.287072991296583,630.0155181499069
0.0,6,20,8.318293938706107,628.299751320312
0.0,6,21,8.45705884802507,621.7838676258709
0.0,6,22,8.502080901972162,619.7418539221608
0.0,6,23,8.366976877401946,625.3994993777678
0.0,6,24,12.183051936131818,569.6810958307544
0.0,6,25,8.536470276380058,618.0968066327581
0.0,6,26,8.5792375769424,616.3295725456447
0.0,6,27,8.669995067194657,612.8432605752143
0.0,6,28,8.680645169077739,612.4211466721928
0.0,6,29,8.571656945408234,616.1807445950735
0.0,6,30,8.629869118814684,613.9986132375542
0.0,6,31,8.591232534561794,615.106936003661
0.0,6,32,14.215598729491791,564.7896584036648
0.0,6,33,8.856541504254992,606.3525136640925
0.0,6,34,8.743017851936973,609.759894268965
0.0,6,35,8.926380213072152,604.190916210124
0.0,6,36,8.986928514727163,602.4207714816321
0.0,6,37,8.953848493912911,603.3373567835554
0.0,6,38,9.122154953261361,598.6975460270062
0.0,6,39,9.07138336581153,600.0857474376534
0.0,6,40,8.800817296490267,607.0643391292047
0.0,6,41,8.90238380299483,604.290983462412
0.0,6,42,9.215996971626415,596.4205744317445
0.0,6,43,9.011030742747518,601.3476397143447
0.0,6,44,9.002595853189636,601.41934448145
0.0,7,0,8.192306878574595,636.1657547098102
0.0,7,1,8.175686850972873,637.2609833367869
0.0,7,2,8.015681420207306,647.7543992508917
0.0,7,3,7.994442536632058,649.5669223037228
0.0,7,4,8.073626548830209,644.2804634988721
0.0,7,5,7.931992278938732,654.834411400254
0.0,7,6,8.039660241414044,646.8614538397882
0.0,7,8,8.06568996854493,644.8394903446333
0.0,7,9,7.974365627821125,651.6844455310667
0.0,7,10,8.031398258863739,647.2874847807758
0.0,7,11,8.039265479442843,646.5067448279691
0.0,7,12,8.146259391108988,639.1996658802817
0.0,7,13,7.937692742926984,652.2355726150342
0.0,7,14,8.07609084987557,643.1941212282095
0.0,7,15,8.24752478294609,632.8314909920784
0.0,7,16,8.251032732537643,632.5687259422673
0.0,7,17,8.21891914177464,634.1783329900032
0.0,7,18,8.184552158497294,635.7232877581407
0.0,7,19,8.333922712770054,627.8781751534664
0.0,7,20,8.383417475059018,625.3510099024982
0.0,7,21,8.381403302911735,625.3487694565945
0.0,7,22,8.357169585204762,626.2976800480584
0.0,7,23,8.553293610106003,617.5041430917572
0.0,7,24,8.377702681480274,624.9460812155745
0.0,7,25,8.59300239419218,615.8721965123751
0.0,7,26,8.402270844061194,623.4154185510644
0.0,7,27,17.986657525145755,568.3517928022598
0.0,7,28,8.483912069492959,619.771273720416
0.0,7,29,8.545067796515877,617.3169962369267
0.0,7,30,13.95328939823781,559.2031597519622
0.0,7,31,8.740633063154666,610.2306269822169
0.0,7,32,16.167790573631578,583.8147813521864
0.0,7,33,8.53066224196037,616.823434559109
0.0,7,34,8.773735993115945,608.9363872808692
0.0,7,35,8.879489801164823,605.6188762107973
0.0,7,36,8.933139496116052,603.9913974968935
0.0,7,37,8.775080218672688,608.5061872905015
0.0,7,38,8.96904165328716,602.9124885222986
0.0,7,39,8.696399554600427,610.2923043735029
0.0,7,40,8.874230707740349,605.3163281619908
0.0,7,41,8.990414540193182,602.16235911039
0.0,7,42,8.933215789164334,603.5138850127304
0.0,7,43,9.081340737290445,599.7301721912833
0.0,7,44,9.172733806202459,597.47080815186
0.0,8,0,8.174284574881266,637.0920992496956
0.0,8,1,8.114043352222506,640.8988776222222
0.0,8,2,8.187553287588843,636.5143471449101
0.0,8,3,8.015722800363644,647.7516882560595
0.0,8,4,10.256361367216897,589.6265735554438
0.0,8,5,8.111173818868863,641.6067715219231
0.0,8,6,8.028838938167196,647.6349881976844
0.0,8,7,8.045201560647937,646.4310096346072
0.0,8,9,7.981270150730339,651.397138414873
0.0,8,10,7.917595325650341,655.9046575024581
0.0,8,11,8.06772021831055,644.7010455680174
0.0,8,12,8.027168810202685,647.3326155187143
0.0,8,13,8.120185563131853,640.9078762679549
0.0,8,14,8.188855092579338,636.4324375749081
0.0,8,15,8.14271950494862,639.1646373977633
0.0,8,16,8.315149969699199,628.8975258011524
0.0,8,17,8.213167700813655,634.6891137992212
0.0,8,18,8.265335498575853,631.6744602448623
0.0,8,19,8.262173605056562,631.6869725370589
0.0,8,20,8.411304626756927,623.99674177651
0.0,8,21,8.25985670618306,631.3331917874438
0.0,8,22,8.314946052546015,628.4562978402236
0.0,8,23,8.455363606821242,621.8604724639525
0.0,8,24,8.50081127580997,619.79732953197
0.0,8,25,8.405067761396388,623.7892612556701
0.0,8,26,8.49132661470352,620.0328625148638
0.0,8,27,8.558286112462698,617.232198163169
0.0,8,28,8.613330795769555,615.0202797425413
0.0,8,29,8.609351131597613,615.1010809466735
0.0,8,30,8.641092018730413,613.8494548791796
0.0,8,31,8.686483254266584,612.1570915802777
0.0,8,32,8.749058576808686,609.9440064593413
0.0,8,33,8.703130194020684,611.40991818537
0.0,8,34,8.798226197667985,608.2340855320053
0.0,8,35,8.670200967549832,612.1671072811766
0.0,8,36,8.75353752947358,609.4406918622311
0.0,8,37,8.787368891026555,608.2942153202333
0.0,8,38,8.899454493224543,604.9334931000328
0.0,8,39,9.053557193882213,600.5490583826361
0.0,8,40,9.106009403531914,599.1372439100468
0.0,8,41,8.924744740738543,603.9761599395897
0.0,8,42,9.007642444686049,601.7169367933736
0.0,8,43,9.070204515677407,600.0611808498548
0.0,8,44,9.043659137305939,600.6563152659025
0.0,9,0,8.197049270003756,635.5917229720218
0.0,9,1,8.065541201131811,643.4180358956975
0.0,9,2,8.192510979686576,636.1534113399853
0.0,9,3,8.057444982616987,644.7007616937392
0.0,9,4,8.1005463028415,642.1945300137576
0.0,9,5,10.708031737824845,580.0217911357895
0.0,9,6,8.12249106022265,640.800885571289
0.0,9,7,8.007307790840064,649.2355786866058
0.0,9,8,7.924478416813981,655.8086642148942
0.0,9,10,7.973424042939172,652.0066163188485
0.0,9,11,7.893323852855604,657.7089593316699
0.0,9,12,8.086487211863597,643.3646725096679
0.0,9,13,8.024250290306759,647.5318703709839
0.0,9,14,8.128670718033884,640.3519766985714
0.0,9,15,8.113996522163442,641.1425388254763
0.0,9,16,8.130921465915028,639.8781443335511
0.0,9,17,8.145292043731612,638.7786839944592
0.0,9,18,8.178959705912867,636.6047128016753
0.0,9,19,8.340541797988868,627.6175497861287
0.0,9,20,8.245355857940321,632.5614953871034
0.0,9,21,8.435763566353408,622.7698950933064
0.0,9,22,8.40160612073403,624.4704084975492
0.0,9,23,8.425974126502295,623.2646462250859
0.0,9,24,8.424293129502647,623.2644902985446
0.0,9,25,8.509625060249864,619.4122161174157
0.0,9,26,8.457412498136375,621.576461715439
0.0,9,27,8.62867648422488,614.4123800810163
0.0,9,28,8.519159882658535,618.7828547386779
0.0,9,29,8.64455516648967,613.8211602322204
0.0,9,30,8.546597040559334,617.4374640284063
0.0,9,31,8.618264859298142,614.6737689697893
0.0,9,32,8.542571860032842,617.1999212334226
0.0,9,33,8.500457978256446,618.4009429109561
0.0,9,34,11.984578707069161,579.3032693963331
0.0,9,35,8.782689441775004,608.7328471038352
0.0,9,36,8.950580135727071,603.4181203432121
0.0,9,37,8.846963848921444,606.6058230255898
0.0,9,38,8.7832778516514,608.4149735288487
0.0,9,39,8.901139862648455,604.8850802785606
0.0,9,40,8.974374548170871,602.763357079595
0.0,9,41,8.954491572596751,603.2635865011307
0.0,9,42,9.083997834131464,599.7510778699816
0.0,9,43,9.009621434586625,601.6657706014996
0.0,9,44,8.976198372875492,602.4305393281021
0.0,10,0,8.358859685086284,626.6294141069711
0.0,10,1,8.309024672716848,629.3212598724242
0.0,10,2,12.853553983182003,584.5839563774833
0.0,10,3,8.218876606736861,634.5589041754293
0.0,10,4,8.175728437281021,637.2583667262782
0.0,10,5,9.591777122437598,598.7473941804035
0.0,10,6,8.044787240375785,646.1297600212192
0.0,10,7,8.07830202341383,643.9475290706223
0.0,10,8,8.081828339740012,643.6958422301022
0.0,10,9,7.99643266998288,650.2193288946632
0.0,10,11,7.989838874512477,650.7315284144136
0.0,10,12,7.9770809227409,651.4825949210098
0.0,10,13,8.019979037977631,648.1006325604883
0.0,10,14,8.048248434680149,645.8934553927139
0.0,10,15,8.146526907569013,639.1821397082025
0.0,10,16,8.284627578555599,630.4064327572818
0.0,10,17,8.183426550377952,636.7028080067467
0.0,10,18,8.275816169906395,631.185693962176
0.0,10,19,8.196961789373741,635.5966217627307
0.0,10,20,8.329920247119588,628.1905161618961
0.0,10,21,8.281175246464816,630.6988871838296
0.0,10,22,8.277669142448723,630.6998226699031
0.0,10,23,8.17328809745301,635.5244020531368
0.0,10,24,8.281572091328425,630.0168579173718
0.0,10,25,8.599297386703446,615.3563691673507
0.0,10,26,8.424122752220551,623.1481919654743
0.0,10,27,8.42748144436995,622.8417545822647
0.0,10,28,8.579581576630757,616.4213886566031
0.0,10,29,12.216337077113273,593.7289652700717
0.0,10,30,8.656141943294998,613.376189531176
0.0,10,31,8.555722529488932,617.0977150559505
0.0,10,32,8.559309212339578,616.8027228877376
0.0,10,33,8.836510939274456,606.8999396863729
0.0,10,34,8.761235522824695,609.5297690873001
0.0,10,35,8.753521936506413,609.7450114235542
0.0,10,36,8.756229976328196,609.5822499435867
0.0,10,37,8.598238718032297,614.412626394271
0.0,10,38,8.80520950339141,607.872790338837
0.0,10,39,8.823043563743147,607.241179850479
0.0,10,40,8.821526722177273,607.1719953618544
0.0,10,41,8.858776922666669,605.995980455917
0.0,10,42,8.893675045090525,604.9198260746642
0.0,10,43,12.55381503797308,561.3786379247098
0.0,10,44,8.805288997577804,606.9487246352747
0.0,11,0,8.396454951520528,624.7043425209325
0.0,11,1,8.144356749682222,638.2005086676909
0.0,11,2,8.203279952609396,635.2428136185625
0.0,11,3,14.252295621411575,588.6755331935321
0.0,11,4,8.152113805685225,638.5965007173065
0.0,11,5,8.22343649420632,634.2565757845384
0.0,11,6,7.996330498688541,649.022162664012
0.0,11,7,8.120838158013434,640.9375684654891
0.0,11,8,8.131741102075846,640.1422021926072
0.0,11,9,13.844561232564818,617.7286015966868
0.0,11,10,8.052165862194375,645.8900295688023
0.0,11,12,7.9219518634725725,656.0049243830935
0.0,11,13,8.018796172358737,648.3815510812717
0.0,11,14,8.03095263011223,647.3192174211617
0.0,11,15,8.09037031364255,643.0176864861228
0.0,11,16,8.21156014867791,634.9215279520887
0.0,11,17,8.124603924140105,640.4751210931046
0.0,11,18,8.21022417566534,635.082174997248
0.0,11,19,8.29008574696576,630.3555887582419
0.0,11,20,8.139249551118123,638.8284249231467
0.0,11,21,8.235571722838241,633.2800301774845
0.0,11,22,8.252641079599165,632.1826638608435
0.0,11,23,10.937402982615694,573.6274417719237
0.0,11,24,8.359422671544932,626.5127158405609
0.0,11,25,8.363424969578295,626.1894329028936
0.0,11,26,8.299192680212998,628.9175499576259
0.0,11,27,8.461883772083995,621.4982451808854
0.0,11,28,8.576616255821792,616.5372918460716
0.0,11,29,8.450909822066784,621.6867546797334
0.0,11,30,8.484054476910769,620.1741574154538
0.0,11,31,8.599247681207576,615.5611181020627
0.0,11,32,8.77653394702033,608.8767361263201
0.0,11,33,8.565361429625959,616.5841705968404
0.0,11,34,8.657663530933478,613.1669696110857
0.0,11,35,8.78226494035458,608.8143868689932
0.0,11,36,12.405639137458081,584.1342845289861
0.0,11,37,15.971410790009553,561.9147949030536
0.0,11,38,8.60142666088146,614.3131494233975
0.0,11,39,8.742739104889527,609.7683523921446
0.0,11,40,8.766169758176936,608.9199656668734
0.0,11,41,9.011922941976406,601.7027978866164
0.0,11,42,9.04960135133641,600.6596813217392
0.0,11,43,8.942657784727725,603.5858605371068
0.0,11,44,8.869818275594616,605.4333926883062
0.0,12,0,8.399292425211309,624.5992670644966
0.0,12,1,8.245749800926905,632.541010351801
0.0,12,2,8.314250391878993,629.0358070498746
0.0,12,3,14.955196754868084,596.5383874889797
0.0,12,4,8.112215232339585,640.7028638879377
0.0,12,5,8.12916696627128,639.984250751837
0.0,12,6,8.192189969265149,636.2226071338368
0.0,12,7,15.015361247899516,596.0230476782489
0.0,12,8,8.057118549882098,645.2878698366086
0.0,12,9,13.697228205252198,570.4808253308172
0.0,12,10,8.02807054634506,647.6921091965606
0.0,12,11,8.053132953734092,645.8149068531493
0.0,12,13,8.053034689765719,645.8225399011617
0.0,12,14,9.783856696500216,566.1034071459201
0.0,12,15,8.092528185326085,642.9345026927148
0.0,12,16,13.106313659613406,561.931070889998
0.0,12,17,8.128542917141163,640.3603494934175
0.0,12,18,8.209408144664744,635.1392395376944
0.0,12,19,8.15781017542393,638.2520028472957
0.0,12,20,14.548473824993684,564.0727613038868
0.0,12,21,8.15509766345802,637.9409531997342
0.0,12,22,8.273692896545448,631.2236307864887
0.0,12,23,8.409973608804611,624.0013723421603
0.0,12,24,8.321750933160299,628.4887047875909
0.0,12,25,8.207935671830965,633.8469433120928
0.0,12,26,8.464736593864956,621.4521206257558
0.0,12,27,8.426783295872937,623.1519642514183
0.0,12,28,8.499270513025413,619.8646523058618
0.0,12,29,8.495415111348914,619.969955115511
0.0,12,30,8.391490776263675,624.1182364447774
0.0,12,31,8.456113539768515,621.2815168038329
0.0,12,32,8.760746670701723,609.3590206783738
0.0,12,33,8.674429894292494,612.6781485509564
0.0,12,34,8.849366645700178,606.3284266830492
0.0,12,35,8.5406948473031,617.2656940341328
0.0,12,36,8.792799346980615,608.4560256747295
0.0,12,37,8.724693479780266,610.6974828041513
0.0,12,38,8.57655410243894,615.3502121808888
0.0,12,39,8.76284419907936,609.2762561961549
0.0,12,40,8.953124352600248,603.3845561990704
0.0,12,41,8.960449055586691,603.1852812077714
0.0,12,42,8.950559885820205,603.4654729657564
0.0,12,43,9.031532979538692,601.164953301078
0.0,12,44,8.923190395082077,604.1160233472281
0.0,13,0,11.36745429342525,559.7388814739395
0.0,13,1,8.32994699560384,628.0775948952537
0.0,13,2,8.414419055704037,623.77020910339
0.0,13,3,8.195985748327185,635.4154464294012
0.0,13,4,8.29272995657956,630.2337407725295
0.0,13,5,8.218514450534135,634.5191112910431
0.0,13,6,8.262809671345268,631.9019756622027
0.0,13,7,7.996347796149304,648.5449966662858
0.0,13,8,8.20340374121196,635.4558898406326
0.0,13,9,8.113668416281618,641.4270651557733
0.0,13,10,8.018071065379933,648.2364967929998
0.0,13,11,7.9725369192210795,651.8203887554462
0.0,13,12,7.949738923891381,653.8464529737707
0.0,13,14,7.826539357612221,663.4164736037519
0.0,13,15,7.9454826782167185,653.8315570493905
0.0,13,16,8.080595271051147,643.7842299065887
0.0,13,17,8.057193454730454,645.2827558901474
0.0,13,18,8.085394045943975,643.1872205635206
0.0,13,19,8.114666649037105,641.1003744425853
0.0,13,20,8.1247619464928,640.2506519864216
0.0,13,21,11.281603759865124,567.9115303531174
0.0,13,22,8.18438298686714,636.3010167909573
0.0,13,23,8.153077631726864,637.7300715121278
0.0,13,24,8.299482019252228,629.7469349988842
0.0,13,25,8.428774989028977,623.1204382097392
0.0,13,26,8.242558358228639,632.1706895200479
0.0,13,27,8.429955614535702,623.0784726021208
0.0,13,28,8.516575342721275,619.0944264837528
0.0,13,29,8.407869584919993,623.8583650811347
0.0,13,30,8.258392530007503,629.9897487314754
0.0,13,31,8.409854960258249,623.366757219401
0.0,13,32,8.468605925745033,620.7864166994977
0.0,13,33,8.609892891162561,615.1523066943674
0.0,13,34,8.462836655946623,620.5559275786027
0.0,13,35,13.742313197558127,565.9998449992265
0.0,13,36,8.563580770016642,616.4637435679176
0.0,13,37,8.832821832039889,607.09453413065
0.0,13,38,8.634685448081505,613.6712831373197
0.0,13,39,8.685595837451245,611.8497499528407
0.0,13,40,8.73925673970633,610.0122822543532
0.0,13,41,8.755605572645244,609.377940475097
0.0,13,42,8.958441652828988,603.2445351867143
0.0,13,43,8.865670292711062,605.903955981839
0.0,13,44,8.864205167863208,605.8441825946876
0.0,14,0,8.420744474983897,623.5091837351466
0.0,14,1,8.294129219101901,629.6738916082705
0.0,14,2,8.234470825586412,632.8666259997632
0.0,14,3,8.272018315789964,631.1750475789219
0.0,14,4,8.257089581580018,632.1192760005017
0.0,14,5,8.290290340874312,630.3703557780244
0.0,14,6,8.085049317162023,642.2831887612477
0.0,14,7,8.21548963106541,634.7637374215344
0.0,14,8,8.245628198639636,632.8602737415941
0.0,14,9,8.07340381881195,643.9727527283966
0.0,14,10,8.153503916928408,638.7073931715111
0.0,14,11,8.009254374665302,648.8643218040507
0.0,14,12,8.081087589583703,643.7509083924781
0.0,14,13,7.98211328885052,651.3316442784262
0.0,14,15,12.148325263062478,565.2076472482347
0.0,14,16,8.026086084089211,647.8396308945023
0.0,14,17,7.923323398487334,654.9833541955376
0.0,14,18,8.017323444613751,648.0047839245907
0.0,14,19,8.190744849234662,636.2852291609279
0.0,14,20,8.055023002322194,644.8531526938875
0.0,14,21,8.070331309328033,643.5424394627837
0.0,14,22,8.128656694389088,639.746413451404
0.0,14,23,8.121615195822372,639.8159237084874
0.0,14,24,8.164453258553126,637.1164274449909
0.0,14,25,12.479905015547722,571.4038103253916
0.0,14,26,8.307869653407138,629.1849819894953
0.0,14,27,8.376939997868963,625.6646162927708
0.0,14,28,8.32722752003799,627.8820187568443
0.0,14,29,8.359552054285993,626.1900206437269
0.0,14,30,8.370486522069044,625.4917972440388
0.0,14,31,8.4556195888656,621.6522544131795
0.0,14,32,8.502904267276925,619.5590943697555
0.0,14,33,8.322776218130965,626.5659614230283
0.0,14,34,8.660588876101988,613.205412546181
0.0,14,35,14.602326042373772,554.8203424682341
0.0,14,36,8.54715034039107,617.2417932636558
0.0,14,37,8.716557188070496,611.1032644946561
0.0,14,38,8.801177844696067,608.1710045478609
0.0,14,39,8.841816005285356,606.8278391868544
0.0,14,40,8.820415024858967,607.521778895854
0.0,14,41,8.847175890360656,606.6447594616682
0.0,14,42,8.863795096075172,606.0951063633054
0.0,14,43,8.90269180834909,604.8901442196825
0.0,14,44,8.845282310925334,606.4896078326233
0.0,15,0,8.416932984715011,623.5970817306317
0.0,15,1,8.43446948262846,622.8674049888655
0.0,15,2,8.329768403444403,627.9484241730364
0.0,15,3,8.363821972746562,626.3784450532416
0.0,15,4,8.27840202672292,630.8430946104082
0.0,15,5,8.355473435242414,626.8120811510179
0.0,15,6,8.320218356720744,628.6944295079484
0.0,15,7,8.212378988519655,634.8760299947701
0.0,15,8,8.223129687059098,634.3016917437924
0.0,15,9,8.218855026279215,634.5448417465119
0.0,15,10,8.1685257527678,637.7408992459912
0.0,15,11,7.996586296681758,649.4205622968574
0.0,15,12,7.940434956686487,653.7648625229587
0.0,15,13,8.041496208601021,646.6940672906708
0.0,15,14,7.980387150591474,651.4657289935611
0.0,15,16,8.00024418609188,649.9232540877764
0.0,15,17,7.961184357912442,652.6643197071705
0.0,15,18,8.035866437739987,646.9693116086465
0.0,15,19,8.101705874872588,642.2437785948533
0.0,15,20,8.057357214353054,645.024035894321
0.0,15,21,8.175494436027932,637.2730900851225
0.0,15,22,8.10271221753649,641.5841477053095
0.0,15,23,8.16890556674263,637.4050127039144
0.0,15,24,8.166784703428444,637.2864956036689
0.0,15,25,8.33151534024061,628.1044708436734
0.0,15,26,8.391629638340888,624.955258806274
0.0,15,27,8.165614422853887,636.3204245169272
0.0,15,28,8.2876262930172,629.9887301041534
0.0,15,29,8.3977894110284,624.5825581585116
0.0,15,30,8.397960905802377,624.4543951500391
0.0,15,31,8.454141534577074,621.8365379475074
0.0,15,32,8.51720758350898,619.0487092485992
0.0,15,33,8.41315068126496,623.2318932978725
0.0,15,34,8.778888976604986,608.4892325472501
0.0,15,35,8.573063693034321,616.5666701869388
0.0,15,36,8.474570033461704,620.1190849080411
0.0,15,37,8.705401357310857,611.5271732082191
0.0,15,38,12.306613098627636,577.4121517364567
0.0,15,39,13.302550029378711,561.8498472015411
0.0,15,40,8.684199755023405,612.0353662118922
0.0,15,41,8.788267124551044,608.5537921036981
0.0,15,42,8.874381705841168,605.7958257629805
0.0,15,43,8.874241544285994,605.7781259806738
0.0,15,44,8.854887567083368,606.3012170571939
0.0,16,0,8.361743740056127,625.873808246992
0.0,16,1,8.386776702904635,624.9597887483772
0.0,16,2,8.33447503370644,627.543126396545
0.0,16,3,8.255370948719234,631.5503692725345
0.0,16,4,8.408680533641986,624.1283648144502
0.0,16,5,8.337362288630281,627.7771609912254
0.0,16,6,8.461053567434613,621.1166919898956
0.0,16,7,8.06831069045959,642.8009001034911
0.0,16,8,8.206613847840252,635.2114059669854
0.0,16,9,8.252512142767635,632.5247366177051
0.0,16,10,8.180730015294015,636.9436674377006
0.0,16,11,8.24519248451256,632.7181266914513
0.0,16,12,8.10207099489709,642.2188509126249
0.0,16,13,7.9895877509508,650.2647563492255
0.0,16,14,7.978009588041955,651.4135594522687
0.0,16,15,7.927738926361608,655.555391053491
0.0,16,17,7.952596766260884,653.6244586010681
0.0,16,18,8.074727646893571,644.2236961926473
0.0,16,19,8.132112468472084,640.115757677384
0.0,16,20,8.108901744524129,641.7524980843554
0.0,16,21,8.066450124268794,644.4283196387
0.0,16,22,8.041798679565604,645.6852270817323
0.0,16,23,8.113637602521376,640.9234160412872
0.0,16,24,14.308446134769868,595.3250652444129
0.0,16,25,8.271331016451658,631.4320509477232
0.0,16,26,8.3255102041456,628.4284104553832
0.0,16,27,8.299153438577363,629.7640211939771
0.0,16,28,13.838269501461053,564.8388546954236
0.0,16,29,8.241457866378397,632.223969719507
0.0,16,30,8.295551715703432,629.3631733412159
0.0,16,31,8.429354440534292,623.0357789439689
0.0,16,32,8.44435457545518,622.2641736891389
0.0,16,33,8.46568530062328,621.2267407180752
0.0,16,34,8.517482034972808,618.9625587665914
0.0,16,35,8.457369461907977,621.2317419102735
0.0,16,36,8.582266646742141,616.2132462078763
0.0,16,37,8.517401398711195,618.5244402325986
0.0,16,38,8.594856971685607,615.519053800242
0.0,16,39,8.610417005839228,614.8225451061461
0.0,16,40,8.750194855321881,609.9053523481549
0.0,16,41,18.808725445426465,566.411474907655
0.0,16,42,8.733953484337798,610.2973707987071
0.0,16,43,8.698327306314313,611.2894494577978
0.0,16,44,8.878729101629546,605.6419583938412
0.0,17,0,8.632978897720626,614.1546410611518
0.0,17,1,8.375048644470715,625.2924578402102
0.0,17,2,8.353834514845385,626.4483857554786
0.0,17,3,8.3623687946891,626.2388194397754
0.0,17,4,8.464515713068227,621.424647071212
0.0,17,5,8.25079787995322,632.0476701158669
0.0,17,6,8.293041036057387,630.081866125016
0.0,17,7,8.27991001693995,630.8882559449061
0.0,17,8,8.125314313750597,639.6087783720296
0.0,17,9,8.150685562739909,638.4649263983034
0.0,17,10,8.08800596187948,642.473534100868
0.0,17,11,8.047212780485538,645.34457185185
0.0,17,12,8.06206014850084,644.7159261311194
0.0,17,13,10.118196140654176,567.4419524272882
0.0,17,14,8.033585080141446,647.1317640985742
0.0,17,15,8.025561965941224,647.8785929855603
0.0,17,16,7.8541578231105476,661.2710984813388
0.0,17,18,7.948640682222813,653.931763301902
0.0,17,19,8.06564794488859,644.8986664787451
0.0,17,20,7.968987045922545,651.7317056027088
0.0,17,21,8.039866131882647,646.4657367425607
0.0,17,22,8.109493200169831,641.6083796806687
0.0,17,23,8.06914401229442,643.9646587464351
0.0,17,24,8.153236451174454,638.5286067782617
0.0,17,25,8.168785640291544,637.4119891945785
0.0,17,26,10.235028531104986,556.499805020516
0.0,17,27,8.186302090456122,635.9378193317051
0.0,17,28,8.280174594051397,630.7509211093274
0.0,17,29,8.286636142712986,630.2500429691478
0.0,17,30,13.462792783889977,573.2249561039638
0.0,17,31,8.340516825967532,627.2606133398655
0.0,17,32,8.54607585712195,617.7613523914729
0.0,17,33,16.940414099016202,572.1570024553849
0.0,17,34,8.4643125031781,621.2847737839519
0.0,17,35,8.38980186720669,624.1873481499448
0.0,17,36,8.488325110659165,620.0049030217468
0.0,17,37,8.618556689561707,614.8195880693221
0.0,17,38,8.658214743691362,613.2818510810293
0.0,17,39,8.711073634780785,611.3223409662494
0.0,17,40,8.677094385361897,612.4860889246099
0.0,17,41,8.66330685454325,612.8611227898674
0.0,17,42,8.814336735319467,607.7357344117304
0.0,17,43,8.811175692955253,607.8183803057426
0.0,17,44,8.58690641737079,614.7662409338574
0.0,18,0,8.536325148905526,618.191481289584
0.0,18,1,17.702012060320783,583.6166838456273
0.0,18,2,8.467992205365338,621.2313405822313
0.0,18,3,8.343954952489886,626.8948250426145
0.0,18,4,8.288038598854742,629.7144852556925
0.0,18,5,8.265090302626081,631.0798077552839
0.0,18,6,8.327289716110162,628.2108825433265
0.0,18,7,8.277941278054017,630.8670535411911
0.0,18,8,8.160858271696844,637.3103545480407
0.0,18,9,8.214294728405365,634.6260018589662
0.0,18,10,8.22444521555915,634.1741004410302
0.0,18,11,8.103474790978005,641.538029749773
0.0,18,12,8.027897205483844,646.5599078309566
0.0,18,13,8.051364864548141,645.4166209106945
0.0,18,14,7.987216204365573,650.0602825752151
0.0,18,15,8.148837187353493,638.9248123265259
0.0,18,16,8.0418890444508,646.664864512235
0.0,18,17,7.994007766076766,650.4076930351233
0.0,18,19,8.084970055529398,643.341832229741
0.0,18,20,8.03358763382705,647.2819778823275
0.0,18,21,8.03412491970114,647.0933228297921
0.0,18,22,8.016166152334392,648.0837952421008
0.0,18,23,8.154997273514475,638.6272090279772
0.0,18,24,8.2472042262251,632.7611100859167
0.0,18,25,8.08991797309778,642.3579018960859
0.0,18,26,8.19000430045698,636.1776344445699
0.0,18,27,8.196483026093357,635.623431824676
0.0,18,28,8.158947032951659,637.413453949487
0.0,18,29,8.239203313175583,632.8814277148697
0.0,18,30,8.317306206153413,628.7116497997666
0.0,18,31,8.424266931461895,623.3732876826851
0.0,18,32,8.38217548895788,625.3126621839849
0.0,18,33,8.304424486154021,628.6811342510694
0.0,18,34,8.50545722017056,619.5943275742142
0.0,18,35,8.488829211599136,620.248364691066
0.0,18,36,8.474601686623679,620.7172618871216
0.0,18,37,8.571101803831418,616.7242847713071
0.0,18,38,8.607102223140942,615.2594776122876
0.0,18,39,8.611452741196535,615.0228364046828
0.0,18,40,8.516517307148106,618.3479861307628
0.0,18,41,8.672148786696535,612.6593886951738
0.0,18,42,8.723348612672352,610.8186122894981
0.0,18,43,8.82256101231275,607.464010242219
0.0,18,44,8.928138709707852,604.06362876795
0.0,19,0,10.485035756506411,552.3005006388028
0.0,19,1,8.490172631982166,620.0800845445384
0.0,19,2,8.308746404811327,627.8611100572906
0.0,19,3,15.805378087602023,564.4358077321484
0.0,19,4,8.314112035407202,628.2433716835527
0.0,19,5,8.324692914933689,628.0005364093136
0.0,19,6,8.334332669765654,627.7274456897084
0.0,19,7,8.285599272415583,630.3020518013485
0.0,19,8,8.375846766533867,625.775968140239
0.0,19,9,8.19013276435056,635.7311783839701
0.0,19,10,8.378680343701157,625.4206414865816
0.0,19,11,8.179914500365586,636.7645891614252
0.0,19,12,8.18765976993893,636.4467966891989
0.0,19,13,12.243293136055954,574.537766661928
0.0,19,14,8.027349608558389,646.9899652535466
0.0,19,15,8.082475881443246,643.5566596566742
0.0,19,16,8.01280180495579,648.6117139341125
0.0,19,17,7.994835233268306,650.1627683397427
0.0,19,18,7.855431614340465,661.1721516366641
0.0,19,20,7.866431684113682,660.3176770809471
0.0,19,21,7.947767576523517,653.6617014238426
0.0,19,22,8.049645084349672,645.9881522099578
0.0,19,23,8.041291732827688,646.3684073030403
0.0,19,24,15.193132889770329,586.4586835507673
0.0,19,25,8.144337887463358,639.2334601208056
0.0,19,26,8.279806235957285,630.8740788481043
0.0,19,27,8.233115711364894,633.6697110215615
0.0,19,28,8.252884234793283,632.4650444524801
0.0,19,29,8.186317944828826,635.9369640872517
0.0,19,30,8.415551240820278,623.7113354773455
0.0,19,31,8.306155193568324,629.2709783328133
0.0,19,32,8.394519220363794,624.8135200482534
0.0,19,33,10.920343231686125,563.6174108124202
0.0,19,34,8.411089601075584,623.8611335107183
0.0,19,35,8.464852903591167,621.3685106291971
0.0,19,36,8.37786439210936,624.9392451279757
0.0,19,37,16.64451317878596,570.2740429552064
0.0,19,38,8.444803208610836,621.7297695352773
0.0,19,39,8.348101371947177,625.2059702618919
0.0,19,40,8.658743225941018,613.2621752803498
0.0,19,41,8.616096663611717,614.7520649251325
0.0,19,42,8.63207684426321,614.0635581192687
0.0,19,43,8.705415653505648,611.4286586729156
0.0,19,44,8.748654804600523,609.9058179450406
0.0,20,0,8.615316612028991,614.9440178046484
0.0,20,1,8.52539921541999,618.5355765720423
0.0,20,2,8.393190868731907,624.0486671041808
0.0,20,3,15.101502983929954,568.0930689915737
0.0,20,4,8.303549514135378,628.4165726184735
0.0,20,5,8.167571722773044,634.8652594104569
0.0,20,6,8.296911090589285,629.299609230174
0.0,20,7,8.434861785519885,622.8603389158886
0.0,20,8,8.174104207018615,635.8945817078992
0.0,20,9,8.232868818424244,633.2108214419394
0.0,20,10,8.319907620674117,628.7306348655561
0.0,20,11,12.377958551761235,564.2475760677734
0.0,20,12,8.136768094234938,639.2745483642176
0.0,20,13,8.12942345304532,639.9687392679629
0.0,20,14,8.148937634894288,638.9440440124514
0.0,20,15,7.921649466582506,653.9148433596717
0.0,20,16,8.06464676921141,644.7738989596551
0.0,20,17,8.052537496652613,645.7821873139629
0.0,20,18,7.9461150014749915,653.784551166344
0.0,20,19,7.919540228849938,656.1922577787184
0.0,20,21,7.912018935835408,656.7765043916495
0.0,20,22,8.0236242374013,648.0226405750357
0.0,20,23,8.047784864656466,646.1206160206148
0.0,20,24,8.055935980801202,645.3686068663069
0.0,20,25,8.216493099106788,634.5983488173688
0.0,20,26,8.128462443477927,640.2323430563689
0.0,20,27,8.08251003177686,642.8059100351788
0.0,20,28,8.24561716089857,632.9424632361889
0.0,20,29,8.1364226812695,638.9867256092231
0.0,20,30,8.193661382560862,635.540831455136
0.0,20,31,8.293541884463831,630.0558220078808
0.0,20,32,8.288498903445447,630.1566079362344
0.0,20,33,8.471115002528405,621.1051431524413
0.0,20,34,8.389882834309436,624.9522681816665
0.0,20,35,8.30622871369417,628.5996045205134
0.0,20,36,8.408586992742904,623.8270183448726
0.0,20,37,8.563447630169712,617.0939768272788
0.0,20,38,8.53719357403766,618.155944537949
0.0,20,39,8.458425217939183,621.1899000297724
0.0,20,40,18.904154691550715,578.427789326493
0.0,20,41,8.568730157339122,616.6134310652204
0.0,20,42,8.606964992809445,615.0818197041034
0.0,20,43,8.47508582752973,619.5647135953606
0.0,20,44,8.668708629040696,612.6773643278327
0.0,21,0,8.549624208155675,617.3247602502041
0.0,21,1,8.682451836418188,612.3658022781784
0.0,21,2,8.574277208214593,616.5984366711627
0.0,21,3,8.462722151350738,621.2033833487328
0.0,21,4,8.424352925333178,622.9740082894629
0.0,21,5,8.385900478749214,624.8182929702081
0.0,21,6,8.354497048715467,626.4184470660894
0.0,21,7,8.34598343700269,627.0049956478825
0.0,21,8,8.17456088758908,635.4627800499347
0.0,21,9,8.408903951675653,624.1171582912691
0.0,21,10,8.323153635193728,628.5160109699261
0.0,21,11,8.252726337544697,632.35464578334
0.0,21,12,8.165770754675789,637.3432752899603
0.0,21,13,8.219554586737368,634.4586033676819
0.0,21,14,8.20075009694829,635.6551363898631
0.0,21,15,8.124051486293201,640.5098804824319
0.0,21,16,8.128866484879257,640.3391511572232
0.0,21,17,8.069708109151613,644.4283482771057
0.0,21,18,7.983769447151346,650.6790701507892
0.0,21,19,7.977789024163133,651.4299558124476
0.0,21,20,7.951602410932635,653.7016991408872
0.0,21,22,7.976868003212419,651.739092886265
0.0,21,23,7.998515964720683,649.8891487473708
0.0,21,24,8.105038288637108,642.0436746027085
0.0,21,25,8.06799020043733,644.5456343191007
0.0,21,26,7.981159784273686,650.0160624463763
0.0,21,27,8.181003068686122,636.9264869182692
0.0,21,28,8.13009311611524,639.9282402287861
0.0,21,29,8.198330394774441,635.6932799193714
0.0,21,30,8.227949910406226,633.8613311118194
0.0,21,31,8.424333619323084,623.0975040056512
0.0,21,32,8.32476800628284,628.4320636732924
0.0,21,33,8.191816832065976,635.0061263762825
0.0,21,34,8.385610138918617,625.2448523078183
0.0,21,35,8.351268181972276,626.7578819785258
0.0,21,36,8.459570493955635,621.6703709568454
0.0,21,37,8.32913233331562,627.2987455470703
0.0,21,38,8.529363183975041,618.5348484710363
0.0,21,39,8.652097633690104,613.4539651978529
0.0,21,40,8.515591363451307,618.9242828241647
0.0,21,41,8.564770734792319,616.8851473186446
0.0,21,42,15.9606396583536,573.5873220577311
0.0,21,43,8.797489557366044,608.2017659840039
0.0,21,44,8.751313442807758,609.8853632092537
0.0,22,0,8.748809136779093,609.959670060755
0.0,22,1,8.586506452360464,615.9516059275027
0.0,22,2,8.62340326696592,614.6334634048488
0.0,22,3,8.540638028755684,617.9316296489623
0.0,22,4,8.482693592756085,620.3861336783215
0.0,22,5,8.473124347023477,620.9122655773199
0.0,22,6,8.519223561893188,618.9928149206115
0.0,22,7,8.533886345663307,618.3121740382539
0.0,22,8,8.351362359802799,626.7534782410879
0.0,22,9,8.376033744621106,625.7084924503232
0.0,22,10,8.292769313916061,629.9424065436874
0.0,22,11,8.303368769084521,629.5448240076049
0.0,22,12,8.326043811560211,628.3996256658363
0.0,22,13,8.350114180661263,627.0203059387622
0.0,22,14,8.202511094166988,635.4500757720166
0.0,22,15,8.136866753798703,639.5185927056764
0.0,22,16,8.12313706251182,640.5674160267564
0.0,22,17,8.13897148723391,639.6771283040841
0.0,22,18,8.056140648169958,645.3546336991604
0.0,22,19,8.075809109458078,644.1250462119712
0.0,22,20,8.062566198788758,645.1277584737846
0.0,22,21,7.967908268436292,652.4350762345538
0.0,22,23,7.8941288365277815,658.1661896366321
0.0,22,24,7.932048657639314,654.8302202993082
0.0,22,25,8.019170809865537,648.1581854269584
0.0,22,26,15.85596966899968,598.4431974509461
0.0,22,27,8.182404874247174,636.8316173598166
0.0,22,28,7.96829197965927,650.3102686398388
0.0,22,29,8.260946921519093,632.0146286985955
0.0,22,30,8.25070394534614,632.6465493332294
0.0,22,31,8.230683443201498,633.7082571678193
0.0,22,32,8.331781041103028,628.0901379404986
0.0,22,33,8.264391252500122,631.5716548699937
0.0,22,34,8.308758694406915,629.1403881918981
0.0,22,35,8.37484246498844,625.7661681309075
0.0,22,36,8.396169443891795,624.6583075136209
0.0,22,37,16.29983836087601,572.4643216347711
0.0,22,38,8.406257671343212,623.9287967493647
0.0,22,39,8.570669126787825,616.7886982951559
0.0,22,40,8.71492401657248,610.8830520793832
0.0,22,41,8.65121193647571,613.549348045445
0.0,22,42,8.631338535326208,614.328722752243
0.0,22,43,8.520292419267735,618.4168053134167
0.0,22,44,8.675795656776181,612.5962679497491
0.0,23,0,8.712219162424013,611.2552741703504
0.0,23,1,8.542942524692025,617.3937421638991
0.0,23,2,8.706907131927352,611.4689960113202
0.0,23,3,8.399207359169216,623.2433306647174
0.0,23,4,8.443608633424633,621.7771131172349
0.0,23,5,8.486737121712705,620.2206687707054
0.0,23,6,8.462340879161605,621.3681213942165
0.0,23,7,8.535787167065756,618.2690773945991
0.0,23,8,13.633231937943748,576.6116686226407
0.0,23,9,8.39829861298686,624.5587479718095
0.0,23,10,11.40289526825443,556.7959956708494
0.0,23,11,8.313287104171003,628.9132456995859
0.0,23,12,8.217489036975534,634.0105700772723
0.0,23,13,8.246577672903939,632.6863278642697
0.0,23,14,8.289484293372915,630.4154932902957
0.0,23,15,8.276559634594486,631.1424443336862
0.0,23,16,8.08539023081369,642.6317249876996
0.0,23,17,8.09383574962424,642.4110546336428
0.0,23,18,7.970258217028039,650.7302717457266
0.0,23,19,8.153796858092413,638.6873933255483
0.0,23,20,13.154811593429127,613.5962146897743
0.0,23,21,9.352810656322657,600.499291807374
0.0,23,22,7.967694585790028,652.4516748914709
0.0,23,24,7.942236481328121,654.429235302265
0.0,23,25,10.817686229466311,557.5186190971477
0.0,23,26,8.02005377652389,648.0953105263884
0.0,23,27,14.664702948087243,614.6833332785288
0.0,23,28,8.162354342612815,638.145215288215
0.0,23,29,8.016948134808981,647.248823357819
0.0,23,30,8.229293165549254,633.9289446594012
0.0,23,31,8.195473104466048,635.8594972882732
0.0,23,32,8.116008294775986,640.1299021828899
0.0,23,33,8.351005231428168,627.0531128588304
0.0,23,34,8.239211427547156,632.881005767548
0.0,23,35,8.34136924834144,627.5046611083839
0.0,23,36,8.320463137400044,628.3989376691208
0.0,23,37,8.351757284659257,626.7350116299343
0.0,23,38,8.392988800783089,624.67907544867
0.0,23,39,8.513227119147741,619.2548261550168
0.0,23,40,8.460508608149595,621.4455780537675
0.0,23,41,17.614116811614437,564.5989661448954
0.0,23,42,8.52313290311917,618.6253953991824
0.0,23,43,8.554011130976589,617.2983518304156
0.0,23,44,8.527850328170338,618.1354185511967
0.0,24,0,8.712343094467673,611.192999835691
0.0,24,1,8.64942810186342,613.4555490258151
0.0,24,2,8.671141428881663,612.7643372903844
0.0,24,3,8.704846161080477,611.5457275413115
0.0,24,4,8.489398077866044,619.7797076053885
0.0,24,5,8.622944728783285,614.6696382369337
0.0,24,6,8.585320136832047,616.1865615182932
0.0,24,7,8.587290978096146,616.0860330947263
0.0,24,8,8.447155676818836,622.1417811212215
0.0,24,9,15.624332705455675,581.393202866189
0.0,24,10,8.30939821843259,628.7157135078935
0.0,24,11,15.218568976606502,569.7462149574249
0.0,24,12,8.328341525449252,628.1581243771789
0.0,24,13,8.118722563242489,639.1464267113906
0.0,24,14,8.251359725767216,632.4283659591279
0.0,24,15,8.186733078661273,636.1694149970031
0.0,24,16,8.207147837892714,635.1803421225873
0.0,24,17,8.183165006743904,636.7186253130272
0.0,24,18,8.236001562640126,633.4659816786833
0.0,24,19,8.179759353469628,637.004936984268
0.0,24,20,8.035454043188679,646.7669613743146
0.0,24,21,7.974803909517084,651.317494356253
0.0,24,22,7.98759304084577,650.7011411507375
0.0,24,23,13.374108219084803,586.9118945723426
0.0,24,25,8.067279557335075,644.7160126573792
0.0,24,26,8.139055281897754,639.441684384444
0.0,24,27,7.9470058932287095,653.29695472844
0.0,24,28,8.09631917669309,642.6115423203894
0.0,24,29,8.165642599087235,637.9297872401407
0.0,24,30,8.226393761510767,634.0705045257425
0.0,24,31,14.266537853420925,587.1264102008272
0.0,24,32,8.249651797499418,632.7077560108512
0.0,24,33,8.396409405314179,624.4278392823353
0.0,24,34,8.20915469804401,634.7050637852118
0.0,24,35,8.351975780927315,627.0172593917796
0.0,24,36,8.202436171633137,634.4734662634272
0.0,24,37,8.416294294459167,623.7592820811243
0.0,24,38,8.422955716151858,623.4057865188206
0.0,24,39,8.294364218322768,629.1357392869373
0.0,24,40,8.520844993991354,618.9219673458779
0.0,24,41,8.58397179585981,616.2263468183961
0.0,24,42,8.488602700190292,620.1443275910685
0.0,24,43,8.451046291217255,621.4823427542267
0.0,24,44,8.565113946418638,616.8719668526242
0.0,25,0,8.680884782830791,612.1448904979451
0.0,25,1,8.663022657666794,612.870790646413
0.0,25,2,8.721113213584623,610.9436158394161
0.0,25,3,8.550538440265672,617.1194452126285
0.0,25,4,8.604839198424362,615.2690636894315
0.0,25,5,8.533096753655276,618.1015333618226
0.0,25,6,8.633888301886833,614.2359209153947
0.0,25,7,8.555041455599921,617.4255928808877
0.0,25,8,8.499417780007514,619.8007479722704
0.0,25,9,8.354604773032879,626.1857414449801
0.0,25,10,8.373089867707106,625.5782717063121
0.0,25,11,8.441899894842516,622.51996032737
0.0,25,12,8.399410195992706,624.5767239674815
0.0,25,13,8.268465772956674,631.161458518468
0.0,25,14,8.253131797812209,632.1571465137652
0.0,25,15,8.221714310697088,634.0275510724788
0.0,25,16,8.296307998748784,630.0333755061646
0.0,25,17,8.18053377593737,636.728563995951
0.0,25,18,8.098976585281205,641.8100665648852
0.0,25,19,8.160062539989552,638.2440649838574
0.0,25,20,8.064978548452554,644.5247289997557
0.0,25,21,7.9973903706989535,649.36566609768
0.0,25,22,7.8993358152927025,656.6914786122489
0.0,25,23,8.024003777026657,647.9944262163076
0.0,25,24,7.900154678755889,657.6981081638017
0.0,25,26,11.542938223363944,559.2257233816113
0.0,25,27,7.932566460401396,654.7917276837715
0.0,25,28,7.988069169147329,650.3728925727139
0.0,25,29,8.015557305226945,648.125362798525
0.0,25,30,8.147736968672694,639.1028633185279
0.0,25,31,8.162999951278598,638.0592430655506
0.0,25,32,8.253820061344435,632.445637966367
0.0,25,33,8.270635204445549,631.4870866644657
0.0,25,34,8.09812698747142,641.1312299290657
0.0,25,35,8.1335881581172,638.7814069712498
0.0,25,36,8.114043551122565,639.3897353416266
0.0,25,37,8.230475090068856,633.0670498508192
0.0,25,38,8.377313272849216,625.6465442230897
0.0,25,39,8.393036506378854,624.8048030756856
0.0,25,40,8.558102614331485,617.2178853104446
0.0,25,41,8.32415870382748,627.5160655244271
0.0,25,42,8.53004342283011,618.506092337765
0.0,25,43,8.51347196867407,619.1266543516048
0.0,25,44,11.60238461441067,554.550748549519
0.0,26,0,8.642040289789534,613.2479719216544
0.0,26,1,13.134582208472079,553.2284705209662
0.0,26,2,8.445834117446076,620.2591464804785
0.0,26,3,8.519960770921841,617.9922411971475
0.0,26,4,17.75540137590526,554.5844635665718
0.0,26,5,8.429923859453066,621.7812963095936
0.0,26,6,8.516006260020735,618.7578650631685
0.0,26,7,8.56831245077609,616.8348328276445
0.0,26,8,8.447616428873442,621.8215233450072
0.0,26,9,12.633599064050834,560.2014649830784
0.0,26,10,8.412543136069926,623.6541568600558
0.0,26,11,8.40370271460586,624.1949333503298
0.0,26,12,8.322637641007876,628.0966406270693
0.0,26,13,15.02516980444516,564.1751661322716
0.0,26,14,8.227752594683457,633.2036086914197
0.0,26,15,8.328792584265505,628.2227856181937
0.0,26,16,8.091853629177423,641.0327243245512
0.0,26,17,8.184613930001806,636.2880843042776
0.0,26,18,8.177518104038581,636.903994909294
0.0,26,19,13.040359071023417,563.9446231077031
0.0,26,20,14.56714017046145,604.3898386535221
0.0,26,21,8.113034426674126,641.3763784607081
0.0,26,22,8.134504231114345,640.0045505406742
0.0,26,23,8.046381706755048,646.2205330590452
0.0,26,24,8.050213735042355,646.0460205471821
0.0,26,25,8.05711329520096,645.5057178592044
0.0,26,27,7.926463597313679,655.6544573543497
0.0,26,28,7.989133690919014,650.586611728941
0.0,26,29,10.752524626132196,562.0605167660844
0.0,26,30,8.105463746843888,641.9872190197294
0.0,26,31,8.16769475218948,637.7953417245293
0.0,26,32,8.285572324994654,630.3469893113364
0.0,26,33,8.115603066854836,640.8045511663723
0.0,26,34,8.136624891972382,639.2828788804528
0.0,26,35,8.220028070822082,634.304942847877
0.0,26,36,8.312456943964413,629.1325523711927
0.0,26,37,8.24569341606465,632.5439423646383
0.0,26,38,8.290942664103579,630.034030273121
0.0,26,39,8.383425850272062,625.3506044174222
0.0,26,40,8.325558636114865,627.960055451585
0.0,26,41,8.542006969231448,617.945217966071
0.0,26,42,8.52822708810281,618.5994108448411
0.0,26,43,8.508839089643617,619.4024754633322
0.0,26,44,8.43548689980632,622.3178747815989
0.0,27,0,8.692460663114009,611.4725129323878
0.0,27,1,8.810832859202227,607.8293859688755
0.0,27,2,11.147574630879115,586.7007412350958
0.0,27,3,8.736322441080604,610.3772664398834
0.0,27,4,8.651942690705212,613.3674347854912
0.0,27,5,8.626666476929298,614.3703772219976
0.0,27,6,8.515720777426663,618.5870110558074
0.0,27,7,8.776208021405592,608.7652534748293
0.0,27,8,16.83930195434972,554.4265905696674
0.0,27,9,8.502715500427552,619.566818882088
0.0,27,10,12.40619561591566,564.9159241130043
0.0,27,11,8.268061950525363,629.9671819951001
0.0,27,12,8.480179491099706,620.7390882074163
0.0,27,13,8.445178493562514,622.3666536749753
0.0,27,14,8.298646484026905,629.4551886926955
0.0,27,15,8.360468731995514,626.5466417273934
0.0,27,16,8.193873690331746,635.2385681027494
0.0,27,17,12.22293453417594,571.6478610166836
0.0,27,18,8.223803142488254,634.0935442102519
0.0,27,19,8.132269713061344,639.5362330382584
0.0,27,20,8.2042431692142,635.4438867676304
0.0,27,21,13.86069011841521,602.8240675637235
0.0,27,22,8.192863374553957,636.1464353113963
0.0,27,23,8.02148972287254,647.7203414028427
0.0,27,24,8.128391691367614,640.380709347159
0.0,27,25,7.976744670602787,651.5075913583089
0.0,27,26,8.000894287640964,649.8727548415193
0.0,27,28,7.896136977107158,658.0101992597748
0.0,27,29,8.019637693726358,648.3189937508714
0.0,27,30,8.153122694009843,638.6196470041882
0.0,27,31,8.118702623298026,641.0833669076478
0.0,27,32,8.034621428811684,646.5135565380767
0.0,27,33,8.149281164816891,638.9224291097213
0.0,27,34,8.156755308895871,638.3157977357477
0.0,27,35,8.172122944083934,637.217847964348
0.0,27,36,8.205652435053196,635.1099579801112
0.0,27,37,8.18871787736901,635.8075027057116
0.0,27,38,8.353015059751355,626.9632168929295
0.0,27,39,8.233225203503421,632.9291057043724
0.0,27,40,8.269860239414701,630.8488717574847
0.0,27,41,8.362065388179873,626.2530066704239
0.0,27,42,8.356381658742253,626.3332849985188
0.0,27,43,8.399619659148824,624.2188410044139
0.0,27,44,8.358502490888496,625.7577420540822
0.0,28,0,8.787426218994,608.4123950139359
0.0,28,1,8.715552188821064,610.7519620508722
0.0,28,2,8.743984430156686,609.9753569666027
0.0,28,3,17.57055440764738,580.271306921193
0.0,28,4,8.656444315380522,613.094573786904
0.0,28,5,8.621871575616094,614.4211630999306
0.0,28,6,8.562752704919104,616.6783745445879
0.0,28,7,8.537814689038138,617.7644377311956
0.0,28,8,8.574339603281276,616.517670997035
0.0,28,9,8.51517144139562,618.9409252377096
0.0,28,10,8.49713211030922,619.795296318512
0.0,28,11,8.37537237528122,625.0445916066284
0.0,28,12,8.609474516277002,615.0493496082299
0.0,28,13,8.407815186840402,624.0090982792315
0.0,28,14,8.440842678966309,622.5693955406064
0.0,28,15,8.314641313535667,628.6808006712341
0.0,28,16,8.333019073065714,627.9235012138914
0.0,28,17,8.358615605416343,626.6719885183502
0.0,28,18,8.292732038490694,630.1965879099499
0.0,28,19,8.285941741066868,630.61387117486
0.0,28,20,8.227619408616116,633.9894478641587
0.0,28,21,8.06694089909558,643.7474804199404
0.0,28,22,8.125987635806194,640.3880579550744
0.0,28,23,8.154716349193292,638.6456136076199
0.0,28,24,8.108084590555116,641.8082872854516
0.0,28,25,7.999589445239042,649.5525487840193
0.0,28,26,7.988238605510164,650.6531509230866
0.0,28,27,7.980678432529251,651.4431025003205
0.0,28,29,7.8944564104056525,658.1407440213288
0.0,28,30,8.092956785510108,642.8685716631664
0.0,28,31,7.899884476103454,656.6524091937197
0.0,28,32,8.079895524643996,643.7328272454425
0.0,28,33,8.099569394591493,642.2585315413404
0.0,28,34,8.090537518290276,642.6185793491759
0.0,28,35,8.117561847444684,640.6860905024804
0.0,28,36,8.208466529397985,635.1036297802134
0.0,28,37,8.186094254223919,636.2051882558127
0.0,28,38,15.668091512064507,582.9651037166363
0.0,28,39,8.24845162352453,632.4005155767244
0.0,28,40,8.292190072933593,629.9714609462837
0.0,28,41,8.312419503596658,628.7883693703434
0.0,28,42,8.41376965965661,623.835324772894
0.0,28,43,8.447658839313933,622.2086367641248
0.0,28,44,8.467603474178166,621.2483259754929
0.0,29,0,8.788465627493375,608.2618421458608
0.0,29,1,8.701110233441739,611.031512399617
0.0,29,2,8.803053635491102,608.0215558693216
0.0,29,3,8.665222452938277,612.5037771740427
0.0,29,4,8.777546172692368,608.9512680183765
0.0,29,5,8.705349818779448,611.430898249566
0.0,29,6,8.683307093274857,612.2683881104623
0.0,29,7,8.592210362612516,615.614625794548
0.0,29,8,8.555336033707139,617.1121045912112
0.0,29,9,8.45335456448238,621.1638981950492
0.0,29,10,8.318752848053053,626.7254162260657
0.0,29,11,8.551117332807415,617.5861715789265
0.0,29,12,8.273100818932784,629.3679766680659
0.0,29,13,8.432957081357051,622.7621808618155
0.0,29,14,8.424684805585793,623.2467911753389
0.0,29,15,8.34056206405577,627.2584980154659
0.0,29,16,8.344878315042841,627.2168793609607
0.0,29,17,8.20830044897588,634.1793174030912
0.0,29,18,8.348055982112985,627.2210889301248
0.0,29,19,8.266411091921364,631.6164386971088
0.0,29,20,8.238704059707674,633.2591140647856
0.0,29,21,8.114075243174389,640.5946613345668
0.0,29,22,8.163760589726973,637.8921411902911
0.0,29,23,8.133484864122854,639.91633234939
0.0,29,24,8.128223170368688,640.3812975014599
0.0,29,25,12.491259910866848,601.8884011008874
0.0,29,26,8.096464437776683,642.654207305445
0.0,29,27,7.971083407991656,651.9284404172555
0.0,29,28,8.07225374385653,644.3296227611693
0.0,29,30,8.000404818424228,649.9107763268489
0.0,29,31,7.966305445627365,652.2836263718409
0.0,29,32,7.9311430475945555,654.4265272129364
0.0,29,33,12.15052844752445,603.05792254289
0.0,29,34,8.019752025554402,647.4877161100761
0.0,29,35,8.060012818001411,644.5391934913513
0.0,29,36,8.15144244289257,638.6371025501726
0.0,29,37,8.132509178959587,639.5223025701395
0.0,29,38,8.334587510666845,627.8897773485601
0.0,29,39,8.350185542988068,627.0973299341484
0.0,29,40,15.658302669253814,584.8993851922311
0.0,29,41,8.267890906621137,631.1902934912293
0.0,29,42,8.23641032064087,632.4683461259438
0.0,29,43,8.447254176452734,622.2695951379266
0.0,29,44,8.435127814347421,622.7748907794171
0.0,30,0,8.819569747258369,607.2282101454089
0.0,30,1,8.808104941907633,607.6821341035709
0.0,30,2,8.861652893449541,606.1601079977598
0.0,30,3,8.817516294188643,607.5702612426358
0.0,30,4,8.603598360548133,614.4820363032202
0.0,30,5,8.656989280839348,612.9343806183513
0.0,30,6,8.67620144149074,612.4224725894262
0.0,30,7,8.625615853688844,614.2899590587535
0.0,30,8,8.60831952940321,615.0329058826618
0.0,30,9,8.568109956648978,616.6365216139919
0.0,30,10,8.51145404104156,618.9326853867584
0.0,30,11,8.549952999922159,617.562457322309
0.0,30,12,8.388010358821884,624.2606583135582
0.0,30,13,8.490541504294074,620.1759799447843
0.0,30,14,8.431575922817604,622.8225298168865
0.0,30,15,8.589673626796948,615.7912492113876
0.0,30,16,8.381688291883373,625.3354434264999
0.0,30,17,16.30329465208976,594.680606261286
0.0,30,18,8.338822945756915,627.6323822169761
0.0,30,19,8.330771857546148,628.1198634076004
0.0,30,20,8.25427777790874,632.2709552589009
0.0,30,21,8.239963943160436,633.1885623854978
0.0,30,22,8.113580499130842,640.6234421178693
0.0,30,23,8.101125462331144,641.6801094868555
0.0,30,24,8.086732894919704,642.8579662516522
0.0,30,25,8.118965262003732,640.9878235263694
0.0,30,26,15.167305101617028,581.785093268392
0.0,30,27,8.04259427543598,646.4902310882393
0.0,30,28,8.010410012802353,649.004964549239
0.0,30,29,7.934461607258092,655.0331798411369
0.0,30,31,7.9384184608481,654.7258153622686
0.0,30,32,8.086398955940846,643.3560700522235
0.0,30,33,8.005922298125821,649.1015946151238
0.0,30,34,9.67621646180499,588.6388454171149
0.0,30,35,12.552878521246678,584.8055746956421
0.0,30,36,8.114724017786132,641.0967648008966
0.0,30,37,8.132061101748494,639.80922287388
0.0,30,38,8.247796003790185,632.8157132410518
0.0,30,39,8.347844382847141,627.147411384174
0.0,30,40,8.234064899461918,633.3613138939096
0.0,30,41,8.311554775096258,629.1191516949946
0.0,30,42,8.168098281819368,636.1958355452211
0.0,30,43,8.365650580261972,626.2111922821766
0.0,30,44,8.337447928337742,627.4041144091776
0.0,31,0,8.935467431505787,603.8513729820693
0.0,31,1,8.950753483144286,603.45991181545
0.0,31,2,8.756717041129425,609.1989884463017
0.0,31,3,8.647922407563478,612.645409971116
0.0,31,4,8.887116720603837,605.3984407556073
0.0,31,5,8.818796543723053,607.5737354433396
0.0,31,6,8.804735218218042,608.0529615993073
0.0,31,7,13.392316106148495,572.1145190502984
0.0,31,8,8.576595609469544,616.0076878214393
0.0,31,9,8.704102568221451,611.5740739253365
0.0,31,10,8.670281701386678,612.8325889637575
0.0,31,11,8.534426321769622,618.05047353165
0.0,31,12,8.523631103112793,618.6056506627256
0.0,31,13,8.428357529669979,622.6096151360334
0.0,31,14,8.562077075957646,617.1519150636557
0.0,31,15,8.496185955016488,619.9994303544186
0.0,31,16,8.35234746053245,626.5155830101252
0.0,31,17,8.48357371928511,620.571300224867
0.0,31,18,8.326291652688262,628.116750702412
0.0,31,19,8.351858482574482,626.9785270060696
0.0,31,20,8.249759444981292,632.3325088609728
0.0,31,21,8.261112929907368,631.9022414696747
0.0,31,22,8.223004166029511,634.1382857542036
0.0,31,23,8.156020306021933,638.1545879669933
0.0,31,24,8.172784854891152,637.3463830548335
0.0,31,25,8.12262883739491,640.5993935511124
0.0,31,26,8.210080795510082,635.0184468414261
0.0,31,27,8.13711278762971,639.8264576848294
0.0,31,28,8.097184010909654,642.6029674440523
0.0,31,29,8.05923592294781,645.3753257657418
0.0,31,30,7.8431968120375775,662.1225389957971
0.0,31,32,7.906290094298882,657.2215151440919
0.0,31,33,7.901849196102023,657.0751991744573
0.0,31,34,8.09833346854428,642.521116069708
0.0,31,35,8.031676184118144,647.0248855200591
0.0,31,36,8.09357440257371,642.6512896606229
0.0,31,37,8.204297283821758,635.460814901935
0.0,31,38,8.136847900632505,639.5197328837013
0.0,31,39,8.09895496975605,641.4742541632298
0.0,31,40,8.237870018289632,633.3058191965258
0.0,31,41,8.27665340851276,631.0639296436705
0.0,31,42,8.402790619204186,624.3748878013823
0.0,31,43,8.23217874825834,632.9815953121695
0.0,31,44,8.284813677925115,630.1249025738318
0.0,32,0,19.824539405231686,556.8574778882356
0.0,32,1,8.956519664064878,603.2626589942391
0.0,32,2,8.836952088982112,606.7288963482677
0.0,32,3,8.83980504874137,606.7464188089665
0.0,32,4,8.647606686448048,612.6549900119063
0.0,32,5,8.882566268339179,605.5404336421836
0.0,32,6,8.774942326649445,608.9815453098046
0.0,32,7,8.79929638138307,608.2326568385724
0.0,32,8,8.69503267228045,611.7818686527434
0.0,32,9,8.71905735391892,611.0156556534982
0.0,32,10,8.612171675653007,614.8938006014192
0.0,32,11,8.634447588663793,614.1667205451326
0.0,32,12,8.648502966463521,613.6695516052949
0.0,32,13,8.454886217422954,621.3301582260946
0.0,32,14,8.550862940771703,617.5965815339779
0.0,32,15,8.483352782202976,620.4798729802397
0.0,32,16,8.455117946442552,621.7938741734963
0.0,32,17,10.84371144897556,561.5397776256476
0.0,32,18,8.211921408016138,633.2737106180325
0.0,32,19,8.487113506200739,620.3305772467294
0.0,32,20,11.413082566236685,562.7525993352763
0.0,32,21,8.295878603300734,629.9343126283619
0.0,32,22,8.20983134993991,634.6685626387011
0.0,32,23,8.269944589303947,631.5096888937306
0.0,32,24,8.198160109816712,635.7031859193163
0.0,32,25,8.175525051986023,637.1806648683578
0.0,32,26,8.200243793986886,635.7158604823452
0.0,32,27,8.02422218113049,647.1948566881191
0.0,32,28,8.067009603483564,644.6125821927237
0.0,32,29,8.136885704328863,639.7758617967722
0.0,32,30,7.937289420741449,654.4406304902506
0.0,32,31,7.9580203759043115,653.2031579606182
0.0,32,33,7.927863232130328,655.5457351041479
0.0,32,34,8.065828379770824,644.8852532429346
0.0,32,35,8.041600854825294,646.5609712702496
0.0,32,36,8.083864613330041,643.4618473624934
0.0,32,37,12.464511844545218,588.5061669012953
0.0,32,38,8.032816540109632,646.250383296302
0.0,32,39,8.137870030575238,639.4579177971992
0.0,32,40,8.086053961143199,642.2247455296506
0.0,32,41,8.165488133019045,637.3591017002864
0.0,32,42,8.272832466307971,631.2700456274885
0.0,32,43,8.226675594948079,633.5328690626999
0.0,32,44,8.33500912295833,627.8236814281425
0.0,33,0,8.897639083161579,604.6952896304072
0.0,33,1,9.030888659211914,601.1830356485399
0.0,33,2,17.693073869012157,562.5103128435429
0.0,33,3,8.935588510828872,603.8955309069793
0.0,33,4,8.858688631985355,606.1890182377001
0.0,33,5,11.326558537645571,557.4814405241534
0.0,33,6,8.810996740388697,607.7736982219516
0.0,33,7,9.02505073876685,600.952554855505
0.0,33,8,8.572311488505026,615.7320736942154
0.0,33,9,19.5596927666414,566.088068892481
0.0,33,10,8.761406963265589,609.5316740205665
0.0,33,11,8.71495140393754,611.1823104133666
0.0,33,12,8.561070100037867,616.898620890898
0.0,33,13,8.622428968369332,614.6708797059337
0.0,33,14,8.476652681930224,620.4675064581446
0.0,33,15,8.655026959990595,613.3340944832153
0.0,33,16,8.587307186626848,616.0853479020685
0.0,33,17,8.517969744572309,619.0475997718822
0.0,33,18,8.484624612453958,620.5382213332355
0.0,33,19,8.327422584197851,627.8728975938401
0.0,33,20,8.3496805340189,626.9843804243851
0.0,33,21,8.497997716085477,619.6482650700748
0.0,33,22,8.362171836434669,626.4870645053973
0.0,33,23,8.11358320000059,639.8605496021629
0.0,33,24,8.303527189257258,629.6291111177762
0.0,33,25,8.265764619423141,631.7704235816346
0.0,33,26,8.133340072344119,639.7318749020646
0.0,33,27,8.290498307261483,630.0370465071076
0.0,33,28,8.059154292300462,644.9063014665295
0.0,33,29,8.191584195703378,636.1075546943832
0.0,33,30,8.05472583329612,645.6263587245453
0.0,33,31,7.994701060879779,650.1727424969806
0.0,33,32,7.959738162317176,653.0697220086461
0.0,33,34,8.136538075702287,639.3360793540891
0.0,33,35,7.852844441590972,660.7181329573441
0.0,33,36,8.071772499805341,644.4124879043096
0.0,33,37,8.099041605939988,642.4256750805729
0.0,33,38,8.10362072057942,641.9931114755758
0.0,33,39,8.135403453751996,639.7956146899245
0.0,33,40,8.19108961889454,636.239370606647
0.0,33,41,8.263844821129732,631.8821041554338
0.0,33,42,8.365661246238089,626.1496924053929
0.0,33,43,8.30462749223309,629.5549024251493
0.0,33,44,8.232545140615755,633.2276526879807
0.0,34,0,8.890366398257726,604.7490738911999
0.0,34,1,8.889396076037762,604.913981656141
0.0,34,2,8.892921099362221,604.9403585648066
0.0,34,3,9.004502306748213,601.9208510486234
0.0,34,4,9.072607936627458,599.9596003594779
0.0,34,5,8.711385314618186,610.5370782530605
0.0,34,6,8.879210426898595,605.6273533659049
0.0,34,7,8.767505582832623,609.1308017894125
0.0,34,8,8.558066669497656,615.943696507759
0.0,34,9,8.707707632084126,611.2586829391234
0.0,34,10,8.63609355369113,613.7868693781111
0.0,34,11,16.03430452343759,558.9460738022619
0.0,34,12,8.656829439368197,613.2811591339262
0.0,34,13,8.701432692738447,611.6728135934302
0.0,34,14,8.673082575389092,612.7256130105703
0.0,34,15,8.46647387644386,620.8709143954097
0.0,34,16,8.546041803758728,617.7938668753258
0.0,34,17,8.4272208923016,622.8527690515879
0.0,34,18,8.37153388575587,625.4460332696116
0.0,34,19,8.426895995121985,623.1468715792336
0.0,34,20,8.341541829787836,627.2126843562347
0.0,34,21,8.383351146375784,625.3542211988579
0.0,34,22,8.34818594940876,627.1627392085466
0.0,34,23,8.283341911635318,630.5862205949635
0.0,34,24,8.296998215502216,629.966454287209
0.0,34,25,8.319381348714284,628.7413007644155
0.0,34,26,8.274150143514246,631.2826118436425
0.0,34,27,8.214934791611375,634.79729230278
0.0,34,28,8.150278089558844,638.8597026049576
0.0,34,29,8.163409554883541,638.0760837221237
0.0,34,30,8.04961012183093,645.8004895121505
0.0,34,31,8.10320619785324,642.174135390532
0.0,34,32,7.998166899867913,649.9150976610479
0.0,34,33,8.04817963112667,646.1996760611233
0.0,34,35,7.981863878723425,651.3510182107681
0.0,34,36,8.050896519727532,645.9952634436952
0.0,34,37,8.112670008609731,641.5002298079173
0.0,34,38,8.063937958166832,644.822291310919
0.0,34,39,8.122730021878931,640.7411776586607
0.0,34,40,8.272864295400918,631.1465785333743
0.0,34,41,8.102438369274855,641.6007091553499
0.0,34,42,8.218198142867463,634.5375118812678
0.0,34,43,8.264611199905806,631.8083511053103
0.0,34,44,8.324358347170211,628.4905459499746
0.0,35,0,9.145187579441126,598.1712856519646
0.0,35,1,8.876587801272276,605.1053153944562
0.0,35,2,8.860301067879147,605.6858900358594
0.0,35,3,8.810776259822784,607.1774401540645
0.0,35,4,8.862252159450602,605.8987973899414
0.0,35,5,8.925780468487982,604.177270326304
0.0,35,6,8.667027451869265,611.8464218091508
0.0,35,7,8.865377835153195,606.0470807350314
0.0,35,8,19.272730110749315,578.4045723820307
0.0,35,9,8.813400879130544,607.7469472883195
0.0,35,10,8.693934735012176,611.7137295069491
0.0,35,11,17.957251597931705,554.4149670732618
0.0,35,12,14.050612946965014,579.1841442302184
0.0,35,13,8.585803619448203,615.8459804088149
0.0,35,14,8.636542865070485,614.0887117927605
0.0,35,15,8.608138789544,615.2196700206857
0.0,35,16,13.715065026497824,569.2716286798805
0.0,35,17,8.419005845246412,622.9922946261029
0.0,35,18,8.602669878097268,615.4359118987637
0.0,35,19,15.586177976789944,585.3060387553371
0.0,35,20,8.531458756345065,618.4218723432696
0.0,35,21,8.418130353748975,623.6314195467558
0.0,35,22,13.699625989747151,564.0166242665559
0.0,35,23,15.187953160938367,598.4562025982533
0.0,35,24,8.28970460556817,630.2553605104551
0.0,35,25,8.313406795541486,629.0813138070386
0.0,35,26,8.1346934053218,639.0835625998152
0.0,35,27,8.075768996760125,642.8230535538581
0.0,35,28,8.072218754151551,643.4282929534645
0.0,35,29,8.211681572578508,634.9961954533603
0.0,35,30,8.206042845252348,635.2829906046671
0.0,35,31,8.048045438163006,645.9073144865274
0.0,35,32,8.066001870253704,644.8234068850577
0.0,35,33,8.069870859127313,644.5847418994678
0.0,35,34,7.98514371318018,651.09624390951
0.0,35,36,8.083729820381054,643.4381724711409
0.0,35,37,8.06102504259804,645.2423255195314
0.0,35,38,8.044948871554697,646.3225633791066
0.0,35,39,10.760689998526058,572.1179789737029
0.0,35,40,8.133450929444702,640.0388041642434
0.0,35,41,8.173312017314382,637.4104078705791
0.0,35,42,8.004039196548646,647.5515703125328
0.0,35,43,8.218000534074845,634.5490073927615
0.0,35,44,14.556592014116529,584.0495442330529
0.0,36,0,8.955184765415398,602.8308494375246
0.0,36,1,9.188573969664482,597.0777623092096
0.0,36,2,8.89335952976467,604.671687371469
0.0,36,3,8.931223575147339,603.804272496091
0.0,36,4,8.868840148226324,605.5961642458448
0.0,36,5,8.820736276763448,607.0597659849084
0.0,36,6,8.783231193892739,608.2720476991732
0.0,36,7,8.746626153638745,609.4968485705808
0.0,36,8,8.802386853636925,607.9584390283395
0.0,36,9,8.763933361549144,609.2422698330331
0.0,36,10,8.74320719429305,610.0003078240211
0.0,36,11,8.624386462427582,614.0115541819243
0.0,36,12,8.725533758489021,610.7442776361759
0.0,36,13,8.626452148809191,614.2606542642714
0.0,36,14,8.686867620294997,612.1964470449029
0.0,36,15,8.649390000376897,613.610403062891
0.0,36,16,8.43212722814668,621.9790983917303
0.0,36,17,8.421005020159399,622.6729428896263
0.0,36,18,8.599691480108415,615.5984729914012
0.0,36,19,8.512440707028137,619.2502221941612
0.0,36,20,8.451966097605737,621.9315924573938
0.0,36,21,8.37741495804253,625.3828288135335
0.0,36,22,15.572547281891818,588.9394708480057
0.0,36,23,8.350135265868243,626.9623646287858
0.0,36,24,8.38257450789221,625.437828414718
0.0,36,25,8.24374265674521,632.6453818492491
0.0,36,26,8.303227186684165,629.6304401696094
0.0,36,27,8.204582004452194,635.1699005694802
0.0,36,28,8.15809391789425,638.0339595840364
0.0,36,29,7.959268377972568,650.259163454408
0.0,36,30,8.136198081550585,639.7456167088372
0.0,36,31,7.942185168296922,652.5694598196145
0.0,36,32,8.115099572207122,641.3293564634636
0.0,36,33,8.074971261021647,644.1847083029855
0.0,36,34,8.039703665294057,646.8273220459569
0.0,36,35,10.955839766152248,559.69584944851
0.0,36,37,7.9512199340713385,653.7314095657177
0.0,36,38,12.585594975899827,563.2627721250155
0.0,36,39,8.132844984105775,640.0635961974475
0.0,36,40,8.079552579313697,643.7562410043209
0.0,36,41,7.988232959492749,649.5526678349815
0.0,36,42,8.131962604360783,640.0121129336195
0.0,36,43,8.237839184070038,633.4121093217159
0.0,36,44,8.194856786244474,635.895350415586
0.0,37,0,9.220340655499378,596.3294337585655
0.0,37,1,9.061962211461978,600.2064600214111
0.0,37,2,8.928056708361058,603.6439160030133
0.0,37,3,9.056178141868543,600.4620608619458
0.0,37,4,8.787831756899756,607.6085452251085
0.0,37,5,9.177912529050515,597.179078805463
0.0,37,6,8.863513513880195,605.8635243140703
0.0,37,7,8.923755642505554,604.2354341552002
0.0,37,8,8.813973539876253,607.5089063947205
0.0,37,9,8.819794821872804,607.4302227082192
0.0,37,10,8.710811347548248,610.8998958600796
0.0,37,11,8.872697879795208,605.8433925526967
0.0,37,12,8.658731519586599,612.8768183089746
0.0,37,13,16.680664205882614,572.1010349062086
0.0,37,14,8.580078463666501,615.8856443896769
0.0,37,15,8.755632676402886,609.713264463229
0.0,37,16,8.649652864736389,613.6006164205837
0.0,37,17,8.426879318568353,622.1806355442378
0.0,37,18,8.536144392076238,618.1097221280947
0.0,37,19,8.597904069162261,615.671615484073
0.0,37,20,8.480857545891006,620.5853555580072
0.0,37,21,8.31871211825553,627.7540510551125
0.0,37,22,8.26277785337832,630.5630691363373
0.0,37,23,8.321038332853075,628.1714239721199
0.0,37,24,8.369567840644912,626.02153852464
0.0,37,25,12.170447851394258,552.9378580971434
0.0,37,26,8.35657129866318,626.7782924695147
0.0,37,27,8.229049094339127,633.6318852745046
0.0,37,28,8.191930525046981,635.8783654005375
0.0,37,29,8.217407073702896,634.5835308086297
0.0,37,30,8.204354551167325,635.4371507502422
0.0,37,31,8.0263529554667,646.6570720420352
0.0,37,32,7.887500938885743,656.1520626044452
0.0,37,33,8.042718520857653,646.270996818182
0.0,37,34,8.047726088236018,646.1248014126185
0.0,37,35,8.044096651636881,646.5007545829483
0.0,37,36,8.027232979707339,647.8267912553263
0.0,37,38,8.046541340518639,646.3269368574904
0.0,37,39,8.04143895265517,646.6983236046038
0.0,37,40,7.995877893813715,649.8168435052525
0.0,37,41,8.017151914511565,648.0164947254041
0.0,37,42,8.127432787531149,640.43307893434
0.0,37,43,9.885655155355515,582.0846237541149
0.0,37,44,8.183305739190365,636.7101142734931
0.0,38,0,23.03925177860999,555.8924977050335
0.0,38,1,9.16953054799598,597.547606279566
0.0,38,2,8.993863384336285,601.8802015068597
0.0,38,3,8.804052367680614,606.7693578855695
0.0,38,4,8.987548365720086,602.2364631939893
0.0,38,5,8.765330056508432,608.2055291130416
0.0,38,6,8.955634005372248,603.2324741958008
0.0,38,7,8.90299223293783,604.7595238682452
0.0,38,8,8.733911042214595,609.6887861686713
0.0,38,9,8.814891672823169,607.4818051913898
0.0,38,10,9.037874043709206,600.812965456123
0.0,38,11,8.871506724818703,605.8855370335287
0.0,38,12,8.621974682820522,613.892118855578
0.0,38,13,8.64052507468827,613.4783460935802
0.0,38,14,8.839360708524692,606.8720935443482
0.0,38,15,8.683694014231344,612.2548299312564
0.0,38,16,8.65971886977789,613.176818591354
0.0,38,17,18.211808259224323,560.6210499039571
0.0,38,18,8.429950186188375,622.0627040313889
0.0,38,19,8.509790926983076,619.1541665874432
0.0,38,20,8.470388475328047,620.8896703514304
0.0,38,21,8.480511721898496,620.5999747770402
0.0,38,22,8.40721610265065,623.886918625848
0.0,38,23,8.431234200668438,622.9508360341439
0.0,38,24,16.352228221947335,595.8942635264236
0.0,38,25,8.389067321979779,625.0774731463777
0.0,38,26,8.37572986462491,625.7811518796243
0.0,38,27,8.3223190962713,628.5594069938924
0.0,38,28,15.177725957447617,558.1206984634272
0.0,38,29,8.218495630188796,634.3907573411543
0.0,38,30,8.13571863734638,639.3355985005231
0.0,38,31,8.161036133706201,638.0569074079257
0.0,38,32,8.210167297211482,635.0914736594535
0.0,38,33,7.937958817745944,652.8463465091892
0.0,38,34,8.044919512985533,646.1207294302847
0.0,38,35,8.090526097197802,643.0770687690293
0.0,38,36,8.06727701892193,644.7775637635068
0.0,38,37,8.019516191004634,648.4262237802327
0.0,38,39,7.935918878772392,654.9199804291866
0.0,38,40,8.144734985161644,639.0194644773503
0.0,38,41,8.034295941355722,647.0811446015142
0.0,38,42,8.089964957917882,643.0453611629849
0.0,38,43,8.127985785365725,640.3968496301422
0.0,38,44,8.135394389390486,639.7961850195506
0.0,39,0,14.413705226322687,550.0677970410464
0.0,39,1,9.103249589560553,599.0646697742601
0.0,39,2,9.315902999612213,594.03832619433
0.0,39,3,9.188117724311786,597.1057940571494
0.0,39,4,9.099861337414724,599.3137015902362
0.0,39,5,8.96539599410975,602.8092061351966
0.0,39,6,9.103319384289703,599.2384653147631
0.0,39,7,12.327051706031604,577.2886164358794
0.0,39,8,8.893940754856295,605.0126434241964
0.0,39,9,8.690122046010144,610.9466402780505
0.0,39,10,8.689659865491896,611.1783642631123
0.0,39,11,8.7370339420737,609.9414662252715
0.0,39,12,8.796361038027143,608.2303925249614
0.0,39,13,8.735547008895264,610.2462154083214
0.0,39,14,8.693562568145925,611.7260256313057
0.0,39,15,15.702551307743114,568.4245698891692
0.0,39,16,8.734859353649659,610.461934433261
0.0,39,17,8.712771019694346,611.2610465110375
0.0,39,18,8.611645073889488,615.015675710576
0.0,39,19,8.59078349657222,615.8861708957984
0.0,39,20,8.609546250817864,615.2006487141219
0.0,39,21,8.468246737428796,620.9773122274845
0.0,39,22,8.361214964533273,625.6430760760323
0.0,39,23,8.397684566130854,624.3033938187824
0.0,39,24,8.390321602949273,624.79960122266
0.0,39,25,8.44742483819107,622.2616150275103
0.0,39,26,8.409037585917703,624.11061487693
0.0,39,27,8.339774586706666,627.5846484410209
0.0,39,28,8.254387060666044,632.0918728453657
0.0,39,29,8.241461574308962,632.9623094517148
0.0,39,30,8.196697196499334,635.6114385869188
0.0,39,31,8.219022278598926,634.4895693699664
0.0,39,32,8.10491057128565,641.451198437819
0.0,39,33,8.054813786028838,644.8663165830656
0.0,39,34,8.042296817487031,646.0107082920824
0.0,39,35,8.155243331729952,638.5886388536799
0.0,39,36,12.05068655652751,575.893439708713
0.0,39,37,7.826693556685091,662.6621472275215
0.0,39,38,8.023631083686855,648.1065829807693
0.0,39,40,8.034659371288065,647.2499164920431
0.0,39,41,8.056625296326256,645.5693955046692
0.0,39,42,8.013978404328748,648.5279298320905
0.0,39,43,8.048087072739497,645.9044719870127
0.0,39,44,8.116636539658927,641.1403883013955
0.0,40,0,9.171267988450225,597.3582122189314
0.0,40,1,9.36592166048789,592.9791730011983
0.0,40,2,9.288116869067967,594.7399191694838
0.0,40,3,8.995664358644037,601.7160488317777
0.0,40,4,9.033809733289006,600.8983951490062
0.0,40,5,9.17781018059605,597.3490560154208
0.0,40,6,8.942484733256746,603.401569930755
0.0,40,7,8.924218045497728,603.990133486795
0.0,40,8,8.978336228771742,602.6142159304372
0.0,40,9,8.876448661143307,605.5018001070504
0.0,40,10,8.836978682656982,606.7281324357299
0.0,40,11,8.931741644833822,604.0326588980371
0.0,40,12,8.726612052452722,610.2577014176672
0.0,40,13,8.671304301615073,612.1326787058023
0.0,40,14,8.863923997885465,606.1250520678809
0.0,40,15,8.506154652226947,617.9178477640625
0.0,40,16,8.793808576544656,608.4216935357971
0.0,40,17,8.593056022505216,615.4308950010982
0.0,40,18,8.495612293779958,619.1028893912793
0.0,40,19,8.580671323546902,616.1688522617923
0.0,40,20,8.572503382747243,616.5881879623679
0.0,40,21,8.58135139445953,616.3180714667462
0.0,40,22,8.441218279310352,622.0833414839963
0.0,40,23,8.566946597433398,616.9460629464462
0.0,40,24,8.364474838661334,625.7544744107145
0.0,40,25,8.314698898948636,628.2168523974087
0.0,40,26,8.434800146681702,622.8519432006445
0.0,40,27,8.354209607891862,626.7651057798123
0.0,40,28,8.288427275114106,630.160200773135
0.0,40,29,8.444900173968405,622.185190953643
0.0,40,30,8.330931882623368,628.1359447405159
0.0,40,31,8.16593688757893,637.3339720839567
0.0,40,32,8.16790514046712,637.4632105785954
0.0,40,33,8.156929096340853,638.3052876376717
0.0,40,34,8.057103732789585,644.7222331328794
0.0,40,35,8.200311750571675,635.6584596564246
0.0,40,36,8.023840609538933,647.5598403296552
0.0,40,37,8.040404398371106,646.6461693690471
0.0,40,38,8.014312582592193,648.7148538555048
0.0,40,39,7.897672686084896,657.8909069031338
0.0,40,41,7.8901081094177785,658.4785157474486
0.0,40,42,8.023599203661187,648.0245015425782
0.0,40,43,8.058581665278822,645.3517899735814
0.0,40,44,8.105949031452177,641.9540873926097
0.0,41,0,9.03298589390322,600.2884870434635
0.0,41,1,9.277158287444063,594.9975908992417
0.0,41,2,9.079289366450517,599.5239922568346
0.0,41,3,14.949039974412479,552.2595271069351
0.0,41,4,9.230933408583715,596.0754724630059
0.0,41,5,9.142943095172361,598.2161017389668
0.0,41,6,9.020045723358962,601.3253978073442
0.0,41,7,8.937308623919012,603.5353966892734
0.0,41,8,8.9596985909643,603.0488128927839
0.0,41,9,9.04254347058788,600.8656357473211
0.0,41,10,8.802356759179846,607.5737389832907
0.0,41,11,8.857855999791207,606.128424257276
0.0,41,12,8.977970795078864,602.6680791769741
0.0,41,13,8.602425170347034,614.0259492099559
0.0,41,14,8.970202052244412,602.8058355845972
0.0,41,15,8.696449282894028,611.5013322042387
0.0,41,16,14.861151542135893,585.2930344073953
0.0,41,17,8.743803988123648,610.1227579299633
0.0,41,18,8.688939232161495,612.0710311385602
0.0,41,19,8.574951026545,616.2378795969861
0.0,41,20,8.444180943128353,621.2504941173752
0.0,41,21,8.540113445084213,617.8320691133431
0.0,41,22,8.567774392214904,616.8561572447961
0.0,41,23,8.488748215400124,620.138372975432
0.0,41,24,8.519714595428821,618.9427288737023
0.0,41,25,8.282156271884016,629.3513384535123
0.0,41,26,8.302951510916106,628.7476952981605
0.0,41,27,8.383295903837217,625.2602717973858
0.0,41,28,8.323503254095522,628.2517507327715
0.0,41,29,8.340950496550036,627.5256654632269
0.0,41,30,12.448846642729611,559.9827441525541
0.0,41,31,8.296967488978511,629.9681117913855
0.0,41,32,8.15622164230408,637.8780119848943
0.0,41,33,8.152500087870832,638.3593698882834
0.0,41,34,8.046508366511702,644.9831733747441
0.0,41,35,8.22796193427866,633.9718350951867
0.0,41,36,8.135995479699513,639.8720995598778
0.0,41,37,8.042062825728438,646.3157628094257
0.0,41,38,13.1418958638696,592.8460651430779
0.0,41,39,8.043884992676972,646.5164889659321
0.0,41,40,7.8899252922522765,658.4927168043047
0.0,41,42,7.980955367950618,651.4215904303051
0.0,41,43,8.088029930707563,643.234826039556
0.0,41,44,7.976758976999999,651.1782765585785
0.0,42,0,9.206052941697143,596.4440065266414
0.0,42,1,9.24270823993362,595.7224904994383
0.0,42,2,9.243366534926114,595.75091327326
0.0,42,3,17.019852119432695,574.7991292651474
0.0,42,4,9.155455662863204,597.843370647177
0.0,42,5,9.065348194375156,600.0453786046012
0.0,42,6,9.031674259049392,600.9508811018017
0.0,42,7,8.963619818747562,602.7475729067471
0.0,42,8,8.949881743408778,603.2103224460551
0.0,42,9,8.950138388761241,603.3024509104162
0.0,42,10,9.044460745648802,600.8134218679784
0.0,42,11,8.795947164627496,607.7529797340613
0.0,42,12,8.766568085746348,608.7507012622534
0.0,42,13,8.93843718902923,603.8350216111282
0.0,42,14,8.909064230013184,604.7214885453176
0.0,42,15,8.785751114834968,608.5614659068557
0.0,42,16,19.590768199510585,574.1872767667737
0.0,42,17,8.802497019983523,608.1269100517942
0.0,42,18,8.556542824874775,616.4930392835636
0.0,42,19,8.461430854410963,620.0432004012375
0.0,42,20,8.673508973204886,612.678842634268
0.0,42,21,8.410985756667886,622.4863764440572
0.0,42,22,8.549816870311771,617.4594253662008
0.0,42,23,8.50311214119968,619.4188612217915
0.0,42,24,10.64020321334273,586.0783147197847
0.0,42,25,8.45611339595329,621.6313794185832
0.0,42,26,15.800759316772123,577.568088057004
0.0,42,27,8.35124648558852,626.5653340468043
0.0,42,28,8.42404548636922,623.3548290707853
0.0,42,29,8.285037396301776,630.114071271693
0.0,42,30,16.44295542649162,594.8904887188298
0.0,42,31,8.272164304409875,631.1674561706865
0.0,42,32,8.350559541377736,627.0771550553094
0.0,42,33,8.241447246334214,633.1054995199815
0.0,42,34,8.167001202783226,637.5157954150143
0.0,42,35,8.293106352066449,630.0697311879845
0.0,42,36,8.270005496694239,631.3264541479986
0.0,42,37,14.349804873512667,606.469720298563
0.0,42,38,8.209644953360664,634.8745003630069
0.0,42,39,14.811213819550975,586.927958171702
0.0,42,40,8.055394531617122,645.6608885522811
0.0,42,41,7.982621165992299,651.2921928836599
0.0,42,43,7.831038959414718,663.0669489797851
0.0,42,44,7.958631177429562,652.8541189935396
0.0,43,0,9.12135511739414,598.1143929229623
0.0,43,1,9.204500835243273,596.4770171195556
0.0,43,2,9.356023509345597,593.2554327999914
0.0,43,3,9.179824964737625,597.1674508286242
0.0,43,4,9.216592180307144,596.3888880879208
0.0,43,5,9.173871748865766,597.4125481712397
0.0,43,6,9.199655892338054,596.8253510341754
0.0,43,7,9.119897616811905,598.7825163867949
0.0,43,8,9.1438951122944,598.2038613741533
0.0,43,9,8.963533498277418,602.8573604077848
0.0,43,10,9.090505991210422,599.5784124780909
0.0,43,11,9.022060867811838,601.4234462418972
0.0,43,12,9.01226996557827,601.7036327848068
0.0,43,13,8.985900467728012,602.4503024883827
0.0,43,14,8.81912418056647,607.356871157233
0.0,43,15,8.823773905026666,607.3094839389092
0.0,43,16,8.821618352114552,607.4422601095777
0.0,43,17,8.661333682696231,612.6286146350782
0.0,43,18,8.747434503928224,609.9461357975406
0.0,43,19,8.59182976322867,615.2926423538344
0.0,43,20,8.503249361317907,618.5778292414109
0.0,43,21,8.461070166437596,620.3502439897535
0.0,43,22,15.282704755507378,580.0366645344648
0.0,43,23,8.684591138872669,612.2836459607737
0.0,43,24,8.502823705953825,619.4302925304771
0.0,43,25,8.62122341645216,614.7173664391455
0.0,43,26,8.554316115811117,617.4799986516828
0.0,43,27,8.447208685591585,622.1394649323455
0.0,43,28,8.361936699319713,626.0822629120969
0.0,43,29,8.518870933058267,618.9208092241186
0.0,43,30,8.30085888371313,629.3480755900046
0.0,43,31,8.356611432753493,626.7401216925624
0.0,43,32,8.25347222161271,632.1394444761391
0.0,43,33,8.15548735230501,637.6000821270309
0.0,43,34,8.282711080107585,630.794783588137
0.0,43,35,8.279039395467938,630.998189013644
0.0,43,36,8.11095817236227,641.0854592416051
0.0,43,37,8.131011883580616,640.0719322851077
0.0,43,38,8.246284629805526,632.6465754817121
0.0,43,39,8.0257168211823,647.4317465399411
0.0,43,40,8.037381856275164,646.8614006373548
0.0,43,41,8.131675328127342,639.99029815008
0.0,43,42,8.079229208811087,643.7877755328475
0.0,43,44,12.818348520216993,583.4105055511557
0.0,44,0,9.112667791171951,598.1489354918198
0.0,44,1,9.36292781940885,593.0939957731521
0.0,44,2,9.242091514710506,595.6775290340776
0.0,44,3,9.200326071553322,596.6452192310952
0.0,44,4,19.79447738178044,548.126881055272
0.0,44,5,9.282299585229875,594.8885578811643
0.0,44,6,9.169803087288976,597.5077296801672
0.0,44,7,9.204262214742498,596.7149144369769
0.0,44,8,8.886964556362969,604.5075742631415
0.0,44,9,9.033726874628197,600.9805740459838
0.0,44,10,9.232758953656678,595.8966167964834
0.0,44,11,8.842481622673235,606.1586508270367
0.0,44,12,8.986644001918402,602.3879671915228
0.0,44,13,8.818064658749261,607.1344762984429
0.0,44,14,8.750647956371944,609.2080125023181
0.0,44,15,8.696178977991693,610.985934839915
0.0,44,16,16.096872429136344,551.5590349894161
0.0,44,17,8.774016999184381,608.9276187320565
0.0,44,18,8.764071832738487,609.3305103490278
0.0,44,19,8.594810667745936,614.9887170685915
0.0,44,20,18.330993930079202,560.6095526997808
0.0,44,21,8.628018487608726,614.2057678545661
0.0,44,22,8.54776290974676,617.2196727035893
0.0,44,23,16.223450423232663,584.2210824866755
0.0,44,24,8.7416434471631,610.0926478909289
0.0,44,25,8.431560662498672,622.2546000979992
0.0,44,26,8.519429486557701,618.8828672644312
0.0,44,27,8.535527588961253,618.2742569890876
0.0,44,28,8.521743917767783,618.8826893708688
0.0,44,29,8.434264354082394,622.8139089637574
0.0,44,30,8.346848629900235,626.9645393925961
0.0,44,31,8.2433153083278,632.134041859045
0.0,44,32,13.924735564501212,593.9322989214949
0.0,44,33,8.241071569957946,632.7842783621868
0.0,44,34,8.231231313170365,633.514168188718
0.0,44,35,8.254033539751681,632.4006850114135
0.0,44,36,8.168771458186157,637.4128142112861
0.0,44,37,8.093415467007109,642.1463848672748
0.0,44,38,8.035378087366688,646.0892107428881
0.0,44,39,8.266188420895366,631.3425911674965
0.0,44,40,8.105883168633724,641.9585840164561
0.0,44,41,8.046973938421294,646.1783610168993
0.0,44,42,10.835503767788163,598.5357919031222
0.0,44,43,8.01283856230467,648.944935382457
5.0,0,1,7.936909751261339,654.7956326551068
5.0,0,2,8.026196527121575,647.6500596804234
5.0,0,3,7.964584214109211,651.6543427436039
5.0,0,4,7.986460722728332,649.4456112477576
5.0,0,5,8.068036424070478,643.3254354409471
5.0,0,6,8.12450510773864,639.0998026210848
5.0,0,7,8.04715781542751,643.1364919774135
5.0,0,8,8.472423168552327,617.4776906755619
5.0,0,9,8.545230742533327,613.3275415448586
5.0,0,10,8.170871692952858,633.4800695125225
5.0,0,11,22.123906713498904,491.9903734825154
5.0,0,12,15.929777412207242,547.8676579137128
5.0,0,13,8.401899429088543,619.4657924913427
5.0,0,14,8.818206808696795,599.3340752057059
5.0,0,15,8.755491028962393,602.0970299179016
5.0,0,16,8.917334310630336,594.7751869271801
5.0,0,17,8.832618244826204,598.2637705156781
5.0,0,18,15.364530933484437,538.5753358280294
5.0,0,19,8.970755393565021,592.1589409403432
5.0,0,20,9.100585261303221,586.9389498039559
5.0,0,21,14.82003488424331,521.6146776145553
5.0,0,22,13.788050505743984,539.7071126760384
5.0,0,23,9.234981267073692,581.6311398283154
5.0,0,24,23.562847365277328,488.2018611700862
5.0,0,25,9.180802658304682,583.0334471431786
5.0,0,26,9.25156116357572,580.4453038713344
5.0,0,27,12.416658889464463,520.569933554033
5.0,0,28,9.405352531665162,575.152987416873
5.0,0,29,9.36218308465887,576.1861626539988
5.0,0,30,9.673602210295664,566.9277524325223
5.0,0,31,9.39422925569059,574.6315374364214
5.0,0,32,9.567790754857334,569.5526236601353
5.0,0,33,15.084048638156535,536.806226640598
5.0,0,34,9.692226501655115,565.7879900213102
5.0,0,35,9.76712946424438,563.6643222679634
5.0,0,36,9.77214295497717,563.3236989347017
5.0,0,37,10.022325811424999,557.0832632011657
5.0,0,38,10.096552202186977,555.2241193628776
5.0,0,39,10.046519336555008,556.2564622383361
5.0,0,40,18.75596087933591,528.780611184708
5.0,0,41,10.102649713313882,554.6783474180936
5.0,0,42,10.312734149864639,550.0244399981466
5.0,0,43,24.584434179699123,473.06950456122553
5.0,0,44,10.197909380039583,552.119965717946
5.0,1,0,7.840704402025468,662.2687691661205
5.0,1,2,7.938554757559463,654.6678501905662
5.0,1,3,7.932927749715786,654.5835089648899
5.0,1,4,15.357865438041657,562.3509014093396
5.0,1,5,11.75451658359663,569.6241021556881
5.0,1,6,8.085689135664799,642.1689291794781
5.0,1,7,8.342691348920612,625.3715243259152
5.0,1,8,8.188367877692112,634.5965677966286
5.0,1,9,8.349633114624671,624.620765928084
5.0,1,10,8.282318889716606,628.0502309176142
5.0,1,11,8.24566426030405,629.445477316246
5.0,1,12,8.414598397540372,619.9232833279008
5.0,1,13,8.54458962122414,612.9058330935723
5.0,1,14,8.576679654520476,611.0038258984084
5.0,1,15,8.477187446741777,615.2800756918901
5.0,1,16,8.578710407526842,610.0854216880288
5.0,1,17,8.703839132773203,604.1037401152154
5.0,1,18,8.861629496606424,597.0373609738806
5.0,1,19,8.852880306318275,597.1512403267783
5.0,1,20,8.843607661812369,597.1980788100062
5.0,1,21,8.748379726975351,600.4648117545844
5.0,1,22,8.975628183922984,591.4502122293288
5.0,1,23,8.942021561317883,592.3225547301874
5.0,1,24,9.16845161531117,583.9624194501122
5.0,1,25,9.29919366277928,579.2784162726686
5.0,1,26,9.206950385605188,582.1695451258777
5.0,1,27,14.612422205652226,530.7701120364441
5.0,1,28,9.290001316664949,578.9524961096218
5.0,1,29,9.447875042207938,573.8627113928803
5.0,1,30,12.550943410439867,534.0149106737967
5.0,1,31,9.545580360585886,570.6052244849964
5.0,1,32,9.441593557025168,573.3070210631007
5.0,1,33,9.569995821705195,569.4925722378416
5.0,1,34,9.876473529963372,561.1045798172984
5.0,1,35,9.528245919868706,570.0276589093776
5.0,1,36,9.869064337890364,561.0951257250193
5.0,1,37,9.922428017583007,559.6299738803427
5.0,1,38,24.19456435240328,506.5359686448803
5.0,1,39,10.092125250907227,555.32768263419
5.0,1,40,10.117776227632557,554.6294178245607
5.0,1,41,9.932311926566301,558.6370938139344
5.0,1,42,10.08443938607429,555.0748158575105
5.0,1,43,10.250225964036346,551.3538799157765
5.0,1,44,10.298415757366495,550.2157671246202
5.0,2,0,7.936415492322755,654.3242358495419
5.0,2,1,7.968820964393886,652.3168011362181
5.0,2,3,7.874593934376993,659.636263764197
5.0,2,4,7.975370659787539,651.4283720299717
5.0,2,5,8.017375174858445,647.8951674942357
5.0,2,6,7.940567449810266,652.5788629100891
5.0,2,7,8.097644957112612,641.3856510812936
5.0,2,8,8.129221032027676,638.8030766648187
5.0,2,9,13.268747118852664,554.3087337842052
5.0,2,10,8.5569695329239,612.5593685174077
5.0,2,11,8.330119870796404,625.3734440454703
5.0,2,12,8.513485610764175,614.9981870462261
5.0,2,13,8.316138552512053,625.0431952693733
5.0,2,14,8.631941537510421,608.5243099966872
5.0,2,15,14.097003881777077,577.7544749515016
5.0,2,16,8.742303851307272,602.8832830527248
5.0,2,17,8.69453747786709,604.8514090007201
5.0,2,18,8.829998310862365,598.5912849170417
5.0,2,19,8.734981791917974,602.391213150041
5.0,2,20,8.700540679861387,603.38511734074
5.0,2,21,8.945064998399001,593.1771065134385
5.0,2,22,8.89959604099738,594.6576032107207
5.0,2,23,9.239790091603144,581.6152612049291
5.0,2,24,9.201371777946003,582.9571302408389
5.0,2,25,8.908607223643054,593.0676818268985
5.0,2,26,9.060823771790105,587.3873228151851
5.0,2,27,9.218581498672338,581.785261554052
5.0,2,28,9.352478103279566,577.205664153903
5.0,2,29,9.258192358189607,579.9450668630777
5.0,2,30,9.338964896422542,577.1674116112526
5.0,2,31,9.595891488839932,569.2876203425556
5.0,2,32,9.600233837122914,569.0352844084305
5.0,2,33,9.467999425941326,572.5685956087874
5.0,2,34,9.40255812425356,574.05246659538
5.0,2,35,9.972962067954263,558.5446798297849
5.0,2,36,16.56053395328206,541.0698147516209
5.0,2,37,9.76423804931634,563.7371983404166
5.0,2,38,9.72410768770004,564.5043157382474
5.0,2,39,10.192960281342815,552.9923011347013
5.0,2,40,9.986973967701198,557.7875721119277
5.0,2,41,9.848659701455615,560.7742907477183
5.0,2,42,10.113732973347249,554.5926591967798
5.0,2,43,10.005563390700054,556.792074552648
5.0,2,44,10.217810824416357,552.0432933098035
5.0,3,0,7.885647364059462,657.2753325638057
5.0,3,1,8.083966345249769,643.3555453176803
5.0,3,2,7.76412644097141,668.2172695482456
5.0,3,4,7.935786689400793,654.8828709912373
5.0,3,5,8.08307651729724,643.4216936810701
5.0,3,6,18.652993017973586,549.6169280423317
5.0,3,7,8.0837922732094,642.8005362084034
5.0,3,8,13.529483019507017,564.7653071602446
5.0,3,9,8.070794207307202,642.479292476231
5.0,3,10,8.156880124565243,636.5008444467079
5.0,3,11,8.24562490254927,630.6712436497779
5.0,3,12,8.395206834117191,621.728666782971
5.0,3,13,8.32336131391942,625.2542062141547
5.0,3,14,8.35970442110457,622.7777701025623
5.0,3,15,8.36916106634725,621.705230951396
5.0,3,16,8.520096208690331,613.7433075940322
5.0,3,17,12.19720257538035,540.0083857953659
5.0,3,18,8.66444854776237,606.2110725185232
5.0,3,19,8.874756471882796,596.635601936899
5.0,3,20,9.039196611727695,589.5309629065396
5.0,3,21,8.757986934032768,601.0343640157766
5.0,3,22,9.014715503835161,590.4167072932046
5.0,3,23,11.595303902621872,559.0296461990557
5.0,3,24,9.056188676697088,588.4508831137391
5.0,3,25,26.03088187896065,527.9490250925707
5.0,3,26,9.131643078073337,585.2522352013955
5.0,3,27,9.191470916881725,582.9429465342787
5.0,3,28,18.081189785624595,547.7494269362337
5.0,3,29,12.04372500482322,523.5164025426914
5.0,3,30,9.425654741930853,574.71954951285
5.0,3,31,9.290494136261419,578.6381775397529
5.0,3,32,9.366851667553806,576.0483566698792
5.0,3,33,9.613922506846116,568.6420726210931
5.0,3,34,9.636274068274206,567.8628887218608
5.0,3,35,9.569751219608289,569.4992335795735
5.0,3,36,9.667521513874139,566.6482047339515
5.0,3,37,9.98744341478798,558.1552450450116
5.0,3,38,9.678834655276589,565.8897306080744
5.0,3,39,9.808512967867369,562.4297922116348
5.0,3,40,10.098373625141393,555.2600165775428
5.0,3,41,9.813355286461947,561.8491751099846
5.0,3,42,10.092770637490322,555.2003830342245
5.0,3,43,10.203849889562186,552.5836752227705
5.0,3,44,10.26461995225596,551.1519919045173
5.0,4,0,8.091405065078426,642.2807913468592
5.0,4,1,8.099191198136925,642.0691555151934
5.0,4,2,7.885077487721737,658.1406196509313
5.0,4,3,7.850101382574248,661.5388209980596
5.0,4,5,7.853723921555986,661.2574257477746
5.0,4,6,8.08265175451023,643.4532698561158
5.0,4,7,8.04634442864599,645.8323048320443
5.0,4,8,17.64131073545164,496.2474895326352
5.0,4,9,8.11495374825912,640.251676550954
5.0,4,10,8.0482656347677,643.8967902604163
5.0,4,11,8.316320511007776,626.8584096956852
5.0,4,12,14.984693923752992,557.9258215870636
5.0,4,13,8.337296353078164,624.9715712569615
5.0,4,14,17.944259827862847,565.2671925090846
5.0,4,15,8.45356008529065,617.8972755648863
5.0,4,16,8.542141829821636,613.0286129365613
5.0,4,17,8.537734093155201,612.8893712362841
5.0,4,18,8.471200497496035,615.5600242996059
5.0,4,19,8.896340316613466,595.7323091630859
5.0,4,20,8.692554353071856,604.5968222949436
5.0,4,21,8.650188863795133,605.9757139814634
5.0,4,22,8.856436604047358,597.0057133671568
5.0,4,23,23.651650285029014,521.0379836183172
5.0,4,24,9.107394514394134,586.6774518764167
5.0,4,25,9.087953471015366,587.2682553868125
5.0,4,26,8.83606553665088,596.1487445098293
5.0,4,27,9.24833988008254,581.1630378398344
5.0,4,28,21.42393532829854,467.17638090942955
5.0,4,29,9.112862689265032,585.278134631088
5.0,4,30,9.322010559242338,578.1837344961592
5.0,4,31,9.382478361734764,576.066830727856
5.0,4,32,9.467704894873332,573.2610069514708
5.0,4,33,9.397878276596423,575.1325215033557
5.0,4,34,9.626474227185213,568.2815200992998
5.0,4,35,9.505143177645863,571.5298912277876
5.0,4,36,9.340876348423642,575.7322698048756
5.0,4,37,9.625367546212106,567.7665753045768
5.0,4,38,9.670283990014601,566.3553070957763
5.0,4,39,9.788157578598973,563.1343234876433
5.0,4,40,17.06293356787713,538.1513230866169
5.0,4,41,10.091120306400622,555.4339149219909
5.0,4,42,10.190094202116791,553.0358152895641
5.0,4,43,9.8341517494459,561.1055581088924
5.0,4,44,10.031667730045505,556.422146550998
5.0,5,0,14.69500145032638,560.6434737477027
5.0,5,1,8.223156784993527,633.2857628995306
5.0,5,2,8.019800617977067,647.7224548629277
5.0,5,3,16.566567070010862,578.8228927481997
5.0,5,4,7.874667633231461,659.6305389099709
5.0,5,6,7.881918312960449,659.0673132697883
5.0,5,7,8.006207451100877,649.1360150953838
5.0,5,8,18.427758101538778,542.809408931347
5.0,5,9,8.163800054746016,637.3381993873489
5.0,5,10,8.240084537225952,632.0538118677042
5.0,5,11,8.110696980009092,639.968610017828
5.0,5,12,8.106550775703765,639.5445993778538
5.0,5,13,8.336820644938172,625.3661067127314
5.0,5,14,13.043766100537708,535.4735074151275
5.0,5,15,8.296730817276863,626.6907552957302
5.0,5,16,8.525601165675798,614.1511393848585
5.0,5,17,8.516472620095913,614.3161660902146
5.0,5,18,8.56977634243327,611.3380490413194
5.0,5,19,8.483839395330978,614.9690318413903
5.0,5,20,8.506867395991316,613.3318754985826
5.0,5,21,8.625129725340903,607.5429039455212
5.0,5,22,9.038616664614786,589.5554793485876
5.0,5,23,8.83006677783178,598.0847908030855
5.0,5,24,9.116923410391863,586.3659882956312
5.0,5,25,9.076176017681686,587.8763458053395
5.0,5,26,8.9093801994215,593.9166756523073
5.0,5,27,8.965060997349806,591.4905750957014
5.0,5,28,9.223644151087514,582.0284061113687
5.0,5,29,14.42745032031588,534.4566620521572
5.0,5,30,19.664957799193946,491.89107289617715
5.0,5,31,9.35132294451799,577.2427471076164
5.0,5,32,9.240031011380808,580.5117758202339
5.0,5,33,9.628950242300746,568.3682806493234
5.0,5,34,9.690027113895841,566.5089500814757
5.0,5,35,9.499565217053771,571.9270254487659
5.0,5,36,9.630704636465689,568.0186347882573
5.0,5,37,9.746448024007417,564.68718244869
5.0,5,38,9.652071243720826,567.0581098604679
5.0,5,39,9.802481957996486,562.9373681800054
5.0,5,40,9.75184625073781,564.049524877254
5.0,5,41,10.050201218503007,556.4895481764809
5.0,5,42,9.97607562289654,558.192111647367
5.0,5,43,10.025900689219107,556.8769276599992
5.0,5,44,9.878864749395618,560.0846037044665
5.0,6,0,19.072351026456957,555.8026962204012
5.0,6,1,8.050068412035603,644.5025984118283
5.0,6,2,8.0152335098104,647.4812191435868
5.0,6,3,8.14440902218266,638.8492534226651
5.0,6,4,8.015839704688863,648.419969022893
5.0,6,5,7.860763694868601,660.7105831097131
5.0,6,7,7.910589746488412,656.8401446308013
5.0,6,8,19.824375709362066,548.2919732846502
5.0,6,9,8.131362091945082,639.7783082557894
5.0,6,10,8.125270467289424,639.9687133226449
5.0,6,11,8.232521620683872,632.5492915728557
5.0,6,12,8.193603761138908,634.75211534914
5.0,6,13,8.237968439961756,631.5968875025051
5.0,6,14,8.277959736885313,628.7902268446525
5.0,6,15,8.477312092963599,617.1308892049932
5.0,6,16,8.45837250214699,617.9711952717005
5.0,6,17,8.43944653768436,618.6311800404134
5.0,6,18,8.448148368223162,617.7432722189085
5.0,6,19,8.463346743956135,616.4908270777778
5.0,6,20,8.524865177699585,613.0506740629771
5.0,6,21,8.72105914386548,603.652943599529
5.0,6,22,8.759108862506855,601.6887599799088
5.0,6,23,8.873495814915145,596.5357291894243
5.0,6,24,15.388669089734439,505.2146492535602
5.0,6,25,8.735856939832383,601.4684714951792
5.0,6,26,9.080893618629204,587.6951742650456
5.0,6,27,9.067833642767459,588.017332069273
5.0,6,28,9.12705125995609,585.6409267238079
5.0,6,29,8.958468923167242,591.320467450611
5.0,6,30,9.119620062889343,585.3871808190975
5.0,6,31,9.171757345395193,583.3322977461323
5.0,6,32,19.125601196749756,495.5464042819905
5.0,6,33,9.483685456003856,572.9087517894453
5.0,6,34,9.24158635332857,580.1222042093782
5.0,6,35,9.396008898462721,575.1877013082782
5.0,6,36,9.606895198707832,568.8439344856205
5.0,6,37,9.598862539045212,568.9090813525668
5.0,6,38,9.727299792853856,565.2086534944751
5.0,6,39,9.662131064478704,566.7912166566875
5.0,6,40,9.639366001825978,567.1546824314224
5.0,6,41,9.719922427784201,564.8541423024427
5.0,6,42,9.842808781019087,561.5868654290152
5.0,6,43,9.747492388609736,563.6723955603854
5.0,6,44,9.755745992721863,563.196876166694
5.0,7,0,8.328414509208105,626.1270041144041
5.0,7,1,8.290516207161424,628.6543842454033
5.0,7,2,7.990904119659004,648.3787096949766
5.0,7,3,8.064044692549682,644.1487542803536
5.0,7,4,14.667861672515485,607.429640471569
5.0,7,5,7.818448172731884,663.0937346074077
5.0,7,6,8.127633380252416,639.9804095240963
5.0,7,8,7.912892774812219,656.6612476652039
5.0,7,9,7.841170707936746,661.4045782805057
5.0,7,10,12.744121935473096,567.5856177188294
5.0,7,11,7.972779519129362,650.3796621705518
5.0,7,12,8.169144617092222,636.7013959730918
5.0,7,13,7.966780981867023,649.023804620927
5.0,7,14,8.248278638854007,630.9733602876836
5.0,7,15,8.296938218228439,627.6861901895958
5.0,7,16,8.404363187076314,621.2159240558548
5.0,7,17,8.448567738844595,618.5001010561541
5.0,7,18,8.481250764437515,616.4573602492492
5.0,7,19,8.421636176669686,619.0731088679395
5.0,7,20,15.039950602268902,573.590968670725
5.0,7,21,8.595283509326205,609.7579262731831
5.0,7,22,8.602148305869097,609.0263060864094
5.0,7,23,8.812105964212602,599.3730810637105
5.0,7,24,8.631446584693204,606.7680172608865
5.0,7,25,8.864730955437247,596.6663009130386
5.0,7,26,8.660195774881846,604.4670860698126
5.0,7,27,25.332030573570385,504.1202083921192
5.0,7,28,8.91995519528926,593.5229604215384
5.0,7,29,9.011404924879919,589.8170443793363
5.0,7,30,19.09726454348039,484.02159767954265
5.0,7,31,9.225590330965222,581.7822666390939
5.0,7,32,21.75488341041622,535.185307298393
5.0,7,33,9.01831269403108,587.9330557610024
5.0,7,34,9.260181689864428,579.8829915065116
5.0,7,35,9.409766745241233,575.0190453266887
5.0,7,36,9.486893624615885,572.5049902135338
5.0,7,37,9.47452672976337,572.6462646837513
5.0,7,38,9.650456793287889,567.466276696145
5.0,7,39,9.33002205112081,576.0278690025444
5.0,7,40,12.233443260918229,537.940803863853
5.0,7,41,9.501384135589195,570.7221623063477
5.0,7,42,9.645828065218879,566.7216384138873
5.0,7,43,9.920405015401116,559.6796954808444
5.0,7,44,9.833068838633299,561.6206998449904
5.0,8,0,8.239894888907486,631.0045761741319
5.0,8,1,8.325193528209534,626.3217985438832
5.0,8,2,8.20249352116032,634.1927716485926
5.0,8,3,8.062128289190545,643.712503169649
5.0,8,4,11.996550754457928,541.8127528160185
5.0,8,5,8.023280231146368,647.4746761614653
5.0,8,6,7.903427097313616,656.7765395049946
5.0,8,7,8.010609183480053,649.0707335499199
5.0,8,9,7.96333667115452,652.7428156184662
5.0,8,10,8.01828266841039,648.2383630713827
5.0,8,11,8.065412367870106,644.4745018261804
5.0,8,12,8.094126590210259,642.0949858333015
5.0,8,13,8.134805822835633,638.9510804114766
5.0,8,14,8.175989402889357,635.8604107702017
5.0,8,15,8.061113229790763,642.2925140153453
5.0,8,16,8.427251580807045,620.1054609242055
5.0,8,17,8.305981767081796,626.725143480966
5.0,8,18,8.348288052149952,623.909564265025
5.0,8,19,8.470937388564973,616.9936557946215
5.0,8,20,8.573502324534102,611.4555881220617
5.0,8,21,8.503297452736401,614.5566176314449
5.0,8,22,8.783330926282016,600.9648648322946
5.0,8,23,8.599716236494348,609.1362068369547
5.0,8,24,8.695943627578671,604.4487298282987
5.0,8,25,8.683326105723012,604.5748840552998
5.0,8,26,8.83214386075494,597.9997946678585
5.0,8,27,8.779817613819429,599.7262155067281
5.0,8,28,8.850715518878788,596.5347775586833
5.0,8,29,8.923736820709328,593.3821675982066
5.0,8,30,9.176896662463449,583.8409538554866
5.0,8,31,9.23454788249992,581.6463261489781
5.0,8,32,9.362080479263497,577.1391221046393
5.0,8,33,9.221818889803963,581.6783004901988
5.0,8,34,9.360236490166532,576.9566041013887
5.0,8,35,13.859242273417529,534.2680960212473
5.0,8,36,9.349195957067298,576.8569668119819
5.0,8,37,9.461746220282665,573.2472845842628
5.0,8,38,9.482179330040927,572.4264410855666
5.0,8,39,9.8491397603278,561.9102179022999
5.0,8,40,9.82457498292916,562.559521327085
5.0,8,41,9.66433601930012,566.732717855303
5.0,8,42,21.091288754820162,513.1617358757909
5.0,8,43,9.67344314942228,566.0256197077192
5.0,8,44,9.83537770941868,561.769507235694
5.0,9,0,8.221303871489813,631.4669850532762
5.0,9,1,8.132687068256578,637.2411849716125
5.0,9,2,8.253376057175187,630.6650850466526
5.0,9,3,8.068205157268963,642.6421955046368
5.0,9,4,8.019174124700486,646.526618152692
5.0,9,5,12.550733480821346,526.6647573385866
5.0,9,6,7.929412732388351,654.1588579426494
5.0,9,7,7.940248121534269,654.0393244246973
5.0,9,8,7.806304773879719,664.9408983055407
5.0,9,10,7.892058549875497,658.2796296812762
5.0,9,11,7.839755760397227,661.5097631803006
5.0,9,12,7.9731201702351315,651.0465084753346
5.0,9,13,7.91913863353172,654.0418632575784
5.0,9,14,8.136636372373944,638.8311531135271
5.0,9,15,8.102443164183622,640.4879401095666
5.0,9,16,8.260172246541611,630.2540736712822
5.0,9,17,8.306078131648226,627.1544933031562
5.0,9,18,8.297396887674065,627.2058845029795
5.0,9,19,8.446584698844177,618.6070736871782
5.0,9,20,10.86986366367669,558.1898573055576
5.0,9,21,8.755909407314812,602.3061512211034
5.0,9,22,8.682988017405005,605.8569174706657
5.0,9,23,8.614998437806058,608.8360599682245
5.0,9,24,14.481973087794536,564.1336100785937
5.0,9,25,8.857426648669794,597.3928189345115
5.0,9,26,8.770308616282428,600.8978217303882
5.0,9,27,16.90796559844194,537.083249246816
5.0,9,28,8.788206990999512,599.3937264590015
5.0,9,29,8.968239849663641,592.0214530390404
5.0,9,30,9.04020249021756,589.0460611334386
5.0,9,31,13.813434150022097,531.0477423163459
5.0,9,32,9.10995524339883,586.0122032108186
5.0,9,33,9.033763534921741,588.307862447407
5.0,9,34,15.269411427016362,521.2003515534469
5.0,9,35,15.219496859498124,517.561668276671
5.0,9,36,13.021017815790941,527.633036737355
5.0,9,37,9.562903441939982,570.3723627667517
5.0,9,38,9.271641699221806,578.858739109103
5.0,9,39,9.355520534605013,576.0647589310868
5.0,9,40,15.247046220705158,529.5614149066158
5.0,9,41,9.678619740493847,566.5343758345425
5.0,9,42,9.735102041156441,564.8552519693189
5.0,9,43,16.947472660181475,513.1945891664933
5.0,9,44,9.849299524758274,561.5932838896849
5.0,10,0,8.40001633108296,621.1191464748459
5.0,10,1,8.505234244476702,615.5672884812442
5.0,10,2,16.603222723271003,532.7935326054825
5.0,10,3,8.17306569923786,635.5219936600864
5.0,10,4,8.212224534421619,633.5804962941918
5.0,10,5,10.83014353128744,558.0034289568034
5.0,10,6,7.932329984434906,653.1412558369746
5.0,10,7,8.046367055044588,645.8306936358019
5.0,10,8,8.011170208510798,648.7670917775291
5.0,10,9,7.883080532732176,658.9770331857919
5.0,10,11,7.958320782211393,653.1324449176038
5.0,10,12,7.917931914462313,655.6982749787704
5.0,10,13,8.003146863934601,648.9083469004469
5.0,10,14,8.034154220401252,646.1894536158347
5.0,10,15,10.585519164431656,547.8230318782392
5.0,10,16,8.29680974510198,628.2583948381833
5.0,10,17,8.294815490507954,628.1589632230292
5.0,10,18,8.340434777055664,625.1558615270502
5.0,10,19,8.279123598189985,628.229162693028
5.0,10,20,8.619058704181732,609.3031775830636
5.0,10,21,8.557353894800897,612.4999974703534
5.0,10,22,8.395455178327627,620.3863330513598
5.0,10,23,8.44433856686936,617.4111060115265
5.0,10,24,8.575409955244826,610.6872098810907
5.0,10,25,8.63714261966738,607.4449772842061
5.0,10,26,8.69698120436425,604.4033934870844
5.0,10,27,8.851165808991686,597.4796985341596
5.0,10,28,8.951391811350431,593.1200593326163
5.0,10,29,15.984647650615337,544.7941660192379
5.0,10,30,9.026366948296975,589.7891794513881
5.0,10,31,8.947247069008828,592.5068629692098
5.0,10,32,9.107793574906268,586.3363431283849
5.0,10,33,9.204561087610463,582.6970997814378
5.0,10,34,9.257514451384447,580.6962666083967
5.0,10,35,9.252335448377458,580.6700554442818
5.0,10,36,9.55882602181779,570.5814748506249
5.0,10,37,9.180893073121094,582.3571235068542
5.0,10,38,9.388675295463248,575.659030868756
5.0,10,39,9.414367413322516,574.645799565466
5.0,10,40,9.464755017700684,572.9269605032291
5.0,10,41,9.507755514954901,571.4568386662389
5.0,10,42,9.551784730782195,569.9885217880818
5.0,10,43,16.22290924063171,488.9961874950739
5.0,10,44,9.459990150423252,571.7923914099972
5.0,11,0,8.630471436255204,608.6978853147294
5.0,11,1,8.253216131797158,629.0381009836444
5.0,11,2,8.188516502410595,633.3030310326855
5.0,11,3,18.751999962228542,542.6351456336683
5.0,11,4,8.325577746928003,626.2985622484526
5.0,11,5,8.295439603975018,628.3446041178919
5.0,11,6,8.042363879921474,645.0073559718253
5.0,11,7,8.168291284369529,637.0315716009867
5.0,11,8,8.016362528495092,647.9672767169408
5.0,11,9,18.729958277149194,590.3594739148514
5.0,11,10,8.01782081146425,648.5105414107029
5.0,11,12,7.860375457604844,660.7407409969175
5.0,11,13,7.903196422634377,656.7936874856392
5.0,11,14,8.114762311738184,640.9603568870907
5.0,11,15,10.324148876240885,554.1960224781963
5.0,11,16,8.164029979495227,637.0364782279886
5.0,11,17,8.156936309563386,637.0592314022717
5.0,11,18,8.2308570907379,632.0269587185423
5.0,11,19,8.42326749777153,620.3372272930985
5.0,11,20,8.180557579120881,633.7487194034479
5.0,11,21,8.497888224338428,615.8395686939525
5.0,11,22,8.278042217231855,627.0242047039436
5.0,11,23,12.824096985636254,515.6682871083739
5.0,11,24,8.615003559864874,609.1483779726855
5.0,11,25,8.647215245043366,607.329608191046
5.0,11,26,8.553980275677292,611.2029309497161
5.0,11,27,8.829103562426742,598.6303804528537
5.0,11,28,8.94061346027729,593.698425879705
5.0,11,29,15.425149406195867,563.6395491295684
5.0,11,30,8.790068234262215,599.3199613883985
5.0,11,31,9.042916793209562,589.153610456088
5.0,11,32,9.117775863273739,586.1579447827316
5.0,11,33,9.147594312664445,584.899094264895
5.0,11,34,9.060117113461267,587.7585916802278
5.0,11,35,9.250410029569288,580.937946009678
5.0,11,36,15.854893344818425,531.3734150807599
5.0,11,37,23.03964673802915,488.33921318120946
5.0,11,38,9.14878933420458,583.3588926263876
5.0,11,39,9.223610340587786,580.6676569107912
5.0,11,40,9.383279823729918,575.5634347395917
5.0,11,41,9.603441489751583,568.9431434737173
5.0,11,42,9.754185151759827,564.5655707783429
5.0,11,43,9.637104911854228,567.6649649178203
5.0,11,44,9.493539530116959,571.2640532826114
5.0,12,0,8.650547150480783,607.5910628920195
5.0,12,1,8.492766045506142,615.8585656336807
5.0,12,2,8.478368923608517,616.8925131400481
5.0,12,3,20.745817734687257,552.0653163830445
5.0,12,4,8.219661137647059,632.1816357426471
5.0,12,5,8.325725212769017,626.2896439951687
5.0,12,6,8.18305641943135,635.4157540893794
5.0,12,7,20.001207892549246,557.9616886386196
5.0,12,8,8.02177828783027,647.034390331727
5.0,12,9,18.936801394010086,503.0927000083475
5.0,12,10,8.079790250272403,643.6659894291829
5.0,12,11,8.019746870481267,648.3609270485415
5.0,12,13,8.05091145290605,645.940093065619
5.0,12,14,11.241455693271583,497.35633790379467
5.0,12,15,12.951465717028444,587.9143002766039
5.0,12,16,17.21116140718364,490.05336412499867
5.0,12,17,8.175848438130254,636.2621993678098
5.0,12,18,8.230064857449937,632.45798316925
5.0,12,19,8.224772751451198,632.3949197219249
5.0,12,20,19.39570907004583,495.52518204621765
5.0,12,21,8.219639107510973,631.5602094654765
5.0,12,22,8.441344642859738,618.8897420021136
5.0,12,23,8.632880194050848,608.572629909356
5.0,12,24,8.539092091147017,613.1815861168924
5.0,12,25,8.451233065430369,617.0773095745777
5.0,12,26,8.739140718726437,603.0311905304196
5.0,12,27,8.796921594230003,600.2248587266937
5.0,12,28,8.89544003031213,595.7318453421949
5.0,12,29,14.63034434414522,532.7644114073901
5.0,12,30,8.696891871454547,603.5344299220084
5.0,12,31,8.953240229780063,592.8531045239598
5.0,12,32,8.971565399001587,591.8937409026003
5.0,12,33,8.95562075018376,592.1951043777739
5.0,12,34,9.269460100931147,580.498385244153
5.0,12,35,9.033900594038993,588.6772502913046
5.0,12,36,9.22401205616763,581.835956653294
5.0,12,37,9.393356762170367,576.0108131297209
5.0,12,38,9.08947112014972,585.6487250613162
5.0,12,39,9.408305648292865,575.2609128195859
5.0,12,40,9.53028352227295,571.3621608693027
5.0,12,41,9.785165549224892,563.700679134345
5.0,12,42,9.651545394684122,567.561342113986
5.0,12,43,9.576409134715187,569.5369783305424
5.0,12,44,9.468301204030837,572.2620603542156
5.0,13,0,14.369681413456181,484.6360032268211
5.0,13,1,8.384897320575408,620.9159092708827
5.0,13,2,8.492396742564011,615.8777693866714
5.0,13,3,12.538545557911656,590.876073447826
5.0,13,4,8.334110359627347,625.1499823533707
5.0,13,5,8.357351241280538,624.1717787524303
5.0,13,6,8.335376730481977,625.7059516705825
5.0,13,7,7.97846251931617,648.2888022846266
5.0,13,8,14.568812352116062,550.3209575967958
5.0,13,9,11.482751323792433,567.3956386186629
5.0,13,10,8.014126826972234,648.1264780974502
5.0,13,11,7.880530025170574,658.4786706241345
5.0,13,12,7.9385134145684795,654.6710616732731
5.0,13,14,10.881148785415887,629.6155549115854
5.0,13,15,7.805385044750799,664.0648263046784
5.0,13,16,7.939405848388173,653.4472612261386
5.0,13,17,8.011937450950867,647.7062495509673
5.0,13,18,8.220849919472084,633.3139557130535
5.0,13,19,8.303351391626947,627.8467944388325
5.0,13,20,8.202655800280544,633.7324808211728
5.0,13,21,13.517565573831796,503.76835353897224
5.0,13,22,8.289425638498937,627.6522631057734
5.0,13,23,8.132768535483638,635.5354970399259
5.0,13,24,8.56903980611672,611.8923300819306
5.0,13,25,8.471467278658443,616.5736087586183
5.0,13,26,8.460848434075347,616.6117824930589
5.0,13,27,8.573725592544873,610.765970360491
5.0,13,28,8.68138920999569,605.4455550898242
5.0,13,29,8.71813660579626,603.4790199745133
5.0,13,30,8.64738298970239,606.0943283310438
5.0,13,31,8.83928916468274,597.7074022880868
5.0,13,32,8.913934637731579,594.4108696106886
5.0,13,33,9.124328548479012,586.0271287412723
5.0,13,34,9.11736225076891,586.1733438944499
5.0,13,35,18.48184791078866,496.9962813084329
5.0,13,36,9.13374390665922,585.1786196218545
5.0,13,37,9.24475262411837,581.1304005679457
5.0,13,38,9.058563639893602,587.0721359892326
5.0,13,39,9.256413640608454,580.2895294555696
5.0,13,40,15.956865222231622,536.5488652359459
5.0,13,41,9.362698293565755,576.4472604980916
5.0,13,42,9.435134333500425,574.0328071571371
5.0,13,43,9.631722092761832,568.1307733397671
5.0,13,44,9.412846347407228,574.1109208093944
5.0,14,0,8.57128107828019,610.8802753824394
5.0,14,1,8.56353668294441,611.6401415121097
5.0,14,2,13.404369699728685,559.6692588512683
5.0,14,3,8.389561121144341,621.2252217004942
5.0,14,4,8.42765871155838,619.628012576086
5.0,14,5,8.331973554360115,625.2696404055372
5.0,14,6,8.15111241158734,636.1693260566981
5.0,14,7,8.223843699148643,632.4511057762085
5.0,14,8,8.223328340540244,632.8818448132079
5.0,14,9,8.12330383135294,639.704626125857
5.0,14,10,8.117996854560003,640.4653015528263
5.0,14,11,8.053418319252106,645.3285823366426
5.0,14,12,8.026962841936012,647.5930930829232
5.0,14,13,7.935644289982004,654.8939324374473
5.0,14,15,15.014755545346464,498.6453900264931
5.0,14,16,7.929691352529988,654.8240974702424
5.0,14,17,7.912040530763248,655.3959096925945
5.0,14,18,8.059980007520409,644.4262607712847
5.0,14,19,8.174941785630336,636.3215981342559
5.0,14,20,8.17842809375533,635.7069683409146
5.0,14,21,8.321363588594373,626.5534208051154
5.0,14,22,8.227689485671853,631.7146020354355
5.0,14,23,8.253532768459314,629.6622127167498
5.0,14,24,8.333535241883702,624.7053863003065
5.0,14,25,15.962308000660727,508.13483598972306
5.0,14,26,8.493534695697383,615.46671950472
5.0,14,27,8.718001651923224,604.1617359656747
5.0,14,28,8.508244642399603,613.8278471315525
5.0,14,29,8.550924102957485,611.3410337847711
5.0,14,30,8.552633902719498,610.7105686395065
5.0,14,31,8.809595234319362,599.237035646752
5.0,14,32,8.912760211974025,594.7008997545489
5.0,14,33,8.76253991483223,600.4109678500605
5.0,14,34,8.973784434195577,591.8085225832607
5.0,14,35,19.614351202557366,477.72105788496935
5.0,14,36,15.786247858695345,546.8074334095576
5.0,14,37,9.193942246038194,583.0691968585859
5.0,14,38,9.358749843073936,577.252424239721
5.0,14,39,9.361950608321967,577.048449760755
5.0,14,40,18.378332406707177,538.1654242601558
5.0,14,41,9.34528554622793,577.2274000353793
5.0,14,42,9.331884919678284,577.3822419241138
5.0,14,43,9.469103228290118,573.0301223850562
5.0,14,44,9.596399488185147,569.1454274120665
5.0,15,0,8.73396200802526,603.0698868536704
5.0,15,1,8.606626680340648,609.2275217545827
5.0,15,2,8.552541952879896,612.1724502345314
5.0,15,3,8.608858472651576,609.6821435752255
5.0,15,4,8.396511303405306,620.8638122229241
5.0,15,5,8.551635765274135,612.9402243218033
5.0,15,6,12.378346791599824,579.0904102797433
5.0,15,7,8.202961300491408,633.1531166541056
5.0,15,8,8.222200043800076,632.5505086929059
5.0,15,9,8.240902561941885,631.7760748026167
5.0,15,10,8.377470721353575,623.0530427034912
5.0,15,11,8.034393042745494,646.1731486007525
5.0,15,12,7.9170552869058275,655.0388154684081
5.0,15,13,8.122944497467195,640.4579728489651
5.0,15,14,7.8805850905020565,659.1708766735934
5.0,15,16,7.99552589266762,650.2423886831523
5.0,15,17,7.874744671527896,658.9087444086304
5.0,15,18,7.958804488947291,652.0659094108607
5.0,15,19,8.149037276462327,638.346092192915
5.0,15,20,8.006596848176084,647.3506104880893
5.0,15,21,8.254152211142303,630.9424068749263
5.0,15,22,8.102644909832545,639.7808134115113
5.0,15,23,8.277899551301473,628.7937280252509
5.0,15,24,8.258259769285742,629.3975074016921
5.0,15,25,8.578418984101312,611.4954368315719
5.0,15,26,8.537817519926646,613.5158889638145
5.0,15,27,8.282819395964179,626.036080680751
5.0,15,28,8.579136925740979,610.8848573656337
5.0,15,29,8.529883165136361,612.8160339251043
5.0,15,30,8.508817694697804,613.2437450801596
5.0,15,31,8.781260289863354,600.7208656679152
5.0,15,32,8.745056905943201,601.9653019874052
5.0,15,33,8.871427266501122,596.3922817324074
5.0,15,34,9.015425806220037,590.3885564831414
5.0,15,35,8.982924983059073,591.4574951574239
5.0,15,36,8.882786572079553,594.9067768548842
5.0,15,37,14.319251686210322,534.3358676348454
5.0,15,38,15.280858673198525,522.1198226100616
5.0,15,39,16.897187967183044,493.1314915625141
5.0,15,40,9.195641084305105,582.5431962694407
5.0,15,41,9.26086169720133,580.1467377612717
5.0,15,42,9.527515612605477,571.5410700529972
5.0,15,43,9.459982245412595,573.4953381166279
5.0,15,44,9.371165179833765,575.9210315654248
5.0,16,0,8.661881051184203,605.9370751802014
5.0,16,1,8.551520292790087,611.3140930606489
5.0,16,2,8.58357145394587,610.3055797545525
5.0,16,3,13.206419372177962,543.0285239300641
5.0,16,4,8.52243528438142,614.0170821960468
5.0,16,5,8.517094148222876,614.5935042924104
5.0,16,6,8.59043507516245,610.8472437163741
5.0,16,7,8.282639333857635,628.0322865020272
5.0,16,8,8.294972134611513,627.8005633230804
5.0,16,9,8.434267860945363,619.7253385133773
5.0,16,10,8.268327787352522,630.0504796197794
5.0,16,11,8.21205635476238,633.8900605563839
5.0,16,12,8.038920755215765,645.8640300367015
5.0,16,13,7.922475378727543,654.6528578208047
5.0,16,14,7.801632216324923,664.3438054688515
5.0,16,15,7.793447609720127,665.9396301190243
5.0,16,17,7.839281714318895,662.3792821420434
5.0,16,18,13.798681594463872,591.4018108597813
5.0,16,19,8.149865080155507,638.4607346724937
5.0,16,20,8.200954692947342,634.8015567705658
5.0,16,21,8.128066951362657,639.3925733238875
5.0,16,22,8.089898438539455,641.2772542470975
5.0,16,23,8.28741327449203,628.6066251143421
5.0,16,24,19.671841401224015,549.1541564526797
5.0,16,25,8.401208463045881,621.3925841092499
5.0,16,26,8.456857247869081,618.0529337826454
5.0,16,27,8.45563108574617,617.7895835411991
5.0,16,28,18.193784035330232,496.9550379961792
5.0,16,29,12.97418445398915,556.1575538538906
5.0,16,30,8.552793401135125,611.7447556484676
5.0,16,31,8.592687940865957,609.453802614704
5.0,16,32,8.672934912411018,605.4540828549297
5.0,16,33,8.713968086511876,603.2795377564315
5.0,16,34,8.77863149414116,600.1895697116533
5.0,16,35,8.848971627523905,596.9854933208592
5.0,16,36,8.962671840513726,592.2352830779275
5.0,16,37,8.99115878515974,590.8719959986681
5.0,16,38,9.0711955838968,587.657937248171
5.0,16,39,9.116387447783758,585.786810974296
5.0,16,40,9.203671668109484,582.5278993525905
5.0,16,41,27.917994853279176,497.2575460599937
5.0,16,42,9.090631991837997,585.6114587109967
5.0,16,43,9.217604251795745,581.2115832558084
5.0,16,44,9.20842187172217,581.1285261531834
5.0,17,0,8.874180206652644,596.5067974989355
5.0,17,1,8.6671921362915,605.7050102670408
5.0,17,2,8.636480052882611,607.4749174609495
5.0,17,3,8.671317984260485,606.2025686907924
5.0,17,4,8.597101893854694,610.0150852867517
5.0,17,5,8.449130646391861,617.6940016972451
5.0,17,6,8.409464605571563,620.1902405102787
5.0,17,7,8.468095557722656,617.4466971091313
5.0,17,8,8.308122999797709,626.605237497978
5.0,17,9,8.234813501223607,631.3001761307421
5.0,17,10,8.163249975136036,636.1156166517114
5.0,17,11,8.120038185231932,639.3808613852069
5.0,17,12,8.07074357005663,643.1480784798385
5.0,17,13,11.762881888668911,500.5697435397672
5.0,17,14,10.185942922824587,554.4122712403752
5.0,17,15,7.952111440086371,653.1574246098364
5.0,17,16,7.78903825132577,666.2821447241761
5.0,17,18,7.821056455086405,663.7950022789672
5.0,17,19,8.026828501939669,647.6030796998535
5.0,17,20,7.9392912603223165,653.4554208923946
5.0,17,21,8.021294378305333,647.0674280783729
5.0,17,22,8.014315608810866,646.8449207555396
5.0,17,23,8.096586964725294,640.8564121794846
5.0,17,24,8.239835269212291,631.4839877558273
5.0,17,25,8.308985459433366,626.9853651002705
5.0,17,26,12.154895174891779,479.3988890659724
5.0,17,27,8.23413273111135,630.067531342999
5.0,17,28,8.462997562303826,617.4065267602011
5.0,17,29,8.657145992097517,607.2600686999556
5.0,17,30,17.48230040980658,512.6320930869902
5.0,17,31,8.561443572352987,611.3402752880129
5.0,17,32,8.849548497672274,597.8467455662601
5.0,17,33,24.06187315690518,509.0701562928554
5.0,17,34,8.807087103091332,599.3430633388158
5.0,17,35,8.749881409889952,601.366049486033
5.0,17,36,8.868330443451882,596.2182618405187
5.0,17,37,8.969343379865323,591.9790738152307
5.0,17,38,9.116308926430962,586.2125599698011
5.0,17,39,9.159363335328198,584.4741017798151
5.0,17,40,9.246801324293605,581.2169506991794
5.0,17,41,9.089241533271545,586.4206026852046
5.0,17,42,9.333551924165622,577.9867217661726
5.0,17,43,9.38730058831199,576.0877913180661
5.0,17,44,9.10724364634844,584.6552895118806
5.0,18,0,8.914348212108246,594.6359173349044
5.0,18,1,24.941165005824715,532.4978867975359
5.0,18,2,8.700644925520495,604.2433092265629
5.0,18,3,16.118092650965117,550.5168955639299
5.0,18,4,8.444919049217482,616.7889398210733
5.0,18,5,8.482547247075674,615.5612366989832
5.0,18,6,12.958779439237269,552.5855422109892
5.0,18,7,8.428704372502745,619.1897726298572
5.0,18,8,8.260622828670819,628.6385559156654
5.0,18,9,8.30405106708166,626.8332599316677
5.0,18,10,8.31193872650172,626.8135644679288
5.0,18,11,8.22293515157283,632.5060517714701
5.0,18,12,8.069835978135927,642.5395842556875
5.0,18,13,8.08365753064977,642.3020285001213
5.0,18,14,7.930223205660738,653.285091037138
5.0,18,15,8.149404740413832,638.4935148632433
5.0,18,16,7.966702914899895,652.0727180936892
5.0,18,17,7.907435216130686,657.085185433404
5.0,18,19,7.973837433862353,651.9271267424454
5.0,18,20,8.032855240774026,647.1550617326303
5.0,18,21,8.120603319910545,640.5444263368363
5.0,18,22,8.055662409394989,644.7210342891356
5.0,18,23,8.155433401380588,637.5996776188395
5.0,18,24,8.20063613106054,634.3096386336708
5.0,18,25,8.256584781799566,630.4710318427253
5.0,18,26,8.324637278889575,626.0748506030584
5.0,18,27,8.35934424893992,623.7369204847812
5.0,18,28,8.251585212562691,629.1260788970812
5.0,18,29,8.27568278125125,627.146895374935
5.0,18,30,8.529618478348354,613.6567772180497
5.0,18,31,8.704562017151854,604.8124144973879
5.0,18,32,8.732685119741175,603.3330531107946
5.0,18,33,8.535245617105456,612.0495157797505
5.0,18,34,8.778950933991153,600.8217716897755
5.0,18,35,8.728935340830034,602.6468182981554
5.0,18,36,8.774953817384667,600.3400636122248
5.0,18,37,8.905258094176421,594.7547396790246
5.0,18,38,8.913498612713479,594.1236982959399
5.0,18,39,8.887806762193744,594.7198713152483
5.0,18,40,9.005314075652922,590.0369917125333
5.0,18,41,9.158870675989558,584.2981471746141
5.0,18,42,9.27656037301726,580.0483592829553
5.0,18,43,9.22130874738432,581.695155227147
5.0,18,44,9.542555240128904,571.103800148515
5.0,19,0,12.540882504072748,472.1088850249895
5.0,19,1,8.73744808556643,601.8748325027058
5.0,19,2,8.534551499047682,610.8641196452028
5.0,19,3,22.330938279701,493.8809519988045
5.0,19,4,8.51962528037169,612.7553701228189
5.0,19,5,8.464638540260209,615.8668601715426
5.0,19,6,8.51378099497522,614.0490580148963
5.0,19,7,8.610890081426977,609.58023921924
5.0,19,8,16.438137101222146,574.3059692412983
5.0,19,9,8.402196065664974,621.0015633987995
5.0,19,10,8.520821403924812,614.6944297481762
5.0,19,11,8.35461969800691,624.3306810294058
5.0,19,12,8.375847307083998,623.2584231432861
5.0,19,13,15.3870687543605,514.8827706204733
5.0,19,14,8.051106955998366,644.4345588594156
5.0,19,15,8.024955483709578,646.8174750054181
5.0,19,16,7.999699327223372,649.1538414792955
5.0,19,17,11.996847999946759,601.0531237194597
5.0,19,18,11.445179999371152,580.3100632072774
5.0,19,20,7.7517729325638545,669.1768778803485
5.0,19,21,8.001700104571098,649.4710839087743
5.0,19,22,8.000131230292252,649.1230862268125
5.0,19,23,7.972329029001678,650.4104182890782
5.0,19,24,19.603852684680476,543.2401276557084
5.0,19,25,8.240102998684534,631.8263833227693
5.0,19,26,8.281185990329343,628.9832309577833
5.0,19,27,8.358206778933967,624.1220094947068
5.0,19,28,8.303146563386143,626.8839108506088
5.0,19,29,8.318604407487973,625.5108116262489
5.0,19,30,8.520200365890034,614.4319809737182
5.0,19,31,8.443337326744022,617.9845913594279
5.0,19,32,8.737618311705909,603.2119974049433
5.0,19,33,12.690600492566032,497.78312625803125
5.0,19,34,8.684467955461713,605.3064322338041
5.0,19,35,8.716093713392386,603.5682830231606
5.0,19,36,8.771443338289908,600.8498529661375
5.0,19,37,23.324140410820736,506.4944508159437
5.0,19,38,15.49025102472758,541.2338515374672
5.0,19,39,8.81949199949192,597.7338643749807
5.0,19,40,9.08564273548727,587.3542858480124
5.0,19,41,12.478745113075245,552.4937512751895
5.0,19,42,9.034287658846218,588.6636870713945
5.0,19,43,9.121399766667283,585.3266385603886
5.0,19,44,9.352996653123707,577.3442819709392
5.0,20,0,8.928271093270178,593.5563859933109
5.0,20,1,8.74426578140498,601.1352110317451
5.0,20,2,8.67584660544962,604.3956214783493
5.0,20,3,19.921696081362985,505.1096015225406
5.0,20,4,8.554535417059133,610.6274830268328
5.0,20,5,8.35502324866595,620.1934337790424
5.0,20,6,8.597882219420052,609.6364110835987
5.0,20,7,8.74897892894127,602.6619742928713
5.0,20,8,8.336514734062668,623.3427526568694
5.0,20,9,8.276700357879546,627.0939813902637
5.0,20,10,11.527345697441385,584.8741292892076
5.0,20,11,15.496292728302755,496.59513799542015
5.0,20,12,8.228304193067586,631.6788426148183
5.0,20,13,8.27326753506643,629.4621133156672
5.0,20,14,8.18778626823788,635.1181520024726
5.0,20,15,8.105072138102107,640.8990640052223
5.0,20,16,8.078997024055255,643.1279201892831
5.0,20,17,15.048941391766547,566.8423207761987
5.0,20,18,11.216800593377325,577.8641822128233
5.0,20,19,7.839465298015503,662.3650215418081
5.0,20,21,7.723078216719262,671.4058550666964
5.0,20,22,7.998361721962906,649.7192538446288
5.0,20,23,7.923563788005383,654.5753536200784
5.0,20,24,8.03029790119764,646.4527344364633
5.0,20,25,8.293551269097733,628.550972665942
5.0,20,26,8.066398779472278,642.7558527956044
5.0,20,27,8.175362723852276,635.3830771003603
5.0,20,28,8.228897147697944,631.6443486194945
5.0,20,29,8.279152425824298,628.2275483865568
5.0,20,30,8.351679850068264,623.7265979369897
5.0,20,31,8.341667007022968,623.7157156348056
5.0,20,32,8.472172344272222,616.5382430631312
5.0,20,33,8.817286560476552,599.354867355198
5.0,20,34,8.656327953186919,606.9034996919434
5.0,20,35,8.565105851179988,610.7001866157391
5.0,20,36,8.59014771201933,609.0714235831554
5.0,20,37,8.913198715280558,594.8573453604859
5.0,20,38,8.889602243871522,595.6485450153511
5.0,20,39,8.791153761665273,599.2769396044476
5.0,20,40,26.10665501997663,526.225079836687
5.0,20,41,8.801101303978273,597.9479822211167
5.0,20,42,9.13763926054358,585.2585822581485
5.0,20,43,8.938607670353356,592.0164298180925
5.0,20,44,18.856819852628455,555.1379791450066
5.0,21,0,9.016012446072951,589.9466750846686
5.0,21,1,9.082218775563325,587.64428383884
5.0,21,2,8.923356615798955,594.0374563705782
5.0,21,3,8.76505095319502,600.7452978830445
5.0,21,4,8.754912082536743,601.5486883679039
5.0,21,5,8.658534080798308,606.0833191917851
5.0,21,6,8.597240676082398,609.2480728676354
5.0,21,7,8.68373317611996,605.6220366814299
5.0,21,8,8.4644155309927,616.4390818636037
5.0,21,9,8.549393001827184,612.6648982182985
5.0,21,10,8.419812960405022,619.6521260589388
5.0,21,11,8.282174342083252,627.4759862792539
5.0,21,12,8.356684588728092,623.8858576693027
5.0,21,13,8.298150009230202,627.6156965784354
5.0,21,14,8.210832105641323,633.2380045300345
5.0,21,15,8.2664929670476,630.1659265133651
5.0,21,16,8.275735799007084,629.7181419475992
5.0,21,17,8.083086920899898,642.8486924229367
5.0,21,18,7.889380989508424,657.0094659802286
5.0,21,19,7.978000432204847,651.2328790237134
5.0,21,20,14.354783282115815,607.0276503452568
5.0,21,22,7.7404820815685005,670.0539400342099
5.0,21,23,7.9031086740396885,656.8002105735147
5.0,21,24,8.140515127343647,639.1265325798298
5.0,21,25,7.996422006645423,648.7655287997723
5.0,21,26,7.976520550250473,649.32104016893
5.0,21,27,8.052925494261897,643.6035919010415
5.0,21,28,13.649545713909527,586.2901270656366
5.0,21,29,8.307065462966596,627.097057202424
5.0,21,30,8.308481716297617,626.5851498847934
5.0,21,31,8.481210780074962,616.7392127209221
5.0,21,32,8.617363176585913,609.3795148175326
5.0,21,33,8.586741187417072,610.7915341898262
5.0,21,34,8.626475525205555,608.5929639535753
5.0,21,35,8.702793305421954,604.7307886614526
5.0,21,36,16.265912639657465,559.9759659159847
5.0,21,37,8.795798808053458,600.0856131925532
5.0,21,38,8.82503031815836,598.5845393586912
5.0,21,39,11.672891323423006,532.4895242014572
5.0,21,40,8.844705107886883,597.1545846634905
5.0,21,41,8.99706164921655,590.9146002388273
5.0,21,42,21.641349394862637,514.6102120911787
5.0,21,43,9.11775031820773,585.9767940647208
5.0,21,44,9.095545631992891,586.5171334567874
5.0,22,0,9.221658399865383,582.2245577826388
5.0,22,1,9.009355696285143,590.1945109998454
5.0,22,2,8.99436164926481,591.0182892018177
5.0,22,3,13.970772725672623,561.0933092130385
5.0,22,4,8.828530978436323,598.1476371206988
5.0,22,5,8.694166383332542,604.1166266868561
5.0,22,6,8.768686225614186,601.2702824196913
5.0,22,7,8.903104666520672,595.426640607957
5.0,22,8,8.583922904070462,610.2891460135899
5.0,22,9,8.751128755210905,602.5578906756923
5.0,22,10,8.480792854252197,616.105843120577
5.0,22,11,8.488653985780333,616.0723927394226
5.0,22,12,8.450303952828031,618.4064431481999
5.0,22,13,8.379777524775086,622.5926861348804
5.0,22,14,11.839602570097576,547.2100748363846
5.0,22,15,8.268505339138903,629.7501153992506
5.0,22,16,8.187879644316592,635.1122767796002
5.0,22,17,8.227939789459096,632.8494673544708
5.0,22,18,7.969685914589466,650.5908705013355
5.0,22,19,8.01272074820372,648.2266031270053
5.0,22,20,8.031259653827211,647.2736750722966
5.0,22,21,13.82045513792319,617.6210117663034
5.0,22,23,7.815577839192696,664.2205757506117
5.0,22,24,7.891588257887314,657.6566195814394
5.0,22,25,7.918409722161718,654.9423679058225
5.0,22,26,22.64674451168112,553.7590613501009
5.0,22,27,8.22682407713436,632.9225625434258
5.0,22,28,7.966275120191292,649.055633437564
5.0,22,29,8.275522531681956,629.3257384722908
5.0,22,30,8.355031852214896,624.3067047509604
5.0,22,31,8.389112202181364,622.0699574926563
5.0,22,32,14.789440295767847,575.6893460126267
5.0,22,33,8.526411801027603,614.1089863465647
5.0,22,34,8.50817089608575,614.7325759074336
5.0,22,35,8.555465324430202,612.0309155023482
5.0,22,36,13.497309543055373,542.2849485073327
5.0,22,37,21.770956863051897,514.4338624340295
5.0,22,38,8.606359658971103,608.3630515677349
5.0,22,39,8.897905857337044,595.5038292504389
5.0,22,40,8.862287919120057,596.7662721962579
5.0,22,41,17.730143722209277,563.735239222585
5.0,22,42,8.879428345547902,595.432109679032
5.0,22,43,8.848165840283654,596.1957333309779
5.0,22,44,8.999011803364583,590.2645737673901
5.0,23,0,9.158433832919194,584.3134546851884
5.0,23,1,8.887544855113164,594.2897691209135
5.0,23,2,9.023979800969645,589.6500443331303
5.0,23,3,8.788430667537867,598.9267226553451
5.0,23,4,8.848449599589605,597.0061824098149
5.0,23,5,8.829985570477291,598.0881138823938
5.0,23,6,8.715401492964432,603.2189425306893
5.0,23,7,8.813363227212461,599.3181456554111
5.0,23,8,17.707346699866036,519.5444989586781
5.0,23,9,8.76312964240282,601.9094730231975
5.0,23,10,14.054217274451217,480.9977205077008
5.0,23,11,8.504865859698343,614.8983546777584
5.0,23,12,8.306002639430732,625.5702627496021
5.0,23,13,8.396278323613156,621.3207886473425
5.0,23,14,8.386214931022408,622.2322005518603
5.0,23,15,8.315429964805647,626.6104683935176
5.0,23,16,8.12837232272499,638.2249033584618
5.0,23,17,15.224581018949465,596.3200894019319
5.0,23,18,8.07370524616159,642.9540461386015
5.0,23,19,8.163912068374945,637.3305519290891
5.0,23,20,17.751171197713802,580.4822186505714
5.0,23,21,10.523957209539418,558.6690108769302
5.0,23,22,7.820361289077248,663.8490020879749
5.0,23,24,11.314919000352438,616.8393265325973
5.0,23,25,13.046726096523962,482.11275949267844
5.0,23,26,7.934329234572732,653.8087602542821
5.0,23,27,19.953337752108126,587.1945470667298
5.0,23,28,8.163911520026158,637.0442390253584
5.0,23,29,8.11785792876222,639.5180431222811
5.0,23,30,8.299061384599803,627.902185391177
5.0,23,31,8.245808817194291,630.660544768986
5.0,23,32,13.82577283526902,566.1513868616007
5.0,23,33,8.560986772921833,612.4357958228381
5.0,23,34,8.306867754054709,625.5252767891552
5.0,23,35,8.61475840634956,609.386206212122
5.0,23,36,8.640887853676345,607.8951925566978
5.0,23,37,8.530476390888467,612.7882948017967
5.0,23,38,8.669866210822255,605.9662582699395
5.0,23,39,8.77795521665758,600.8652790054897
5.0,23,40,8.625565807124186,607.0166187958521
5.0,23,41,24.73924686913903,496.59050698470173
5.0,23,42,9.015201793101228,590.397434604479
5.0,23,43,17.044483021642233,525.9918453454369
5.0,23,44,9.015268957944373,589.9743557196095
5.0,24,0,9.13445369064057,584.8825680065395
5.0,24,1,9.141609829005269,584.9029881705216
5.0,24,2,9.280683207550751,580.0931063940008
5.0,24,3,9.181120670150571,583.7995688959326
5.0,24,4,8.95284320442555,592.6127353378566
5.0,24,5,8.944045680079846,593.2175042891007
5.0,24,6,8.968328040296653,592.4270133354153
5.0,24,7,8.804045333816227,599.4716498228186
5.0,24,8,8.82779004253787,598.6877739746648
5.0,24,9,22.683738218968266,521.9901752147589
5.0,24,10,8.429832812174187,617.4943693950655
5.0,24,11,20.456158683360254,506.9589712902416
5.0,24,12,8.546186813424587,612.8257188291813
5.0,24,13,8.391357288496325,621.1318209981912
5.0,24,14,8.410751113416632,620.5400719683003
5.0,24,15,8.317758896775322,626.0656409886941
5.0,24,16,8.36153157179355,623.9285960639328
5.0,24,17,8.23675142709382,631.6704884729497
5.0,24,18,8.170269004014504,636.2203382674074
5.0,24,19,8.096748981756063,641.4443503414292
5.0,24,20,8.020295788866177,647.1356043452042
5.0,24,21,10.387756980987167,611.8128566430739
5.0,24,22,7.909221713979815,656.345777122389
5.0,24,23,17.383806793709166,538.0281646301117
5.0,24,25,7.980466670054478,651.4121742224349
5.0,24,26,8.102804250076275,641.955166097827
5.0,24,27,7.938229530569167,653.5310252790721
5.0,24,28,8.17375463285216,636.6585747623069
5.0,24,29,8.0821687344748,642.3995660421133
5.0,24,30,8.364104247624033,624.024224739496
5.0,24,31,19.600195717986622,534.409847273953
5.0,24,32,8.342871296479363,625.0141216951909
5.0,24,33,8.449936781924663,618.6638676408867
5.0,24,34,8.291473081399547,626.9743773305389
5.0,24,35,8.468300797812795,617.1307585137347
5.0,24,36,8.42666907520099,618.8206615021952
5.0,24,37,8.708089564271761,604.6416286672982
5.0,24,38,8.68478204694594,605.5729916811545
5.0,24,39,8.640290122784917,607.3027473961313
5.0,24,40,8.758468887806776,601.7167233188873
5.0,24,41,8.87671252337515,596.3997473993788
5.0,24,42,8.740386017310422,601.7546096454398
5.0,24,43,8.848418555878206,597.0074127388153
5.0,24,44,8.997595826360278,590.8940860628732
5.0,25,0,9.224770032615647,581.5807968640115
5.0,25,1,9.14197760600695,584.6266182039591
5.0,25,2,9.142553776403963,584.8699111097476
5.0,25,3,8.888891275001214,594.241148402734
5.0,25,4,9.1837269891954,583.7025336330329
5.0,25,5,8.814595329634752,597.9219127559701
5.0,25,6,11.898272767090795,521.9319131453972
5.0,25,7,8.929717136027197,594.0070068946206
5.0,25,8,8.69799534152326,603.9547629073882
5.0,25,9,8.729493761751879,602.9827753545638
5.0,25,10,8.666066420608761,606.1379638144907
5.0,25,11,8.618512871619716,608.6717257117178
5.0,25,12,8.607197669562051,609.5262993468418
5.0,25,13,8.434523064146799,618.4267098245246
5.0,25,14,15.319171514659724,574.8369188279626
5.0,25,15,8.410940329770353,620.5298649269971
5.0,25,16,8.437782201702637,619.3445068252671
5.0,25,17,8.295984147799771,627.7416914020325
5.0,25,18,8.10762686343613,639.4795211001526
5.0,25,19,8.172270571852566,636.0943996190366
5.0,25,20,8.073210891563837,642.9864334681417
5.0,25,21,8.036365007136379,646.0385175249339
5.0,25,22,7.770315152322034,665.4879884743068
5.0,25,23,7.93635185346721,654.3289666586049
5.0,25,24,7.917958045981337,656.2677824035237
5.0,25,26,14.111688461294786,486.4566736971254
5.0,25,27,7.8487464701308145,660.8414084349824
5.0,25,28,7.922249588945829,654.6689360157633
5.0,25,29,8.051716363804012,644.9904409607765
5.0,25,30,8.124836088104356,639.6042412916223
5.0,25,31,8.281088662922482,629.2475653289174
5.0,25,32,8.42135304316487,620.5063845867612
5.0,25,33,8.311619177698272,626.8321536050524
5.0,25,34,8.119941370226792,637.1431407843808
5.0,25,35,8.421127948585635,619.9803064771878
5.0,25,36,8.283930275303582,626.7180256842137
5.0,25,37,8.419346063748185,619.1879796468146
5.0,25,38,8.590801146818984,610.3201353048241
5.0,25,39,8.522570449123387,613.1579751346288
5.0,25,40,8.940532750456079,593.7353342008787
5.0,25,41,8.692874687534749,604.5828254585512
5.0,25,42,8.852017410795987,597.4436982751387
5.0,25,43,8.707965194826253,603.0812993896541
5.0,25,44,13.830076064820174,479.38358870214796
5.0,26,0,9.196679222977743,582.20712616849
5.0,26,1,17.07433582506735,474.66067182397586
5.0,26,2,8.84369150525118,594.7737643217971
5.0,26,3,9.087349579946723,586.8043330528806
5.0,26,4,24.803336361488796,478.00218961554987
5.0,26,5,11.030941603866461,546.5755699807136
5.0,26,6,8.89476403082121,594.8431684452694
5.0,26,7,8.882610624976643,595.6523075563553
5.0,26,8,8.752703935272176,601.2505491627696
5.0,26,9,16.56870285904678,485.9812458516999
5.0,26,10,8.798439016599406,599.9702507469203
5.0,26,11,8.631935839649401,607.6802621152397
5.0,26,12,8.522690579188804,613.1523578756246
5.0,26,13,20.311385822564645,495.3262432512152
5.0,26,14,8.35560921537354,622.3849841906066
5.0,26,15,8.624080710771644,609.0302030398746
5.0,26,16,8.251618003682339,629.1243100208395
5.0,26,17,14.349312015882273,551.8582137307267
5.0,26,18,8.344981116456415,624.8913869753719
5.0,26,19,16.845778613563287,494.8406155584186
5.0,26,20,20.142499266761767,565.337682010776
5.0,26,21,10.10396698147423,592.1056381696276
5.0,26,22,8.282699048193919,629.2206596003024
5.0,26,23,7.977359875933168,650.7446045793175
5.0,26,24,7.914900440925421,655.9236297932094
5.0,26,25,7.985753999249478,651.0014597126208
5.0,26,27,7.882590197112851,659.0151219724189
5.0,26,28,7.9587974319380645,652.6603988450579
5.0,26,29,13.241733631860004,488.6204199330991
5.0,26,30,8.038447965028654,645.8963086375838
5.0,26,31,8.256937285410743,630.9497147042441
5.0,26,32,8.350722066457816,624.8662315784743
5.0,26,33,8.266605482652183,629.8650125254946
5.0,26,34,8.21587527706276,632.4018709016375
5.0,26,35,8.329335398580382,625.4173733724834
5.0,26,36,8.449856366617741,618.4305876306685
5.0,26,37,8.448781147867537,618.1457803108882
5.0,26,38,8.479737751594925,616.1587664777164
5.0,26,39,8.671789253075888,606.3991044909704
5.0,26,40,8.515904579117278,613.4696699479347
5.0,26,41,8.830539967297382,598.7057061603338
5.0,26,42,8.91578742291427,594.8427773265514
5.0,26,43,8.738494151103799,602.2427331446848
5.0,26,44,8.77985434442815,600.1395295581301
5.0,27,0,9.362313925294298,576.6960443465993
5.0,27,1,9.338628062077497,577.6502787418796
5.0,27,2,13.728671428169779,534.7944422717019
5.0,27,3,9.16980770146914,583.6798893942267
5.0,27,4,9.201693189105903,582.7975944205039
5.0,27,5,8.99665083200356,590.3498310665382
5.0,27,6,8.84651448678425,596.2572144920326
5.0,27,7,9.138004978189255,585.5019084303785
5.0,27,8,23.40119020259622,477.42655225391525
5.0,27,9,8.822452798897112,598.3963617933101
5.0,27,10,15.623884942958533,497.3688877636858
5.0,27,11,8.750622034710343,602.059587205573
5.0,27,12,8.678792163065975,605.5629108732325
5.0,27,13,8.77508141887757,601.3506102290602
5.0,27,14,8.471147589276207,616.1131499559411
5.0,27,15,8.660143694947573,607.109705607381
5.0,27,16,8.314815585367082,625.1119895609119
5.0,27,17,15.159983418746126,510.6745756964805
5.0,27,18,8.1960823674187,632.8793533659803
5.0,27,19,8.168857905925382,635.137016049533
5.0,27,20,8.324289816755535,626.3764520662648
5.0,27,21,18.69338294329783,563.8982063188232
5.0,27,22,8.142402611855234,638.4533815723331
5.0,27,23,7.988515773131137,649.3053076764203
5.0,27,24,8.053680255026674,645.3099302328222
5.0,27,25,7.970901949959583,651.7605686537607
5.0,27,26,7.957208500559718,653.2188458577564
5.0,27,28,7.847962184651669,661.7049917798976
5.0,27,29,13.590926439837649,560.3594280841858
5.0,27,30,8.126128325418364,640.1509979229024
5.0,27,31,8.16616263089237,637.1769002433292
5.0,27,32,7.974684700892698,649.4413146812072
5.0,27,33,8.234129391339817,632.2022426968988
5.0,27,34,8.248787191566088,630.9426046776834
5.0,27,35,8.307065860810122,627.0970340586421
5.0,27,36,8.274973350223908,628.4615706691987
5.0,27,37,8.37821007391983,622.2954579466431
5.0,27,38,8.464784530042582,617.3136044377857
5.0,27,39,8.356627691658638,622.3338979917398
5.0,27,40,11.25985324510636,554.9657154703184
5.0,27,41,8.422582612774372,617.8333873396526
5.0,27,42,8.531660108435004,612.211538334724
5.0,27,43,8.783137455875217,600.6388439418968
5.0,27,44,8.584543854555772,608.7507636867447
5.0,28,0,9.303313594233273,578.2491920576979
5.0,28,1,9.329977064649748,577.7050878259462
5.0,28,2,9.45173094307732,574.019445439579
5.0,28,3,25.15989513014881,524.1025328280931
5.0,28,4,9.062998313229775,587.3133489033211
5.0,28,5,9.301906866559694,579.2859857184585
5.0,28,6,9.070560644623903,587.6808656108035
5.0,28,7,8.892895822928262,594.5304016694402
5.0,28,8,8.987002273389894,591.3009136708422
5.0,28,9,8.675665065583667,603.854004833381
5.0,28,10,8.724160123405397,602.4185880822922
5.0,28,11,8.684783114656433,604.5132910681384
5.0,28,12,8.747235381829812,602.2075651217141
5.0,28,13,8.503808164463164,613.4701165555715
5.0,28,14,8.567303257686817,611.0662775166064
5.0,28,15,8.519428332989808,613.7756427272094
5.0,28,16,8.407638214201551,619.7752388093419
5.0,28,17,8.338195814736293,623.8962176337128
5.0,28,18,8.336380296163178,624.5519133791263
5.0,28,19,8.345483462374414,624.5131047947685
5.0,28,20,14.532150587997268,581.3365896357176
5.0,28,21,8.07723893177834,641.3172841335129
5.0,28,22,8.081037400233857,641.8347907772859
5.0,28,23,8.285639242142016,629.0693241195589
5.0,28,24,8.019966538081674,647.1580831422539
5.0,28,25,8.130847415739355,639.8149576750565
5.0,28,26,8.01865782527377,648.2104745200548
5.0,28,27,7.784592497808992,666.6274864664917
5.0,28,29,7.747778914534582,669.4871292561531
5.0,28,30,8.054107074147488,645.5752349889414
5.0,28,31,10.386205733726406,578.9415285341275
5.0,28,32,8.088401909490349,642.4858244952987
5.0,28,33,7.972783521061545,649.5658692782254
5.0,28,34,8.234397601666888,632.1853669031194
5.0,28,35,8.174552832426937,635.4320566932884
5.0,28,36,8.127345909334599,637.5518966204393
5.0,28,37,8.308735822170163,626.5709203177762
5.0,28,38,21.74753467107969,529.0170608653413
5.0,28,39,8.397628228484512,620.8057321188054
5.0,28,40,8.50024700364173,615.130033905343
5.0,28,41,8.563934525387284,611.6208800112589
5.0,28,42,8.717059732010696,604.0636932683465
5.0,28,43,14.672128108777041,546.9547465104333
5.0,28,44,8.719139485720534,603.4351996933776
5.0,29,0,16.056816798854236,529.5973803751048
5.0,29,1,9.41853917976244,574.7528601511126
5.0,29,2,9.129126473889194,583.9724550004424
5.0,29,3,9.152315650227825,583.6312873916661
5.0,29,4,9.338988667513402,577.8070956942117
5.0,29,5,9.09312669332224,586.288436665314
5.0,29,6,9.12476382935562,585.4932924130901
5.0,29,7,9.024864632025078,589.3309993990944
5.0,29,8,9.045532592660043,588.847617319426
5.0,29,9,8.785992108978292,599.0203714008093
5.0,29,10,13.389600056368998,541.1660880455553
5.0,29,11,8.939694269720256,593.5987334477117
5.0,29,12,8.610138072440316,607.6688044087983
5.0,29,13,8.826963692731699,598.7238808703621
5.0,29,14,8.608564087021803,608.7363887134359
5.0,29,15,8.570425775982054,610.9202691551792
5.0,29,16,8.48855225345157,615.2705049344623
5.0,29,17,16.041610343929804,588.1197776044869
5.0,29,18,13.033757775868096,554.3930569274455
5.0,29,19,8.386150517579036,621.8671205709252
5.0,29,20,15.400876242570614,582.6226981251721
5.0,29,21,8.189535590583754,633.9341315093104
5.0,29,22,8.184309129761008,634.8420276388288
5.0,29,23,8.210381561368377,633.6964561587017
5.0,29,24,8.149503078853161,637.9881989572668
5.0,29,25,15.987661217011972,564.3465379670823
5.0,29,26,7.939366701987319,653.450048790129
5.0,29,27,7.966213793969578,652.1090785484809
5.0,29,28,7.994455422082607,650.3255417809412
5.0,29,30,7.852075703885959,661.3854576685128
5.0,29,31,7.879128447551461,658.5828616257821
5.0,29,32,7.912006175150305,655.3983561108453
5.0,29,33,15.01408557309491,570.644306228899
5.0,29,34,8.08990556948263,641.8926921784183
5.0,29,35,8.07947637908435,641.9330102280128
5.0,29,36,8.371968658480474,623.4929911653293
5.0,29,37,8.262749662575668,629.6750436674731
5.0,29,38,8.585234667200659,611.0873787288488
5.0,29,39,8.55755658648241,612.6208329719881
5.0,29,40,22.2912315552879,529.8943997666503
5.0,29,41,8.3412022476453,623.107629606312
5.0,29,42,8.55376543089505,612.1132156725789
5.0,29,43,8.699216112595103,604.8980575174763
5.0,29,44,13.840132517774286,551.4616038512967
5.0,30,0,9.700810957598545,566.1461717256664
5.0,30,1,9.694900865772798,566.3650879740925
5.0,30,2,9.462131272304743,573.430129410969
5.0,30,3,9.31069105259743,578.306890979255
5.0,30,4,9.25411008953958,580.3634781460049
5.0,30,5,9.107753119004531,585.4469511406401
5.0,30,6,14.359204112145026,532.7716837882372
5.0,30,7,9.062619256017534,587.6709135728318
5.0,30,8,8.852455733425444,595.5568762929701
5.0,30,9,14.360552802290274,562.2527160514095
5.0,30,10,8.838808944618824,596.9920295438131
5.0,30,11,8.937706466463922,593.4687409486584
5.0,30,12,8.770637586423335,600.5166877355904
5.0,30,13,8.811129446814952,599.1721789884461
5.0,30,14,8.766096743232831,601.3834284137433
5.0,30,15,8.906937795480058,595.2534285466783
5.0,30,16,8.57953308352451,610.4944131871566
5.0,30,17,22.067640739019026,555.309149910533
5.0,30,18,8.45117482198202,617.591466996884
5.0,30,19,8.301389777342388,625.8101315781959
5.0,30,20,8.358124873135775,623.378929168636
5.0,30,21,8.419071823721382,620.3922613487457
5.0,30,22,8.216248785300923,632.3801427781675
5.0,30,23,10.656461451026466,563.8927190870221
5.0,30,24,8.242503056745141,631.6753716695957
5.0,30,25,8.146562303714541,638.1808619848824
5.0,30,26,19.71871138312774,533.2568917271017
5.0,30,27,8.063947628947773,644.5788039685447
5.0,30,28,7.971914223294357,651.6853178997154
5.0,30,29,7.865929761775309,660.3092881346884
5.0,30,31,7.927468156464752,655.5290464138739
5.0,30,32,7.959917620738149,652.5771258307603
5.0,30,33,7.9207500861768025,654.7757136461697
5.0,30,34,11.12444322917811,537.2576366484838
5.0,30,35,16.215376608547242,531.8652641141873
5.0,30,36,8.210535976357436,633.6867403675903
5.0,30,37,8.312145408665462,627.1109062733267
5.0,30,38,8.42894394263578,620.007011029361
5.0,30,39,8.416070646497376,620.5603229996308
5.0,30,40,8.48470625193397,616.5506538308596
5.0,30,41,8.603379861311574,610.1066472117982
5.0,30,42,8.45090781593802,617.6048598702007
5.0,30,43,8.616541821335877,609.0739032021751
5.0,30,44,8.70275665147076,604.7325025932371
5.0,31,0,9.808915167778386,563.0350762859484
5.0,31,1,9.655749478127534,567.4405783583892
5.0,31,2,9.498804552442277,572.1534066242879
5.0,31,3,9.35148122990902,576.7876239458549
5.0,31,4,9.365455422124946,576.5980166831474
5.0,31,5,9.40390327003333,575.5548113517872
5.0,31,6,9.31297350954358,578.666617716613
5.0,31,7,18.52191093288532,505.158038248922
5.0,31,8,9.002929913555327,589.7625004673084
5.0,31,9,9.03252635267854,589.054326153275
5.0,31,10,9.117155852131468,586.18102827449
5.0,31,11,8.873107436238662,595.674853583901
5.0,31,12,8.831778507594635,597.6668936143521
5.0,31,13,8.683437352359322,604.0850011638603
5.0,31,14,9.019403933732255,590.3676703101094
5.0,31,15,8.742696461943515,602.4058907045237
5.0,31,16,8.81175552066711,599.5545408213341
5.0,31,17,11.979938645927309,534.7072239465074
5.0,31,18,8.487567571142419,615.3181782269306
5.0,31,19,8.588725349691476,610.6920097237025
5.0,31,20,8.479674851902377,616.5393077010764
5.0,31,21,8.381402326545622,622.1232558416921
5.0,31,22,8.229335328570036,631.0172348935328
5.0,31,23,8.343656205002418,624.9684611513017
5.0,31,24,8.169193963168944,635.7561436345733
5.0,31,25,8.195017411557899,634.6631684647771
5.0,31,26,8.194237815267783,635.0574309281039
5.0,31,27,14.144024622374193,591.2253300684856
5.0,31,28,7.9902358242300835,649.8277251464953
5.0,31,29,8.032972446673476,647.1463488366079
5.0,31,30,7.753869392718862,669.0140269260854
5.0,31,32,7.741505161595617,669.974468188153
5.0,31,33,7.888058763500842,657.9189964561992
5.0,31,34,8.025187898425525,647.3388336702875
5.0,31,35,7.950402592541164,651.9073924449979
5.0,31,36,8.129021369177815,639.3300452429528
5.0,31,37,8.174476265451986,635.955617377761
5.0,31,38,8.1312001555889,638.0538852463923
5.0,31,39,8.126279503842119,637.6139327091846
5.0,31,40,12.783482349709143,585.5596588676535
5.0,31,41,8.445242723780671,618.6794648660153
5.0,31,42,8.518275779698662,614.5320594556695
5.0,31,43,8.351692130164357,622.5814629863352
5.0,31,44,8.454905565463566,616.899505864137
5.0,32,0,28.10364146872248,483.1613936898037
5.0,32,1,9.480502796900419,572.2189457862337
5.0,32,2,9.360223221926972,575.9296726060788
5.0,32,3,9.431071609052266,574.1527295732931
5.0,32,4,9.287120690857963,578.7405392222305
5.0,32,5,9.426956777951439,574.6789206165918
5.0,32,6,9.244582178135278,580.6693435468002
5.0,32,7,9.23814300393638,581.1389635540448
5.0,32,8,9.171505722889073,583.6221258195391
5.0,32,9,9.287206200607208,579.801114868453
5.0,32,10,8.783871470818589,598.0335302204398
5.0,32,11,8.967124077035438,591.7668266703729
5.0,32,12,8.96922918105577,591.9834594286932
5.0,32,13,8.812306011996977,598.4386304643174
5.0,32,14,8.946071568801317,593.3377685295402
5.0,32,15,8.805184182380085,599.4235066142469
5.0,32,16,8.640548399047626,606.8691935638358
5.0,32,17,12.905047996107685,490.8330964081509
5.0,32,18,8.459313548659724,616.1158557657031
5.0,32,19,8.450404839952848,617.1174080256746
5.0,32,20,14.43864000407284,489.93199875791095
5.0,32,21,8.515436509476695,614.679701507212
5.0,32,22,8.302171038210743,626.3972893310872
5.0,32,23,8.329804640033334,625.3910965193154
5.0,32,24,12.51600329743715,553.5423289016196
5.0,32,25,8.317930760502126,626.7610270561382
5.0,32,26,8.138877332501064,638.1955022390332
5.0,32,27,8.124472801302268,639.6280417972316
5.0,32,28,8.111125239937445,640.9344443393402
5.0,32,29,8.068045885803228,644.2869724595529
5.0,32,30,7.899298465739308,657.0834552642755
5.0,32,31,7.8772767050061265,659.4278687913759
5.0,32,33,7.860251655970401,660.7503577856078
5.0,32,34,8.01720644847628,648.3183675116642
5.0,32,35,8.006317410690931,648.6825764139053
5.0,32,36,8.069464132104834,643.7787552169747
5.0,32,37,15.779824469176553,541.0864810150443
5.0,32,38,8.174064615402003,635.9815183989059
5.0,32,39,8.24217091921327,631.3427352586516
5.0,32,40,8.243302256409802,630.8063591223145
5.0,32,41,8.31188417658433,626.3946169538216
5.0,32,42,8.48278339902655,616.6543797438696
5.0,32,43,8.333246499229032,624.1535820400903
5.0,32,44,8.471694693131266,616.5622017762921
5.0,33,0,9.571082359969564,569.2067945314197
5.0,33,1,9.784998043151841,563.6373351475443
5.0,33,2,24.48552231053342,493.79667202832957
5.0,33,3,9.62932588121343,568.1996053479049
5.0,33,4,9.38822574073643,575.417442481171
5.0,33,5,13.966720244782197,482.0201942796716
5.0,33,6,9.390846011945438,575.8057255149737
5.0,33,7,14.072123128929505,527.371092003245
5.0,33,8,9.14294398474819,584.284270363182
5.0,33,9,28.17690227908163,499.4722834556881
5.0,33,10,9.173479150425871,583.7862485270684
5.0,33,11,9.255880570467511,580.9887571775621
5.0,33,12,13.85046720753258,563.2869887810364
5.0,33,13,8.879075170911449,595.4456727577219
5.0,33,14,8.835758067622539,597.5091750977513
5.0,33,15,9.033031798772202,589.7792762885362
5.0,33,16,8.94012705688481,593.7189878935822
5.0,33,17,8.740648635955711,602.4953693233797
5.0,33,18,8.733517076812781,603.0899924784113
5.0,33,19,8.675339350047217,606.0145303916685
5.0,33,20,8.356976453367398,621.6407337289346
5.0,33,21,8.760679833872054,602.0668693022724
5.0,33,22,8.556486313611911,612.5451116921806
5.0,33,23,8.28060161450257,627.560825116168
5.0,33,24,8.385079780748196,622.2957673507685
5.0,33,25,8.200117346543227,633.3185582058989
5.0,33,26,8.162269671569026,636.1749022153756
5.0,33,27,8.257144709279661,630.7541188921239
5.0,33,28,8.090761857268799,641.836593024414
5.0,33,29,8.134093926741157,639.3663130744862
5.0,33,30,7.975910939457798,650.8477814501081
5.0,33,31,8.024009130791951,647.8126671674981
5.0,33,32,7.932696865654397,655.1228854481795
5.0,33,34,14.60195780379447,564.8267084301808
5.0,33,35,7.888475912220903,657.8879862985123
5.0,33,36,8.08166334744271,643.3172908317166
5.0,33,37,8.027311931586706,646.6565942540847
5.0,33,38,8.039325705214898,645.2064000706775
5.0,33,39,8.16277046003216,636.6921466547765
5.0,33,40,15.47064292270024,558.6752909003932
5.0,33,41,8.319650130113718,626.3649683924232
5.0,33,42,8.425615212367674,620.0258409023015
5.0,33,43,8.498489095802181,615.8071554287782
5.0,33,44,8.322557084608924,624.7094316003358
5.0,34,0,9.739840280750077,564.5569500062481
5.0,34,1,9.563656484928961,569.4038075427011
5.0,34,2,9.502155985718169,571.340080236588
5.0,34,3,9.492676178394403,571.8785239357442
5.0,34,4,9.653009571021812,567.5192831406628
5.0,34,5,13.045506566473627,548.5435058733832
5.0,34,6,9.327249473897819,577.5228969436483
5.0,34,7,17.13798807755978,530.5318256376413
5.0,34,8,9.120342517472581,584.6576902044006
5.0,34,9,9.286389145167798,579.5449459073945
5.0,34,10,9.228909226633801,581.6693638950051
5.0,34,11,22.698768983467364,484.0802321121353
5.0,34,12,19.184679068688368,534.8543069310866
5.0,34,13,9.06038040132257,588.2948219815289
5.0,34,14,8.889256908008308,595.0546602466536
5.0,34,15,13.023548966448933,530.638901080272
5.0,34,16,8.853259758496716,597.1357127961672
5.0,34,17,8.782171961686783,600.3963156212494
5.0,34,18,8.606726234744734,608.3470342429592
5.0,34,19,8.559625766393836,610.9478215875466
5.0,34,20,8.674949383435484,606.0327651562421
5.0,34,21,8.583865233631546,610.6559368266414
5.0,34,22,8.48419792781746,615.935046541554
5.0,34,23,8.344255804340554,623.5810981742912
5.0,34,24,8.483555483436243,616.6127306088748
5.0,34,25,8.401246372200408,621.3904612505788
5.0,34,26,8.260557504941817,629.8025682221348
5.0,34,27,8.20005863012423,633.889549204713
5.0,34,28,8.106906894258628,640.2070822132472
5.0,34,29,8.152513891503263,637.7909474662794
5.0,34,30,7.969039115377524,650.6350291454495
5.0,34,31,8.131892041040341,639.7405712740398
5.0,34,32,8.0123843524587,648.6768342902866
5.0,34,33,7.946443868935447,654.0550318105948
5.0,34,35,7.9546750998711815,653.4156379211176
5.0,34,36,8.047866730949808,646.0391319572756
5.0,34,37,8.05506348248575,645.2114324151162
5.0,34,38,8.030486417764235,646.4398639260789
5.0,34,39,8.196291321839,634.9228967408269
5.0,34,40,8.43167971508024,619.7723763271514
5.0,34,41,8.049369800703742,643.0027183196083
5.0,34,42,8.325505595210348,626.0243379709365
5.0,34,43,8.304347139779319,626.8166802822047
5.0,34,44,8.49197739044516,616.1584212904584
5.0,35,0,10.0546446496125,556.4177049536859
5.0,35,1,16.74109981610052,516.6809217489965
5.0,35,2,9.594112931679462,568.5957793636062
5.0,35,3,9.484615274151704,571.8177730914018
5.0,35,4,9.562529744944861,569.9251077546975
5.0,35,5,9.623718935438855,568.3606668107137
5.0,35,6,9.201290208369883,580.9353556433509
5.0,35,7,9.302675863528158,578.2685429527432
5.0,35,8,27.855414931654032,521.9047985200698
5.0,35,9,9.476922560631564,573.2107431046235
5.0,35,10,9.296041173841859,579.2260498539541
5.0,35,11,25.10508789928371,478.03148279153834
5.0,35,12,18.56967598597092,523.5946982729131
5.0,35,13,9.106614196127031,586.3789318065238
5.0,35,14,9.120931233275885,586.040467930344
5.0,35,15,9.03441302209715,589.480183501982
5.0,35,16,18.831256243109138,501.19819284164134
5.0,35,17,8.723347183076934,602.4518543449527
5.0,35,18,8.859000264412543,597.1485080375993
5.0,35,19,21.49561561940087,534.0200784472426
5.0,35,20,8.834868685686047,598.5100993224892
5.0,35,21,8.583153652782691,610.3251160574563
5.0,35,22,17.63127736030544,496.49457589784777
5.0,35,23,20.71523215592613,558.8666764242795
5.0,35,24,8.3789816628014,621.7753535343271
5.0,35,25,8.491508668720424,616.1837059020156
5.0,35,26,14.027366471074039,583.6248636279478
5.0,35,27,8.113932283645044,638.3322084994951
5.0,35,28,8.179592256303925,635.1272887671637
5.0,35,29,8.167220229511116,636.4121671591605
5.0,35,30,8.169513423012221,636.6772338859549
5.0,35,31,7.949455670800693,651.9720412252825
5.0,35,32,8.001711111308984,649.0105849665445
5.0,35,33,7.950624015409451,653.2679973421991
5.0,35,34,7.918724768969067,656.2082241190942
5.0,35,36,7.914011772569733,656.5743250245832
5.0,35,37,7.977000399977904,651.3072197937031
5.0,35,38,11.69978094605509,585.8804863749264
5.0,35,39,13.539570440108442,503.8868482793273
5.0,35,40,14.752559033267017,595.0725899430744
5.0,35,41,8.263284437713402,630.3678071790729
5.0,35,42,8.124053447234726,638.4860948673501
5.0,35,43,13.765485393457567,583.4228422669906
5.0,35,44,19.847723288798154,530.5072056010652
5.0,36,0,9.70204479964345,565.0465801587634
5.0,36,1,16.045714088592472,532.3365814651304
5.0,36,2,9.617264074168675,567.7261211593142
5.0,36,3,9.73079719398258,564.9694622004622
5.0,36,4,9.721042120731767,565.3790710541713
5.0,36,5,9.456641483962931,572.8862141462455
5.0,36,6,9.359560427059217,575.9487116186241
5.0,36,7,9.367537119872582,576.0281236712409
5.0,36,8,9.265897334636605,579.384527249549
5.0,36,9,18.471197858050218,522.8195464449827
5.0,36,10,9.310723342719637,578.5460771816737
5.0,36,11,9.099879223658993,585.7070989536737
5.0,36,12,9.232534258418621,581.5460469616676
5.0,36,13,15.746917359882042,522.8287600338837
5.0,36,14,9.282518347968045,580.0268374344872
5.0,36,15,9.076058907223084,587.7110991464638
5.0,36,16,8.717449446971058,601.6526372049445
5.0,36,17,8.74780557471981,600.9949214151106
5.0,36,18,8.860134756117722,596.8543815979922
5.0,36,19,8.782211627575375,600.3946388020407
5.0,36,20,8.55665910218935,610.5346897848932
5.0,36,21,8.58355157336699,609.8666582905408
5.0,36,22,21.274467169347727,541.7637680200287
5.0,36,23,8.556637689172101,611.97415558425
5.0,36,24,8.520591775634134,614.1095515601884
5.0,36,25,8.34611584196618,623.4843762177586
5.0,36,26,8.427567715898764,619.6329212239796
5.0,36,27,8.364414640945759,623.4529857526636
5.0,36,28,8.321256224927202,626.2715369152927
5.0,36,29,8.006691013350725,645.5837922337297
5.0,36,30,8.154948945223742,637.1842763665221
5.0,36,31,8.02421701289999,646.1962365142989
5.0,36,32,8.063737949364915,644.1696964257375
5.0,36,33,7.949807149043494,652.7065982143316
5.0,36,34,7.9007792656782065,656.9733750041673
5.0,36,35,13.251011407128736,486.2975801212137
5.0,36,37,7.861073812564465,660.6864934733875
5.0,36,38,15.889666167647725,494.35369406522324
5.0,36,39,8.143570332118212,638.9089754449096
5.0,36,40,8.180520868854813,636.1966264449383
5.0,36,41,8.03463090979183,645.5139766304645
5.0,36,42,8.233295927176076,632.2546842620812
5.0,36,43,8.176004815772798,635.3442454744095
5.0,36,44,8.2878528335192,628.214714973162
5.0,37,0,9.976821443953508,558.1742305846843
5.0,37,1,9.863092165588263,561.088337867651
5.0,37,2,9.627827541855567,567.1753289001954
5.0,37,3,9.804680931760435,562.8805143711512
5.0,37,4,9.701987353708745,565.7338049016047
5.0,37,5,9.876398170037325,561.1482008055971
5.0,37,6,9.54499182990636,570.4155458054631
5.0,37,7,9.395933965066279,574.903869118896
5.0,37,8,9.385339351753798,575.5026421409509
5.0,37,9,9.36304565938669,576.4367202504772
5.0,37,10,9.035403465274806,586.8969995858507
5.0,37,11,9.413057125116277,575.2609539222877
5.0,37,12,9.252564920995146,580.662473834796
5.0,37,13,24.39797872277189,506.44901191330814
5.0,37,14,9.060939148038946,587.7297865924425
5.0,37,15,9.270134672951416,580.4740256989766
5.0,37,16,9.211622428185223,582.6639649814117
5.0,37,17,8.990096908050779,591.1820694247101
5.0,37,18,12.821881709014718,535.3171155780965
5.0,37,19,9.122885129124949,586.102395730657
5.0,37,20,8.59418070787854,608.3433793740139
5.0,37,21,8.734282936329603,602.7735150320425
5.0,37,22,8.389969345666398,618.6142838054225
5.0,37,23,8.60983934235059,609.0772982902058
5.0,37,24,8.510832910464986,614.1917892224862
5.0,37,25,15.869577815177712,472.4804024917908
5.0,37,26,8.379975826444051,621.7236570249094
5.0,37,27,8.37438093660852,622.5020160053086
5.0,37,28,8.3136349534403,626.2965759429836
5.0,37,29,8.26630179042929,629.4684054606038
5.0,37,30,8.252413272001778,630.7233111549867
5.0,37,31,8.05541678203032,643.4468400746522
5.0,37,32,12.689883905063127,575.8007525008928
5.0,37,33,8.006783564717182,648.0581186067654
5.0,37,34,7.962339344000714,651.8141970071016
5.0,37,35,7.952636101466044,653.1184221358183
5.0,37,36,7.939000543203409,654.6332220020265
5.0,37,38,8.024223483132703,648.0131881991238
5.0,37,39,8.020497717680476,648.0736999096698
5.0,37,40,7.948626459840021,652.7906735478338
5.0,37,41,7.94436891613541,652.319327036415
5.0,37,42,8.08653228082537,642.1136910562971
5.0,37,43,11.299236425033293,528.2759394377298
5.0,37,44,8.200908375833418,633.8381593546342
5.0,38,0,33.23182877366964,481.95311190407153
5.0,38,1,9.972230492741721,558.2842986574801
5.0,38,2,9.785692877128486,562.9906672543264
5.0,38,3,9.839753268656146,561.8338905368352
5.0,38,4,9.693321440065525,565.7596807162546
5.0,38,5,9.719418087968767,565.2713568498082
5.0,38,6,9.726115237619313,565.2409129367178
5.0,38,7,9.65507173727412,567.3372223514276
5.0,38,8,9.502228431654295,571.850523685314
5.0,38,9,9.55494686190408,570.4962129147098
5.0,38,10,9.760153340568156,564.3871372547509
5.0,38,11,9.490483052101776,572.6966387431842
5.0,38,12,14.44775380231938,539.8409340304952
5.0,38,13,11.761194629908733,521.0328823326646
5.0,38,14,9.367209414793175,576.964645123926
5.0,38,15,9.331807631400313,578.2382266831657
5.0,38,16,9.062883986898656,587.958078250882
5.0,38,17,26.66027096795675,487.1707176202362
5.0,38,18,8.93517408533536,593.291288177917
5.0,38,19,8.790817185128159,599.290278855969
5.0,38,20,8.725478050266112,602.3646573083092
5.0,38,21,8.790989693895973,600.0235584923846
5.0,38,22,8.65127854313299,606.400345879217
5.0,38,23,8.507300960940796,613.3122834944019
5.0,38,24,22.764136655465325,554.1039063496453
5.0,38,25,8.688319689305304,605.5987851253542
5.0,38,26,8.615143099611618,609.3669102139963
5.0,38,27,8.469569986257696,617.0647607145999
5.0,38,28,21.5360361004823,481.6096758089888
5.0,38,29,13.577745261910035,590.305990783036
5.0,38,30,8.13247014717985,637.2538039380953
5.0,38,31,8.193177818629373,634.305678250519
5.0,38,32,8.181713340443077,635.5002606193216
5.0,38,33,8.053570038948175,644.2731915341326
5.0,38,34,8.020975518183661,647.0891974781729
5.0,38,35,8.092395830626145,642.5530447453633
5.0,38,36,8.006212352325917,649.1356507462822
5.0,38,37,8.006517254192158,649.3885905755919
5.0,38,39,7.851221604864934,661.4518032369115
5.0,38,40,8.00145989953877,649.488940360374
5.0,38,41,8.00167093166798,649.013446106214
5.0,38,42,7.992284415783278,649.0480127592407
5.0,38,43,8.225964153714145,632.9788998837006
5.0,38,44,8.191976279133051,634.8545165169484
5.0,39,0,19.572579319843193,468.3113650754507
5.0,39,1,21.15040653964087,530.1285686046589
5.0,39,2,19.645869157113054,530.7996043277624
5.0,39,3,9.981609033779051,558.1754154666493
5.0,39,4,9.861384895208651,561.2886806575356
5.0,39,5,9.851193973344866,561.6779335951435
5.0,39,6,19.284837248758574,538.1254787860049
5.0,39,7,15.655028083927139,519.1905394297842
5.0,39,8,9.380380986922196,575.0187965790469
5.0,39,9,9.381228240737919,575.3262961526526
5.0,39,10,9.3142854510225,577.5999922225861
5.0,39,11,9.314193900205465,577.9190469710032
5.0,39,12,13.13234517836831,538.3392141563394
5.0,39,13,9.148692966928515,583.7475829188049
5.0,39,14,9.245793338547838,580.8862020261344
5.0,39,15,22.48157326224404,500.02341502299015
5.0,39,16,9.081270333341742,587.0173572210613
5.0,39,17,9.115053953374108,586.0741627948239
5.0,39,18,9.103500694944342,586.6894202805338
5.0,39,19,9.035550119254447,589.436515195624
5.0,39,20,8.935677685273765,593.5491459073914
5.0,39,21,8.828934813036962,598.1311118390443
5.0,39,22,8.688507670889692,604.3558407334189
5.0,39,23,8.759588592859291,601.667798428676
5.0,39,24,8.71080387337712,604.116360447509
5.0,39,25,8.629730106188138,608.1472099573739
5.0,39,26,8.702235790103872,604.9250385400619
5.0,39,27,8.586287336980384,610.8142990730183
5.0,39,28,13.81487491374126,539.4918732979988
5.0,39,29,11.961369092212319,540.2757476513341
5.0,39,30,8.28725654596467,627.7737291989168
5.0,39,31,11.173242427434811,573.8838197482867
5.0,39,32,8.202305577093377,633.7536611777055
5.0,39,33,8.175646201291126,635.8820050147623
5.0,39,34,8.121588430253835,639.817009546469
5.0,39,35,8.216413935505692,633.746114559442
5.0,39,36,14.408365012291153,523.3151313751993
5.0,39,37,7.773091107050867,666.46550513275
5.0,39,38,13.591939135813757,561.6476043507919
5.0,39,40,7.8809343043200055,659.1437500891175
5.0,39,41,8.012258812756254,648.6861667076754
5.0,39,42,7.910484918052181,655.5066828385659
5.0,39,43,8.075475066901177,643.3683732536654
5.0,39,44,8.08926370943166,641.9347432346522
5.0,40,0,10.05280630848632,555.9509024482854
5.0,40,1,10.333827033025266,549.6962211794348
5.0,40,2,10.006570167811072,557.3291422670015
5.0,40,3,9.937147398649666,559.1254159720177
5.0,40,4,10.036106454902233,556.8359710381061
5.0,40,5,9.817555165221592,562.3933780661182
5.0,40,6,9.595910779715249,568.2782041996697
5.0,40,7,9.810237693063732,562.8618571227989
5.0,40,8,9.627296102621205,567.9320919421199
5.0,40,9,9.526554258295088,570.931142252477
5.0,40,10,9.277473296944372,578.3066929128288
5.0,40,11,9.487721348372698,572.4805576845514
5.0,40,12,9.488548317523719,572.6285473868671
5.0,40,13,9.186640124843414,582.1777917798316
5.0,40,14,9.324586408609052,578.1010444746523
5.0,40,15,8.989726995301915,589.3464489894999
5.0,40,16,9.280770049282257,579.9051538165876
5.0,40,17,9.089579408856984,586.7261971456442
5.0,40,18,8.868108084951993,594.9916524878447
5.0,40,19,9.026982498663168,589.5382515882329
5.0,40,20,8.983665597017357,591.429053122356
5.0,40,21,8.972407088293751,592.093480728494
5.0,40,22,12.612066279326164,565.3707732091017
5.0,40,23,8.864774785706162,596.9043983360442
5.0,40,24,8.627636068891913,607.4333906564727
5.0,40,25,8.564857505825513,610.7114088864255
5.0,40,26,8.530672523281696,612.7791236884035
5.0,40,27,14.180939340139464,543.7335628552042
5.0,40,28,8.462118915015301,617.0425174324278
5.0,40,29,8.667476444629166,606.7736248792834
5.0,40,30,8.556356869846693,612.6855501965416
5.0,40,31,8.283205772876517,628.0005667235757
5.0,40,32,8.29023828945825,628.075945661323
5.0,40,33,8.073938297471479,641.516895735385
5.0,40,34,8.267800358777054,630.0836654257478
5.0,40,35,8.301613564001045,628.0227765025554
5.0,40,36,8.041599434642471,645.6811497095221
5.0,40,37,7.99553955418712,649.4500534750412
5.0,40,38,8.08684044616643,643.141889327987
5.0,40,39,7.802180406579475,665.2612750839746
5.0,40,41,9.274663936751699,584.6026910188477
5.0,40,42,14.265057220009767,591.6262429859937
5.0,40,43,8.080578294451337,643.3945560356744
5.0,40,44,8.127987941757969,639.7831843582776
5.0,41,0,9.691331447106291,563.633414999333
5.0,41,1,10.326605436654228,549.8470755122294
5.0,41,2,9.94768118935718,558.5132833378017
5.0,41,3,20.190529187393324,473.12228586309396
5.0,41,4,9.919001909332824,559.5604541475304
5.0,41,5,9.848068564156097,561.4575898216009
5.0,41,6,9.880265355696656,560.8128119770736
5.0,41,7,9.558911982910251,569.2347970230469
5.0,41,8,9.609092333488606,568.1983666625472
5.0,41,9,9.685632696545007,566.3433893409749
5.0,41,10,9.384779817166153,574.8957857350691
5.0,41,11,9.585147898675702,569.4686332246736
5.0,41,12,9.639239994970245,568.0080707057948
5.0,41,13,9.24467634320644,580.0284435211472
5.0,41,14,9.553354206300982,570.734799315385
5.0,41,15,9.287670634178177,579.2861161721985
5.0,41,16,20.236660852719368,533.6244381492286
5.0,41,17,9.437303808914493,574.5801623827315
5.0,41,18,9.129826602106885,585.3158867205584
5.0,41,19,11.280240256986172,561.022701903995
5.0,41,20,8.96890170190139,591.7006443292098
5.0,41,21,8.895764722485971,594.8047385627335
5.0,41,22,8.912590315093032,594.4641480060131
5.0,41,23,8.755173099693874,601.1495086935884
5.0,41,24,8.808547710371512,599.2813182366464
5.0,41,25,8.625437136789996,607.5294717730371
5.0,41,26,8.672919055958742,605.8283058022666
5.0,41,27,8.715583487476394,604.1327221819154
5.0,41,28,8.626398391696132,608.596698364481
5.0,41,29,8.569842145926488,611.639180626838
5.0,41,30,16.421936140698747,484.8681814265557
5.0,41,31,8.435075858447998,619.227903794969
5.0,41,32,8.238721239499094,630.4916372469892
5.0,41,33,8.240575883540131,630.9649606209828
5.0,41,34,8.239834489199797,631.4840349284398
5.0,41,35,8.263902950271243,630.3288903689336
5.0,41,36,8.067172618434162,643.38202712216
5.0,41,37,7.890297898125729,656.0108943684128
5.0,41,38,17.014464888911323,548.9238858994842
5.0,41,39,11.012996747582934,584.6401502446456
5.0,41,40,14.453070017169347,599.9347450117663
5.0,41,42,7.896748961465218,657.915283141492
5.0,41,43,7.943172652116882,653.8219195756213
5.0,41,44,7.836896497409411,660.7468179979628
5.0,42,0,14.293244015205662,534.2200828276493
5.0,42,1,10.346511632369621,549.3690768482019
5.0,42,2,10.08035501379558,555.3367568494835
5.0,42,3,23.761036822849597,515.8755452033809
5.0,42,4,10.03629343636156,556.6338016746471
5.0,42,5,9.840605488982543,561.4400086241496
5.0,42,6,9.819124432722948,562.1689823019813
5.0,42,7,9.7668881020236,563.6704056323807
5.0,42,8,9.700309675085485,565.5790019903112
5.0,42,9,9.695552614582455,565.9045224702614
5.0,42,10,9.697094869348462,566.0312356391079
5.0,42,11,9.318435803099117,576.7510592306683
5.0,42,12,9.403997089621404,574.6722530683991
5.0,42,13,9.502658026116091,572.0396608166521
5.0,42,14,9.43805499097945,574.1606847837447
5.0,42,15,9.330216531145735,577.697615483193
5.0,42,16,28.66929102350238,513.2603774276772
5.0,42,17,11.985667092127109,519.3726951038594
5.0,42,18,9.04305478156672,587.9917912758553
5.0,42,19,13.975652171424768,533.8460784786287
5.0,42,20,9.068514539790094,587.7547527298021
5.0,42,21,8.770464148701747,599.0886270791043
5.0,42,22,8.939943590904463,593.1081233278144
5.0,42,23,8.725361213371347,601.8844396917831
5.0,42,24,12.59033998406466,536.2268883244909
5.0,42,25,8.944351341870272,593.5404122342936
5.0,42,26,21.43553784075678,521.7336220858338
5.0,42,27,8.673202691609276,605.8154888278831
5.0,42,28,8.679796342336523,605.806122280162
5.0,42,29,8.567486500087938,611.448911522366
5.0,42,30,22.91285814364095,552.1812818807714
5.0,42,31,8.585104184066996,611.0569824285162
5.0,42,32,8.502150217808676,615.6096607471521
5.0,42,33,8.374249637595858,622.9022399452373
5.0,42,34,8.287916394534271,628.2110174333429
5.0,42,35,8.424652314300506,620.3068554250407
5.0,42,36,8.252138356048695,631.0691186374163
5.0,42,37,18.98512178660038,575.6733714265554
5.0,42,38,15.214607750780125,580.9147521725145
5.0,42,39,20.39530814621109,535.2160072380548
5.0,42,40,8.010016042359645,648.8528906128677
5.0,42,41,7.90642675140419,657.1635219773436
5.0,42,43,7.777360406106466,667.1892682071373
5.0,42,44,7.893849149068172,657.488548606605
5.0,43,0,9.931477922709437,557.8415197196202
5.0,43,1,10.04115158099899,555.800526812988
5.0,43,2,10.307908915465008,550.2095207747203
5.0,43,3,10.062417827338258,555.7366320521105
5.0,43,4,10.182143067916606,553.1596974040815
5.0,43,5,10.19005048760713,553.0368379386375
5.0,43,6,9.891778855941563,560.2131269563164
5.0,43,7,9.849463525543385,561.4233042862539
5.0,43,8,9.797881776471577,562.8892319437624
5.0,43,9,9.785844212690991,563.3675321077757
5.0,43,10,9.957083974156003,558.9659353795346
5.0,43,11,9.60710289043454,568.4820213529514
5.0,43,12,9.662683692627052,567.1243582488471
5.0,43,13,9.620738253423603,568.4462879358049
5.0,43,14,9.275069069896826,578.7575708960836
5.0,43,15,9.335553119060801,577.2709364143009
5.0,43,16,9.306934079461833,578.4241240429783
5.0,43,17,9.172498432134883,582.9833789030985
5.0,43,18,9.250177419590681,580.7413551561408
5.0,43,19,9.147590160208598,584.4356894029385
5.0,43,20,8.903884925424174,593.2331568792108
5.0,43,21,8.898676441845545,593.8877951555776
5.0,43,22,20.932736950319036,524.1194878653764
5.0,43,23,9.140320737909198,585.4129755680867
5.0,43,24,8.988640407792985,591.4501193888042
5.0,43,25,8.842370497452679,597.581311329525
5.0,43,26,8.795834875513073,599.8187353081952
5.0,43,27,8.820660936254457,598.9992763131038
5.0,43,28,8.637635509982648,607.4227044756477
5.0,43,29,8.78264340511279,600.9970131913669
5.0,43,30,8.507286152164989,614.3635051598792
5.0,43,31,14.198918386720662,576.9694071822049
5.0,43,32,8.357073141546874,622.9145966395627
5.0,43,33,8.31791176376322,625.5481754321145
5.0,43,34,8.31753164213385,626.0783669250072
5.0,43,35,8.30011974394612,627.5011110492884
5.0,43,36,8.21268853104742,633.125733973949
5.0,43,37,8.11530032042634,639.6789678387748
5.0,43,38,8.416322106346128,620.5077187304265
5.0,43,39,8.030272110415204,646.454495239448
5.0,43,40,8.051057117846447,645.4967203996168
5.0,43,41,8.151567987639142,638.330149123045
5.0,43,42,7.992661243176197,650.4649118263627
5.0,43,44,15.800357231773265,536.7575769529
5.0,44,0,10.003534286989227,556.0682097955313
5.0,44,1,10.205516046127121,552.1464217128027
5.0,44,2,10.123995606875738,554.0385791020074
5.0,44,3,10.099085866948498,554.7559381493428
5.0,44,4,29.41009106917439,464.64633940924324
5.0,44,5,10.132121188149089,554.3018721300839
5.0,44,6,9.967121047051105,558.2520076292179
5.0,44,7,9.756352957827547,563.4599633796262
5.0,44,8,9.921003380830374,559.6649887805285
5.0,44,9,9.723717011881671,564.7585024885457
5.0,44,10,9.76358232137865,563.9431066481162
5.0,44,11,9.520349563205608,570.5527666904635
5.0,44,12,9.540537634785277,570.2948182216544
5.0,44,13,9.684640438999292,566.5103500347398
5.0,44,14,9.38194077219866,575.3058284392168
5.0,44,15,9.400266742436006,575.0620194060456
5.0,44,16,22.708022445784813,470.88353734406354
5.0,44,17,9.296984098508974,578.7346045039751
5.0,44,18,9.323731044614698,578.1285034045119
5.0,44,19,9.136047201703931,584.5121350917815
5.0,44,20,27.381153318002383,486.17278991952026
5.0,44,21,12.962586243420603,539.5753337575688
5.0,44,22,9.218177679110637,582.3502504765604
5.0,44,23,23.032714102506986,529.982600501487
5.0,44,24,12.36399244583919,528.9614616727179
5.0,44,25,8.880944152448182,595.7183534441675
5.0,44,26,8.91079025370229,594.7815122509443
5.0,44,27,8.5527384014088,610.0952941301789
5.0,44,28,8.7456072158011,602.2787069318019
5.0,44,29,8.741663738260854,602.7218598022314
5.0,44,30,8.480151109740735,615.1414953738949
5.0,44,31,8.342848082241476,622.3247573602388
5.0,44,32,18.796105118421707,547.8591652855
5.0,44,33,8.47525075281238,616.7693608537562
5.0,44,34,8.387882547215927,621.7736883823508
5.0,44,35,8.422701262652616,620.189017936897
5.0,44,36,8.188924546374837,633.9696778310793
5.0,44,37,8.270406468350096,629.6351413027796
5.0,44,38,8.10128888216665,640.5605675340745
5.0,44,39,8.295347111109939,628.4333192096656
5.0,44,40,8.244743316079347,631.8119949569091
5.0,44,41,8.034806625477088,646.6538967009751
5.0,44,42,12.972362325409573,559.0101106647196
5.0,44,43,7.857688437540822,660.9494660616439
10.0,0,1,7.941210447233702,654.4227090617967
10.0,0,2,7.941444020990329,653.8017071352651
10.0,0,3,7.929306838178339,653.8458746738557
10.0,0,4,7.932486676612174,652.5842330594206
10.0,0,5,14.969888387982728,595.778023561862
10.0,0,6,8.105241104648819,639.1790341754963
10.0,0,7,7.927673987532639,648.8804123649041
10.0,0,8,8.358294526037412,622.2548742064776
10.0,0,9,8.620883051873225,606.8225778356503
10.0,0,10,8.320585416524196,622.7060473184994
10.0,0,11,26.546701145492413,435.98766459867454
10.0,0,12,22.486538192077415,479.8976983844158
10.0,0,13,8.633364059287238,604.1673155660565
10.0,0,14,8.864216331060693,592.5990054471324
10.0,0,15,8.885026479779327,591.1585477537236
10.0,0,16,9.04819071833965,583.4631208903259
10.0,0,17,9.146531706699001,578.8833757958201
10.0,0,18,20.676330866364417,475.604713945946
10.0,0,19,9.251287043403032,573.8853739664155
10.0,0,20,9.364855553206226,569.107397822427
10.0,0,21,19.312362558479037,449.12296608487685
10.0,0,22,15.666027436782873,501.69687375341755
10.0,0,23,9.545899386331282,561.465340461147
10.0,0,24,29.258264704724617,428.56970618060797
10.0,0,25,9.666036432077458,556.6741691313202
10.0,0,26,16.35520797870913,501.0289141912901
10.0,0,27,15.429134222276137,448.5802581097015
10.0,0,28,9.839194583740554,550.0910155821008
10.0,0,29,9.782828352889663,551.3541785120015
10.0,0,30,10.15076788082871,540.2911782954061
10.0,0,31,9.97965446779332,544.8199774961975
10.0,0,32,10.064392835069063,542.0812929092169
10.0,0,33,20.33042366870618,483.3182367361448
10.0,0,34,10.46968557221809,530.7390490943615
10.0,0,35,10.297244006763629,534.8614465207629
10.0,0,36,10.595167183037052,527.1644695794174
10.0,0,37,10.670872850994986,525.1191152779286
10.0,0,38,22.013687006918826,500.10780124826204
10.0,0,39,10.678800120535211,524.4498061024549
10.0,0,40,25.95553925748962,476.8051824486685
10.0,0,41,10.96793058126358,517.5358843968497
10.0,0,42,10.896122264849208,518.8532337127123
10.0,0,43,30.598612390921353,407.8965131520423
10.0,0,44,11.17984405888679,512.5067175538621
10.0,1,0,7.861725376334729,660.5970308654554
10.0,1,2,7.883616039552291,658.8965857671233
10.0,1,3,7.9682091639108865,651.8120299228817
10.0,1,4,20.38010147212024,490.23037179397335
10.0,1,5,15.289812299876441,506.59552929268915
10.0,1,6,8.107998950489337,639.8881695493657
10.0,1,7,8.239292482793353,630.7445214626423
10.0,1,8,8.28533941934326,627.2499731400637
10.0,1,9,14.599650017194083,535.0603519644118
10.0,1,10,8.389984699372363,619.7525567777599
10.0,1,11,8.424506980609443,617.1001275549158
10.0,1,12,8.607961598747808,606.721564865114
10.0,1,13,8.729706372309813,600.0080460572915
10.0,1,14,8.642696724984674,603.7154755185936
10.0,1,15,8.652466364560807,602.5003935952988
10.0,1,16,8.913731088720972,589.8614391681101
10.0,1,17,8.966831356807823,587.0180729928137
10.0,1,18,9.141026240766458,579.1161115634068
10.0,1,19,9.19119095289196,576.6763173543432
10.0,1,20,9.181478120114328,576.6520516266104
10.0,1,21,9.109534044279016,578.9125915124295
10.0,1,22,9.380391769941461,568.1689968729486
10.0,1,23,9.42091325217633,566.2880436714102
10.0,1,24,9.369593901561915,567.6432983034776
10.0,1,25,9.654265172523191,557.3997118430151
10.0,1,26,9.592442706130509,559.1056526623967
10.0,1,27,19.502911030344332,467.91959283516104
10.0,1,28,9.734620820472404,553.7016210552848
10.0,1,29,9.994313751936435,545.3841781675152
10.0,1,30,16.000630440013914,467.93426144812275
10.0,1,31,10.175640703243358,539.5766978414572
10.0,1,32,10.093236929649477,541.6437070517578
10.0,1,33,10.255511741577651,536.8764791983788
10.0,1,34,10.424520857855649,532.1148098936258
10.0,1,35,10.248593103281728,536.4553287399383
10.0,1,36,10.589824646413943,527.4871580065834
10.0,1,37,10.603146533922857,526.9683520959273
10.0,1,38,30.737161613793873,451.8516120917083
10.0,1,39,10.686555085717556,524.5269021143112
10.0,1,40,10.724373158560152,523.4092140163287
10.0,1,41,10.816593011894618,521.0845577138572
10.0,1,42,10.884072591250412,519.3616092174823
10.0,1,43,10.819688064028034,520.4788556420215
10.0,1,44,10.97588558329721,516.9183285172875
10.0,2,0,7.926441447825663,654.91697403451
10.0,2,1,7.993477990211978,650.3626179455091
10.0,2,3,7.855132185669001,661.1091834045758
10.0,2,4,7.841476861155156,661.233103279912
10.0,2,5,7.931398814970732,653.6969077433697
10.0,2,6,8.141660918788908,638.3033700844206
10.0,2,7,8.109967480828661,639.759202526302
10.0,2,8,8.076167895352315,641.0083205044324
10.0,2,9,18.624465377995193,482.65143276658796
10.0,2,10,8.489985498241658,614.594005150365
10.0,2,11,8.388803001510052,619.8187301753181
10.0,2,12,8.605908945814951,607.3146237391318
10.0,2,13,8.6228487290149,605.9474340912252
10.0,2,14,11.015920971460067,525.015237743617
10.0,2,15,18.65008951062583,534.9988765394646
10.0,2,16,8.829732203843866,594.2114766751961
10.0,2,17,17.531544268342415,515.2169853929438
10.0,2,18,9.042163217048985,583.7264892106097
10.0,2,19,9.0442790163442,583.2059633241219
10.0,2,20,13.593493797843383,541.016036401435
10.0,2,21,9.14565299548208,578.0718783095664
10.0,2,22,9.142026505764422,577.6647731062637
10.0,2,23,9.223867179035278,573.9965277959174
10.0,2,24,9.522984708195354,562.6021299818345
10.0,2,25,9.350450945900086,568.3140906682817
10.0,2,26,9.522074280577076,561.8966035608187
10.0,2,27,9.651900058930934,557.1412246860248
10.0,2,28,9.73024272441436,554.2252895203309
10.0,2,29,19.702333500374746,499.98626814468736
10.0,2,30,9.82147147950809,550.6287941885372
10.0,2,31,10.016720158187804,544.4502226153235
10.0,2,32,10.077031216493962,542.4092895627282
10.0,2,33,10.151673554685846,540.0095592974072
10.0,2,34,15.860651720337039,512.4377166966026
10.0,2,35,10.530557547647906,529.3015915930148
10.0,2,36,23.198550576952556,490.50558902791124
10.0,2,37,10.325896470037776,534.1392814073158
10.0,2,38,10.375553392833254,532.5621647667701
10.0,2,39,10.703285191619687,524.3420292879474
10.0,2,40,10.574780712579077,527.1417309207781
10.0,2,41,10.54299512515728,527.550709829113
10.0,2,42,10.72694280378288,523.083137324965
10.0,2,43,10.710202227719233,523.1470497965073
10.0,2,44,10.927896932241053,518.177442044143
10.0,3,0,7.939389364799201,653.1279111439954
10.0,3,1,7.977152408315497,651.1472036729548
10.0,3,2,7.642624472848091,677.6165726523434
10.0,3,4,7.788282915342011,666.3019686996058
10.0,3,5,8.020480505377112,647.9262633762668
10.0,3,6,22.56905700015622,512.6720042831203
10.0,3,7,8.078979468655373,642.5827937415409
10.0,3,8,17.625792337902077,505.28332575589195
10.0,3,9,15.463544630808496,552.7202246177774
10.0,3,10,8.334600389437242,624.270830273557
10.0,3,11,10.041050751628658,559.6716503767219
10.0,3,12,8.524728466183442,612.2070977106957
10.0,3,13,8.48143985390321,614.0289543830677
10.0,3,14,8.465807833891919,614.1135606376201
10.0,3,15,12.646935570527333,564.8649798843368
10.0,3,16,8.842935855440745,594.0209186639491
10.0,3,17,15.225936792436295,467.2731639999848
10.0,3,18,8.834910207474257,593.423210101781
10.0,3,19,9.065453064879575,582.7088522484564
10.0,3,20,9.40585390883453,567.9208973233884
10.0,3,21,9.024805311197934,583.4849701739242
10.0,3,22,9.24316650222434,574.2072084656364
10.0,3,23,14.37801830401666,508.25206662106655
10.0,3,24,9.351689549137705,569.2376026321039
10.0,3,25,32.96419961559753,481.84555921793543
10.0,3,26,9.384609348831885,567.1171388346502
10.0,3,27,9.489594545201331,563.001504593389
10.0,3,28,25.064093588353074,499.9481044905658
10.0,3,29,14.416391717633623,453.8496247218304
10.0,3,30,9.849063563573079,550.130535260852
10.0,3,31,9.762560957615616,552.4163376093873
10.0,3,32,9.738427462400747,552.6647921494394
10.0,3,33,10.141858564539321,540.5471014970717
10.0,3,34,10.134926901942656,540.4778701376747
10.0,3,35,10.16837246287189,539.2495762448497
10.0,3,36,10.204953480695096,537.9400668387016
10.0,3,37,10.508953833423352,529.723779947815
10.0,3,38,10.014663685503413,541.9836840683084
10.0,3,39,10.752298434107885,523.302478049192
10.0,3,40,10.617809178929852,526.3913170178836
10.0,3,41,10.764200365567183,522.7104829411485
10.0,3,42,17.82636110232331,497.32035382952927
10.0,3,43,10.883936169443842,519.5832710525062
10.0,3,44,11.18669075874828,512.773119563861
10.0,4,0,8.058715903879873,643.966239374868
10.0,4,1,8.07265896948212,643.6379569490553
10.0,4,2,7.794248026356445,664.7440180785119
10.0,4,3,7.711278684653134,672.2835812859565
10.0,4,5,7.785549445223012,666.5143019587262
10.0,4,6,8.002762508050626,649.243390493212
10.0,4,7,11.744998191929549,580.7233820330321
10.0,4,8,20.575287987427842,442.3570407552626
10.0,4,9,8.04408453385506,644.0754822259889
10.0,4,10,8.111567589714026,638.7809717351935
10.0,4,11,8.407864815759062,619.8400366324875
10.0,4,12,17.190282553801293,528.3095508039262
10.0,4,13,8.485887705307292,614.382125010738
10.0,4,14,22.109428339447362,529.7938521254845
10.0,4,15,16.62306259142181,562.5694136004424
10.0,4,16,8.735778682892873,599.7034623663747
10.0,4,17,8.629164302487496,604.3706463584847
10.0,4,18,8.584771736542923,605.6657815225323
10.0,4,19,12.376674278003666,517.2308331058784
10.0,4,20,8.868160070558528,591.3294600280955
10.0,4,21,8.9018628629442,589.2264043157423
10.0,4,22,9.049082673663065,582.4915182707596
10.0,4,23,29.230645437637918,474.2163187793112
10.0,4,24,9.29170194546422,571.9167392525582
10.0,4,25,9.508742317317866,563.3904072629348
10.0,4,26,9.439211406650365,565.62727698207
10.0,4,27,16.179918736972,504.11271427123415
10.0,4,28,25.937998034856022,400.3840183249981
10.0,4,29,15.111241030044877,518.1689503889718
10.0,4,30,9.82557332252035,551.1649827688875
10.0,4,31,9.84532742290472,550.2471182656393
10.0,4,32,9.905764854967831,548.071049597523
10.0,4,33,9.86676073017375,548.8766849959973
10.0,4,34,10.008355857067396,544.3820130904488
10.0,4,35,10.139115423773282,540.3607404516378
10.0,4,36,10.10222591719781,541.0509702258976
10.0,4,37,10.092817016017001,540.9151159015897
10.0,4,38,10.198313272440943,537.7552987253516
10.0,4,39,10.393975272863,532.4234032332399
10.0,4,40,24.29782537670708,485.1231787209393
10.0,4,41,10.318430167749883,533.5689299516756
10.0,4,42,10.809361483048985,521.6539921945858
10.0,4,43,10.527753061549282,527.898739529438
10.0,4,44,10.44966607855694,529.264490624007
10.0,5,0,17.188580520872524,527.3946603364203
10.0,5,1,8.061136661763568,643.8009680141455
10.0,5,2,7.845091409433953,659.8427451770209
10.0,5,3,20.011477937881534,549.7021087447137
10.0,5,4,7.8283163887814515,663.192208022063
10.0,5,6,7.794607576258982,665.8106752861542
10.0,5,7,8.015481693974092,648.2978668893552
10.0,5,8,21.333975944359224,510.5622297977617
10.0,5,9,8.27098839586743,629.4738509245022
10.0,5,10,8.102375997087732,640.256553793461
10.0,5,11,8.21868989856936,632.040836062016
10.0,5,12,8.211713734108368,631.702614542389
10.0,5,13,11.082010349117668,575.1122741549636
10.0,5,14,14.967530791532575,492.48901653527423
10.0,5,15,8.35781298048175,620.6978525960976
10.0,5,16,8.49104800397008,612.8010717935559
10.0,5,17,8.678644493427338,602.5692812448596
10.0,5,18,8.659215315379857,602.9157296678204
10.0,5,19,8.726742243707678,599.027267617355
10.0,5,20,8.773032720582776,596.2193401471786
10.0,5,21,9.08674092170802,581.7786911709246
10.0,5,22,9.160574394156178,578.2897410908985
10.0,5,23,9.206720870599527,576.040818900805
10.0,5,24,9.42144134660883,567.1417932422352
10.0,5,25,13.59078116028215,505.3602658981906
10.0,5,26,9.362816264959333,568.8233464430525
10.0,5,27,19.011181173845014,516.2333870596482
10.0,5,28,9.76652909976213,553.734207932149
10.0,5,29,18.1483621196465,474.41980216937174
10.0,5,30,24.246002130902404,432.6229157023327
10.0,5,31,16.525305980254835,527.2713345219292
10.0,5,32,9.747375678767117,553.3036168478342
10.0,5,33,10.072441019900362,543.0135340219277
10.0,5,34,10.077552096756595,542.6546016851544
10.0,5,35,10.026429662959263,543.8628367451622
10.0,5,36,10.0647256407577,542.4410094060113
10.0,5,37,10.271596715465304,536.4384310002264
10.0,5,38,10.104383143645377,540.6082594543063
10.0,5,39,10.47738326096644,530.5400276545001
10.0,5,40,10.5005507667711,529.737243132015
10.0,5,41,10.686481558616414,524.920133442131
10.0,5,42,10.653481477340517,525.5360735275625
10.0,5,43,10.685795704483585,524.5446669370511
10.0,5,44,10.704344104512032,523.8665474757233
10.0,6,0,23.343422722907178,519.6330756042445
10.0,6,1,8.0163663903022,645.8914189110636
10.0,6,2,7.923337303248691,653.2088842877522
10.0,6,3,8.149424332533586,638.1715958770786
10.0,6,4,7.865636823915972,659.437090925339
10.0,6,5,7.7314685706492225,670.7152508824086
10.0,6,7,7.807798066242604,664.7860510518707
10.0,6,8,23.789815243371585,513.4450275657947
10.0,6,9,8.035828747041599,646.2605889046431
10.0,6,10,8.16413090368325,636.769286480306
10.0,6,11,12.702820741679433,568.1439611458698
10.0,6,12,9.62740462150359,563.7513339130961
10.0,6,13,8.274316273377389,627.9166170694873
10.0,6,14,8.330672108439622,623.8617552301952
10.0,6,15,8.584527842273662,608.8584178036144
10.0,6,16,8.576126007559175,608.9212273700074
10.0,6,17,8.58051888015611,608.1485862318824
10.0,6,18,8.613067170105278,605.8586029790944
10.0,6,19,8.643473230238516,603.6778810967934
10.0,6,20,8.846990037755516,593.4045036447851
10.0,6,21,9.085212379102822,582.112514440427
10.0,6,22,9.124991723523259,580.1073436360532
10.0,6,23,9.090129414662446,581.2677027341031
10.0,6,24,18.20736411384439,451.17086360286527
10.0,6,25,9.038106129838456,582.3341917300103
10.0,6,26,9.356999267100148,569.4091052942254
10.0,6,27,9.424650717529458,566.5212022089032
10.0,6,28,9.524241851287856,562.5567331479385
10.0,6,29,9.418420088158133,565.9323695550736
10.0,6,30,9.536886864004586,561.3927066375603
10.0,6,31,9.616075968114044,558.3248267623735
10.0,6,32,23.339555944893853,438.1344617429674
10.0,6,33,10.029383372390702,544.5038131963782
10.0,6,34,9.808176914065452,551.0321960296113
10.0,6,35,10.029254291538741,544.0802434117013
10.0,6,36,10.097882548060642,541.8103278287182
10.0,6,37,10.302057025729418,535.8041690760467
10.0,6,38,10.334213137657962,534.7331742116348
10.0,6,39,17.617469423765463,483.42316840248975
10.0,6,40,10.092495774122545,540.4911784895668
10.0,6,41,16.524957386142585,486.5915312334917
10.0,6,42,10.588542433929227,527.3272934910832
10.0,6,43,10.316074621109953,533.6254041913435
10.0,6,44,10.361256149473823,532.1368846650457
10.0,7,0,8.395106163184336,620.6116383433695
10.0,7,1,11.381885183251898,559.6132721493051
10.0,7,2,7.891669198066871,654.060876778043
10.0,7,3,8.114801345845251,640.1371421434644
10.0,7,4,20.596196288890468,573.1001717108268
10.0,7,5,7.767263137477645,666.7500308481883
10.0,7,6,7.9870556103141395,650.8615020728819
10.0,7,8,7.689158512351229,674.0018544232847
10.0,7,9,7.737040271615939,668.996749562766
10.0,7,10,15.686719172087267,508.1073233401979
10.0,7,11,8.05601870540926,644.1503840447584
10.0,7,12,8.179593036997275,635.1977281467425
10.0,7,13,7.951512389160475,648.851644954023
10.0,7,14,8.279989682667814,627.573507772531
10.0,7,15,8.469760701761993,615.7705437917302
10.0,7,16,8.53051015698644,611.8833312588229
10.0,7,17,14.922098564203296,560.3707146302719
10.0,7,18,8.560248739076554,609.2026335680191
10.0,7,19,8.571822922982369,607.9273912674979
10.0,7,20,20.50451632171306,531.1069606525621
10.0,7,21,8.721975787160293,599.2501462186938
10.0,7,22,8.814257633509186,594.3564620077578
10.0,7,23,9.031052392516132,584.2119705158924
10.0,7,24,8.79466075681748,593.758221379363
10.0,7,25,12.809506268339323,527.2605917512407
10.0,7,26,9.188046946187068,576.3917149319159
10.0,7,27,31.627906294752933,450.5712535267719
10.0,7,28,9.303602785236974,571.0279098419466
10.0,7,29,9.416556200275586,566.4453816567149
10.0,7,30,23.167880555918398,422.78205946513725
10.0,7,31,9.618229400488627,558.625582721267
10.0,7,32,27.089376688169395,491.4827685273948
10.0,7,33,9.28977127914814,568.3653218346935
10.0,7,34,9.847419234370474,550.1818451167476
10.0,7,35,9.911016129992507,547.911708246948
10.0,7,36,9.877475677046105,548.5604040534149
10.0,7,37,9.85861692525676,548.6833158614156
10.0,7,38,10.193993959288507,538.8260926940299
10.0,7,39,9.831266935015817,548.4300990169689
10.0,7,40,14.413060994798165,487.34546438816267
10.0,7,41,10.070542445543143,541.058775232752
10.0,7,42,10.324504029076733,534.1743768989313
10.0,7,43,10.50192960906485,529.4560743272029
10.0,7,44,10.50476398968518,529.1015758607714
10.0,8,0,8.178146223772092,632.7346552517197
10.0,8,1,8.352161621327177,623.208784223466
10.0,8,2,8.190415198282304,633.8198802040774
10.0,8,3,7.987868850174454,647.7584172709531
10.0,8,4,13.56673482852269,500.40233380633344
10.0,8,5,8.030279325882058,646.6557559251936
10.0,8,6,7.804429540901032,663.987140839446
10.0,8,7,8.00789938776051,649.2423780272948
10.0,8,9,7.948205865276239,653.8793118973076
10.0,8,10,7.828495211256017,662.1981380290304
10.0,8,11,7.978128596517853,650.3693411352385
10.0,8,12,8.126324292861165,639.3504409431158
10.0,8,13,8.130732051410378,638.3988247868169
10.0,8,14,8.251142288244916,629.9989317036301
10.0,8,15,8.140672835145754,635.9989364981056
10.0,8,16,8.499495572045417,614.0407748954349
10.0,8,17,8.458585830165058,615.9109911409885
10.0,8,18,8.472133630086315,614.5309670738761
10.0,8,19,8.485124473872593,613.1090953586253
10.0,8,20,8.645673295169313,604.2230980452382
10.0,8,21,8.702790992229884,600.8060177661555
10.0,8,22,9.002386343552025,586.1382019498413
10.0,8,23,8.817836847244507,594.1947239093477
10.0,8,24,8.871241547447429,591.1948166073666
10.0,8,25,9.06874088429089,582.1718725345454
10.0,8,26,9.235410876121406,574.8667976030445
10.0,8,27,9.130639358598149,578.6669010059237
10.0,8,28,8.977067063674516,583.9997633994138
10.0,8,29,9.392892560019682,567.7035828423442
10.0,8,30,9.468578047584446,564.5668149483395
10.0,8,31,9.736234760484543,554.7957582926668
10.0,8,32,9.748362244947474,554.1987020047064
10.0,8,33,9.651143015601988,557.1662368506211
10.0,8,34,9.647707584763696,556.8748359421777
10.0,8,35,18.213147427875214,470.0026858329317
10.0,8,36,9.760326984188843,552.4841238786835
10.0,8,37,10.006136757585093,544.7626206102204
10.0,8,38,9.95801799238758,545.8279857190347
10.0,8,39,10.367344597921942,533.9784383905562
10.0,8,40,10.344756179528769,534.446051551268
10.0,8,41,10.162506505873347,539.0662110686663
10.0,8,42,30.153560581140574,441.65595701294967
10.0,8,43,10.159832249772323,538.3248128682604
10.0,8,44,10.373690754188319,532.6079449322152
10.0,9,0,8.270086710175947,626.4666734387054
10.0,9,1,8.205103187942855,631.1664857014011
10.0,9,2,11.464821633178229,550.9913309967535
10.0,9,3,8.10309413710385,639.3141213734257
10.0,9,4,8.091254717123036,640.9851574329639
10.0,9,5,14.429437804978422,478.99549002021
10.0,9,6,7.845015425883716,659.8481558662254
10.0,9,7,7.957692176350006,652.5938456805974
10.0,9,8,7.813374561844655,664.3528743811534
10.0,9,10,7.9707997397845425,652.1242420404402
10.0,9,11,7.7731200730898955,666.3146357764458
10.0,9,12,8.002329838674255,648.6460023433862
10.0,9,13,7.889932788198441,655.4894963612784
10.0,9,14,8.114620979183355,639.4543315178918
10.0,9,15,8.13888668737119,637.0620541106049
10.0,9,16,8.169364873374994,634.2637355702092
10.0,9,17,8.30489598393252,625.3612317039256
10.0,9,18,8.380788072473344,620.2675547881606
10.0,9,19,8.564571330810018,609.5445300629577
10.0,9,20,13.00580751142018,497.3346659773242
10.0,9,21,8.794453835742534,596.7603496293684
10.0,9,22,8.71272974307076,600.3248341689658
10.0,9,23,8.863677819563058,592.62418614231
10.0,9,24,18.984333074836666,518.5939399559493
10.0,9,25,9.140158825923486,579.4446255228432
10.0,9,26,9.045098801903059,583.1713080517735
10.0,9,27,23.797157253586242,473.3733960696212
10.0,9,28,8.971107990964159,584.9894719630481
10.0,9,29,9.120886749372593,578.4766099423075
10.0,9,30,9.296973524861299,571.274722305164
10.0,9,31,18.32703596391159,461.58793985815504
10.0,9,32,9.536221462786713,561.8044666303521
10.0,9,33,9.540481122486202,561.2704365555624
10.0,9,34,17.703355938576923,475.51070737926807
10.0,9,35,20.451187557026742,442.89150876146977
10.0,9,36,16.34111329981738,465.5780587485402
10.0,9,37,10.105472915171312,542.0112351935866
10.0,9,38,9.962021485115617,546.0648034511754
10.0,9,39,9.982347247434793,545.129119426316
10.0,9,40,20.128531636217446,470.46152717664984
10.0,9,41,10.225590419364991,537.6913379213793
10.0,9,42,10.359590352518829,533.8374559535821
10.0,9,43,24.506986808582234,438.9021515604553
10.0,9,44,10.43858829287177,531.2989635525189
10.0,10,0,8.582804828978981,608.5609466397827
10.0,10,1,8.686605830545222,603.142195818881
10.0,10,2,19.596900940330958,490.9768727146845
10.0,10,3,8.365194106398192,622.4206220159801
10.0,10,4,8.154129632926832,636.1029679762438
10.0,10,5,11.88899859007397,523.7609357274465
10.0,10,6,8.068023030613988,643.330817918585
10.0,10,7,8.146880188790636,638.3527610245509
10.0,10,8,8.042358097657342,646.2999187327505
10.0,10,9,7.768402149340004,667.8462869673172
10.0,10,11,7.904369697247235,657.2844621348197
10.0,10,12,7.873438886344917,658.8570982882536
10.0,10,13,8.068119859183927,643.9611810549426
10.0,10,14,8.128711919260247,639.1874315539771
10.0,10,15,12.503805514990013,473.37578971347847
10.0,10,16,8.371283445875436,622.4396500655174
10.0,10,17,8.294255707450636,626.7107451049654
10.0,10,18,11.410572593123678,556.017544875964
10.0,10,19,8.41052163825386,618.60251744488
10.0,10,20,8.68245338779864,603.185528840629
10.0,10,21,8.49839989268305,612.4187735804815
10.0,10,22,8.581902454271255,607.4218076349272
10.0,10,23,8.651812501893108,603.2741361194873
10.0,10,24,8.768389385656834,597.079855183169
10.0,10,25,13.613381268805131,517.185919020213
10.0,10,26,9.02471165528111,584.489025506745
10.0,10,27,9.019907595027915,584.2362306106179
10.0,10,28,9.295977673226036,572.3883488037317
10.0,10,29,19.142962980880327,504.0541717466617
10.0,10,30,9.250523950542771,573.498110981353
10.0,10,31,9.205117445074238,574.6945948141591
10.0,10,32,9.325705174498129,569.7261131431233
10.0,10,33,17.65072061415847,514.5106517129472
10.0,10,34,9.791534045577752,552.7300765204628
10.0,10,35,9.627360237294827,557.9520026619457
10.0,10,36,9.885516332444254,549.2406898176569
10.0,10,37,9.71646693955984,554.268097045673
10.0,10,38,9.952847920591719,546.6423909897612
10.0,10,39,9.867105294556126,548.8665142365023
10.0,10,40,9.923934713566938,546.8070397289848
10.0,10,41,9.900563048751875,547.0317250900142
10.0,10,42,10.068123570621413,541.9796923721003
10.0,10,43,18.669984255760028,432.1214524451259
10.0,10,44,10.138414639860263,539.3039599523308
10.0,11,0,8.690171395824867,602.446655417107
10.0,11,1,8.389269057464077,619.0009935736972
10.0,11,2,8.26441128945996,626.7844889170339
10.0,11,3,22.674850651752024,503.3041063863003
10.0,11,4,8.391981587643205,620.800602485092
10.0,11,5,8.314954940051011,625.9838396519904
10.0,11,6,8.177251210507201,635.3511514315776
10.0,11,7,8.099510661819098,641.181076430493
10.0,11,8,8.01600357902819,647.672313181922
10.0,11,9,22.903003486688043,566.2861410655344
10.0,11,10,7.8116122876869465,664.4897660972065
10.0,11,12,7.693357055482374,673.6757157395666
10.0,11,13,7.903321029946911,656.6357083125478
10.0,11,14,8.048308153885978,645.3719466698666
10.0,11,15,12.123050251974966,481.56101569555454
10.0,11,16,8.22540339027638,632.1964917574034
10.0,11,17,8.239143012592542,630.7539261276772
10.0,11,18,8.152984800401775,635.2543489799311
10.0,11,19,8.461300629706136,616.2626922142105
10.0,11,20,8.271777808347418,626.3719743492171
10.0,11,21,8.66862508330215,603.9314795598671
10.0,11,22,8.408602769759556,617.0882239725032
10.0,11,23,14.636802926801574,465.76722984492585
10.0,11,24,8.788733970281402,596.6450973452555
10.0,11,25,8.794764922754819,595.8465400864052
10.0,11,26,16.973167313172212,551.4906924697964
10.0,11,27,15.68482349908371,557.9743856266874
10.0,11,28,9.197838623814441,576.714448608973
10.0,11,29,21.83808886641117,512.286331053684
10.0,11,30,9.308877051498431,571.6029581756858
10.0,11,31,9.301305319404442,571.5479378070513
10.0,11,32,9.33339939977455,569.9185589622399
10.0,11,33,9.534653351052212,562.1807623231145
10.0,11,34,9.241091873610147,572.1461650882433
10.0,11,35,9.643549554330294,557.7642375224577
10.0,11,36,18.258401140024745,491.3578563866467
10.0,11,37,27.63588862310032,431.0437823416662
10.0,11,38,9.792929972786709,551.8821349098693
10.0,11,39,9.728064984562407,553.4630614830891
10.0,11,40,9.979358337194096,545.5530588777198
10.0,11,41,10.127448248049184,540.9610428381782
10.0,11,42,10.24910776888623,537.2848656274125
10.0,11,43,10.28595424262295,536.0474270144408
10.0,11,44,10.040881453269968,542.2929981785519
10.0,12,0,8.707749991644867,601.1093657889868
10.0,12,1,8.597817022561891,607.2490828267818
10.0,12,2,8.44646377922739,615.9156953112248
10.0,12,3,24.822160683502922,520.47831800666
10.0,12,4,11.62906749612949,585.5467072879798
10.0,12,5,8.376106369608841,621.7606839140828
10.0,12,6,8.17486105975066,634.7985466004885
10.0,12,7,24.37600011044389,524.4356331687135
10.0,12,8,8.011920201298908,647.1611022290286
10.0,12,9,23.335599025502887,447.44108476944604
10.0,12,10,8.064897625853133,644.6243668493867
10.0,12,11,7.923873176835765,655.7694511030785
10.0,12,13,8.005670859750921,649.4154878820642
10.0,12,14,12.023727438380611,444.83357319198626
10.0,12,15,17.380718076922335,539.3017258186126
10.0,12,16,20.436801111238,431.69117507240685
10.0,12,17,8.169487716685842,635.8597718306194
10.0,12,18,8.351545583832289,623.6815563452724
10.0,12,19,8.209961073833417,631.8086097216469
10.0,12,20,23.11044248629728,440.26794322120463
10.0,12,21,8.289676963156415,625.3696471682078
10.0,12,22,8.505113501715993,612.7519088409034
10.0,12,23,8.834030584948913,594.9659775826567
10.0,12,24,8.57283859075678,607.8764459419511
10.0,12,25,8.65881050749502,602.9353283998256
10.0,12,26,8.805716699099468,595.3344371081016
10.0,12,27,8.816084506202639,594.2739089842933
10.0,12,28,9.065906223775595,582.6890517222496
10.0,12,29,19.61672373988187,461.38014064211956
10.0,12,30,9.133547338821238,579.0351468271123
10.0,12,31,9.25569460781177,573.7106927163538
10.0,12,32,9.063534798463248,580.6791152836258
10.0,12,33,9.276249507183476,572.0462934248613
10.0,12,34,9.547780793832244,561.7067157782801
10.0,12,35,9.353927392835766,568.1922717547191
10.0,12,36,9.64696045025604,557.6482050983401
10.0,12,37,9.738345663786552,554.2851243617675
10.0,12,38,9.68595442703696,555.6470342504258
10.0,12,39,12.77809402655108,510.13760253010514
10.0,12,40,9.871980994714558,549.0961655731867
10.0,12,41,10.139375865549734,540.8297041750848
10.0,12,42,10.159810980994584,540.0314121054697
10.0,12,43,9.999281024403773,544.2711317442287
10.0,12,44,9.970968051948146,544.6255654827833
10.0,13,0,16.794695873117096,423.2180058799191
10.0,13,1,8.613129711163745,605.8554659547012
10.0,13,2,8.762185023176261,598.7019467948344
10.0,13,3,16.41276335759385,551.1665636647401
10.0,13,4,8.500927811943223,613.539900456152
10.0,13,5,8.385201787478955,620.6895960168494
10.0,13,6,8.21983231385934,631.2116293079299
10.0,13,7,7.994052399427747,646.1750275080062
10.0,13,8,19.991849723288283,479.9861796013781
10.0,13,9,14.306266945552167,506.214257038998
10.0,13,10,7.986659673042546,649.7618543369884
10.0,13,11,7.852423344466511,660.419359506341
10.0,13,12,7.825105953983517,663.4415914263668
10.0,13,14,13.623235036377025,598.1796687143222
10.0,13,15,7.812590083390205,663.3804993774672
10.0,13,16,7.959291363980315,651.7107158197811
10.0,13,17,7.980796851317516,649.2859733019769
10.0,13,18,8.217239170300326,632.7313654776171
10.0,13,19,8.267455384135026,628.9725117102241
10.0,13,20,8.309005545831608,625.8187229683538
10.0,13,21,15.547725750509148,449.800864138228
10.0,13,22,8.330191795312121,623.1008742603785
10.0,13,23,8.290639503142767,624.3214424402067
10.0,13,24,8.725148272828877,600.6278578128984
10.0,13,25,8.575978812924886,607.7189341603685
10.0,13,26,8.50950490968182,610.1639435232532
10.0,13,27,13.23680553650742,558.1449203003411
10.0,13,28,8.755167161340214,597.026651973911
10.0,13,29,8.94693198344085,587.8875650568762
10.0,13,30,8.93848785346144,587.6781347622991
10.0,13,31,9.059555827588484,582.0629472217305
10.0,13,32,9.147895488133894,577.9830035063085
10.0,13,33,9.343091112400078,569.9432246141279
10.0,13,34,9.45646102640696,565.3368799399256
10.0,13,35,22.290370090412235,440.7251589959806
10.0,13,36,9.357831629478074,568.0554625714187
10.0,13,37,9.718877372279614,555.2017233002632
10.0,13,38,9.33812612739152,567.5080886707234
10.0,13,39,9.667342593244406,556.2445120985011
10.0,13,40,22.260833731068512,475.0318217031648
10.0,13,41,9.908489713469137,547.9883682236313
10.0,13,42,9.910092822996877,547.5976198428582
10.0,13,43,9.964018201017822,545.655627644247
10.0,13,44,9.97722171463473,544.888008086748
10.0,14,0,8.781922650519265,596.4470422929013
10.0,14,1,8.523578182759323,609.4825874582821
10.0,14,2,17.4592598357818,500.6821543468814
10.0,14,3,10.942351675550933,578.9977438675832
10.0,14,4,8.548188439623585,610.4282847898525
10.0,14,5,8.304829435453057,624.5211302966303
10.0,14,6,8.307499007062914,625.2098058391286
10.0,14,7,8.28108600214145,627.5072059450787
10.0,14,8,8.351761092261714,623.667996554893
10.0,14,9,8.09661342166129,640.6340852864137
10.0,14,10,8.23265798994495,632.0907662246786
10.0,14,11,8.027172725502504,646.8769728739051
10.0,14,12,8.006320662094343,648.9788831061248
10.0,14,13,7.879368024082449,659.2265674132498
10.0,14,15,17.331934603712753,444.24894112077135
10.0,14,16,7.923458356736425,655.1387321764462
10.0,14,17,8.006792425066092,648.328227404755
10.0,14,18,7.96034153766625,650.6825101237409
10.0,14,19,8.231775953566311,631.7789972944688
10.0,14,20,8.42812736769863,618.8630305044022
10.0,14,21,8.474235822491153,615.8261345336954
10.0,14,22,8.322377893480999,624.3442552349995
10.0,14,23,8.348250004674945,622.0896402508477
10.0,14,24,8.348710129951554,621.1888945674282
10.0,14,25,18.67866573599118,457.11372657348454
10.0,14,26,8.549909424402134,609.0265600578905
10.0,14,27,8.871351621501226,592.6451722800422
10.0,14,28,8.799720324235725,595.6148264559217
10.0,14,29,8.75489051143992,597.0391532750649
10.0,14,30,8.832874044406054,592.8712633374801
10.0,14,31,9.236999195758424,575.0589909452298
10.0,14,32,9.249749977208255,574.2800284560723
10.0,14,33,14.135167003433107,511.9649545488547
10.0,14,34,9.299735551978243,571.6082220883355
10.0,14,35,24.166782769991585,413.45562574993573
10.0,14,36,21.925458007261685,488.19229135303067
10.0,14,37,9.705095496635922,555.8869158340765
10.0,14,38,9.661676395952622,557.147595613463
10.0,14,39,9.621184983098539,558.1560285987398
10.0,14,40,25.20742182033824,484.5547427049587
10.0,14,41,9.797601523494766,551.7363632521868
10.0,14,42,9.744007651562981,552.9793073320106
10.0,14,43,9.785755484128712,551.2677762331682
10.0,14,44,9.975574880169118,545.3236580258214
10.0,15,0,9.016651573763504,585.2106513780525
10.0,15,1,8.733971999934253,598.6892055916593
10.0,15,2,8.709702495754364,600.4713980356537
10.0,15,3,8.707436845506477,601.1250730235431
10.0,15,4,8.589168188855002,607.69882217954
10.0,15,5,8.521067217442239,611.8913054514182
10.0,15,6,15.281607483577018,542.6882497908294
10.0,15,7,8.291626764627058,626.1331430192913
10.0,15,8,8.17879132288121,633.6936546369802
10.0,15,9,8.153413328036285,636.1480378799571
10.0,15,10,8.334105267519117,625.0749568593264
10.0,15,11,8.105086090035146,640.8004276204304
10.0,15,12,7.958130250382774,651.7933971999953
10.0,15,13,8.00437031555884,649.1238686968783
10.0,15,14,7.758975413704233,668.5785464811477
10.0,15,16,7.90943969687768,656.8906295709338
10.0,15,17,7.80872550856012,663.6677855876621
10.0,15,18,7.88103045625357,657.2835726714865
10.0,15,19,8.258830790952649,630.3038818503248
10.0,15,20,8.053341449009354,643.4690212706493
10.0,15,21,8.283841239904884,627.9415136651846
10.0,15,22,8.203907156142698,632.1747309260876
10.0,15,23,10.585532161912298,545.1259589554327
10.0,15,24,8.32396727662525,623.4494384431642
10.0,15,25,8.688296199885217,602.8703455960409
10.0,15,26,8.68462323749629,602.735159650193
10.0,15,27,8.467575831950429,613.1563668476396
10.0,15,28,8.83539487978614,594.3860142227271
10.0,15,29,8.732508362553753,598.757644997115
10.0,15,30,8.770124651435086,596.3507504536802
10.0,15,31,8.950763424599566,587.7201523640246
10.0,15,32,9.027699749503643,583.9068283265458
10.0,15,33,14.941878429823472,540.0062399475851
10.0,15,34,9.225876043399197,574.8924665087695
10.0,15,35,9.187495162769928,575.9186257071023
10.0,15,36,9.360029240342817,568.9271095133904
10.0,15,37,18.48341449884726,472.7718456051711
10.0,15,38,18.020737911079856,474.4951436083968
10.0,15,39,19.887052228381897,436.58249215713386
10.0,15,40,9.551488818663145,560.458739513608
10.0,15,41,9.748381950962962,553.642983329291
10.0,15,42,15.755988574785508,521.456793524206
10.0,15,43,9.870479962347886,549.141711944961
10.0,15,44,9.903527350445886,547.7914177096757
10.0,16,0,8.810192055761798,593.862340230186
10.0,16,1,8.79407457913057,595.2684971855102
10.0,16,2,8.804429592548475,595.3946219655543
10.0,16,3,16.845503024821845,471.8566689080292
10.0,16,4,8.63590653597204,604.7129932052289
10.0,16,5,8.750130527130496,599.3287805892141
10.0,16,6,8.835512805273051,594.928928577006
10.0,16,7,8.336566221893962,622.7439154489427
10.0,16,8,11.14481589968009,563.3819070078296
10.0,16,9,8.44109305207652,617.8305012335115
10.0,16,10,8.385636245201846,621.5365719318999
10.0,16,11,8.279000982549363,628.6850793190277
10.0,16,12,7.9878385641361564,648.8052174745584
10.0,16,13,7.9974054035348185,648.9966649271041
10.0,16,14,7.691376751069063,672.3913014446298
10.0,16,15,7.725052253887872,671.2136640313273
10.0,16,17,7.782221805201495,666.7727897490395
10.0,16,18,19.27810607192705,542.5409572299347
10.0,16,19,8.210254960158734,633.8399264676464
10.0,16,20,13.554334663540235,552.0424844032641
10.0,16,21,8.086965526610168,641.2661610429906
10.0,16,22,8.229989449429146,631.3298683219182
10.0,16,23,8.2923194731186,626.8278422446922
10.0,16,24,23.914244354469336,512.3864906791063
10.0,16,25,8.561778509950225,610.1323480188074
10.0,16,26,8.607737746424792,607.2159713605556
10.0,16,27,8.668775057958012,603.5592649861833
10.0,16,28,21.587081484036542,442.09435021996853
10.0,16,29,16.134397872762914,497.8905513991894
10.0,16,30,8.778265275485314,596.6180604536743
10.0,16,31,8.830050625713895,593.6428056808975
10.0,16,32,8.984928008341875,586.2273498577285
10.0,16,33,8.98617576132294,585.6621960612473
10.0,16,34,9.12741144635803,579.2862331654219
10.0,16,35,9.185029209517497,576.5113143217179
10.0,16,36,9.47190673752575,564.9962769011719
10.0,16,37,9.353691660823593,569.1630624739524
10.0,16,38,9.341927111606468,569.1403209697663
10.0,16,39,9.496086567493855,563.2108419989345
10.0,16,40,9.666990108829014,556.9668328462794
10.0,16,41,34.49516603207239,442.7680826941458
10.0,16,42,9.559800185267441,559.6968428688637
10.0,16,43,9.63838273020553,556.7046465658939
10.0,16,44,9.719468295565294,553.7239139482214
10.0,17,0,9.157125110365032,578.4355546733622
10.0,17,1,8.987840394559727,586.100094759932
10.0,17,2,8.788979713605162,595.4987248060637
10.0,17,3,8.864572848593008,592.5823347551485
10.0,17,4,8.625163289976362,604.5643549666722
10.0,17,5,8.691305849313478,601.9341947394739
10.0,17,6,8.543138580278352,610.0923618255257
10.0,17,7,8.597557308007156,607.7651424727279
10.0,17,8,8.349919344814351,621.9961595801717
10.0,17,9,8.38113600105561,620.9261153232072
10.0,17,10,9.771539642487662,591.1355042599064
10.0,17,11,8.076791121183621,640.9691071351266
10.0,17,12,8.030729591061927,644.9504228762844
10.0,17,13,13.067905570057027,446.1248651396746
10.0,17,14,11.747493480407824,479.58316843047317
10.0,17,15,7.923304339839267,655.1501815421943
10.0,17,16,7.770122884211816,667.7126219819661
10.0,17,18,7.739024955692647,670.1282783553316
10.0,17,19,7.977524650494584,651.1195317945188
10.0,17,20,15.134753007490303,578.2995163444398
10.0,17,21,8.019855954170186,646.6193079900304
10.0,17,22,8.121240289116354,639.0206716043306
10.0,17,23,8.077737175063533,640.9095814250024
10.0,17,24,8.324084056508033,624.9068238028783
10.0,17,25,8.436260930801215,617.719328544737
10.0,17,26,14.040209475498255,414.638723101624
10.0,17,27,8.256190258625386,626.179764169488
10.0,17,28,8.564705658834761,608.9708737405925
10.0,17,29,8.709242757939723,601.0344894694138
10.0,17,30,21.022114250671645,461.6935906392033
10.0,17,31,8.741329472375817,598.3451715800488
10.0,17,32,8.952968589255951,588.0883685464058
10.0,17,33,29.591134889257333,458.44069874414396
10.0,17,34,8.955433053997446,586.9618004316586
10.0,17,35,9.014749380444398,583.8964680687036
10.0,17,36,9.152737799031392,577.7910923185593
10.0,17,37,14.962758269112772,519.3838496058162
10.0,17,38,9.604227148729802,559.8354335395981
10.0,17,39,9.534213540377968,562.1966443752401
10.0,17,40,9.58407973510239,560.1274547713064
10.0,17,41,9.469743520974795,563.6768000325833
10.0,17,42,9.703433491984741,555.4385972927537
10.0,17,43,9.895936769566475,548.9061725198354
10.0,17,44,9.546984127360703,559.5566601004089
10.0,18,0,9.171606230725967,577.4777421193562
10.0,18,1,30.851514180485722,490.6996577985128
10.0,18,2,8.924958531612232,588.8476828270545
10.0,18,3,23.562892248521752,484.70916385673036
10.0,18,4,8.771431796977557,596.9375926086299
10.0,18,5,8.729510068321217,599.5124164521615
10.0,18,6,16.758944798954236,490.5607279026058
10.0,18,7,8.473146143108218,613.7319685583726
10.0,18,8,8.361428080166554,620.502840531482
10.0,18,9,8.334350835743416,622.8679739186758
10.0,18,10,8.353782210068337,622.5173695104478
10.0,18,11,13.507909591012085,548.536083685421
10.0,18,12,8.184601499397195,634.1856781379286
10.0,18,13,8.1366896938792,638.0085135996676
10.0,18,14,8.0384583974305,645.3492713907042
10.0,18,15,8.08060690618371,643.0719947746957
10.0,18,16,7.88152836805577,658.2557393690109
10.0,18,17,7.9308780892950566,655.2253164216729
10.0,18,19,7.938802388460752,654.6097646889499
10.0,18,20,7.994977497514737,649.8221155202892
10.0,18,21,8.042360067698338,645.7955021055009
10.0,18,22,8.113265236318806,640.2420162877829
10.0,18,23,8.193632847312713,634.2779188328657
10.0,18,24,8.150347931670938,636.3409126192646
10.0,18,25,8.303221987314565,626.1684937314183
10.0,18,26,8.393994131735452,620.1781182980819
10.0,18,27,8.520959895830876,612.4181322840168
10.0,18,28,8.378213742203164,619.5973588310845
10.0,18,29,8.52468298018505,611.0520530303774
10.0,18,30,8.701008684726972,601.4475059606018
10.0,18,31,8.894639715172202,591.5176816261658
10.0,18,32,8.908058037197481,590.5489756090476
10.0,18,33,8.79644800206524,595.1612465599361
10.0,18,34,8.848339045158667,592.1955287212616
10.0,18,35,15.057259683814998,548.133875534231
10.0,18,36,9.086440678486447,580.9627945041836
10.0,18,37,9.325514242391748,570.9435905446657
10.0,18,38,11.61691839389497,545.5510854417307
10.0,18,39,9.160084390771118,576.3712100666753
10.0,18,40,9.318700191802886,569.9790708515624
10.0,18,41,9.429317839999863,565.550499124086
10.0,18,42,9.689319068138136,556.2072425998857
10.0,18,43,9.775626379970323,553.0533964357631
10.0,18,44,9.96897379984693,546.561534792669
10.0,19,0,14.301007338679167,406.031641814438
10.0,19,1,16.18683644850124,526.0246824257418
10.0,19,2,8.701070435226857,597.7146195481901
10.0,19,3,27.435382834843217,436.79854270746995
10.0,19,4,8.659673599189908,601.3418307519182
10.0,19,5,8.624169131003104,603.8235668529168
10.0,19,6,8.64223710159877,603.7377281374311
10.0,19,7,8.810928654509572,595.9339819660855
10.0,19,8,23.154217545370024,531.5450820209941
10.0,19,9,8.496315361751712,613.2265135790312
10.0,19,10,8.629602022461004,606.334327898499
10.0,19,11,8.512018226861924,613.3122935335132
10.0,19,12,8.505028287373928,613.9639066497813
10.0,19,13,17.772047053352665,467.2436725473671
10.0,19,14,8.062530952992557,642.8669767156478
10.0,19,15,7.955000649607057,651.047146274657
10.0,19,16,7.989109849157759,649.587380501351
10.0,19,17,15.40402521702692,559.5400458266787
10.0,19,18,14.465312104592254,513.5105224604443
10.0,19,20,7.745437697613438,669.6301428964969
10.0,19,21,8.042449559852,646.2931195818906
10.0,19,22,8.007594026969079,648.2711463819666
10.0,19,23,7.89581230901352,655.0880863681308
10.0,19,24,25.159135376812223,496.22282399976757
10.0,19,25,8.23963742742681,630.7228175463052
10.0,19,26,8.323742643985607,624.9274713191327
10.0,19,27,8.340884953670665,623.2676425989662
10.0,19,28,14.625020723921708,581.7220374225624
10.0,19,29,8.57254905840513,609.1141814516026
10.0,19,30,8.69622216509347,602.1320154151396
10.0,19,31,8.714655521046456,600.7629883097554
10.0,19,32,8.932914406204837,589.6646164062724
10.0,19,33,14.045660320867233,444.5720473938089
10.0,19,34,8.719997393862663,598.6159092058037
10.0,19,35,14.979585387087011,536.6936708691236
10.0,19,36,9.158642848008732,578.3713944660647
10.0,19,37,27.648784744967813,458.69358091943843
10.0,19,38,21.396079838047548,474.7984463285374
10.0,19,39,9.041072264532175,581.5417511692111
10.0,19,40,9.60350381492984,559.8623638133813
10.0,19,41,15.343420751481588,503.64045307861664
10.0,19,42,9.634578730031558,558.3579087917211
10.0,19,43,9.352424836140443,567.6677665387346
10.0,19,44,9.760075489077167,553.5671866347747
10.0,20,0,9.27767007037467,572.4556098462072
10.0,20,1,8.939022225237146,586.2610998161242
10.0,20,2,8.963527971857735,585.9924950121691
10.0,20,3,24.273868724999467,451.79774587835476
10.0,20,4,8.769945015380893,595.6209123001627
10.0,20,5,8.65590787908282,601.5119967309029
10.0,20,6,8.751066666108056,597.8898622536275
10.0,20,7,8.924050081411396,590.0937817771585
10.0,20,8,8.548581422618517,609.0931718820495
10.0,20,9,8.413063522284638,616.8562648411989
10.0,20,10,14.170838910931058,548.7417041350367
10.0,20,11,17.63734909384606,443.47046166373593
10.0,20,12,8.337270609095784,623.4779001439473
10.0,20,13,8.380566095177944,621.4909742516377
10.0,20,14,8.2460913587903,630.3167361849144
10.0,20,15,8.173043661205588,635.6268063691633
10.0,20,16,8.104824486002428,640.818287999921
10.0,20,17,20.5378402222168,503.0643845250986
10.0,20,18,13.65699623245909,517.5069845499617
10.0,20,19,13.273343808944125,582.4691802585289
10.0,20,21,7.695180205555126,673.5340952425574
10.0,20,22,7.881832156153189,658.2331562557199
10.0,20,23,7.880465165844981,657.3238262619215
10.0,20,24,8.028102210680274,646.0563148697887
10.0,20,25,8.273777499556576,629.0272925113499
10.0,20,26,15.873138984978638,583.4146409880608
10.0,20,27,8.150489535156321,635.4052544867016
10.0,20,28,8.28619418690484,626.4491727810165
10.0,20,29,8.451213393372885,616.323837103042
10.0,20,30,8.519442577865533,611.978944616513
10.0,20,31,8.545231591490474,609.9835252424954
10.0,20,32,8.589715386709566,607.0299153286305
10.0,20,33,9.000753144259313,586.3802108981256
10.0,20,34,8.773978935861907,596.8184888789899
10.0,20,35,8.906026826753923,590.2095806238459
10.0,20,36,8.731295498432418,597.3096814712725
10.0,20,37,9.305620650041071,572.1581162452403
10.0,20,38,9.088857974304908,580.8638765457434
10.0,20,39,9.029769937947894,582.6645729304098
10.0,20,40,32.78915497909797,480.52253016616544
10.0,20,41,9.129295670380024,577.5174978104668
10.0,20,42,9.523942866511891,562.5675298204039
10.0,20,43,9.363802436567596,567.8462382552723
10.0,20,44,27.168881390672865,508.1135512394031
10.0,21,0,16.668544885520916,507.62400880022625
10.0,21,1,9.281875144959963,572.29412101997
10.0,21,2,9.244319419890731,574.1615158607176
10.0,21,3,9.094408119256208,580.6367595319974
10.0,21,4,9.01595928413795,584.4031398562485
10.0,21,5,8.960959201611713,587.2746535517994
10.0,21,6,8.829477984621143,593.6686822806936
10.0,21,7,8.80022239408651,595.5913497652175
10.0,21,8,8.838538257963034,594.2338278924022
10.0,21,9,8.665634204995172,603.2218700109245
10.0,21,10,8.573636373325565,608.5064765870707
10.0,21,11,8.362437984139277,620.448362515395
10.0,21,12,8.49425300282767,613.9136802617329
10.0,21,13,8.315306487665591,624.7556206694537
10.0,21,14,8.131526608920279,636.5520704409226
10.0,21,15,8.336986038119612,624.5976429615142
10.0,21,16,8.21685861168152,632.7562975354006
10.0,21,17,8.035259296351018,645.5676822413129
10.0,21,18,7.9431815494642795,652.8578746352507
10.0,21,19,11.677346572494674,588.6269814433053
10.0,21,20,19.55065697802599,569.1828431152323
10.0,21,22,7.636556641330146,678.0879158117373
10.0,21,23,7.922287326704654,655.2257846452543
10.0,21,24,8.05170257889147,645.1302341060984
10.0,21,25,7.965265881482814,650.3463125185563
10.0,21,26,8.022985903247791,645.4577456972606
10.0,21,27,7.99146209864918,646.3380092329937
10.0,21,28,17.673960573155465,546.3347754414851
10.0,21,29,8.352902923358327,622.5685203238666
10.0,21,30,8.533611172419775,611.7096788103842
10.0,21,31,8.663158453666087,604.2263701091649
10.0,21,32,8.733947326499067,600.1703070220486
10.0,21,33,12.448057969087937,573.7223849197463
10.0,21,34,8.845197311242046,593.9114305145049
10.0,21,35,9.06584442312882,583.1709142217112
10.0,21,36,23.024289806573314,507.829304396861
10.0,21,37,8.990906079664864,585.9661413524215
10.0,21,38,12.157849959721267,509.8293652603862
10.0,21,39,14.690605646066924,463.3811177927636
10.0,21,40,9.330854161875807,570.7319580591927
10.0,21,41,9.442528711018262,566.1244906632879
10.0,21,42,26.15603060462709,466.87266333905853
10.0,21,43,9.372978185655265,568.019032184671
10.0,21,44,9.632054499395004,558.446360892218
10.0,22,0,9.504165396188586,563.2817162487454
10.0,22,1,9.186233068962615,575.3976746632379
10.0,22,2,9.216605864372445,574.800678108939
10.0,22,3,18.35680214910179,514.950292280065
10.0,22,4,9.065212752172549,581.8314606876322
10.0,22,5,8.831628543216139,592.1954606159908
10.0,22,6,8.946127818924214,587.9227025786726
10.0,22,7,9.068428402943619,582.870951513062
10.0,22,8,8.810995534388478,595.0875997742843
10.0,22,9,8.937739443303073,589.4310127326643
10.0,22,10,8.481388535925477,612.4635293682788
10.0,22,11,8.674765599512577,603.247756825346
10.0,22,12,8.392824322940585,618.8092091911681
10.0,22,13,8.428825260343103,617.577540672136
10.0,22,14,15.455489045137504,472.412527078657
10.0,22,15,8.332933162612592,624.3716587162781
10.0,22,16,8.179167830582506,634.5275645797489
10.0,22,17,8.156761922571611,636.6934942022015
10.0,22,18,7.9867704380269595,648.878141188524
10.0,22,19,7.909587178223649,655.2500858603078
10.0,22,20,7.962949326280439,652.2030377013643
10.0,22,21,18.693208356957967,588.3143748707214
10.0,22,23,9.820770692719172,630.6212925597115
10.0,22,24,7.8599852340570635,659.8572209276107
10.0,22,25,7.867526036131797,658.2452047607372
10.0,22,26,27.739781451428208,520.3987113414415
10.0,22,27,8.242841553869765,631.0540414728389
10.0,22,28,8.011915821798258,645.0510609724537
10.0,22,29,8.33160974794611,624.4516945205985
10.0,22,30,10.38993789128643,559.9766354821817
10.0,22,31,8.465574295732111,615.5196470207685
10.0,22,32,20.11571608441544,532.5242250017216
10.0,22,33,8.690576538961755,602.4255879739887
10.0,22,34,8.752230657554813,598.8782405505829
10.0,22,35,8.603366551084799,605.619641832675
10.0,22,36,17.540283450442033,475.39410469101097
10.0,22,37,26.703243482662113,464.9949088149692
10.0,22,38,8.959167837906568,587.3529261936937
10.0,22,39,12.421223879977177,541.1293887744691
10.0,22,40,9.073837824668423,581.4785148230117
10.0,22,41,24.92192871716759,524.0944161366633
10.0,22,42,8.999059098051807,583.1551962588992
10.0,22,43,9.101158569461075,578.5650637216031
10.0,22,44,9.282397284134637,571.290009184027
10.0,23,0,9.474315121678483,563.9737398440576
10.0,23,1,9.5489031433541,561.6661864899909
10.0,23,2,9.353978026607598,569.1524008555326
10.0,23,3,9.132360760377267,578.0359698224257
10.0,23,4,9.232490450520695,574.6303233391521
10.0,23,5,9.128425447787736,579.2447392983843
10.0,23,6,9.027391602295907,583.9198548129143
10.0,23,7,9.002073873964711,585.4781707848197
10.0,23,8,21.33356655327345,471.1202897407369
10.0,23,9,8.993933991541873,586.5334323217786
10.0,23,10,16.210706946148953,418.9227238000979
10.0,23,11,8.617392139336904,605.6416649497146
10.0,23,12,13.488082547608524,538.1568527732092
10.0,23,13,8.496036242589875,613.2415703157109
10.0,23,14,8.449634259239371,616.412266365841
10.0,23,15,8.483629359494705,614.9637612986252
10.0,23,16,8.111788118612163,637.7457899816636
10.0,23,17,20.798866864951684,560.887400347122
10.0,23,18,8.216825789637351,632.7584478509141
10.0,23,19,8.151516153732027,637.6305278723751
10.0,23,20,21.904390031467223,549.9352166859483
10.0,23,21,11.530709822857474,523.4377823472254
10.0,23,22,7.782493440452736,666.7516893910048
10.0,23,24,13.968988799712852,587.479856036449
10.0,23,25,14.44872355253051,422.5217196024304
10.0,23,26,7.929477381282929,653.8337305224967
10.0,23,27,24.721945114605184,561.0526374443195
10.0,23,28,8.172819564661708,635.6414879128336
10.0,23,29,8.074603183172437,641.1067721947903
10.0,23,30,8.32561284039306,624.8143679377824
10.0,23,31,8.246075258499904,628.7830142891883
10.0,23,32,19.984027718266404,499.4466531581923
10.0,23,33,8.609630096909534,607.1138908628706
10.0,23,34,8.421842064929528,616.3997806236646
10.0,23,35,8.75514039209818,598.7322898989021
10.0,23,36,8.803513612104501,595.9295425102991
10.0,23,37,8.761989968576565,597.379090708355
10.0,23,38,8.9486356708413,588.2841651757149
10.0,23,39,9.219404186000759,575.9820435394669
10.0,23,40,8.809773981817209,593.1193312174559
10.0,23,41,31.687134581168586,437.87926321193186
10.0,23,42,9.364832353212776,569.3853293120762
10.0,23,43,23.921218774919815,451.27834021469295
10.0,23,44,9.374638384074192,568.3831998544686
10.0,24,0,9.65372224847283,557.4181811235346
10.0,24,1,9.688294457786016,556.4756445957362
10.0,24,2,9.66103881150432,557.6168429178996
10.0,24,3,9.539580692250691,562.2422708423588
10.0,24,4,9.310499705165329,571.194842865599
10.0,24,5,9.223292870497225,574.9948432025162
10.0,24,6,9.268144019016358,573.527327421625
10.0,24,7,9.01414815357991,584.4797028330772
10.0,24,8,9.00292016932627,585.4411923791605
10.0,24,9,27.558407917242555,476.84037129290164
10.0,24,10,8.62134220481261,603.9557533837624
10.0,24,11,24.783151831642655,455.33086315596415
10.0,24,12,8.649194206363767,604.046491115746
10.0,24,13,8.536543779468168,610.4352914676554
10.0,24,14,8.533233881395056,611.234989868504
10.0,24,15,8.413502908991903,618.4355705288621
10.0,24,16,8.36247851160718,622.0114788920823
10.0,24,17,8.204805137359289,632.1204239497824
10.0,24,18,8.205327621600675,632.8815905288856
10.0,24,19,8.219930440082432,632.5550486359989
10.0,24,20,8.06790433085657,643.3389218560163
10.0,24,21,12.731446686771196,574.0461284776493
10.0,24,22,7.98585184246769,650.5005018808282
10.0,24,23,20.60386848099622,498.43054605485855
10.0,24,25,7.923858409121264,655.7705982445557
10.0,24,26,7.984006158426727,650.6377070318883
10.0,24,27,8.045429921110262,645.5769018602789
10.0,24,28,8.079326899675065,642.5590737331215
10.0,24,29,12.530868025365177,554.4915349983947
10.0,24,30,8.335053581404294,624.719233138042
10.0,24,31,23.754440119931317,492.4867459366791
10.0,24,32,8.392460248268687,620.2673490189849
10.0,24,33,8.61030558446722,607.4149009481332
10.0,24,34,8.517042165815921,612.1084318645939
10.0,24,35,8.549303049798494,609.7718094104783
10.0,24,36,8.66507553658332,603.2498925049247
10.0,24,37,8.825925439704069,594.8444761879193
10.0,24,38,8.871282537039509,592.2685909999063
10.0,24,39,8.863418660645415,592.1349654353567
10.0,24,40,8.924868656113084,588.8516098870589
10.0,24,41,9.16125257753782,578.2610718498524
10.0,24,42,9.040994538640915,582.8224921622748
10.0,24,43,9.336502664538783,570.5080957591457
10.0,24,44,9.217382215107168,574.7708636629986
10.0,25,0,9.85612155898787,550.3938938817913
10.0,25,1,9.705309552270826,555.6632756548009
10.0,25,2,9.430246746670061,565.5179491086654
10.0,25,3,9.389479686147611,567.4231446668919
10.0,25,4,9.462363797716723,565.1171152234698
10.0,25,5,9.182301426158578,576.1180824378066
10.0,25,6,13.760039399989509,449.3258802440598
10.0,25,7,9.206171845096218,576.06328552715
10.0,25,8,8.88086059413899,590.1142454560431
10.0,25,9,8.926005596528153,588.8019319072561
10.0,25,10,8.858866698583734,592.3406602449811
10.0,25,11,8.723403140607576,599.1834034430524
10.0,25,12,8.704616802521846,600.717621349127
10.0,25,13,8.64763600218128,604.1246497630374
10.0,25,14,21.29456693645971,526.8392875536495
10.0,25,15,11.817481383788888,583.67007452437
10.0,25,16,8.579023781588319,609.1666373642427
10.0,25,17,8.163137225945183,633.6077748368427
10.0,25,18,8.230095032567878,630.5909735398204
10.0,25,19,8.155403709745068,636.0228030628405
10.0,25,20,8.081311293787277,641.6365945386344
10.0,25,21,8.207483165007583,633.8095162084668
10.0,25,22,7.781916392720337,664.3413554663155
10.0,25,23,7.783957542094713,665.5089959491974
10.0,25,24,7.770667320608586,667.6703307003797
10.0,25,26,16.761439810172288,424.09571991740194
10.0,25,27,11.42563253436522,614.4624622110164
10.0,25,28,8.016129142561727,647.6633719669716
10.0,25,29,7.984918933629908,649.0045481510483
10.0,25,30,8.056886677640371,643.2367578538816
10.0,25,31,8.417729142261063,619.5172868489338
10.0,25,32,8.45495361937855,616.9922593124776
10.0,25,33,8.32831201910943,623.9990488883457
10.0,25,34,14.781487173088141,575.9333892808578
10.0,25,35,8.563607097454566,609.5965444342925
10.0,25,36,8.451601711680317,614.8522789926234
10.0,25,37,8.537732132566989,609.6373661821469
10.0,25,38,8.69075197690379,601.3888854518417
10.0,25,39,8.871248531026716,592.2701811145951
10.0,25,40,9.053287122539645,583.5551581799809
10.0,25,41,8.944780813203307,587.981559245311
10.0,25,42,11.087679135570646,510.32094443316856
10.0,25,43,8.991104850045968,584.8640239042063
10.0,25,44,16.007050787745257,416.2508361371438
10.0,26,0,9.62241166297111,557.6868866560499
10.0,26,1,20.10558267795198,410.8132720829661
10.0,26,2,9.083904451082702,576.8023375961702
10.0,26,3,9.530807534028936,561.9941772549006
10.0,26,4,31.687024099197203,413.2797753033276
10.0,26,5,12.715728482179845,488.41636143431947
10.0,26,6,9.376724580958737,568.6515877478492
10.0,26,7,9.154681238256062,577.7140696453316
10.0,26,8,9.065819694461542,581.8066240533817
10.0,26,9,19.361408252800732,426.99535687572103
10.0,26,10,14.410533298585591,518.4467189425912
10.0,26,11,8.859163152377453,592.327264042237
10.0,26,12,8.707941490780595,599.9063872473878
10.0,26,13,25.178865529304158,437.1547933239628
10.0,26,14,8.455351326080272,613.7695412013945
10.0,26,15,8.662732048530222,603.8735014764285
10.0,26,16,8.415588770497735,617.5812093280886
10.0,26,17,20.435967877015244,479.5591552100503
10.0,26,18,8.378104331093892,621.1024768930956
10.0,26,19,20.39246522193848,436.2743245608689
10.0,26,20,23.875741767032032,540.5934752089285
10.0,26,21,11.567640649764346,554.5864422642219
10.0,26,22,8.156968514762507,637.2582811752854
10.0,26,23,13.084360488444,608.5001102848287
10.0,26,24,7.882086417884528,658.2142548519677
10.0,26,25,7.824543137213265,663.4853104772116
10.0,26,27,7.767787140918862,667.8940602140557
10.0,26,28,8.024815240687891,647.604026200281
10.0,26,29,14.821141855625397,431.0444639628253
10.0,26,30,8.061462947421976,643.7786916538731
10.0,26,31,8.157599807557988,636.6386006960136
10.0,26,32,8.437826426650595,618.2527657151446
10.0,26,33,8.32900809722271,624.6090338742283
10.0,26,34,15.048917566784919,578.7718960099052
10.0,26,35,12.942133317104773,535.0459027653965
10.0,26,36,8.548281138408925,610.4232842689562
10.0,26,37,8.63028527815285,605.5607335360518
10.0,26,38,8.631175771618915,604.950285690161
10.0,26,39,8.863520636890232,593.0243085925413
10.0,26,40,8.642484951949971,602.9671225500206
10.0,26,41,9.137281012270567,579.7596284888939
10.0,26,42,9.104830260517218,580.9882875612893
10.0,26,43,9.06066110246507,582.5134338570933
10.0,26,44,9.043665710736194,582.7131853541094
10.0,27,0,9.873796627519864,549.3587616129985
10.0,27,1,9.455457917099817,563.0464426204487
10.0,27,2,15.6624565188187,494.1668030188699
10.0,27,3,11.546768923563686,512.9853882303521
10.0,27,4,9.567221825614187,560.7181763490507
10.0,27,5,9.52810478906445,562.4172381726727
10.0,27,6,9.217448731070146,574.235491550927
10.0,27,7,9.54003134860119,562.3800656408772
10.0,27,8,27.94760036324283,415.9521322703853
10.0,27,9,9.098210282139604,580.4811715451197
10.0,27,10,18.44989083327525,440.9266553885154
10.0,27,11,9.090413359043442,581.6182260617962
10.0,27,12,8.910363220285268,590.0136269603928
10.0,27,13,9.023060155039095,585.1714984578925
10.0,27,14,8.693095090642881,601.2754438417589
10.0,27,15,12.137791915145073,542.268870276724
10.0,27,16,8.528377124435792,610.8599575293388
10.0,27,17,18.163828773849293,456.96673328942313
10.0,27,18,8.329550592905594,623.1367806820755
10.0,27,19,8.17303206276789,633.032161733214
10.0,27,20,8.298530266896357,626.4522336859683
10.0,27,21,22.36159491446201,534.622206984808
10.0,27,22,8.151428587796778,637.0429042647093
10.0,27,23,8.015979364053035,646.8839727580114
10.0,27,24,14.186932266574876,583.5409280206827
10.0,27,25,7.920163049055948,655.3836999922019
10.0,27,26,7.879585431719416,659.2096794027339
10.0,27,28,7.68727792090119,674.1479369097495
10.0,27,29,18.11014967328874,488.4070818356113
10.0,27,30,8.146198887265284,638.4012756148352
10.0,27,31,8.14698664500421,637.9397690715442
10.0,27,32,7.989579209407058,647.6463641650436
10.0,27,33,8.189341369655528,633.8874455012742
10.0,27,34,8.24976769457726,629.4012350799683
10.0,27,35,8.33125162744033,623.8280428267885
10.0,27,36,8.433658370868454,617.3068933650381
10.0,27,37,8.45150367187694,615.6438245589018
10.0,27,38,8.66183329306516,603.9202367606117
10.0,27,39,8.639838716049669,604.5157572593708
10.0,27,40,13.485341224977702,494.49391515533256
10.0,27,41,8.714560770451941,599.5968709892716
10.0,27,42,8.819761731009999,594.1077419454546
10.0,27,43,9.015232346238587,584.903218649075
10.0,27,44,8.893349651454907,589.5862882628711
10.0,28,0,9.68931274323244,554.6389348552348
10.0,28,1,9.625589281746475,557.1038549457012
10.0,28,2,9.774012310573237,552.8201964789448
10.0,28,3,31.41142475555074,477.93382401117987
10.0,28,4,12.87318095845119,515.4991323908821
10.0,28,5,9.453407502147197,564.7063681693576
10.0,28,6,9.328926092739863,569.6098022066161
10.0,28,7,9.267300357739753,572.3794771426124
10.0,28,8,9.209698720901972,575.06593535208
10.0,28,9,9.147241728956898,578.0089133875233
10.0,28,10,9.110512268874164,579.977762982855
10.0,28,11,9.099431691617232,580.8744621630233
10.0,28,12,9.11390380875376,580.5918239119538
10.0,28,13,8.719013927254844,598.6603502564818
10.0,28,14,8.740391010105139,598.3890538972835
10.0,28,15,8.625448697392455,604.5505369960501
10.0,28,16,8.511417195381624,610.9573086627777
10.0,28,17,8.51471098616542,611.5705967193983
10.0,28,18,8.500064631905797,613.024263855013
10.0,28,19,8.290722493175902,625.3110989759454
10.0,28,20,19.531047174222106,539.3252855548785
10.0,28,21,8.148069313063358,635.5516216282714
10.0,28,22,15.287760960357822,559.6129208417084
10.0,28,23,8.228136852244472,632.0174107213431
10.0,28,24,9.845178387533485,584.3348064667805
10.0,28,25,10.623396072789365,572.8438562143704
10.0,28,26,12.045312932123249,602.355684812208
10.0,28,27,14.63753330508684,594.1991949642982
10.0,28,29,7.716249156785887,671.8974799197925
10.0,28,30,7.9761200845291595,651.2239449449731
10.0,28,31,11.971926107903188,519.8005485886142
10.0,28,32,12.323320872263924,595.2816755425825
10.0,28,33,10.008435809941078,571.4635524013465
10.0,28,34,8.258283369033528,629.5496149004106
10.0,28,35,8.059834765838833,640.8877593746835
10.0,28,36,8.339123930822952,623.3700867165495
10.0,28,37,8.280276312249946,625.8960702324969
10.0,28,38,26.439683417871613,486.21456884231543
10.0,28,39,8.447701695429236,615.0550798376797
10.0,28,40,8.76788123094838,598.0932165726466
10.0,28,41,8.71205357973312,600.3575705472392
10.0,28,42,8.978694119423384,587.2460458426581
10.0,28,43,19.946351428659344,484.49374134613765
10.0,28,44,8.946892889204872,587.8892732577982
10.0,29,0,21.394439217830218,467.0124738008336
10.0,29,1,9.936753895425634,547.13073785678
10.0,29,2,9.647745275896138,556.4124965089343
10.0,29,3,9.669611147637745,556.171686872772
10.0,29,4,9.838001612298331,550.9925638280765
10.0,29,5,9.544432084094073,561.1360320873708
10.0,29,6,9.386432331699824,567.0532593057737
10.0,29,7,9.499424369339444,563.4529199960757
10.0,29,8,9.503836822517375,563.5730426078146
10.0,29,9,9.041840328762364,581.5122549525586
10.0,29,10,17.849627458159752,469.81889782552093
10.0,29,11,9.136989679841289,578.8942830803759
10.0,29,12,12.168040574708229,517.3181078022973
10.0,29,13,8.972534224927404,586.7688893385887
10.0,29,14,8.763706918083678,596.6407560429294
10.0,29,15,8.852219019781199,593.1599974400765
10.0,29,16,8.540204701226466,608.6776162810331
10.0,29,17,22.457779241851476,550.3967204758852
10.0,29,18,16.71838575375101,495.5398025347189
10.0,29,19,8.508548145268506,612.5666312583211
10.0,29,20,20.731122184854854,544.608310661465
10.0,29,21,8.239383120037392,629.1723165747479
10.0,29,22,8.230533122703884,630.5644792766932
10.0,29,23,8.217625939906855,632.1077803410608
10.0,29,24,8.154444962794008,636.8452883600594
10.0,29,25,19.31103480542785,528.8880125109913
10.0,29,26,7.953511917121499,652.1222626694379
10.0,29,27,7.911650493704326,656.0165095181047
10.0,29,28,7.945896529422572,654.0586988255948
10.0,29,30,7.831711437749414,662.9284839713665
10.0,29,31,7.916849761889031,655.6300043737501
10.0,29,32,11.304747577342884,600.5457922427
10.0,29,33,17.70023670427314,540.2589491676289
10.0,29,34,8.133952635639446,638.1878302431967
10.0,29,35,8.210832129464409,632.5352468940995
10.0,29,36,8.39263581302849,620.7610370667508
10.0,29,37,8.285944191582827,626.4637157781144
10.0,29,38,8.676325716153878,603.7178675859718
10.0,29,39,8.516453873632184,612.1401665561241
10.0,29,40,27.41921104721331,486.219363295148
10.0,29,41,8.63777534080356,604.6192550036991
10.0,29,42,8.838685900326745,594.2266798025864
10.0,29,43,8.97543505494841,587.3984390774718
10.0,29,44,17.896752507550318,495.1281190863339
10.0,30,0,10.058278277059138,542.9479742546745
10.0,30,1,10.195096603343483,539.1849543055114
10.0,30,2,10.026454949988027,544.4089060892907
10.0,30,3,9.95715784862381,546.7575475523655
10.0,30,4,9.588048877271637,558.790002205137
10.0,30,5,9.654498253550276,557.0553822130943
10.0,30,6,18.550767743747016,469.3776227714741
10.0,30,7,9.58639672892939,560.0462644997565
10.0,30,8,9.315810199077728,570.0834316999709
10.0,30,9,19.384395547088623,515.9590174791451
10.0,30,10,9.255573313996589,573.3041986592618
10.0,30,11,9.192540518239749,576.213625014081
10.0,30,12,9.051376265250031,582.3976624027498
10.0,30,13,9.016797502031652,584.3677053830747
10.0,30,14,8.956346270345922,587.4762130207185
10.0,30,15,9.101296233020479,581.3857146066874
10.0,30,16,8.886633836350128,591.5507671647221
10.0,30,17,27.196120850066347,520.7203019658198
10.0,30,18,8.662763042694769,603.3658859005463
10.0,30,19,8.318242597761513,621.7869529164014
10.0,30,20,8.453684104194732,615.5262038443651
10.0,30,21,8.464925612305864,615.555972368917
10.0,30,22,8.404383262527801,619.5737505933348
10.0,30,23,12.89843819911323,498.96103968700675
10.0,30,24,8.352084920802616,623.6476212630994
10.0,30,25,11.269118076658424,572.7279108710817
10.0,30,26,24.236145971688213,489.0758853446948
10.0,30,27,8.03556361049624,646.2794689311639
10.0,30,28,7.955000196583116,652.7939630800927
10.0,30,29,7.8231816776850795,663.5910673087096
10.0,30,31,7.8227744042445035,663.6227039073283
10.0,30,32,7.934919775785544,654.2867089172654
10.0,30,33,7.840053598815808,660.2014810802505
10.0,30,34,12.393291162553911,493.9505911848437
10.0,30,35,19.17007357168334,488.809884448199
10.0,30,36,8.247596498130612,630.2220328176221
10.0,30,37,8.424122581375762,618.8568199729307
10.0,30,38,12.13791324497592,580.8687365481219
10.0,30,39,8.575807143087898,609.3467645397913
10.0,30,40,8.509891384388354,612.4941718915336
10.0,30,41,8.61122037883885,606.5521083003798
10.0,30,42,8.471228427122204,612.9731547237491
10.0,30,43,8.794393351890038,596.3710989682047
10.0,30,44,9.014663421627095,585.5641281147616
10.0,31,0,10.200242498430638,538.6513557683307
10.0,31,1,10.175339927553246,539.5853377275155
10.0,31,2,9.935671901295388,546.8425834352104
10.0,31,3,9.712490954682584,553.9356299437558
10.0,31,4,9.905695895147005,548.363372841376
10.0,31,5,9.632282151053275,557.3700238447592
10.0,31,6,17.816438659015546,501.8964269757224
10.0,31,7,22.064078606738327,453.15291679080974
10.0,31,8,9.317499174150148,569.4687606830435
10.0,31,9,9.393127290491016,567.2914256211578
10.0,31,10,9.444412779796995,565.7854454290966
10.0,31,11,9.151390410492581,577.3051680736125
10.0,31,12,9.135431159300698,578.4769916457547
10.0,31,13,8.976867100881607,585.4466456377012
10.0,31,14,9.215230675935228,575.979224261056
10.0,31,15,8.812905179290727,593.7437918048802
10.0,31,16,8.938622400258936,588.7366464921774
10.0,31,17,14.993160559067633,463.630670905188
10.0,31,18,8.820158526586619,595.1236806918821
10.0,31,19,8.708005317804409,601.0965587721196
10.0,31,20,8.584498910721987,607.9416246424566
10.0,31,21,8.523883417056954,611.7393890593078
10.0,31,22,8.296788076651751,624.9714349386543
10.0,31,23,8.355985504582314,622.389197089202
10.0,31,24,8.205146233424967,632.0997955718003
10.0,31,25,8.221112200969836,631.8884247949779
10.0,31,26,8.265796111091825,629.5501881404648
10.0,31,27,19.19947376374764,550.4010549810175
10.0,31,28,7.955551669289606,651.9770145861227
10.0,31,29,7.96181889686179,652.2870719865975
10.0,31,30,7.784772920420231,666.574621638468
10.0,31,32,7.764405578536103,668.156736640134
10.0,31,33,7.7314142057388135,669.4149821537262
10.0,31,34,8.197632096556582,634.7387840704616
10.0,31,35,8.003793245775919,647.7159503643438
10.0,31,36,8.034361042879219,644.7125106018738
10.0,31,37,8.234891672274664,631.0214204604781
10.0,31,38,8.15917119659025,634.8802159078639
10.0,31,39,8.19582471233174,631.7062431768557
10.0,31,40,16.816347276080897,543.5012273279804
10.0,31,41,8.476526155540997,614.2940177412214
10.0,31,42,8.674438727641496,603.2647541626421
10.0,31,43,8.51225876492183,610.9150960069505
10.0,31,44,8.702570331992998,600.8167010087724
10.0,32,0,34.53085656425763,423.41478805792053
10.0,32,1,9.935566070447472,546.0528850344201
10.0,32,2,9.861913740901677,548.5886136881239
10.0,32,3,9.829862555391756,549.9658354732364
10.0,32,4,9.625609167122091,556.5719156658363
10.0,32,5,9.862906007253805,549.6985939018006
10.0,32,6,9.742174317245688,553.8422610402557
10.0,32,7,12.245662689521385,505.634356417798
10.0,32,8,9.666276382903735,556.9911124933483
10.0,32,9,9.690228465160605,556.4078746336014
10.0,32,10,9.29816030358579,570.7207890371798
10.0,32,11,9.219218563723377,574.1695993198373
10.0,32,12,9.316502011582449,570.9643343696487
10.0,32,13,9.052134757184522,581.7782070785778
10.0,32,14,9.213521838620403,575.7625170616571
10.0,32,15,9.107686776548253,580.5254901502176
10.0,32,16,8.780096631490853,595.1773430740247
10.0,32,17,14.471166645733653,433.6940089708009
10.0,32,18,16.927954747723454,537.6662730649253
10.0,32,19,8.740444664460213,598.9830191075433
10.0,32,20,16.530620942979468,432.41020924026435
10.0,32,21,8.6039445594936,606.9304509063329
10.0,32,22,8.343480891443804,621.4709793470129
10.0,32,23,8.486378248786073,614.3546552744575
10.0,32,24,16.007071380144282,486.4003134189553
10.0,32,25,8.376784685136336,621.7196616024814
10.0,32,26,8.224046241782105,631.7038149470702
10.0,32,27,8.126884133963486,638.6509186703637
10.0,32,28,8.125885294498087,639.3804124893451
10.0,32,29,8.044504973203926,645.6427661905941
10.0,32,30,7.88030874773919,658.3464039605981
10.0,32,31,7.820103151419372,663.8302041885099
10.0,32,33,7.838136935462926,662.4293576551513
10.0,32,34,7.88663446746692,657.8761602398174
10.0,32,35,7.9760022400133295,650.5207562000468
10.0,32,36,7.985335573844022,648.976103053097
10.0,32,37,18.38465920692107,503.19127225748747
10.0,32,38,8.184813078573285,634.1723655761689
10.0,32,39,8.38700201898885,621.1017505624967
10.0,32,40,8.1681790173125,633.3144783198017
10.0,32,41,8.37493382974322,620.5953840446391
10.0,32,42,8.596201339400865,607.8382885158587
10.0,32,43,8.428468978073258,616.0551811401906
10.0,32,44,16.216707835550682,569.8746316480438
10.0,33,0,10.333570215865274,534.5277861096969
10.0,33,1,10.29197015772127,535.8835933155201
10.0,33,2,30.04819262874097,437.47018357956983
10.0,33,3,17.95689175873197,518.9132522581182
10.0,33,4,9.771256754814626,551.6957458561944
10.0,33,5,16.417619636673383,418.8234650093841
10.0,33,6,9.962000079494723,546.6064499693473
10.0,33,7,18.178584963050593,467.18662553413634
10.0,33,8,9.387342145465059,565.8820269939815
10.0,33,9,34.70373523048221,446.2190990663755
10.0,33,10,9.49526333683384,563.2396889988943
10.0,33,11,9.603359194233024,559.6997179860297
10.0,33,12,18.033732152924884,520.469168202012
10.0,33,13,17.34464990368228,551.2219274438688
10.0,33,14,9.049065317757808,581.8998555597624
10.0,33,15,9.266042734600948,573.6133139040768
10.0,33,16,9.18978393171949,577.0549492987165
10.0,33,17,8.833348104245124,592.8505495561784
10.0,33,18,9.020650071171204,585.029966620158
10.0,33,19,8.759432671332071,597.4986694409824
10.0,33,20,8.749629627040425,598.5383300912715
10.0,33,21,8.805090550567677,596.2268179833243
10.0,33,22,8.664332525470726,603.7902766755223
10.0,33,23,8.430758885947498,616.7628762827362
10.0,33,24,8.501997380858885,613.480006119935
10.0,33,25,11.023409058299851,568.2389582969461
10.0,33,26,8.359441457458951,622.7685234685532
10.0,33,27,8.325134715621408,625.3433281731011
10.0,33,28,8.209304006024285,633.2512327581758
10.0,33,29,8.175304364258967,636.0064456172157
10.0,33,30,8.031213175926577,646.5892576852647
10.0,33,31,8.0748957929409,643.8811193621912
10.0,33,32,7.862110771041684,660.5670937852559
10.0,33,34,19.633414483521285,504.90047931842133
10.0,33,35,7.950543372130256,653.125276164419
10.0,33,36,8.06796720720964,643.9720512023196
10.0,33,37,7.988228356002839,648.7786053822714
10.0,33,38,8.083121900879586,641.5179737574515
10.0,33,39,8.221656091211754,631.8542032209565
10.0,33,40,21.271850071132018,495.70947578539744
10.0,33,41,8.315637559845296,624.7363611820766
10.0,33,42,8.540030743993805,611.350191943672
10.0,33,43,8.584857882664538,608.450197207431
10.0,33,44,8.393426994360604,617.8773642932485
10.0,34,0,10.290430084885768,535.3736460959022
10.0,34,1,10.14528858641428,539.5230130134987
10.0,34,2,10.066740250834494,542.0173648448294
10.0,34,3,9.953018273037166,545.5648438846674
10.0,34,4,10.165856756335884,539.8577451110967
10.0,34,5,16.461958892687264,498.71732626278435
10.0,34,6,9.805102522342041,551.1254834173606
10.0,34,7,23.98908488199379,466.10988938349374
10.0,34,8,9.545613535198584,560.152263288421
10.0,34,9,9.704530152688289,555.4023644154868
10.0,34,10,9.538878258630103,561.3249630444388
10.0,34,11,26.90603998321684,426.0119013422299
10.0,34,12,27.11108873314522,472.18817866859087
10.0,34,13,9.41521461491539,566.8725155677655
10.0,34,14,13.187242663655404,524.4390817800966
10.0,34,15,16.239296879447295,458.16639306789364
10.0,34,16,8.980233304703592,585.3088974948296
10.0,34,17,8.93287675965464,587.9153357985286
10.0,34,18,8.790380094398996,594.7280128752883
10.0,34,19,8.828754710134668,593.7013657270373
10.0,34,20,12.623571867067184,528.7833723305566
10.0,34,21,8.856386074440422,593.3697276979136
10.0,34,22,8.683948093811432,602.3032556261038
10.0,34,23,8.580157665027741,608.1673694185574
10.0,34,24,8.598180500506233,607.7315251270128
10.0,34,25,8.350214961510375,621.979605466151
10.0,34,26,8.293940556076642,625.9985426513108
10.0,34,27,8.208052924782665,631.9240083551276
10.0,34,28,8.117232205653997,638.4245541002506
10.0,34,29,8.20581842838529,633.47958817784
10.0,34,30,12.692058316007426,584.499609642879
10.0,34,31,8.195895614605588,634.8624366783796
10.0,34,32,13.37768284179541,587.7632553923465
10.0,34,33,7.8464155964721565,661.7862794444098
10.0,34,35,13.719088116087011,574.9674870059914
10.0,34,36,7.981999390062009,650.7868869297004
10.0,34,37,8.053154203847681,645.026865792105
10.0,34,38,8.013523062030044,647.0516708084523
10.0,34,39,8.205083854299827,633.5277133355424
10.0,34,40,8.423089582666877,619.1800079386002
10.0,34,41,8.137110171054045,636.2143948070736
10.0,34,42,8.513064050175116,613.2514547734668
10.0,34,43,8.302156195155938,624.6708279465898
10.0,34,44,8.657994423013935,604.50493733193
10.0,35,0,10.536720180146084,528.8256185968628
10.0,35,1,23.038518634033707,444.4486982932951
10.0,35,2,15.002064939422556,506.1629858772809
10.0,35,3,10.211527396192286,538.0743215683784
10.0,35,4,10.16745130317549,539.5683433263102
10.0,35,5,10.12983781914127,540.8924015794519
10.0,35,6,9.66418642525312,554.8562192733503
10.0,35,7,9.761037141280564,552.4625753234119
10.0,35,8,35.56849383171502,473.3186474495383
10.0,35,9,9.87634205159488,549.535202955944
10.0,35,10,9.640879128310155,557.5053482707021
10.0,35,11,30.806980704520825,415.70974236024136
10.0,35,12,22.505103147149665,476.7235141769197
10.0,35,13,9.509736971477512,563.0805204744231
10.0,35,14,9.511270994280933,563.2962626744637
10.0,35,15,9.302254010818803,571.5115049067875
10.0,35,16,22.779210149610527,446.4574989896971
10.0,35,17,9.02389567939137,583.5221931404104
10.0,35,18,9.11239469932289,580.3264693890109
10.0,35,19,26.750601480854613,489.6472335924222
10.0,35,20,17.512359983198696,534.8444040651717
10.0,35,21,8.893619857842161,591.2241021288431
10.0,35,22,21.453684059420546,438.7196594643327
10.0,35,23,25.668465241687628,523.3327489701152
10.0,35,24,8.402702286388577,617.395049107794
10.0,35,25,8.630424989150498,605.9921362162644
10.0,35,26,18.84506965135337,538.2509507750286
10.0,35,27,8.252138594034463,628.430291404726
10.0,35,28,8.147710093875872,635.5733460335739
10.0,35,29,8.30781875600504,626.4328483521629
10.0,35,30,8.101625149732943,640.3057450841352
10.0,35,31,7.8519254784915375,658.0843530526392
10.0,35,32,7.932308378646145,653.6321389040114
10.0,35,33,7.928851095099052,654.7378447735913
10.0,35,34,7.828786232488831,663.155711026917
10.0,35,36,13.608971029512716,625.4020530856446
10.0,35,37,7.95873449233063,652.5163616051002
10.0,35,38,14.956681371182178,533.6929306108515
10.0,35,39,14.93921991128148,455.391006876791
10.0,35,40,20.0605061053532,559.0862775731282
10.0,35,41,10.795863883471215,547.0349896403335
10.0,35,42,10.10698684989105,561.9663722015758
10.0,35,43,19.341967464773063,534.24314941967
10.0,35,44,24.014962261209313,487.6824800070203
10.0,36,0,10.46123315852412,530.4563167756494
10.0,36,1,22.383690928140375,476.48509827307805
10.0,36,2,10.298005411143235,535.1777883016387
10.0,36,3,10.24927201966664,536.7642688659871
10.0,36,4,10.384624944965841,533.3602903318687
10.0,36,5,10.031874508077884,543.3596730807732
10.0,36,6,9.967925399507749,545.5433920119488
10.0,36,7,18.486006048074472,492.11957188989356
10.0,36,8,9.857946667174946,549.5220142849886
10.0,36,9,26.923811507888004,451.13029323233843
10.0,36,10,9.717407483675848,554.6373269424059
10.0,36,11,9.436889681324107,564.2450122091404
10.0,36,12,9.549041639917407,560.9792234517715
10.0,36,13,20.875961140079248,449.27538851630175
10.0,36,14,9.446650885525617,565.3586291337972
10.0,36,15,9.395770329542986,567.5964412693228
10.0,36,16,9.062627513276546,580.7139580472655
10.0,36,17,9.003045273651031,583.7237288119659
10.0,36,18,9.208147027032997,575.9824592735976
10.0,36,19,8.999229789818498,585.1103555123758
10.0,36,20,8.709033842713911,598.2823921503061
10.0,36,21,8.888566865716179,590.9985642122508
10.0,36,22,25.753782422263825,504.1986731753256
10.0,36,23,8.777063565661487,597.210118781609
10.0,36,24,8.616105779863164,605.706188018981
10.0,36,25,8.63759719220225,605.180514005483
10.0,36,26,8.521564169424217,611.86449799368
10.0,36,27,8.627132060900385,606.4726422286826
10.0,36,28,8.400389848647297,619.806059766191
10.0,36,29,8.086430690161874,639.2793245819058
10.0,36,30,8.127990684485074,637.7476306121991
10.0,36,31,7.968663483160123,649.0166447725585
10.0,36,32,8.087096636616998,642.0286138281884
10.0,36,33,7.943984032143622,652.8007308935302
10.0,36,34,7.92872337289935,654.747339434278
10.0,36,35,15.463029789814584,424.44045996116955
10.0,36,37,7.750590244276741,669.2298981606264
10.0,36,38,18.670262368215077,437.50213674129935
10.0,36,39,8.04051144953827,645.9271397861613
10.0,36,40,8.302962464208216,627.2908991232845
10.0,36,41,8.095502126760152,640.706891070649
10.0,36,42,8.190603521504817,633.8080309069169
10.0,36,43,8.152690679955867,635.2721364255833
10.0,36,44,8.379240376241633,621.0363896513281
10.0,37,0,10.61229155068331,526.5236021761189
10.0,37,1,10.510645399420268,529.2418565423737
10.0,37,2,10.17357178847963,537.9785174927342
10.0,37,3,10.519679773161386,529.4464639845027
10.0,37,4,10.340503123783591,534.3438518179863
10.0,37,5,10.389527540161655,533.2267760963593
10.0,37,6,16.0280286675407,505.4238332653799
10.0,37,7,9.81385903516786,549.9690017838012
10.0,37,8,18.257971442054192,500.44391290612384
10.0,37,9,9.71347604909037,553.9057388653713
10.0,37,10,9.490987369755821,561.3039899895675
10.0,37,11,9.793827067554968,552.1841023415517
10.0,37,12,9.872085988598881,549.8664406623391
10.0,37,13,29.92726701445526,454.98089728965647
10.0,37,14,9.270639163512866,571.1107922431336
10.0,37,15,9.43904605318642,565.6332480793792
10.0,37,16,9.428347123092339,566.3835821864083
10.0,37,17,9.448924198100148,565.8788827243278
10.0,37,18,16.26530287634911,467.7524496585061
10.0,37,19,9.336534435911586,570.7287289362922
10.0,37,20,9.002622104335975,584.9669502251952
10.0,37,21,8.971822953066358,586.799967967406
10.0,37,22,8.820407331004713,594.0785684668081
10.0,37,23,8