policy,policy_display_name,step,time_s,evidence_type,traffic_stress,weighted_edge_distance,active_edge_count,request_mix_entropy,top3_hotspot_churn,traffic_stress_gini,traffic_stress_skew,migration_count,policy_decision_time_ms,latency_ms,sla_ms,sla_pressure,sla_violation_ratio
kubernetes-default,K8s default,0,0.000,replay,0.969300,0.000000,8,1.636641,0.000000,0.406120,0.093267,,,60.611391,108.333333,0.559490,0.000000
cga,CGA,0,0.000,replay,0.969300,0.000000,8,1.636641,0.000000,0.406120,0.093267,,,61.089042,108.333333,0.563899,0.000000
hda,HDA,0,0.000,replay,0.969300,0.000000,8,1.636641,0.000000,0.406120,0.093267,,,56.771468,108.333333,0.524044,0.000000
policy2,Policy 2,0,0.000,replay,0.969300,0.000000,8,1.636641,0.000000,0.406120,0.093267,,,57.706440,108.333333,0.532675,0.000000
policy3,Policy 3,0,0.000,replay,0.969300,0.000000,8,1.636641,0.000000,0.406120,0.093267,,,53.570968,108.333333,0.494501,0.000000
kubernetes-default,K8s default,1,0.100,replay,0.969753,0.005294,8,1.662099,0.000000,0.402746,0.094913,,,65.686056,108.937851,0.602968,0.000000
cga,CGA,1,0.100,replay,0.969753,0.005294,8,1.662099,0.000000,0.402746,0.094913,,,58.693950,108.937851,0.538784,0.000000
hda,HDA,1,0.100,replay,0.969753,0.005294,8,1.662099,0.000000,0.402746,0.094913,,,58.023673,108.937851,0.532631,0.000000
policy2,Policy 2,1,0.100,replay,0.969753,0.005294,8,1.662099,0.000000,0.402746,0.094913,,,57.677735,108.937851,0.529455,0.000000
policy3,Policy 3,1,0.100,replay,0.969753,0.005294,8,1.662099,0.000000,0.402746,0.094913,,,56.772964,108.937851,0.521150,0.000000
kubernetes-default,K8s default,2,0.200,replay,0.965329,0.021315,9,1.686510,0.000000,0.446374,0.294702,,,64.801531,109.538544,0.591587,0.000000
cga,CGA,2,0.200,replay,0.965329,0.021315,9,1.686510,0.000000,0.446374,0.294702,,,59.858524,109.538544,0.546461,0.000000
hda,HDA,2,0.200,replay,0.965329,0.021315,9,1.686510,0.000000,0.446374,0.294702,,,62.593379,109.538544,0.571428,0.000000
policy2,Policy 2,2,0.200,replay,0.965329,0.021315,9,1.686510,0.000000,0.446374,0.294702,,,57.179471,109.538544,0.522003,0.000000
policy3,Policy 3,2,0.200,replay,0.965329,0.021315,9,1.686510,0.000000,0.446374,0.294702,,,57.175060,109.538544,0.521963,0.000000
kubernetes-default,K8s default,3,0.300,replay,1.003365,0.042518,9,1.709957,0.000000,0.442518,0.295763,,,65.090562,110.135418,0.591005,0.000000
cga,CGA,3,0.300,replay,1.003365,0.042518,9,1.709957,0.000000,0.442518,0.295763,,,60.328228,110.135418,0.547764,0.000000
hda,HDA,3,0.300,replay,1.003365,0.042518,9,1.709957,0.000000,0.442518,0.295763,,,59.274943,110.135418,0.538201,0.000000
policy2,Policy 2,3,0.300,replay,1.003365,0.042518,9,1.709957,0.000000,0.442518,0.295763,,,63.336331,110.135418,0.575077,0.000000
policy3,Policy 3,3,0.300,replay,1.003365,0.042518,9,1.709957,0.000000,0.442518,0.295763,,,58.078573,110.135418,0.527338,0.000000
kubernetes-default,K8s default,4,0.400,replay,0.973969,0.026441,9,1.732506,0.000000,0.438724,0.296709,,,62.963779,110.728482,0.568632,0.000000
cga,CGA,4,0.400,replay,0.973969,0.026441,9,1.732506,0.000000,0.438724,0.296709,,,57.926407,110.728482,0.523139,0.000000
hda,HDA,4,0.400,replay,0.973969,0.026441,9,1.732506,0.000000,0.438724,0.296709,,,52.899261,110.728482,0.477739,0.000000
policy2,Policy 2,4,0.400,replay,0.973969,0.026441,9,1.732506,0.000000,0.438724,0.296709,,,61.310672,110.728482,0.553703,0.000000
policy3,Policy 3,4,0.400,replay,0.973969,0.026441,9,1.732506,0.000000,0.438724,0.296709,,,64.587773,110.728482,0.583299,0.000000
kubernetes-default,K8s default,5,0.500,replay,0.950293,0.022361,9,1.754219,0.000000,0.435060,0.297541,,,67.516648,111.317744,0.606522,0.000000
cga,CGA,5,0.500,replay,0.950293,0.022361,9,1.754219,0.000000,0.435060,0.297541,,,61.510816,111.317744,0.552570,0.000000
hda,HDA,5,0.500,replay,0.950293,0.022361,9,1.754219,0.000000,0.435060,0.297541,,,53.898822,111.317744,0.484189,0.000000
policy2,Policy 2,5,0.500,replay,0.950293,0.022361,9,1.754219,0.000000,0.435060,0.297541,,,61.369416,111.317744,0.551299,0.000000
policy3,Policy 3,5,0.500,replay,0.950293,0.022361,9,1.754219,0.000000,0.435060,0.297541,,,55.950767,111.317744,0.502622,0.000000
kubernetes-default,K8s default,6,0.600,replay,1.004494,0.071284,10,1.775147,0.000000,0.469504,0.464426,,,68.997468,111.903217,0.616582,0.000000
cga,CGA,6,0.600,replay,1.004494,0.071284,10,1.775147,0.000000,0.469504,0.464426,,,61.123279,111.903217,0.546216,0.000000
hda,HDA,6,0.600,replay,1.004494,0.071284,10,1.775147,0.000000,0.469504,0.464426,,,65.681554,111.903217,0.586950,0.000000
policy2,Policy 2,6,0.600,replay,1.004494,0.071284,10,1.775147,0.000000,0.469504,0.464426,,,66.818238,111.903217,0.597107,0.000000
policy3,Policy 3,6,0.600,replay,1.004494,0.071284,10,1.775147,0.000000,0.469504,0.464426,,,61.854059,111.903217,0.552746,0.000000
kubernetes-default,K8s default,7,0.700,replay,0.949689,0.049961,10,1.795335,0.000000,0.466272,0.464260,,,70.467749,112.484913,0.626464,0.000000
cga,CGA,7,0.700,replay,0.949689,0.049961,10,1.795335,0.000000,0.466272,0.464260,,,62.642122,112.484913,0.556894,0.000000
hda,HDA,7,0.700,replay,0.949689,0.049961,10,1.795335,0.000000,0.466272,0.464260,,,59.950816,112.484913,0.532968,0.000000
policy2,Policy 2,7,0.700,replay,0.949689,0.049961,10,1.795335,0.000000,0.466272,0.464260,,,62.166495,112.484913,0.552665,0.000000
policy3,Policy 3,7,0.700,replay,0.949689,0.049961,10,1.795335,0.000000,0.466272,0.464260,,,61.156165,112.484913,0.543683,0.000000
kubernetes-default,K8s default,8,0.800,replay,1.048635,0.098691,10,1.814825,0.000000,0.463144,0.463976,,,71.104414,113.062847,0.628893,0.000000
cga,CGA,8,0.800,replay,1.048635,0.098691,10,1.814825,0.000000,0.463144,0.463976,,,70.679686,113.062847,0.625136,0.000000
hda,HDA,8,0.800,replay,1.048635,0.098691,10,1.814825,0.000000,0.463144,0.463976,,,68.008773,113.062847,0.601513,0.000000
policy2,Policy 2,8,0.800,replay,1.048635,0.098691,10,1.814825,0.000000,0.463144,0.463976,,,67.719611,113.062847,0.598955,0.000000
policy3,Policy 3,8,0.800,replay,1.048635,0.098691,10,1.814825,0.000000,0.463144,0.463976,,,62.071205,113.062847,0.548997,0.000000
kubernetes-default,K8s default,9,0.900,replay,1.023562,0.020947,10,1.833653,0.000000,0.460312,0.463572,,,67.745128,113.637035,0.596154,0.000000
cga,CGA,9,0.900,replay,1.023562,0.020947,10,1.833653,0.000000,0.460312,0.463572,,,63.178022,113.637035,0.555963,0.000000
hda,HDA,9,0.900,replay,1.023562,0.020947,10,1.833653,0.000000,0.460312,0.463572,,,64.002917,113.637035,0.563222,0.000000
policy2,Policy 2,9,0.900,replay,1.023562,0.020947,10,1.833653,0.000000,0.460312,0.463572,,,67.631203,113.637035,0.595151,0.000000
policy3,Policy 3,9,0.900,replay,1.023562,0.020947,10,1.833653,0.000000,0.460312,0.463572,,,60.743788,113.637035,0.534542,0.000000
kubernetes-default,K8s default,10,1.000,replay,0.962021,0.055704,10,1.851852,0.000000,0.457525,0.463050,,,72.269561,114.207494,0.632792,0.000000
cga,CGA,10,1.000,replay,0.962021,0.055704,10,1.851852,0.000000,0.457525,0.463050,,,59.563762,114.207494,0.521540,0.000000
hda,HDA,10,1.000,replay,0.962021,0.055704,10,1.851852,0.000000,0.457525,0.463050,,,62.065776,114.207494,0.543447,0.000000
policy2,Policy 2,10,1.000,replay,0.962021,0.055704,10,1.851852,0.000000,0.457525,0.463050,,,62.776355,114.207494,0.549669,0.000000
policy3,Policy 3,10,1.000,replay,0.962021,0.055704,10,1.851852,0.000000,0.457525,0.463050,,,61.048720,114.207494,0.534542,0.000000
kubernetes-default,K8s default,11,1.100,replay,0.979831,0.022723,10,1.869452,0.000000,0.454782,0.462410,,,69.580179,114.774244,0.606235,0.000000
cga,CGA,11,1.100,replay,0.979831,0.022723,10,1.869452,0.000000,0.454782,0.462410,,,64.036623,114.774244,0.557935,0.000000
hda,HDA,11,1.100,replay,0.979831,0.022723,10,1.869452,0.000000,0.454782,0.462410,,,64.780886,114.774244,0.564420,0.000000
policy2,Policy 2,11,1.100,replay,0.979831,0.022723,10,1.869452,0.000000,0.454782,0.462410,,,63.099294,114.774244,0.549769,0.000000
policy3,Policy 3,11,1.100,replay,0.979831,0.022723,10,1.869452,0.000000,0.454782,0.462410,,,61.804897,114.774244,0.538491,0.000000
kubernetes-default,K8s default,12,1.200,replay,1.060473,0.080275,10,1.886481,0.000000,0.452081,0.461652,,,77.434115,115.337304,0.671371,0.000000
cga,CGA,12,1.200,replay,1.060473,0.080275,10,1.886481,0.000000,0.452081,0.461652,,,69.131826,115.337304,0.599388,0.000000
hda,HDA,12,1.200,replay,1.060473,0.080275,10,1.886481,0.000000,0.452081,0.461652,,,65.515292,115.337304,0.568032,0.000000
policy2,Policy 2,12,1.200,replay,1.060473,0.080275,10,1.886481,0.000000,0.452081,0.461652,,,66.276264,115.337304,0.574630,0.000000
policy3,Policy 3,12,1.200,replay,1.060473,0.080275,10,1.886481,0.000000,0.452081,0.461652,,,69.656651,115.337304,0.603939,0.000000
kubernetes-default,K8s default,13,1.300,replay,1.045542,0.013312,10,1.902963,0.000000,0.449423,0.460777,,,65.652100,115.896696,0.566471,0.000000
cga,CGA,13,1.300,replay,1.045542,0.013312,10,1.902963,0.000000,0.449423,0.460777,,,67.051927,115.896696,0.578549,0.000000
hda,HDA,13,1.300,replay,1.045542,0.013312,10,1.902963,0.000000,0.449423,0.460777,,,62.776907,115.896696,0.541663,0.000000
policy2,Policy 2,13,1.300,replay,1.045542,0.013312,10,1.902963,0.000000,0.449423,0.460777,,,61.404329,115.896696,0.529819,0.000000
policy3,Policy 3,13,1.300,replay,1.045542,0.013312,10,1.902963,0.000000,0.449423,0.460777,,,66.824235,115.896696,0.576584,0.000000
kubernetes-default,K8s default,14,1.400,replay,1.031876,0.012494,10,1.918923,0.000000,0.446806,0.459785,,,68.487959,116.452444,0.588120,0.000000
cga,CGA,14,1.400,replay,1.031876,0.012494,10,1.918923,0.000000,0.446806,0.459785,,,67.367333,116.452444,0.578497,0.000000
hda,HDA,14,1.400,replay,1.031876,0.012494,10,1.918923,0.000000,0.446806,0.459785,,,69.301641,116.452444,0.595107,0.000000
policy2,Policy 2,14,1.400,replay,1.031876,0.012494,10,1.918923,0.000000,0.446806,0.459785,,,66.715379,116.452444,0.572898,0.000000
policy3,Policy 3,14,1.400,replay,1.031876,0.012494,10,1.918923,0.000000,0.446806,0.459785,,,61.119264,116.452444,0.524843,0.000000
kubernetes-default,K8s default,15,1.500,replay,1.013258,0.015695,10,1.934381,0.000000,0.444229,0.458677,,,67.007347,117.004571,0.572690,0.000000
cga,CGA,15,1.500,replay,1.013258,0.015695,10,1.934381,0.000000,0.444229,0.458677,,,67.454772,117.004571,0.576514,0.000000
hda,HDA,15,1.500,replay,1.013258,0.015695,10,1.934381,0.000000,0.444229,0.458677,,,66.205538,117.004571,0.565837,0.000000
policy2,Policy 2,15,1.500,replay,1.013258,0.015695,10,1.934381,0.000000,0.444229,0.458677,,,60.759725,117.004571,0.519294,0.000000
policy3,Policy 3,15,1.500,replay,1.013258,0.015695,10,1.934381,0.000000,0.444229,0.458677,,,68.384214,117.004571,0.584458,0.000000
kubernetes-default,K8s default,16,1.600,replay,1.057042,0.045625,10,1.949357,0.000000,0.441692,0.457455,,,75.407803,117.553103,0.641479,0.000000
cga,CGA,16,1.600,replay,1.057042,0.045625,10,1.949357,0.000000,0.441692,0.457455,,,74.199804,117.553103,0.631202,0.000000
hda,HDA,16,1.600,replay,1.057042,0.045625,10,1.949357,0.000000,0.441692,0.457455,,,67.145072,117.553103,0.571189,0.000000
policy2,Policy 2,16,1.600,replay,1.057042,0.045625,10,1.949357,0.000000,0.441692,0.457455,,,70.243702,117.553103,0.597549,0.000000
policy3,Policy 3,16,1.600,replay,1.057042,0.045625,10,1.949357,0.000000,0.441692,0.457455,,,69.433069,117.553103,0.590653,0.000000
kubernetes-default,K8s default,17,1.700,replay,1.055676,0.004811,10,1.963871,0.000000,0.439193,0.456117,,,70.584324,118.098067,0.597676,0.000000
cga,CGA,17,1.700,replay,1.055676,0.004811,10,1.963871,0.000000,0.439193,0.456117,,,69.160277,118.098067,0.585617,0.000000
hda,HDA,17,1.700,replay,1.055676,0.004811,10,1.963871,0.000000,0.439193,0.456117,,,62.974808,118.098067,0.533242,0.000000
policy2,Policy 2,17,1.700,replay,1.055676,0.004811,10,1.963871,0.000000,0.439193,0.456117,,,66.808590,118.098067,0.565704,0.000000
policy3,Policy 3,17,1.700,replay,1.055676,0.004811,10,1.963871,0.000000,0.439193,0.456117,,,63.121558,118.098067,0.534484,0.000000
kubernetes-default,K8s default,18,1.800,replay,0.987041,0.060984,10,1.977939,0.000000,0.436732,0.454667,,,71.395719,118.639489,0.601787,0.000000
cga,CGA,18,1.800,replay,0.987041,0.060984,10,1.977939,0.000000,0.436732,0.454667,,,65.439171,118.639489,0.551580,0.000000
hda,HDA,18,1.800,replay,0.987041,0.060984,10,1.977939,0.000000,0.436732,0.454667,,,61.497505,118.639489,0.518356,0.000000
policy2,Policy 2,18,1.800,replay,0.987041,0.060984,10,1.977939,0.000000,0.436732,0.454667,,,67.519087,118.639489,0.569111,0.000000
policy3,Policy 3,18,1.800,replay,0.987041,0.060984,10,1.977939,0.000000,0.436732,0.454667,,,63.939919,118.639489,0.538943,0.000000
kubernetes-default,K8s default,19,1.900,replay,1.058129,0.071147,10,1.991578,0.000000,0.434308,0.453103,,,75.024354,119.177398,0.629518,0.000000
cga,CGA,19,1.900,replay,1.058129,0.071147,10,1.991578,0.000000,0.434308,0.453103,,,71.222855,119.177398,0.597620,0.000000
hda,HDA,19,1.900,replay,1.058129,0.071147,10,1.991578,0.000000,0.434308,0.453103,,,67.267316,119.177398,0.564430,0.000000
policy2,Policy 2,19,1.900,replay,1.058129,0.071147,10,1.991578,0.000000,0.434308,0.453103,,,68.893933,119.177398,0.578079,0.000000
policy3,Policy 3,19,1.900,replay,1.058129,0.071147,10,1.991578,0.000000,0.434308,0.453103,,,64.993772,119.177398,0.545353,0.000000
kubernetes-default,K8s default,20,2.000,replay,1.009508,0.041921,10,2.004803,0.000000,0.431920,0.451428,,,72.596227,119.711826,0.606425,0.000000
cga,CGA,20,2.000,replay,1.009508,0.041921,10,2.004803,0.000000,0.431920,0.451428,,,66.665037,119.711826,0.556879,0.000000
hda,HDA,20,2.000,replay,1.009508,0.041921,10,2.004803,0.000000,0.431920,0.451428,,,70.734800,119.711826,0.590876,0.000000
policy2,Policy 2,20,2.000,replay,1.009508,0.041921,10,2.004803,0.000000,0.431920,0.451428,,,72.779177,119.711826,0.607953,0.000000
policy3,Policy 3,20,2.000,replay,1.009508,0.041921,10,2.004803,0.000000,0.431920,0.451428,,,63.494008,119.711826,0.530390,0.000000
kubernetes-default,K8s default,21,2.100,replay,1.061507,0.052944,10,2.017629,0.000000,0.429568,0.449642,,,82.119258,120.242801,0.682945,0.000000
cga,CGA,21,2.100,replay,1.061507,0.052944,10,2.017629,0.000000,0.429568,0.449642,,,72.610549,120.242801,0.603866,0.000000
hda,HDA,21,2.100,replay,1.061507,0.052944,10,2.017629,0.000000,0.429568,0.449642,,,69.035714,120.242801,0.574136,0.000000
policy2,Policy 2,21,2.100,replay,1.061507,0.052944,10,2.017629,0.000000,0.429568,0.449642,,,69.911012,120.242801,0.581415,0.000000
policy3,Policy 3,21,2.100,replay,1.061507,0.052944,10,2.017629,0.000000,0.429568,0.449642,,,65.527154,120.242801,0.544957,0.000000
kubernetes-default,K8s default,22,2.200,replay,0.989571,0.063912,10,2.030069,0.000000,0.427250,0.447746,,,72.665906,120.770356,0.601687,0.000000
cga,CGA,22,2.200,replay,0.989571,0.063912,10,2.030069,0.000000,0.427250,0.447746,,,67.655438,120.770356,0.560199,0.000000
hda,HDA,22,2.200,replay,0.989571,0.063912,10,2.030069,0.000000,0.427250,0.447746,,,65.740336,120.770356,0.544342,0.000000
policy2,Policy 2,22,2.200,replay,0.989571,0.063912,10,2.030069,0.000000,0.427250,0.447746,,,71.772026,120.770356,0.594285,0.000000
policy3,Policy 3,22,2.200,replay,0.989571,0.063912,10,2.030069,0.000000,0.427250,0.447746,,,65.744661,120.770356,0.544377,0.000000
kubernetes-default,K8s default,23,2.300,replay,1.066518,0.075931,10,2.042137,0.000000,0.424966,0.445741,,,81.829770,121.294523,0.674637,0.000000
cga,CGA,23,2.300,replay,1.066518,0.075931,10,2.042137,0.000000,0.424966,0.445741,,,74.784305,121.294523,0.616551,0.000000
hda,HDA,23,2.300,replay,1.066518,0.075931,10,2.042137,0.000000,0.424966,0.445741,,,70.358363,121.294523,0.580062,0.000000
policy2,Policy 2,23,2.300,replay,1.066518,0.075931,10,2.042137,0.000000,0.424966,0.445741,,,71.430663,121.294523,0.588903,0.000000
policy3,Policy 3,23,2.300,replay,1.066518,0.075931,10,2.042137,0.000000,0.424966,0.445741,,,71.540833,121.294523,0.589811,0.000000
kubernetes-default,K8s default,24,2.400,replay,1.006385,0.052558,10,2.053844,0.000000,0.422715,0.443629,,,72.302414,121.815337,0.593541,0.000000
cga,CGA,24,2.400,replay,1.006385,0.052558,10,2.053844,0.000000,0.422715,0.443629,,,70.264110,121.815337,0.576808,0.000000
hda,HDA,24,2.400,replay,1.006385,0.052558,10,2.053844,0.000000,0.422715,0.443629,,,64.160474,121.815337,0.526703,0.000000
policy2,Policy 2,24,2.400,replay,1.006385,0.052558,10,2.053844,0.000000,0.422715,0.443629,,,68.782566,121.815337,0.564646,0.000000
policy3,Policy 3,24,2.400,replay,1.006385,0.052558,10,2.053844,0.000000,0.422715,0.443629,,,68.786743,121.815337,0.564680,0.000000
kubernetes-default,K8s default,25,2.500,replay,1.077849,0.070033,10,2.065203,0.000000,0.420497,0.441410,,,79.617666,122.332830,0.650828,0.000000
cga,CGA,25,2.500,replay,1.077849,0.070033,10,2.065203,0.000000,0.420497,0.441410,,,69.239430,122.332830,0.565992,0.000000
hda,HDA,25,2.500,replay,1.077849,0.070033,10,2.065203,0.000000,0.420497,0.441410,,,70.331325,122.332830,0.574918,0.000000
policy2,Policy 2,25,2.500,replay,1.077849,0.070033,10,2.065203,0.000000,0.420497,0.441410,,,70.045203,122.332830,0.572579,0.000000
policy3,Policy 3,25,2.500,replay,1.077849,0.070033,10,2.065203,0.000000,0.420497,0.441410,,,72.545648,122.332830,0.593019,0.000000
kubernetes-default,K8s default,26,2.600,replay,1.085278,0.010843,10,2.076225,0.000000,0.418311,0.439086,,,69.088315,122.847039,0.562393,0.000000
cga,CGA,26,2.600,replay,1.085278,0.010843,10,2.076225,0.000000,0.418311,0.439086,,,70.139055,122.847039,0.570946,0.000000
hda,HDA,26,2.600,replay,1.085278,0.010843,10,2.076225,0.000000,0.418311,0.439086,,,72.192120,122.847039,0.587659,0.000000
policy2,Policy 2,26,2.600,replay,1.085278,0.010843,10,2.076225,0.000000,0.418311,0.439086,,,70.024020,122.847039,0.570010,0.000000
policy3,Policy 3,26,2.600,replay,1.085278,0.010843,10,2.076225,0.000000,0.418311,0.439086,,,71.561969,122.847039,0.582529,0.000000
kubernetes-default,K8s default,27,2.700,replay,1.041070,0.036961,10,2.086920,0.000000,0.416155,0.436658,,,74.517626,123.357999,0.604076,0.000000
cga,CGA,27,2.700,replay,1.041070,0.036961,10,2.086920,0.000000,0.416155,0.436658,,,67.545859,123.357999,0.547560,0.000000
hda,HDA,27,2.700,replay,1.041070,0.036961,10,2.086920,0.000000,0.416155,0.436658,,,71.327576,123.357999,0.578216,0.000000
policy2,Policy 2,27,2.700,replay,1.041070,0.036961,10,2.086920,0.000000,0.416155,0.436658,,,73.160793,123.357999,0.593077,0.000000
policy3,Policy 3,27,2.700,replay,1.041070,0.036961,10,2.086920,0.000000,0.416155,0.436658,,,67.670523,123.357999,0.548570,0.000000
kubernetes-default,K8s default,28,2.800,replay,1.010416,0.025664,10,2.097298,0.000000,0.414082,0.434126,,,72.608435,123.865748,0.586187,0.000000
cga,CGA,28,2.800,replay,1.010416,0.025664,10,2.097298,0.000000,0.414082,0.434126,,,74.964473,123.865748,0.605207,0.000000
hda,HDA,28,2.800,replay,1.010416,0.025664,10,2.097298,0.000000,0.414082,0.434126,,,70.882816,123.865748,0.572255,0.000000
policy2,Policy 2,28,2.800,replay,1.010416,0.025664,10,2.097298,0.000000,0.414082,0.434126,,,65.190466,123.865748,0.526299,0.000000
policy3,Policy 3,28,2.800,replay,1.010416,0.025664,10,2.097298,0.000000,0.414082,0.434126,,,69.621439,123.865748,0.562072,0.000000
kubernetes-default,K8s default,29,2.900,replay,1.015355,0.008884,10,2.107369,0.000000,0.412173,0.431493,,,76.180556,124.370321,0.612530,0.000000
cga,CGA,29,2.900,replay,1.015355,0.008884,10,2.107369,0.000000,0.412173,0.431493,,,68.567147,124.370321,0.551314,0.000000
hda,HDA,29,2.900,replay,1.015355,0.008884,10,2.107369,0.000000,0.412173,0.431493,,,69.254450,124.370321,0.556841,0.000000
policy2,Policy 2,29,2.900,replay,1.015355,0.008884,10,2.107369,0.000000,0.412173,0.431493,,,73.608264,124.370321,0.591848,0.000000
policy3,Policy 3,29,2.900,replay,1.015355,0.008884,10,2.107369,0.000000,0.412173,0.431493,,,68.419239,124.370321,0.550125,0.000000
kubernetes-default,K8s default,30,3.000,replay,1.076920,0.060756,10,2.117142,0.000000,0.410290,0.428760,,,75.993993,124.871758,0.608576,0.000000
cga,CGA,30,3.000,replay,1.076920,0.060756,10,2.117142,0.000000,0.410290,0.428760,,,72.884997,124.871758,0.583679,0.000000
hda,HDA,30,3.000,replay,1.076920,0.060756,10,2.117142,0.000000,0.410290,0.428760,,,74.856114,124.871758,0.599464,0.000000
policy2,Policy 2,30,3.000,replay,1.076920,0.060756,10,2.117142,0.000000,0.410290,0.428760,,,73.944797,124.871758,0.592166,0.000000
policy3,Policy 3,30,3.000,replay,1.076920,0.060756,10,2.117142,0.000000,0.410290,0.428760,,,75.957157,124.871758,0.608281,0.000000
kubernetes-default,K8s default,31,3.100,replay,1.055617,0.016072,10,2.126627,0.000000,0.408434,0.425927,,,80.075314,125.370098,0.638711,0.000000
cga,CGA,31,3.100,replay,1.055617,0.016072,10,2.126627,0.000000,0.408434,0.425927,,,74.221337,125.370098,0.592018,0.000000
hda,HDA,31,3.100,replay,1.055617,0.016072,10,2.126627,0.000000,0.408434,0.425927,,,70.347363,125.370098,0.561118,0.000000
policy2,Policy 2,31,3.100,replay,1.055617,0.016072,10,2.126627,0.000000,0.408434,0.425927,,,74.586990,125.370098,0.594934,0.000000
policy3,Policy 3,31,3.100,replay,1.055617,0.016072,10,2.126627,0.000000,0.408434,0.425927,,,69.583782,125.370098,0.555027,0.000000
kubernetes-default,K8s default,32,3.200,replay,1.062638,0.010396,10,2.135831,0.000000,0.406695,0.422996,,,78.595397,125.865379,0.624440,0.000000
cga,CGA,32,3.200,replay,1.062638,0.010396,10,2.135831,0.000000,0.406695,0.422996,,,75.142791,125.865379,0.597009,0.000000
hda,HDA,32,3.200,replay,1.062638,0.010396,10,2.135831,0.000000,0.406695,0.422996,,,74.843256,125.865379,0.594629,0.000000
policy2,Policy 2,32,3.200,replay,1.062638,0.010396,10,2.135831,0.000000,0.406695,0.422996,,,72.547345,125.865379,0.576388,0.000000
policy3,Policy 3,32,3.200,replay,1.062638,0.010396,10,2.135831,0.000000,0.406695,0.422996,,,71.935422,125.865379,0.571527,0.000000
kubernetes-default,K8s default,33,3.300,replay,1.068063,0.008934,10,2.144763,0.000000,0.405057,0.419969,,,83.605994,126.357641,0.661662,0.000000
cga,CGA,33,3.300,replay,1.068063,0.008934,10,2.144763,0.000000,0.405057,0.419969,,,72.940418,126.357641,0.577254,0.000000
hda,HDA,33,3.300,replay,1.068063,0.008934,10,2.144763,0.000000,0.405057,0.419969,,,68.570807,126.357641,0.542672,0.000000
policy2,Policy 2,33,3.300,replay,1.068063,0.008934,10,2.144763,0.000000,0.405057,0.419969,,,70.843747,126.357641,0.560661,0.000000
policy3,Policy 3,33,3.300,replay,1.068063,0.008934,10,2.144763,0.000000,0.405057,0.419969,,,69.614392,126.357641,0.550931,0.000000
kubernetes-default,K8s default,34,3.400,replay,1.011892,0.049106,10,2.153431,0.000000,0.403442,0.416846,,,81.541138,126.846925,0.642831,0.000000
cga,CGA,34,3.400,replay,1.011892,0.049106,10,2.153431,0.000000,0.403442,0.416846,,,78.263241,126.846925,0.616990,0.000000
hda,HDA,34,3.400,replay,1.011892,0.049106,10,2.153431,0.000000,0.403442,0.416846,,,72.727109,126.846925,0.573345,0.000000
policy2,Policy 2,34,3.400,replay,1.011892,0.049106,10,2.153431,0.000000,0.403442,0.416846,,,74.484584,126.846925,0.587201,0.000000
policy3,Policy 3,34,3.400,replay,1.011892,0.049106,10,2.153431,0.000000,0.403442,0.416846,,,72.034712,126.846925,0.567887,0.000000
kubernetes-default,K8s default,35,3.500,replay,1.048180,0.038127,10,2.161842,0.000000,0.401849,0.413629,,,78.657484,127.333273,0.617729,0.000000
cga,CGA,35,3.500,replay,1.048180,0.038127,10,2.161842,0.000000,0.401849,0.413629,,,76.050477,127.333273,0.597255,0.000000
hda,HDA,35,3.500,replay,1.048180,0.038127,10,2.161842,0.000000,0.401849,0.413629,,,76.639387,127.333273,0.601880,0.000000
policy2,Policy 2,35,3.500,replay,1.048180,0.038127,10,2.161842,0.000000,0.401849,0.413629,,,70.528313,127.333273,0.553888,0.000000
policy3,Policy 3,35,3.500,replay,1.048180,0.038127,10,2.161842,0.000000,0.401849,0.413629,,,71.748491,127.333273,0.563470,0.000000
kubernetes-default,K8s default,36,3.600,replay,0.988865,0.053180,10,2.170003,0.000000,0.400277,0.410320,,,79.962786,127.816725,0.625605,0.000000
cga,CGA,36,3.600,replay,0.988865,0.053180,10,2.170003,0.000000,0.400277,0.410320,,,76.580452,127.816725,0.599143,0.000000
hda,HDA,36,3.600,replay,0.988865,0.053180,10,2.170003,0.000000,0.400277,0.410320,,,75.397906,127.816725,0.589891,0.000000
policy2,Policy 2,36,3.600,replay,0.988865,0.053180,10,2.170003,0.000000,0.400277,0.410320,,,69.769652,127.816725,0.545857,0.000000
policy3,Policy 3,36,3.600,replay,0.988865,0.053180,10,2.170003,0.000000,0.400277,0.410320,,,77.780070,127.816725,0.608528,0.000000
kubernetes-default,K8s default,37,3.700,replay,1.034256,0.047299,10,2.177922,0.000000,0.398727,0.406919,,,80.633648,128.297323,0.628490,0.000000
cga,CGA,37,3.700,replay,1.034256,0.047299,10,2.177922,0.000000,0.398727,0.406919,,,79.793896,128.297323,0.621945,0.000000
hda,HDA,37,3.700,replay,1.034256,0.047299,10,2.177922,0.000000,0.398727,0.406919,,,76.314474,128.297323,0.594825,0.000000
policy2,Policy 2,37,3.700,replay,1.034256,0.047299,10,2.177922,0.000000,0.398727,0.406919,,,75.691319,128.297323,0.589968,0.000000
policy3,Policy 3,37,3.700,replay,1.034256,0.047299,10,2.177922,0.000000,0.398727,0.406919,,,68.870731,128.297323,0.536806,0.000000
kubernetes-default,K8s default,38,3.800,replay,1.032812,0.003712,10,2.185605,0.000000,0.397197,0.403429,,,76.932920,128.775111,0.597421,0.000000
cga,CGA,38,3.800,replay,1.032812,0.003712,10,2.185605,0.000000,0.397197,0.403429,,,75.313295,128.775111,0.584844,0.000000
hda,HDA,38,3.800,replay,1.032812,0.003712,10,2.185605,0.000000,0.397197,0.403429,,,74.725127,128.775111,0.580276,0.000000
policy2,Policy 2,38,3.800,replay,1.032812,0.003712,10,2.185605,0.000000,0.397197,0.403429,,,73.200091,128.775111,0.568434,0.000000
policy3,Policy 3,38,3.800,replay,1.032812,0.003712,10,2.185605,0.000000,0.397197,0.403429,,,78.225938,128.775111,0.607462,0.000000
kubernetes-default,K8s default,39,3.900,replay,0.978712,0.049048,10,2.193059,0.000000,0.395688,0.399849,,,81.028348,129.250131,0.626911,0.000000
cga,CGA,39,3.900,replay,0.978712,0.049048,10,2.193059,0.000000,0.395688,0.399849,,,73.426637,129.250131,0.568097,0.000000
hda,HDA,39,3.900,replay,0.978712,0.049048,10,2.193059,0.000000,0.395688,0.399849,,,68.555387,129.250131,0.530409,0.000000
policy2,Policy 2,39,3.900,replay,0.978712,0.049048,10,2.193059,0.000000,0.395688,0.399849,,,76.499509,129.250131,0.591872,0.000000
policy3,Policy 3,39,3.900,replay,0.978712,0.049048,10,2.193059,0.000000,0.395688,0.399849,,,68.501179,129.250131,0.529989,0.000000
kubernetes-default,K8s default,40,4.000,replay,1.026541,0.049907,10,2.200290,0.000000,0.394199,0.396182,,,85.716150,129.722427,0.660766,0.000000
cga,CGA,40,4.000,replay,1.026541,0.049907,10,2.200290,0.000000,0.394199,0.396182,,,75.649928,129.722427,0.583168,0.000000
hda,HDA,40,4.000,replay,1.026541,0.049907,10,2.200290,0.000000,0.394199,0.396182,,,74.845136,129.722427,0.576964,0.000000
policy2,Policy 2,40,4.000,replay,1.026541,0.049907,10,2.200290,0.000000,0.394199,0.396182,,,75.847767,129.722427,0.584693,0.000000
policy3,Policy 3,40,4.000,replay,1.026541,0.049907,10,2.200290,0.000000,0.394199,0.396182,,,72.912494,129.722427,0.562065,0.000000
kubernetes-default,K8s default,41,4.100,replay,1.036085,0.012626,10,2.207304,0.000000,0.392730,0.392429,,,79.507334,130.192042,0.610693,0.000000
cga,CGA,41,4.100,replay,1.036085,0.012626,10,2.207304,0.000000,0.392730,0.392429,,,72.761416,130.192042,0.558878,0.000000
hda,HDA,41,4.100,replay,1.036085,0.012626,10,2.207304,0.000000,0.392730,0.392429,,,68.841372,130.192042,0.528768,0.000000
policy2,Policy 2,41,4.100,replay,1.036085,0.012626,10,2.207304,0.000000,0.392730,0.392429,,,68.147124,130.192042,0.523435,0.000000
policy3,Policy 3,41,4.100,replay,1.036085,0.012626,10,2.207304,0.000000,0.392730,0.392429,,,69.044372,130.192042,0.530327,0.000000
kubernetes-default,K8s default,42,4.200,replay,0.992743,0.038547,10,2.214106,0.000000,0.391279,0.388591,,,80.605436,130.659021,0.616914,0.000000
cga,CGA,42,4.200,replay,0.992743,0.038547,10,2.214106,0.000000,0.391279,0.388591,,,78.937276,130.659021,0.604147,0.000000
hda,HDA,42,4.200,replay,0.992743,0.038547,10,2.214106,0.000000,0.391279,0.388591,,,70.013309,130.659021,0.535847,0.000000
policy2,Policy 2,42,4.200,replay,0.992743,0.038547,10,2.214106,0.000000,0.391279,0.388591,,,77.314438,130.659021,0.591727,0.000000
policy3,Policy 3,42,4.200,replay,0.992743,0.038547,10,2.214106,0.000000,0.391279,0.388591,,,76.583494,130.659021,0.586132,0.000000
kubernetes-default,K8s default,43,4.300,replay,0.998988,0.009710,10,2.220703,0.000000,0.389848,0.384670,,,82.013046,131.123408,0.625465,0.000000
cga,CGA,43,4.300,replay,0.998988,0.009710,10,2.220703,0.000000,0.389848,0.384670,,,74.050401,131.123408,0.564738,0.000000
hda,HDA,43,4.300,replay,0.998988,0.009710,10,2.220703,0.000000,0.389848,0.384670,,,67.935030,131.123408,0.518100,0.000000
policy2,Policy 2,43,4.300,replay,0.998988,0.009710,10,2.220703,0.000000,0.389848,0.384670,,,74.710473,131.123408,0.569772,0.000000
policy3,Policy 3,43,4.300,replay,0.998988,0.009710,10,2.220703,0.000000,0.389848,0.384670,,,70.596535,131.123408,0.538398,0.000000
kubernetes-default,K8s default,44,4.400,replay,1.035066,0.038101,10,2.227100,0.000000,0.388434,0.380666,,,86.966804,131.585248,0.660916,0.000000
cga,CGA,44,4.400,replay,1.035066,0.038101,10,2.227100,0.000000,0.388434,0.380666,,,79.154820,131.585248,0.601548,0.000000
hda,HDA,44,4.400,replay,1.035066,0.038101,10,2.227100,0.000000,0.388434,0.380666,,,72.737556,131.585248,0.552779,0.000000
policy2,Policy 2,44,4.400,replay,1.035066,0.038101,10,2.227100,0.000000,0.388434,0.380666,,,73.824273,131.585248,0.561038,0.000000
policy3,Policy 3,44,4.400,replay,1.035066,0.038101,10,2.227100,0.000000,0.388434,0.380666,,,76.142262,131.585248,0.578653,0.000000
kubernetes-default,K8s default,45,4.500,replay,1.049326,0.016879,10,2.233302,0.000000,0.387039,0.376582,,,80.247634,132.044587,0.607731,0.000000
cga,CGA,45,4.500,replay,1.049326,0.016879,10,2.233302,0.000000,0.387039,0.376582,,,75.553613,132.044587,0.572183,0.000000
hda,HDA,45,4.500,replay,1.049326,0.016879,10,2.233302,0.000000,0.387039,0.376582,,,76.819150,132.044587,0.581767,0.000000
policy2,Policy 2,45,4.500,replay,1.049326,0.016879,10,2.233302,0.000000,0.387039,0.376582,,,77.933912,132.044587,0.590209,0.000000
policy3,Policy 3,45,4.500,replay,1.049326,0.016879,10,2.233302,0.000000,0.387039,0.376582,,,78.225202,132.044587,0.592415,0.000000
kubernetes-default,K8s default,46,4.600,replay,0.969583,0.072927,10,2.239314,0.000000,0.385661,0.372417,,,83.574165,132.501468,0.630741,0.000000
cga,CGA,46,4.600,replay,0.969583,0.072927,10,2.239314,0.000000,0.385661,0.372417,,,80.724122,132.501468,0.609232,0.000000
hda,HDA,46,4.600,replay,0.969583,0.072927,10,2.239314,0.000000,0.385661,0.372417,,,76.654368,132.501468,0.578517,0.000000
policy2,Policy 2,46,4.600,replay,0.969583,0.072927,10,2.239314,0.000000,0.385661,0.372417,,,74.488989,132.501468,0.562175,0.000000
policy3,Policy 3,46,4.600,replay,0.969583,0.072927,10,2.239314,0.000000,0.385661,0.372417,,,80.456399,132.501468,0.607211,0.000000
kubernetes-default,K8s default,47,4.700,replay,0.951842,0.015065,10,2.245141,0.000000,0.384301,0.368174,,,81.209184,132.955940,0.610798,0.000000
cga,CGA,47,4.700,replay,0.951842,0.015065,10,2.245141,0.000000,0.384301,0.368174,,,76.370609,132.955940,0.574405,0.000000
hda,HDA,47,4.700,replay,0.951842,0.015065,10,2.245141,0.000000,0.384301,0.368174,,,69.444093,132.955940,0.522309,0.000000
policy2,Policy 2,47,4.700,replay,0.951842,0.015065,10,2.245141,0.000000,0.384301,0.368174,,,72.518015,132.955940,0.545429,0.000000
policy3,Policy 3,47,4.700,replay,0.951842,0.015065,10,2.245141,0.000000,0.384301,0.368174,,,74.978782,132.955940,0.563937,0.000000
kubernetes-default,K8s default,48,4.800,replay,1.014821,0.065115,10,2.250788,0.000000,0.382957,0.363853,,,89.512312,133.408047,0.670966,0.000000
cga,CGA,48,4.800,replay,1.014821,0.065115,10,2.250788,0.000000,0.382957,0.363853,,,81.201139,133.408047,0.608667,0.000000
hda,HDA,48,4.800,replay,1.014821,0.065115,10,2.250788,0.000000,0.382957,0.363853,,,78.889630,133.408047,0.591341,0.000000
policy2,Policy 2,48,4.800,replay,1.014821,0.065115,10,2.250788,0.000000,0.382957,0.363853,,,78.142076,133.408047,0.585737,0.000000
policy3,Policy 3,48,4.800,replay,1.014821,0.065115,10,2.250788,0.000000,0.382957,0.363853,,,83.400207,133.408047,0.625151,0.000000
kubernetes-default,K8s default,49,4.900,replay,0.989394,0.021894,10,2.256259,0.000000,0.381630,0.359457,,,84.650383,133.857836,0.632390,0.000000
cga,CGA,49,4.900,replay,0.989394,0.021894,10,2.256259,0.000000,0.381630,0.359457,,,76.189752,133.857836,0.569184,0.000000
hda,HDA,49,4.900,replay,0.989394,0.021894,10,2.256259,0.000000,0.381630,0.359457,,,75.239930,133.857836,0.562088,0.000000
policy2,Policy 2,49,4.900,replay,0.989394,0.021894,10,2.256259,0.000000,0.381630,0.359457,,,76.255064,133.857836,0.569672,0.000000
policy3,Policy 3,49,4.900,replay,0.989394,0.021894,10,2.256259,0.000000,0.381630,0.359457,,,72.562798,133.857836,0.542089,0.000000
kubernetes-default,K8s default,50,5.000,replay,0.947055,0.039712,10,2.261559,0.000000,0.380319,0.354985,,,84.685222,134.305353,0.630542,0.000000
cga,CGA,50,5.000,replay,0.947055,0.039712,10,2.261559,0.000000,0.380319,0.354985,,,78.191821,134.305353,0.582194,0.000000
hda,HDA,50,5.000,replay,0.947055,0.039712,10,2.261559,0.000000,0.380319,0.354985,,,75.956949,134.305353,0.565554,0.000000
policy2,Policy 2,50,5.000,replay,0.947055,0.039712,10,2.261559,0.000000,0.380319,0.354985,,,76.080819,134.305353,0.566476,0.000000
policy3,Policy 3,50,5.000,replay,0.947055,0.039712,10,2.261559,0.000000,0.380319,0.354985,,,71.835332,134.305353,0.534866,0.000000
kubernetes-default,K8s default,51,5.100,replay,1.030280,0.083706,10,2.266692,0.000000,0.379024,0.350439,,,88.099949,134.750645,0.653800,0.000000
cga,CGA,51,5.100,replay,1.030280,0.083706,10,2.266692,0.000000,0.379024,0.350439,,,80.595890,134.750645,0.598111,0.000000
hda,HDA,51,5.100,replay,1.030280,0.083706,10,2.266692,0.000000,0.379024,0.350439,,,77.002600,134.750645,0.571445,0.000000
policy2,Policy 2,51,5.100,replay,1.030280,0.083706,10,2.266692,0.000000,0.379024,0.350439,,,86.598755,134.750645,0.642659,0.000000
policy3,Policy 3,51,5.100,replay,1.030280,0.083706,10,2.266692,0.000000,0.379024,0.350439,,,75.032248,134.750645,0.556823,0.000000
kubernetes-default,K8s default,52,5.200,replay,0.951406,0.073626,10,2.271662,0.000000,0.377744,0.345821,,,84.869277,135.193760,0.627760,0.000000
cga,CGA,52,5.200,replay,0.951406,0.073626,10,2.271662,0.000000,0.377744,0.345821,,,77.022091,135.193760,0.569716,0.000000
hda,HDA,52,5.200,replay,0.951406,0.073626,10,2.271662,0.000000,0.377744,0.345821,,,72.663106,135.193760,0.537474,0.000000
policy2,Policy 2,52,5.200,replay,0.951406,0.073626,10,2.271662,0.000000,0.377744,0.345821,,,79.772396,135.193760,0.590060,0.000000
policy3,Policy 3,52,5.200,replay,0.951406,0.073626,10,2.271662,0.000000,0.377744,0.345821,,,71.447406,135.193760,0.528482,0.000000
kubernetes-default,K8s default,53,5.300,replay,0.987303,0.039384,10,2.276474,0.000000,0.376480,0.341131,,,88.147999,135.634744,0.649892,0.000000
cga,CGA,53,5.300,replay,0.987303,0.039384,10,2.276474,0.000000,0.376480,0.341131,,,78.121533,135.634744,0.575970,0.000000
hda,HDA,53,5.300,replay,0.987303,0.039384,10,2.276474,0.000000,0.376480,0.341131,,,73.199969,135.634744,0.539684,0.000000
policy2,Policy 2,53,5.300,replay,0.987303,0.039384,10,2.276474,0.000000,0.376480,0.341131,,,76.635215,135.634744,0.565012,0.000000
policy3,Policy 3,53,5.300,replay,0.987303,0.039384,10,2.276474,0.000000,0.376480,0.341131,,,78.966798,135.634744,0.582202,0.000000
kubernetes-default,K8s default,54,5.400,replay,0.938690,0.046265,10,2.281130,0.000000,0.375231,0.336370,,,88.762373,136.073644,0.652311,0.000000
cga,CGA,54,5.400,replay,0.938690,0.046265,10,2.281130,0.000000,0.375231,0.336370,,,82.714561,136.073644,0.607866,0.000000
hda,HDA,54,5.400,replay,0.938690,0.046265,10,2.281130,0.000000,0.375231,0.336370,,,73.519870,136.073644,0.540295,0.000000
policy2,Policy 2,54,5.400,replay,0.938690,0.046265,10,2.281130,0.000000,0.375231,0.336370,,,75.001803,136.073644,0.551185,0.000000
policy3,Policy 3,54,5.400,replay,0.938690,0.046265,10,2.281130,0.000000,0.375231,0.336370,,,76.223624,136.073644,0.560164,0.000000
kubernetes-default,K8s default,55,5.500,replay,1.009642,0.073153,10,2.285635,0.000000,0.373996,0.331539,,,88.027059,136.510509,0.644837,0.000000
cga,CGA,55,5.500,replay,1.009642,0.073153,10,2.285635,0.000000,0.373996,0.331539,,,79.727004,136.510509,0.584036,0.000000
hda,HDA,55,5.500,replay,1.009642,0.073153,10,2.285635,0.000000,0.373996,0.331539,,,82.615542,136.510509,0.605195,0.000000
policy2,Policy 2,55,5.500,replay,1.009642,0.073153,10,2.285635,0.000000,0.373996,0.331539,,,82.877761,136.510509,0.607116,0.000000
policy3,Policy 3,55,5.500,replay,1.009642,0.073153,10,2.285635,0.000000,0.373996,0.331539,,,80.861845,136.510509,0.592349,0.000000
kubernetes-default,K8s default,56,5.600,replay,0.955367,0.050838,10,2.289993,0.000000,0.372775,0.326640,,,86.628081,136.945386,0.632574,0.000000
cga,CGA,56,5.600,replay,0.955367,0.050838,10,2.289993,0.000000,0.372775,0.326640,,,77.160596,136.945386,0.563441,0.000000
hda,HDA,56,5.600,replay,0.955367,0.050838,10,2.289993,0.000000,0.372775,0.326640,,,77.866077,136.945386,0.568592,0.000000
policy2,Policy 2,56,5.600,replay,0.955367,0.050838,10,2.289993,0.000000,0.372775,0.326640,,,80.097761,136.945386,0.584888,0.000000
policy3,Policy 3,56,5.600,replay,0.955367,0.050838,10,2.289993,0.000000,0.372775,0.326640,,,75.272197,136.945386,0.549651,0.000000
kubernetes-default,K8s default,57,5.700,replay,0.927286,0.026420,10,2.294207,0.000000,0.371569,0.321673,,,88.471727,137.378322,0.644001,0.000000
cga,CGA,57,5.700,replay,0.927286,0.026420,10,2.294207,0.000000,0.371569,0.321673,,,78.495998,137.378322,0.571386,0.000000
hda,HDA,57,5.700,replay,0.927286,0.026420,10,2.294207,0.000000,0.371569,0.321673,,,76.552327,137.378322,0.557237,0.000000
policy2,Policy 2,57,5.700,replay,0.927286,0.026420,10,2.294207,0.000000,0.371569,0.321673,,,77.577066,137.378322,0.564697,0.000000
policy3,Policy 3,57,5.700,replay,0.927286,0.026420,10,2.294207,0.000000,0.371569,0.321673,,,70.691336,137.378322,0.514574,0.000000
kubernetes-default,K8s default,58,5.800,replay,0.979394,0.056078,10,2.298279,0.000000,0.370376,0.316639,,,88.155543,137.809366,0.639692,0.000000
cga,CGA,58,5.800,replay,0.979394,0.056078,10,2.298279,0.000000,0.370376,0.316639,,,81.439808,137.809366,0.590960,0.000000
hda,HDA,58,5.800,replay,0.979394,0.056078,10,2.298279,0.000000,0.370376,0.316639,,,76.251519,137.809366,0.553312,0.000000
policy2,Policy 2,58,5.800,replay,0.979394,0.056078,10,2.298279,0.000000,0.370376,0.316639,,,81.763668,137.809366,0.593310,0.000000
policy3,Policy 3,58,5.800,replay,0.979394,0.056078,10,2.298279,0.000000,0.370376,0.316639,,,77.819121,137.809366,0.564687,0.000000
kubernetes-default,K8s default,59,5.900,replay,0.922468,0.055275,10,2.302215,0.000000,0.369196,0.311539,,,88.031186,138.238566,0.636806,0.000000
cga,CGA,59,5.900,replay,0.922468,0.055275,10,2.302215,0.000000,0.369196,0.311539,,,83.256462,138.238566,0.602267,0.000000
hda,HDA,59,5.900,replay,0.922468,0.055275,10,2.302215,0.000000,0.369196,0.311539,,,73.261931,138.238566,0.529967,0.000000
policy2,Policy 2,59,5.900,replay,0.922468,0.055275,10,2.302215,0.000000,0.369196,0.311539,,,74.814548,138.238566,0.541199,0.000000
policy3,Policy 3,59,5.900,replay,0.922468,0.055275,10,2.302215,0.000000,0.369196,0.311539,,,79.521895,138.238566,0.575251,0.000000
kubernetes-default,K8s default,60,6.000,replay,0.899475,0.021995,10,2.306016,0.000000,0.368030,0.306374,,,85.145085,138.665970,0.614030,0.000000
cga,CGA,60,6.000,replay,0.899475,0.021995,10,2.306016,0.000000,0.368030,0.306374,,,79.496019,138.665970,0.573291,0.000000
hda,HDA,60,6.000,replay,0.899475,0.021995,10,2.306016,0.000000,0.368030,0.306374,,,74.805775,138.665970,0.539467,0.000000
policy2,Policy 2,60,6.000,replay,0.899475,0.021995,10,2.306016,0.000000,0.368030,0.306374,,,71.482967,138.665970,0.515505,0.000000
policy3,Policy 3,60,6.000,replay,0.899475,0.021995,10,2.306016,0.000000,0.368030,0.306374,,,73.825515,138.665970,0.532398,0.000000
kubernetes-default,K8s default,61,6.100,replay,0.920572,0.025828,10,2.309686,0.000000,0.366876,0.301145,,,82.158329,139.091626,0.590678,0.000000
cga,CGA,61,6.100,replay,0.920572,0.025828,10,2.309686,0.000000,0.366876,0.301145,,,78.781199,139.091626,0.566398,0.000000
hda,HDA,61,6.100,replay,0.920572,0.025828,10,2.309686,0.000000,0.366876,0.301145,,,80.303818,139.091626,0.577345,0.000000
policy2,Policy 2,61,6.100,replay,0.920572,0.025828,10,2.309686,0.000000,0.366876,0.301145,,,73.606342,139.091626,0.529193,0.000000
policy3,Policy 3,61,6.100,replay,0.920572,0.025828,10,2.309686,0.000000,0.366876,0.301145,,,75.509703,139.091626,0.542877,0.000000
kubernetes-default,K8s default,62,6.200,replay,0.967906,0.051719,10,2.313228,0.000000,0.365736,0.295853,,,88.835665,139.515583,0.636744,0.000000
cga,CGA,62,6.200,replay,0.967906,0.051719,10,2.313228,0.000000,0.365736,0.295853,,,83.599853,139.515583,0.599215,0.000000
hda,HDA,62,6.200,replay,0.967906,0.051719,10,2.313228,0.000000,0.365736,0.295853,,,79.932955,139.515583,0.572932,0.000000
policy2,Policy 2,62,6.200,replay,0.967906,0.051719,10,2.313228,0.000000,0.365736,0.295853,,,76.637005,139.515583,0.549308,0.000000
policy3,Policy 3,62,6.200,replay,0.967906,0.051719,10,2.313228,0.000000,0.365736,0.295853,,,81.811051,139.515583,0.586394,0.000000
kubernetes-default,K8s default,63,6.300,replay,0.882787,0.085249,10,2.316644,0.000000,0.364607,0.290497,,,88.820712,139.937890,0.634715,0.000000
cga,CGA,63,6.300,replay,0.882787,0.085249,10,2.316644,0.000000,0.364607,0.290497,,,76.478234,139.937890,0.546516,0.000000
hda,HDA,63,6.300,replay,0.882787,0.085249,10,2.316644,0.000000,0.364607,0.290497,,,73.824837,139.937890,0.527554,0.000000
policy2,Policy 2,63,6.300,replay,0.882787,0.085249,10,2.316644,0.000000,0.364607,0.290497,,,78.794961,139.937890,0.563071,0.000000
policy3,Policy 3,63,6.300,replay,0.882787,0.085249,10,2.316644,0.000000,0.364607,0.290497,,,82.005887,139.937890,0.586016,0.000000
kubernetes-default,K8s default,64,6.400,replay,0.942329,0.065927,10,2.319937,0.000000,0.363490,0.285080,,,87.083310,140.358594,0.620434,0.000000
cga,CGA,64,6.400,replay,0.942329,0.065927,10,2.319937,0.000000,0.363490,0.285080,,,84.835145,140.358594,0.604417,0.000000
hda,HDA,64,6.400,replay,0.942329,0.065927,10,2.319937,0.000000,0.363490,0.285080,,,76.986629,140.358594,0.548500,0.000000
policy2,Policy 2,64,6.400,replay,0.942329,0.065927,10,2.319937,0.000000,0.363490,0.285080,,,79.809850,140.358594,0.568614,0.000000
policy3,Policy 3,64,6.400,replay,0.942329,0.065927,10,2.319937,0.000000,0.363490,0.285080,,,80.793756,140.358594,0.575624,0.000000
kubernetes-default,K8s default,65,6.500,replay,0.902726,0.039231,10,2.323111,0.000000,0.362419,0.279602,,,82.940887,140.777744,0.589162,0.000000
cga,CGA,65,6.500,replay,0.902726,0.039231,10,2.323111,0.000000,0.362419,0.279602,,,82.844339,140.777744,0.588476,0.000000
hda,HDA,65,6.500,replay,0.902726,0.039231,10,2.323111,0.000000,0.362419,0.279602,,,74.055374,140.777744,0.526045,0.000000
policy2,Policy 2,65,6.500,replay,0.902726,0.039231,10,2.323111,0.000000,0.362419,0.279602,,,74.631504,140.777744,0.530137,0.000000
policy3,Policy 3,65,6.500,replay,0.902726,0.039231,10,2.323111,0.000000,0.362419,0.279602,,,82.036689,140.777744,0.582739,0.000000
kubernetes-default,K8s default,66,6.600,replay,0.943392,0.045875,10,2.326167,0.000000,0.361380,0.274063,,,86.180116,141.195391,0.610361,0.000000
cga,CGA,66,6.600,replay,0.943392,0.045875,10,2.326167,0.000000,0.361380,0.274063,,,81.999378,141.195391,0.580751,0.000000
hda,HDA,66,6.600,replay,0.943392,0.045875,10,2.326167,0.000000,0.361380,0.274063,,,74.234289,141.195391,0.525756,0.000000
policy2,Policy 2,66,6.600,replay,0.943392,0.045875,10,2.326167,0.000000,0.361380,0.274063,,,78.849262,141.195391,0.558441,0.000000
policy3,Policy 3,66,6.600,replay,0.943392,0.045875,10,2.326167,0.000000,0.361380,0.274063,,,81.050362,141.195391,0.574030,0.000000
kubernetes-default,K8s default,67,6.700,replay,0.891963,0.051786,10,2.329107,0.000000,0.360351,0.268464,,,89.815547,141.611581,0.634239,0.000000
cga,CGA,67,6.700,replay,0.891963,0.051786,10,2.329107,0.000000,0.360351,0.268464,,,84.397313,141.611581,0.595977,0.000000
hda,HDA,67,6.700,replay,0.891963,0.051786,10,2.329107,0.000000,0.360351,0.268464,,,79.363882,141.611581,0.560434,0.000000
policy2,Policy 2,67,6.700,replay,0.891963,0.051786,10,2.329107,0.000000,0.360351,0.268464,,,76.493929,141.611581,0.540167,0.000000
policy3,Policy 3,67,6.700,replay,0.891963,0.051786,10,2.329107,0.000000,0.360351,0.268464,,,81.107709,141.611581,0.572748,0.000000
kubernetes-default,K8s default,68,6.800,replay,0.871918,0.019665,10,2.331936,0.000000,0.359332,0.262806,,,87.271609,142.026364,0.614475,0.000000
cga,CGA,68,6.800,replay,0.871918,0.019665,10,2.331936,0.000000,0.359332,0.262806,,,79.911136,142.026364,0.562650,0.000000
hda,HDA,68,6.800,replay,0.871918,0.019665,10,2.331936,0.000000,0.359332,0.262806,,,74.244359,142.026364,0.522751,0.000000
policy2,Policy 2,68,6.800,replay,0.871918,0.019665,10,2.331936,0.000000,0.359332,0.262806,,,77.997395,142.026364,0.549175,0.000000
policy3,Policy 3,68,6.800,replay,0.871918,0.019665,10,2.331936,0.000000,0.359332,0.262806,,,74.093931,142.026364,0.521691,0.000000
kubernetes-default,K8s default,69,6.900,replay,0.904008,0.038245,10,2.334653,0.000000,0.358323,0.257088,,,87.404209,142.439790,0.613622,0.000000
cga,CGA,69,6.900,replay,0.904008,0.038245,10,2.334653,0.000000,0.358323,0.257088,,,82.477192,142.439790,0.579032,0.000000
hda,HDA,69,6.900,replay,0.904008,0.038245,10,2.334653,0.000000,0.358323,0.257088,,,81.005641,142.439790,0.568701,0.000000
policy2,Policy 2,69,6.900,replay,0.904008,0.038245,10,2.334653,0.000000,0.358323,0.257088,,,79.791079,142.439790,0.560174,0.000000
policy3,Policy 3,69,6.900,replay,0.904008,0.038245,10,2.334653,0.000000,0.358323,0.257088,,,77.929464,142.439790,0.547105,0.000000
kubernetes-default,K8s default,70,7.000,replay,0.877641,0.026407,10,2.337263,0.000000,0.357323,0.251313,,,85.666860,142.851906,0.599690,0.000000
cga,CGA,70,7.000,replay,0.877641,0.026407,10,2.337263,0.000000,0.357323,0.251313,,,77.462448,142.851906,0.542257,0.000000
hda,HDA,70,7.000,replay,0.877641,0.026407,10,2.337263,0.000000,0.357323,0.251313,,,73.226412,142.851906,0.512604,0.000000
policy2,Policy 2,70,7.000,replay,0.877641,0.026407,10,2.337263,0.000000,0.357323,0.251313,,,82.436821,142.851906,0.577079,0.000000
policy3,Policy 3,70,7.000,replay,0.877641,0.026407,10,2.337263,0.000000,0.357323,0.251313,,,77.408066,142.851906,0.541876,0.000000
kubernetes-default,K8s default,71,7.100,replay,0.822898,0.059722,10,2.339766,0.000000,0.356333,0.245480,,,87.650671,143.262762,0.611818,0.000000
cga,CGA,71,7.100,replay,0.822898,0.059722,10,2.339766,0.000000,0.356333,0.245480,,,79.361922,143.262762,0.553961,0.000000
hda,HDA,71,7.100,replay,0.822898,0.059722,10,2.339766,0.000000,0.356333,0.245480,,,78.871681,143.262762,0.550539,0.000000
policy2,Policy 2,71,7.100,replay,0.822898,0.059722,10,2.339766,0.000000,0.356333,0.245480,,,76.906039,143.262762,0.536818,0.000000
policy3,Policy 3,71,7.100,replay,0.822898,0.059722,10,2.339766,0.000000,0.356333,0.245480,,,75.148266,143.262762,0.524548,0.000000
kubernetes-default,K8s default,72,7.200,replay,0.889112,0.077070,10,2.342165,0.000000,0.355351,0.239589,,,94.987599,143.672407,0.661140,0.000000
cga,CGA,72,7.200,replay,0.889112,0.077070,10,2.342165,0.000000,0.355351,0.239589,,,87.210044,143.672407,0.607006,0.000000
hda,HDA,72,7.200,replay,0.889112,0.077070,10,2.342165,0.000000,0.355351,0.239589,,,78.629321,143.672407,0.547282,0.000000
policy2,Policy 2,72,7.200,replay,0.889112,0.077070,10,2.342165,0.000000,0.355351,0.239589,,,82.484982,143.672407,0.574118,0.000000
policy3,Policy 3,72,7.200,replay,0.889112,0.077070,10,2.342165,0.000000,0.355351,0.239589,,,84.279729,143.672407,0.586610,0.000000
kubernetes-default,K8s default,73,7.300,replay,0.883297,0.004781,10,2.344462,0.000000,0.354379,0.233641,,,84.717439,144.080891,0.587985,0.000000
cga,CGA,73,7.300,replay,0.883297,0.004781,10,2.344462,0.000000,0.354379,0.233641,,,77.376251,144.080891,0.537033,0.000000
hda,HDA,73,7.300,replay,0.883297,0.004781,10,2.344462,0.000000,0.354379,0.233641,,,76.396826,144.080891,0.530236,0.000000
policy2,Policy 2,73,7.300,replay,0.883297,0.004781,10,2.344462,0.000000,0.354379,0.233641,,,79.521124,144.080891,0.551920,0.000000
policy3,Policy 3,73,7.300,replay,0.883297,0.004781,10,2.344462,0.000000,0.354379,0.233641,,,77.406310,144.080891,0.537242,0.000000
kubernetes-default,K8s default,74,7.400,replay,0.883761,0.003601,10,2.346659,0.000000,0.353415,0.227637,,,84.497279,144.488262,0.584804,0.000000
cga,CGA,74,7.400,replay,0.883761,0.003601,10,2.346659,0.000000,0.353415,0.227637,,,77.520504,144.488262,0.536518,0.000000
hda,HDA,74,7.400,replay,0.883761,0.003601,10,2.346659,0.000000,0.353415,0.227637,,,77.481402,144.488262,0.536247,0.000000
policy2,Policy 2,74,7.400,replay,0.883761,0.003601,10,2.346659,0.000000,0.353415,0.227637,,,80.028568,144.488262,0.553876,0.000000
policy3,Policy 3,74,7.400,replay,0.883761,0.003601,10,2.346659,0.000000,0.353415,0.227637,,,80.058010,144.488262,0.554080,0.000000
kubernetes-default,K8s default,75,7.500,replay,0.880190,0.003609,10,2.348757,0.000000,0.352460,0.221577,,,83.338698,144.894569,0.575168,0.000000
cga,CGA,75,7.500,replay,0.880190,0.003609,10,2.348757,0.000000,0.352460,0.221577,,,82.952599,144.894569,0.572503,0.000000
hda,HDA,75,7.500,replay,0.880190,0.003609,10,2.348757,0.000000,0.352460,0.221577,,,74.545971,144.894569,0.514484,0.000000
policy2,Policy 2,75,7.500,replay,0.880190,0.003609,10,2.348757,0.000000,0.352460,0.221577,,,74.811610,144.894569,0.516318,0.000000
policy3,Policy 3,75,7.500,replay,0.880190,0.003609,10,2.348757,0.000000,0.352460,0.221577,,,78.030003,144.894569,0.538530,0.000000
kubernetes-default,K8s default,76,7.600,replay,0.829598,0.054871,10,2.350758,0.000000,0.351513,0.215460,,,88.058872,145.299861,0.606049,0.000000
cga,CGA,76,7.600,replay,0.829598,0.054871,10,2.350758,0.000000,0.351513,0.215460,,,82.767076,145.299861,0.569629,0.000000
hda,HDA,76,7.600,replay,0.829598,0.054871,10,2.350758,0.000000,0.351513,0.215460,,,72.688196,145.299861,0.500263,0.000000
policy2,Policy 2,76,7.600,replay,0.829598,0.054871,10,2.350758,0.000000,0.351513,0.215460,,,76.259815,145.299861,0.524844,0.000000
policy3,Policy 3,76,7.600,replay,0.829598,0.054871,10,2.350758,0.000000,0.351513,0.215460,,,79.003183,145.299861,0.543725,0.000000
kubernetes-default,K8s default,77,7.700,replay,0.794941,0.039135,10,2.352664,0.000000,0.350574,0.209288,,,80.735626,145.704189,0.554106,0.000000
cga,CGA,77,7.700,replay,0.794941,0.039135,10,2.352664,0.000000,0.350574,0.209288,,,74.120987,145.704189,0.508709,0.000000
hda,HDA,77,7.700,replay,0.794941,0.039135,10,2.352664,0.000000,0.350574,0.209288,,,77.813991,145.704189,0.534055,0.000000
policy2,Policy 2,77,7.700,replay,0.794941,0.039135,10,2.352664,0.000000,0.350574,0.209288,,,76.101205,145.704189,0.522299,0.000000
policy3,Policy 3,77,7.700,replay,0.794941,0.039135,10,2.352664,0.000000,0.350574,0.209288,,,82.494619,145.704189,0.566179,0.000000
kubernetes-default,K8s default,78,7.800,replay,0.850148,0.067498,10,2.354477,0.000000,0.349643,0.203061,,,86.312236,146.107601,0.590744,0.000000
cga,CGA,78,7.800,replay,0.850148,0.067498,10,2.354477,0.000000,0.349643,0.203061,,,85.411949,146.107601,0.584583,0.000000
hda,HDA,78,7.800,replay,0.850148,0.067498,10,2.354477,0.000000,0.349643,0.203061,,,76.282400,146.107601,0.522097,0.000000
policy2,Policy 2,78,7.800,replay,0.850148,0.067498,10,2.354477,0.000000,0.349643,0.203061,,,84.901240,146.107601,0.581087,0.000000
policy3,Policy 3,78,7.800,replay,0.850148,0.067498,10,2.354477,0.000000,0.349643,0.203061,,,83.223042,146.107601,0.569601,0.000000
kubernetes-default,K8s default,79,7.900,replay,0.819663,0.033222,10,2.356197,0.000000,0.348719,0.196778,,,85.240281,146.510146,0.581805,0.000000
cga,CGA,79,7.900,replay,0.819663,0.033222,10,2.356197,0.000000,0.348719,0.196778,,,76.993863,146.510146,0.525519,0.000000
hda,HDA,79,7.900,replay,0.819663,0.033222,10,2.356197,0.000000,0.348719,0.196778,,,82.036337,146.510146,0.559936,0.000000
policy2,Policy 2,79,7.900,replay,0.819663,0.033222,10,2.356197,0.000000,0.348719,0.196778,,,83.170881,146.510146,0.567680,0.000000
policy3,Policy 3,79,7.900,replay,0.819663,0.033222,10,2.356197,0.000000,0.348719,0.196778,,,75.457847,146.510146,0.515035,0.000000
kubernetes-default,K8s default,80,8.000,replay,0.762127,0.067662,10,2.357826,0.000000,0.347803,0.190440,,,87.626473,146.911873,0.596456,0.000000
cga,CGA,80,8.000,replay,0.762127,0.067662,10,2.357826,0.000000,0.347803,0.190440,,,75.053634,146.911873,0.510875,0.000000
hda,HDA,80,8.000,replay,0.762127,0.067662,10,2.357826,0.000000,0.347803,0.190440,,,73.508442,146.911873,0.500357,0.000000
policy2,Policy 2,80,8.000,replay,0.762127,0.067662,10,2.357826,0.000000,0.347803,0.190440,,,75.940517,146.911873,0.516912,0.000000
policy3,Policy 3,80,8.000,replay,0.762127,0.067662,10,2.357826,0.000000,0.347803,0.190440,,,76.057346,146.911873,0.517707,0.000000
kubernetes-default,K8s default,81,8.100,replay,0.796691,0.045975,10,2.359366,0.000000,0.346895,0.184048,,,83.158046,147.312833,0.564500,0.000000
cga,CGA,81,8.100,replay,0.796691,0.045975,10,2.359366,0.000000,0.346895,0.184048,,,82.570557,147.312833,0.560512,0.000000
hda,HDA,81,8.100,replay,0.796691,0.045975,10,2.359366,0.000000,0.346895,0.184048,,,80.295488,147.312833,0.545068,0.000000
policy2,Policy 2,81,8.100,replay,0.796691,0.045975,10,2.359366,0.000000,0.346895,0.184048,,,81.239658,147.312833,0.551477,0.000000
policy3,Policy 3,81,8.100,replay,0.796691,0.045975,10,2.359366,0.000000,0.346895,0.184048,,,78.472440,147.312833,0.532692,0.000000
kubernetes-default,K8s default,82,8.200,replay,0.745394,0.061856,10,2.360818,0.000000,0.345994,0.177601,,,85.917418,147.713073,0.581651,0.000000
cga,CGA,82,8.200,replay,0.745394,0.061856,10,2.360818,0.000000,0.345994,0.177601,,,85.244564,147.713073,0.577096,0.000000
hda,HDA,82,8.200,replay,0.745394,0.061856,10,2.360818,0.000000,0.345994,0.177601,,,72.843169,147.713073,0.493140,0.000000
policy2,Policy 2,82,8.200,replay,0.745394,0.061856,10,2.360818,0.000000,0.345994,0.177601,,,80.525882,147.713073,0.545151,0.000000
policy3,Policy 3,82,8.200,replay,0.745394,0.061856,10,2.360818,0.000000,0.345994,0.177601,,,82.709322,147.713073,0.559932,0.000000
kubernetes-default,K8s default,83,8.300,replay,0.791730,0.061058,10,2.362182,0.000000,0.345099,0.171099,,,84.707855,148.112644,0.571915,0.000000
cga,CGA,83,8.300,replay,0.791730,0.061058,10,2.362182,0.000000,0.345099,0.171099,,,83.595549,148.112644,0.564405,0.000000
hda,HDA,83,8.300,replay,0.791730,0.061058,10,2.362182,0.000000,0.345099,0.171099,,,81.180571,148.112644,0.548100,0.000000
policy2,Policy 2,83,8.300,replay,0.791730,0.061058,10,2.362182,0.000000,0.345099,0.171099,,,81.824819,148.112644,0.552450,0.000000
policy3,Policy 3,83,8.300,replay,0.791730,0.061058,10,2.362182,0.000000,0.345099,0.171099,,,77.623281,148.112644,0.524083,0.000000
kubernetes-default,K8s default,84,8.400,replay,0.745131,0.056327,10,2.363461,0.000000,0.344212,0.164543,,,85.868768,148.511594,0.578196,0.000000
cga,CGA,84,8.400,replay,0.745131,0.056327,10,2.363461,0.000000,0.344212,0.164543,,,81.217712,148.511594,0.546878,0.000000
hda,HDA,84,8.400,replay,0.745131,0.056327,10,2.363461,0.000000,0.344212,0.164543,,,79.069924,148.511594,0.532416,0.000000
policy2,Policy 2,84,8.400,replay,0.745131,0.056327,10,2.363461,0.000000,0.344212,0.164543,,,82.379082,148.511594,0.554698,0.000000
policy3,Policy 3,84,8.400,replay,0.745131,0.056327,10,2.363461,0.000000,0.344212,0.164543,,,76.024545,148.511594,0.511910,0.000000
kubernetes-default,K8s default,85,8.500,replay,0.790986,0.060490,10,2.364655,0.000000,0.343331,0.157932,,,87.498239,148.909973,0.587592,0.000000
cga,CGA,85,8.500,replay,0.790986,0.060490,10,2.364655,0.000000,0.343331,0.157932,,,83.392875,148.909973,0.560022,0.000000
hda,HDA,85,8.500,replay,0.790986,0.060490,10,2.364655,0.000000,0.343331,0.157932,,,77.920986,148.909973,0.523276,0.000000
policy2,Policy 2,85,8.500,replay,0.790986,0.060490,10,2.364655,0.000000,0.343331,0.157932,,,81.441973,148.909973,0.546921,0.000000
policy3,Policy 3,85,8.500,replay,0.790986,0.060490,10,2.364655,0.000000,0.343331,0.157932,,,79.716743,148.909973,0.535335,0.000000
kubernetes-default,K8s default,86,8.600,replay,0.770502,0.023292,10,2.365764,0.000000,0.342457,0.151266,,,84.988905,149.307831,0.569219,0.000000
cga,CGA,86,8.600,replay,0.770502,0.023292,10,2.365764,0.000000,0.342457,0.151266,,,79.727875,149.307831,0.533983,0.000000
hda,HDA,86,8.600,replay,0.770502,0.023292,10,2.365764,0.000000,0.342457,0.151266,,,79.118608,149.307831,0.529903,0.000000
policy2,Policy 2,86,8.600,replay,0.770502,0.023292,10,2.365764,0.000000,0.342457,0.151266,,,76.624105,149.307831,0.513195,0.000000
policy3,Policy 3,86,8.600,replay,0.770502,0.023292,10,2.365764,0.000000,0.342457,0.151266,,,77.668519,149.307831,0.520191,0.000000
kubernetes-default,K8s default,87,8.700,replay,0.712318,0.073050,10,2.366791,0.000000,0.341589,0.144547,,,80.081249,149.705216,0.534926,0.000000
cga,CGA,87,8.700,replay,0.712318,0.073050,10,2.366791,0.000000,0.341589,0.144547,,,83.066678,149.705216,0.554868,0.000000
hda,HDA,87,8.700,replay,0.712318,0.073050,10,2.366791,0.000000,0.341589,0.144547,,,76.365579,149.705216,0.510106,0.000000
policy2,Policy 2,87,8.700,replay,0.712318,0.073050,10,2.366791,0.000000,0.341589,0.144547,,,79.332333,149.705216,0.529924,0.000000
policy3,Policy 3,87,8.700,replay,0.712318,0.073050,10,2.366791,0.000000,0.341589,0.144547,,,80.553002,149.705216,0.538077,0.000000
kubernetes-default,K8s default,88,8.800,replay,0.742064,0.042631,10,2.367736,0.000000,0.340727,0.137772,,,86.681880,150.102178,0.577486,0.000000
cga,CGA,88,8.800,replay,0.742064,0.042631,10,2.367736,0.000000,0.340727,0.137772,,,78.343667,150.102178,0.521936,0.000000
hda,HDA,88,8.800,replay,0.742064,0.042631,10,2.367736,0.000000,0.340727,0.137772,,,77.660587,150.102178,0.517385,0.000000
policy2,Policy 2,88,8.800,replay,0.742064,0.042631,10,2.367736,0.000000,0.340727,0.137772,,,83.017174,150.102178,0.553071,0.000000
policy3,Policy 3,88,8.800,replay,0.742064,0.042631,10,2.367736,0.000000,0.340727,0.137772,,,77.821135,150.102178,0.518454,0.000000
kubernetes-default,K8s default,89,8.900,replay,0.780849,0.052185,10,2.368599,0.000000,0.339871,0.130943,,,90.609633,150.498766,0.602062,0.000000
cga,CGA,89,8.900,replay,0.780849,0.052185,10,2.368599,0.000000,0.339871,0.130943,,,84.759841,150.498766,0.563193,0.000000
hda,HDA,89,8.900,replay,0.780849,0.052185,10,2.368599,0.000000,0.339871,0.130943,,,76.462303,150.498766,0.508059,0.000000
policy2,Policy 2,89,8.900,replay,0.780849,0.052185,10,2.368599,0.000000,0.339871,0.130943,,,85.173384,150.498766,0.565941,0.000000
policy3,Policy 3,89,8.900,replay,0.780849,0.052185,10,2.368599,0.000000,0.339871,0.130943,,,82.101561,150.498766,0.545530,0.000000
kubernetes-default,K8s default,90,9.000,replay,0.715025,0.081874,10,2.369381,0.000000,0.339022,0.124060,,,84.039249,150.895030,0.556938,0.000000
cga,CGA,90,9.000,replay,0.715025,0.081874,10,2.369381,0.000000,0.339022,0.124060,,,86.774312,150.895030,0.575064,0.000000
hda,HDA,90,9.000,replay,0.715025,0.081874,10,2.369381,0.000000,0.339022,0.124060,,,79.420678,150.895030,0.526331,0.000000
policy2,Policy 2,90,9.000,replay,0.715025,0.081874,10,2.369381,0.000000,0.339022,0.124060,,,86.582569,150.895030,0.573793,0.000000
policy3,Policy 3,90,9.000,replay,0.715025,0.081874,10,2.369381,0.000000,0.339022,0.124060,,,82.636017,150.895030,0.547639,0.000000
kubernetes-default,K8s default,91,9.100,replay,0.774145,0.078800,10,2.370084,0.000000,0.338177,0.117121,,,89.495688,151.291019,0.591547,0.000000
cga,CGA,91,9.100,replay,0.774145,0.078800,10,2.370084,0.000000,0.338177,0.117121,,,88.810937,151.291019,0.587021,0.000000
hda,HDA,91,9.100,replay,0.774145,0.078800,10,2.370084,0.000000,0.338177,0.117121,,,83.445288,151.291019,0.551555,0.000000
policy2,Policy 2,91,9.100,replay,0.774145,0.078800,10,2.370084,0.000000,0.338177,0.117121,,,83.384488,151.291019,0.551153,0.000000
policy3,Policy 3,91,9.100,replay,0.774145,0.078800,10,2.370084,0.000000,0.338177,0.117121,,,80.663699,151.291019,0.533169,0.000000
kubernetes-default,K8s default,92,9.200,replay,0.697473,0.096665,10,2.370707,0.000000,0.337339,0.110128,,,90.093422,151.686781,0.593944,0.000000
cga,CGA,92,9.200,replay,0.697473,0.096665,10,2.370707,0.000000,0.337339,0.110128,,,78.620375,151.686781,0.518307,0.000000
hda,HDA,92,9.200,replay,0.697473,0.096665,10,2.370707,0.000000,0.337339,0.110128,,,78.301647,151.686781,0.516206,0.000000
policy2,Policy 2,92,9.200,replay,0.697473,0.096665,10,2.370707,0.000000,0.337339,0.110128,,,81.904722,151.686781,0.539960,0.000000
policy3,Policy 3,92,9.200,replay,0.697473,0.096665,10,2.370707,0.000000,0.337339,0.110128,,,80.227217,151.686781,0.528901,0.000000
kubernetes-default,K8s default,93,9.300,replay,0.751082,0.073813,10,2.371251,0.000000,0.336506,0.103079,,,90.874848,152.082367,0.597537,0.000000
cga,CGA,93,9.300,replay,0.751082,0.073813,10,2.371251,0.000000,0.336506,0.103079,,,85.487733,152.082367,0.562115,0.000000
hda,HDA,93,9.300,replay,0.751082,0.073813,10,2.371251,0.000000,0.336506,0.103079,,,84.239885,152.082367,0.553910,0.000000
policy2,Policy 2,93,9.300,replay,0.751082,0.073813,10,2.371251,0.000000,0.336506,0.103079,,,80.798905,152.082367,0.531284,0.000000
policy3,Policy 3,93,9.300,replay,0.751082,0.073813,10,2.371251,0.000000,0.336506,0.103079,,,80.272777,152.082367,0.527824,0.000000
kubernetes-default,K8s default,94,9.400,replay,0.727866,0.028365,10,2.371716,0.000000,0.335678,0.095976,,,89.908148,152.477826,0.589647,0.000000
cga,CGA,94,9.400,replay,0.727866,0.028365,10,2.371716,0.000000,0.335678,0.095976,,,82.455306,152.477826,0.540769,0.000000
hda,HDA,94,9.400,replay,0.727866,0.028365,10,2.371716,0.000000,0.335678,0.095976,,,78.637983,152.477826,0.515734,0.000000
policy2,Policy 2,94,9.400,replay,0.727866,0.028365,10,2.371716,0.000000,0.335678,0.095976,,,76.418981,152.477826,0.501181,0.000000
policy3,Policy 3,94,9.400,replay,0.727866,0.028365,10,2.371716,0.000000,0.335678,0.095976,,,78.913199,152.477826,0.517539,0.000000
kubernetes-default,K8s default,95,9.500,replay,0.692553,0.046022,10,2.372103,0.500000,0.334865,0.088817,,,82.563851,152.873207,0.540081,0.000000
cga,CGA,95,9.500,replay,0.692553,0.046022,10,2.372103,0.500000,0.334865,0.088817,,,82.612878,152.873207,0.540401,0.000000
hda,HDA,95,9.500,replay,0.692553,0.046022,10,2.372103,0.500000,0.334865,0.088817,,,80.494787,152.873207,0.526546,0.000000
policy2,Policy 2,95,9.500,replay,0.692553,0.046022,10,2.372103,0.500000,0.334865,0.088817,,,74.847433,152.873207,0.489605,0.000000
policy3,Policy 3,95,9.500,replay,0.692553,0.046022,10,2.372103,0.500000,0.334865,0.088817,,,78.311974,152.873207,0.512267,0.000000
kubernetes-default,K8s default,96,9.600,replay,0.745522,0.073475,10,2.372413,0.000000,0.334089,0.081602,,,89.088168,153.268559,0.581255,0.000000
cga,CGA,96,9.600,replay,0.745522,0.073475,10,2.372413,0.000000,0.334089,0.081602,,,87.850459,153.268559,0.573180,0.000000
hda,HDA,96,9.600,replay,0.745522,0.073475,10,2.372413,0.000000,0.334089,0.081602,,,81.460526,153.268559,0.531489,0.000000
policy2,Policy 2,96,9.600,replay,0.745522,0.073475,10,2.372413,0.000000,0.334089,0.081602,,,81.091007,153.268559,0.529078,0.000000
policy3,Policy 3,96,9.600,replay,0.745522,0.073475,10,2.372413,0.000000,0.334089,0.081602,,,77.017233,153.268559,0.502499,0.000000
kubernetes-default,K8s default,97,9.700,replay,0.733886,0.013034,10,2.372645,0.000000,0.333317,0.074331,,,90.164817,153.663932,0.586766,0.000000
cga,CGA,97,9.700,replay,0.733886,0.013034,10,2.372645,0.000000,0.333317,0.074331,,,85.436595,153.663932,0.555996,0.000000
hda,HDA,97,9.700,replay,0.733886,0.013034,10,2.372645,0.000000,0.333317,0.074331,,,81.307530,153.663932,0.529126,0.000000
policy2,Policy 2,97,9.700,replay,0.733886,0.013034,10,2.372645,0.000000,0.333317,0.074331,,,82.120796,153.663932,0.534418,0.000000
policy3,Policy 3,97,9.700,replay,0.733886,0.013034,10,2.372645,0.000000,0.333317,0.074331,,,83.290885,153.663932,0.542033,0.000000
kubernetes-default,K8s default,98,9.800,replay,0.692694,0.053664,10,2.372799,0.000000,0.332549,0.067005,,,82.827625,154.059374,0.537634,0.000000
cga,CGA,98,9.800,replay,0.692694,0.053664,10,2.372799,0.000000,0.332549,0.067005,,,77.883609,154.059374,0.505543,0.000000
hda,HDA,98,9.800,replay,0.692694,0.053664,10,2.372799,0.000000,0.332549,0.067005,,,78.297593,154.059374,0.508230,0.000000
policy2,Policy 2,98,9.800,replay,0.692694,0.053664,10,2.372799,0.000000,0.332549,0.067005,,,78.414703,154.059374,0.508990,0.000000
policy3,Policy 3,98,9.800,replay,0.692694,0.053664,10,2.372799,0.000000,0.332549,0.067005,,,79.788145,154.059374,0.517905,0.000000
kubernetes-default,K8s default,99,9.900,replay,0.714346,0.032833,10,2.372876,0.000000,0.331786,0.059622,,,89.840740,154.454937,0.581663,0.000000
cga,CGA,99,9.900,replay,0.714346,0.032833,10,2.372876,0.000000,0.331786,0.059622,,,77.865232,154.454937,0.504129,0.000000
hda,HDA,99,9.900,replay,0.714346,0.032833,10,2.372876,0.000000,0.331786,0.059622,,,78.454977,154.454937,0.507947,0.000000
policy2,Policy 2,99,9.900,replay,0.714346,0.032833,10,2.372876,0.000000,0.331786,0.059622,,,81.739828,154.454937,0.529215,0.000000
policy3,Policy 3,99,9.900,replay,0.714346,0.032833,10,2.372876,0.000000,0.331786,0.059622,,,77.217686,154.454937,0.499937,0.000000
kubernetes-default,K8s default,100,10.000,replay,0.682004,0.042788,10,2.372876,0.000000,0.331028,0.052182,,,83.573253,154.850667,0.539702,0.000000
cga,CGA,100,10.000,replay,0.682004,0.042788,10,2.372876,0.000000,0.331028,0.052182,,,76.035415,154.850667,0.491024,0.000000
hda,HDA,100,10.000,replay,0.682004,0.042788,10,2.372876,0.000000,0.331028,0.052182,,,79.871683,154.850667,0.515798,0.000000
policy2,Policy 2,100,10.000,replay,0.682004,0.042788,10,2.372876,0.000000,0.331028,0.052182,,,82.533734,154.850667,0.532989,0.000000
policy3,Policy 3,100,10.000,replay,0.682004,0.042788,10,2.372876,0.000000,0.331028,0.052182,,,77.970915,154.850667,0.503523,0.000000
kubernetes-default,K8s default,101,10.100,replay,0.669217,0.016195,10,2.372799,0.000000,0.330273,0.044686,,,82.368869,155.246616,0.530568,0.000000
cga,CGA,101,10.100,replay,0.669217,0.016195,10,2.372799,0.000000,0.330273,0.044686,,,85.038139,155.246616,0.547762,0.000000
hda,HDA,101,10.100,replay,0.669217,0.016195,10,2.372799,0.000000,0.330273,0.044686,,,73.880135,155.246616,0.475889,0.000000
policy2,Policy 2,101,10.100,replay,0.669217,0.016195,10,2.372799,0.000000,0.330273,0.044686,,,80.640658,155.246616,0.519436,0.000000
policy3,Policy 3,101,10.100,replay,0.669217,0.016195,10,2.372799,0.000000,0.330273,0.044686,,,80.217086,155.246616,0.516707,0.000000
kubernetes-default,K8s default,102,10.200,replay,0.619869,0.084845,9,2.372645,0.000000,0.275199,-0.026341,,,87.109808,155.642832,0.559678,0.000000
cga,CGA,102,10.200,replay,0.619869,0.084845,9,2.372645,0.000000,0.275199,-0.026341,,,81.032033,155.642832,0.520628,0.000000
hda,HDA,102,10.200,replay,0.619869,0.084845,9,2.372645,0.000000,0.275199,-0.026341,,,78.680940,155.642832,0.505522,0.000000
policy2,Policy 2,102,10.200,replay,0.619869,0.084845,9,2.372645,0.000000,0.275199,-0.026341,,,78.980414,155.642832,0.507447,0.000000
policy3,Policy 3,102,10.200,replay,0.619869,0.084845,9,2.372645,0.000000,0.275199,-0.026341,,,77.669601,155.642832,0.499025,0.000000
kubernetes-default,K8s default,103,10.300,replay,0.710195,0.142117,10,2.372413,0.000000,0.328776,0.029522,,,94.076616,156.039364,0.602903,0.000000
cga,CGA,103,10.300,replay,0.710195,0.142117,10,2.372413,0.000000,0.328776,0.029522,,,87.799810,156.039364,0.562677,0.000000
hda,HDA,103,10.300,replay,0.710195,0.142117,10,2.372413,0.000000,0.328776,0.029522,,,80.970604,156.039364,0.518911,0.000000
policy2,Policy 2,103,10.300,replay,0.710195,0.142117,10,2.372413,0.000000,0.328776,0.029522,,,84.022530,156.039364,0.538470,0.000000
policy3,Policy 3,103,10.300,replay,0.710195,0.142117,10,2.372413,0.000000,0.328776,0.029522,,,83.246307,156.039364,0.533496,0.000000
kubernetes-default,K8s default,104,10.400,replay,0.627921,0.126166,9,2.372103,0.000000,0.273069,-0.038596,,,90.362739,156.436262,0.577633,0.000000
cga,CGA,104,10.400,replay,0.627921,0.126166,9,2.372103,0.000000,0.273069,-0.038596,,,83.428685,156.436262,0.533308,0.000000
hda,HDA,104,10.400,replay,0.627921,0.126166,9,2.372103,0.000000,0.273069,-0.038596,,,78.310930,156.436262,0.500593,0.000000
policy2,Policy 2,104,10.400,replay,0.627921,0.126166,9,2.372103,0.000000,0.273069,-0.038596,,,84.241742,156.436262,0.538505,0.000000
policy3,Policy 3,104,10.400,replay,0.627921,0.126166,9,2.372103,0.000000,0.273069,-0.038596,,,80.158893,156.436262,0.512406,0.000000
kubernetes-default,K8s default,105,10.500,replay,0.673035,0.082690,10,2.371716,0.000000,0.327295,0.014127,,,87.035350,156.833576,0.554954,0.000000
cga,CGA,105,10.500,replay,0.673035,0.082690,10,2.371716,0.000000,0.327295,0.014127,,,79.133993,156.833576,0.504573,0.000000
hda,HDA,105,10.500,replay,0.673035,0.082690,10,2.371716,0.000000,0.327295,0.014127,,,75.063226,156.833576,0.478617,0.000000
policy2,Policy 2,105,10.500,replay,0.673035,0.082690,10,2.371716,0.000000,0.327295,0.014127,,,79.758742,156.833576,0.508557,0.000000
policy3,Policy 3,105,10.500,replay,0.673035,0.082690,10,2.371716,0.000000,0.327295,0.014127,,,81.439660,156.833576,0.519274,0.000000
kubernetes-default,K8s default,106,10.600,replay,0.607466,0.107672,9,2.371251,0.000000,0.270965,-0.051251,,,92.334987,157.231354,0.587256,0.000000
cga,CGA,106,10.600,replay,0.607466,0.107672,9,2.371251,0.000000,0.270965,-0.051251,,,85.470319,157.231354,0.543596,0.000000
hda,HDA,106,10.600,replay,0.607466,0.107672,9,2.371251,0.000000,0.270965,-0.051251,,,79.103702,157.231354,0.503104,0.000000
policy2,Policy 2,106,10.600,replay,0.607466,0.107672,9,2.371251,0.000000,0.270965,-0.051251,,,80.523339,157.231354,0.512133,0.000000
policy3,Policy 3,106,10.600,replay,0.607466,0.107672,9,2.371251,0.000000,0.270965,-0.051251,,,82.485391,157.231354,0.524612,0.000000
kubernetes-default,K8s default,107,10.700,replay,0.665985,0.090374,9,2.370707,0.000000,0.269922,-0.057734,,,85.684092,157.629646,0.543579,0.000000
cga,CGA,107,10.700,replay,0.665985,0.090374,9,2.370707,0.000000,0.269922,-0.057734,,,84.758379,157.629646,0.537706,0.000000
hda,HDA,107,10.700,replay,0.665985,0.090374,9,2.370707,0.000000,0.269922,-0.057734,,,79.863189,157.629646,0.506651,0.000000
policy2,Policy 2,107,10.700,replay,0.665985,0.090374,9,2.370707,0.000000,0.269922,-0.057734,,,83.627922,157.629646,0.530534,0.000000
policy3,Policy 3,107,10.700,replay,0.665985,0.090374,9,2.370707,0.000000,0.269922,-0.057734,,,83.663232,157.629646,0.530758,0.000000
kubernetes-default,K8s default,108,10.800,replay,0.676411,0.018117,9,2.370084,0.000000,0.268885,-0.064324,,,85.023398,158.028500,0.538026,0.000000
cga,CGA,108,10.800,replay,0.676411,0.018117,9,2.370084,0.000000,0.268885,-0.064324,,,82.992967,158.028500,0.525177,0.000000
hda,HDA,108,10.800,replay,0.676411,0.018117,9,2.370084,0.000000,0.268885,-0.064324,,,76.972358,158.028500,0.487079,0.000000
policy2,Policy 2,108,10.800,replay,0.676411,0.018117,9,2.370084,0.000000,0.268885,-0.064324,,,81.383862,158.028500,0.514995,0.000000
policy3,Policy 3,108,10.800,replay,0.676411,0.018117,9,2.370084,0.000000,0.268885,-0.064324,,,78.364035,158.028500,0.495885,0.000000
kubernetes-default,K8s default,109,10.900,replay,0.635199,0.058344,9,2.369381,0.000000,0.267854,-0.071022,,,88.313348,158.427968,0.557435,0.000000
cga,CGA,109,10.900,replay,0.635199,0.058344,9,2.369381,0.000000,0.267854,-0.071022,,,81.878491,158.427968,0.516818,0.000000
hda,HDA,109,10.900,replay,0.635199,0.058344,9,2.369381,0.000000,0.267854,-0.071022,,,75.477743,158.427968,0.476417,0.000000
policy2,Policy 2,109,10.900,replay,0.635199,0.058344,9,2.369381,0.000000,0.267854,-0.071022,,,80.953146,158.427968,0.510978,0.000000
policy3,Policy 3,109,10.900,replay,0.635199,0.058344,9,2.369381,0.000000,0.267854,-0.071022,,,78.971154,158.427968,0.498467,0.000000
kubernetes-default,K8s default,110,11.000,replay,0.619364,0.022246,9,2.368599,0.000000,0.266828,-0.077832,,,86.313827,158.828097,0.543442,0.000000
cga,CGA,110,11.000,replay,0.619364,0.022246,9,2.368599,0.000000,0.266828,-0.077832,,,79.114772,158.828097,0.498116,0.000000
hda,HDA,110,11.000,replay,0.619364,0.022246,9,2.368599,0.000000,0.266828,-0.077832,,,79.203451,158.828097,0.498674,0.000000
policy2,Policy 2,110,11.000,replay,0.619364,0.022246,9,2.368599,0.000000,0.266828,-0.077832,,,79.747889,158.828097,0.502102,0.000000
policy3,Policy 3,110,11.000,replay,0.619364,0.022246,9,2.368599,0.000000,0.266828,-0.077832,,,79.393379,158.828097,0.499870,0.000000
kubernetes-default,K8s default,111,11.100,replay,0.632520,0.023486,9,2.367736,0.000000,0.265808,-0.084755,,,86.429380,159.228937,0.542799,0.000000
cga,CGA,111,11.100,replay,0.632520,0.023486,9,2.367736,0.000000,0.265808,-0.084755,,,85.353272,159.228937,0.536041,0.000000
hda,HDA,111,11.100,replay,0.632520,0.023486,9,2.367736,0.000000,0.265808,-0.084755,,,78.591902,159.228937,0.493578,0.000000
policy2,Policy 2,111,11.100,replay,0.632520,0.023486,9,2.367736,0.000000,0.265808,-0.084755,,,80.491842,159.228937,0.505510,0.000000
policy3,Policy 3,111,11.100,replay,0.632520,0.023486,9,2.367736,0.000000,0.265808,-0.084755,,,83.140903,159.228937,0.522147,0.000000
kubernetes-default,K8s default,112,11.200,replay,0.670369,0.059049,9,2.366791,0.000000,0.264793,-0.091794,,,91.578803,159.630537,0.573692,0.000000
cga,CGA,112,11.200,replay,0.670369,0.059049,9,2.366791,0.000000,0.264793,-0.091794,,,85.327223,159.630537,0.534529,0.000000
hda,HDA,112,11.200,replay,0.670369,0.059049,9,2.366791,0.000000,0.264793,-0.091794,,,83.103116,159.630537,0.520597,0.000000
policy2,Policy 2,112,11.200,replay,0.670369,0.059049,9,2.366791,0.000000,0.264793,-0.091794,,,84.893897,159.630537,0.531815,0.000000
policy3,Policy 3,112,11.200,replay,0.670369,0.059049,9,2.366791,0.000000,0.264793,-0.091794,,,86.376657,159.630537,0.541104,0.000000
kubernetes-default,K8s default,113,11.300,replay,0.625424,0.064479,9,2.365764,0.000000,0.263783,-0.098952,,,86.583752,160.032947,0.541037,0.000000
cga,CGA,113,11.300,replay,0.625424,0.064479,9,2.365764,0.000000,0.263783,-0.098952,,,83.118721,160.032947,0.519385,0.000000
hda,HDA,113,11.300,replay,0.625424,0.064479,9,2.365764,0.000000,0.263783,-0.098952,,,83.138590,160.032947,0.519509,0.000000
policy2,Policy 2,113,11.300,replay,0.625424,0.064479,9,2.365764,0.000000,0.263783,-0.098952,,,80.120870,160.032947,0.500652,0.000000
policy3,Policy 3,113,11.300,replay,0.625424,0.064479,9,2.365764,0.000000,0.263783,-0.098952,,,82.000398,160.032947,0.512397,0.000000
kubernetes-default,K8s default,114,11.400,replay,0.644725,0.032599,9,2.364655,0.000000,0.262778,-0.106229,,,84.844231,160.436216,0.528835,0.000000
cga,CGA,114,11.400,replay,0.644725,0.032599,9,2.364655,0.000000,0.262778,-0.106229,,,82.364933,160.436216,0.513381,0.000000
hda,HDA,114,11.400,replay,0.644725,0.032599,9,2.364655,0.000000,0.262778,-0.106229,,,78.387347,160.436216,0.488589,0.000000
policy2,Policy 2,114,11.400,replay,0.644725,0.032599,9,2.364655,0.000000,0.262778,-0.106229,,,84.083928,160.436216,0.524096,0.000000
policy3,Policy 3,114,11.400,replay,0.644725,0.032599,9,2.364655,0.000000,0.262778,-0.106229,,,81.051286,160.436216,0.505193,0.000000
kubernetes-default,K8s default,115,11.500,replay,0.647538,0.007077,9,2.363461,0.000000,0.261778,-0.113630,,,85.650545,160.840393,0.532519,0.000000
cga,CGA,115,11.500,replay,0.647538,0.007077,9,2.363461,0.000000,0.261778,-0.113630,,,84.018513,160.840393,0.522372,0.000000
hda,HDA,115,11.500,replay,0.647538,0.007077,9,2.363461,0.000000,0.261778,-0.113630,,,79.638260,160.840393,0.495138,0.000000
policy2,Policy 2,115,11.500,replay,0.647538,0.007077,9,2.363461,0.000000,0.261778,-0.113630,,,79.139830,160.840393,0.492040,0.000000
policy3,Policy 3,115,11.500,replay,0.647538,0.007077,9,2.363461,0.000000,0.261778,-0.113630,,,81.502376,160.840393,0.506728,0.000000
kubernetes-default,K8s default,116,11.600,replay,0.642293,0.005414,9,2.362182,0.000000,0.260782,-0.121156,,,88.114128,161.245527,0.546459,0.000000
cga,CGA,116,11.600,replay,0.642293,0.005414,9,2.362182,0.000000,0.260782,-0.121156,,,80.076862,161.245527,0.496614,0.000000
hda,HDA,116,11.600,replay,0.642293,0.005414,9,2.362182,0.000000,0.260782,-0.121156,,,75.029671,161.245527,0.465313,0.000000
policy2,Policy 2,116,11.600,replay,0.642293,0.005414,9,2.362182,0.000000,0.260782,-0.121156,,,81.476813,161.245527,0.505297,0.000000
policy3,Policy 3,116,11.600,replay,0.642293,0.005414,9,2.362182,0.000000,0.260782,-0.121156,,,80.824397,161.245527,0.501250,0.000000
kubernetes-default,K8s default,117,11.700,replay,0.658606,0.027447,9,2.360818,0.000000,0.259791,-0.128809,,,89.963976,161.651669,0.556530,0.000000
cga,CGA,117,11.700,replay,0.658606,0.027447,9,2.360818,0.000000,0.259791,-0.128809,,,85.817535,161.651669,0.530879,0.000000
hda,HDA,117,11.700,replay,0.658606,0.027447,9,2.360818,0.000000,0.259791,-0.128809,,,80.330845,161.651669,0.496938,0.000000
policy2,Policy 2,117,11.700,replay,0.658606,0.027447,9,2.360818,0.000000,0.259791,-0.128809,,,81.216184,161.651669,0.502415,0.000000
policy3,Policy 3,117,11.700,replay,0.658606,0.027447,9,2.360818,0.000000,0.259791,-0.128809,,,84.210136,161.651669,0.520936,0.000000
kubernetes-default,K8s default,118,11.800,replay,0.635226,0.032839,9,2.359366,0.000000,0.258805,-0.136591,,,89.944091,162.058866,0.555009,0.000000
cga,CGA,118,11.800,replay,0.635226,0.032839,9,2.359366,0.000000,0.258805,-0.136591,,,84.998178,162.058866,0.524490,0.000000
hda,HDA,118,11.800,replay,0.635226,0.032839,9,2.359366,0.000000,0.258805,-0.136591,,,81.359011,162.058866,0.502034,0.000000
policy2,Policy 2,118,11.800,replay,0.635226,0.032839,9,2.359366,0.000000,0.258805,-0.136591,,,82.866125,162.058866,0.511333,0.000000
policy3,Policy 3,118,11.800,replay,0.635226,0.032839,9,2.359366,0.000000,0.258805,-0.136591,,,80.534782,162.058866,0.496948,0.000000
kubernetes-default,K8s default,119,11.900,replay,0.568623,0.102379,9,2.357826,0.000000,0.257823,-0.144507,,,88.255252,162.467169,0.543219,0.000000
cga,CGA,119,11.900,replay,0.568623,0.102379,9,2.357826,0.000000,0.257823,-0.144507,,,83.150383,162.467169,0.511798,0.000000
hda,HDA,119,11.900,replay,0.568623,0.102379,9,2.357826,0.000000,0.257823,-0.144507,,,77.282294,162.467169,0.475679,0.000000
policy2,Policy 2,119,11.900,replay,0.568623,0.102379,9,2.357826,0.000000,0.257823,-0.144507,,,79.871867,162.467169,0.491619,0.000000
policy3,Policy 3,119,11.900,replay,0.568623,0.102379,9,2.357826,0.000000,0.257823,-0.144507,,,84.170367,162.467169,0.518076,0.000000
kubernetes-default,K8s default,120,12.000,replay,0.582931,0.027231,9,2.356197,0.000000,0.256845,-0.152556,,,84.675835,162.876626,0.519877,0.000000
cga,CGA,120,12.000,replay,0.582931,0.027231,9,2.356197,0.000000,0.256845,-0.152556,,,80.436246,162.876626,0.493848,0.000000
hda,HDA,120,12.000,replay,0.582931,0.027231,9,2.356197,0.000000,0.256845,-0.152556,,,83.200337,162.876626,0.510818,0.000000
policy2,Policy 2,120,12.000,replay,0.582931,0.027231,9,2.356197,0.000000,0.256845,-0.152556,,,79.650557,162.876626,0.489024,0.000000
policy3,Policy 3,120,12.000,replay,0.582931,0.027231,9,2.356197,0.000000,0.256845,-0.152556,,,81.208843,162.876626,0.498591,0.000000
kubernetes-default,K8s default,121,12.100,replay,0.606609,0.041682,9,2.354477,0.000000,0.255871,-0.160742,,,85.177645,163.287287,0.521643,0.000000
cga,CGA,121,12.100,replay,0.606609,0.041682,9,2.354477,0.000000,0.255871,-0.160742,,,84.114906,163.287287,0.515134,0.000000
hda,HDA,121,12.100,replay,0.606609,0.041682,9,2.354477,0.000000,0.255871,-0.160742,,,83.514690,163.287287,0.511459,0.000000
policy2,Policy 2,121,12.100,replay,0.606609,0.041682,9,2.354477,0.000000,0.255871,-0.160742,,,83.677510,163.287287,0.512456,0.000000
policy3,Policy 3,121,12.100,replay,0.606609,0.041682,9,2.354477,0.000000,0.255871,-0.160742,,,80.370695,163.287287,0.492204,0.000000
kubernetes-default,K8s default,122,12.200,replay,0.613857,0.014533,9,2.352664,0.000000,0.254901,-0.169068,,,84.159946,163.699201,0.514113,0.000000
cga,CGA,122,12.200,replay,0.613857,0.014533,9,2.352664,0.000000,0.254901,-0.169068,,,85.572980,163.699201,0.522745,0.000000
hda,HDA,122,12.200,replay,0.613857,0.014533,9,2.352664,0.000000,0.254901,-0.169068,,,78.635489,163.699201,0.480366,0.000000
policy2,Policy 2,122,12.200,replay,0.613857,0.014533,9,2.352664,0.000000,0.254901,-0.169068,,,80.818424,163.699201,0.493701,0.000000
policy3,Policy 3,122,12.200,replay,0.613857,0.014533,9,2.352664,0.000000,0.254901,-0.169068,,,83.526931,163.699201,0.510246,0.000000
kubernetes-default,K8s default,123,12.300,replay,0.594104,0.029498,9,2.350758,0.000000,0.253935,-0.177535,,,87.346827,164.112417,0.532238,0.000000
cga,CGA,123,12.300,replay,0.594104,0.029498,9,2.350758,0.000000,0.253935,-0.177535,,,83.818231,164.112417,0.510737,0.000000
hda,HDA,123,12.300,replay,0.594104,0.029498,9,2.350758,0.000000,0.253935,-0.177535,,,81.395317,164.112417,0.495973,0.000000
policy2,Policy 2,123,12.300,replay,0.594104,0.029498,9,2.350758,0.000000,0.253935,-0.177535,,,79.650974,164.112417,0.485344,0.000000
policy3,Policy 3,123,12.300,replay,0.594104,0.029498,9,2.350758,0.000000,0.253935,-0.177535,,,77.674523,164.112417,0.473301,0.000000
kubernetes-default,K8s default,124,12.400,replay,0.622718,0.048589,9,2.348757,0.000000,0.252972,-0.186146,,,93.878925,164.526984,0.570599,0.000000
cga,CGA,124,12.400,replay,0.622718,0.048589,9,2.348757,0.000000,0.252972,-0.186146,,,86.921839,164.526984,0.528314,0.000000
hda,HDA,124,12.400,replay,0.622718,0.048589,9,2.348757,0.000000,0.252972,-0.186146,,,79.944417,164.526984,0.485905,0.000000
policy2,Policy 2,124,12.400,replay,0.622718,0.048589,9,2.348757,0.000000,0.252972,-0.186146,,,86.117016,164.526984,0.523422,0.000000
policy3,Policy 3,124,12.400,replay,0.622718,0.048589,9,2.348757,0.000000,0.252972,-0.186146,,,83.300741,164.526984,0.506304,0.000000
kubernetes-default,K8s default,125,12.500,replay,0.617342,0.005879,9,2.346659,0.000000,0.252013,-0.194902,,,89.539234,164.942951,0.542850,0.000000
cga,CGA,125,12.500,replay,0.617342,0.005879,9,2.346659,0.000000,0.252013,-0.194902,,,81.608455,164.942951,0.494768,0.000000
hda,HDA,125,12.500,replay,0.617342,0.005879,9,2.346659,0.000000,0.252013,-0.194902,,,77.419490,164.942951,0.469371,0.000000
policy2,Policy 2,125,12.500,replay,0.617342,0.005879,9,2.346659,0.000000,0.252013,-0.194902,,,84.160071,164.942951,0.510237,0.000000
policy3,Policy 3,125,12.500,replay,0.617342,0.005879,9,2.346659,0.000000,0.252013,-0.194902,,,80.340240,164.942951,0.487079,0.000000
kubernetes-default,K8s default,126,12.600,replay,0.586059,0.048034,9,2.344462,0.000000,0.251058,-0.203807,,,89.958146,165.360368,0.544013,0.000000
cga,CGA,126,12.600,replay,0.586059,0.048034,9,2.344462,0.000000,0.251058,-0.203807,,,87.054910,165.360368,0.526456,0.000000
hda,HDA,126,12.600,replay,0.586059,0.048034,9,2.344462,0.000000,0.251058,-0.203807,,,81.270899,165.360368,0.491477,0.000000
policy2,Policy 2,126,12.600,replay,0.586059,0.048034,9,2.344462,0.000000,0.251058,-0.203807,,,81.143959,165.360368,0.490710,0.000000
policy3,Policy 3,126,12.600,replay,0.586059,0.048034,9,2.344462,0.000000,0.251058,-0.203807,,,79.609931,165.360368,0.481433,0.000000
kubernetes-default,K8s default,127,12.700,replay,0.581591,0.005004,9,2.342165,0.000000,0.250105,-0.212862,,,90.498929,165.779284,0.545900,0.000000
cga,CGA,127,12.700,replay,0.581591,0.005004,9,2.342165,0.000000,0.250105,-0.212862,,,86.405683,165.779284,0.521209,0.000000
hda,HDA,127,12.700,replay,0.581591,0.005004,9,2.342165,0.000000,0.250105,-0.212862,,,80.139983,165.779284,0.483414,0.000000
policy2,Policy 2,127,12.700,replay,0.581591,0.005004,9,2.342165,0.000000,0.250105,-0.212862,,,78.432649,165.779284,0.473115,0.000000
policy3,Policy 3,127,12.700,replay,0.581591,0.005004,9,2.342165,0.000000,0.250105,-0.212862,,,76.926578,165.779284,0.464030,0.000000
kubernetes-default,K8s default,128,12.800,replay,0.565720,0.024575,9,2.339766,0.000000,0.249157,-0.222069,,,88.443850,166.199747,0.532154,0.000000
cga,CGA,128,12.800,replay,0.565720,0.024575,9,2.339766,0.000000,0.249157,-0.222069,,,79.489936,166.199747,0.478280,0.000000
hda,HDA,128,12.800,replay,0.565720,0.024575,9,2.339766,0.000000,0.249157,-0.222069,,,81.280905,166.199747,0.489056,0.000000
policy2,Policy 2,128,12.800,replay,0.565720,0.024575,9,2.339766,0.000000,0.249157,-0.222069,,,76.984949,166.199747,0.463207,0.000000
policy3,Policy 3,128,12.800,replay,0.565720,0.024575,9,2.339766,0.000000,0.249157,-0.222069,,,81.957222,166.199747,0.493125,0.000000
kubernetes-default,K8s default,129,12.900,replay,0.642610,0.122107,9,2.337263,0.000000,0.248211,-0.231431,,,95.073465,166.621806,0.570594,0.000000
cga,CGA,129,12.900,replay,0.642610,0.122107,9,2.337263,0.000000,0.248211,-0.231431,,,90.916984,166.621806,0.545649,0.000000
hda,HDA,129,12.900,replay,0.642610,0.122107,9,2.337263,0.000000,0.248211,-0.231431,,,87.317464,166.621806,0.524046,0.000000
policy2,Policy 2,129,12.900,replay,0.642610,0.122107,9,2.337263,0.000000,0.248211,-0.231431,,,93.267576,166.621806,0.559756,0.000000
policy3,Policy 3,129,12.900,replay,0.642610,0.122107,9,2.337263,0.000000,0.248211,-0.231431,,,86.677650,166.621806,0.520206,0.000000
kubernetes-default,K8s default,130,13.000,replay,0.570877,0.109141,9,2.334653,0.000000,0.247268,-0.240950,,,92.933343,167.045511,0.556335,0.000000
cga,CGA,130,13.000,replay,0.570877,0.109141,9,2.334653,0.000000,0.247268,-0.240950,,,86.736951,167.045511,0.519241,0.000000
hda,HDA,130,13.000,replay,0.570877,0.109141,9,2.334653,0.000000,0.247268,-0.240950,,,81.609955,167.045511,0.488549,0.000000
policy2,Policy 2,130,13.000,replay,0.570877,0.109141,9,2.334653,0.000000,0.247268,-0.240950,,,87.108105,167.045511,0.521463,0.000000
policy3,Policy 3,130,13.000,replay,0.570877,0.109141,9,2.334653,0.000000,0.247268,-0.240950,,,85.762663,167.045511,0.513409,0.000000
kubernetes-default,K8s default,131,13.100,replay,0.609380,0.065804,9,2.331936,0.000000,0.246328,-0.250627,,,91.380251,167.470910,0.545649,0.000000
cga,CGA,131,13.100,replay,0.609380,0.065804,9,2.331936,0.000000,0.246328,-0.250627,,,89.216396,167.470910,0.532728,0.000000
hda,HDA,131,13.100,replay,0.609380,0.065804,9,2.331936,0.000000,0.246328,-0.250627,,,83.379510,167.470910,0.497875,0.000000
policy2,Policy 2,131,13.100,replay,0.609380,0.065804,9,2.331936,0.000000,0.246328,-0.250627,,,81.252893,167.470910,0.485176,0.000000
policy3,Policy 3,131,13.100,replay,0.609380,0.065804,9,2.331936,0.000000,0.246328,-0.250627,,,85.129958,167.470910,0.508327,0.000000
kubernetes-default,K8s default,132,13.200,replay,0.635921,0.044423,9,2.329107,0.000000,0.245391,-0.260465,,,92.982504,167.898052,0.553803,0.000000
cga,CGA,132,13.200,replay,0.635921,0.044423,9,2.329107,0.000000,0.245391,-0.260465,,,83.612338,167.898052,0.497995,0.000000
hda,HDA,132,13.200,replay,0.635921,0.044423,9,2.329107,0.000000,0.245391,-0.260465,,,84.825664,167.898052,0.505221,0.000000
policy2,Policy 2,132,13.200,replay,0.635921,0.044423,9,2.329107,0.000000,0.245391,-0.260465,,,86.351451,167.898052,0.514309,0.000000
policy3,Policy 3,132,13.200,replay,0.635921,0.044423,9,2.329107,0.000000,0.245391,-0.260465,,,82.211134,167.898052,0.489649,0.000000
kubernetes-default,K8s default,133,13.300,replay,0.608456,0.040495,9,2.326167,0.000000,0.244457,-0.270466,,,89.895235,168.326986,0.534051,0.000000
cga,CGA,133,13.300,replay,0.608456,0.040495,9,2.326167,0.000000,0.244457,-0.270466,,,90.643683,168.326986,0.538498,0.000000
hda,HDA,133,13.300,replay,0.608456,0.040495,9,2.326167,0.000000,0.244457,-0.270466,,,81.039685,168.326986,0.481442,0.000000
policy2,Policy 2,133,13.300,replay,0.608456,0.040495,9,2.326167,0.000000,0.244457,-0.270466,,,85.119838,168.326986,0.505681,0.000000
policy3,Policy 3,133,13.300,replay,0.608456,0.040495,9,2.326167,0.000000,0.244457,-0.270466,,,84.091207,168.326986,0.499571,0.000000
kubernetes-default,K8s default,134,13.400,replay,0.596544,0.016810,9,2.323111,0.000000,0.243525,-0.280630,,,89.721823,168.757760,0.531660,0.000000
cga,CGA,134,13.400,replay,0.596544,0.016810,9,2.323111,0.000000,0.243525,-0.280630,,,80.927787,168.757760,0.479550,0.000000
hda,HDA,134,13.400,replay,0.596544,0.016810,9,2.323111,0.000000,0.243525,-0.280630,,,83.031011,168.757760,0.492013,0.000000
policy2,Policy 2,134,13.400,replay,0.596544,0.016810,9,2.323111,0.000000,0.243525,-0.280630,,,84.841766,168.757760,0.502743,0.000000
policy3,Policy 3,134,13.400,replay,0.596544,0.016810,9,2.323111,0.000000,0.243525,-0.280630,,,85.304841,168.757760,0.505487,0.000000
kubernetes-default,K8s default,135,13.500,replay,0.643561,0.075671,9,2.319937,0.000000,0.242596,-0.290961,,,98.698609,169.190424,0.583358,0.000000
cga,CGA,135,13.500,replay,0.643561,0.075671,9,2.319937,0.000000,0.242596,-0.290961,,,89.635143,169.190424,0.529789,0.000000
hda,HDA,135,13.500,replay,0.643561,0.075671,9,2.319937,0.000000,0.242596,-0.290961,,,88.793943,169.190424,0.524817,0.000000
policy2,Policy 2,135,13.500,replay,0.643561,0.075671,9,2.319937,0.000000,0.242596,-0.290961,,,91.397242,169.190424,0.540203,0.000000
policy3,Policy 3,135,13.500,replay,0.643561,0.075671,9,2.319937,0.000000,0.242596,-0.290961,,,82.201741,169.190424,0.485853,0.000000
kubernetes-default,K8s default,136,13.600,replay,0.564850,0.119816,9,2.316644,0.000000,0.241669,-0.301459,,,93.728097,169.625024,0.552561,0.000000
cga,CGA,136,13.600,replay,0.564850,0.119816,9,2.316644,0.000000,0.241669,-0.301459,,,85.992553,169.625024,0.506957,0.000000
hda,HDA,136,13.600,replay,0.564850,0.119816,9,2.316644,0.000000,0.241669,-0.301459,,,88.990351,169.625024,0.524630,0.000000
policy2,Policy 2,136,13.600,replay,0.564850,0.119816,9,2.316644,0.000000,0.241669,-0.301459,,,87.480763,169.625024,0.515730,0.000000
policy3,Policy 3,136,13.600,replay,0.564850,0.119816,9,2.316644,0.000000,0.241669,-0.301459,,,81.739265,169.625024,0.481882,0.000000
kubernetes-default,K8s default,137,13.700,replay,0.599598,0.060620,9,2.313228,0.000000,0.240744,-0.312126,,,95.768936,170.061611,0.563143,0.000000
cga,CGA,137,13.700,replay,0.599598,0.060620,9,2.313228,0.000000,0.240744,-0.312126,,,83.029038,170.061611,0.488229,0.000000
hda,HDA,137,13.700,replay,0.599598,0.060620,9,2.313228,0.000000,0.240744,-0.312126,,,86.393382,170.061611,0.508012,0.000000
policy2,Policy 2,137,13.700,replay,0.599598,0.060620,9,2.313228,0.000000,0.240744,-0.312126,,,84.785021,170.061611,0.498555,0.000000
policy3,Policy 3,137,13.700,replay,0.599598,0.060620,9,2.313228,0.000000,0.240744,-0.312126,,,85.881548,170.061611,0.505003,0.000000
kubernetes-default,K8s default,138,13.800,replay,0.607973,0.016577,9,2.309686,0.000000,0.239822,-0.322964,,,88.406543,170.500232,0.518513,0.000000
cga,CGA,138,13.800,replay,0.607973,0.016577,9,2.309686,0.000000,0.239822,-0.322964,,,86.969880,170.500232,0.510087,0.000000
hda,HDA,138,13.800,replay,0.607973,0.016577,9,2.309686,0.000000,0.239822,-0.322964,,,84.972543,170.500232,0.498372,0.000000
policy2,Policy 2,138,13.800,replay,0.607973,0.016577,9,2.309686,0.000000,0.239822,-0.322964,,,83.532702,170.500232,0.489927,0.000000
policy3,Policy 3,138,13.800,replay,0.607973,0.016577,9,2.309686,0.000000,0.239822,-0.322964,,,83.848876,170.500232,0.491782,0.000000
kubernetes-default,K8s default,139,13.900,replay,0.654115,0.073187,9,2.306016,0.000000,0.238902,-0.333974,,,101.358136,170.940935,0.592942,0.000000
cga,CGA,139,13.900,replay,0.654115,0.073187,9,2.306016,0.000000,0.238902,-0.333974,,,90.492944,170.940935,0.529381,0.000000
hda,HDA,139,13.900,replay,0.654115,0.073187,9,2.306016,0.000000,0.238902,-0.333974,,,86.817138,170.940935,0.507878,0.000000
policy2,Policy 2,139,13.900,replay,0.654115,0.073187,9,2.306016,0.000000,0.238902,-0.333974,,,91.261915,170.940935,0.533880,0.000000
policy3,Policy 3,139,13.900,replay,0.654115,0.073187,9,2.306016,0.000000,0.238902,-0.333974,,,88.925949,170.940935,0.520214,0.000000
kubernetes-default,K8s default,140,14.000,replay,0.570181,0.125821,9,2.302215,0.000000,0.237984,-0.345158,,,96.484375,171.383769,0.562973,0.000000
cga,CGA,140,14.000,replay,0.570181,0.125821,9,2.302215,0.000000,0.237984,-0.345158,,,89.874896,171.383769,0.524407,0.000000
hda,HDA,140,14.000,replay,0.570181,0.125821,9,2.302215,0.000000,0.237984,-0.345158,,,85.913672,171.383769,0.501294,0.000000
policy2,Policy 2,140,14.000,replay,0.570181,0.125821,9,2.302215,0.000000,0.237984,-0.345158,,,91.175463,171.383769,0.531996,0.000000
policy3,Policy 3,140,14.000,replay,0.570181,0.125821,9,2.302215,0.000000,0.237984,-0.345158,,,87.375790,171.383769,0.509825,0.000000
kubernetes-default,K8s default,141,14.100,replay,0.651696,0.127586,9,2.298279,0.000000,0.237068,-0.356516,,,106.423252,171.828781,0.619356,0.000000
cga,CGA,141,14.100,replay,0.651696,0.127586,9,2.298279,0.000000,0.237068,-0.356516,,,96.375136,171.828781,0.560879,0.000000
hda,HDA,141,14.100,replay,0.651696,0.127586,9,2.298279,0.000000,0.237068,-0.356516,,,92.450571,171.828781,0.538039,0.000000
policy2,Policy 2,141,14.100,replay,0.651696,0.127586,9,2.298279,0.000000,0.237068,-0.356516,,,93.490844,171.828781,0.544093,0.000000
policy3,Policy 3,141,14.100,replay,0.651696,0.127586,9,2.298279,0.000000,0.237068,-0.356516,,,89.346053,171.828781,0.519971,0.000000
kubernetes-default,K8s default,142,14.200,replay,0.596361,0.082274,9,2.294207,0.000000,0.236154,-0.368049,,,101.673478,172.276020,0.590178,0.000000
cga,CGA,142,14.200,replay,0.596361,0.082274,9,2.294207,0.000000,0.236154,-0.368049,,,92.741100,172.276020,0.538329,0.000000
hda,HDA,142,14.200,replay,0.596361,0.082274,9,2.294207,0.000000,0.236154,-0.368049,,,90.312296,172.276020,0.524230,0.000000
policy2,Policy 2,142,14.200,replay,0.596361,0.082274,9,2.294207,0.000000,0.236154,-0.368049,,,89.586813,172.276020,0.520019,0.000000
policy3,Policy 3,142,14.200,replay,0.596361,0.082274,9,2.294207,0.000000,0.236154,-0.368049,,,88.841533,172.276020,0.515693,0.000000
kubernetes-default,K8s default,143,14.300,replay,0.670401,0.113000,9,2.289993,0.000000,0.235242,-0.379759,,,106.280974,172.725532,0.615317,0.000000
cga,CGA,143,14.300,replay,0.670401,0.113000,9,2.289993,0.000000,0.235242,-0.379759,,,96.016480,172.725532,0.555890,0.000000
hda,HDA,143,14.300,replay,0.670401,0.113000,9,2.289993,0.000000,0.235242,-0.379759,,,91.879310,172.725532,0.531938,0.000000
policy2,Policy 2,143,14.300,replay,0.670401,0.113000,9,2.289993,0.000000,0.235242,-0.379759,,,95.162678,172.725532,0.550947,0.000000
policy3,Policy 3,143,14.300,replay,0.670401,0.113000,9,2.289993,0.000000,0.235242,-0.379759,,,95.736228,172.725532,0.554268,0.000000
kubernetes-default,K8s default,144,14.400,replay,0.599096,0.103774,9,2.285635,0.000000,0.234331,-0.391646,,,96.943164,173.177365,0.559791,0.000000
cga,CGA,144,14.400,replay,0.599096,0.103774,9,2.285635,0.000000,0.234331,-0.391646,,,93.619582,173.177365,0.540599,0.000000
hda,HDA,144,14.400,replay,0.599096,0.103774,9,2.285635,0.000000,0.234331,-0.391646,,,91.756207,173.177365,0.529839,0.000000
policy2,Policy 2,144,14.400,replay,0.599096,0.103774,9,2.285635,0.000000,0.234331,-0.391646,,,88.200857,173.177365,0.509309,0.000000
policy3,Policy 3,144,14.400,replay,0.599096,0.103774,9,2.285635,0.000000,0.234331,-0.391646,,,93.141098,173.177365,0.537836,0.000000
kubernetes-default,K8s default,145,14.500,replay,0.635537,0.060067,9,2.281130,0.000000,0.233422,-0.403711,,,105.800172,173.631567,0.609337,0.000000
cga,CGA,145,14.500,replay,0.635537,0.060067,9,2.281130,0.000000,0.233422,-0.403711,,,88.546354,173.631567,0.509967,0.000000
hda,HDA,145,14.500,replay,0.635537,0.060067,9,2.281130,0.000000,0.233422,-0.403711,,,85.869863,173.631567,0.494552,0.000000
policy2,Policy 2,145,14.500,replay,0.635537,0.060067,9,2.281130,0.000000,0.233422,-0.403711,,,88.930640,173.631567,0.512180,0.000000
policy3,Policy 3,145,14.500,replay,0.635537,0.060067,9,2.281130,0.000000,0.233422,-0.403711,,,90.506574,173.631567,0.521256,0.000000
kubernetes-default,K8s default,146,14.600,replay,0.591069,0.067261,9,2.276474,0.000000,0.232515,-0.415954,,,95.517121,174.088184,0.548671,0.000000
cga,CGA,146,14.600,replay,0.591069,0.067261,9,2.276474,0.000000,0.232515,-0.415954,,,92.651308,174.088184,0.532209,0.000000
hda,HDA,146,14.600,replay,0.591069,0.067261,9,2.276474,0.000000,0.232515,-0.415954,,,85.197955,174.088184,0.489395,0.000000
policy2,Policy 2,146,14.600,replay,0.591069,0.067261,9,2.276474,0.000000,0.232515,-0.415954,,,91.500227,174.088184,0.525597,0.000000
policy3,Policy 3,146,14.600,replay,0.591069,0.067261,9,2.276474,0.000000,0.232515,-0.415954,,,87.295359,174.088184,0.501443,0.000000
kubernetes-default,K8s default,147,14.700,replay,0.679763,0.133010,9,2.271662,0.000000,0.231610,-0.428377,,,103.429194,174.547265,0.592557,0.000000
cga,CGA,147,14.700,replay,0.679763,0.133010,9,2.271662,0.000000,0.231610,-0.428377,,,94.427186,174.547265,0.540983,0.000000
hda,HDA,147,14.700,replay,0.679763,0.133010,9,2.271662,0.000000,0.231610,-0.428377,,,95.904011,174.547265,0.549444,0.000000
policy2,Policy 2,147,14.700,replay,0.679763,0.133010,9,2.271662,0.000000,0.231610,-0.428377,,,95.967012,174.547265,0.549805,0.000000
policy3,Policy 3,147,14.700,replay,0.679763,0.133010,9,2.271662,0.000000,0.231610,-0.428377,,,97.666040,174.547265,0.559539,0.000000
kubernetes-default,K8s default,148,14.800,replay,0.687260,0.013797,9,2.266692,0.000000,0.230705,-0.440978,,,99.869353,175.008854,0.570653,0.000000
cga,CGA,148,14.800,replay,0.687260,0.013797,9,2.266692,0.000000,0.230705,-0.440978,,,90.913416,175.008854,0.519479,0.000000
hda,HDA,148,14.800,replay,0.687260,0.013797,9,2.266692,0.000000,0.230705,-0.440978,,,92.988296,175.008854,0.531335,0.000000
policy2,Policy 2,148,14.800,replay,0.687260,0.013797,9,2.266692,0.000000,0.230705,-0.440978,,,92.817831,175.008854,0.530361,0.000000
policy3,Policy 3,148,14.800,replay,0.687260,0.013797,9,2.266692,0.000000,0.230705,-0.440978,,,88.427411,175.008854,0.505274,0.000000
kubernetes-default,K8s default,149,14.900,replay,0.634736,0.073711,9,2.261559,0.000000,0.229803,-0.453758,,,97.525470,175.472999,0.555786,0.000000
cga,CGA,149,14.900,replay,0.634736,0.073711,9,2.261559,0.000000,0.229803,-0.453758,,,92.061061,175.472999,0.524645,0.000000
hda,HDA,149,14.900,replay,0.634736,0.073711,9,2.261559,0.000000,0.229803,-0.453758,,,90.619336,175.472999,0.516429,0.000000
policy2,Policy 2,149,14.900,replay,0.634736,0.073711,9,2.261559,0.000000,0.229803,-0.453758,,,93.039097,175.472999,0.530219,0.000000
policy3,Policy 3,149,14.900,replay,0.634736,0.073711,9,2.261559,0.000000,0.229803,-0.453758,,,87.243220,175.472999,0.497189,0.000000
kubernetes-default,K8s default,150,15.000,replay,0.696699,0.091615,9,2.256259,0.000000,0.228901,-0.466716,,,98.651895,175.939746,0.560714,0.000000
cga,CGA,150,15.000,replay,0.696699,0.091615,9,2.256259,0.000000,0.228901,-0.466716,,,96.392723,175.939746,0.547873,0.000000
hda,HDA,150,15.000,replay,0.696699,0.091615,9,2.256259,0.000000,0.228901,-0.466716,,,94.924706,175.939746,0.539530,0.000000
policy2,Policy 2,150,15.000,replay,0.696699,0.091615,9,2.256259,0.000000,0.228901,-0.466716,,,98.478709,175.939746,0.559730,0.000000
policy3,Policy 3,150,15.000,replay,0.696699,0.091615,9,2.256259,0.000000,0.228901,-0.466716,,,92.590165,175.939746,0.526261,0.000000
kubernetes-default,K8s default,151,15.100,replay,0.656694,0.054633,9,2.250788,0.000000,0.228001,-0.479854,,,97.433644,176.409141,0.552316,0.000000
cga,CGA,151,15.100,replay,0.656694,0.054633,9,2.250788,0.000000,0.228001,-0.479854,,,96.409488,176.409141,0.546511,0.000000
hda,HDA,151,15.100,replay,0.656694,0.054633,9,2.250788,0.000000,0.228001,-0.479854,,,89.123445,176.409141,0.505209,0.000000
policy2,Policy 2,151,15.100,replay,0.656694,0.054633,9,2.250788,0.000000,0.228001,-0.479854,,,86.181513,176.409141,0.488532,0.000000
policy3,Policy 3,151,15.100,replay,0.656694,0.054633,9,2.250788,0.000000,0.228001,-0.479854,,,93.152841,176.409141,0.528050,0.000000
kubernetes-default,K8s default,152,15.200,replay,0.659863,0.007838,9,2.245141,0.000000,0.227102,-0.493169,,,104.666733,176.881230,0.591735,0.000000
cga,CGA,152,15.200,replay,0.659863,0.007838,9,2.245141,0.000000,0.227102,-0.493169,,,91.213240,176.881230,0.515675,0.000000
hda,HDA,152,15.200,replay,0.659863,0.007838,9,2.245141,0.000000,0.227102,-0.493169,,,84.823937,176.881230,0.479553,0.000000
policy2,Policy 2,152,15.200,replay,0.659863,0.007838,9,2.245141,0.000000,0.227102,-0.493169,,,91.926666,176.881230,0.519708,0.000000
policy3,Policy 3,152,15.200,replay,0.659863,0.007838,9,2.245141,0.000000,0.227102,-0.493169,,,92.595691,176.881230,0.523491,0.000000
kubernetes-default,K8s default,153,15.300,replay,0.711108,0.074817,9,2.239314,0.000000,0.226204,-0.506662,,,103.808230,177.356057,0.585310,0.000000
cga,CGA,153,15.300,replay,0.711108,0.074817,9,2.239314,0.000000,0.226204,-0.506662,,,95.785216,177.356057,0.540073,0.000000
hda,HDA,153,15.300,replay,0.711108,0.074817,9,2.239314,0.000000,0.226204,-0.506662,,,94.339169,177.356057,0.531920,0.000000
policy2,Policy 2,153,15.300,replay,0.711108,0.074817,9,2.239314,0.000000,0.226204,-0.506662,,,95.961706,177.356057,0.541068,0.000000
policy3,Policy 3,153,15.300,replay,0.711108,0.074817,9,2.239314,0.000000,0.226204,-0.506662,,,93.555191,177.356057,0.527499,0.000000
kubernetes-default,K8s default,154,15.400,replay,0.621967,0.122744,9,2.233302,0.000000,0.225308,-0.520331,,,100.154569,177.833669,0.563192,0.000000
cga,CGA,154,15.400,replay,0.621967,0.122744,9,2.233302,0.000000,0.225308,-0.520331,,,99.670639,177.833669,0.560471,0.000000
hda,HDA,154,15.400,replay,0.621967,0.122744,9,2.233302,0.000000,0.225308,-0.520331,,,94.017290,177.833669,0.528681,0.000000
policy2,Policy 2,154,15.400,replay,0.621967,0.122744,9,2.233302,0.000000,0.225308,-0.520331,,,92.943945,177.833669,0.522645,0.000000
policy3,Policy 3,154,15.400,replay,0.621967,0.122744,9,2.233302,0.000000,0.225308,-0.520331,,,89.207370,177.833669,0.501634,0.000000
kubernetes-default,K8s default,155,15.500,replay,0.626449,0.010157,9,2.227100,0.000000,0.224412,-0.534176,,,97.851536,178.314110,0.548759,0.000000
cga,CGA,155,15.500,replay,0.626449,0.010157,9,2.227100,0.000000,0.224412,-0.534176,,,91.299405,178.314110,0.512014,0.000000
hda,HDA,155,15.500,replay,0.626449,0.010157,9,2.227100,0.000000,0.224412,-0.534176,,,84.484786,178.314110,0.473798,0.000000
policy2,Policy 2,155,15.500,replay,0.626449,0.010157,9,2.227100,0.000000,0.224412,-0.534176,,,87.791860,178.314110,0.492344,0.000000
policy3,Policy 3,155,15.500,replay,0.626449,0.010157,9,2.227100,0.000000,0.224412,-0.534176,,,87.616967,178.314110,0.491363,0.000000
kubernetes-default,K8s default,156,15.600,replay,0.723266,0.136457,9,2.220703,0.000000,0.223518,-0.548194,,,101.247816,178.797424,0.566271,0.000000
cga,CGA,156,15.600,replay,0.723266,0.136457,9,2.220703,0.000000,0.223518,-0.548194,,,99.365299,178.797424,0.555742,0.000000
hda,HDA,156,15.600,replay,0.723266,0.136457,9,2.220703,0.000000,0.223518,-0.548194,,,92.206351,178.797424,0.515703,0.000000
policy2,Policy 2,156,15.600,replay,0.723266,0.136457,9,2.220703,0.000000,0.223518,-0.548194,,,98.735594,178.797424,0.552220,0.000000
policy3,Policy 3,156,15.600,replay,0.723266,0.136457,9,2.220703,0.000000,0.223518,-0.548194,,,98.658345,178.797424,0.551788,0.000000
kubernetes-default,K8s default,157,15.700,replay,0.725124,0.005748,9,2.214106,0.000000,0.222624,-0.562385,,,104.432519,179.283656,0.582499,0.000000
cga,CGA,157,15.700,replay,0.725124,0.005748,9,2.214106,0.000000,0.222624,-0.562385,,,96.730719,179.283656,0.539540,0.000000
hda,HDA,157,15.700,replay,0.725124,0.005748,9,2.214106,0.000000,0.222624,-0.562385,,,91.305956,179.283656,0.509282,0.000000
policy2,Policy 2,157,15.700,replay,0.725124,0.005748,9,2.214106,0.000000,0.222624,-0.562385,,,98.818859,179.283656,0.551187,0.000000
policy3,Policy 3,157,15.700,replay,0.725124,0.005748,9,2.214106,0.000000,0.222624,-0.562385,,,93.980219,179.283656,0.524198,0.000000
kubernetes-default,K8s default,158,15.800,replay,0.734031,0.015115,9,2.207304,0.000000,0.221731,-0.576747,,,101.715600,179.772848,0.565801,0.000000
cga,CGA,158,15.800,replay,0.734031,0.015115,9,2.207304,0.000000,0.221731,-0.576747,,,98.965391,179.772848,0.550502,0.000000
hda,HDA,158,15.800,replay,0.734031,0.015115,9,2.207304,0.000000,0.221731,-0.576747,,,94.115714,179.772848,0.523526,0.000000
policy2,Policy 2,158,15.800,replay,0.734031,0.015115,9,2.207304,0.000000,0.221731,-0.576747,,,97.118290,179.772848,0.540228,0.000000
policy3,Policy 3,158,15.800,replay,0.734031,0.015115,9,2.207304,0.000000,0.221731,-0.576747,,,93.300262,179.772848,0.518990,0.000000
kubernetes-default,K8s default,159,15.900,replay,0.732197,0.002184,9,2.200290,0.000000,0.220839,-0.591278,,,108.341571,180.265045,0.601013,0.000000
cga,CGA,159,15.900,replay,0.732197,0.002184,9,2.200290,0.000000,0.220839,-0.591278,,,93.988232,180.265045,0.521389,0.000000
hda,HDA,159,15.900,replay,0.732197,0.002184,9,2.200290,0.000000,0.220839,-0.591278,,,90.084900,180.265045,0.499736,0.000000
policy2,Policy 2,159,15.900,replay,0.732197,0.002184,9,2.200290,0.000000,0.220839,-0.591278,,,95.710773,180.265045,0.530945,0.000000
policy3,Policy 3,159,15.900,replay,0.732197,0.002184,9,2.200290,0.000000,0.220839,-0.591278,,,95.212651,180.265045,0.528181,0.000000
kubernetes-default,K8s default,160,16.000,replay,0.661998,0.093119,9,2.193059,0.000000,0.219948,-0.605975,,,101.922001,180.760289,0.563852,0.000000
cga,CGA,160,16.000,replay,0.661998,0.093119,9,2.193059,0.000000,0.219948,-0.605975,,,96.866093,180.760289,0.535881,0.000000
hda,HDA,160,16.000,replay,0.661998,0.093119,9,2.193059,0.000000,0.219948,-0.605975,,,96.699523,180.760289,0.534960,0.000000
policy2,Policy 2,160,16.000,replay,0.661998,0.093119,9,2.193059,0.000000,0.219948,-0.605975,,,92.245359,180.760289,0.510319,0.000000
policy3,Policy 3,160,16.000,replay,0.661998,0.093119,9,2.193059,0.000000,0.219948,-0.605975,,,94.656427,180.760289,0.523657,0.000000
kubernetes-default,K8s default,161,16.100,replay,0.693359,0.048144,9,2.185605,0.000000,0.219058,-0.620837,,,104.734502,181.258623,0.577818,0.000000
cga,CGA,161,16.100,replay,0.693359,0.048144,9,2.185605,0.000000,0.219058,-0.620837,,,93.718129,181.258623,0.517041,0.000000
hda,HDA,161,16.100,replay,0.693359,0.048144,9,2.185605,0.000000,0.219058,-0.620837,,,91.704368,181.258623,0.505931,0.000000
policy2,Policy 2,161,16.100,replay,0.693359,0.048144,9,2.185605,0.000000,0.219058,-0.620837,,,100.841460,181.258623,0.556340,0.000000
policy3,Policy 3,161,16.100,replay,0.693359,0.048144,9,2.185605,0.000000,0.219058,-0.620837,,,91.693276,181.258623,0.505870,0.000000
kubernetes-default,K8s default,162,16.200,replay,0.686178,0.007319,9,2.177922,0.000000,0.218168,-0.635860,,,103.225147,181.760088,0.567920,0.000000
cga,CGA,162,16.200,replay,0.686178,0.007319,9,2.177922,0.000000,0.218168,-0.635860,,,94.885067,181.760088,0.522035,0.000000
hda,HDA,162,16.200,replay,0.686178,0.007319,9,2.177922,0.000000,0.218168,-0.635860,,,92.324683,181.760088,0.507948,0.000000
policy2,Policy 2,162,16.200,replay,0.686178,0.007319,9,2.177922,0.000000,0.218168,-0.635860,,,99.051058,181.760088,0.544955,0.000000
policy3,Policy 3,162,16.200,replay,0.686178,0.007319,9,2.177922,0.000000,0.218168,-0.635860,,,92.571024,181.760088,0.509303,0.000000
kubernetes-default,K8s default,163,16.300,replay,0.751207,0.089373,9,2.170003,0.000000,0.217280,-0.651042,,,111.754776,182.264727,0.613145,0.000000
cga,CGA,163,16.300,replay,0.751207,0.089373,9,2.170003,0.000000,0.217280,-0.651042,,,101.480906,182.264727,0.556778,0.000000
hda,HDA,163,16.300,replay,0.751207,0.089373,9,2.170003,0.000000,0.217280,-0.651042,,,98.966576,182.264727,0.542983,0.000000
policy2,Policy 2,163,16.300,replay,0.751207,0.089373,9,2.170003,0.000000,0.217280,-0.651042,,,96.816492,182.264727,0.531186,0.000000
policy3,Policy 3,163,16.300,replay,0.751207,0.089373,9,2.170003,0.000000,0.217280,-0.651042,,,97.240110,182.264727,0.533510,0.000000
kubernetes-default,K8s default,164,16.400,replay,0.724483,0.032592,9,2.161842,0.000000,0.216391,-0.666379,,,104.841264,182.772579,0.573616,0.000000
cga,CGA,164,16.400,replay,0.724483,0.032592,9,2.161842,0.000000,0.216391,-0.666379,,,96.161293,182.772579,0.526125,0.000000
hda,HDA,164,16.400,replay,0.724483,0.032592,9,2.161842,0.000000,0.216391,-0.666379,,,91.810322,182.772579,0.502320,0.000000
policy2,Policy 2,164,16.400,replay,0.724483,0.032592,9,2.161842,0.000000,0.216391,-0.666379,,,100.680438,182.772579,0.550851,0.000000
policy3,Policy 3,164,16.400,replay,0.724483,0.032592,9,2.161842,0.000000,0.216391,-0.666379,,,98.396166,182.772579,0.538353,0.000000
kubernetes-default,K8s default,165,16.500,replay,0.700172,0.030557,9,2.153431,0.000000,0.215504,-0.681869,,,102.578824,183.283685,0.559672,0.000000
cga,CGA,165,16.500,replay,0.700172,0.030557,9,2.153431,0.000000,0.215504,-0.681869,,,100.897949,183.283685,0.550502,0.000000
hda,HDA,165,16.500,replay,0.700172,0.030557,9,2.153431,0.000000,0.215504,-0.681869,,,95.330897,183.283685,0.520128,0.000000
policy2,Policy 2,165,16.500,replay,0.700172,0.030557,9,2.153431,0.000000,0.215504,-0.681869,,,93.005161,183.283685,0.507438,0.000000
policy3,Policy 3,165,16.500,replay,0.700172,0.030557,9,2.153431,0.000000,0.215504,-0.681869,,,94.818261,183.283685,0.517331,0.000000
kubernetes-default,K8s default,166,16.600,replay,0.713166,0.021269,9,2.144763,0.000000,0.214617,-0.697506,,,107.998344,183.798085,0.587592,0.000000
cga,CGA,166,16.600,replay,0.713166,0.021269,9,2.144763,0.000000,0.214617,-0.697506,,,97.220373,183.798085,0.528952,0.000000
hda,HDA,166,16.600,replay,0.713166,0.021269,9,2.144763,0.000000,0.214617,-0.697506,,,99.056529,183.798085,0.538942,0.000000
policy2,Policy 2,166,16.600,replay,0.713166,0.021269,9,2.144763,0.000000,0.214617,-0.697506,,,97.480038,183.798085,0.530365,0.000000
policy3,Policy 3,166,16.600,replay,0.713166,0.021269,9,2.144763,0.000000,0.214617,-0.697506,,,95.289639,183.798085,0.518447,0.000000
kubernetes-default,K8s default,167,16.700,replay,0.771453,0.078437,9,2.135831,0.000000,0.213730,-0.713289,,,110.065644,184.315818,0.597158,0.000000
cga,CGA,167,16.700,replay,0.771453,0.078437,9,2.135831,0.000000,0.213730,-0.713289,,,102.605313,184.315818,0.556682,0.000000
hda,HDA,167,16.700,replay,0.771453,0.078437,9,2.135831,0.000000,0.213730,-0.713289,,,100.786677,184.315818,0.546815,0.000000
policy2,Policy 2,167,16.700,replay,0.771453,0.078437,9,2.135831,0.000000,0.213730,-0.713289,,,105.805988,184.315818,0.574047,0.000000
policy3,Policy 3,167,16.700,replay,0.771453,0.078437,9,2.135831,0.000000,0.213730,-0.713289,,,101.639533,184.315818,0.551442,0.000000
kubernetes-default,K8s default,168,16.800,replay,0.712828,0.073093,9,2.126627,0.000000,0.212853,-0.729211,,,105.058476,184.836923,0.568385,0.000000
cga,CGA,168,16.800,replay,0.712828,0.073093,9,2.126627,0.000000,0.212853,-0.729211,,,103.473841,184.836923,0.559812,0.000000
hda,HDA,168,16.800,replay,0.712828,0.073093,9,2.126627,0.000000,0.212853,-0.729211,,,98.587284,184.836923,0.533374,0.000000
policy2,Policy 2,168,16.800,replay,0.712828,0.073093,9,2.126627,0.000000,0.212853,-0.729211,,,100.040458,184.836923,0.541236,0.000000
policy3,Policy 3,168,16.800,replay,0.712828,0.073093,9,2.126627,0.000000,0.212853,-0.729211,,,95.634213,184.836923,0.517398,0.000000
kubernetes-default,K8s default,169,16.900,replay,0.722436,0.016397,9,2.117142,0.000000,0.212017,-0.745270,,,105.236331,185.361438,0.567736,0.000000
cga,CGA,169,16.900,replay,0.722436,0.016397,9,2.117142,0.000000,0.212017,-0.745270,,,100.829020,185.361438,0.543959,0.000000
hda,HDA,169,16.900,replay,0.722436,0.016397,9,2.117142,0.000000,0.212017,-0.745270,,,94.360797,185.361438,0.509064,0.000000
policy2,Policy 2,169,16.900,replay,0.722436,0.016397,9,2.117142,0.000000,0.212017,-0.745270,,,101.818472,185.361438,0.549297,0.000000
policy3,Policy 3,169,16.900,replay,0.722436,0.016397,9,2.117142,0.000000,0.212017,-0.745270,,,99.116940,185.361438,0.534723,0.000000
kubernetes-default,K8s default,170,17.000,replay,0.787924,0.086005,9,2.107369,0.000000,0.211181,-0.761459,,,115.842606,185.889399,0.623180,0.000000
cga,CGA,170,17.000,replay,0.787924,0.086005,9,2.107369,0.000000,0.211181,-0.761459,,,104.215275,185.889399,0.560631,0.000000
hda,HDA,170,17.000,replay,0.787924,0.086005,9,2.107369,0.000000,0.211181,-0.761459,,,106.131194,185.889399,0.570937,0.000000
policy2,Policy 2,170,17.000,replay,0.787924,0.086005,9,2.107369,0.000000,0.211181,-0.761459,,,101.945644,185.889399,0.548421,0.000000
policy3,Policy 3,170,17.000,replay,0.787924,0.086005,9,2.107369,0.000000,0.211181,-0.761459,,,104.104901,185.889399,0.560037,0.000000
kubernetes-default,K8s default,171,17.100,replay,0.782203,0.004365,9,2.097298,0.000000,0.210346,-0.777775,,,113.062322,186.420843,0.606490,0.000000
cga,CGA,171,17.100,replay,0.782203,0.004365,9,2.097298,0.000000,0.210346,-0.777775,,,101.414961,186.420843,0.544011,0.000000
hda,HDA,171,17.100,replay,0.782203,0.004365,9,2.097298,0.000000,0.210346,-0.777775,,,95.786715,186.420843,0.513820,0.000000
policy2,Policy 2,171,17.100,replay,0.782203,0.004365,9,2.097298,0.000000,0.210346,-0.777775,,,101.977676,186.420843,0.547029,0.000000
policy3,Policy 3,171,17.100,replay,0.782203,0.004365,9,2.097298,0.000000,0.210346,-0.777775,,,100.708045,186.420843,0.540219,0.000000
kubernetes-default,K8s default,172,17.200,replay,0.772157,0.009699,9,2.086920,0.000000,0.209511,-0.794211,,,110.145452,186.955807,0.589152,0.000000
cga,CGA,172,17.200,replay,0.772157,0.009699,9,2.086920,0.000000,0.209511,-0.794211,,,106.928897,186.955807,0.571947,0.000000
hda,HDA,172,17.200,replay,0.772157,0.009699,9,2.086920,0.000000,0.209511,-0.794211,,,97.878184,186.955807,0.523536,0.000000
policy2,Policy 2,172,17.200,replay,0.772157,0.009699,9,2.086920,0.000000,0.209511,-0.794211,,,104.388190,186.955807,0.558358,0.000000
policy3,Policy 3,172,17.200,replay,0.772157,0.009699,9,2.086920,0.000000,0.209511,-0.794211,,,98.939851,186.955807,0.529215,0.000000
kubernetes-default,K8s default,173,17.300,replay,0.803120,0.041617,9,2.076225,0.000000,0.208676,-0.810763,,,113.338289,187.494324,0.604489,0.000000
cga,CGA,173,17.300,replay,0.803120,0.041617,9,2.076225,0.000000,0.208676,-0.810763,,,109.589045,187.494324,0.584493,0.000000
hda,HDA,173,17.300,replay,0.803120,0.041617,9,2.076225,0.000000,0.208676,-0.810763,,,98.217086,187.494324,0.523840,0.000000
policy2,Policy 2,173,17.300,replay,0.803120,0.041617,9,2.076225,0.000000,0.208676,-0.810763,,,103.424150,187.494324,0.551612,0.000000
policy3,Policy 3,173,17.300,replay,0.803120,0.041617,9,2.076225,0.000000,0.208676,-0.810763,,,103.257847,187.494324,0.550725,0.000000
kubernetes-default,K8s default,174,17.400,replay,0.753781,0.058424,9,2.065203,0.000000,0.207842,-0.827425,,,108.604802,188.036428,0.577573,0.000000
cga,CGA,174,17.400,replay,0.753781,0.058424,9,2.065203,0.000000,0.207842,-0.827425,,,103.296634,188.036428,0.549344,0.000000
hda,HDA,174,17.400,replay,0.753781,0.058424,9,2.065203,0.000000,0.207842,-0.827425,,,98.639739,188.036428,0.524578,0.000000
policy2,Policy 2,174,17.400,replay,0.753781,0.058424,9,2.065203,0.000000,0.207842,-0.827425,,,105.530362,188.036428,0.561223,0.000000
policy3,Policy 3,174,17.400,replay,0.753781,0.058424,9,2.065203,0.000000,0.207842,-0.827425,,,101.483386,188.036428,0.539701,0.000000
kubernetes-default,K8s default,175,17.500,replay,0.761396,0.013268,9,2.053844,0.000000,0.207008,-0.844190,,,112.069497,188.582154,0.594274,0.000000
cga,CGA,175,17.500,replay,0.761396,0.013268,9,2.053844,0.000000,0.207008,-0.844190,,,107.110540,188.582154,0.567978,0.000000
hda,HDA,175,17.500,replay,0.761396,0.013268,9,2.053844,0.000000,0.207008,-0.844190,,,95.296391,188.582154,0.505331,0.000000
policy2,Policy 2,175,17.500,replay,0.761396,0.013268,9,2.053844,0.000000,0.207008,-0.844190,,,101.267407,188.582154,0.536994,0.000000
policy3,Policy 3,175,17.500,replay,0.761396,0.013268,9,2.053844,0.000000,0.207008,-0.844190,,,103.046054,188.582154,0.546425,0.000000
kubernetes-default,K8s default,176,17.600,replay,0.847127,0.104098,9,2.042137,0.000000,0.206175,-0.861053,,,119.554347,189.131533,0.632123,0.000000
cga,CGA,176,17.600,replay,0.847127,0.104098,9,2.042137,0.000000,0.206175,-0.861053,,,110.000258,189.131533,0.581607,0.000000
hda,HDA,176,17.600,replay,0.847127,0.104098,9,2.042137,0.000000,0.206175,-0.861053,,,105.139938,189.131533,0.555909,0.000000
policy2,Policy 2,176,17.600,replay,0.847127,0.104098,9,2.042137,0.000000,0.206175,-0.861053,,,112.164441,189.131533,0.593050,0.000000
policy3,Policy 3,176,17.600,replay,0.847127,0.104098,9,2.042137,0.000000,0.206175,-0.861053,,,110.936187,189.131533,0.586556,0.000000
kubernetes-default,K8s default,177,17.700,replay,0.859174,0.017222,9,2.030069,0.000000,0.205342,-0.878007,,,122.282010,189.684598,0.644660,0.000000
cga,CGA,177,17.700,replay,0.859174,0.017222,9,2.030069,0.000000,0.205342,-0.878007,,,113.746068,189.684598,0.599659,0.000000
hda,HDA,177,17.700,replay,0.859174,0.017222,9,2.030069,0.000000,0.205342,-0.878007,,,106.144976,189.684598,0.559587,0.000000
policy2,Policy 2,177,17.700,replay,0.859174,0.017222,9,2.030069,0.000000,0.205342,-0.878007,,,110.111873,189.684598,0.580500,0.000000
policy3,Policy 3,177,17.700,replay,0.859174,0.017222,9,2.030069,0.000000,0.205342,-0.878007,,,107.274213,189.684598,0.565540,0.000000
kubernetes-default,K8s default,178,17.800,replay,0.844903,0.013408,9,2.017629,0.000000,0.204509,-0.895045,,,114.228857,190.241377,0.600442,0.000000
cga,CGA,178,17.800,replay,0.844903,0.013408,9,2.017629,0.000000,0.204509,-0.895045,,,113.696007,190.241377,0.597641,0.000000
hda,HDA,178,17.800,replay,0.844903,0.013408,9,2.017629,0.000000,0.204509,-0.895045,,,99.998032,190.241377,0.525638,0.000000
policy2,Policy 2,178,17.800,replay,0.844903,0.013408,9,2.017629,0.000000,0.204509,-0.895045,,,105.981504,190.241377,0.557090,0.000000
policy3,Policy 3,178,17.800,replay,0.844903,0.013408,9,2.017629,0.000000,0.204509,-0.895045,,,106.899410,190.241377,0.561915,0.000000
kubernetes-default,K8s default,179,17.900,replay,0.850103,0.009552,9,2.004803,0.000000,0.203677,-0.912160,,,116.448142,190.801901,0.610309,0.000000
cga,CGA,179,17.900,replay,0.850103,0.009552,9,2.004803,0.000000,0.203677,-0.912160,,,110.503676,190.801901,0.579154,0.000000
hda,HDA,179,17.900,replay,0.850103,0.009552,9,2.004803,0.000000,0.203677,-0.912160,,,106.321030,190.801901,0.557233,0.000000
policy2,Policy 2,179,17.900,replay,0.850103,0.009552,9,2.004803,0.000000,0.203677,-0.912160,,,105.410906,190.801901,0.552463,0.000000
policy3,Policy 3,179,17.900,replay,0.850103,0.009552,9,2.004803,0.000000,0.203677,-0.912160,,,109.483563,190.801901,0.573808,0.000000
kubernetes-default,K8s default,180,18.000,replay,0.841361,0.007037,9,1.991578,0.000000,0.202845,-0.929345,,,117.824175,191.366198,0.615700,0.000000
cga,CGA,180,18.000,replay,0.841361,0.007037,9,1.991578,0.000000,0.202845,-0.929345,,,110.683485,191.366198,0.578386,0.000000
hda,HDA,180,18.000,replay,0.841361,0.007037,9,1.991578,0.000000,0.202845,-0.929345,,,107.589947,191.366198,0.562220,0.000000
policy2,Policy 2,180,18.000,replay,0.841361,0.007037,9,1.991578,0.000000,0.202845,-0.929345,,,112.375023,191.366198,0.587225,0.000000
policy3,Policy 3,180,18.000,replay,0.841361,0.007037,9,1.991578,0.000000,0.202845,-0.929345,,,109.897524,191.366198,0.574279,0.000000
kubernetes-default,K8s default,181,18.100,replay,0.892313,0.060195,9,1.977939,0.000000,0.202013,-0.946593,,,123.035785,191.934295,0.641031,0.000000
cga,CGA,181,18.100,replay,0.892313,0.060195,9,1.977939,0.000000,0.202013,-0.946593,,,110.901307,191.934295,0.577809,0.000000
hda,HDA,181,18.100,replay,0.892313,0.060195,9,1.977939,0.000000,0.202013,-0.946593,,,103.920628,191.934295,0.541439,0.000000
policy2,Policy 2,181,18.100,replay,0.892313,0.060195,9,1.977939,0.000000,0.202013,-0.946593,,,110.699113,191.934295,0.576755,0.000000
policy3,Policy 3,181,18.100,replay,0.892313,0.060195,9,1.977939,0.000000,0.202013,-0.946593,,,109.413972,191.934295,0.570060,0.000000
kubernetes-default,K8s default,182,18.200,replay,0.811905,0.087107,9,1.963871,0.000000,0.201182,-0.963896,,,120.263684,192.506219,0.624726,0.000000
cga,CGA,182,18.200,replay,0.811905,0.087107,9,1.963871,0.000000,0.201182,-0.963896,,,110.173332,192.506219,0.572311,0.000000
hda,HDA,182,18.200,replay,0.811905,0.087107,9,1.963871,0.000000,0.201182,-0.963896,,,103.664202,192.506219,0.538498,0.000000
policy2,Policy 2,182,18.200,replay,0.811905,0.087107,9,1.963871,0.000000,0.201182,-0.963896,,,112.941736,192.506219,0.586691,0.000000
policy3,Policy 3,182,18.200,replay,0.811905,0.087107,9,1.963871,0.000000,0.201182,-0.963896,,,107.877498,192.506219,0.560384,0.000000
kubernetes-default,K8s default,183,18.300,replay,0.816394,0.009015,9,1.949357,0.000000,0.200350,-0.981246,,,117.233774,193.081994,0.607171,0.000000
cga,CGA,183,18.300,replay,0.816394,0.009015,9,1.949357,0.000000,0.200350,-0.981246,,,106.199857,193.081994,0.550025,0.000000
hda,HDA,183,18.300,replay,0.816394,0.009015,9,1.949357,0.000000,0.200350,-0.981246,,,103.794278,193.081994,0.537566,0.000000
policy2,Policy 2,183,18.300,replay,0.816394,0.009015,9,1.949357,0.000000,0.200350,-0.981246,,,102.641926,193.081994,0.531598,0.000000
policy3,Policy 3,183,18.300,replay,0.816394,0.009015,9,1.949357,0.000000,0.200350,-0.981246,,,105.121525,193.081994,0.544440,0.000000
kubernetes-default,K8s default,184,18.400,replay,0.866666,0.061131,9,1.934381,0.000000,0.199520,-0.998635,,,126.757229,193.661644,0.654529,0.000000
cga,CGA,184,18.400,replay,0.866666,0.061131,9,1.934381,0.000000,0.199520,-0.998635,,,115.955498,193.661644,0.598753,0.000000
hda,HDA,184,18.400,replay,0.866666,0.061131,9,1.934381,0.000000,0.199520,-0.998635,,,111.200076,193.661644,0.574198,0.000000
policy2,Policy 2,184,18.400,replay,0.866666,0.061131,9,1.934381,0.000000,0.199520,-0.998635,,,111.059267,193.661644,0.573471,0.000000
policy3,Policy 3,184,18.400,replay,0.866666,0.061131,9,1.934381,0.000000,0.199520,-0.998635,,,107.675689,193.661644,0.555999,0.000000
kubernetes-default,K8s default,185,18.500,replay,0.830601,0.038413,9,1.918923,0.000000,0.198689,-1.016054,,,116.328226,194.245192,0.598873,0.000000
cga,CGA,185,18.500,replay,0.830601,0.038413,9,1.918923,0.000000,0.198689,-1.016054,,,110.735565,194.245192,0.570081,0.000000
hda,HDA,185,18.500,replay,0.830601,0.038413,9,1.918923,0.000000,0.198689,-1.016054,,,103.172023,194.245192,0.531143,0.000000
policy2,Policy 2,185,18.500,replay,0.830601,0.038413,9,1.918923,0.000000,0.198689,-1.016054,,,107.189131,194.245192,0.551824,0.000000
policy3,Policy 3,185,18.500,replay,0.830601,0.038413,9,1.918923,0.000000,0.198689,-1.016054,,,105.875192,194.245192,0.545060,0.000000
kubernetes-default,K8s default,186,18.600,replay,0.834256,0.007969,9,1.902963,0.000000,0.197859,-1.033496,,,118.644380,194.832659,0.608955,0.000000
cga,CGA,186,18.600,replay,0.834256,0.007969,9,1.902963,0.000000,0.197859,-1.033496,,,109.178887,194.832659,0.560373,0.000000
hda,HDA,186,18.600,replay,0.834256,0.007969,9,1.902963,0.000000,0.197859,-1.033496,,,103.039237,194.832659,0.528860,0.000000
policy2,Policy 2,186,18.600,replay,0.834256,0.007969,9,1.902963,0.000000,0.197859,-1.033496,,,104.760923,194.832659,0.537697,0.000000
policy3,Policy 3,186,18.600,replay,0.834256,0.007969,9,1.902963,0.000000,0.197859,-1.033496,,,109.228718,194.832659,0.560628,0.000000
kubernetes-default,K8s default,187,18.700,replay,0.866645,0.040599,9,1.886481,0.000000,0.197029,-1.050951,,,120.630597,195.424065,0.617276,0.000000
cga,CGA,187,18.700,replay,0.866645,0.040599,9,1.886481,0.000000,0.197029,-1.050951,,,117.877354,195.424065,0.603188,0.000000
hda,HDA,187,18.700,replay,0.866645,0.040599,9,1.886481,0.000000,0.197029,-1.050951,,,108.746203,195.424065,0.556463,0.000000
policy2,Policy 2,187,18.700,replay,0.866645,0.040599,9,1.886481,0.000000,0.197029,-1.050951,,,112.063467,195.424065,0.573437,0.000000
policy3,Policy 3,187,18.700,replay,0.866645,0.040599,9,1.886481,0.000000,0.197029,-1.050951,,,114.431057,195.424065,0.585553,0.000000
kubernetes-default,K8s default,188,18.800,replay,0.886966,0.026195,9,1.869452,0.000000,0.196199,-1.068412,,,126.217355,196.019428,0.643902,0.000000
cga,CGA,188,18.800,replay,0.886966,0.026195,9,1.869452,0.000000,0.196199,-1.068412,,,116.313787,196.019428,0.593379,0.000000
hda,HDA,188,18.800,replay,0.886966,0.026195,9,1.869452,0.000000,0.196199,-1.068412,,,110.903699,196.019428,0.565779,0.000000
policy2,Policy 2,188,18.800,replay,0.886966,0.026195,9,1.869452,0.000000,0.196199,-1.068412,,,109.967407,196.019428,0.561003,0.000000
policy3,Policy 3,188,18.800,replay,0.886966,0.026195,9,1.869452,0.000000,0.196199,-1.068412,,,111.670267,196.019428,0.569690,0.000000
kubernetes-default,K8s default,189,18.900,replay,0.875360,0.009744,9,1.851852,0.000000,0.195370,-1.085868,,,123.740190,196.618765,0.629341,0.000000
cga,CGA,189,18.900,replay,0.875360,0.009744,9,1.851852,0.000000,0.195370,-1.085868,,,113.776477,196.618765,0.578665,0.000000
hda,HDA,189,18.900,replay,0.875360,0.009744,9,1.851852,0.000000,0.195370,-1.085868,,,112.253667,196.618765,0.570920,0.000000
policy2,Policy 2,189,18.900,replay,0.875360,0.009744,9,1.851852,0.000000,0.195370,-1.085868,,,106.894568,196.618765,0.543664,0.000000
policy3,Policy 3,189,18.900,replay,0.875360,0.009744,9,1.851852,0.000000,0.195370,-1.085868,,,112.674677,196.618765,0.573062,0.000000
kubernetes-default,K8s default,190,19.000,replay,0.877242,0.014188,8,1.833653,0.000000,0.104121,0.962151,,,124.931745,197.222092,0.633457,0.000000
cga,CGA,190,19.000,replay,0.877242,0.014188,8,1.833653,0.000000,0.104121,0.962151,,,117.259614,197.222092,0.594556,0.000000
hda,HDA,190,19.000,replay,0.877242,0.014188,8,1.833653,0.000000,0.104121,0.962151,,,107.115204,197.222092,0.543120,0.000000
policy2,Policy 2,190,19.000,replay,0.877242,0.014188,8,1.833653,0.000000,0.104121,0.962151,,,115.178801,197.222092,0.584006,0.000000
policy3,Policy 3,190,19.000,replay,0.877242,0.014188,8,1.833653,0.000000,0.104121,0.962151,,,112.068883,197.222092,0.568237,0.000000
kubernetes-default,K8s default,191,19.100,replay,0.906350,0.035604,8,1.814825,0.000000,0.102925,0.982024,,,129.674377,197.829422,0.655486,0.000000
cga,CGA,191,19.100,replay,0.906350,0.035604,8,1.814825,0.000000,0.102925,0.982024,,,117.384956,197.829422,0.593364,0.000000
hda,HDA,191,19.100,replay,0.906350,0.035604,8,1.814825,0.000000,0.102925,0.982024,,,114.266369,197.829422,0.577600,0.000000
policy2,Policy 2,191,19.100,replay,0.906350,0.035604,8,1.814825,0.000000,0.102925,0.982024,,,115.552073,197.829422,0.584100,0.000000
policy3,Policy 3,191,19.100,replay,0.906350,0.035604,8,1.814825,0.000000,0.102925,0.982024,,,114.507421,197.829422,0.578819,0.000000
kubernetes-default,K8s default,192,19.200,replay,0.932234,0.038968,9,1.795335,0.000000,0.192884,-1.138123,,,129.570950,198.440769,0.652945,0.000000
cga,CGA,192,19.200,replay,0.932234,0.038968,9,1.795335,0.000000,0.192884,-1.138123,,,119.404501,198.440769,0.601714,0.000000
hda,HDA,192,19.200,replay,0.932234,0.038968,9,1.795335,0.000000,0.192884,-1.138123,,,113.372276,198.440769,0.571315,0.000000
policy2,Policy 2,192,19.200,replay,0.932234,0.038968,9,1.795335,0.000000,0.192884,-1.138123,,,117.520159,198.440769,0.592218,0.000000
policy3,Policy 3,192,19.200,replay,0.932234,0.038968,9,1.795335,0.000000,0.192884,-1.138123,,,119.827833,198.440769,0.603847,0.000000
kubernetes-default,K8s default,193,19.300,replay,0.942940,0.022639,8,1.775147,0.000000,0.100536,1.022228,,,130.146768,199.056143,0.653819,0.000000
cga,CGA,193,19.300,replay,0.942940,0.022639,8,1.775147,0.000000,0.100536,1.022228,,,121.723611,199.056143,0.611504,0.000000
hda,HDA,193,19.300,replay,0.942940,0.022639,8,1.775147,0.000000,0.100536,1.022228,,,117.054634,199.056143,0.588048,0.000000
policy2,Policy 2,193,19.300,replay,0.942940,0.022639,8,1.775147,0.000000,0.100536,1.022228,,,119.943149,199.056143,0.602559,0.000000
policy3,Policy 3,193,19.300,replay,0.942940,0.022639,8,1.775147,0.000000,0.100536,1.022228,,,110.363461,199.056143,0.554434,0.000000
kubernetes-default,K8s default,194,19.400,replay,0.878652,0.064777,8,1.754219,0.000000,0.099418,1.042522,,,130.491395,199.675553,0.653517,0.000000
cga,CGA,194,19.400,replay,0.878652,0.064777,8,1.754219,0.000000,0.099418,1.042522,,,119.329947,199.675553,0.597619,0.000000
hda,HDA,194,19.400,replay,0.878652,0.064777,8,1.754219,0.000000,0.099418,1.042522,,,112.603121,199.675553,0.563930,0.000000
policy2,Policy 2,194,19.400,replay,0.878652,0.064777,8,1.754219,0.000000,0.099418,1.042522,,,118.763503,199.675553,0.594782,0.000000
policy3,Policy 3,194,19.400,replay,0.878652,0.064777,8,1.754219,0.000000,0.099418,1.042522,,,114.310021,199.675553,0.572479,0.000000
kubernetes-default,K8s default,195,19.500,replay,0.921841,0.050328,8,1.732506,0.000000,0.098331,1.062913,,,129.215041,200.299006,0.645111,0.000000
cga,CGA,195,19.500,replay,0.921841,0.050328,8,1.732506,0.000000,0.098331,1.062913,,,119.239412,200.299006,0.595307,0.000000
hda,HDA,195,19.500,replay,0.921841,0.050328,8,1.732506,0.000000,0.098331,1.062913,,,114.060446,200.299006,0.569451,0.000000
policy2,Policy 2,195,19.500,replay,0.921841,0.050328,8,1.732506,0.000000,0.098331,1.062913,,,114.033905,200.299006,0.569318,0.000000
policy3,Policy 3,195,19.500,replay,0.921841,0.050328,8,1.732506,0.000000,0.098331,1.062913,,,119.286270,200.299006,0.595541,0.000000
kubernetes-default,K8s default,196,19.600,replay,0.968599,0.051755,8,1.709957,0.000000,0.097243,1.083380,,,130.198845,200.926508,0.647992,0.000000
cga,CGA,196,19.600,replay,0.968599,0.051755,8,1.709957,0.000000,0.097243,1.083380,,,118.887396,200.926508,0.591696,0.000000
hda,HDA,196,19.600,replay,0.968599,0.051755,8,1.709957,0.000000,0.097243,1.083380,,,120.595406,200.926508,0.600197,0.000000
policy2,Policy 2,196,19.600,replay,0.968599,0.051755,8,1.709957,0.000000,0.097243,1.083380,,,120.076724,200.926508,0.597615,0.000000
policy3,Policy 3,196,19.600,replay,0.968599,0.051755,8,1.709957,0.000000,0.097243,1.083380,,,116.318116,200.926508,0.578909,0.000000
kubernetes-default,K8s default,197,19.700,replay,0.914510,0.052366,8,1.686510,0.000000,0.096157,1.103895,,,129.259242,201.558062,0.641300,0.000000
cga,CGA,197,19.700,replay,0.914510,0.052366,8,1.686510,0.000000,0.096157,1.103895,,,121.858396,201.558062,0.604582,0.000000
hda,HDA,197,19.700,replay,0.914510,0.052366,8,1.686510,0.000000,0.096157,1.103895,,,108.532516,201.558062,0.538468,0.000000
policy2,Policy 2,197,19.700,replay,0.914510,0.052366,8,1.686510,0.000000,0.096157,1.103895,,,121.316492,201.558062,0.601894,0.000000
policy3,Policy 3,197,19.700,replay,0.914510,0.052366,8,1.686510,0.000000,0.096157,1.103895,,,115.315327,201.558062,0.572120,0.000000
kubernetes-default,K8s default,198,19.800,replay,0.915847,0.005133,8,1.662099,0.000000,0.095072,1.124431,,,124.719922,202.193671,0.616834,0.000000
cga,CGA,198,19.800,replay,0.915847,0.005133,8,1.662099,0.000000,0.095072,1.124431,,,119.085336,202.193671,0.588967,0.000000
hda,HDA,198,19.800,replay,0.915847,0.005133,8,1.662099,0.000000,0.095072,1.124431,,,114.705571,202.193671,0.567305,0.000000
policy2,Policy 2,198,19.800,replay,0.915847,0.005133,8,1.662099,0.000000,0.095072,1.124431,,,116.929916,202.193671,0.578307,0.000000
policy3,Policy 3,198,19.800,replay,0.915847,0.005133,8,1.662099,0.000000,0.095072,1.124431,,,115.204464,202.193671,0.569773,0.000000
kubernetes-default,K8s default,199,19.900,replay,0.926442,0.015082,8,1.636641,0.000000,0.093988,1.144958,,,127.572355,202.833333,0.628952,0.000000
cga,CGA,199,19.900,replay,0.926442,0.015082,8,1.636641,0.000000,0.093988,1.144958,,,125.504196,202.833333,0.618755,0.000000
hda,HDA,199,19.900,replay,0.926442,0.015082,8,1.636641,0.000000,0.093988,1.144958,,,118.697276,202.833333,0.585196,0.000000
policy2,Policy 2,199,19.900,replay,0.926442,0.015082,8,1.636641,0.000000,0.093988,1.144958,,,117.411238,202.833333,0.578856,0.000000
policy3,Policy 3,199,19.900,replay,0.926442,0.015082,8,1.636641,0.000000,0.093988,1.144958,,,115.808648,202.833333,0.570955,0.000000
