step,time_s,source,destination,weight
0,0.0,cartservice,redis-cart,15.078893
0,0.0,frontend,adservice,28.798931
0,0.0,frontend,cartservice,15.320820
0,0.0,frontend,currencyservice,59.596438
0,0.0,frontend,productcatalogservice,85.849594
0,0.0,frontend,recommendationservice,47.691038
0,0.0,recommendationservice,productcatalogservice,63.588051
1,1.0,cartservice,redis-cart,14.954575
1,1.0,frontend,adservice,28.727295
1,1.0,frontend,cartservice,15.165383
1,1.0,frontend,currencyservice,59.507600
1,1.0,frontend,productcatalogservice,85.606057
1,1.0,frontend,recommendationservice,47.553173
1,1.0,recommendationservice,productcatalogservice,63.404230
2,2.0,cartservice,redis-cart,14.834155
2,2.0,frontend,adservice,28.658285
2,2.0,frontend,cartservice,15.013689
2,2.0,frontend,currencyservice,59.424964
2,2.0,frontend,productcatalogservice,85.370559
2,2.0,frontend,recommendationservice,47.419558
2,2.0,recommendationservice,productcatalogservice,63.226077
3,3.0,cartservice,redis-cart,14.636519
3,3.0,frontend,adservice,28.434368
3,3.0,frontend,cartservice,14.783797
3,3.0,frontend,currencyservice,59.021554
3,3.0,frontend,productcatalogservice,84.673975
3,3.0,frontend,recommendationservice,47.029632
3,3.0,recommendationservice,productcatalogservice,62.706177
4,4.0,cartservice,redis-cart,15.085727
4,4.0,frontend,adservice,29.467327
4,4.0,frontend,cartservice,15.206040
4,4.0,frontend,currencyservice,61.229891
4,4.0,frontend,productcatalogservice,87.719437
4,4.0,frontend,recommendationservice,48.717792
4,4.0,recommendationservice,productcatalogservice,64.957057
5,5.0,cartservice,redis-cart,13.983638
5,5.0,frontend,adservice,27.460747
5,5.0,frontend,cartservice,14.065324
5,5.0,frontend,currencyservice,57.121311
5,5.0,frontend,productcatalogservice,81.717757
5,5.0,frontend,recommendationservice,45.381222
5,5.0,recommendationservice,productcatalogservice,60.508296
6,6.0,cartservice,redis-cart,14.178278
6,6.0,frontend,adservice,27.988587
6,6.0,frontend,cartservice,14.230185
6,6.0,frontend,currencyservice,58.282384
6,6.0,frontend,productcatalogservice,83.259605
6,6.0,frontend,recommendationservice,46.233832
6,6.0,recommendationservice,productcatalogservice,61.645110
7,7.0,cartservice,redis-cart,14.590755
7,7.0,frontend,adservice,28.949880
7,7.0,frontend,cartservice,14.611675
7,7.0,frontend,currencyservice,60.350531
7,7.0,frontend,productcatalogservice,86.089403
7,7.0,frontend,recommendationservice,47.801206
7,7.0,recommendationservice,productcatalogservice,63.734942
8,8.0,cartservice,redis-cart,13.892996
8,8.0,frontend,adservice,27.702646
8,8.0,frontend,cartservice,13.881326
8,8.0,frontend,currencyservice,57.815075
8,8.0,frontend,productcatalogservice,82.351973
8,8.0,frontend,recommendationservice,45.721932
8,8.0,recommendationservice,productcatalogservice,60.962575
9,9.0,cartservice,redis-cart,14.558122
9,9.0,frontend,adservice,29.169592
9,9.0,frontend,cartservice,14.512112
9,9.0,frontend,currencyservice,60.945735
9,9.0,frontend,productcatalogservice,86.682863
9,9.0,frontend,recommendationservice,48.121922
9,9.0,recommendationservice,productcatalogservice,64.162563
10,10.0,cartservice,redis-cart,14.110735
10,10.0,frontend,adservice,28.406402
10,10.0,frontend,cartservice,14.032742
10,10.0,frontend,currencyservice,59.419629
10,10.0,frontend,productcatalogservice,84.385831
10,10.0,frontend,recommendationservice,46.842078
10,10.0,recommendationservice,productcatalogservice,62.456104
11,11.0,cartservice,redis-cart,14.761520
11,11.0,frontend,adservice,29.852433
11,11.0,frontend,cartservice,14.644313
11,11.0,frontend,currencyservice,62.517539
11,11.0,frontend,productcatalogservice,88.651019
11,11.0,frontend,recommendationservice,49.204517
11,11.0,recommendationservice,productcatalogservice,65.606022
12,12.0,cartservice,redis-cart,13.897078
12,12.0,frontend,adservice,28.228847
12,12.0,frontend,cartservice,13.752566
12,12.0,frontend,currencyservice,59.187698
12,12.0,frontend,productcatalogservice,83.800792
12,12.0,frontend,recommendationservice,46.507358
12,12.0,recommendationservice,productcatalogservice,62.009811
13,13.0,cartservice,redis-cart,14.670114
13,13.0,frontend,adservice,29.926888
13,13.0,frontend,cartservice,14.480825
13,13.0,frontend,currencyservice,62.823747
13,13.0,frontend,productcatalogservice,88.811216
13,13.0,frontend,recommendationservice,49.282343
13,13.0,recommendationservice,productcatalogservice,65.709790
14,14.0,cartservice,redis-cart,14.764732
14,14.0,frontend,adservice,30.244613
14,14.0,frontend,cartservice,14.536581
14,14.0,frontend,currencyservice,63.568522
14,14.0,frontend,productcatalogservice,89.723428
14,14.0,frontend,recommendationservice,49.782535
14,14.0,recommendationservice,productcatalogservice,66.376713
15,15.0,cartservice,redis-cart,13.794851
15,15.0,frontend,adservice,28.370586
15,15.0,frontend,cartservice,13.545905
15,15.0,frontend,currencyservice,59.703818
15,15.0,frontend,productcatalogservice,84.135251
15,15.0,frontend,recommendationservice,46.676080
15,15.0,recommendationservice,productcatalogservice,62.234774
16,16.0,cartservice,redis-cart,13.726143
16,16.0,frontend,adservice,28.337495
16,16.0,frontend,cartservice,13.442225
16,16.0,frontend,currencyservice,59.709432
16,16.0,frontend,productcatalogservice,84.008516
16,16.0,frontend,recommendationservice,46.599636
16,16.0,recommendationservice,productcatalogservice,62.132848
17,17.0,cartservice,redis-cart,13.372541
17,17.0,frontend,adservice,27.708938
17,17.0,frontend,cartservice,13.060078
17,17.0,frontend,currencyservice,58.459766
17,17.0,frontend,productcatalogservice,82.117214
17,17.0,frontend,recommendationservice,45.544277
17,17.0,recommendationservice,productcatalogservice,60.725702
18,18.0,cartservice,redis-cart,13.694748
18,18.0,frontend,adservice,28.476245
18,18.0,frontend,cartservice,13.337445
18,18.0,frontend,currencyservice,60.156659
18,18.0,frontend,productcatalogservice,84.362574
18,18.0,frontend,recommendationservice,46.782922
18,18.0,recommendationservice,productcatalogservice,62.377229
19,19.0,cartservice,redis-cart,13.620473
19,19.0,frontend,adservice,28.416580
19,19.0,frontend,cartservice,13.227427
19,19.0,frontend,currencyservice,60.109725
19,19.0,frontend,productcatalogservice,84.157341
19,19.0,frontend,recommendationservice,46.662172
19,19.0,recommendationservice,productcatalogservice,62.216229
20,20.0,cartservice,redis-cart,13.967522
20,20.0,frontend,adservice,29.233212
20,20.0,frontend,cartservice,13.525243
20,20.0,frontend,currencyservice,61.919809
20,20.0,frontend,productcatalogservice,86.546623
20,20.0,frontend,recommendationservice,47.979528
20,20.0,recommendationservice,productcatalogservice,63.972704
21,21.0,cartservice,redis-cart,14.572185
21,21.0,frontend,adservice,30.590348
21,21.0,frontend,cartservice,14.069255
21,21.0,frontend,currencyservice,64.882253
21,21.0,frontend,productcatalogservice,90.534004
21,21.0,frontend,recommendationservice,50.181994
21,21.0,recommendationservice,productcatalogservice,66.909325
22,22.0,cartservice,redis-cart,13.595476
22,22.0,frontend,adservice,28.620695
22,22.0,frontend,cartservice,13.086996
22,22.0,frontend,currencyservice,60.788084
22,22.0,frontend,productcatalogservice,84.676235
22,22.0,frontend,recommendationservice,46.927290
22,22.0,recommendationservice,productcatalogservice,62.569720
23,23.0,cartservice,redis-cart,14.154997
23,23.0,frontend,adservice,29.877443
23,23.0,frontend,cartservice,13.584171
23,23.0,frontend,currencyservice,63.545803
23,23.0,frontend,productcatalogservice,88.364771
23,23.0,frontend,recommendationservice,48.963023
23,23.0,recommendationservice,productcatalogservice,65.284031
24,24.0,cartservice,redis-cart,13.629386
24,24.0,frontend,adservice,28.838862
24,24.0,frontend,cartservice,13.039368
24,24.0,frontend,currencyservice,61.423594
24,24.0,frontend,productcatalogservice,85.264561
24,24.0,frontend,recommendationservice,47.236760
24,24.0,recommendationservice,productcatalogservice,62.982347
25,25.0,cartservice,redis-cart,13.589908
25,25.0,frontend,adservice,28.820746
25,25.0,frontend,cartservice,12.960836
25,25.0,frontend,currencyservice,61.473016
25,25.0,frontend,productcatalogservice,85.182563
25,25.0,frontend,recommendationservice,47.182618
25,25.0,recommendationservice,productcatalogservice,62.910158
26,26.0,cartservice,redis-cart,13.415430
26,26.0,frontend,adservice,28.510004
26,26.0,frontend,cartservice,12.753726
26,26.0,frontend,currencyservice,60.898610
26,26.0,frontend,productcatalogservice,84.236078
26,26.0,frontend,recommendationservice,46.649451
26,26.0,recommendationservice,productcatalogservice,62.199268
27,27.0,cartservice,redis-cart,14.234809
27,27.0,frontend,adservice,30.308459
27,27.0,frontend,cartservice,13.489019
27,27.0,frontend,currencyservice,64.835590
27,27.0,frontend,productcatalogservice,89.520080
27,27.0,frontend,recommendationservice,49.565919
27,27.0,recommendationservice,productcatalogservice,66.087893
28,28.0,cartservice,redis-cart,14.384404
28,28.0,frontend,adservice,30.678744
28,28.0,frontend,cartservice,13.586185
28,28.0,frontend,currencyservice,65.725735
28,28.0,frontend,productcatalogservice,90.583746
28,28.0,frontend,recommendationservice,50.144637
28,28.0,recommendationservice,productcatalogservice,66.859516
29,29.0,cartservice,redis-cart,13.357957
29,29.0,frontend,adservice,28.531966
29,29.0,frontend,cartservice,12.574879
29,29.0,frontend,currencyservice,61.219064
29,29.0,frontend,productcatalogservice,84.217214
29,29.0,frontend,recommendationservice,46.610500
29,29.0,recommendationservice,productcatalogservice,62.147333
30,30.0,cartservice,redis-cart,14.015204
30,30.0,frontend,adservice,29.974220
30,30.0,frontend,cartservice,13.149313
30,30.0,frontend,currencyservice,64.412313
30,30.0,frontend,productcatalogservice,88.445124
30,30.0,frontend,recommendationservice,48.939845
30,30.0,recommendationservice,productcatalogservice,65.253127
31,31.0,cartservice,redis-cart,14.003200
31,31.0,frontend,adservice,29.980711
31,31.0,frontend,cartservice,13.093422
31,31.0,frontend,currencyservice,64.526476
31,31.0,frontend,productcatalogservice,88.435197
31,31.0,frontend,recommendationservice,48.923412
31,31.0,recommendationservice,productcatalogservice,65.231215
32,32.0,cartservice,redis-cart,13.962027
32,32.0,frontend,adservice,29.918315
32,32.0,frontend,cartservice,13.010069
32,32.0,frontend,currencyservice,64.493692
32,32.0,frontend,productcatalogservice,88.222215
32,32.0,frontend,recommendationservice,48.794344
32,32.0,recommendationservice,productcatalogservice,65.059125
33,33.0,cartservice,redis-cart,13.542790
33,33.0,frontend,adservice,29.038700
33,33.0,frontend,cartservice,12.575584
33,33.0,frontend,currencyservice,62.697544
33,33.0,frontend,productcatalogservice,85.600442
33,33.0,frontend,recommendationservice,47.333049
33,33.0,recommendationservice,productcatalogservice,63.110732
34,34.0,cartservice,redis-cart,13.173414
34,34.0,frontend,adservice,28.258731
34,34.0,frontend,cartservice,12.189663
34,34.0,frontend,currencyservice,61.112279
34,34.0,frontend,productcatalogservice,83.274090
34,34.0,frontend,recommendationservice,46.035438
34,34.0,recommendationservice,productcatalogservice,61.380584
35,35.0,cartservice,redis-cart,13.977256
35,35.0,frontend,adservice,29.989206
35,35.0,frontend,cartservice,12.887651
35,35.0,frontend,currencyservice,64.960981
35,35.0,frontend,productcatalogservice,88.344807
35,35.0,frontend,recommendationservice,48.826347
35,35.0,recommendationservice,productcatalogservice,65.101796
36,36.0,cartservice,redis-cart,13.646692
36,36.0,frontend,adservice,29.279331
36,36.0,frontend,cartservice,12.537868
36,36.0,frontend,currencyservice,63.528699
36,36.0,frontend,productcatalogservice,86.225647
36,36.0,frontend,recommendationservice,47.642811
36,36.0,recommendationservice,productcatalogservice,63.523747
37,37.0,cartservice,redis-cart,13.583165
37,37.0,frontend,adservice,29.135745
37,37.0,frontend,cartservice,12.434509
37,37.0,frontend,currencyservice,63.323602
37,37.0,frontend,productcatalogservice,85.775077
37,37.0,frontend,recommendationservice,47.381255
37,37.0,recommendationservice,productcatalogservice,63.175006
38,38.0,cartservice,redis-cart,14.081458
38,38.0,frontend,adservice,30.190021
38,38.0,frontend,cartservice,12.843823
38,38.0,frontend,currencyservice,65.726901
38,38.0,frontend,productcatalogservice,88.850226
38,38.0,frontend,recommendationservice,49.066524
38,38.0,recommendationservice,productcatalogservice,65.422032
39,39.0,cartservice,redis-cart,13.240518
39,39.0,frontend,adservice,28.366735
39,39.0,frontend,cartservice,12.032597
39,39.0,frontend,currencyservice,61.864143
39,39.0,frontend,productcatalogservice,83.457439
39,39.0,frontend,recommendationservice,46.075479
39,39.0,recommendationservice,productcatalogservice,61.433972
40,40.0,cartservice,redis-cart,13.353448
40,40.0,frontend,adservice,28.581370
40,40.0,frontend,cartservice,12.090526
40,40.0,frontend,currencyservice,62.441361
40,40.0,frontend,productcatalogservice,84.062017
40,40.0,frontend,recommendationservice,46.395872
40,40.0,recommendationservice,productcatalogservice,61.861163
41,41.0,cartservice,redis-cart,13.449124
41,41.0,frontend,adservice,28.751749
41,41.0,frontend,cartservice,12.132040
41,41.0,frontend,currencyservice,62.924983
41,41.0,frontend,productcatalogservice,84.536171
41,41.0,frontend,recommendationservice,46.643752
41,41.0,recommendationservice,productcatalogservice,62.191670
42,42.0,cartservice,redis-cart,14.380995
42,42.0,frontend,adservice,30.699695
42,42.0,frontend,cartservice,12.924346
42,42.0,frontend,currencyservice,67.308876
42,42.0,frontend,productcatalogservice,90.234869
42,42.0,frontend,recommendationservice,49.772935
42,42.0,recommendationservice,productcatalogservice,66.363914
43,43.0,cartservice,redis-cart,13.716487
43,43.0,frontend,adservice,29.231823
43,43.0,frontend,cartservice,12.281041
43,43.0,frontend,currencyservice,64.207188
43,43.0,frontend,productcatalogservice,85.893196
43,43.0,frontend,recommendationservice,47.363317
43,43.0,recommendationservice,productcatalogservice,63.151089
44,44.0,cartservice,redis-cart,13.791978
44,44.0,frontend,adservice,29.335893
44,44.0,frontend,cartservice,12.302275
44,44.0,frontend,currencyservice,64.554523
44,44.0,frontend,productcatalogservice,86.171816
44,44.0,frontend,recommendationservice,47.501743
44,44.0,recommendationservice,productcatalogservice,63.335658
45,45.0,cartservice,redis-cart,14.175396
45,45.0,frontend,adservice,30.085592
45,45.0,frontend,cartservice,12.596672
45,45.0,frontend,currencyservice,66.327823
45,45.0,frontend,productcatalogservice,88.346243
45,45.0,frontend,recommendationservice,48.684395
45,45.0,recommendationservice,productcatalogservice,64.912526
46,46.0,cartservice,redis-cart,13.572479
46,46.0,frontend,adservice,28.735776
46,46.0,frontend,cartservice,12.015391
46,46.0,frontend,currencyservice,63.471718
46,46.0,frontend,productcatalogservice,84.356121
46,46.0,frontend,recommendationservice,46.469932
46,46.0,recommendationservice,productcatalogservice,61.959910
47,47.0,cartservice,redis-cart,13.264579
47,47.0,frontend,adservice,28.008279
47,47.0,frontend,cartservice,11.698438
47,47.0,frontend,currencyservice,61.983245
47,47.0,frontend,productcatalogservice,82.194888
47,47.0,frontend,recommendationservice,45.263726
47,47.0,recommendationservice,productcatalogservice,60.351634
48,48.0,cartservice,redis-cart,13.567630
48,48.0,frontend,adservice,28.563673
48,48.0,frontend,cartservice,11.920458
48,48.0,frontend,currencyservice,63.334889
48,48.0,frontend,productcatalogservice,83.798787
48,48.0,frontend,recommendationservice,46.130645
48,48.0,recommendationservice,productcatalogservice,61.507527
49,49.0,cartservice,redis-cart,13.319828
49,49.0,frontend,adservice,27.951994
49,49.0,frontend,cartservice,11.658488
49,49.0,frontend,currencyservice,62.100264
49,49.0,frontend,productcatalogservice,81.978953
49,49.0,frontend,recommendationservice,45.112475
49,49.0,recommendationservice,productcatalogservice,60.149967
50,50.0,cartservice,redis-cart,14.235030
50,50.0,frontend,adservice,29.768908
50,50.0,frontend,cartservice,12.412468
50,50.0,frontend,currencyservice,66.268321
50,50.0,frontend,productcatalogservice,87.280853
50,50.0,frontend,recommendationservice,48.012231
50,50.0,recommendationservice,productcatalogservice,64.016308
51,51.0,cartservice,redis-cart,14.376950
51,51.0,frontend,adservice,29.953465
51,51.0,frontend,cartservice,12.488936
51,51.0,frontend,currencyservice,66.813369
51,51.0,frontend,productcatalogservice,87.795102
51,51.0,frontend,recommendationservice,48.276734
51,51.0,recommendationservice,productcatalogservice,64.368978
52,52.0,cartservice,redis-cart,13.860226
52,52.0,frontend,adservice,28.761476
52,52.0,frontend,cartservice,11.994775
52,52.0,frontend,currencyservice,64.285296
52,52.0,frontend,productcatalogservice,84.275667
52,52.0,frontend,recommendationservice,46.323404
52,52.0,recommendationservice,productcatalogservice,61.764539
53,53.0,cartservice,redis-cart,13.399813
53,53.0,frontend,adservice,27.687535
53,53.0,frontend,cartservice,11.552852
53,53.0,frontend,currencyservice,62.012607
53,53.0,frontend,productcatalogservice,81.104285
53,53.0,frontend,recommendationservice,44.562411
53,53.0,recommendationservice,productcatalogservice,59.416548
54,54.0,cartservice,redis-cart,13.513397
54,54.0,frontend,adservice,27.795750
54,54.0,frontend,cartservice,11.607284
54,54.0,frontend,currencyservice,62.385037
54,54.0,frontend,productcatalogservice,81.396750
54,54.0,frontend,recommendationservice,44.704827
54,54.0,recommendationservice,productcatalogservice,59.606436
55,55.0,cartservice,redis-cart,13.609498
55,55.0,frontend,adservice,27.859114
55,55.0,frontend,cartservice,11.646412
55,55.0,frontend,currencyservice,62.659503
55,55.0,frontend,productcatalogservice,81.557866
55,55.0,frontend,recommendationservice,44.774576
55,55.0,recommendationservice,productcatalogservice,59.699435
56,56.0,cartservice,redis-cart,13.741538
56,56.0,frontend,adservice,27.986881
56,56.0,frontend,cartservice,11.715993
56,56.0,frontend,currencyservice,63.081662
56,56.0,frontend,productcatalogservice,81.907502
56,56.0,frontend,recommendationservice,44.947269
56,56.0,recommendationservice,productcatalogservice,59.929692
57,57.0,cartservice,redis-cart,14.249493
57,57.0,frontend,adservice,28.866545
57,57.0,frontend,cartservice,12.104534
57,57.0,frontend,currencyservice,65.205449
57,57.0,frontend,productcatalogservice,84.456948
57,57.0,frontend,recommendationservice,46.325984
57,57.0,recommendationservice,productcatalogservice,61.767979
58,58.0,cartservice,redis-cart,13.612141
58,58.0,frontend,adservice,27.420794
58,58.0,frontend,cartservice,11.521064
58,58.0,frontend,currencyservice,62.075632
58,58.0,frontend,productcatalogservice,80.203399
58,58.0,frontend,recommendationservice,43.973120
58,58.0,recommendationservice,productcatalogservice,58.630826
59,59.0,cartservice,redis-cart,14.268092
59,59.0,frontend,adservice,28.573234
59,59.0,frontend,cartservice,12.032712
59,59.0,frontend,currencyservice,64.828243
59,59.0,frontend,productcatalogservice,83.549743
59,59.0,frontend,recommendationservice,45.786806
59,59.0,recommendationservice,productcatalogservice,61.049075
60,60.0,cartservice,redis-cart,14.225941
60,60.0,frontend,adservice,28.313657
60,60.0,frontend,cartservice,11.954338
60,60.0,frontend,currencyservice,64.383766
60,60.0,frontend,productcatalogservice,82.766675
60,60.0,frontend,recommendationservice,45.336386
60,60.0,recommendationservice,productcatalogservice,60.448515
61,61.0,cartservice,redis-cart,13.988429
61,61.0,frontend,adservice,27.662207
61,61.0,frontend,cartservice,11.713243
61,61.0,frontend,currencyservice,63.045590
61,61.0,frontend,productcatalogservice,80.839020
61,61.0,frontend,recommendationservice,44.259238
61,61.0,recommendationservice,productcatalogservice,59.012317
62,62.0,cartservice,redis-cart,14.141083
62,62.0,frontend,adservice,27.776972
62,62.0,frontend,cartservice,11.799749
62,62.0,frontend,checkoutservice,5.030441
62,62.0,frontend,currencyservice,63.453022
62,62.0,frontend,productcatalogservice,81.151150
62,62.0,frontend,recommendationservice,44.408320
62,62.0,recommendationservice,productcatalogservice,59.211093
63,63.0,cartservice,redis-cart,14.838272
63,63.0,frontend,adservice,28.943521
63,63.0,frontend,cartservice,12.338856
63,63.0,frontend,checkoutservice,5.333289
63,63.0,frontend,currencyservice,66.272060
63,63.0,frontend,productcatalogservice,84.535209
63,63.0,frontend,recommendationservice,46.236957
63,63.0,recommendationservice,productcatalogservice,61.649276
64,64.0,cartservice,redis-cart,14.952072
64,64.0,frontend,adservice,28.954550
64,64.0,frontend,cartservice,12.391255
64,64.0,frontend,checkoutservice,5.428490
64,64.0,frontend,currencyservice,66.453812
64,64.0,frontend,productcatalogservice,84.543555
64,64.0,frontend,recommendationservice,46.217790
64,64.0,recommendationservice,productcatalogservice,61.623720
65,65.0,cartservice,redis-cart,14.353828
65,65.0,frontend,adservice,27.587498
65,65.0,frontend,cartservice,11.855673
65,65.0,frontend,checkoutservice,5.262461
65,65.0,frontend,currencyservice,63.467556
65,65.0,frontend,productcatalogservice,80.529391
65,65.0,frontend,recommendationservice,44.000250
65,65.0,recommendationservice,productcatalogservice,58.667000
66,66.0,cartservice,redis-cart,14.830780
66,66.0,frontend,adservice,28.282624
66,66.0,frontend,cartservice,12.209294
66,66.0,frontend,checkoutservice,5.489165
66,66.0,frontend,currencyservice,65.224095
66,66.0,frontend,productcatalogservice,82.535582
66,66.0,frontend,recommendationservice,45.072219
66,66.0,recommendationservice,productcatalogservice,60.096293
67,67.0,cartservice,redis-cart,15.454425
67,67.0,frontend,adservice,29.234927
67,67.0,frontend,cartservice,12.681548
67,67.0,frontend,checkoutservice,5.772902
67,67.0,frontend,currencyservice,67.585249
67,67.0,frontend,productcatalogservice,85.291155
67,67.0,frontend,recommendationservice,46.551486
67,67.0,recommendationservice,productcatalogservice,62.068648
68,68.0,cartservice,redis-cart,15.056166
68,68.0,frontend,adservice,28.244881
68,68.0,frontend,cartservice,12.315518
68,68.0,frontend,checkoutservice,5.674571
68,68.0,frontend,currencyservice,65.458185
68,68.0,frontend,productcatalogservice,82.380281
68,68.0,frontend,recommendationservice,44.937550
68,68.0,recommendationservice,productcatalogservice,59.916733
69,69.0,cartservice,redis-cart,15.541954
69,69.0,frontend,adservice,28.906152
69,69.0,frontend,cartservice,12.673307
69,69.0,frontend,checkoutservice,5.908539
69,69.0,frontend,currencyservice,67.158606
69,69.0,frontend,productcatalogservice,84.286193
69,69.0,frontend,recommendationservice,45.950874
69,69.0,recommendationservice,productcatalogservice,61.267833
70,70.0,cartservice,redis-cart,15.825795
70,70.0,frontend,adservice,29.173813
70,70.0,frontend,cartservice,12.865429
70,70.0,frontend,checkoutservice,6.067013
70,70.0,frontend,currencyservice,67.952399
70,70.0,frontend,productcatalogservice,85.043896
70,70.0,frontend,recommendationservice,46.336824
70,70.0,recommendationservice,productcatalogservice,61.782433
71,71.0,cartservice,redis-cart,15.234758
71,71.0,frontend,adservice,27.828543
71,71.0,frontend,cartservice,12.348043
71,71.0,frontend,checkoutservice,5.887885
71,71.0,frontend,currencyservice,64.985340
71,71.0,frontend,productcatalogservice,81.100849
71,71.0,frontend,recommendationservice,44.162002
71,71.0,recommendationservice,productcatalogservice,58.882669
72,72.0,cartservice,redis-cart,14.864282
72,72.0,frontend,adservice,26.897442
72,72.0,frontend,cartservice,12.012706
72,72.0,frontend,checkoutservice,5.789781
72,72.0,frontend,currencyservice,62.974177
72,72.0,frontend,productcatalogservice,78.366801
72,72.0,frontend,recommendationservice,42.647155
72,72.0,recommendationservice,productcatalogservice,56.862873
73,73.0,cartservice,redis-cart,14.777248
73,73.0,frontend,adservice,26.482462
73,73.0,frontend,cartservice,11.908479
73,73.0,frontend,checkoutservice,5.799452
73,73.0,frontend,currencyservice,62.165559
73,73.0,frontend,productcatalogservice,77.137748
73,73.0,frontend,recommendationservice,41.952104
73,73.0,recommendationservice,productcatalogservice,55.936139
74,74.0,cartservice,redis-cart,15.769197
74,74.0,frontend,adservice,27.980695
74,74.0,frontend,cartservice,12.672743
74,74.0,frontend,checkoutservice,6.233898
74,74.0,frontend,currencyservice,65.857230
74,74.0,frontend,productcatalogservice,81.480911
74,74.0,frontend,recommendationservice,44.285920
74,74.0,recommendationservice,productcatalogservice,59.047893
75,75.0,cartservice,redis-cart,16.410165
75,75.0,checkoutservice,cartservice,5.226272
75,75.0,frontend,adservice,28.822602
75,75.0,frontend,cartservice,13.152419
75,75.0,frontend,checkoutservice,6.532840
75,75.0,frontend,currencyservice,68.021350
75,75.0,frontend,productcatalogservice,83.911344
75,75.0,frontend,recommendationservice,45.577187
75,75.0,recommendationservice,productcatalogservice,60.769583
76,76.0,cartservice,redis-cart,15.999343
76,76.0,checkoutservice,cartservice,5.129833
76,76.0,frontend,adservice,27.808771
76,76.0,frontend,cartservice,12.789711
76,76.0,frontend,checkoutservice,6.412291
76,76.0,frontend,currencyservice,65.807397
76,76.0,frontend,productcatalogservice,80.939554
76,76.0,frontend,recommendationservice,43.933786
76,76.0,recommendationservice,productcatalogservice,58.578381
77,77.0,cartservice,redis-cart,15.698554
77,77.0,checkoutservice,cartservice,5.066018
77,77.0,frontend,adservice,26.995273
77,77.0,frontend,cartservice,12.517543
77,77.0,frontend,checkoutservice,6.332523
77,77.0,frontend,currencyservice,64.058297
77,77.0,frontend,productcatalogservice,78.552444
77,77.0,frontend,recommendationservice,42.609098
77,77.0,recommendationservice,productcatalogservice,56.812130
78,78.0,cartservice,redis-cart,15.432236
78,78.0,checkoutservice,cartservice,5.011029
78,78.0,frontend,adservice,26.247950
78,78.0,frontend,cartservice,12.275095
78,78.0,frontend,checkoutservice,6.263787
78,78.0,frontend,currencyservice,62.458536
78,78.0,frontend,productcatalogservice,76.359278
78,78.0,frontend,recommendationservice,41.390719
78,78.0,recommendationservice,productcatalogservice,55.187626
79,79.0,cartservice,redis-cart,16.605278
79,79.0,checkoutservice,cartservice,5.424019
79,79.0,frontend,adservice,27.928154
79,79.0,frontend,cartservice,13.176957
79,79.0,frontend,checkoutservice,6.780024
79,79.0,frontend,currencyservice,66.644069
79,79.0,frontend,productcatalogservice,81.227788
79,79.0,frontend,recommendationservice,43.998505
79,79.0,recommendationservice,productcatalogservice,58.664673
80,80.0,cartservice,redis-cart,15.675427
80,80.0,checkoutservice,cartservice,5.149422
80,80.0,frontend,adservice,26.063768
80,80.0,frontend,cartservice,12.410759
80,80.0,frontend,checkoutservice,6.436778
80,80.0,frontend,currencyservice,62.372565
80,80.0,frontend,productcatalogservice,75.787427
80,80.0,frontend,recommendationservice,41.021928
80,80.0,recommendationservice,productcatalogservice,54.695903
81,81.0,cartservice,redis-cart,16.657159
81,81.0,checkoutservice,cartservice,5.501641
81,81.0,frontend,adservice,27.373719
81,81.0,frontend,cartservice,13.159137
81,81.0,frontend,checkoutservice,6.877052
81,81.0,frontend,currencyservice,65.696422
81,81.0,frontend,productcatalogservice,79.577992
81,81.0,frontend,recommendationservice,43.041843
81,81.0,recommendationservice,productcatalogservice,57.389124
82,82.0,cartservice,redis-cart,16.989499
82,82.0,checkoutservice,cartservice,5.640447
82,82.0,frontend,adservice,27.588179
82,82.0,frontend,cartservice,13.393453
82,82.0,frontend,checkoutservice,7.050559
82,82.0,frontend,currencyservice,66.404414
82,82.0,frontend,productcatalogservice,80.183147
82,82.0,frontend,recommendationservice,43.336437
82,82.0,recommendationservice,productcatalogservice,57.781916
83,83.0,cartservice,redis-cart,16.852638
83,83.0,checkoutservice,cartservice,5.622546
83,83.0,frontend,adservice,27.034336
83,83.0,frontend,cartservice,13.258789
83,83.0,frontend,checkoutservice,7.028182
83,83.0,frontend,currencyservice,65.263484
83,83.0,frontend,productcatalogservice,78.555830
83,83.0,frontend,recommendationservice,42.424220
83,83.0,recommendationservice,productcatalogservice,56.565627
84,84.0,cartservice,redis-cart,17.423803
84,84.0,checkoutservice,cartservice,5.840259
84,84.0,checkoutservice,paymentservice,5.110226
84,84.0,frontend,adservice,27.605346
84,84.0,frontend,cartservice,13.681752
84,84.0,frontend,checkoutservice,7.300324
84,84.0,frontend,currencyservice,66.841030
84,84.0,frontend,productcatalogservice,80.197416
84,84.0,frontend,recommendationservice,43.276701
84,84.0,recommendationservice,productcatalogservice,57.702269
85,85.0,cartservice,redis-cart,16.334688
85,85.0,checkoutservice,cartservice,5.499423
85,85.0,frontend,adservice,25.554177
85,85.0,frontend,cartservice,12.802991
85,85.0,frontend,checkoutservice,6.874279
85,85.0,frontend,currencyservice,62.061473
85,85.0,frontend,productcatalogservice,74.222468
85,85.0,frontend,recommendationservice,40.020303
85,85.0,recommendationservice,productcatalogservice,53.360404
86,86.0,cartservice,redis-cart,16.518471
86,86.0,checkoutservice,cartservice,5.584545
86,86.0,frontend,adservice,25.510646
86,86.0,frontend,cartservice,12.924437
86,86.0,frontend,checkoutservice,6.980682
86,86.0,frontend,currencyservice,62.145099
86,86.0,frontend,productcatalogservice,74.080381
86,86.0,frontend,recommendationservice,39.910955
86,86.0,recommendationservice,productcatalogservice,53.214607
87,87.0,cartservice,redis-cart,18.116028
87,87.0,checkoutservice,cartservice,6.148773
87,87.0,checkoutservice,paymentservice,5.380177
87,87.0,frontend,adservice,27.613172
87,87.0,frontend,cartservice,14.150945
87,87.0,frontend,checkoutservice,7.685967
87,87.0,frontend,currencyservice,67.474875
87,87.0,frontend,productcatalogservice,80.169339
87,87.0,frontend,recommendationservice,43.155261
87,87.0,recommendationservice,productcatalogservice,57.540348
88,88.0,cartservice,redis-cart,17.491911
88,88.0,checkoutservice,cartservice,5.958920
88,88.0,checkoutservice,paymentservice,5.214055
88,88.0,frontend,adservice,26.308427
88,88.0,frontend,cartservice,13.642062
88,88.0,frontend,checkoutservice,7.448650
88,88.0,frontend,currencyservice,64.487607
88,88.0,frontend,productcatalogservice,76.365852
88,88.0,frontend,recommendationservice,41.072737
88,88.0,recommendationservice,productcatalogservice,54.763650
89,89.0,cartservice,redis-cart,17.262620
89,89.0,checkoutservice,cartservice,5.901203
89,89.0,checkoutservice,paymentservice,5.163553
89,89.0,frontend,adservice,25.613723
89,89.0,frontend,cartservice,13.443408
89,89.0,frontend,checkoutservice,7.376504
89,89.0,frontend,currencyservice,62.983242
89,89.0,frontend,productcatalogservice,74.334676
89,89.0,frontend,recommendationservice,39.945442
89,89.0,recommendationservice,productcatalogservice,53.260589
90,90.0,cartservice,redis-cart,18.237178
90,90.0,checkoutservice,cartservice,6.254538
90,90.0,checkoutservice,paymentservice,5.472721
90,90.0,frontend,adservice,26.689324
90,90.0,frontend,cartservice,14.182731
90,90.0,frontend,checkoutservice,7.818172
90,90.0,frontend,currencyservice,65.837945
90,90.0,frontend,productcatalogservice,77.441356
90,90.0,frontend,recommendationservice,41.577870
90,90.0,recommendationservice,productcatalogservice,55.437161
91,91.0,cartservice,redis-cart,18.590027
91,91.0,checkoutservice,cartservice,6.394741
91,91.0,checkoutservice,paymentservice,5.595399
91,91.0,frontend,adservice,26.827546
91,91.0,frontend,cartservice,14.438475
91,91.0,frontend,checkoutservice,7.993427
91,91.0,frontend,currencyservice,66.392898
91,91.0,frontend,productcatalogservice,77.827886
91,91.0,frontend,recommendationservice,41.747463
91,91.0,recommendationservice,productcatalogservice,55.663284
92,92.0,cartservice,redis-cart,17.854309
92,92.0,checkoutservice,cartservice,6.158779
92,92.0,checkoutservice,paymentservice,5.388932
92,92.0,frontend,adservice,25.402336
92,92.0,frontend,cartservice,13.850419
92,92.0,frontend,checkoutservice,7.698474
92,92.0,frontend,currencyservice,63.071329
92,92.0,frontend,productcatalogservice,73.679926
92,92.0,frontend,recommendationservice,39.485851
92,92.0,recommendationservice,productcatalogservice,52.647801
93,93.0,cartservice,redis-cart,17.797103
93,93.0,checkoutservice,cartservice,6.154804
93,93.0,checkoutservice,paymentservice,5.385454
93,93.0,frontend,adservice,24.958577
93,93.0,frontend,cartservice,13.790722
93,93.0,frontend,checkoutservice,7.693505
93,93.0,frontend,currencyservice,62.174399
93,93.0,frontend,productcatalogservice,72.380072
93,93.0,frontend,recommendationservice,38.752573
93,93.0,recommendationservice,productcatalogservice,51.670098
94,94.0,cartservice,redis-cart,17.987043
94,94.0,checkoutservice,cartservice,6.235113
94,94.0,checkoutservice,paymentservice,5.455724
94,94.0,frontend,adservice,24.858906
94,94.0,frontend,cartservice,13.923689
94,94.0,frontend,checkoutservice,7.793891
94,94.0,frontend,currencyservice,62.133117
94,94.0,frontend,productcatalogservice,72.078771
94,94.0,frontend,recommendationservice,38.554025
94,94.0,recommendationservice,productcatalogservice,51.405367
95,95.0,cartservice,redis-cart,18.951349
95,95.0,checkoutservice,cartservice,6.583429
95,95.0,checkoutservice,paymentservice,5.760500
95,95.0,frontend,adservice,25.806407
95,95.0,frontend,cartservice,14.656499
95,95.0,frontend,checkoutservice,8.229286
95,95.0,frontend,currencyservice,64.719333
95,95.0,frontend,productcatalogservice,74.813790
95,95.0,frontend,recommendationservice,39.977559
95,95.0,recommendationservice,productcatalogservice,53.303413
96,96.0,cartservice,redis-cart,19.578864
96,96.0,checkoutservice,cartservice,6.814538
96,96.0,checkoutservice,paymentservice,5.962721
96,96.0,checkoutservice,shippingservice,5.110904
96,96.0,frontend,adservice,26.263656
96,96.0,frontend,cartservice,15.129048
96,96.0,frontend,checkoutservice,8.518173
96,96.0,frontend,currencyservice,66.091124
96,96.0,frontend,productcatalogservice,76.127350
96,96.0,frontend,recommendationservice,40.638615
96,96.0,recommendationservice,productcatalogservice,54.184820
97,97.0,cartservice,redis-cart,18.603945
97,97.0,checkoutservice,cartservice,6.486373
97,97.0,checkoutservice,paymentservice,5.675577
97,97.0,frontend,adservice,24.579315
97,97.0,frontend,cartservice,14.364854
97,97.0,frontend,checkoutservice,8.107967
97,97.0,frontend,currencyservice,62.066235
97,97.0,frontend,productcatalogservice,71.234350
97,97.0,frontend,recommendationservice,37.987645
97,97.0,recommendationservice,productcatalogservice,50.650193
98,98.0,cartservice,redis-cart,19.316848
98,98.0,checkoutservice,cartservice,6.745183
98,98.0,checkoutservice,paymentservice,5.902036
98,98.0,checkoutservice,shippingservice,5.058888
98,98.0,frontend,adservice,25.131388
98,98.0,frontend,cartservice,14.905347
98,98.0,frontend,checkoutservice,8.431479
98,98.0,frontend,currencyservice,63.681908
98,98.0,frontend,productcatalogservice,72.823773
98,98.0,frontend,recommendationservice,38.794643
98,98.0,recommendationservice,productcatalogservice,51.726191
99,99.0,cartservice,redis-cart,18.766444
99,99.0,checkoutservice,cartservice,6.561669
99,99.0,checkoutservice,paymentservice,5.741461
99,99.0,frontend,adservice,24.037970
99,99.0,frontend,cartservice,14.472204
99,99.0,frontend,checkoutservice,8.202086
99,99.0,frontend,currencyservice,61.126249
99,99.0,frontend,productcatalogservice,69.645723
99,99.0,frontend,recommendationservice,37.062059
99,99.0,recommendationservice,productcatalogservice,49.416079
100,100.0,cartservice,redis-cart,19.186977
100,100.0,checkoutservice,cartservice,6.716293
100,100.0,checkoutservice,paymentservice,5.876756
100,100.0,checkoutservice,shippingservice,5.037219
100,100.0,frontend,adservice,24.192447
100,100.0,frontend,cartservice,14.789135
100,100.0,frontend,checkoutservice,8.395366
100,100.0,frontend,currencyservice,61.738574
100,100.0,frontend,productcatalogservice,70.084089
100,100.0,frontend,recommendationservice,37.254754
100,100.0,recommendationservice,productcatalogservice,49.673006
101,101.0,cartservice,redis-cart,19.702879
101,101.0,checkoutservice,cartservice,6.903366
101,101.0,checkoutservice,paymentservice,6.040446
101,101.0,checkoutservice,shippingservice,5.177525
101,101.0,frontend,adservice,24.450284
101,101.0,frontend,cartservice,15.180481
101,101.0,frontend,checkoutservice,8.629208
101,101.0,frontend,currencyservice,62.621591
101,101.0,frontend,productcatalogservice,70.822239
101,101.0,frontend,recommendationservice,37.605345
101,101.0,recommendationservice,productcatalogservice,50.140460
102,102.0,cartservice,redis-cart,20.047538
102,102.0,checkoutservice,cartservice,7.029421
102,102.0,checkoutservice,paymentservice,6.150743
102,102.0,checkoutservice,shippingservice,5.272066
102,102.0,frontend,adservice,24.480570
102,102.0,frontend,cartservice,15.440883
102,102.0,frontend,checkoutservice,8.786776
102,102.0,frontend,currencyservice,62.927683
102,102.0,frontend,productcatalogservice,70.901693
102,102.0,frontend,recommendationservice,37.604907
102,102.0,recommendationservice,productcatalogservice,50.139876
103,103.0,cartservice,redis-cart,19.399671
103,103.0,checkoutservice,cartservice,6.806140
103,103.0,checkoutservice,paymentservice,5.955372
103,103.0,checkoutservice,shippingservice,5.104605
103,103.0,frontend,adservice,23.307093
103,103.0,frontend,cartservice,14.938109
103,103.0,frontend,checkoutservice,8.507674
103,103.0,frontend,currencyservice,60.131917
103,103.0,frontend,productcatalogservice,67.495659
103,103.0,frontend,recommendationservice,35.757069
103,103.0,recommendationservice,productcatalogservice,47.676091
104,104.0,cartservice,redis-cart,21.241999
104,104.0,checkoutservice,cartservice,7.455421
104,104.0,checkoutservice,paymentservice,6.523493
104,104.0,checkoutservice,shippingservice,5.591566
104,104.0,frontend,adservice,25.104474
104,104.0,frontend,cartservice,16.353895
104,104.0,frontend,checkoutservice,9.319276
104,104.0,frontend,currencyservice,65.010214
104,104.0,frontend,productcatalogservice,72.693400
104,104.0,frontend,recommendationservice,38.465305
104,104.0,recommendationservice,productcatalogservice,51.287073
105,105.0,cartservice,redis-cart,21.486400
105,105.0,checkoutservice,cartservice,7.542836
105,105.0,checkoutservice,paymentservice,6.599982
105,105.0,checkoutservice,shippingservice,5.657127
105,105.0,frontend,adservice,24.975368
105,105.0,frontend,cartservice,16.540464
105,105.0,frontend,checkoutservice,9.428545
105,105.0,frontend,currencyservice,64.919134
105,105.0,frontend,productcatalogservice,72.312839
105,105.0,frontend,recommendationservice,38.217964
105,105.0,recommendationservice,productcatalogservice,50.957286
106,106.0,cartservice,redis-cart,21.448185
106,106.0,checkoutservice,cartservice,7.529763
106,106.0,checkoutservice,paymentservice,6.588543
106,106.0,checkoutservice,shippingservice,5.647323
106,106.0,frontend,adservice,24.516786
106,106.0,frontend,cartservice,16.510713
106,106.0,frontend,checkoutservice,9.412204
106,106.0,frontend,currencyservice,63.969300
106,106.0,frontend,productcatalogservice,70.979080
106,106.0,frontend,recommendationservice,37.467101
106,106.0,recommendationservice,productcatalogservice,49.956135
107,107.0,cartservice,redis-cart,22.140102
107,107.0,checkoutservice,cartservice,7.771722
107,107.0,checkoutservice,paymentservice,6.800257
107,107.0,checkoutservice,shippingservice,5.828792
107,107.0,frontend,adservice,24.883494
107,107.0,frontend,cartservice,17.044272
107,107.0,frontend,checkoutservice,9.714653
107,107.0,frontend,currencyservice,65.175385
107,107.0,frontend,productcatalogservice,72.035287
107,107.0,frontend,recommendationservice,37.977124
107,107.0,recommendationservice,productcatalogservice,50.636165
108,108.0,cartservice,redis-cart,21.497470
108,108.0,checkoutservice,cartservice,7.543982
108,108.0,checkoutservice,paymentservice,6.600984
108,108.0,checkoutservice,shippingservice,5.657986
108,108.0,frontend,adservice,23.752735
108,108.0,frontend,cartservice,16.551652
108,108.0,frontend,checkoutservice,9.429977
108,108.0,frontend,currencyservice,62.454976
108,108.0,frontend,productcatalogservice,68.757259
108,108.0,frontend,recommendationservice,36.202759
108,108.0,recommendationservice,productcatalogservice,48.270345
109,109.0,cartservice,redis-cart,21.109887
109,109.0,checkoutservice,cartservice,7.404659
109,109.0,checkoutservice,paymentservice,6.479076
109,109.0,checkoutservice,shippingservice,5.553494
109,109.0,frontend,adservice,22.926842
109,109.0,frontend,cartservice,16.256457
109,109.0,frontend,checkoutservice,9.255823
109,109.0,frontend,currencyservice,60.519572
109,109.0,frontend,productcatalogservice,66.362721
109,109.0,frontend,recommendationservice,34.896570
109,109.0,recommendationservice,productcatalogservice,46.528760
110,110.0,cartservice,redis-cart,21.230866
110,110.0,checkoutservice,cartservice,7.442598
110,110.0,checkoutservice,paymentservice,6.512273
110,110.0,checkoutservice,shippingservice,5.581948
110,110.0,frontend,adservice,22.661955
110,110.0,frontend,cartservice,16.353992
110,110.0,frontend,checkoutservice,9.303247
110,110.0,frontend,currencyservice,60.057080
110,110.0,frontend,productcatalogservice,65.592848
110,110.0,frontend,recommendationservice,34.446049
110,110.0,recommendationservice,productcatalogservice,45.928066
111,111.0,cartservice,redis-cart,22.024463
111,111.0,checkoutservice,cartservice,7.714952
111,111.0,checkoutservice,paymentservice,6.750583
111,111.0,checkoutservice,shippingservice,5.786214
111,111.0,frontend,adservice,23.101884
111,111.0,frontend,cartservice,16.970977
111,111.0,frontend,checkoutservice,9.643691
111,111.0,frontend,currencyservice,61.467642
111,111.0,frontend,productcatalogservice,66.863633
111,111.0,frontend,recommendationservice,35.065984
111,111.0,recommendationservice,productcatalogservice,46.754645
112,112.0,cartservice,redis-cart,21.924357
112,112.0,checkoutservice,cartservice,7.672923
112,112.0,checkoutservice,paymentservice,6.713807
112,112.0,checkoutservice,shippingservice,5.754692
112,112.0,frontend,adservice,22.595616
112,112.0,frontend,cartservice,16.900611
112,112.0,frontend,checkoutservice,9.591153
112,112.0,frontend,currencyservice,60.363265
112,112.0,frontend,productcatalogservice,65.396517
112,112.0,frontend,recommendationservice,34.249353
112,112.0,recommendationservice,productcatalogservice,45.665804
113,113.0,cartservice,redis-cart,22.691979
113,113.0,checkoutservice,cartservice,7.933207
113,113.0,checkoutservice,paymentservice,6.941556
113,113.0,checkoutservice,shippingservice,5.949905
113,113.0,frontend,adservice,22.975741
113,113.0,frontend,cartservice,17.500470
113,113.0,frontend,checkoutservice,9.916508
113,113.0,frontend,currencyservice,61.628916
113,113.0,frontend,productcatalogservice,66.495518
113,113.0,frontend,recommendationservice,34.776046
113,113.0,recommendationservice,productcatalogservice,46.368061
114,114.0,cartservice,redis-cart,22.581072
114,114.0,checkoutservice,cartservice,7.884994
114,114.0,checkoutservice,paymentservice,6.899370
114,114.0,checkoutservice,shippingservice,5.913745
114,114.0,frontend,adservice,22.458872
114,114.0,frontend,cartservice,17.424114
114,114.0,frontend,checkoutservice,9.856242
114,114.0,frontend,currencyservice,60.490401
114,114.0,frontend,productcatalogservice,64.999179
114,114.0,frontend,recommendationservice,33.944857
114,114.0,recommendationservice,productcatalogservice,45.259809
115,115.0,cartservice,redis-cart,22.974820
115,115.0,checkoutservice,cartservice,8.011775
115,115.0,checkoutservice,paymentservice,7.010303
115,115.0,checkoutservice,shippingservice,6.008831
115,115.0,frontend,adservice,22.443463
115,115.0,frontend,cartservice,17.738352
115,115.0,frontend,checkoutservice,10.014719
115,115.0,frontend,currencyservice,60.700040
115,115.0,frontend,productcatalogservice,64.954872
115,115.0,frontend,recommendationservice,33.872258
115,115.0,recommendationservice,productcatalogservice,45.163011
116,116.0,cartservice,redis-cart,22.843663
116,116.0,checkoutservice,cartservice,7.954320
116,116.0,checkoutservice,paymentservice,6.960030
116,116.0,checkoutservice,shippingservice,5.965740
116,116.0,frontend,adservice,21.915318
116,116.0,frontend,cartservice,17.648481
116,116.0,frontend,checkoutservice,9.942901
116,116.0,frontend,currencyservice,59.520216
116,116.0,frontend,productcatalogservice,63.427348
116,116.0,frontend,recommendationservice,33.026544
116,116.0,recommendationservice,productcatalogservice,44.035392
117,117.0,cartservice,redis-cart,23.848802
117,117.0,checkoutservice,cartservice,8.291001
117,117.0,checkoutservice,paymentservice,7.254626
117,117.0,checkoutservice,shippingservice,6.218251
117,117.0,frontend,adservice,22.466974
117,117.0,frontend,cartservice,18.437974
117,117.0,frontend,checkoutservice,10.363751
117,117.0,frontend,currencyservice,61.276773
117,117.0,frontend,productcatalogservice,65.025753
117,117.0,frontend,recommendationservice,33.807556
117,117.0,recommendationservice,productcatalogservice,45.076742
118,118.0,cartservice,redis-cart,23.593609
118,118.0,checkoutservice,cartservice,8.188071
118,118.0,checkoutservice,paymentservice,7.164562
118,118.0,checkoutservice,shippingservice,6.141053
118,118.0,frontend,adservice,21.823371
118,118.0,frontend,cartservice,18.254497
118,118.0,frontend,checkoutservice,10.235088
118,118.0,frontend,currencyservice,59.775698
118,118.0,frontend,productcatalogservice,63.165504
118,118.0,frontend,recommendationservice,32.789716
118,118.0,recommendationservice,productcatalogservice,43.719621
119,119.0,cartservice,redis-cart,24.402497
119,119.0,checkoutservice,cartservice,8.453050
119,119.0,checkoutservice,paymentservice,7.396419
119,119.0,checkoutservice,shippingservice,6.339788
119,119.0,frontend,adservice,22.159828
119,119.0,frontend,cartservice,18.895642
119,119.0,frontend,checkoutservice,10.566313
119,119.0,frontend,currencyservice,60.958966
119,119.0,frontend,productcatalogservice,64.142708
119,119.0,frontend,recommendationservice,33.244635
119,119.0,recommendationservice,productcatalogservice,44.326180
120,120.0,cartservice,redis-cart,23.999727
120,120.0,checkoutservice,cartservice,8.297056
120,120.0,checkoutservice,paymentservice,7.259924
120,120.0,checkoutservice,shippingservice,6.222792
120,120.0,frontend,adservice,21.394399
120,120.0,frontend,cartservice,18.599781
120,120.0,frontend,checkoutservice,10.371320
120,120.0,frontend,currencyservice,59.109390
120,120.0,frontend,productcatalogservice,61.931184
120,120.0,frontend,recommendationservice,32.047001
120,120.0,recommendationservice,productcatalogservice,42.729334
121,121.0,cartservice,redis-cart,25.339667
121,121.0,checkoutservice,cartservice,8.741886
121,121.0,checkoutservice,paymentservice,7.649150
121,121.0,checkoutservice,shippingservice,6.556414
121,121.0,frontend,adservice,22.172526
121,121.0,frontend,cartservice,19.656130
121,121.0,frontend,checkoutservice,10.927357
121,121.0,frontend,currencyservice,61.528088
121,121.0,frontend,productcatalogservice,64.188704
121,121.0,frontend,recommendationservice,33.160975
121,121.0,recommendationservice,productcatalogservice,44.214633
122,122.0,cartservice,redis-cart,24.060465
122,122.0,checkoutservice,cartservice,8.282167
122,122.0,checkoutservice,paymentservice,7.246896
122,122.0,checkoutservice,shippingservice,6.211625
122,122.0,frontend,adservice,20.663281
122,122.0,frontend,cartservice,18.681743
122,122.0,frontend,checkoutservice,10.352708
122,122.0,frontend,currencyservice,57.593835
122,122.0,frontend,productcatalogservice,59.825016
122,122.0,frontend,recommendationservice,30.855242
122,122.0,recommendationservice,productcatalogservice,41.140322
123,123.0,cartservice,redis-cart,26.323784
123,123.0,checkoutservice,cartservice,9.040128
123,123.0,checkoutservice,paymentservice,7.910112
123,123.0,checkoutservice,shippingservice,6.780096
123,123.0,frontend,adservice,22.186406
123,123.0,frontend,cartservice,20.459636
123,123.0,frontend,checkoutservice,11.300160
123,123.0,frontend,currencyservice,62.115301
123,123.0,frontend,productcatalogservice,64.241653
123,123.0,frontend,recommendationservice,33.077059
123,123.0,recommendationservice,productcatalogservice,44.102746
124,124.0,cartservice,redis-cart,25.036594
124,124.0,checkoutservice,cartservice,8.577085
124,124.0,checkoutservice,paymentservice,7.504949
124,124.0,checkoutservice,shippingservice,6.432814
124,124.0,frontend,adservice,20.707198
124,124.0,frontend,cartservice,19.479605
124,124.0,frontend,checkoutservice,10.721356
124,124.0,frontend,currencyservice,58.235021
124,124.0,frontend,productcatalogservice,59.965796
124,124.0,frontend,recommendationservice,30.822246
124,124.0,recommendationservice,productcatalogservice,41.096328
125,125.0,cartservice,redis-cart,26.469467
125,125.0,checkoutservice,cartservice,9.044843
125,125.0,checkoutservice,paymentservice,7.914238
125,125.0,checkoutservice,shippingservice,6.783632
125,125.0,frontend,adservice,21.481502
125,125.0,frontend,cartservice,20.616922
125,125.0,frontend,checkoutservice,11.306054
125,125.0,frontend,currencyservice,60.686907
125,125.0,frontend,productcatalogservice,62.216549
125,125.0,frontend,recommendationservice,31.922976
125,125.0,recommendationservice,productcatalogservice,42.563967
126,126.0,cartservice,redis-cart,27.054401
126,126.0,checkoutservice,cartservice,9.220183
126,126.0,checkoutservice,paymentservice,8.067660
126,126.0,checkoutservice,shippingservice,6.915137
126,126.0,frontend,adservice,21.542615
126,126.0,frontend,cartservice,21.096379
126,126.0,frontend,checkoutservice,11.525229
126,126.0,frontend,currencyservice,61.138140
126,126.0,frontend,productcatalogservice,62.402983
126,126.0,frontend,recommendationservice,31.961392
126,126.0,recommendationservice,productcatalogservice,42.615189
127,127.0,cartservice,redis-cart,25.152962
127,127.0,checkoutservice,cartservice,8.548544
127,127.0,checkoutservice,paymentservice,7.479976
127,127.0,checkoutservice,shippingservice,6.411408
127,127.0,frontend,adservice,19.649891
127,127.0,frontend,cartservice,19.636651
127,127.0,frontend,checkoutservice,10.685680
127,127.0,frontend,currencyservice,56.023885
127,127.0,frontend,productcatalogservice,56.929790
127,127.0,frontend,recommendationservice,29.105078
127,127.0,recommendationservice,productcatalogservice,38.806770
128,128.0,cartservice,redis-cart,25.569936
128,128.0,checkoutservice,cartservice,8.665446
128,128.0,checkoutservice,paymentservice,7.582265
128,128.0,checkoutservice,shippingservice,6.499084
128,128.0,frontend,adservice,19.596677
128,128.0,frontend,cartservice,19.986301
128,128.0,frontend,checkoutservice,10.831807
128,128.0,frontend,currencyservice,56.131983
128,128.0,frontend,productcatalogservice,56.786017
128,128.0,frontend,recommendationservice,28.977789
128,128.0,recommendationservice,productcatalogservice,38.637052
129,129.0,cartservice,redis-cart,26.778356
129,129.0,checkoutservice,cartservice,9.048185
129,129.0,checkoutservice,paymentservice,7.917162
129,129.0,checkoutservice,shippingservice,6.786138
129,129.0,frontend,adservice,20.132214
129,129.0,frontend,cartservice,20.956883
129,129.0,frontend,checkoutservice,11.310231
129,129.0,frontend,currencyservice,57.936168
129,129.0,frontend,productcatalogservice,58.349524
129,129.0,frontend,recommendationservice,29.719500
129,129.0,recommendationservice,productcatalogservice,39.625999
130,130.0,cartservice,redis-cart,27.756486
130,130.0,checkoutservice,cartservice,9.350126
130,130.0,checkoutservice,paymentservice,8.181361
130,130.0,checkoutservice,shippingservice,7.012595
130,130.0,frontend,adservice,20.469246
130,130.0,frontend,cartservice,21.750139
130,130.0,frontend,checkoutservice,11.687658
130,130.0,frontend,currencyservice,59.184157
130,130.0,frontend,productcatalogservice,59.339221
130,130.0,frontend,recommendationservice,30.165594
130,130.0,recommendationservice,productcatalogservice,40.220792
131,131.0,cartservice,redis-cart,26.577537
131,131.0,checkoutservice,cartservice,8.924903
131,131.0,checkoutservice,paymentservice,7.809290
131,131.0,checkoutservice,shippingservice,6.693677
131,131.0,frontend,adservice,19.224652
131,131.0,frontend,cartservice,20.853607
131,131.0,frontend,checkoutservice,11.156128
131,131.0,frontend,currencyservice,55.849899
131,131.0,frontend,productcatalogservice,55.744288
131,131.0,frontend,recommendationservice,28.282753
131,131.0,recommendationservice,productcatalogservice,37.710337
132,132.0,cartservice,redis-cart,28.648203
132,132.0,checkoutservice,cartservice,9.589221
132,132.0,checkoutservice,paymentservice,8.390569
132,132.0,checkoutservice,shippingservice,7.191916
132,132.0,frontend,adservice,20.324791
132,132.0,frontend,cartservice,22.508483
132,132.0,frontend,checkoutservice,11.986527
132,132.0,frontend,currencyservice,59.328699
132,132.0,frontend,productcatalogservice,58.949167
132,132.0,frontend,recommendationservice,29.849395
132,132.0,recommendationservice,productcatalogservice,39.799193
133,133.0,cartservice,redis-cart,27.453645
133,133.0,checkoutservice,cartservice,9.158949
133,133.0,checkoutservice,paymentservice,8.014081
133,133.0,checkoutservice,shippingservice,6.869212
133,133.0,frontend,adservice,19.102665
133,133.0,frontend,cartservice,21.599515
133,133.0,frontend,checkoutservice,11.448687
133,133.0,frontend,currencyservice,56.030153
133,133.0,frontend,productcatalogservice,55.419593
133,133.0,frontend,recommendationservice,28.005473
133,133.0,recommendationservice,productcatalogservice,37.340631
134,134.0,cartservice,redis-cart,28.163401
134,134.0,checkoutservice,cartservice,9.363841
134,134.0,checkoutservice,paymentservice,8.193361
134,134.0,checkoutservice,shippingservice,7.022881
134,134.0,frontend,adservice,19.218810
134,134.0,frontend,cartservice,22.188933
134,134.0,frontend,checkoutservice,11.704801
134,134.0,frontend,currencyservice,56.644451
134,134.0,frontend,productcatalogservice,55.772731
134,134.0,frontend,recommendationservice,28.126021
134,134.0,recommendationservice,productcatalogservice,37.501361
135,135.0,cartservice,redis-cart,28.871398
135,135.0,checkoutservice,cartservice,9.565873
135,135.0,checkoutservice,paymentservice,8.370139
135,135.0,checkoutservice,shippingservice,7.174405
135,135.0,frontend,adservice,19.321494
135,135.0,frontend,cartservice,22.779177
135,135.0,frontend,checkoutservice,11.957341
135,135.0,frontend,currencyservice,57.225312
135,135.0,frontend,productcatalogservice,56.088089
135,135.0,frontend,recommendationservice,28.225965
135,135.0,recommendationservice,productcatalogservice,37.634620
136,136.0,cartservice,redis-cart,27.853355
136,136.0,checkoutservice,cartservice,9.195764
136,136.0,checkoutservice,paymentservice,8.046293
136,136.0,checkoutservice,shippingservice,6.896823
136,136.0,frontend,adservice,18.279647
136,136.0,frontend,cartservice,22.007846
136,136.0,frontend,checkoutservice,11.494705
136,136.0,frontend,currencyservice,54.405777
136,136.0,frontend,productcatalogservice,53.081228
136,136.0,frontend,recommendationservice,26.656050
136,136.0,recommendationservice,productcatalogservice,35.541400
137,137.0,cartservice,redis-cart,28.391621
137,137.0,checkoutservice,cartservice,9.339435
137,137.0,checkoutservice,paymentservice,8.172006
137,137.0,checkoutservice,shippingservice,7.004576
137,137.0,frontend,adservice,18.271982
137,137.0,frontend,cartservice,22.466240
137,137.0,frontend,checkoutservice,11.674294
137,137.0,frontend,currencyservice,54.651915
137,137.0,frontend,productcatalogservice,53.077562
137,137.0,frontend,recommendationservice,26.596673
137,137.0,recommendationservice,productcatalogservice,35.462230
138,138.0,cartservice,redis-cart,28.546258
138,138.0,checkoutservice,cartservice,9.355506
138,138.0,checkoutservice,paymentservice,8.186068
138,138.0,checkoutservice,shippingservice,7.016629
138,138.0,frontend,adservice,18.015217
138,138.0,frontend,cartservice,22.622433
138,138.0,frontend,checkoutservice,11.694382
138,138.0,frontend,currencyservice,54.151942
138,138.0,frontend,productcatalogservice,52.351135
138,138.0,frontend,recommendationservice,26.175123
138,138.0,recommendationservice,productcatalogservice,34.900164
139,139.0,cartservice,redis-cart,28.846805
139,139.0,checkoutservice,cartservice,9.418289
139,139.0,checkoutservice,paymentservice,8.241003
139,139.0,checkoutservice,shippingservice,7.063717
139,139.0,frontend,adservice,17.851490
139,139.0,frontend,cartservice,22.895335
139,139.0,frontend,checkoutservice,11.772862
139,139.0,frontend,currencyservice,53.928168
139,139.0,frontend,productcatalogservice,51.895743
139,139.0,frontend,recommendationservice,25.889603
139,139.0,recommendationservice,productcatalogservice,34.519471
140,140.0,cartservice,redis-cart,30.099868
140,140.0,checkoutservice,cartservice,9.789592
140,140.0,checkoutservice,paymentservice,8.565893
140,140.0,checkoutservice,shippingservice,7.342194
140,140.0,frontend,adservice,18.265069
140,140.0,frontend,cartservice,23.926640
140,140.0,frontend,checkoutservice,12.236990
140,140.0,frontend,currencyservice,55.454973
140,140.0,frontend,productcatalogservice,53.120093
140,140.0,frontend,recommendationservice,26.440413
140,140.0,recommendationservice,productcatalogservice,35.253884
141,141.0,cartservice,redis-cart,30.890563
141,141.0,checkoutservice,cartservice,10.007413
141,141.0,checkoutservice,currencyservice,5.003706
141,141.0,checkoutservice,emailservice,5.003706
141,141.0,checkoutservice,paymentservice,8.756486
141,141.0,checkoutservice,productcatalogservice,5.003706
141,141.0,checkoutservice,shippingservice,7.505560
141,141.0,frontend,adservice,18.380527
141,141.0,frontend,cartservice,24.593419
141,141.0,frontend,checkoutservice,12.509266
141,141.0,frontend,currencyservice,56.087482
141,141.0,frontend,productcatalogservice,53.479279
141,141.0,frontend,recommendationservice,26.558003
141,141.0,recommendationservice,productcatalogservice,35.410670
142,142.0,cartservice,redis-cart,31.636371
142,142.0,checkoutservice,cartservice,10.208217
142,142.0,checkoutservice,currencyservice,5.104109
142,142.0,checkoutservice,emailservice,5.104109
142,142.0,checkoutservice,paymentservice,8.932190
142,142.0,checkoutservice,productcatalogservice,5.104109
142,142.0,checkoutservice,shippingservice,7.656163
142,142.0,frontend,adservice,18.458299
142,142.0,frontend,cartservice,25.226868
142,142.0,frontend,checkoutservice,12.760271
142,142.0,frontend,currencyservice,56.610718
142,142.0,frontend,productcatalogservice,53.730310
142,142.0,frontend,recommendationservice,26.620389
142,142.0,recommendationservice,productcatalogservice,35.493852
143,143.0,cartservice,redis-cart,30.713518
143,143.0,checkoutservice,cartservice,9.870340
143,143.0,checkoutservice,paymentservice,8.636548
143,143.0,checkoutservice,shippingservice,7.402755
143,143.0,frontend,adservice,17.571419
143,143.0,frontend,cartservice,24.529967
143,143.0,frontend,checkoutservice,12.337925
143,143.0,frontend,currencyservice,54.165468
143,143.0,frontend,productcatalogservice,51.173474
143,143.0,frontend,recommendationservice,25.293556
143,143.0,recommendationservice,productcatalogservice,33.724742
144,144.0,cartservice,redis-cart,30.296211
144,144.0,checkoutservice,cartservice,9.696235
144,144.0,checkoutservice,paymentservice,8.484205
144,144.0,checkoutservice,shippingservice,7.272176
144,144.0,frontend,adservice,16.995709
144,144.0,frontend,cartservice,24.235562
144,144.0,frontend,checkoutservice,12.120293
144,144.0,frontend,currencyservice,52.659001
144,144.0,frontend,productcatalogservice,49.522006
144,144.0,frontend,recommendationservice,24.418443
144,144.0,recommendationservice,productcatalogservice,32.557924
145,145.0,cartservice,redis-cart,31.643272
145,145.0,checkoutservice,cartservice,10.085145
145,145.0,checkoutservice,currencyservice,5.042572
145,145.0,checkoutservice,emailservice,5.042572
145,145.0,checkoutservice,paymentservice,8.824502
145,145.0,checkoutservice,productcatalogservice,5.042572
145,145.0,checkoutservice,shippingservice,7.563859
145,145.0,frontend,adservice,17.406422
145,145.0,frontend,cartservice,25.354189
145,145.0,frontend,checkoutservice,12.606431
145,145.0,frontend,currencyservice,54.208682
145,145.0,frontend,productcatalogservice,50.745794
145,145.0,frontend,recommendationservice,24.960853
145,145.0,recommendationservice,productcatalogservice,33.281138
146,146.0,cartservice,redis-cart,30.998631
146,146.0,checkoutservice,cartservice,9.837930
146,146.0,checkoutservice,paymentservice,8.608189
146,146.0,checkoutservice,shippingservice,7.378448
146,146.0,frontend,adservice,16.720656
146,146.0,frontend,cartservice,24.878269
146,146.0,frontend,checkoutservice,12.297413
146,146.0,frontend,currencyservice,52.341515
146,146.0,frontend,productcatalogservice,48.773778
146,146.0,frontend,recommendationservice,23.931526
146,146.0,recommendationservice,productcatalogservice,31.908701
147,147.0,cartservice,redis-cart,32.099670
147,147.0,checkoutservice,cartservice,10.143727
147,147.0,checkoutservice,currencyservice,5.071864
147,147.0,checkoutservice,emailservice,5.071864
147,147.0,checkoutservice,paymentservice,8.875761
147,147.0,checkoutservice,productcatalogservice,5.071864
147,147.0,checkoutservice,shippingservice,7.607795
147,147.0,frontend,adservice,16.978589
147,147.0,frontend,cartservice,25.804343
147,147.0,frontend,checkoutservice,12.679659
147,147.0,frontend,currencyservice,53.423847
147,147.0,frontend,productcatalogservice,49.555110
147,147.0,frontend,recommendationservice,24.253932
147,147.0,recommendationservice,productcatalogservice,32.338576
148,148.0,cartservice,redis-cart,32.692798
148,148.0,checkoutservice,cartservice,10.286340
148,148.0,checkoutservice,currencyservice,5.143170
148,148.0,checkoutservice,emailservice,5.143170
148,148.0,checkoutservice,paymentservice,9.000548
148,148.0,checkoutservice,productcatalogservice,5.143170
148,148.0,checkoutservice,shippingservice,7.714755
148,148.0,frontend,adservice,16.957159
148,148.0,frontend,cartservice,26.324722
148,148.0,frontend,checkoutservice,12.857925
148,148.0,frontend,currencyservice,53.633153
148,148.0,frontend,productcatalogservice,49.522785
148,148.0,frontend,recommendationservice,24.176517
148,148.0,recommendationservice,productcatalogservice,32.235356
149,149.0,cartservice,redis-cart,32.008820
149,149.0,checkoutservice,cartservice,10.026908
149,149.0,checkoutservice,currencyservice,5.013454
149,149.0,checkoutservice,emailservice,5.013454
149,149.0,checkoutservice,paymentservice,8.773545
149,149.0,checkoutservice,productcatalogservice,5.013454
149,149.0,checkoutservice,shippingservice,7.520181
149,149.0,frontend,adservice,16.281052
149,149.0,frontend,cartservice,25.816973
149,149.0,frontend,checkoutservice,12.533635
149,149.0,frontend,currencyservice,51.762437
149,149.0,frontend,productcatalogservice,47.578549
149,149.0,frontend,recommendationservice,23.167558
149,149.0,recommendationservice,productcatalogservice,30.890078
150,150.0,cartservice,redis-cart,34.313332
150,150.0,checkoutservice,cartservice,10.701048
150,150.0,checkoutservice,currencyservice,5.350524
150,150.0,checkoutservice,emailservice,5.350524
150,150.0,checkoutservice,paymentservice,9.363417
150,150.0,checkoutservice,productcatalogservice,5.350524
150,150.0,checkoutservice,shippingservice,8.025786
150,150.0,frontend,adservice,17.115968
150,150.0,frontend,cartservice,27.722128
150,150.0,frontend,checkoutservice,13.376309
150,150.0,frontend,currencyservice,54.700362
150,150.0,frontend,productcatalogservice,50.051697
150,150.0,frontend,recommendationservice,24.308262
150,150.0,recommendationservice,productcatalogservice,32.411016
151,151.0,cartservice,redis-cart,33.952352
151,151.0,checkoutservice,cartservice,10.540895
151,151.0,checkoutservice,currencyservice,5.270447
151,151.0,checkoutservice,emailservice,5.270447
151,151.0,checkoutservice,paymentservice,9.223283
151,151.0,checkoutservice,productcatalogservice,5.270447
151,151.0,checkoutservice,shippingservice,7.905671
151,151.0,frontend,adservice,16.609265
151,151.0,frontend,cartservice,27.476744
151,151.0,frontend,checkoutservice,13.176118
151,151.0,frontend,currencyservice,53.357960
151,151.0,frontend,productcatalogservice,48.603598
151,151.0,frontend,recommendationservice,23.542654
151,151.0,recommendationservice,productcatalogservice,31.390206
152,152.0,cartservice,redis-cart,32.462989
152,152.0,checkoutservice,cartservice,10.032730
152,152.0,checkoutservice,currencyservice,5.016365
152,152.0,checkoutservice,emailservice,5.016365
152,152.0,checkoutservice,paymentservice,8.778639
152,152.0,checkoutservice,productcatalogservice,5.016365
152,152.0,checkoutservice,shippingservice,7.524548
152,152.0,frontend,adservice,15.575049
152,152.0,frontend,cartservice,26.315944
152,152.0,frontend,checkoutservice,12.540913
152,152.0,frontend,currencyservice,50.296869
152,152.0,frontend,productcatalogservice,45.610031
152,152.0,frontend,recommendationservice,22.033598
152,152.0,recommendationservice,productcatalogservice,29.378130
153,153.0,cartservice,redis-cart,32.341266
153,153.0,checkoutservice,cartservice,9.949246
153,153.0,checkoutservice,paymentservice,8.705590
153,153.0,checkoutservice,shippingservice,7.461935
153,153.0,frontend,adservice,15.218750
153,153.0,frontend,cartservice,26.261861
153,153.0,frontend,checkoutservice,12.436558
153,153.0,frontend,currencyservice,49.403180
153,153.0,frontend,productcatalogservice,44.600048
153,153.0,frontend,recommendationservice,21.487449
153,153.0,recommendationservice,productcatalogservice,28.649932
154,154.0,cartservice,redis-cart,32.627922
154,154.0,checkoutservice,cartservice,9.990914
154,154.0,checkoutservice,paymentservice,8.742050
154,154.0,checkoutservice,shippingservice,7.493186
154,154.0,frontend,adservice,15.059668
154,154.0,frontend,cartservice,26.539858
154,154.0,frontend,checkoutservice,12.488643
154,154.0,frontend,currencyservice,49.142401
154,154.0,frontend,productcatalogservice,44.168212
154,154.0,frontend,recommendationservice,21.221233
154,154.0,recommendationservice,productcatalogservice,28.294978
155,155.0,cartservice,redis-cart,36.252984
155,155.0,checkoutservice,cartservice,11.048999
155,155.0,checkoutservice,currencyservice,5.524499
155,155.0,checkoutservice,emailservice,5.524499
155,155.0,checkoutservice,paymentservice,9.667874
155,155.0,checkoutservice,productcatalogservice,5.524499
155,155.0,checkoutservice,shippingservice,8.286749
155,155.0,frontend,adservice,16.413417
155,155.0,frontend,cartservice,29.539011
155,155.0,frontend,checkoutservice,13.811249
155,155.0,frontend,currencyservice,53.839951
155,155.0,frontend,productcatalogservice,48.177511
155,155.0,frontend,recommendationservice,23.083603
155,155.0,recommendationservice,productcatalogservice,30.778137
156,156.0,cartservice,redis-cart,33.977227
156,156.0,checkoutservice,cartservice,10.306514
156,156.0,checkoutservice,currencyservice,5.153257
156,156.0,checkoutservice,emailservice,5.153257
156,156.0,checkoutservice,paymentservice,9.018200
156,156.0,checkoutservice,productcatalogservice,5.153257
156,156.0,checkoutservice,shippingservice,7.729886
156,156.0,frontend,adservice,15.090376
156,156.0,frontend,cartservice,27.732252
156,156.0,frontend,checkoutservice,12.883143
156,156.0,frontend,currencyservice,49.758687
156,156.0,frontend,productcatalogservice,44.331194
156,156.0,frontend,recommendationservice,21.181399
156,156.0,recommendationservice,productcatalogservice,28.241866
157,157.0,cartservice,redis-cart,33.480146
157,157.0,checkoutservice,cartservice,10.107362
157,157.0,checkoutservice,currencyservice,5.053681
157,157.0,checkoutservice,emailservice,5.053681
157,157.0,checkoutservice,paymentservice,8.843942
157,157.0,checkoutservice,productcatalogservice,5.053681
157,157.0,checkoutservice,shippingservice,7.580522
157,157.0,frontend,adservice,14.587685
157,157.0,frontend,cartservice,27.373560
157,157.0,frontend,checkoutservice,12.634203
157,157.0,frontend,currencyservice,48.352148
157,157.0,frontend,productcatalogservice,42.891669
157,157.0,frontend,recommendationservice,20.435826
157,157.0,recommendationservice,productcatalogservice,27.247768
158,158.0,cartservice,redis-cart,35.111532
158,158.0,checkoutservice,cartservice,10.548953
158,158.0,checkoutservice,currencyservice,5.274476
158,158.0,checkoutservice,emailservice,5.274476
158,158.0,checkoutservice,paymentservice,9.230334
158,158.0,checkoutservice,productcatalogservice,5.274476
158,158.0,checkoutservice,shippingservice,7.911715
158,158.0,frontend,adservice,15.009566
158,158.0,frontend,cartservice,28.756888
158,158.0,frontend,checkoutservice,13.186191
158,158.0,frontend,currencyservice,50.009706
158,158.0,frontend,productcatalogservice,44.171825
158,158.0,frontend,recommendationservice,20.985877
158,158.0,recommendationservice,productcatalogservice,27.981170
159,159.0,cartservice,redis-cart,35.737354
159,159.0,checkoutservice,cartservice,10.684988
159,159.0,checkoutservice,currencyservice,5.342494
159,159.0,checkoutservice,emailservice,5.342494
159,159.0,checkoutservice,paymentservice,9.349365
159,159.0,checkoutservice,productcatalogservice,5.342494
159,159.0,checkoutservice,shippingservice,8.013741
159,159.0,frontend,adservice,14.989771
159,159.0,frontend,cartservice,29.319988
159,159.0,frontend,checkoutservice,13.356236
159,159.0,frontend,currencyservice,50.203367
159,159.0,frontend,productcatalogservice,44.154640
159,159.0,frontend,recommendationservice,20.917498
159,159.0,recommendationservice,productcatalogservice,27.889997
160,160.0,cartservice,redis-cart,36.949456
160,160.0,checkoutservice,cartservice,10.993484
160,160.0,checkoutservice,currencyservice,5.496742
160,160.0,checkoutservice,emailservice,5.496742
160,160.0,checkoutservice,paymentservice,9.619298
160,160.0,checkoutservice,productcatalogservice,5.496742
160,160.0,checkoutservice,shippingservice,8.245113
160,160.0,frontend,adservice,15.208004
160,160.0,frontend,cartservice,30.366842
160,160.0,frontend,checkoutservice,13.741855
160,160.0,frontend,currencyservice,51.198293
160,160.0,frontend,productcatalogservice,44.840604
160,160.0,frontend,recommendationservice,21.180982
160,160.0,recommendationservice,productcatalogservice,28.241309
161,161.0,cartservice,redis-cart,35.646416
161,161.0,checkoutservice,cartservice,10.553654
161,161.0,checkoutservice,currencyservice,5.276827
161,161.0,checkoutservice,emailservice,5.276827
161,161.0,checkoutservice,paymentservice,9.234448
161,161.0,checkoutservice,productcatalogservice,5.276827
161,161.0,checkoutservice,shippingservice,7.915241
161,161.0,frontend,adservice,14.398311
161,161.0,frontend,cartservice,29.346632
161,161.0,frontend,checkoutservice,13.192068
161,161.0,frontend,currencyservice,48.722838
161,161.0,frontend,productcatalogservice,42.495455
161,161.0,frontend,recommendationservice,20.014680
161,161.0,recommendationservice,productcatalogservice,26.686239
162,162.0,cartservice,redis-cart,38.233999
162,162.0,checkoutservice,cartservice,11.263697
162,162.0,checkoutservice,currencyservice,5.631849
162,162.0,checkoutservice,emailservice,5.631849
162,162.0,checkoutservice,paymentservice,9.855735
162,162.0,checkoutservice,productcatalogservice,5.631849
162,162.0,checkoutservice,shippingservice,8.447773
162,162.0,frontend,adservice,15.157214
162,162.0,frontend,cartservice,31.531405
162,162.0,frontend,checkoutservice,14.079622
162,162.0,frontend,currencyservice,51.554808
162,162.0,frontend,productcatalogservice,44.781224
162,162.0,frontend,recommendationservice,21.029289
162,162.0,recommendationservice,productcatalogservice,28.039052
163,163.0,cartservice,redis-cart,38.796062
163,163.0,checkoutservice,cartservice,11.372297
163,163.0,checkoutservice,currencyservice,5.686148
163,163.0,checkoutservice,emailservice,5.686148
163,163.0,checkoutservice,paymentservice,9.950759
163,163.0,checkoutservice,productcatalogservice,5.686148
163,163.0,checkoutservice,shippingservice,8.529222
163,163.0,frontend,adservice,15.096502
163,163.0,frontend,cartservice,32.050337
163,163.0,frontend,checkoutservice,14.215371
163,163.0,frontend,currencyservice,51.611264
163,163.0,frontend,productcatalogservice,44.649090
163,163.0,frontend,recommendationservice,20.905251
163,163.0,recommendationservice,productcatalogservice,27.873668
164,164.0,cartservice,redis-cart,36.872452
164,164.0,checkoutservice,cartservice,10.754181
164,164.0,checkoutservice,currencyservice,5.377090
164,164.0,checkoutservice,emailservice,5.377090
164,164.0,checkoutservice,paymentservice,9.409908
164,164.0,checkoutservice,productcatalogservice,5.377090
164,164.0,checkoutservice,shippingservice,8.065636
164,164.0,frontend,adservice,14.085018
164,164.0,frontend,cartservice,30.513937
164,164.0,frontend,checkoutservice,13.442726
164,164.0,frontend,currencyservice,48.398524
164,164.0,frontend,productcatalogservice,41.703025
164,164.0,frontend,recommendationservice,19.467802
164,164.0,recommendationservice,productcatalogservice,25.957070
165,165.0,cartservice,redis-cart,37.326804
165,165.0,checkoutservice,cartservice,10.831706
165,165.0,checkoutservice,currencyservice,5.415853
165,165.0,checkoutservice,emailservice,5.415853
165,165.0,checkoutservice,paymentservice,9.477743
165,165.0,checkoutservice,productcatalogservice,5.415853
165,165.0,checkoutservice,shippingservice,8.123779
165,165.0,frontend,adservice,13.998879
165,165.0,frontend,cartservice,30.943401
165,165.0,frontend,checkoutservice,13.539632
165,165.0,frontend,currencyservice,48.346070
165,165.0,frontend,productcatalogservice,41.494592
165,165.0,frontend,recommendationservice,19.312600
165,165.0,recommendationservice,productcatalogservice,25.750133
166,166.0,cartservice,redis-cart,35.731213
166,166.0,checkoutservice,cartservice,10.315991
166,166.0,checkoutservice,currencyservice,5.157995
166,166.0,checkoutservice,emailservice,5.157995
166,166.0,checkoutservice,paymentservice,9.026492
166,166.0,checkoutservice,productcatalogservice,5.157995
166,166.0,checkoutservice,shippingservice,7.736993
166,166.0,frontend,adservice,13.158014
166,166.0,frontend,cartservice,29.671912
166,166.0,frontend,checkoutservice,12.894989
166,166.0,frontend,currencyservice,45.670587
166,166.0,frontend,productcatalogservice,39.047295
166,166.0,frontend,recommendationservice,18.119000
166,166.0,recommendationservice,productcatalogservice,24.158667
167,167.0,cartservice,redis-cart,36.441550
167,167.0,checkoutservice,cartservice,10.467283
167,167.0,checkoutservice,currencyservice,5.233642
167,167.0,checkoutservice,emailservice,5.233642
167,167.0,checkoutservice,paymentservice,9.158873
167,167.0,checkoutservice,productcatalogservice,5.233642
167,167.0,checkoutservice,shippingservice,7.850462
167,167.0,frontend,adservice,13.178480
167,167.0,frontend,cartservice,30.314086
167,167.0,frontend,checkoutservice,13.084104
167,167.0,frontend,currencyservice,45.969892
167,167.0,frontend,productcatalogservice,39.154586
167,167.0,frontend,recommendationservice,18.114027
167,167.0,recommendationservice,productcatalogservice,24.152036
168,168.0,cartservice,redis-cart,37.482262
168,168.0,checkoutservice,cartservice,10.710854
168,168.0,checkoutservice,currencyservice,5.355427
168,168.0,checkoutservice,emailservice,5.355427
168,168.0,checkoutservice,paymentservice,9.371997
168,168.0,checkoutservice,productcatalogservice,5.355427
168,168.0,checkoutservice,shippingservice,8.033140
168,168.0,frontend,adservice,13.313085
168,168.0,frontend,cartservice,31.233628
168,168.0,frontend,checkoutservice,13.388567
168,168.0,frontend,currencyservice,46.669239
168,168.0,frontend,productcatalogservice,39.602906
168,168.0,frontend,recommendationservice,18.266049
168,168.0,recommendationservice,productcatalogservice,24.354731
169,169.0,cartservice,redis-cart,39.837727
169,169.0,checkoutservice,cartservice,11.325089
169,169.0,checkoutservice,currencyservice,5.662545
169,169.0,checkoutservice,emailservice,5.662545
169,169.0,checkoutservice,paymentservice,9.909453
169,169.0,checkoutservice,productcatalogservice,5.662545
169,169.0,checkoutservice,shippingservice,8.493817
169,169.0,frontend,adservice,13.899310
169,169.0,frontend,cartservice,33.253637
169,169.0,frontend,checkoutservice,14.156362
169,169.0,frontend,currencyservice,48.963154
169,169.0,frontend,productcatalogservice,41.398724
169,169.0,frontend,recommendationservice,19.036486
169,169.0,recommendationservice,productcatalogservice,25.381981
170,170.0,cartservice,redis-cart,37.810846
170,170.0,checkoutservice,cartservice,10.693017
170,170.0,checkoutservice,currencyservice,5.346509
170,170.0,checkoutservice,emailservice,5.346509
170,170.0,checkoutservice,paymentservice,9.356390
170,170.0,checkoutservice,productcatalogservice,5.346509
170,170.0,checkoutservice,shippingservice,8.019763
170,170.0,frontend,adservice,12.960597
170,170.0,frontend,cartservice,31.616061
170,170.0,frontend,checkoutservice,13.366272
170,170.0,frontend,currencyservice,45.877938
170,170.0,frontend,productcatalogservice,38.652572
170,170.0,frontend,recommendationservice,17.719795
170,170.0,recommendationservice,productcatalogservice,23.626393
171,171.0,cartservice,redis-cart,39.211191
171,171.0,checkoutservice,cartservice,11.031107
171,171.0,checkoutservice,currencyservice,5.515553
171,171.0,checkoutservice,emailservice,5.515553
171,171.0,checkoutservice,paymentservice,9.652218
171,171.0,checkoutservice,productcatalogservice,5.515553
171,171.0,checkoutservice,shippingservice,8.273330
171,171.0,frontend,adservice,13.206738
171,171.0,frontend,cartservice,32.843303
171,171.0,frontend,checkoutservice,13.788883
171,171.0,frontend,currencyservice,46.973623
171,171.0,frontend,productcatalogservice,39.438729
171,171.0,frontend,recommendationservice,18.025320
171,171.0,recommendationservice,productcatalogservice,24.033759
172,172.0,cartservice,redis-cart,37.148034
172,172.0,checkoutservice,cartservice,10.395821
172,172.0,checkoutservice,currencyservice,5.197910
172,172.0,checkoutservice,emailservice,5.197910
172,172.0,checkoutservice,paymentservice,9.096343
172,172.0,checkoutservice,productcatalogservice,5.197910
172,172.0,checkoutservice,shippingservice,7.796866
172,172.0,frontend,adservice,12.296122
172,172.0,frontend,cartservice,31.168545
172,172.0,frontend,checkoutservice,12.994776
172,172.0,frontend,currencyservice,43.942157
172,172.0,frontend,productcatalogservice,36.769155
172,172.0,frontend,recommendationservice,16.754212
172,172.0,recommendationservice,productcatalogservice,22.338949
173,173.0,cartservice,redis-cart,40.717768
173,173.0,checkoutservice,cartservice,11.334696
173,173.0,checkoutservice,currencyservice,5.667348
173,173.0,checkoutservice,emailservice,5.667348
173,173.0,checkoutservice,paymentservice,9.917859
173,173.0,checkoutservice,productcatalogservice,5.667348
173,173.0,checkoutservice,shippingservice,8.501022
173,173.0,frontend,adservice,13.247558
173,173.0,frontend,cartservice,34.222120
173,173.0,frontend,checkoutservice,14.168370
173,173.0,frontend,currencyservice,47.563856
173,173.0,frontend,productcatalogservice,39.669211
173,173.0,frontend,recommendationservice,18.020879
173,173.0,recommendationservice,productcatalogservice,24.027839
174,174.0,cartservice,redis-cart,40.578845
174,174.0,checkoutservice,cartservice,11.236162
174,174.0,checkoutservice,currencyservice,5.618081
174,174.0,checkoutservice,emailservice,5.618081
174,174.0,checkoutservice,paymentservice,9.831642
174,174.0,checkoutservice,productcatalogservice,5.618081
174,174.0,checkoutservice,shippingservice,8.427122
174,174.0,frontend,adservice,12.979166
174,174.0,frontend,cartservice,34.163559
174,174.0,frontend,checkoutservice,14.045203
174,174.0,frontend,currencyservice,46.815267
174,174.0,frontend,productcatalogservice,38.920707
174,174.0,frontend,recommendationservice,17.627400
174,174.0,recommendationservice,productcatalogservice,23.503199
175,175.0,cartservice,redis-cart,39.953685
175,175.0,checkoutservice,cartservice,11.004170
175,175.0,checkoutservice,currencyservice,5.502085
175,175.0,checkoutservice,emailservice,5.502085
175,175.0,checkoutservice,paymentservice,9.628649
175,175.0,checkoutservice,productcatalogservice,5.502085
175,175.0,checkoutservice,shippingservice,8.253127
175,175.0,frontend,adservice,12.565443
175,175.0,frontend,cartservice,33.694485
175,175.0,frontend,checkoutservice,13.755212
175,175.0,frontend,currencyservice,45.528949
175,175.0,frontend,productcatalogservice,37.734773
175,175.0,frontend,recommendationservice,17.038792
175,175.0,recommendationservice,productcatalogservice,22.718389
176,176.0,cartservice,redis-cart,40.038129
176,176.0,checkoutservice,cartservice,10.968478
176,176.0,checkoutservice,currencyservice,5.484239
176,176.0,checkoutservice,emailservice,5.484239
176,176.0,checkoutservice,paymentservice,9.597418
176,176.0,checkoutservice,productcatalogservice,5.484239
176,176.0,checkoutservice,shippingservice,8.226359
176,176.0,frontend,adservice,12.383691
176,176.0,frontend,cartservice,33.823011
176,176.0,frontend,checkoutservice,13.710598
176,176.0,frontend,currencyservice,45.070959
176,176.0,frontend,productcatalogservice,37.244121
176,176.0,frontend,recommendationservice,16.766796
176,176.0,recommendationservice,productcatalogservice,22.355728
177,177.0,cartservice,redis-cart,40.020873
177,177.0,checkoutservice,cartservice,10.904900
177,177.0,checkoutservice,currencyservice,5.452450
177,177.0,checkoutservice,emailservice,5.452450
177,177.0,checkoutservice,paymentservice,9.541787
177,177.0,checkoutservice,productcatalogservice,5.452450
177,177.0,checkoutservice,shippingservice,8.178675
177,177.0,frontend,adservice,12.175949
177,177.0,frontend,cartservice,33.865651
177,177.0,frontend,checkoutservice,13.631124
177,177.0,frontend,currencyservice,44.509445
177,177.0,frontend,productcatalogservice,36.674780
177,177.0,frontend,recommendationservice,16.461235
177,177.0,recommendationservice,productcatalogservice,21.948313
178,178.0,cartservice,redis-cart,40.502609
178,178.0,checkoutservice,cartservice,10.976686
178,178.0,checkoutservice,currencyservice,5.488343
178,178.0,checkoutservice,emailservice,5.488343
178,178.0,checkoutservice,paymentservice,9.604601
178,178.0,checkoutservice,productcatalogservice,5.488343
178,178.0,checkoutservice,shippingservice,8.232515
178,178.0,frontend,adservice,12.123462
178,178.0,frontend,cartservice,34.331121
178,178.0,frontend,checkoutservice,13.720858
178,178.0,frontend,currencyservice,44.508464
178,178.0,frontend,productcatalogservice,36.573089
178,178.0,frontend,recommendationservice,16.366952
178,178.0,recommendationservice,productcatalogservice,21.822602
179,179.0,cartservice,redis-cart,43.195011
179,179.0,checkoutservice,cartservice,11.643027
179,179.0,checkoutservice,currencyservice,5.821513
179,179.0,checkoutservice,emailservice,5.821513
179,179.0,checkoutservice,paymentservice,10.187649
179,179.0,checkoutservice,productcatalogservice,5.821513
179,179.0,checkoutservice,shippingservice,8.732270
179,179.0,frontend,adservice,12.723164
179,179.0,frontend,cartservice,36.674847
179,179.0,frontend,checkoutservice,14.553784
179,179.0,frontend,currencyservice,46.907208
179,179.0,frontend,productcatalogservice,38.442647
179,179.0,frontend,recommendationservice,17.153034
179,179.0,recommendationservice,productcatalogservice,22.870712
180,180.0,cartservice,redis-cart,40.277573
180,180.0,checkoutservice,cartservice,10.797690
180,180.0,checkoutservice,currencyservice,5.398845
180,180.0,checkoutservice,emailservice,5.398845
180,180.0,checkoutservice,paymentservice,9.447978
180,180.0,checkoutservice,productcatalogservice,5.398845
180,180.0,checkoutservice,shippingservice,8.098267
180,180.0,frontend,adservice,11.677130
180,180.0,frontend,cartservice,34.255105
180,180.0,frontend,checkoutservice,13.497112
180,180.0,frontend,currencyservice,43.228395
180,180.0,frontend,productcatalogservice,35.338661
180,180.0,frontend,recommendationservice,15.722118
180,180.0,recommendationservice,productcatalogservice,20.962824
181,181.0,cartservice,redis-cart,40.397918
181,181.0,checkoutservice,cartservice,10.770930
181,181.0,checkoutservice,currencyservice,5.385465
181,181.0,checkoutservice,emailservice,5.385465
181,181.0,checkoutservice,paymentservice,9.424564
181,181.0,checkoutservice,productcatalogservice,5.385465
181,181.0,checkoutservice,shippingservice,8.078198
181,181.0,frontend,adservice,11.530271
181,181.0,frontend,cartservice,34.414838
181,181.0,frontend,checkoutservice,13.463663
181,181.0,frontend,currencyservice,42.856732
181,181.0,frontend,productcatalogservice,34.951158
181,181.0,frontend,recommendationservice,15.504910
181,181.0,recommendationservice,productcatalogservice,20.673213
182,182.0,cartservice,redis-cart,41.855007
182,182.0,checkoutservice,cartservice,11.098391
182,182.0,checkoutservice,currencyservice,5.549195
182,182.0,checkoutservice,emailservice,5.549195
182,182.0,checkoutservice,paymentservice,9.711092
182,182.0,checkoutservice,productcatalogservice,5.549195
182,182.0,checkoutservice,shippingservice,8.323793
182,182.0,frontend,adservice,11.763458
182,182.0,frontend,cartservice,35.715461
182,182.0,frontend,checkoutservice,13.872988
182,182.0,frontend,currencyservice,43.895212
182,182.0,frontend,productcatalogservice,35.717174
182,182.0,frontend,recommendationservice,15.799615
182,182.0,recommendationservice,productcatalogservice,21.066154
183,183.0,cartservice,redis-cart,42.729485
183,183.0,checkoutservice,cartservice,11.268096
183,183.0,checkoutservice,currencyservice,5.634048
183,183.0,checkoutservice,emailservice,5.634048
183,183.0,checkoutservice,paymentservice,9.859584
183,183.0,checkoutservice,productcatalogservice,5.634048
183,183.0,checkoutservice,shippingservice,8.451072
183,183.0,frontend,adservice,11.828364
183,183.0,frontend,cartservice,36.522112
183,183.0,frontend,checkoutservice,14.085120
183,183.0,frontend,currencyservice,44.306093
183,183.0,frontend,productcatalogservice,35.974789
183,183.0,frontend,recommendationservice,15.868874
183,183.0,recommendationservice,productcatalogservice,21.158499
184,184.0,cartservice,redis-cart,40.483089
184,184.0,checkoutservice,cartservice,10.616931
184,184.0,checkoutservice,currencyservice,5.308465
184,184.0,checkoutservice,emailservice,5.308465
184,184.0,checkoutservice,paymentservice,9.289814
184,184.0,checkoutservice,productcatalogservice,5.308465
184,184.0,checkoutservice,shippingservice,7.962698
184,184.0,frontend,adservice,11.040413
184,184.0,frontend,cartservice,34.659194
184,184.0,frontend,checkoutservice,13.271164
184,184.0,frontend,currencyservice,41.508100
184,184.0,frontend,productcatalogservice,33.635780
184,184.0,frontend,recommendationservice,14.796063
184,184.0,recommendationservice,productcatalogservice,19.728084
185,185.0,cartservice,redis-cart,42.636942
185,185.0,checkoutservice,cartservice,11.120037
185,185.0,checkoutservice,currencyservice,5.560018
185,185.0,checkoutservice,emailservice,5.560018
185,185.0,checkoutservice,paymentservice,9.730032
185,185.0,checkoutservice,productcatalogservice,5.560018
185,185.0,checkoutservice,shippingservice,8.340028
185,185.0,frontend,adservice,11.458310
185,185.0,frontend,cartservice,36.563233
185,185.0,frontend,checkoutservice,13.900046
185,185.0,frontend,currencyservice,43.234154
185,185.0,frontend,productcatalogservice,34.969545
185,185.0,frontend,recommendationservice,15.340925
185,185.0,recommendationservice,productcatalogservice,20.454566
186,186.0,cartservice,redis-cart,44.695195
186,186.0,checkoutservice,cartservice,11.592269
186,186.0,checkoutservice,currencyservice,5.796134
186,186.0,checkoutservice,emailservice,5.796134
186,186.0,checkoutservice,paymentservice,10.143235
186,186.0,checkoutservice,productcatalogservice,5.796134
186,186.0,checkoutservice,shippingservice,8.694201
186,186.0,frontend,adservice,11.839389
186,186.0,frontend,cartservice,38.391067
186,186.0,frontend,checkoutservice,14.490336
186,186.0,frontend,currencyservice,44.827311
186,186.0,frontend,productcatalogservice,36.196121
186,186.0,frontend,recommendationservice,15.836611
186,186.0,recommendationservice,productcatalogservice,21.115482
187,187.0,cartservice,redis-cart,44.458271
187,187.0,checkoutservice,cartservice,11.466751
187,187.0,checkoutservice,currencyservice,5.733376
187,187.0,checkoutservice,emailservice,5.733376
187,187.0,checkoutservice,paymentservice,10.033407
187,187.0,checkoutservice,productcatalogservice,5.733376
187,187.0,checkoutservice,shippingservice,8.600063
187,187.0,frontend,adservice,11.610980
187,187.0,frontend,cartservice,38.249848
187,187.0,frontend,checkoutservice,14.333439
187,187.0,frontend,currencyservice,44.109841
187,187.0,frontend,productcatalogservice,35.561047
187,187.0,frontend,recommendationservice,15.518043
187,187.0,recommendationservice,productcatalogservice,20.690724
188,188.0,cartservice,redis-cart,42.703448
188,188.0,checkoutservice,cartservice,10.952770
188,188.0,checkoutservice,currencyservice,5.476385
188,188.0,checkoutservice,emailservice,5.476385
188,188.0,checkoutservice,paymentservice,9.583674
188,188.0,checkoutservice,productcatalogservice,5.476385
188,188.0,checkoutservice,shippingservice,8.214578
188,188.0,frontend,adservice,10.998763
188,188.0,frontend,cartservice,36.799748
188,188.0,frontend,checkoutservice,13.690963
188,188.0,frontend,currencyservice,41.918715
188,188.0,frontend,productcatalogservice,33.746713
188,188.0,frontend,recommendationservice,14.688631
188,188.0,recommendationservice,productcatalogservice,19.584841
189,189.0,cartservice,redis-cart,42.239209
189,189.0,checkoutservice,cartservice,10.773163
189,189.0,checkoutservice,currencyservice,5.386581
189,189.0,checkoutservice,emailservice,5.386581
189,189.0,checkoutservice,paymentservice,9.426517
189,189.0,checkoutservice,productcatalogservice,5.386581
189,189.0,checkoutservice,shippingservice,8.079872
189,189.0,frontend,adservice,10.732004
189,189.0,frontend,cartservice,36.458546
189,189.0,frontend,checkoutservice,13.466453
189,189.0,frontend,currencyservice,41.028423
189,189.0,frontend,productcatalogservice,32.988217
189,189.0,frontend,recommendationservice,14.322640
189,189.0,recommendationservice,productcatalogservice,19.096853
190,190.0,cartservice,redis-cart,43.908466
190,190.0,checkoutservice,cartservice,11.136160
190,190.0,checkoutservice,currencyservice,5.568080
190,190.0,checkoutservice,emailservice,5.568080
190,190.0,checkoutservice,paymentservice,9.744140
190,190.0,checkoutservice,productcatalogservice,5.568080
190,190.0,checkoutservice,shippingservice,8.352120
190,190.0,frontend,adservice,11.008286
190,190.0,frontend,cartservice,37.960362
190,190.0,frontend,checkoutservice,13.920200
190,190.0,frontend,currencyservice,42.208907
190,190.0,frontend,productcatalogservice,33.899707
190,190.0,frontend,recommendationservice,14.682608
190,190.0,recommendationservice,productcatalogservice,19.576811
191,191.0,cartservice,redis-cart,41.239480
191,191.0,checkoutservice,cartservice,10.400487
191,191.0,checkoutservice,currencyservice,5.200244
191,191.0,checkoutservice,emailservice,5.200244
191,191.0,checkoutservice,paymentservice,9.100426
191,191.0,checkoutservice,productcatalogservice,5.200244
191,191.0,checkoutservice,shippingservice,7.800365
191,191.0,frontend,adservice,10.205070
191,191.0,frontend,cartservice,35.710060
191,191.0,frontend,checkoutservice,13.000609
191,191.0,frontend,currencyservice,39.239137
191,191.0,frontend,productcatalogservice,31.484556
191,191.0,frontend,recommendationservice,13.604364
191,191.0,recommendationservice,productcatalogservice,18.139152
192,192.0,cartservice,redis-cart,45.896017
192,192.0,checkoutservice,cartservice,11.509660
192,192.0,checkoutservice,currencyservice,5.754830
192,192.0,checkoutservice,emailservice,5.754830
192,192.0,checkoutservice,paymentservice,10.070953
192,192.0,checkoutservice,productcatalogservice,5.754830
192,192.0,checkoutservice,shippingservice,8.632245
192,192.0,frontend,adservice,11.213385
192,192.0,frontend,cartservice,39.805627
192,192.0,frontend,checkoutservice,14.387075
192,192.0,frontend,currencyservice,43.231084
192,192.0,frontend,productcatalogservice,34.660126
192,192.0,frontend,recommendationservice,14.942259
192,192.0,recommendationservice,productcatalogservice,19.923012
193,193.0,cartservice,redis-cart,41.908614
193,193.0,checkoutservice,cartservice,10.450370
193,193.0,checkoutservice,currencyservice,5.225185
193,193.0,checkoutservice,emailservice,5.225185
193,193.0,checkoutservice,paymentservice,9.144073
193,193.0,checkoutservice,productcatalogservice,5.225185
193,193.0,checkoutservice,shippingservice,7.837777
193,193.0,frontend,adservice,10.112396
193,193.0,frontend,cartservice,36.405045
193,193.0,frontend,checkoutservice,13.062962
193,193.0,frontend,currencyservice,39.084498
193,193.0,frontend,productcatalogservice,31.315911
193,193.0,frontend,recommendationservice,13.470705
193,193.0,recommendationservice,productcatalogservice,17.960940
194,194.0,cartservice,redis-cart,44.663154
194,194.0,checkoutservice,cartservice,11.074206
194,194.0,checkoutservice,currencyservice,5.537103
194,194.0,checkoutservice,emailservice,5.537103
194,194.0,checkoutservice,paymentservice,9.689930
194,194.0,checkoutservice,productcatalogservice,5.537103
194,194.0,checkoutservice,shippingservice,8.305655
194,194.0,frontend,adservice,10.646866
194,194.0,frontend,cartservice,38.859137
194,194.0,frontend,checkoutservice,13.842758
194,194.0,frontend,currencyservice,41.247419
194,194.0,frontend,productcatalogservice,33.033560
194,194.0,frontend,recommendationservice,14.179310
194,194.0,recommendationservice,productcatalogservice,18.905746
195,195.0,cartservice,redis-cart,45.504885
195,195.0,checkoutservice,cartservice,11.218899
195,195.0,checkoutservice,currencyservice,5.609450
195,195.0,checkoutservice,emailservice,5.609450
195,195.0,checkoutservice,paymentservice,9.816537
195,195.0,checkoutservice,productcatalogservice,5.609450
195,195.0,checkoutservice,shippingservice,8.414175
195,195.0,frontend,adservice,10.719809
195,195.0,frontend,cartservice,39.653720
195,195.0,frontend,checkoutservice,14.023624
195,195.0,frontend,currencyservice,41.621560
195,195.0,frontend,productcatalogservice,33.323263
195,195.0,frontend,recommendationservice,14.274421
195,195.0,recommendationservice,productcatalogservice,19.032562
196,196.0,cartservice,redis-cart,42.451640
196,196.0,checkoutservice,cartservice,10.406628
196,196.0,checkoutservice,currencyservice,5.203314
196,196.0,checkoutservice,emailservice,5.203314
196,196.0,checkoutservice,paymentservice,9.105799
196,196.0,checkoutservice,productcatalogservice,5.203314
196,196.0,checkoutservice,shippingservice,7.804971
196,196.0,frontend,adservice,9.885929
196,196.0,frontend,cartservice,37.050934
196,196.0,frontend,checkoutservice,13.008285
196,196.0,frontend,currencyservice,38.462304
196,196.0,frontend,productcatalogservice,30.789900
196,196.0,frontend,recommendationservice,13.163426
196,196.0,recommendationservice,productcatalogservice,17.551235
197,197.0,cartservice,redis-cart,43.391672
197,197.0,checkoutservice,cartservice,10.576444
197,197.0,checkoutservice,currencyservice,5.288222
197,197.0,checkoutservice,emailservice,5.288222
197,197.0,checkoutservice,paymentservice,9.254388
197,197.0,checkoutservice,productcatalogservice,5.288222
197,197.0,checkoutservice,shippingservice,7.932333
197,197.0,frontend,adservice,9.992241
197,197.0,frontend,cartservice,37.930315
197,197.0,frontend,checkoutservice,13.220555
197,197.0,frontend,currencyservice,38.948968
197,197.0,frontend,productcatalogservice,31.180761
197,197.0,frontend,recommendationservice,13.305674
197,197.0,recommendationservice,productcatalogservice,17.740899
198,198.0,cartservice,redis-cart,45.935841
198,198.0,checkoutservice,cartservice,11.132616
198,198.0,checkoutservice,currencyservice,5.566308
198,198.0,checkoutservice,emailservice,5.566308
198,198.0,checkoutservice,paymentservice,9.741039
198,198.0,checkoutservice,productcatalogservice,5.566308
198,198.0,checkoutservice,shippingservice,8.349462
198,198.0,frontend,adservice,10.463654
198,198.0,frontend,cartservice,40.216446
198,198.0,frontend,checkoutservice,13.915770
198,198.0,frontend,currencyservice,40.856293
198,198.0,frontend,productcatalogservice,32.714634
198,198.0,frontend,recommendationservice,13.935514
198,198.0,recommendationservice,productcatalogservice,18.580685
199,199.0,cartservice,redis-cart,45.138612
199,199.0,checkoutservice,cartservice,10.876789
199,199.0,checkoutservice,currencyservice,5.438395
199,199.0,checkoutservice,emailservice,5.438395
199,199.0,checkoutservice,paymentservice,9.517190
199,199.0,checkoutservice,productcatalogservice,5.438395
199,199.0,checkoutservice,shippingservice,8.157592
199,199.0,frontend,adservice,10.174166
199,199.0,frontend,cartservice,39.579358
199,199.0,frontend,checkoutservice,13.595986
199,199.0,frontend,currencyservice,39.787153
199,199.0,frontend,productcatalogservice,31.870832
199,199.0,frontend,recommendationservice,13.553380
199,199.0,recommendationservice,productcatalogservice,18.071174
200,200.0,cartservice,redis-cart,43.772540
200,200.0,checkoutservice,cartservice,10.487114
200,200.0,checkoutservice,currencyservice,5.243557
200,200.0,checkoutservice,emailservice,5.243557
200,200.0,checkoutservice,paymentservice,9.176224
200,200.0,checkoutservice,productcatalogservice,5.243557
200,200.0,checkoutservice,shippingservice,7.865335
200,200.0,frontend,adservice,9.766005
200,200.0,frontend,cartservice,38.440350
200,200.0,frontend,checkoutservice,13.108892
200,200.0,frontend,currencyservice,38.243186
200,200.0,frontend,productcatalogservice,30.651205
200,200.0,frontend,recommendationservice,13.014243
200,200.0,recommendationservice,productcatalogservice,17.352323
201,201.0,cartservice,redis-cart,44.555653
201,201.0,checkoutservice,cartservice,10.613378
201,201.0,checkoutservice,currencyservice,5.306689
201,201.0,checkoutservice,emailservice,5.306689
201,201.0,checkoutservice,paymentservice,9.286706
201,201.0,checkoutservice,productcatalogservice,5.306689
201,201.0,checkoutservice,shippingservice,7.960034
201,201.0,frontend,adservice,9.843058
201,201.0,frontend,cartservice,39.187719
201,201.0,frontend,checkoutservice,13.266723
201,201.0,frontend,currencyservice,38.590795
201,201.0,frontend,productcatalogservice,30.952518
201,201.0,frontend,recommendationservice,13.122889
201,201.0,recommendationservice,productcatalogservice,17.497185
202,202.0,cartservice,redis-cart,46.659575
202,202.0,checkoutservice,cartservice,11.050533
202,202.0,checkoutservice,currencyservice,5.525266
202,202.0,checkoutservice,emailservice,5.525266
202,202.0,checkoutservice,paymentservice,9.669216
202,202.0,checkoutservice,productcatalogservice,5.525266
202,202.0,checkoutservice,shippingservice,8.287900
202,202.0,frontend,adservice,10.210082
202,202.0,frontend,cartservice,41.100399
202,202.0,frontend,checkoutservice,13.813166
202,202.0,frontend,currencyservice,40.070228
202,202.0,frontend,productcatalogservice,32.168359
202,202.0,frontend,recommendationservice,13.619794
202,202.0,recommendationservice,productcatalogservice,18.159726
203,203.0,cartservice,redis-cart,46.518661
203,203.0,checkoutservice,cartservice,10.953586
203,203.0,checkoutservice,currencyservice,5.476793
203,203.0,checkoutservice,emailservice,5.476793
203,203.0,checkoutservice,paymentservice,9.584388
203,203.0,checkoutservice,productcatalogservice,5.476793
203,203.0,checkoutservice,shippingservice,8.215189
203,203.0,frontend,adservice,10.086202
203,203.0,frontend,cartservice,41.038082
203,203.0,frontend,checkoutservice,13.691982
203,203.0,frontend,currencyservice,39.616898
203,203.0,frontend,productcatalogservice,31.838938
203,203.0,frontend,recommendationservice,13.463422
203,203.0,recommendationservice,productcatalogservice,17.951229
204,204.0,cartservice,redis-cart,45.962282
204,204.0,checkoutservice,cartservice,10.760007
204,204.0,checkoutservice,currencyservice,5.380003
204,204.0,checkoutservice,emailservice,5.380003
204,204.0,checkoutservice,paymentservice,9.415006
204,204.0,checkoutservice,productcatalogservice,5.380003
204,204.0,checkoutservice,shippingservice,8.070005
204,204.0,frontend,adservice,9.877936
204,204.0,frontend,cartservice,40.608084
204,204.0,frontend,checkoutservice,13.450008
204,204.0,frontend,currencyservice,38.823951
204,204.0,frontend,productcatalogservice,31.241007
204,204.0,frontend,recommendationservice,13.195478
204,204.0,recommendationservice,productcatalogservice,17.593971
205,205.0,cartservice,redis-cart,44.984649
205,205.0,checkoutservice,cartservice,10.470138
205,205.0,checkoutservice,currencyservice,5.235069
205,205.0,checkoutservice,emailservice,5.235069
205,205.0,checkoutservice,paymentservice,9.161371
205,205.0,checkoutservice,productcatalogservice,5.235069
205,205.0,checkoutservice,shippingservice,7.852604
205,205.0,frontend,adservice,9.586204
205,205.0,frontend,cartservice,39.803643
205,205.0,frontend,checkoutservice,13.087673
205,205.0,frontend,currencyservice,37.694726
205,205.0,frontend,productcatalogservice,30.375901
205,205.0,frontend,recommendationservice,12.816848
205,205.0,recommendationservice,productcatalogservice,17.089131
206,206.0,cartservice,redis-cart,46.923291
206,206.0,checkoutservice,cartservice,10.857979
206,206.0,checkoutservice,currencyservice,5.428989
206,206.0,checkoutservice,emailservice,5.428989
206,206.0,checkoutservice,paymentservice,9.500731
206,206.0,checkoutservice,productcatalogservice,5.428989
206,206.0,checkoutservice,shippingservice,8.143484
206,206.0,frontend,adservice,9.918436
206,206.0,frontend,cartservice,41.580621
206,206.0,frontend,checkoutservice,13.572473
206,206.0,frontend,currencyservice,39.011846
206,206.0,frontend,productcatalogservice,31.487942
206,206.0,frontend,recommendationservice,13.273876
206,206.0,recommendationservice,productcatalogservice,17.698501
207,207.0,cartservice,redis-cart,42.796062
207,207.0,checkoutservice,cartservice,9.845373
207,207.0,checkoutservice,paymentservice,8.614702
207,207.0,checkoutservice,shippingservice,7.384030
207,207.0,frontend,adservice,8.976081
207,207.0,frontend,cartservice,37.979289
207,207.0,frontend,checkoutservice,12.306717
207,207.0,frontend,currencyservice,35.308382
207,207.0,frontend,productcatalogservice,28.549623
207,207.0,frontend,recommendationservice,12.025559
207,207.0,recommendationservice,productcatalogservice,16.034079
208,208.0,cartservice,redis-cart,45.906811
208,208.0,checkoutservice,cartservice,10.499506
208,208.0,checkoutservice,currencyservice,5.249753
208,208.0,checkoutservice,emailservice,5.249753
208,208.0,checkoutservice,paymentservice,9.187068
208,208.0,checkoutservice,productcatalogservice,5.249753
208,208.0,checkoutservice,shippingservice,7.874629
208,208.0,frontend,adservice,9.557514
208,208.0,frontend,cartservice,40.799715
208,208.0,frontend,checkoutservice,13.124382
208,208.0,frontend,currencyservice,37.591680
208,208.0,frontend,productcatalogservice,30.455398
208,208.0,frontend,recommendationservice,12.819500
208,208.0,recommendationservice,productcatalogservice,17.092667
209,209.0,cartservice,redis-cart,44.583760
209,209.0,checkoutservice,cartservice,10.137417
209,209.0,checkoutservice,currencyservice,5.068709
209,209.0,checkoutservice,emailservice,5.068709
209,209.0,checkoutservice,paymentservice,8.870240
209,209.0,checkoutservice,productcatalogservice,5.068709
209,209.0,checkoutservice,shippingservice,7.603063
209,209.0,frontend,adservice,9.216942
209,209.0,frontend,cartservice,39.681689
209,209.0,frontend,checkoutservice,12.671772
209,209.0,frontend,currencyservice,36.241565
209,209.0,frontend,productcatalogservice,29.424165
209,209.0,frontend,recommendationservice,12.378378
209,209.0,recommendationservice,productcatalogservice,16.504504
210,210.0,cartservice,redis-cart,48.045876
210,210.0,checkoutservice,cartservice,10.860786
210,210.0,checkoutservice,currencyservice,5.430393
210,210.0,checkoutservice,emailservice,5.430393
210,210.0,checkoutservice,paymentservice,9.503188
210,210.0,checkoutservice,productcatalogservice,5.430393
210,210.0,checkoutservice,shippingservice,8.145589
210,210.0,frontend,adservice,9.866582
210,210.0,frontend,cartservice,42.825209
210,210.0,frontend,checkoutservice,13.575982
210,210.0,frontend,currencyservice,38.777290
210,210.0,frontend,productcatalogservice,31.555377
210,210.0,frontend,recommendationservice,13.268958
210,210.0,recommendationservice,productcatalogservice,17.691944
211,211.0,cartservice,redis-cart,45.339137
211,211.0,checkoutservice,cartservice,10.188930
211,211.0,checkoutservice,currencyservice,5.094465
211,211.0,checkoutservice,emailservice,5.094465
211,211.0,checkoutservice,paymentservice,8.915313
211,211.0,checkoutservice,productcatalogservice,5.094465
211,211.0,checkoutservice,shippingservice,7.641697
211,211.0,frontend,adservice,9.252154
211,211.0,frontend,cartservice,40.470915
211,211.0,frontend,checkoutservice,12.736162
211,211.0,frontend,currencyservice,36.338037
211,211.0,frontend,productcatalogservice,29.643499
211,211.0,frontend,recommendationservice,12.460860
211,211.0,recommendationservice,productcatalogservice,16.614480
212,212.0,cartservice,redis-cart,44.986793
212,212.0,checkoutservice,cartservice,10.050467
212,212.0,checkoutservice,currencyservice,5.025234
212,212.0,checkoutservice,emailservice,5.025234
212,212.0,checkoutservice,paymentservice,8.794159
212,212.0,checkoutservice,productcatalogservice,5.025234
212,212.0,checkoutservice,shippingservice,7.537850
212,212.0,frontend,adservice,9.125833
212,212.0,frontend,cartservice,40.214038
212,212.0,frontend,checkoutservice,12.563084
212,212.0,frontend,currencyservice,35.810986
212,212.0,frontend,productcatalogservice,29.290641
212,212.0,frontend,recommendationservice,12.309878
212,212.0,recommendationservice,productcatalogservice,16.413170
213,213.0,cartservice,redis-cart,45.688793
213,213.0,checkoutservice,cartservice,10.147348
213,213.0,checkoutservice,currencyservice,5.073674
213,213.0,checkoutservice,emailservice,5.073674
213,213.0,checkoutservice,paymentservice,8.878930
213,213.0,checkoutservice,productcatalogservice,5.073674
213,213.0,checkoutservice,shippingservice,7.610511
213,213.0,frontend,adservice,9.216672
213,213.0,frontend,cartservice,40.899848
213,213.0,frontend,checkoutservice,12.684185
213,213.0,frontend,currencyservice,36.129372
213,213.0,frontend,productcatalogservice,29.633927
213,213.0,frontend,recommendationservice,12.452929
213,213.0,recommendationservice,productcatalogservice,16.603906
214,214.0,cartservice,redis-cart,43.984042
214,214.0,checkoutservice,cartservice,9.711258
214,214.0,checkoutservice,paymentservice,8.497351
214,214.0,checkoutservice,shippingservice,7.283444
214,214.0,frontend,adservice,8.826644
214,214.0,frontend,cartservice,39.429657
214,214.0,frontend,checkoutservice,12.139073
214,214.0,frontend,currencyservice,34.557480
214,214.0,frontend,productcatalogservice,28.428744
214,214.0,frontend,recommendationservice,11.946711
214,214.0,recommendationservice,productcatalogservice,15.928948
215,215.0,cartservice,redis-cart,44.804403
215,215.0,checkoutservice,cartservice,9.834095
215,215.0,checkoutservice,paymentservice,8.604833
215,215.0,checkoutservice,shippingservice,7.375571
215,215.0,frontend,adservice,8.947799
215,215.0,frontend,cartservice,40.221744
215,215.0,frontend,checkoutservice,12.292619
215,215.0,frontend,currencyservice,34.981691
215,215.0,frontend,productcatalogservice,28.867736
215,215.0,frontend,recommendationservice,12.132837
215,215.0,recommendationservice,productcatalogservice,16.177116
216,216.0,cartservice,redis-cart,46.928228
216,216.0,checkoutservice,cartservice,10.239461
216,216.0,checkoutservice,currencyservice,5.119730
216,216.0,checkoutservice,emailservice,5.119730
216,216.0,checkoutservice,paymentservice,8.959528
216,216.0,checkoutservice,productcatalogservice,5.119730
216,216.0,checkoutservice,shippingservice,7.679596
216,216.0,frontend,adservice,9.330039
216,216.0,frontend,cartservice,42.187445
216,216.0,frontend,checkoutservice,12.799326
216,216.0,frontend,currencyservice,36.417039
216,216.0,frontend,productcatalogservice,30.150962
216,216.0,frontend,recommendationservice,12.675349
216,216.0,recommendationservice,productcatalogservice,16.900466
217,217.0,cartservice,redis-cart,46.847453
217,217.0,checkoutservice,cartservice,10.161412
217,217.0,checkoutservice,currencyservice,5.080706
217,217.0,checkoutservice,emailservice,5.080706
217,217.0,checkoutservice,paymentservice,8.891235
217,217.0,checkoutservice,productcatalogservice,5.080706
217,217.0,checkoutservice,shippingservice,7.621059
217,217.0,frontend,adservice,9.275714
217,217.0,frontend,cartservice,42.173575
217,217.0,frontend,checkoutservice,12.701765
217,217.0,frontend,currencyservice,36.139673
217,217.0,frontend,productcatalogservice,30.024264
217,217.0,frontend,recommendationservice,12.626700
217,217.0,recommendationservice,productcatalogservice,16.835600
218,218.0,cartservice,redis-cart,44.067670
218,218.0,checkoutservice,cartservice,9.501874
218,218.0,checkoutservice,paymentservice,8.314140
218,218.0,checkoutservice,shippingservice,7.126405
218,218.0,frontend,adservice,8.692632
218,218.0,frontend,cartservice,39.726145
218,218.0,frontend,checkoutservice,11.877342
218,218.0,frontend,currencyservice,33.800539
218,218.0,frontend,productcatalogservice,28.181820
218,218.0,frontend,recommendationservice,11.857530
218,218.0,recommendationservice,productcatalogservice,15.810041
219,219.0,cartservice,redis-cart,44.046043
219,219.0,checkoutservice,cartservice,9.440895
219,219.0,checkoutservice,paymentservice,8.260783
219,219.0,checkoutservice,shippingservice,7.080671
219,219.0,frontend,adservice,8.658945
219,219.0,frontend,cartservice,39.761400
219,219.0,frontend,checkoutservice,11.801118
219,219.0,frontend,currencyservice,33.596451
219,219.0,frontend,productcatalogservice,28.116438
219,219.0,frontend,recommendationservice,11.836994
219,219.0,recommendationservice,productcatalogservice,15.782659
220,220.0,cartservice,redis-cart,47.643731
220,220.0,checkoutservice,cartservice,10.151380
220,220.0,checkoutservice,currencyservice,5.075690
220,220.0,checkoutservice,emailservice,5.075690
220,220.0,checkoutservice,paymentservice,8.882458
220,220.0,checkoutservice,productcatalogservice,5.075690
220,220.0,checkoutservice,shippingservice,7.613535
220,220.0,frontend,adservice,9.337850
220,220.0,frontend,cartservice,43.068082
220,220.0,frontend,checkoutservice,12.689225
220,220.0,frontend,currencyservice,36.145399
220,220.0,frontend,productcatalogservice,30.367151
220,220.0,frontend,recommendationservice,12.793475
220,220.0,recommendationservice,productcatalogservice,17.057967
221,221.0,cartservice,redis-cart,44.273161
221,221.0,checkoutservice,cartservice,9.377109
221,221.0,checkoutservice,paymentservice,8.204970
221,221.0,checkoutservice,shippingservice,7.032832
221,221.0,frontend,adservice,8.654062
221,221.0,frontend,cartservice,40.075768
221,221.0,frontend,checkoutservice,11.721386
221,221.0,frontend,currencyservice,33.413839
221,221.0,frontend,productcatalogservice,28.185299
221,221.0,frontend,recommendationservice,11.883844
221,221.0,recommendationservice,productcatalogservice,15.845125
222,222.0,cartservice,redis-cart,45.928743
222,222.0,checkoutservice,cartservice,9.669814
222,222.0,checkoutservice,paymentservice,8.461087
222,222.0,checkoutservice,shippingservice,7.252360
222,222.0,frontend,adservice,8.956873
222,222.0,frontend,cartservice,41.630729
222,222.0,frontend,checkoutservice,12.087267
222,222.0,frontend,currencyservice,34.489499
222,222.0,frontend,productcatalogservice,29.213783
222,222.0,frontend,recommendationservice,12.328703
222,222.0,recommendationservice,productcatalogservice,16.438270
223,223.0,cartservice,redis-cart,44.242937
223,223.0,checkoutservice,cartservice,9.259311
223,223.0,checkoutservice,paymentservice,8.101897
223,223.0,checkoutservice,shippingservice,6.944483
223,223.0,frontend,adservice,8.611149
223,223.0,frontend,cartservice,40.156711
223,223.0,frontend,checkoutservice,11.574139
223,223.0,frontend,currencyservice,33.062876
223,223.0,frontend,productcatalogservice,28.125738
223,223.0,frontend,recommendationservice,11.881551
223,223.0,recommendationservice,productcatalogservice,15.842068
224,224.0,cartservice,redis-cart,47.459286
224,224.0,checkoutservice,cartservice,9.873091
224,224.0,checkoutservice,paymentservice,8.638955
224,224.0,checkoutservice,shippingservice,7.404818
224,224.0,frontend,adservice,9.222212
224,224.0,frontend,cartservice,43.133701
224,224.0,frontend,checkoutservice,12.341364
224,224.0,frontend,currencyservice,35.301253
224,224.0,frontend,productcatalogservice,30.162803
224,224.0,frontend,recommendationservice,12.756273
224,224.0,recommendationservice,productcatalogservice,17.008364
225,225.0,cartservice,redis-cart,43.476960
225,225.0,checkoutservice,cartservice,8.990512
225,225.0,checkoutservice,paymentservice,7.866698
225,225.0,checkoutservice,shippingservice,6.742884
225,225.0,frontend,adservice,8.437618
225,225.0,frontend,cartservice,39.566958
225,225.0,frontend,checkoutservice,11.238140
225,225.0,frontend,currencyservice,32.194239
225,225.0,frontend,productcatalogservice,27.633259
225,225.0,frontend,recommendationservice,11.700626
225,225.0,recommendationservice,productcatalogservice,15.600834
226,226.0,cartservice,redis-cart,45.972447
226,226.0,checkoutservice,cartservice,9.449574
226,226.0,checkoutservice,paymentservice,8.268377
226,226.0,checkoutservice,shippingservice,7.087180
226,226.0,frontend,adservice,8.913606
226,226.0,frontend,cartservice,41.893411
226,226.0,frontend,checkoutservice,11.811967
226,226.0,frontend,currencyservice,33.895686
226,226.0,frontend,productcatalogservice,29.229606
226,226.0,frontend,recommendationservice,12.392688
226,226.0,recommendationservice,productcatalogservice,16.523584
227,227.0,cartservice,redis-cart,47.241779
227,227.0,checkoutservice,cartservice,9.652198
227,227.0,checkoutservice,paymentservice,8.445674
227,227.0,checkoutservice,shippingservice,7.239149
227,227.0,frontend,adservice,9.154272
227,227.0,frontend,cartservice,43.106783
227,227.0,frontend,checkoutservice,12.065248
227,227.0,frontend,currencyservice,34.687939
227,227.0,frontend,productcatalogservice,30.056050
227,227.0,frontend,recommendationservice,12.760845
227,227.0,recommendationservice,productcatalogservice,17.014460
228,228.0,cartservice,redis-cart,44.282259
228,228.0,checkoutservice,cartservice,8.993138
228,228.0,checkoutservice,paymentservice,7.868996
228,228.0,checkoutservice,shippingservice,6.744853
228,228.0,frontend,adservice,8.578552
228,228.0,frontend,cartservice,40.459182
228,228.0,frontend,checkoutservice,11.241422
228,228.0,frontend,currencyservice,32.386571
228,228.0,frontend,productcatalogservice,28.199512
228,228.0,frontend,recommendationservice,11.990356
228,228.0,recommendationservice,productcatalogservice,15.987141
229,229.0,cartservice,redis-cart,45.153529
229,229.0,checkoutservice,cartservice,9.114875
229,229.0,checkoutservice,paymentservice,7.975515
229,229.0,checkoutservice,shippingservice,6.836156
229,229.0,frontend,adservice,8.747932
229,229.0,frontend,cartservice,41.308904
229,229.0,frontend,checkoutservice,11.393593
229,229.0,frontend,currencyservice,32.899340
229,229.0,frontend,productcatalogservice,28.789448
229,229.0,frontend,recommendationservice,12.260363
229,229.0,recommendationservice,productcatalogservice,16.347151
230,230.0,cartservice,redis-cart,42.206777
230,230.0,checkoutservice,cartservice,8.468661
230,230.0,checkoutservice,paymentservice,7.410079
230,230.0,checkoutservice,shippingservice,6.351496
230,230.0,frontend,adservice,8.180243
230,230.0,frontend,cartservice,38.662998
230,230.0,frontend,checkoutservice,10.585827
230,230.0,frontend,currencyservice,30.641858
230,230.0,frontend,productcatalogservice,26.951014
230,230.0,frontend,recommendationservice,11.496343
230,230.0,recommendationservice,productcatalogservice,15.328457
231,231.0,cartservice,redis-cart,43.850630
231,231.0,checkoutservice,cartservice,8.745367
231,231.0,checkoutservice,paymentservice,7.652196
231,231.0,checkoutservice,shippingservice,6.559025
231,231.0,frontend,adservice,8.504895
231,231.0,frontend,cartservice,40.220483
231,231.0,frontend,checkoutservice,10.931708
231,231.0,frontend,currencyservice,31.726568
231,231.0,frontend,productcatalogservice,28.050412
231,231.0,frontend,recommendationservice,11.985939
231,231.0,recommendationservice,productcatalogservice,15.981252
232,232.0,cartservice,redis-cart,45.016946
232,232.0,checkoutservice,cartservice,8.923677
232,232.0,checkoutservice,paymentservice,7.808217
232,232.0,checkoutservice,shippingservice,6.692758
232,232.0,frontend,adservice,8.740066
232,232.0,frontend,cartservice,41.343032
232,232.0,frontend,checkoutservice,11.154596
232,232.0,frontend,currencyservice,32.464917
232,232.0,frontend,productcatalogservice,28.855380
232,232.0,frontend,recommendationservice,12.352075
232,232.0,recommendationservice,productcatalogservice,16.469434
233,233.0,cartservice,redis-cart,43.663169
233,233.0,checkoutservice,cartservice,8.602897
233,233.0,checkoutservice,paymentservice,7.527535
233,233.0,checkoutservice,shippingservice,6.452172
233,233.0,frontend,adservice,8.488555
233,233.0,frontend,cartservice,40.150705
233,233.0,frontend,checkoutservice,10.753621
233,233.0,frontend,currencyservice,31.392141
233,233.0,frontend,productcatalogservice,28.052263
233,233.0,frontend,recommendationservice,12.030729
233,233.0,recommendationservice,productcatalogservice,16.040972
234,234.0,cartservice,redis-cart,45.943799
234,234.0,checkoutservice,cartservice,8.997337
234,234.0,checkoutservice,paymentservice,7.872670
234,234.0,checkoutservice,shippingservice,6.748002
234,234.0,frontend,adservice,8.946582
234,234.0,frontend,cartservice,42.301255
234,234.0,frontend,checkoutservice,11.246671
234,234.0,frontend,currencyservice,32.936396
234,234.0,frontend,productcatalogservice,29.593313
234,234.0,frontend,recommendationservice,12.716206
234,234.0,recommendationservice,productcatalogservice,16.954941
235,235.0,cartservice,redis-cart,42.661492
235,235.0,checkoutservice,cartservice,8.303797
235,235.0,checkoutservice,paymentservice,7.265822
235,235.0,checkoutservice,shippingservice,6.227847
235,235.0,frontend,adservice,8.323529
235,235.0,frontend,cartservice,39.328522
235,235.0,frontend,checkoutservice,10.379746
235,235.0,frontend,currencyservice,30.500325
235,235.0,frontend,productcatalogservice,27.556655
235,235.0,frontend,recommendationservice,11.864730
235,235.0,recommendationservice,productcatalogservice,15.819639
236,236.0,cartservice,redis-cart,42.525159
236,236.0,checkoutservice,cartservice,8.226898
236,236.0,checkoutservice,paymentservice,7.198536
236,236.0,checkoutservice,shippingservice,6.170174
236,236.0,frontend,adservice,8.315447
236,236.0,frontend,cartservice,39.251803
236,236.0,frontend,checkoutservice,10.283623
236,236.0,frontend,currencyservice,30.325575
236,236.0,frontend,productcatalogservice,27.552909
236,236.0,frontend,recommendationservice,11.887544
236,236.0,recommendationservice,productcatalogservice,15.850059
237,237.0,cartservice,redis-cart,42.745240
237,237.0,checkoutservice,cartservice,8.219084
237,237.0,checkoutservice,paymentservice,7.191698
237,237.0,checkoutservice,shippingservice,6.164313
237,237.0,frontend,adservice,8.379537
237,237.0,frontend,cartservice,39.503935
237,237.0,frontend,checkoutservice,10.273854
237,237.0,frontend,currencyservice,30.410288
237,237.0,frontend,productcatalogservice,27.787224
237,237.0,frontend,recommendationservice,12.013998
237,237.0,recommendationservice,productcatalogservice,16.018664
238,238.0,cartservice,redis-cart,43.600205
238,238.0,checkoutservice,cartservice,8.332312
238,238.0,checkoutservice,paymentservice,7.290773
238,238.0,checkoutservice,shippingservice,6.249234
238,238.0,frontend,adservice,8.571075
238,238.0,frontend,cartservice,40.343814
238,238.0,frontend,checkoutservice,10.415390
238,238.0,frontend,currencyservice,30.950354
238,238.0,frontend,productcatalogservice,28.443574
238,238.0,frontend,recommendationservice,12.324440
238,238.0,recommendationservice,productcatalogservice,16.432586
239,239.0,cartservice,redis-cart,42.541137
239,239.0,checkoutservice,cartservice,8.080222
239,239.0,checkoutservice,paymentservice,7.070194
239,239.0,checkoutservice,shippingservice,6.060166
239,239.0,frontend,adservice,8.388603
239,239.0,frontend,cartservice,39.412159
239,239.0,frontend,checkoutservice,10.100277
239,239.0,frontend,currencyservice,30.137323
239,239.0,frontend,productcatalogservice,27.857545
239,239.0,frontend,recommendationservice,12.097281
239,239.0,recommendationservice,productcatalogservice,16.129708
240,240.0,cartservice,redis-cart,44.685068
240,240.0,checkoutservice,cartservice,8.435477
240,240.0,checkoutservice,paymentservice,7.381042
240,240.0,checkoutservice,shippingservice,6.326607
240,240.0,frontend,adservice,8.840836
240,240.0,frontend,cartservice,41.448917
240,240.0,frontend,checkoutservice,10.544346
240,240.0,frontend,currencyservice,31.597319
240,240.0,frontend,productcatalogservice,29.378636
240,240.0,frontend,recommendationservice,12.786697
240,240.0,recommendationservice,productcatalogservice,17.048929
241,241.0,cartservice,redis-cart,42.901741
241,241.0,checkoutservice,cartservice,8.049167
241,241.0,checkoutservice,paymentservice,7.043021
241,241.0,checkoutservice,shippingservice,6.036875
241,241.0,frontend,adservice,8.518637
241,241.0,frontend,cartservice,39.843022
241,241.0,frontend,checkoutservice,10.061459
241,241.0,frontend,currencyservice,30.285046
241,241.0,frontend,productcatalogservice,28.325297
241,241.0,frontend,recommendationservice,12.356667
241,241.0,recommendationservice,productcatalogservice,16.475556
242,242.0,cartservice,redis-cart,40.846305
242,242.0,checkoutservice,cartservice,7.616464
242,242.0,checkoutservice,paymentservice,6.664406
242,242.0,checkoutservice,shippingservice,5.712348
242,242.0,frontend,adservice,8.141856
242,242.0,frontend,cartservice,37.979887
242,242.0,frontend,checkoutservice,9.520580
242,242.0,frontend,currencyservice,28.790179
242,242.0,frontend,productcatalogservice,27.087883
242,242.0,frontend,recommendationservice,11.844562
242,242.0,recommendationservice,productcatalogservice,15.792749
243,243.0,cartservice,redis-cart,46.315828
243,243.0,checkoutservice,cartservice,8.583222
243,243.0,checkoutservice,paymentservice,7.510319
243,243.0,checkoutservice,shippingservice,6.437416
243,243.0,frontend,adservice,9.270092
243,243.0,frontend,cartservice,43.117232
243,243.0,frontend,checkoutservice,10.729027
243,243.0,frontend,currencyservice,32.601047
243,243.0,frontend,productcatalogservice,30.857755
243,243.0,frontend,recommendationservice,13.525111
243,243.0,recommendationservice,productcatalogservice,18.033481
244,244.0,cartservice,redis-cart,42.743003
244,244.0,checkoutservice,cartservice,7.872305
244,244.0,checkoutservice,paymentservice,6.888267
244,244.0,checkoutservice,shippingservice,5.904229
244,244.0,frontend,adservice,8.592298
244,244.0,frontend,cartservice,39.838595
244,244.0,frontend,checkoutservice,9.840382
244,244.0,frontend,currencyservice,30.050339
244,244.0,frontend,productcatalogservice,28.615409
244,244.0,frontend,recommendationservice,12.572542
244,244.0,recommendationservice,productcatalogservice,16.763389
245,245.0,cartservice,redis-cart,43.016439
245,245.0,checkoutservice,cartservice,7.873775
245,245.0,checkoutservice,paymentservice,6.889553
245,245.0,checkoutservice,shippingservice,5.905331
245,245.0,frontend,adservice,8.687032
245,245.0,frontend,cartservice,40.140985
245,245.0,frontend,checkoutservice,9.842218
245,245.0,frontend,currencyservice,30.211493
245,245.0,frontend,productcatalogservice,28.943720
245,245.0,frontend,recommendationservice,12.747848
245,245.0,recommendationservice,productcatalogservice,16.997130
246,246.0,cartservice,redis-cart,43.793832
246,246.0,checkoutservice,cartservice,7.966521
246,246.0,checkoutservice,paymentservice,6.970706
246,246.0,checkoutservice,shippingservice,5.974891
246,246.0,frontend,adservice,8.886747
246,246.0,frontend,cartservice,40.914585
246,246.0,frontend,checkoutservice,9.958151
246,246.0,frontend,currencyservice,30.730856
246,246.0,frontend,productcatalogservice,29.621040
246,246.0,frontend,recommendationservice,13.078370
246,246.0,recommendationservice,productcatalogservice,17.437827
247,247.0,cartservice,redis-cart,41.674570
247,247.0,checkoutservice,cartservice,7.534070
247,247.0,checkoutservice,paymentservice,6.592311
247,247.0,checkoutservice,shippingservice,5.650552
247,247.0,frontend,adservice,8.499461
247,247.0,frontend,cartservice,38.980288
247,247.0,frontend,checkoutservice,9.417587
247,247.0,frontend,currencyservice,29.223133
247,247.0,frontend,productcatalogservice,28.340401
247,247.0,frontend,recommendationservice,12.544121
247,247.0,recommendationservice,productcatalogservice,16.725494
248,248.0,cartservice,redis-cart,40.835343
248,248.0,checkoutservice,cartservice,7.336569
248,248.0,checkoutservice,paymentservice,6.419498
248,248.0,checkoutservice,shippingservice,5.502427
248,248.0,frontend,adservice,8.372239
248,248.0,frontend,cartservice,38.239828
248,248.0,frontend,checkoutservice,9.170711
248,248.0,frontend,currencyservice,28.619048
248,248.0,frontend,productcatalogservice,27.925196
248,248.0,frontend,recommendationservice,12.391396
248,248.0,recommendationservice,productcatalogservice,16.521862
249,249.0,cartservice,redis-cart,40.640486
249,249.0,checkoutservice,cartservice,7.256203
249,249.0,checkoutservice,paymentservice,6.349177
249,249.0,checkoutservice,shippingservice,5.442152
249,249.0,frontend,adservice,8.378021
249,249.0,frontend,cartservice,38.101454
249,249.0,frontend,checkoutservice,9.070253
249,249.0,frontend,currencyservice,28.471472
249,249.0,frontend,productcatalogservice,27.952414
249,249.0,frontend,recommendationservice,12.434857
249,249.0,recommendationservice,productcatalogservice,16.579810
250,250.0,cartservice,redis-cart,40.422257
250,250.0,checkoutservice,cartservice,7.172329
250,250.0,checkoutservice,paymentservice,6.275788
250,250.0,checkoutservice,shippingservice,5.379247
250,250.0,frontend,adservice,8.380493
250,250.0,frontend,cartservice,37.940521
250,250.0,frontend,checkoutservice,8.965411
250,250.0,frontend,currencyservice,28.312077
250,250.0,frontend,productcatalogservice,27.967542
250,250.0,frontend,recommendationservice,12.473253
250,250.0,recommendationservice,productcatalogservice,16.631005
251,251.0,cartservice,redis-cart,40.321076
251,251.0,checkoutservice,cartservice,7.109782
251,251.0,checkoutservice,paymentservice,6.221059
251,251.0,checkoutservice,shippingservice,5.332336
251,251.0,frontend,adservice,8.408803
251,251.0,frontend,cartservice,37.888908
251,251.0,frontend,checkoutservice,8.887227
251,251.0,frontend,currencyservice,28.239102
251,251.0,frontend,productcatalogservice,28.067888
251,251.0,frontend,recommendationservice,12.550023
251,251.0,recommendationservice,productcatalogservice,16.733364
252,252.0,cartservice,redis-cart,39.784105
252,252.0,checkoutservice,cartservice,6.971296
252,252.0,checkoutservice,paymentservice,6.099884
252,252.0,checkoutservice,shippingservice,5.228472
252,252.0,frontend,adservice,8.347351
252,252.0,frontend,cartservice,37.426912
252,252.0,frontend,checkoutservice,8.714120
252,252.0,frontend,currencyservice,27.865234
252,252.0,frontend,productcatalogservice,27.867587
252,252.0,frontend,recommendationservice,12.492455
252,252.0,recommendationservice,productcatalogservice,16.656607
253,253.0,cartservice,redis-cart,41.856142
253,253.0,checkoutservice,cartservice,7.288500
253,253.0,checkoutservice,paymentservice,6.377437
253,253.0,checkoutservice,shippingservice,5.466375
253,253.0,frontend,adservice,8.837238
253,253.0,frontend,cartservice,39.420783
253,253.0,frontend,checkoutservice,9.110625
253,253.0,frontend,currencyservice,29.323291
253,253.0,frontend,productcatalogservice,29.507140
253,253.0,frontend,recommendationservice,13.261494
253,253.0,recommendationservice,productcatalogservice,17.681992
254,254.0,cartservice,redis-cart,40.021021
254,254.0,checkoutservice,cartservice,6.925280
254,254.0,checkoutservice,paymentservice,6.059620
254,254.0,checkoutservice,shippingservice,5.193960
254,254.0,frontend,adservice,8.504375
254,254.0,frontend,cartservice,37.734890
254,254.0,frontend,checkoutservice,8.656600
254,254.0,frontend,currencyservice,28.048359
254,254.0,frontend,productcatalogservice,28.398671
254,254.0,frontend,recommendationservice,12.796244
254,254.0,recommendationservice,productcatalogservice,17.061659
255,255.0,cartservice,redis-cart,44.523564
255,255.0,checkoutservice,cartservice,7.656044
255,255.0,checkoutservice,paymentservice,6.699039
255,255.0,checkoutservice,shippingservice,5.742033
255,255.0,frontend,adservice,9.523951
255,255.0,frontend,cartservice,42.027250
255,255.0,frontend,checkoutservice,9.570056
255,255.0,frontend,currencyservice,31.220486
255,255.0,frontend,productcatalogservice,31.805577
255,255.0,frontend,recommendationservice,14.368396
255,255.0,recommendationservice,productcatalogservice,19.157861
256,256.0,cartservice,redis-cart,38.843755
256,256.0,checkoutservice,cartservice,6.637372
256,256.0,checkoutservice,paymentservice,5.807700
256,256.0,frontend,adservice,8.365559
256,256.0,frontend,cartservice,36.706727
256,256.0,frontend,checkoutservice,8.296715
256,256.0,frontend,currencyservice,27.256200
256,256.0,frontend,productcatalogservice,27.938139
256,256.0,frontend,recommendationservice,12.653871
256,256.0,recommendationservice,productcatalogservice,16.871828
257,257.0,cartservice,redis-cart,42.000423
257,257.0,checkoutservice,cartservice,7.131552
257,257.0,checkoutservice,paymentservice,6.240108
257,257.0,checkoutservice,shippingservice,5.348664
257,257.0,frontend,adservice,9.108459
257,257.0,frontend,cartservice,39.733684
257,257.0,frontend,checkoutservice,8.914440
257,257.0,frontend,currencyservice,29.495470
257,257.0,frontend,productcatalogservice,30.419367
257,257.0,frontend,recommendationservice,13.813272
257,257.0,recommendationservice,productcatalogservice,18.417696
258,258.0,cartservice,redis-cart,41.237622
258,258.0,checkoutservice,cartservice,6.957839
258,258.0,checkoutservice,paymentservice,6.088109
258,258.0,checkoutservice,shippingservice,5.218379
258,258.0,frontend,adservice,9.006807
258,258.0,frontend,cartservice,39.055014
258,258.0,frontend,checkoutservice,8.697298
258,258.0,frontend,currencyservice,28.987801
258,258.0,frontend,productcatalogservice,30.079151
258,258.0,frontend,recommendationservice,13.694027
258,258.0,recommendationservice,productcatalogservice,18.258703
259,259.0,cartservice,redis-cart,39.476344
259,259.0,checkoutservice,cartservice,6.618551
259,259.0,checkoutservice,paymentservice,5.791232
259,259.0,frontend,adservice,8.684928
259,259.0,frontend,cartservice,37.427902
259,259.0,frontend,checkoutservice,8.273189
259,259.0,frontend,currencyservice,27.780515
259,259.0,frontend,productcatalogservice,29.002641
259,259.0,frontend,recommendationservice,13.237937
259,259.0,recommendationservice,productcatalogservice,17.650583
260,260.0,cartservice,redis-cart,40.370059
260,260.0,checkoutservice,cartservice,6.725514
260,260.0,checkoutservice,paymentservice,5.884824
260,260.0,checkoutservice,shippingservice,5.044135
260,260.0,frontend,adservice,8.947556
260,260.0,frontend,cartservice,38.316927
260,260.0,frontend,checkoutservice,8.406892
260,260.0,frontend,currencyservice,28.444965
260,260.0,frontend,productcatalogservice,29.877197
260,260.0,frontend,recommendationservice,13.672156
260,260.0,recommendationservice,productcatalogservice,18.229542
261,261.0,cartservice,redis-cart,43.103506
261,261.0,checkoutservice,cartservice,7.135321
261,261.0,checkoutservice,paymentservice,6.243406
261,261.0,checkoutservice,shippingservice,5.351491
261,261.0,frontend,adservice,9.625753
261,261.0,frontend,cartservice,40.955667
261,261.0,frontend,checkoutservice,8.919151
261,261.0,frontend,currencyservice,30.413151
261,261.0,frontend,productcatalogservice,32.138247
261,261.0,frontend,recommendationservice,14.744507
261,261.0,recommendationservice,productcatalogservice,19.659343
262,262.0,cartservice,redis-cart,43.035376
262,262.0,checkoutservice,cartservice,7.078741
262,262.0,checkoutservice,paymentservice,6.193898
262,262.0,checkoutservice,shippingservice,5.309056
262,262.0,frontend,adservice,9.684648
262,262.0,frontend,cartservice,40.934975
262,262.0,frontend,checkoutservice,8.848426
262,262.0,frontend,currencyservice,30.411415
262,262.0,frontend,productcatalogservice,32.330442
262,262.0,frontend,recommendationservice,14.870532
262,262.0,recommendationservice,productcatalogservice,19.827376
263,263.0,cartservice,redis-cart,38.429659
263,263.0,checkoutservice,cartservice,6.280888
263,263.0,checkoutservice,paymentservice,5.495777
263,263.0,frontend,adservice,8.716008
263,263.0,frontend,cartservice,36.593202
263,263.0,frontend,checkoutservice,7.851110
263,263.0,frontend,currencyservice,27.201845
263,263.0,frontend,productcatalogservice,29.092062
263,263.0,frontend,recommendationservice,13.415022
263,263.0,recommendationservice,productcatalogservice,17.886696
264,264.0,cartservice,redis-cart,42.420070
264,264.0,checkoutservice,cartservice,6.888816
264,264.0,checkoutservice,paymentservice,6.027714
264,264.0,checkoutservice,shippingservice,5.166612
264,264.0,frontend,adservice,9.697724
264,264.0,frontend,cartservice,40.435951
264,264.0,frontend,checkoutservice,8.611020
264,264.0,frontend,currencyservice,30.080279
264,264.0,frontend,productcatalogservice,32.362715
264,264.0,frontend,recommendationservice,14.960929
264,264.0,recommendationservice,productcatalogservice,19.947906
265,265.0,cartservice,redis-cart,39.274387
265,265.0,checkoutservice,cartservice,6.337176
265,265.0,checkoutservice,paymentservice,5.545029
265,265.0,frontend,adservice,9.051231
265,265.0,frontend,cartservice,37.477065
265,265.0,frontend,checkoutservice,7.921470
265,265.0,frontend,currencyservice,27.903300
265,265.0,frontend,productcatalogservice,30.198855
265,265.0,frontend,recommendationservice,13.995710
265,265.0,recommendationservice,productcatalogservice,18.660947
266,266.0,cartservice,redis-cart,38.931977
266,266.0,checkoutservice,cartservice,6.241664
266,266.0,checkoutservice,paymentservice,5.461456
266,266.0,frontend,adservice,9.045961
266,266.0,frontend,cartservice,37.189468
266,266.0,frontend,checkoutservice,7.802080
266,266.0,frontend,currencyservice,27.716891
266,266.0,frontend,productcatalogservice,30.174159
266,266.0,frontend,recommendationservice,14.019228
266,266.0,recommendationservice,productcatalogservice,18.692304
267,267.0,cartservice,redis-cart,37.012839
267,267.0,checkoutservice,cartservice,5.895874
267,267.0,checkoutservice,paymentservice,5.158890
267,267.0,frontend,adservice,8.671592
267,267.0,frontend,cartservice,35.393277
267,267.0,frontend,checkoutservice,7.369843
267,267.0,frontend,currencyservice,26.408140
267,267.0,frontend,productcatalogservice,28.917932
267,267.0,frontend,recommendationservice,13.468952
267,267.0,recommendationservice,productcatalogservice,17.958603
268,268.0,cartservice,redis-cart,37.677947
268,268.0,checkoutservice,cartservice,5.963197
268,268.0,checkoutservice,paymentservice,5.217798
268,268.0,frontend,adservice,8.901805
268,268.0,frontend,cartservice,36.066832
268,268.0,frontend,checkoutservice,7.453997
268,268.0,frontend,currencyservice,26.944780
268,268.0,frontend,productcatalogservice,29.677344
268,268.0,frontend,recommendationservice,13.856768
268,268.0,recommendationservice,productcatalogservice,18.475690
269,269.0,cartservice,redis-cart,39.804856
269,269.0,checkoutservice,cartservice,6.259193
269,269.0,checkoutservice,paymentservice,5.476794
269,269.0,frontend,adservice,9.484523
269,269.0,frontend,cartservice,38.142291
269,269.0,frontend,checkoutservice,7.823991
269,269.0,frontend,currencyservice,28.535094
269,269.0,frontend,productcatalogservice,31.610550
269,269.0,frontend,recommendationservice,14.795567
269,269.0,recommendationservice,productcatalogservice,19.727423
270,270.0,cartservice,redis-cart,37.175718
270,270.0,checkoutservice,cartservice,5.807993
270,270.0,checkoutservice,paymentservice,5.081994
270,270.0,frontend,adservice,8.934489
270,270.0,frontend,cartservice,35.659694
270,270.0,frontend,checkoutservice,7.259991
270,270.0,frontend,currencyservice,26.718466
270,270.0,frontend,productcatalogservice,29.767834
270,270.0,frontend,recommendationservice,13.966944
270,270.0,recommendationservice,productcatalogservice,18.622592
271,271.0,cartservice,redis-cart,37.894729
271,271.0,checkoutservice,cartservice,5.881985
271,271.0,checkoutservice,paymentservice,5.146737
271,271.0,frontend,adservice,9.186721
271,271.0,frontend,cartservice,36.386657
271,271.0,frontend,checkoutservice,7.352482
271,271.0,frontend,currencyservice,27.308137
271,271.0,frontend,productcatalogservice,30.597837
271,271.0,frontend,recommendationservice,14.391003
271,271.0,recommendationservice,productcatalogservice,19.188003
272,272.0,cartservice,redis-cart,38.334149
272,272.0,checkoutservice,cartservice,5.911577
272,272.0,checkoutservice,paymentservice,5.172630
272,272.0,frontend,adservice,9.375134
272,272.0,frontend,cartservice,36.846132
272,272.0,frontend,checkoutservice,7.389471
272,272.0,frontend,currencyservice,27.702034
272,272.0,frontend,productcatalogservice,31.214220
272,272.0,frontend,recommendationservice,14.716016
272,272.0,recommendationservice,productcatalogservice,19.621355
273,273.0,cartservice,redis-cart,39.561372
273,273.0,checkoutservice,cartservice,6.061152
273,273.0,checkoutservice,paymentservice,5.303508
273,273.0,frontend,adservice,9.761349
273,273.0,frontend,cartservice,38.064294
273,273.0,frontend,checkoutservice,7.576440
273,273.0,frontend,currencyservice,28.672158
273,273.0,frontend,productcatalogservice,32.487931
273,273.0,frontend,recommendationservice,15.352823
273,273.0,recommendationservice,productcatalogservice,20.470431
274,274.0,cartservice,redis-cart,38.799405
274,274.0,checkoutservice,cartservice,5.905667
274,274.0,checkoutservice,paymentservice,5.167458
274,274.0,frontend,adservice,9.659297
274,274.0,frontend,cartservice,37.368829
274,274.0,frontend,checkoutservice,7.382083
274,274.0,frontend,currencyservice,28.205067
274,274.0,frontend,productcatalogservice,32.135695
274,274.0,frontend,recommendationservice,15.222046
274,274.0,recommendationservice,productcatalogservice,20.296062
275,275.0,cartservice,redis-cart,35.913191
275,275.0,checkoutservice,cartservice,5.430648
275,275.0,frontend,adservice,9.021731
275,275.0,frontend,cartservice,34.623750
275,275.0,frontend,checkoutservice,6.788310
275,275.0,frontend,currencyservice,26.188954
275,275.0,frontend,productcatalogservice,30.002341
275,275.0,frontend,recommendationservice,14.244594
275,275.0,recommendationservice,productcatalogservice,18.992792
276,276.0,cartservice,redis-cart,39.903586
276,276.0,checkoutservice,cartservice,5.994555
276,276.0,checkoutservice,paymentservice,5.245236
276,276.0,frontend,adservice,10.115680
276,276.0,frontend,cartservice,38.509279
276,276.0,frontend,checkoutservice,7.493194
276,276.0,frontend,currencyservice,29.193517
276,276.0,frontend,productcatalogservice,33.626125
276,276.0,frontend,recommendationservice,16.001903
276,276.0,recommendationservice,productcatalogservice,21.335871
277,277.0,cartservice,redis-cart,36.456957
277,277.0,checkoutservice,cartservice,5.440845
277,277.0,frontend,adservice,9.326983
277,277.0,frontend,cartservice,35.218019
277,277.0,frontend,checkoutservice,6.801057
277,277.0,frontend,currencyservice,26.761637
277,277.0,frontend,productcatalogservice,30.990820
277,277.0,frontend,recommendationservice,14.781477
277,277.0,recommendationservice,productcatalogservice,19.708635
278,278.0,cartservice,redis-cart,35.866952
278,278.0,checkoutservice,cartservice,5.317590
278,278.0,frontend,adservice,9.261080
278,278.0,frontend,cartservice,34.682290
278,278.0,frontend,checkoutservice,6.646987
278,278.0,frontend,currencyservice,26.419900
278,278.0,frontend,productcatalogservice,30.757970
278,278.0,frontend,recommendationservice,14.703551
278,278.0,recommendationservice,productcatalogservice,19.604735
279,279.0,cartservice,redis-cart,38.846796
279,279.0,checkoutservice,cartservice,5.721414
279,279.0,checkoutservice,paymentservice,5.006237
279,279.0,frontend,adservice,10.124091
279,279.0,frontend,cartservice,37.600622
279,279.0,frontend,checkoutservice,7.151767
279,279.0,frontend,currencyservice,28.717210
279,279.0,frontend,productcatalogservice,33.608611
279,279.0,frontend,recommendationservice,16.102181
279,279.0,recommendationservice,productcatalogservice,21.469574
280,280.0,cartservice,redis-cart,35.328270
280,280.0,checkoutservice,cartservice,5.168822
280,280.0,frontend,adservice,9.293574
280,280.0,frontend,cartservice,34.228390
280,280.0,frontend,checkoutservice,6.461027
280,280.0,frontend,currencyservice,26.212282
280,280.0,frontend,productcatalogservice,30.836874
280,280.0,frontend,recommendationservice,14.806883
280,280.0,recommendationservice,productcatalogservice,19.742511
281,281.0,cartservice,redis-cart,39.371665
281,281.0,checkoutservice,cartservice,5.722256
281,281.0,checkoutservice,paymentservice,5.006974
281,281.0,frontend,adservice,10.455101
281,281.0,frontend,cartservice,38.182990
281,281.0,frontend,checkoutservice,7.152820
281,281.0,frontend,currencyservice,29.322837
281,281.0,frontend,productcatalogservice,34.673982
281,281.0,frontend,recommendationservice,16.685749
281,281.0,recommendationservice,productcatalogservice,22.247665
282,282.0,cartservice,redis-cart,39.424375
282,282.0,checkoutservice,cartservice,5.691879
282,282.0,frontend,adservice,10.568577
282,282.0,frontend,cartservice,38.271090
282,282.0,frontend,checkoutservice,7.114849
282,282.0,frontend,currencyservice,29.476121
282,282.0,frontend,productcatalogservice,35.032815
282,282.0,frontend,recommendationservice,16.894879
282,282.0,recommendationservice,productcatalogservice,22.526505
283,283.0,cartservice,redis-cart,37.312773
283,283.0,checkoutservice,cartservice,5.351171
283,283.0,frontend,adservice,10.098069
283,283.0,frontend,cartservice,36.256109
283,283.0,frontend,checkoutservice,6.688964
283,283.0,frontend,currencyservice,28.008453
283,283.0,frontend,productcatalogservice,33.456097
283,283.0,frontend,recommendationservice,16.168983
283,283.0,recommendationservice,productcatalogservice,21.558644
284,284.0,cartservice,redis-cart,36.174146
284,284.0,checkoutservice,cartservice,5.153271
284,284.0,frontend,adservice,9.883912
284,284.0,frontend,cartservice,35.183371
284,284.0,frontend,checkoutservice,6.441588
284,284.0,frontend,currencyservice,27.264530
284,284.0,frontend,productcatalogservice,32.729535
284,284.0,frontend,recommendationservice,15.851264
284,284.0,recommendationservice,productcatalogservice,21.135019
285,285.0,cartservice,redis-cart,36.505688
285,285.0,checkoutservice,cartservice,5.165727
285,285.0,frontend,adservice,10.070715
285,285.0,frontend,cartservice,35.539641
285,285.0,frontend,checkoutservice,6.457159
285,285.0,frontend,currencyservice,27.629287
285,285.0,frontend,productcatalogservice,33.330453
285,285.0,frontend,recommendationservice,16.175999
285,285.0,recommendationservice,productcatalogservice,21.567999
286,286.0,cartservice,redis-cart,38.726712
286,286.0,checkoutservice,cartservice,5.443279
286,286.0,frontend,adservice,10.786930
286,286.0,frontend,cartservice,37.737604
286,286.0,frontend,checkoutservice,6.804098
286,286.0,frontend,currencyservice,29.435383
286,286.0,frontend,productcatalogservice,35.681640
286,286.0,frontend,recommendationservice,17.352806
286,286.0,recommendationservice,productcatalogservice,23.137075
287,287.0,cartservice,redis-cart,38.686166
287,287.0,checkoutservice,cartservice,5.401039
287,287.0,frontend,adservice,10.880468
287,287.0,frontend,cartservice,37.733619
287,287.0,frontend,checkoutservice,6.751299
287,287.0,frontend,currencyservice,29.532791
287,287.0,frontend,productcatalogservice,35.971360
287,287.0,frontend,recommendationservice,17.529354
287,287.0,recommendationservice,productcatalogservice,23.372472
288,288.0,cartservice,redis-cart,37.385734
288,288.0,checkoutservice,cartservice,5.184320
288,288.0,frontend,adservice,10.617408
288,288.0,frontend,cartservice,36.499393
288,288.0,frontend,checkoutservice,6.480400
288,288.0,frontend,currencyservice,28.667083
288,288.0,frontend,productcatalogservice,35.082191
288,288.0,frontend,recommendationservice,17.130461
288,288.0,recommendationservice,productcatalogservice,22.840614
289,289.0,cartservice,redis-cart,36.866582
289,289.0,checkoutservice,cartservice,5.077800
289,289.0,frontend,adservice,10.572585
289,289.0,frontend,cartservice,36.026119
289,289.0,frontend,checkoutservice,6.347250
289,289.0,frontend,currencyservice,28.397336
289,289.0,frontend,productcatalogservice,34.914440
289,289.0,frontend,recommendationservice,17.082437
289,289.0,recommendationservice,productcatalogservice,22.776582
290,290.0,cartservice,redis-cart,36.284557
290,290.0,frontend,adservice,10.507996
290,290.0,frontend,cartservice,35.490263
290,290.0,frontend,checkoutservice,6.204742
290,290.0,frontend,currencyservice,28.078333
290,290.0,frontend,productcatalogservice,34.681388
290,290.0,frontend,recommendationservice,17.001715
290,290.0,recommendationservice,productcatalogservice,22.668954
291,291.0,cartservice,redis-cart,33.275732
291,291.0,frontend,adservice,9.731697
291,291.0,frontend,cartservice,32.577351
291,291.0,frontend,checkoutservice,5.651596
291,291.0,frontend,currencyservice,25.871332
291,291.0,frontend,productcatalogservice,32.100732
291,291.0,frontend,recommendationservice,15.767103
291,291.0,recommendationservice,productcatalogservice,21.022804
292,292.0,cartservice,redis-cart,33.468341
292,292.0,frontend,adservice,9.884850
292,292.0,frontend,cartservice,32.796010
292,292.0,frontend,checkoutservice,5.645617
292,292.0,frontend,currencyservice,26.145879
292,292.0,frontend,productcatalogservice,32.586945
292,292.0,frontend,recommendationservice,16.036534
292,292.0,recommendationservice,productcatalogservice,21.382045
293,293.0,cartservice,redis-cart,35.046021
293,293.0,frontend,adservice,10.453480
293,293.0,frontend,cartservice,34.373377
293,293.0,frontend,checkoutservice,5.871403
293,293.0,frontend,currencyservice,27.511939
293,293.0,frontend,productcatalogservice,34.441269
293,293.0,frontend,recommendationservice,16.981072
293,293.0,recommendationservice,productcatalogservice,22.641429
294,294.0,cartservice,redis-cart,35.658740
294,294.0,frontend,adservice,10.741991
294,294.0,frontend,cartservice,35.006131
294,294.0,frontend,checkoutservice,5.933174
294,294.0,frontend,currencyservice,28.131749
294,294.0,frontend,productcatalogservice,35.370847
294,294.0,frontend,recommendationservice,17.471885
294,294.0,recommendationservice,productcatalogservice,23.295847
295,295.0,cartservice,redis-cart,34.393281
295,295.0,frontend,adservice,10.464020
295,295.0,frontend,cartservice,33.794371
295,295.0,frontend,checkoutservice,5.683354
295,295.0,frontend,currencyservice,27.270103
295,295.0,frontend,productcatalogservice,34.434959
295,295.0,frontend,recommendationservice,17.040862
295,295.0,recommendationservice,productcatalogservice,22.721150
296,296.0,cartservice,redis-cart,37.005103
296,296.0,frontend,adservice,11.371075
296,296.0,frontend,cartservice,36.393432
296,296.0,frontend,checkoutservice,6.072877
296,296.0,frontend,currencyservice,29.491083
296,296.0,frontend,productcatalogservice,37.397355
296,296.0,frontend,recommendationservice,18.540436
296,296.0,recommendationservice,productcatalogservice,24.720581
297,297.0,cartservice,redis-cart,36.394360
297,297.0,frontend,adservice,11.295279
297,297.0,frontend,cartservice,35.824831
297,297.0,frontend,checkoutservice,5.931446
297,297.0,frontend,currencyservice,29.154929
297,297.0,frontend,productcatalogservice,37.125549
297,297.0,frontend,recommendationservice,18.438621
297,297.0,recommendationservice,productcatalogservice,24.584828
298,298.0,cartservice,redis-cart,33.748552
298,298.0,frontend,adservice,10.579089
298,298.0,frontend,cartservice,33.250020
298,298.0,frontend,checkoutservice,5.462191
298,298.0,frontend,currencyservice,27.177783
298,298.0,frontend,productcatalogservice,34.750342
298,298.0,frontend,recommendationservice,17.289429
298,298.0,recommendationservice,productcatalogservice,23.052572
299,299.0,cartservice,redis-cart,35.595752
299,299.0,frontend,adservice,11.270109
299,299.0,frontend,cartservice,35.101016
299,299.0,frontend,checkoutservice,5.721196
299,299.0,frontend,currencyservice,28.818383
299,299.0,frontend,productcatalogservice,36.997495
299,299.0,frontend,recommendationservice,18.439515
299,299.0,recommendationservice,productcatalogservice,24.586020
300,300.0,cartservice,redis-cart,33.730034
300,300.0,frontend,adservice,10.786722
300,300.0,frontend,cartservice,33.290561
300,300.0,frontend,checkoutservice,5.383613
300,300.0,frontend,currencyservice,27.455648
300,300.0,frontend,productcatalogservice,35.388787
300,300.0,frontend,recommendationservice,17.668030
300,300.0,recommendationservice,productcatalogservice,23.557373
301,301.0,cartservice,redis-cart,33.004036
301,301.0,frontend,adservice,10.660750
301,301.0,frontend,cartservice,32.602603
301,301.0,frontend,checkoutservice,5.230991
301,301.0,frontend,currencyservice,27.011942
301,301.0,frontend,productcatalogservice,34.953828
301,301.0,frontend,recommendationservice,17.480434
301,301.0,recommendationservice,productcatalogservice,23.307245
302,302.0,cartservice,redis-cart,31.374999
302,302.0,frontend,adservice,10.236632
302,302.0,frontend,cartservice,31.020438
302,302.0,frontend,currencyservice,25.821174
302,302.0,frontend,productcatalogservice,33.542369
302,302.0,frontend,recommendationservice,16.802583
302,302.0,recommendationservice,productcatalogservice,22.403444
303,303.0,cartservice,redis-cart,31.475510
303,303.0,frontend,adservice,10.372963
303,303.0,frontend,cartservice,31.146843
303,303.0,frontend,currencyservice,26.049397
303,303.0,frontend,productcatalogservice,33.967857
303,303.0,frontend,recommendationservice,17.043755
303,303.0,recommendationservice,productcatalogservice,22.725006
304,304.0,cartservice,redis-cart,31.641992
304,304.0,frontend,adservice,10.533048
304,304.0,frontend,cartservice,31.338648
304,304.0,frontend,currencyservice,26.336003
304,304.0,frontend,productcatalogservice,34.470469
304,304.0,frontend,recommendationservice,17.324038
304,304.0,recommendationservice,productcatalogservice,23.098718
305,305.0,cartservice,redis-cart,33.431916
305,305.0,frontend,adservice,11.241252
305,305.0,frontend,cartservice,33.139886
305,305.0,frontend,checkoutservice,5.151455
305,305.0,frontend,currencyservice,27.985717
305,305.0,frontend,productcatalogservice,36.765022
305,305.0,frontend,recommendationservice,18.506817
305,305.0,recommendationservice,productcatalogservice,24.675757
306,306.0,cartservice,redis-cart,30.763338
306,306.0,frontend,adservice,10.448465
306,306.0,frontend,cartservice,30.520710
306,306.0,frontend,currencyservice,25.901511
306,306.0,frontend,productcatalogservice,34.150651
306,306.0,frontend,recommendationservice,17.217936
306,306.0,recommendationservice,productcatalogservice,22.957247
307,307.0,cartservice,redis-cart,32.627764
307,307.0,frontend,adservice,11.193705
307,307.0,frontend,cartservice,32.397989
307,307.0,frontend,currencyservice,27.632631
307,307.0,frontend,productcatalogservice,36.563368
307,307.0,frontend,recommendationservice,18.463065
307,307.0,recommendationservice,productcatalogservice,24.617420
308,308.0,cartservice,redis-cart,34.412994
308,308.0,frontend,adservice,11.925540
308,308.0,frontend,cartservice,34.199592
308,308.0,frontend,checkoutservice,5.190516
308,308.0,frontend,currencyservice,29.317501
308,308.0,frontend,productcatalogservice,38.929221
308,308.0,frontend,recommendationservice,19.687895
308,308.0,recommendationservice,productcatalogservice,26.250526
309,309.0,cartservice,redis-cart,30.271123
309,309.0,frontend,adservice,10.596298
309,309.0,frontend,cartservice,30.108761
309,309.0,frontend,currencyservice,25.943485
309,309.0,frontend,productcatalogservice,34.568204
309,309.0,frontend,recommendationservice,17.508820
309,309.0,recommendationservice,productcatalogservice,23.345094
310,310.0,cartservice,redis-cart,29.662611
310,310.0,frontend,adservice,10.488314
310,310.0,frontend,cartservice,29.528255
310,310.0,frontend,currencyservice,25.575824
310,310.0,frontend,productcatalogservice,34.194244
310,310.0,frontend,recommendationservice,17.345236
310,310.0,recommendationservice,productcatalogservice,23.126982
311,311.0,cartservice,redis-cart,33.144034
311,311.0,frontend,adservice,11.837842
311,311.0,frontend,cartservice,33.021440
311,311.0,frontend,currencyservice,28.752180
311,311.0,frontend,productcatalogservice,38.569529
311,311.0,frontend,recommendationservice,19.593385
311,311.0,recommendationservice,productcatalogservice,26.124513
312,312.0,cartservice,redis-cart,31.597294
312,312.0,frontend,adservice,11.399550
312,312.0,frontend,cartservice,31.506557
312,312.0,frontend,currencyservice,27.579388
312,312.0,frontend,productcatalogservice,37.117942
312,312.0,frontend,recommendationservice,18.883297
312,312.0,recommendationservice,productcatalogservice,25.177729
313,313.0,cartservice,redis-cart,32.005496
313,313.0,frontend,adservice,11.663597
313,313.0,frontend,cartservice,31.939950
313,313.0,frontend,currencyservice,28.109445
313,313.0,frontend,productcatalogservice,37.953600
313,313.0,frontend,recommendationservice,19.336002
313,313.0,recommendationservice,productcatalogservice,25.781336
314,314.0,cartservice,redis-cart,30.083899
314,314.0,frontend,adservice,11.074171
314,314.0,frontend,cartservice,30.046966
314,314.0,frontend,currencyservice,26.587529
314,314.0,frontend,productcatalogservice,36.012733
314,314.0,frontend,recommendationservice,18.373025
314,314.0,recommendationservice,productcatalogservice,24.497367
315,315.0,cartservice,redis-cart,33.406612
315,315.0,frontend,adservice,12.421599
315,315.0,frontend,cartservice,33.392887
315,315.0,frontend,currencyservice,29.710853
315,315.0,frontend,productcatalogservice,40.368887
315,315.0,frontend,recommendationservice,20.624026
315,315.0,recommendationservice,productcatalogservice,27.498702
316,316.0,cartservice,redis-cart,32.367647
316,316.0,frontend,adservice,12.156893
316,316.0,frontend,cartservice,32.380677
316,316.0,frontend,currencyservice,28.970427
316,316.0,frontend,productcatalogservice,39.483576
316,316.0,frontend,recommendationservice,20.199311
316,316.0,recommendationservice,productcatalogservice,26.932415
317,317.0,cartservice,redis-cart,32.522036
317,317.0,frontend,adservice,12.338254
317,317.0,frontend,cartservice,32.561470
317,317.0,frontend,currencyservice,29.295728
317,317.0,frontend,productcatalogservice,40.047225
317,317.0,frontend,recommendationservice,20.515276
317,317.0,recommendationservice,productcatalogservice,27.353701
318,318.0,cartservice,redis-cart,32.296461
318,318.0,frontend,adservice,12.376371
318,318.0,frontend,cartservice,32.361671
318,318.0,frontend,currencyservice,29.280980
318,318.0,frontend,productcatalogservice,40.145524
318,318.0,frontend,recommendationservice,20.592946
318,318.0,recommendationservice,productcatalogservice,27.457261
319,319.0,cartservice,redis-cart,31.394753
319,319.0,frontend,adservice,12.152215
319,319.0,frontend,cartservice,31.483358
319,319.0,frontend,currencyservice,28.649215
319,319.0,frontend,productcatalogservice,39.393512
319,319.0,frontend,recommendationservice,20.233644
319,319.0,recommendationservice,productcatalogservice,26.978192
320,320.0,cartservice,redis-cart,31.170099
320,320.0,frontend,adservice,12.186917
320,320.0,frontend,cartservice,31.282997
320,320.0,frontend,currencyservice,28.631178
320,320.0,frontend,productcatalogservice,39.481072
320,320.0,frontend,recommendationservice,20.304776
320,320.0,recommendationservice,productcatalogservice,27.073034
321,321.0,cartservice,redis-cart,27.912276
321,321.0,frontend,adservice,11.023140
321,321.0,frontend,cartservice,28.035602
321,321.0,frontend,currencyservice,25.808435
321,321.0,frontend,productcatalogservice,35.688369
321,321.0,frontend,recommendationservice,18.377553
321,321.0,recommendationservice,productcatalogservice,24.503404
322,322.0,cartservice,redis-cart,28.840641
322,322.0,frontend,adservice,11.504461
322,322.0,frontend,cartservice,28.990938
322,322.0,frontend,currencyservice,26.844560
322,322.0,frontend,productcatalogservice,37.223258
322,322.0,frontend,recommendationservice,19.191951
322,322.0,recommendationservice,productcatalogservice,25.589267
323,323.0,cartservice,redis-cart,30.659380
323,323.0,frontend,adservice,12.353006
323,323.0,frontend,cartservice,30.843362
323,323.0,frontend,currencyservice,28.728893
323,323.0,frontend,productcatalogservice,39.943679
323,323.0,frontend,recommendationservice,20.619999
323,323.0,recommendationservice,productcatalogservice,27.493333
324,324.0,cartservice,redis-cart,27.597381
324,324.0,frontend,adservice,11.231081
324,324.0,frontend,cartservice,27.784685
324,324.0,frontend,currencyservice,26.034324
324,324.0,frontend,productcatalogservice,36.293163
324,324.0,frontend,recommendationservice,18.758300
324,324.0,recommendationservice,productcatalogservice,25.011067
325,325.0,cartservice,redis-cart,29.011317
325,325.0,frontend,adservice,11.925093
325,325.0,frontend,cartservice,29.230926
325,325.0,frontend,currencyservice,27.554160
325,325.0,frontend,productcatalogservice,38.511774
325,325.0,frontend,recommendationservice,19.928867
325,325.0,recommendationservice,productcatalogservice,26.571823
326,326.0,cartservice,redis-cart,29.204323
326,326.0,frontend,adservice,12.124902
326,326.0,frontend,cartservice,29.448155
326,326.0,frontend,currencyservice,27.927121
326,326.0,frontend,productcatalogservice,39.132636
326,326.0,frontend,recommendationservice,20.274075
326,326.0,recommendationservice,productcatalogservice,27.032100
327,327.0,cartservice,redis-cart,28.698407
327,327.0,frontend,adservice,12.034320
327,327.0,frontend,cartservice,28.960285
327,327.0,frontend,currencyservice,27.632091
327,327.0,frontend,productcatalogservice,38.816130
327,327.0,frontend,recommendationservice,20.133514
327,327.0,recommendationservice,productcatalogservice,26.844686
328,328.0,cartservice,redis-cart,30.072950
328,328.0,frontend,adservice,12.737032
328,328.0,frontend,cartservice,30.370605
328,328.0,frontend,currencyservice,29.155882
328,328.0,frontend,productcatalogservice,41.057211
328,328.0,frontend,recommendationservice,21.320377
328,328.0,recommendationservice,productcatalogservice,28.427169
329,329.0,cartservice,redis-cart,29.678226
329,329.0,frontend,adservice,12.695628
329,329.0,frontend,cartservice,29.994802
329,329.0,frontend,currencyservice,28.973381
329,329.0,frontend,productcatalogservice,40.898435
329,329.0,frontend,recommendationservice,21.261944
329,329.0,recommendationservice,productcatalogservice,28.349259
330,330.0,cartservice,redis-cart,29.124007
330,330.0,frontend,adservice,12.583079
330,330.0,frontend,cartservice,29.456974
330,330.0,frontend,currencyservice,28.631231
330,330.0,frontend,productcatalogservice,40.510861
330,330.0,frontend,recommendationservice,21.083926
330,330.0,recommendationservice,productcatalogservice,28.111901
331,331.0,cartservice,redis-cart,30.116663
331,331.0,frontend,adservice,13.141882
331,331.0,frontend,cartservice,30.483940
331,331.0,frontend,currencyservice,29.815331
331,331.0,frontend,productcatalogservice,42.283895
331,331.0,frontend,recommendationservice,22.030873
331,331.0,recommendationservice,productcatalogservice,29.374497
332,332.0,cartservice,redis-cart,27.600864
332,332.0,frontend,adservice,12.164200
332,332.0,frontend,cartservice,27.958409
332,332.0,frontend,currencyservice,27.517896
332,332.0,frontend,productcatalogservice,39.114220
332,332.0,frontend,recommendationservice,20.401456
332,332.0,recommendationservice,productcatalogservice,27.201942
333,333.0,cartservice,redis-cart,30.231018
333,333.0,frontend,adservice,13.456092
333,333.0,frontend,cartservice,30.645476
333,333.0,frontend,currencyservice,30.354331
333,333.0,frontend,productcatalogservice,43.241886
333,333.0,frontend,recommendationservice,22.578449
333,333.0,recommendationservice,productcatalogservice,30.104599
334,334.0,cartservice,redis-cart,28.621161
334,334.0,frontend,adservice,12.866303
334,334.0,frontend,cartservice,29.035076
334,334.0,frontend,currencyservice,28.943146
334,334.0,frontend,productcatalogservice,41.321386
334,334.0,frontend,recommendationservice,21.598352
334,334.0,recommendationservice,productcatalogservice,28.797803
335,335.0,cartservice,redis-cart,30.458084
335,335.0,frontend,adservice,13.828161
335,335.0,frontend,cartservice,30.921370
335,335.0,frontend,currencyservice,31.021772
335,335.0,frontend,productcatalogservice,44.383531
335,335.0,frontend,recommendationservice,23.222942
335,335.0,recommendationservice,productcatalogservice,30.963923
336,336.0,cartservice,redis-cart,30.258742
336,336.0,frontend,adservice,13.874037
336,336.0,frontend,cartservice,30.741548
336,336.0,frontend,currencyservice,31.040954
336,336.0,frontend,productcatalogservice,44.503846
336,336.0,frontend,recommendationservice,23.309667
336,336.0,recommendationservice,productcatalogservice,31.079557
337,337.0,cartservice,redis-cart,25.867870
337,337.0,frontend,adservice,11.978367
337,337.0,frontend,cartservice,26.299805
337,337.0,frontend,currencyservice,26.728796
337,337.0,frontend,productcatalogservice,38.399935
337,337.0,frontend,recommendationservice,20.132873
337,337.0,recommendationservice,productcatalogservice,26.843830
338,338.0,cartservice,redis-cart,27.535200
338,338.0,frontend,adservice,12.876709
338,338.0,frontend,cartservice,28.015309
338,338.0,frontend,currencyservice,28.658638
338,338.0,frontend,productcatalogservice,41.255027
338,338.0,frontend,recommendationservice,21.651228
338,338.0,recommendationservice,productcatalogservice,28.868305
339,339.0,cartservice,redis-cart,28.259602
339,339.0,frontend,adservice,13.346181
339,339.0,frontend,cartservice,28.773110
339,339.0,frontend,currencyservice,29.627549
339,339.0,frontend,productcatalogservice,42.733565
339,339.0,frontend,recommendationservice,22.449102
339,339.0,recommendationservice,productcatalogservice,29.932136
340,340.0,cartservice,redis-cart,28.656824
340,340.0,frontend,adservice,13.667466
340,340.0,frontend,cartservice,29.198513
340,340.0,frontend,currencyservice,30.264509
340,340.0,frontend,productcatalogservice,43.736214
340,340.0,frontend,recommendationservice,22.997949
340,340.0,recommendationservice,productcatalogservice,30.663931
341,341.0,cartservice,redis-cart,26.251685
341,341.0,frontend,adservice,12.643888
341,341.0,frontend,cartservice,26.767021
341,341.0,frontend,currencyservice,27.928775
341,341.0,frontend,productcatalogservice,40.436718
341,341.0,frontend,recommendationservice,21.283146
341,341.0,recommendationservice,productcatalogservice,28.377528
342,342.0,cartservice,redis-cart,29.283622
342,342.0,frontend,adservice,14.243157
342,342.0,frontend,cartservice,29.879691
342,342.0,frontend,currencyservice,31.384962
342,342.0,frontend,productcatalogservice,45.524439
342,342.0,frontend,recommendationservice,23.983393
342,342.0,recommendationservice,productcatalogservice,31.977857
343,343.0,cartservice,redis-cart,27.129097
343,343.0,frontend,adservice,13.325065
343,343.0,frontend,cartservice,27.700869
343,343.0,frontend,currencyservice,29.291864
343,343.0,frontend,productcatalogservice,42.564913
343,343.0,frontend,recommendationservice,22.444916
343,343.0,recommendationservice,productcatalogservice,29.926555
344,344.0,cartservice,redis-cart,27.971310
344,344.0,frontend,adservice,13.873746
344,344.0,frontend,cartservice,28.580900
344,344.0,frontend,currencyservice,30.426489
344,344.0,frontend,productcatalogservice,44.291593
344,344.0,frontend,recommendationservice,23.376635
344,344.0,recommendationservice,productcatalogservice,31.168846
345,345.0,cartservice,redis-cart,26.631972
345,345.0,frontend,adservice,13.339073
345,345.0,frontend,cartservice,27.231385
345,345.0,frontend,currencyservice,29.186496
345,345.0,frontend,productcatalogservice,42.559777
345,345.0,frontend,recommendationservice,22.482718
345,345.0,recommendationservice,productcatalogservice,29.976957
346,346.0,cartservice,redis-cart,29.040421
346,346.0,frontend,adservice,14.687943
346,346.0,frontend,cartservice,29.714668
346,346.0,frontend,currencyservice,32.065140
346,346.0,frontend,productcatalogservice,46.836224
346,346.0,frontend,recommendationservice,24.763643
346,346.0,recommendationservice,productcatalogservice,33.018190
347,347.0,cartservice,redis-cart,28.681567
347,347.0,frontend,adservice,14.648431
347,347.0,frontend,cartservice,29.367752
347,347.0,frontend,currencyservice,31.907776
347,347.0,frontend,productcatalogservice,46.683159
347,347.0,frontend,recommendationservice,24.704187
347,347.0,recommendationservice,productcatalogservice,32.938916
348,348.0,cartservice,redis-cart,25.579723
348,348.0,frontend,adservice,13.191937
348,348.0,frontend,cartservice,26.209682
348,348.0,frontend,currencyservice,28.672428
348,348.0,frontend,productcatalogservice,42.017190
348,348.0,frontend,recommendationservice,22.254077
348,348.0,recommendationservice,productcatalogservice,29.672103
349,349.0,cartservice,redis-cart,25.442359
349,349.0,frontend,adservice,13.249180
349,349.0,frontend,cartservice,26.086731
349,349.0,frontend,currencyservice,28.735077
349,349.0,frontend,productcatalogservice,42.175260
349,349.0,frontend,recommendationservice,22.356678
349,349.0,recommendationservice,productcatalogservice,29.808904
350,350.0,cartservice,redis-cart,27.754464
350,350.0,frontend,adservice,14.594113
350,350.0,frontend,cartservice,28.476705
350,350.0,frontend,currencyservice,31.585323
350,350.0,frontend,productcatalogservice,46.429914
350,350.0,frontend,recommendationservice,24.632531
350,350.0,recommendationservice,productcatalogservice,32.843375
351,351.0,cartservice,redis-cart,27.888703
351,351.0,frontend,adservice,14.807466
351,351.0,frontend,cartservice,28.633739
351,351.0,frontend,currencyservice,31.980792
351,351.0,frontend,productcatalogservice,47.081838
351,351.0,frontend,recommendationservice,24.998908
351,351.0,recommendationservice,productcatalogservice,33.331877
352,352.0,cartservice,redis-cart,25.350404
352,352.0,frontend,adservice,13.590620
352,352.0,frontend,cartservice,26.045081
352,352.0,frontend,currencyservice,29.293076
352,352.0,frontend,productcatalogservice,43.188237
352,352.0,frontend,recommendationservice,22.950094
352,352.0,recommendationservice,productcatalogservice,30.600126
353,353.0,cartservice,redis-cart,27.079605
353,353.0,frontend,adservice,14.658617
353,353.0,frontend,cartservice,27.840207
353,353.0,frontend,currencyservice,31.532046
353,353.0,frontend,productcatalogservice,46.555804
353,353.0,frontend,recommendationservice,24.759346
353,353.0,recommendationservice,productcatalogservice,33.012461
354,354.0,cartservice,redis-cart,28.088098
354,354.0,frontend,adservice,15.351955
354,354.0,frontend,cartservice,28.896150
354,354.0,frontend,currencyservice,32.958866
354,354.0,frontend,productcatalogservice,48.730425
354,354.0,frontend,recommendationservice,25.936235
354,354.0,recommendationservice,productcatalogservice,34.581647
355,355.0,cartservice,redis-cart,27.083191
355,355.0,frontend,adservice,14.946045
355,355.0,frontend,cartservice,27.880671
355,355.0,frontend,currencyservice,32.025805
355,355.0,frontend,productcatalogservice,47.415413
355,355.0,frontend,recommendationservice,25.255897
355,355.0,recommendationservice,productcatalogservice,33.674529
356,356.0,cartservice,redis-cart,27.163532
356,356.0,frontend,adservice,15.135339
356,356.0,frontend,cartservice,27.981665
356,356.0,frontend,currencyservice,32.370302
356,356.0,frontend,productcatalogservice,47.989171
356,356.0,frontend,recommendationservice,25.581041
356,356.0,recommendationservice,productcatalogservice,34.108054
357,357.0,cartservice,redis-cart,24.146607
357,357.0,frontend,adservice,13.584258
357,357.0,frontend,cartservice,24.890037
357,357.0,frontend,currencyservice,28.999249
357,357.0,frontend,productcatalogservice,43.047299
357,357.0,frontend,recommendationservice,22.964017
357,357.0,recommendationservice,productcatalogservice,30.618689
358,358.0,cartservice,redis-cart,27.191663
358,358.0,frontend,adservice,15.444858
358,358.0,frontend,cartservice,28.046940
358,358.0,frontend,currencyservice,32.911389
358,358.0,frontend,productcatalogservice,48.916331
358,358.0,frontend,recommendationservice,26.114285
358,358.0,recommendationservice,productcatalogservice,34.819047
359,359.0,cartservice,redis-cart,25.542389
359,359.0,frontend,adservice,14.647802
359,359.0,frontend,cartservice,26.362687
359,359.0,frontend,currencyservice,31.157403
359,359.0,frontend,productcatalogservice,46.366410
359,359.0,frontend,recommendationservice,24.771110
359,359.0,recommendationservice,productcatalogservice,33.028146
360,360.0,cartservice,redis-cart,24.159725
360,360.0,frontend,adservice,13.988149
360,360.0,frontend,cartservice,24.951505
360,360.0,frontend,currencyservice,29.702320
360,360.0,frontend,productcatalogservice,44.254083
360,360.0,frontend,recommendationservice,23.659663
360,360.0,recommendationservice,productcatalogservice,31.546217
361,361.0,cartservice,redis-cart,27.424495
361,361.0,frontend,adservice,16.030930
361,361.0,frontend,cartservice,28.341194
361,361.0,frontend,currencyservice,33.981680
361,361.0,frontend,productcatalogservice,50.689149
361,361.0,frontend,recommendationservice,27.119330
361,361.0,recommendationservice,productcatalogservice,36.159106
362,362.0,cartservice,redis-cart,23.517527
362,362.0,frontend,adservice,13.878998
362,362.0,frontend,cartservice,24.318906
362,362.0,frontend,currencyservice,29.370730
362,362.0,frontend,productcatalogservice,43.861010
362,362.0,frontend,recommendationservice,23.482641
362,362.0,recommendationservice,productcatalogservice,31.310188
363,363.0,cartservice,redis-cart,23.598807
363,363.0,frontend,adservice,14.060394
363,363.0,frontend,cartservice,24.418186
363,363.0,frontend,currencyservice,29.705640
363,363.0,frontend,productcatalogservice,44.410257
363,363.0,frontend,recommendationservice,23.793133
363,363.0,recommendationservice,productcatalogservice,31.724177
364,364.0,cartservice,redis-cart,26.303712
364,364.0,frontend,adservice,15.821951
364,364.0,frontend,cartservice,27.233876
364,364.0,frontend,currencyservice,33.373396
364,364.0,frontend,productcatalogservice,49.947320
364,364.0,frontend,recommendationservice,26.777887
364,364.0,recommendationservice,productcatalogservice,35.703849
365,365.0,cartservice,redis-cart,23.990348
365,365.0,frontend,adservice,14.568330
365,365.0,frontend,cartservice,24.853989
365,365.0,frontend,currencyservice,30.680543
365,365.0,frontend,productcatalogservice,45.965218
365,365.0,frontend,recommendationservice,24.659542
365,365.0,recommendationservice,productcatalogservice,32.879390
366,366.0,cartservice,redis-cart,25.301833
366,366.0,frontend,adservice,15.511369
366,366.0,frontend,cartservice,26.228699
366,366.0,frontend,currencyservice,32.615954
366,366.0,frontend,productcatalogservice,48.914559
366,366.0,frontend,recommendationservice,26.259186
366,366.0,recommendationservice,productcatalogservice,35.012248
367,367.0,cartservice,redis-cart,24.306842
367,367.0,frontend,adservice,15.043411
367,367.0,frontend,cartservice,25.212537
367,367.0,frontend,currencyservice,31.583960
367,367.0,frontend,productcatalogservice,47.413697
367,367.0,frontend,recommendationservice,25.470079
367,367.0,recommendationservice,productcatalogservice,33.960105
368,368.0,cartservice,redis-cart,24.159213
368,368.0,frontend,adservice,15.094369
368,368.0,frontend,cartservice,25.074488
368,368.0,frontend,currencyservice,31.643827
368,368.0,frontend,productcatalogservice,47.549178
368,368.0,frontend,recommendationservice,25.559292
368,368.0,recommendationservice,productcatalogservice,34.079056
369,369.0,cartservice,redis-cart,25.722338
369,369.0,frontend,adservice,16.223773
369,369.0,frontend,cartservice,26.712776
369,369.0,frontend,currencyservice,33.961974
369,369.0,frontend,productcatalogservice,51.080067
369,369.0,frontend,recommendationservice,27.474679
369,369.0,recommendationservice,productcatalogservice,36.632905
370,370.0,cartservice,redis-cart,24.210318
370,370.0,frontend,adservice,15.415086
370,370.0,frontend,cartservice,25.157434
370,370.0,frontend,currencyservice,32.223091
370,370.0,frontend,productcatalogservice,48.508535
370,370.0,frontend,recommendationservice,26.107831
370,370.0,recommendationservice,productcatalogservice,34.810441
371,371.0,cartservice,redis-cart,24.975769
371,371.0,frontend,adservice,16.053262
371,371.0,frontend,cartservice,25.968087
371,371.0,frontend,currencyservice,33.510250
371,371.0,frontend,productcatalogservice,50.490434
371,371.0,frontend,recommendationservice,27.191261
371,371.0,recommendationservice,productcatalogservice,36.255015
372,372.0,cartservice,redis-cart,24.832864
372,372.0,frontend,adservice,16.112581
372,372.0,frontend,cartservice,25.834562
372,372.0,frontend,currencyservice,33.588101
372,372.0,frontend,productcatalogservice,50.650713
372,372.0,frontend,recommendationservice,27.294154
372,372.0,recommendationservice,productcatalogservice,36.392205
373,373.0,cartservice,redis-cart,25.649067
373,373.0,frontend,adservice,16.799591
373,373.0,frontend,cartservice,26.699121
373,373.0,frontend,currencyservice,34.973385
373,373.0,frontend,productcatalogservice,52.783091
373,373.0,frontend,recommendationservice,28.460266
373,373.0,recommendationservice,productcatalogservice,37.947022
374,374.0,cartservice,redis-cart,25.333249
374,374.0,frontend,adservice,16.749502
374,374.0,frontend,cartservice,26.385499
374,374.0,frontend,currencyservice,34.823464
374,374.0,frontend,productcatalogservice,52.598658
374,374.0,frontend,recommendationservice,28.377569
374,374.0,recommendationservice,productcatalogservice,37.836759
375,375.0,cartservice,redis-cart,23.819336
375,375.0,frontend,adservice,15.897162
375,375.0,frontend,cartservice,24.822812
375,375.0,frontend,currencyservice,33.009058
375,375.0,frontend,productcatalogservice,49.896492
375,375.0,frontend,recommendationservice,26.935391
375,375.0,recommendationservice,productcatalogservice,35.913855
376,376.0,cartservice,redis-cart,24.801228
376,376.0,frontend,adservice,16.708489
376,376.0,frontend,cartservice,25.860639
376,376.0,frontend,currencyservice,34.650250
376,376.0,frontend,productcatalogservice,52.416284
376,376.0,frontend,recommendationservice,28.311877
376,376.0,recommendationservice,productcatalogservice,37.749169
377,377.0,cartservice,redis-cart,24.335069
377,377.0,frontend,adservice,16.548772
377,377.0,frontend,cartservice,25.388745
377,377.0,frontend,currencyservice,34.276990
377,377.0,frontend,productcatalogservice,51.888897
377,377.0,frontend,recommendationservice,28.042873
377,377.0,recommendationservice,productcatalogservice,37.390497
378,378.0,cartservice,redis-cart,24.987363
378,378.0,frontend,adservice,17.152127
378,378.0,frontend,cartservice,26.083715
378,378.0,frontend,currencyservice,35.484161
378,378.0,frontend,productcatalogservice,53.753564
378,378.0,frontend,recommendationservice,29.066816
378,378.0,recommendationservice,productcatalogservice,38.755754
379,379.0,cartservice,redis-cart,23.051369
379,379.0,frontend,adservice,15.971801
379,379.0,frontend,cartservice,24.075977
379,379.0,frontend,currencyservice,33.003643
379,379.0,frontend,productcatalogservice,50.029339
379,379.0,frontend,recommendationservice,27.067843
379,379.0,recommendationservice,productcatalogservice,36.090457
380,380.0,cartservice,redis-cart,23.248704
380,380.0,frontend,adservice,16.259635
380,380.0,frontend,cartservice,24.295275
380,380.0,frontend,currencyservice,33.559992
380,380.0,frontend,productcatalogservice,50.905442
380,380.0,frontend,recommendationservice,27.556776
380,380.0,recommendationservice,productcatalogservice,36.742367
381,381.0,cartservice,redis-cart,22.958803
381,381.0,frontend,adservice,16.207332
381,381.0,frontend,cartservice,24.005234
381,381.0,frontend,currencyservice,33.414666
381,381.0,frontend,productcatalogservice,50.716403
381,381.0,frontend,recommendationservice,27.469109
381,381.0,recommendationservice,productcatalogservice,36.625479
382,382.0,cartservice,redis-cart,24.902697
382,382.0,frontend,adservice,17.744111
382,382.0,frontend,cartservice,26.051599
382,382.0,frontend,currencyservice,36.543132
382,382.0,frontend,productcatalogservice,55.497780
382,382.0,frontend,recommendationservice,30.074636
382,382.0,recommendationservice,productcatalogservice,40.099515
383,383.0,cartservice,redis-cart,22.104098
383,383.0,frontend,adservice,15.897237
383,383.0,frontend,cartservice,23.136079
383,383.0,frontend,currencyservice,32.704712
383,383.0,frontend,productcatalogservice,49.696799
383,383.0,frontend,recommendationservice,26.945024
383,383.0,recommendationservice,productcatalogservice,35.926698
384,384.0,cartservice,redis-cart,24.148337
384,384.0,frontend,adservice,17.529621
384,384.0,frontend,cartservice,25.288949
384,384.0,frontend,currencyservice,36.025455
384,384.0,frontend,productcatalogservice,54.772886
384,384.0,frontend,recommendationservice,29.712415
384,384.0,recommendationservice,productcatalogservice,39.616553
385,385.0,cartservice,redis-cart,24.024907
385,385.0,frontend,adservice,17.602687
385,385.0,frontend,cartservice,25.172680
385,385.0,frontend,currencyservice,36.138919
385,385.0,frontend,productcatalogservice,54.974250
385,385.0,frontend,recommendationservice,29.836690
385,385.0,recommendationservice,productcatalogservice,39.782253
386,386.0,cartservice,redis-cart,23.070903
386,386.0,frontend,adservice,17.061190
386,386.0,frontend,cartservice,24.185445
386,386.0,frontend,currencyservice,34.992552
386,386.0,frontend,productcatalogservice,53.257141
386,386.0,frontend,recommendationservice,28.919117
386,386.0,recommendationservice,productcatalogservice,38.558823
387,387.0,cartservice,redis-cart,22.575500
387,387.0,frontend,adservice,16.850204
387,387.0,frontend,cartservice,23.678060
387,387.0,frontend,currencyservice,34.526477
387,387.0,frontend,productcatalogservice,52.573001
387,387.0,frontend,recommendationservice,28.561612
387,387.0,recommendationservice,productcatalogservice,38.082149
388,388.0,cartservice,redis-cart,23.524384
388,388.0,frontend,adservice,17.721673
388,388.0,frontend,cartservice,24.685603
388,388.0,frontend,currencyservice,36.277994
388,388.0,frontend,productcatalogservice,55.265273
388,388.0,frontend,recommendationservice,30.038758
388,388.0,recommendationservice,productcatalogservice,40.051677
389,389.0,cartservice,redis-cart,21.839086
389,389.0,frontend,adservice,16.604861
389,389.0,frontend,cartservice,22.928420
389,389.0,frontend,currencyservice,33.960628
389,389.0,frontend,productcatalogservice,51.757551
389,389.0,frontend,recommendationservice,28.145572
389,389.0,recommendationservice,productcatalogservice,37.527429
390,390.0,cartservice,redis-cart,24.006843
390,390.0,frontend,adservice,18.422384
390,390.0,frontend,cartservice,25.216588
390,390.0,frontend,currencyservice,37.644247
390,390.0,frontend,productcatalogservice,57.395268
390,390.0,frontend,recommendationservice,31.225987
390,390.0,recommendationservice,productcatalogservice,41.634649
391,391.0,cartservice,redis-cart,22.594727
391,391.0,frontend,adservice,17.499418
391,391.0,frontend,cartservice,23.744735
391,391.0,frontend,currencyservice,35.727196
391,391.0,frontend,productcatalogservice,54.493726
391,391.0,frontend,recommendationservice,29.661108
391,391.0,recommendationservice,productcatalogservice,39.548144
392,392.0,cartservice,redis-cart,23.528134
392,392.0,frontend,adservice,18.391005
392,392.0,frontend,cartservice,24.737397
392,392.0,frontend,currencyservice,37.515741
392,392.0,frontend,productcatalogservice,57.242937
392,392.0,frontend,recommendationservice,31.171712
392,392.0,recommendationservice,productcatalogservice,41.562282
393,393.0,cartservice,redis-cart,23.086352
393,393.0,frontend,adservice,18.212542
393,393.0,frontend,cartservice,24.284290
393,393.0,frontend,currencyservice,37.121146
393,393.0,frontend,productcatalogservice,56.660630
393,393.0,frontend,recommendationservice,30.868474
393,393.0,recommendationservice,productcatalogservice,41.157966
394,394.0,cartservice,redis-cart,23.743447
394,394.0,frontend,adservice,18.903931
394,394.0,frontend,cartservice,24.987033
394,394.0,frontend,currencyservice,38.499546
394,394.0,frontend,productcatalogservice,58.783873
394,394.0,frontend,recommendationservice,32.039383
394,394.0,recommendationservice,productcatalogservice,42.719177
395,395.0,cartservice,redis-cart,23.889421
395,395.0,frontend,adservice,19.195654
395,395.0,frontend,cartservice,25.152117
395,395.0,frontend,currencyservice,39.063298
395,395.0,frontend,productcatalogservice,59.662998
395,395.0,frontend,recommendationservice,32.532722
395,395.0,recommendationservice,productcatalogservice,43.376963
396,396.0,cartservice,redis-cart,21.794148
396,396.0,frontend,adservice,17.673477
396,396.0,frontend,cartservice,22.956410
396,396.0,frontend,currencyservice,35.938524
396,396.0,frontend,productcatalogservice,54.906163
396,396.0,frontend,recommendationservice,29.951809
396,396.0,recommendationservice,productcatalogservice,39.935745
397,397.0,cartservice,redis-cart,21.814242
397,397.0,frontend,adservice,17.852660
397,397.0,frontend,cartservice,22.987749
397,397.0,frontend,currencyservice,36.276303
397,397.0,frontend,productcatalogservice,55.437010
397,397.0,frontend,recommendationservice,30.254198
397,397.0,recommendationservice,productcatalogservice,40.338931
398,398.0,cartservice,redis-cart,20.799494
398,398.0,frontend,adservice,17.178777
398,398.0,frontend,cartservice,21.927969
398,398.0,frontend,currencyservice,34.882186
398,398.0,frontend,productcatalogservice,53.319698
398,398.0,frontend,recommendationservice,29.110839
398,398.0,recommendationservice,productcatalogservice,38.814452
399,399.0,cartservice,redis-cart,23.244717
399,399.0,frontend,adservice,19.374759
399,399.0,frontend,cartservice,24.516372
399,399.0,frontend,currencyservice,39.314120
399,399.0,frontend,productcatalogservice,60.107845
399,399.0,frontend,recommendationservice,32.830442
399,399.0,recommendationservice,productcatalogservice,43.773922
400,400.0,cartservice,redis-cart,23.659222
400,400.0,frontend,adservice,19.901282
400,400.0,frontend,cartservice,24.964085
400,400.0,frontend,currencyservice,40.355565
400,400.0,frontend,productcatalogservice,61.712922
400,400.0,frontend,recommendationservice,33.720777
400,400.0,recommendationservice,productcatalogservice,44.961036
401,401.0,cartservice,redis-cart,21.851269
401,401.0,frontend,adservice,18.549055
401,401.0,frontend,cartservice,23.065984
401,401.0,frontend,currencyservice,37.589238
401,401.0,frontend,productcatalogservice,57.493380
401,401.0,frontend,recommendationservice,31.427700
401,401.0,recommendationservice,productcatalogservice,41.903600
402,402.0,cartservice,redis-cart,21.612686
402,402.0,frontend,adservice,18.514603
402,402.0,frontend,cartservice,22.823438
402,402.0,frontend,currencyservice,37.495974
402,402.0,frontend,productcatalogservice,57.360412
402,402.0,frontend,recommendationservice,31.367342
402,402.0,recommendationservice,productcatalogservice,41.823123
403,403.0,cartservice,redis-cart,21.649683
403,403.0,frontend,adservice,18.716031
403,403.0,frontend,cartservice,22.871656
403,403.0,frontend,currencyservice,37.881007
403,403.0,frontend,productcatalogservice,57.958105
403,403.0,frontend,recommendationservice,31.706463
403,403.0,recommendationservice,productcatalogservice,42.275284
404,404.0,cartservice,redis-cart,20.910676
404,404.0,frontend,adservice,18.242436
404,404.0,frontend,cartservice,22.099611
404,404.0,frontend,currencyservice,36.900913
404,404.0,frontend,productcatalogservice,56.465946
404,404.0,frontend,recommendationservice,30.901949
404,404.0,recommendationservice,productcatalogservice,41.202598
405,405.0,cartservice,redis-cart,20.558187
405,405.0,frontend,adservice,18.098733
405,405.0,frontend,cartservice,21.735444
405,405.0,frontend,currencyservice,36.589614
405,405.0,frontend,productcatalogservice,55.995877
405,405.0,frontend,recommendationservice,30.656210
405,405.0,recommendationservice,productcatalogservice,40.874947
406,406.0,cartservice,redis-cart,20.753453
406,406.0,frontend,adservice,18.437343
406,406.0,frontend,cartservice,21.950166
406,406.0,frontend,currencyservice,37.253937
406,406.0,frontend,productcatalogservice,57.017882
406,406.0,frontend,recommendationservice,31.227282
406,406.0,recommendationservice,productcatalogservice,41.636375
407,407.0,cartservice,redis-cart,21.961809
407,407.0,frontend,adservice,19.688686
407,407.0,frontend,cartservice,23.236775
407,407.0,frontend,currencyservice,39.761565
407,407.0,frontend,productcatalogservice,60.860443
407,407.0,frontend,recommendationservice,33.343904
407,407.0,recommendationservice,productcatalogservice,44.458539
408,408.0,cartservice,redis-cart,21.849838
408,408.0,frontend,adservice,19.766670
408,408.0,frontend,cartservice,23.126648
408,408.0,frontend,currencyservice,39.898977
408,408.0,frontend,productcatalogservice,61.074264
408,408.0,frontend,recommendationservice,33.473060
408,408.0,recommendationservice,productcatalogservice,44.630746
409,409.0,cartservice,redis-cart,22.498012
409,409.0,frontend,adservice,20.538188
409,409.0,frontend,cartservice,23.821097
409,409.0,frontend,currencyservice,41.436250
409,409.0,frontend,productcatalogservice,63.429889
409,409.0,frontend,recommendationservice,34.776396
409,409.0,recommendationservice,productcatalogservice,46.368527
410,410.0,cartservice,redis-cart,20.869317
410,410.0,frontend,adservice,19.224495
410,410.0,frontend,cartservice,22.104228
410,410.0,frontend,currencyservice,38.767858
410,410.0,frontend,productcatalogservice,59.346429
410,410.0,frontend,recommendationservice,32.548898
410,410.0,recommendationservice,productcatalogservice,43.398530
411,411.0,cartservice,redis-cart,20.600713
411,411.0,frontend,adservice,19.149333
411,411.0,frontend,cartservice,21.827053
411,411.0,frontend,currencyservice,38.599124
411,411.0,frontend,productcatalogservice,59.088347
411,411.0,frontend,recommendationservice,32.418452
411,411.0,recommendationservice,productcatalogservice,43.224602
412,412.0,cartservice,redis-cart,20.733154
412,412.0,frontend,adservice,19.447218
412,412.0,frontend,cartservice,21.974559
412,412.0,frontend,currencyservice,39.182897
412,412.0,frontend,productcatalogservice,59.981167
412,412.0,frontend,recommendationservice,32.919388
412,412.0,recommendationservice,productcatalogservice,43.892518
413,413.0,cartservice,redis-cart,21.259656
413,413.0,frontend,adservice,20.121716
413,413.0,frontend,cartservice,22.539750
413,413.0,frontend,currencyservice,40.525426
413,413.0,frontend,productcatalogservice,62.034372
413,413.0,frontend,recommendationservice,34.057547
413,413.0,recommendationservice,productcatalogservice,45.410063
414,414.0,cartservice,redis-cart,21.458521
414,414.0,frontend,adservice,20.493738
414,414.0,frontend,cartservice,22.757614
414,414.0,frontend,currencyservice,41.258691
414,414.0,frontend,productcatalogservice,63.153756
414,414.0,frontend,recommendationservice,34.683428
414,414.0,recommendationservice,productcatalogservice,46.244571
415,415.0,cartservice,redis-cart,19.870962
415,415.0,frontend,adservice,19.149119
415,415.0,frontend,cartservice,21.080257
415,415.0,frontend,currencyservice,38.537442
415,415.0,frontend,productcatalogservice,58.984533
415,415.0,frontend,recommendationservice,32.404146
415,415.0,recommendationservice,productcatalogservice,43.205528
416,416.0,cartservice,redis-cart,19.863778
416,416.0,frontend,adservice,19.315065
416,416.0,frontend,cartservice,21.078746
416,416.0,frontend,currencyservice,38.857791
416,416.0,frontend,productcatalogservice,59.469942
416,416.0,frontend,recommendationservice,32.681149
416,416.0,recommendationservice,productcatalogservice,43.574866
417,417.0,cartservice,redis-cart,21.646162
417,417.0,frontend,adservice,21.238091
417,417.0,frontend,cartservice,22.976588
417,417.0,frontend,currencyservice,42.712327
417,417.0,frontend,productcatalogservice,65.362623
417,417.0,frontend,recommendationservice,35.930598
417,417.0,recommendationservice,productcatalogservice,47.907464
418,418.0,cartservice,redis-cart,20.422438
418,418.0,frontend,adservice,20.218002
418,418.0,frontend,cartservice,21.683513
418,418.0,frontend,currencyservice,40.648053
418,418.0,frontend,productcatalogservice,62.196446
418,418.0,frontend,recommendationservice,34.200584
418,418.0,recommendationservice,productcatalogservice,45.600779
419,419.0,cartservice,redis-cart,20.109920
419,419.0,frontend,adservice,20.087820
419,419.0,frontend,cartservice,21.357256
419,419.0,frontend,currencyservice,40.374386
419,419.0,frontend,productcatalogservice,61.769507
419,419.0,frontend,recommendationservice,33.976050
419,419.0,recommendationservice,productcatalogservice,45.301401
420,420.0,cartservice,redis-cart,20.659229
420,420.0,frontend,adservice,20.822082
420,420.0,frontend,cartservice,21.946123
420,420.0,frontend,currencyservice,41.838553
420,420.0,frontend,productcatalogservice,64.000017
420,420.0,frontend,recommendationservice,35.213363
420,420.0,recommendationservice,productcatalogservice,46.951151
421,421.0,cartservice,redis-cart,20.279840
421,421.0,frontend,adservice,20.623281
421,421.0,frontend,cartservice,21.548261
421,421.0,frontend,currencyservice,41.428329
421,421.0,frontend,productcatalogservice,63.362015
421,421.0,frontend,recommendationservice,34.872487
421,421.0,recommendationservice,productcatalogservice,46.496649
422,422.0,cartservice,redis-cart,21.138036
422,422.0,frontend,adservice,21.688858
422,422.0,frontend,cartservice,22.465272
422,422.0,frontend,currencyservice,43.558323
422,422.0,frontend,productcatalogservice,66.607603
422,422.0,frontend,recommendationservice,36.669260
422,422.0,recommendationservice,productcatalogservice,48.892347
423,423.0,cartservice,redis-cart,19.449744
423,423.0,frontend,adservice,20.135401
423,423.0,frontend,cartservice,20.675477
423,423.0,frontend,currencyservice,40.429390
423,423.0,frontend,productcatalogservice,61.810739
423,423.0,frontend,recommendationservice,34.038044
423,423.0,recommendationservice,productcatalogservice,45.384059
424,424.0,cartservice,redis-cart,20.578010
424,424.0,frontend,adservice,21.494117
424,424.0,frontend,cartservice,21.879369
424,424.0,frontend,currencyservice,43.148579
424,424.0,frontend,productcatalogservice,65.953885
424,424.0,frontend,recommendationservice,36.329655
424,424.0,recommendationservice,productcatalogservice,48.439541
425,425.0,cartservice,redis-cart,20.852419
425,425.0,frontend,adservice,21.975456
425,425.0,frontend,cartservice,22.175461
425,425.0,frontend,currencyservice,44.106471
425,425.0,frontend,productcatalogservice,67.402565
425,425.0,frontend,recommendationservice,37.137741
425,425.0,recommendationservice,productcatalogservice,49.516988
426,426.0,cartservice,redis-cart,20.509686
426,426.0,frontend,adservice,21.807254
426,426.0,frontend,cartservice,21.814987
426,426.0,frontend,currencyservice,43.761318
426,426.0,frontend,productcatalogservice,66.858692
426,426.0,frontend,recommendationservice,36.847927
426,426.0,recommendationservice,productcatalogservice,49.130569
427,427.0,cartservice,redis-cart,19.600979
427,427.0,frontend,adservice,21.026912
427,427.0,frontend,cartservice,20.852026
427,427.0,frontend,currencyservice,42.188811
427,427.0,frontend,productcatalogservice,64.439376
427,427.0,frontend,recommendationservice,35.523897
427,427.0,recommendationservice,productcatalogservice,47.365195
428,428.0,cartservice,redis-cart,20.556583
428,428.0,frontend,adservice,22.248439
428,428.0,frontend,cartservice,21.872112
428,428.0,frontend,currencyservice,44.633517
428,428.0,frontend,productcatalogservice,68.154559
428,428.0,frontend,recommendationservice,37.581686
428,428.0,recommendationservice,productcatalogservice,50.108914
429,429.0,cartservice,redis-cart,20.545048
429,429.0,frontend,adservice,22.433742
429,429.0,frontend,cartservice,21.863055
429,429.0,frontend,currencyservice,44.999776
429,429.0,frontend,productcatalogservice,68.693744
429,429.0,frontend,recommendationservice,37.888604
429,429.0,recommendationservice,productcatalogservice,50.518139
430,430.0,cartservice,redis-cart,19.672702
430,430.0,frontend,adservice,21.672021
430,430.0,frontend,cartservice,20.937561
430,430.0,frontend,currencyservice,43.467274
430,430.0,frontend,productcatalogservice,66.333906
430,430.0,frontend,recommendationservice,36.596122
430,430.0,recommendationservice,productcatalogservice,48.794830
431,431.0,cartservice,redis-cart,20.984717
431,431.0,frontend,adservice,23.322451
431,431.0,frontend,cartservice,22.336645
431,431.0,frontend,currencyservice,46.773381
431,431.0,frontend,productcatalogservice,71.356181
431,431.0,frontend,recommendationservice,39.376508
431,431.0,recommendationservice,productcatalogservice,52.502011
432,432.0,cartservice,redis-cart,18.692559
432,432.0,frontend,adservice,20.958984
432,432.0,frontend,cartservice,19.898970
432,432.0,frontend,currencyservice,42.030404
432,432.0,frontend,productcatalogservice,64.098731
432,432.0,frontend,recommendationservice,35.380110
432,432.0,recommendationservice,productcatalogservice,47.173480
433,433.0,cartservice,redis-cart,18.903664
433,433.0,frontend,adservice,21.383185
433,433.0,frontend,cartservice,20.125606
433,433.0,frontend,currencyservice,42.878704
433,433.0,frontend,productcatalogservice,65.369319
433,433.0,frontend,recommendationservice,36.089919
433,433.0,recommendationservice,productcatalogservice,48.119892
434,434.0,cartservice,redis-cart,19.175136
434,434.0,frontend,adservice,21.881861
434,434.0,frontend,cartservice,20.416278
434,434.0,frontend,currencyservice,43.876961
434,434.0,frontend,productcatalogservice,66.866522
434,434.0,frontend,recommendationservice,36.925036
434,434.0,recommendationservice,productcatalogservice,49.233382
435,435.0,cartservice,redis-cart,18.730429
435,435.0,frontend,adservice,21.562902
435,435.0,frontend,cartservice,19.944119
435,435.0,frontend,currencyservice,43.236407
435,435.0,frontend,productcatalogservice,65.865068
435,435.0,frontend,recommendationservice,36.380250
435,435.0,recommendationservice,productcatalogservice,48.506999
436,436.0,cartservice,redis-cart,19.920847
436,436.0,frontend,adservice,23.135300
436,436.0,frontend,cartservice,21.212784
436,436.0,frontend,currencyservice,46.388959
436,436.0,frontend,productcatalogservice,70.639404
436,436.0,frontend,recommendationservice,39.025994
436,436.0,recommendationservice,productcatalogservice,52.034659
437,437.0,cartservice,redis-cart,20.287678
437,437.0,frontend,adservice,23.768485
437,437.0,frontend,cartservice,21.604218
437,437.0,frontend,currencyservice,47.659021
437,437.0,frontend,productcatalogservice,72.543400
437,437.0,frontend,recommendationservice,40.086614
437,437.0,recommendationservice,productcatalogservice,53.448818
438,438.0,cartservice,redis-cart,18.622281
438,438.0,frontend,adservice,22.008869
438,438.0,frontend,cartservice,19.831195
438,438.0,frontend,currencyservice,44.131878
438,438.0,frontend,productcatalogservice,67.145845
438,438.0,frontend,recommendationservice,37.111904
438,438.0,recommendationservice,productcatalogservice,49.482538
439,439.0,cartservice,redis-cart,19.002067
439,439.0,frontend,adservice,22.654528
439,439.0,frontend,cartservice,20.235781
439,439.0,frontend,currencyservice,45.428429
439,439.0,frontend,productcatalogservice,69.087897
439,439.0,frontend,recommendationservice,38.193266
439,439.0,recommendationservice,productcatalogservice,50.924355
440,440.0,cartservice,redis-cart,19.862852
440,440.0,frontend,adservice,23.887936
440,440.0,frontend,cartservice,21.152273
440,440.0,frontend,currencyservice,47.904489
440,440.0,frontend,productcatalogservice,72.820155
440,440.0,frontend,recommendationservice,40.264777
440,440.0,recommendationservice,productcatalogservice,53.686369
441,441.0,cartservice,redis-cart,20.004500
441,441.0,frontend,adservice,24.268382
441,441.0,frontend,cartservice,21.302591
441,441.0,frontend,currencyservice,48.670990
441,441.0,frontend,productcatalogservice,73.950367
441,441.0,frontend,recommendationservice,40.897903
441,441.0,recommendationservice,productcatalogservice,54.530537
442,442.0,cartservice,redis-cart,18.874298
442,442.0,frontend,adservice,23.096869
442,442.0,frontend,cartservice,20.098225
442,442.0,frontend,currencyservice,46.325603
442,442.0,frontend,productcatalogservice,70.352519
442,442.0,frontend,recommendationservice,38.915759
442,442.0,recommendationservice,productcatalogservice,51.887679
443,443.0,cartservice,redis-cart,18.630190
443,443.0,frontend,adservice,22.996496
443,443.0,frontend,cartservice,19.837140
443,443.0,frontend,currencyservice,46.129108
443,443.0,frontend,productcatalogservice,70.018972
443,443.0,frontend,recommendationservice,38.738686
443,443.0,recommendationservice,productcatalogservice,51.651582
444,444.0,cartservice,redis-cart,18.361620
444,444.0,frontend,adservice,22.861785
444,444.0,frontend,cartservice,19.549704
444,444.0,frontend,currencyservice,45.864399
444,444.0,frontend,productcatalogservice,69.581243
444,444.0,frontend,recommendationservice,38.503730
444,444.0,recommendationservice,productcatalogservice,51.338307
445,445.0,cartservice,redis-cart,17.586459
445,445.0,frontend,adservice,22.086390
445,445.0,frontend,cartservice,18.722654
445,445.0,frontend,currencyservice,44.314849
445,445.0,frontend,productcatalogservice,67.194736
445,445.0,frontend,recommendationservice,37.189943
445,445.0,recommendationservice,productcatalogservice,49.586591
446,446.0,cartservice,redis-cart,17.536431
446,446.0,frontend,adservice,22.214009
446,446.0,frontend,cartservice,18.667332
446,446.0,frontend,currencyservice,44.577648
446,446.0,frontend,productcatalogservice,67.556381
446,446.0,frontend,recommendationservice,37.396801
446,446.0,recommendationservice,productcatalogservice,49.862401
447,447.0,cartservice,redis-cart,18.113675
447,447.0,frontend,adservice,23.143212
447,447.0,frontend,cartservice,19.279318
447,447.0,frontend,currencyservice,46.450057
447,447.0,frontend,productcatalogservice,70.354597
447,447.0,frontend,recommendationservice,38.952609
447,447.0,recommendationservice,productcatalogservice,51.936812
448,448.0,cartservice,redis-cart,17.399703
448,448.0,frontend,adservice,22.422392
448,448.0,frontend,cartservice,18.516669
448,448.0,frontend,currencyservice,45.011516
448,448.0,frontend,productcatalogservice,68.136628
448,448.0,frontend,recommendationservice,37.731050
448,448.0,recommendationservice,productcatalogservice,50.308067
449,449.0,cartservice,redis-cart,18.792687
449,449.0,frontend,adservice,24.425500
449,449.0,frontend,cartservice,19.995744
449,449.0,frontend,currencyservice,49.042310
449,449.0,frontend,productcatalogservice,74.194628
449,449.0,frontend,recommendationservice,41.092550
449,449.0,recommendationservice,productcatalogservice,54.790067
450,450.0,cartservice,redis-cart,17.565363
450,450.0,frontend,adservice,23.025937
450,450.0,frontend,cartservice,18.686370
450,450.0,frontend,currencyservice,46.242059
450,450.0,frontend,productcatalogservice,69.916077
450,450.0,frontend,recommendationservice,38.729177
450,450.0,recommendationservice,productcatalogservice,51.638902
451,451.0,cartservice,redis-cart,17.391448
451,451.0,frontend,adservice,22.992828
451,451.0,frontend,cartservice,18.497542
451,451.0,frontend,currencyservice,46.186100
451,451.0,frontend,productcatalogservice,69.788413
451,451.0,frontend,recommendationservice,38.664582
451,451.0,recommendationservice,productcatalogservice,51.552776
452,452.0,cartservice,redis-cart,18.817925
452,452.0,frontend,adservice,25.090852
452,452.0,frontend,cartservice,20.010208
452,452.0,frontend,currencyservice,50.412699
452,452.0,frontend,productcatalogservice,76.126865
452,452.0,frontend,recommendationservice,42.182755
452,452.0,recommendationservice,productcatalogservice,56.243674
453,453.0,cartservice,redis-cart,17.161220
453,453.0,frontend,adservice,23.076453
453,453.0,frontend,cartservice,18.244020
453,453.0,frontend,currencyservice,46.377342
453,453.0,frontend,productcatalogservice,69.988009
453,453.0,frontend,recommendationservice,38.786970
453,453.0,recommendationservice,productcatalogservice,51.715960
454,454.0,cartservice,redis-cart,17.468432
454,454.0,frontend,adservice,23.688741
454,454.0,frontend,cartservice,18.565626
454,454.0,frontend,currencyservice,47.620903
454,454.0,frontend,productcatalogservice,71.817294
454,454.0,frontend,recommendationservice,39.806563
454,454.0,recommendationservice,productcatalogservice,53.075417
455,455.0,cartservice,redis-cart,17.371864
455,455.0,frontend,adservice,23.756977
455,455.0,frontend,cartservice,18.457629
455,455.0,frontend,currencyservice,47.771870
455,455.0,frontend,productcatalogservice,71.996457
455,455.0,frontend,recommendationservice,39.911534
455,455.0,recommendationservice,productcatalogservice,53.215378
456,456.0,cartservice,redis-cart,18.844451
456,456.0,frontend,adservice,25.988077
456,456.0,frontend,cartservice,20.015991
456,456.0,frontend,currencyservice,52.274174
456,456.0,frontend,productcatalogservice,78.727667
456,456.0,frontend,recommendationservice,43.649026
456,456.0,recommendationservice,productcatalogservice,58.198701
457,457.0,cartservice,redis-cart,18.110713
457,457.0,frontend,adservice,25.186102
457,457.0,frontend,cartservice,19.230183
457,457.0,frontend,currencyservice,50.677189
457,457.0,frontend,productcatalogservice,76.268973
457,457.0,frontend,recommendationservice,42.291509
457,457.0,recommendationservice,productcatalogservice,56.388678
458,458.0,cartservice,redis-cart,17.098879
458,458.0,frontend,adservice,23.978181
458,458.0,frontend,cartservice,18.149292
458,458.0,frontend,currencyservice,48.262839
458,458.0,frontend,productcatalogservice,72.583396
458,458.0,frontend,recommendationservice,40.253060
458,458.0,recommendationservice,productcatalogservice,53.670746
459,459.0,cartservice,redis-cart,16.836487
459,459.0,frontend,adservice,23.807365
459,459.0,frontend,cartservice,17.863945
459,459.0,frontend,currencyservice,47.935755
459,459.0,frontend,productcatalogservice,72.038868
459,459.0,frontend,recommendationservice,39.956098
459,459.0,recommendationservice,productcatalogservice,53.274797
460,460.0,cartservice,redis-cart,17.180892
460,460.0,frontend,adservice,24.496525
460,460.0,frontend,cartservice,18.221954
460,460.0,frontend,currencyservice,49.341329
460,460.0,frontend,productcatalogservice,74.096026
460,460.0,frontend,recommendationservice,41.102090
460,460.0,recommendationservice,productcatalogservice,54.802786
461,461.0,cartservice,redis-cart,17.924684
461,461.0,frontend,adservice,25.768931
461,461.0,frontend,cartservice,19.002613
461,461.0,frontend,currencyservice,51.923914
461,461.0,frontend,productcatalogservice,77.915189
461,461.0,frontend,recommendationservice,43.225711
461,461.0,recommendationservice,productcatalogservice,57.634282
462,462.0,cartservice,redis-cart,18.247270
462,462.0,frontend,adservice,26.449393
462,462.0,frontend,cartservice,19.335763
462,462.0,frontend,currencyservice,53.316041
462,462.0,frontend,productcatalogservice,79.942384
462,462.0,frontend,recommendationservice,44.355389
462,462.0,recommendationservice,productcatalogservice,59.140518
463,463.0,cartservice,redis-cart,16.972014
463,463.0,frontend,adservice,24.803355
463,463.0,frontend,cartservice,17.975757
463,463.0,frontend,currencyservice,50.018457
463,463.0,frontend,productcatalogservice,74.938992
463,463.0,frontend,recommendationservice,41.583846
463,463.0,recommendationservice,productcatalogservice,55.445128
464,464.0,cartservice,redis-cart,16.779586
464,464.0,frontend,adservice,24.723125
464,464.0,frontend,cartservice,17.762903
464,464.0,frontend,currencyservice,49.877815
464,464.0,frontend,productcatalogservice,74.668460
464,464.0,frontend,recommendationservice,41.438091
464,464.0,recommendationservice,productcatalogservice,55.250788
465,465.0,cartservice,redis-cart,17.360228
465,465.0,frontend,adservice,25.787427
465,465.0,frontend,cartservice,18.367725
465,465.0,frontend,currencyservice,52.047846
465,465.0,frontend,productcatalogservice,77.853585
465,465.0,frontend,recommendationservice,43.210087
465,465.0,recommendationservice,productcatalogservice,57.613449
466,466.0,cartservice,redis-cart,16.183043
466,466.0,frontend,adservice,24.234167
466,466.0,frontend,cartservice,17.112578
466,466.0,frontend,currencyservice,48.935053
466,466.0,frontend,productcatalogservice,73.136782
466,466.0,frontend,recommendationservice,40.596125
466,466.0,recommendationservice,productcatalogservice,54.128167
467,467.0,cartservice,redis-cart,17.705607
467,467.0,frontend,adservice,26.728733
467,467.0,frontend,cartservice,18.711524
467,467.0,frontend,currencyservice,53.997549
467,467.0,frontend,productcatalogservice,80.635006
467,467.0,frontend,recommendationservice,44.762342
467,467.0,recommendationservice,productcatalogservice,59.683123
468,468.0,cartservice,redis-cart,17.838886
468,468.0,frontend,adservice,27.146805
468,468.0,frontend,cartservice,18.840687
468,468.0,frontend,currencyservice,54.868695
468,468.0,frontend,productcatalogservice,81.865672
468,468.0,frontend,recommendationservice,45.449560
468,468.0,recommendationservice,productcatalogservice,60.599414
469,469.0,cartservice,redis-cart,17.335423
469,469.0,frontend,adservice,26.592070
469,469.0,frontend,cartservice,18.297065
469,469.0,frontend,currencyservice,53.774303
469,469.0,frontend,productcatalogservice,80.162906
469,469.0,frontend,recommendationservice,44.508014
469,469.0,recommendationservice,productcatalogservice,59.344018
470,470.0,cartservice,redis-cart,17.149298
470,470.0,frontend,adservice,26.516329
470,470.0,frontend,cartservice,18.088325
470,470.0,frontend,currencyservice,53.648714
470,470.0,frontend,productcatalogservice,79.904874
470,470.0,frontend,recommendationservice,44.368338
470,470.0,recommendationservice,productcatalogservice,59.157784
471,471.0,cartservice,redis-cart,16.878601
471,471.0,frontend,adservice,26.304795
471,471.0,frontend,cartservice,17.790177
471,471.0,frontend,currencyservice,53.248899
471,471.0,frontend,productcatalogservice,79.238034
471,471.0,frontend,recommendationservice,44.001445
471,471.0,recommendationservice,productcatalogservice,58.668593
472,472.0,cartservice,redis-cart,16.684189
472,472.0,frontend,adservice,26.206950
472,472.0,frontend,cartservice,17.572245
472,472.0,frontend,currencyservice,53.079706
472,472.0,frontend,productcatalogservice,78.914076
472,472.0,frontend,recommendationservice,43.824735
472,472.0,recommendationservice,productcatalogservice,58.432980
473,473.0,cartservice,redis-cart,16.361947
473,473.0,frontend,adservice,25.902405
473,473.0,frontend,cartservice,17.219547
473,473.0,frontend,currencyservice,52.492224
473,473.0,frontend,productcatalogservice,77.968226
473,473.0,frontend,recommendationservice,43.302430
473,473.0,recommendationservice,productcatalogservice,57.736573
474,474.0,cartservice,redis-cart,17.250809
474,474.0,frontend,adservice,27.522538
474,474.0,frontend,cartservice,18.140396
474,474.0,frontend,currencyservice,55.807527
474,474.0,frontend,productcatalogservice,82.814416
474,474.0,frontend,recommendationservice,45.996899
474,474.0,recommendationservice,productcatalogservice,61.329199
475,475.0,cartservice,redis-cart,16.975727
475,475.0,frontend,adservice,27.293600
475,475.0,frontend,cartservice,17.836185
475,475.0,frontend,currencyservice,55.375936
475,475.0,frontend,productcatalogservice,82.095341
475,475.0,frontend,recommendationservice,45.600261
475,475.0,recommendationservice,productcatalogservice,60.800348
476,476.0,cartservice,redis-cart,15.766716
476,476.0,frontend,adservice,25.544999
476,476.0,frontend,cartservice,16.551468
476,476.0,frontend,currencyservice,51.859545
476,476.0,frontend,productcatalogservice,76.807591
476,476.0,frontend,recommendationservice,42.665553
476,476.0,recommendationservice,productcatalogservice,56.887404
477,477.0,cartservice,redis-cart,16.082585
477,477.0,frontend,adservice,26.256139
477,477.0,frontend,cartservice,16.867783
477,477.0,frontend,currencyservice,53.336288
477,477.0,frontend,productcatalogservice,78.916894
477,477.0,frontend,recommendationservice,43.839523
477,477.0,recommendationservice,productcatalogservice,58.452697
478,478.0,cartservice,redis-cart,16.612441
478,478.0,frontend,adservice,27.327265
478,478.0,frontend,cartservice,17.407136
478,478.0,frontend,currencyservice,55.547411
478,478.0,frontend,productcatalogservice,82.106301
478,478.0,frontend,recommendationservice,45.613471
478,478.0,recommendationservice,productcatalogservice,60.817961
479,479.0,cartservice,redis-cart,15.978236
479,479.0,frontend,adservice,26.482313
479,479.0,frontend,cartservice,16.726268
479,479.0,frontend,currencyservice,53.864904
479,479.0,frontend,productcatalogservice,79.538562
479,479.0,frontend,recommendationservice,44.188916
479,479.0,recommendationservice,productcatalogservice,58.918555
480,480.0,cartservice,redis-cart,16.041061
480,480.0,frontend,adservice,26.785537
480,480.0,frontend,cartservice,16.775055
480,480.0,frontend,currencyservice,54.517922
480,480.0,frontend,productcatalogservice,80.419987
480,480.0,frontend,recommendationservice,44.680371
480,480.0,recommendationservice,productcatalogservice,59.573828
481,481.0,cartservice,redis-cart,15.590777
481,481.0,frontend,adservice,26.227099
481,481.0,frontend,cartservice,16.287082
481,481.0,frontend,currencyservice,53.417652
481,481.0,frontend,productcatalogservice,78.714734
481,481.0,frontend,recommendationservice,43.734497
481,481.0,recommendationservice,productcatalogservice,58.312663
482,482.0,cartservice,redis-cart,16.336022
482,482.0,frontend,adservice,27.683328
482,482.0,frontend,cartservice,17.047089
482,482.0,frontend,currencyservice,56.422860
482,482.0,frontend,productcatalogservice,83.055137
482,482.0,frontend,recommendationservice,46.147491
482,482.0,recommendationservice,productcatalogservice,61.529988
483,483.0,cartservice,redis-cart,15.227938
483,483.0,frontend,adservice,25.994172
483,483.0,frontend,cartservice,15.872922
483,483.0,frontend,currencyservice,53.017802
483,483.0,frontend,productcatalogservice,77.959119
483,483.0,frontend,recommendationservice,43.317179
483,483.0,recommendationservice,productcatalogservice,57.756238
484,484.0,cartservice,redis-cart,16.364272
484,484.0,frontend,adservice,28.136300
484,484.0,frontend,cartservice,17.037564
484,484.0,frontend,currencyservice,57.428618
484,484.0,frontend,productcatalogservice,84.353083
484,484.0,frontend,recommendationservice,46.870975
484,484.0,recommendationservice,productcatalogservice,62.494634
485,485.0,cartservice,redis-cart,15.246178
485,485.0,frontend,adservice,26.402092
485,485.0,frontend,cartservice,15.854395
485,485.0,frontend,currencyservice,53.928966
485,485.0,frontend,productcatalogservice,79.125352
485,485.0,frontend,recommendationservice,43.966978
485,485.0,recommendationservice,productcatalogservice,58.622637
486,486.0,cartservice,redis-cart,15.998846
486,486.0,frontend,adservice,27.902546
486,486.0,frontend,cartservice,16.616435
486,486.0,frontend,currencyservice,57.037001
486,486.0,frontend,productcatalogservice,83.592011
486,486.0,frontend,recommendationservice,46.449579
486,486.0,recommendationservice,productcatalogservice,61.932772
487,487.0,cartservice,redis-cart,16.392342
487,487.0,frontend,adservice,28.790141
487,487.0,frontend,cartservice,17.003291
487,487.0,frontend,currencyservice,58.896912
487,487.0,frontend,productcatalogservice,86.220127
487,487.0,frontend,recommendationservice,47.910404
487,487.0,recommendationservice,productcatalogservice,63.880539
488,488.0,cartservice,redis-cart,16.332083
488,488.0,frontend,adservice,28.884231
488,488.0,frontend,cartservice,16.918364
488,488.0,frontend,currencyservice,59.136038
488,488.0,frontend,productcatalogservice,86.470885
488,488.0,frontend,recommendationservice,48.049996
488,488.0,recommendationservice,productcatalogservice,64.066661
489,489.0,cartservice,redis-cart,14.732058
489,489.0,frontend,adservice,26.234149
489,489.0,frontend,cartservice,15.240062
489,489.0,frontend,currencyservice,53.753639
489,489.0,frontend,productcatalogservice,78.509203
489,489.0,frontend,recommendationservice,43.625900
489,489.0,recommendationservice,productcatalogservice,58.167866
490,490.0,cartservice,redis-cart,15.129116
490,490.0,frontend,adservice,27.124910
490,490.0,frontend,cartservice,15.628773
490,490.0,frontend,currencyservice,55.624427
490,490.0,frontend,productcatalogservice,81.145923
490,490.0,frontend,recommendationservice,45.090908
490,490.0,recommendationservice,productcatalogservice,60.121211
491,491.0,cartservice,redis-cart,14.910276
491,491.0,frontend,adservice,26.912714
491,491.0,frontend,cartservice,15.380349
491,491.0,frontend,currencyservice,55.235456
491,491.0,frontend,productcatalogservice,80.482409
491,491.0,frontend,recommendationservice,44.721851
491,491.0,recommendationservice,productcatalogservice,59.629135
492,492.0,cartservice,redis-cart,15.643126
492,492.0,frontend,adservice,28.423477
492,492.0,frontend,cartservice,16.112174
492,492.0,frontend,currencyservice,58.385871
492,492.0,frontend,productcatalogservice,84.970082
492,492.0,frontend,recommendationservice,47.214938
492,492.0,recommendationservice,productcatalogservice,62.953251
493,493.0,cartservice,redis-cart,14.704369
493,493.0,frontend,adservice,26.893393
493,493.0,frontend,cartservice,15.121947
493,493.0,frontend,currencyservice,55.290844
493,493.0,frontend,productcatalogservice,80.367432
493,493.0,frontend,recommendationservice,44.656647
493,493.0,recommendationservice,productcatalogservice,59.542197
494,494.0,cartservice,redis-cart,15.110297
494,494.0,frontend,adservice,27.815084
494,494.0,frontend,cartservice,15.514772
494,494.0,frontend,currencyservice,57.236360
494,494.0,frontend,productcatalogservice,83.092303
494,494.0,frontend,recommendationservice,46.169746
494,494.0,recommendationservice,productcatalogservice,61.559661
495,495.0,cartservice,redis-cart,14.783640
495,495.0,frontend,adservice,27.387882
495,495.0,frontend,cartservice,15.154618
495,495.0,frontend,currencyservice,56.408050
495,495.0,frontend,productcatalogservice,81.787150
495,495.0,frontend,recommendationservice,45.443361
495,495.0,recommendationservice,productcatalogservice,60.591148
496,496.0,cartservice,redis-cart,15.628105
496,496.0,frontend,adservice,29.134890
496,496.0,frontend,cartservice,15.993406
496,496.0,frontend,currencyservice,60.061210
496,496.0,frontend,productcatalogservice,86.973412
496,496.0,frontend,recommendationservice,48.323520
496,496.0,recommendationservice,productcatalogservice,64.431360
497,497.0,cartservice,redis-cart,14.826287
497,497.0,frontend,adservice,27.811773
497,497.0,frontend,cartservice,15.146689
497,497.0,frontend,currencyservice,57.387128
497,497.0,frontend,productcatalogservice,82.994359
497,497.0,frontend,recommendationservice,46.111082
497,497.0,recommendationservice,productcatalogservice,61.481442
498,498.0,cartservice,redis-cart,14.862105
498,498.0,frontend,adservice,28.049414
498,498.0,frontend,cartservice,15.156386
498,498.0,frontend,currencyservice,57.932441
498,498.0,frontend,productcatalogservice,83.674041
498,498.0,frontend,recommendationservice,46.486851
498,498.0,recommendationservice,productcatalogservice,61.982468
499,499.0,cartservice,redis-cart,14.724019
499,499.0,frontend,adservice,27.955921
499,499.0,frontend,cartservice,14.988248
499,499.0,frontend,currencyservice,57.795125
499,499.0,frontend,productcatalogservice,83.365831
499,499.0,frontend,recommendationservice,46.313550
499,499.0,recommendationservice,productcatalogservice,61.751400
