policy,policy_display_name,step,time_s,evidence_type,traffic_stress,weighted_edge_distance,active_edge_count,request_mix_entropy,top3_hotspot_churn,traffic_stress_gini,traffic_stress_skew,migration_count,policy_decision_time_ms,latency_ms,sla_ms,sla_pressure,sla_violation_ratio
kubernetes-default,K8s default,0,0.000,replay,0.969300,0.000000,10,1.827785,0.000000,0.476110,0.462632,,,62.326702,110.555556,0.563759,0.000000
cga,CGA,0,0.000,replay,0.969300,0.000000,10,1.827785,0.000000,0.476110,0.462632,,,62.701435,110.555556,0.567149,0.000000
hda,HDA,0,0.000,replay,0.969300,0.000000,10,1.827785,0.000000,0.476110,0.462632,,,58.315248,110.555556,0.527475,0.000000
policy2,Policy 2,0,0.000,replay,0.969300,0.000000,10,1.827785,0.000000,0.476110,0.462632,,,59.284526,110.555556,0.536242,0.000000
policy3,Policy 3,0,0.000,replay,0.969300,0.000000,10,1.827785,0.000000,0.476110,0.462632,,,55.131901,110.555556,0.498681,0.000000
kubernetes-default,K8s default,1,0.100,replay,0.966640,0.002743,10,1.827785,0.000000,0.476110,0.462632,,,66.751193,110.555556,0.603780,0.000000
cga,CGA,1,0.100,replay,0.966640,0.002743,10,1.827785,0.000000,0.476110,0.462632,,,59.695179,110.555556,0.539956,0.000000
hda,HDA,1,0.100,replay,0.966640,0.002743,10,1.827785,0.000000,0.476110,0.462632,,,58.982296,110.555556,0.533508,0.000000
policy2,Policy 2,1,0.100,replay,0.966640,0.002743,10,1.827785,0.000000,0.476110,0.462632,,,58.657661,110.555556,0.530572,0.000000
policy3,Policy 3,1,0.100,replay,0.966640,0.002743,10,1.827785,0.000000,0.476110,0.462632,,,57.742239,110.555556,0.522292,0.000000
kubernetes-default,K8s default,2,0.200,replay,0.959227,0.007669,10,1.827785,0.000000,0.476110,0.462632,,,64.844861,110.555556,0.586536,0.000000
cga,CGA,2,0.200,replay,0.959227,0.007669,10,1.827785,0.000000,0.476110,0.462632,,,59.899254,110.555556,0.541802,0.000000
hda,HDA,2,0.200,replay,0.959227,0.007669,10,1.827785,0.000000,0.476110,0.462632,,,62.632376,110.555556,0.566524,0.000000
policy2,Policy 2,2,0.200,replay,0.959227,0.007669,10,1.827785,0.000000,0.476110,0.462632,,,57.219335,110.555556,0.517562,0.000000
policy3,Policy 3,2,0.200,replay,0.959227,0.007669,10,1.827785,0.000000,0.476110,0.462632,,,57.214490,110.555556,0.517518,0.000000
kubernetes-default,K8s default,3,0.300,replay,0.994400,0.035371,10,1.827785,0.000000,0.476110,0.462632,,,64.900096,110.555556,0.587036,0.000000
cga,CGA,3,0.300,replay,0.994400,0.035371,10,1.827785,0.000000,0.476110,0.462632,,,60.149191,110.555556,0.544063,0.000000
hda,HDA,3,0.300,replay,0.994400,0.035371,10,1.827785,0.000000,0.476110,0.462632,,,59.103524,110.555556,0.534605,0.000000
policy2,Policy 2,3,0.300,replay,0.994400,0.035371,10,1.827785,0.000000,0.476110,0.462632,,,63.161103,110.555556,0.571306,0.000000
policy3,Policy 3,3,0.300,replay,0.994400,0.035371,10,1.827785,0.000000,0.476110,0.462632,,,57.905249,110.555556,0.523766,0.000000
kubernetes-default,K8s default,4,0.400,replay,0.962272,0.032309,10,1.827785,0.000000,0.476110,0.462632,,,62.821316,110.555556,0.568233,0.000000
cga,CGA,4,0.400,replay,0.962272,0.032309,10,1.827785,0.000000,0.476110,0.462632,,,57.792491,110.555556,0.522746,0.000000
hda,HDA,4,0.400,replay,0.962272,0.032309,10,1.827785,0.000000,0.476110,0.462632,,,52.771044,110.555556,0.477326,0.000000
policy2,Policy 2,4,0.400,replay,0.962272,0.032309,10,1.827785,0.000000,0.476110,0.462632,,,61.179606,110.555556,0.553383,0.000000
policy3,Policy 3,4,0.400,replay,0.962272,0.032309,10,1.827785,0.000000,0.476110,0.462632,,,64.458132,110.555556,0.583038,0.000000
kubernetes-default,K8s default,5,0.500,replay,0.936001,0.204857,8,1.827785,0.500000,0.399782,0.056411,,,85.364353,123.555556,0.690899,0.000000
cga,CGA,5,0.500,replay,0.936001,0.204857,8,1.827785,0.500000,0.399782,0.056411,,,78.287659,123.555556,0.633623,0.000000
hda,HDA,5,0.500,replay,0.936001,0.204857,8,1.827785,0.500000,0.399782,0.056411,,,69.961756,123.555556,0.566237,0.000000
policy2,Policy 2,5,0.500,replay,0.936001,0.204857,8,1.827785,0.500000,0.399782,0.056411,,,77.789305,123.555556,0.629590,0.000000
policy3,Policy 3,5,0.500,replay,0.936001,0.204857,8,1.827785,0.500000,0.399782,0.056411,,,72.192179,123.555556,0.584289,0.000000
kubernetes-default,K8s default,6,0.600,replay,0.987747,0.225365,10,1.827785,0.500000,0.476110,0.462632,,,74.342612,110.555556,0.672446,0.000000
cga,CGA,6,0.600,replay,0.987747,0.225365,10,1.827785,0.500000,0.476110,0.462632,,,66.147714,110.555556,0.598321,0.000000
hda,HDA,6,0.600,replay,0.987747,0.225365,10,1.827785,0.500000,0.476110,0.462632,,,70.492184,110.555556,0.637618,0.000000
policy2,Policy 2,6,0.600,replay,0.987747,0.225365,10,1.827785,0.500000,0.476110,0.462632,,,71.735771,110.555556,0.648866,0.000000
policy3,Policy 3,6,0.600,replay,0.987747,0.225365,10,1.827785,0.500000,0.476110,0.462632,,,66.718141,110.555556,0.603481,0.000000
kubernetes-default,K8s default,7,0.700,replay,0.930631,0.071020,9,1.827785,0.000000,0.439619,0.293469,,,69.485453,110.555556,0.628512,0.000000
cga,CGA,7,0.700,replay,0.930631,0.071020,9,1.827785,0.000000,0.439619,0.293469,,,61.718764,110.555556,0.558260,0.000000
hda,HDA,7,0.700,replay,0.930631,0.071020,9,1.827785,0.000000,0.439619,0.293469,,,59.066750,110.555556,0.534272,0.000000
policy2,Policy 2,7,0.700,replay,0.930631,0.071020,9,1.827785,0.000000,0.439619,0.293469,,,61.262783,110.555556,0.554136,0.000000
policy3,Policy 3,7,0.700,replay,0.930631,0.071020,9,1.827785,0.000000,0.439619,0.293469,,,60.262276,110.555556,0.545086,0.000000
kubernetes-default,K8s default,8,0.800,replay,1.027413,0.584363,10,1.827785,0.800000,0.372545,0.421327,,,78.867636,100.805556,0.782374,0.000000
cga,CGA,8,0.800,replay,1.027413,0.584363,10,1.827785,0.800000,0.372545,0.421327,,,77.977114,100.805556,0.773540,0.000000
hda,HDA,8,0.800,replay,1.027413,0.584363,10,1.827785,0.800000,0.372545,0.421327,,,74.995672,100.805556,0.743964,0.000000
policy2,Policy 2,8,0.800,replay,1.027413,0.584363,10,1.827785,0.800000,0.372545,0.421327,,,74.861775,100.805556,0.742635,0.000000
policy3,Policy 3,8,0.800,replay,1.027413,0.584363,10,1.827785,0.800000,0.372545,0.421327,,,69.135737,100.805556,0.685833,0.000000
kubernetes-default,K8s default,9,0.900,replay,1.000329,0.026361,10,1.827785,0.000000,0.372545,0.421327,,,54.020027,100.805556,0.535883,0.000000
cga,CGA,9,0.900,replay,1.000329,0.026361,10,1.827785,0.000000,0.372545,0.421327,,,50.276427,100.805556,0.498747,0.000000
hda,HDA,9,0.900,replay,1.000329,0.026361,10,1.827785,0.000000,0.372545,0.421327,,,51.650326,100.805556,0.512376,0.000000
policy2,Policy 2,9,0.900,replay,1.000329,0.026361,10,1.827785,0.000000,0.372545,0.421327,,,55.004110,100.805556,0.545646,0.000000
policy3,Policy 3,9,0.900,replay,1.000329,0.026361,10,1.827785,0.000000,0.372545,0.421327,,,48.253946,100.805556,0.478683,0.000000
kubernetes-default,K8s default,10,1.000,replay,0.936932,0.063376,10,1.827785,0.000000,0.372545,0.421327,,,58.504153,100.805556,0.580366,0.000000
cga,CGA,10,1.000,replay,0.936932,0.063376,10,1.827785,0.000000,0.372545,0.421327,,,46.624278,100.805556,0.462517,0.000000
hda,HDA,10,1.000,replay,0.936932,0.063376,10,1.827785,0.000000,0.372545,0.421327,,,49.676908,100.805556,0.492799,0.000000
policy2,Policy 2,10,1.000,replay,0.936932,0.063376,10,1.827785,0.000000,0.372545,0.421327,,,50.112180,100.805556,0.497117,0.000000
policy3,Policy 3,10,1.000,replay,0.936932,0.063376,10,1.827785,0.000000,0.372545,0.421327,,,48.522198,100.805556,0.481344,0.000000
kubernetes-default,K8s default,11,1.100,replay,0.953046,0.016907,10,1.827785,0.000000,0.372545,0.421327,,,54.655629,100.805556,0.542189,0.000000
cga,CGA,11,1.100,replay,0.953046,0.016907,10,1.827785,0.000000,0.372545,0.421327,,,50.007546,100.805556,0.496079,0.000000
hda,HDA,11,1.100,replay,0.953046,0.016907,10,1.827785,0.000000,0.372545,0.421327,,,51.348791,100.805556,0.509385,0.000000
policy2,Policy 2,11,1.100,replay,0.953046,0.016907,10,1.827785,0.000000,0.372545,0.421327,,,49.368708,100.805556,0.489742,0.000000
policy3,Policy 3,11,1.100,replay,0.953046,0.016907,10,1.827785,0.000000,0.372545,0.421327,,,48.223556,100.805556,0.478382,0.000000
kubernetes-default,K8s default,12,1.200,replay,1.032153,0.076643,10,1.827785,0.000000,0.372545,0.421327,,,61.669798,100.805556,0.611770,0.000000
cga,CGA,12,1.200,replay,1.032153,0.076643,10,1.827785,0.000000,0.372545,0.421327,,,54.313369,100.805556,0.538793,0.000000
hda,HDA,12,1.200,replay,1.032153,0.076643,10,1.827785,0.000000,0.372545,0.421327,,,51.327407,100.805556,0.509172,0.000000
policy2,Policy 2,12,1.200,replay,1.032153,0.076643,10,1.827785,0.000000,0.372545,0.421327,,,51.773092,100.805556,0.513594,0.000000
policy3,Policy 3,12,1.200,replay,1.032153,0.076643,10,1.827785,0.000000,0.372545,0.421327,,,55.311123,100.805556,0.548691,0.000000
kubernetes-default,K8s default,13,1.300,replay,1.015852,0.015793,10,1.827785,0.000000,0.372545,0.421327,,,49.779198,100.805556,0.493814,0.000000
cga,CGA,13,1.300,replay,1.015852,0.015793,10,1.827785,0.000000,0.372545,0.421327,,,52.131399,100.805556,0.517148,0.000000
hda,HDA,13,1.300,replay,1.015852,0.015793,10,1.827785,0.000000,0.372545,0.421327,,,48.491295,100.805556,0.481038,0.000000
policy2,Policy 2,13,1.300,replay,1.015852,0.015793,10,1.827785,0.000000,0.372545,0.421327,,,46.801259,100.805556,0.464273,0.000000
policy3,Policy 3,13,1.300,replay,1.015852,0.015793,10,1.827785,0.000000,0.372545,0.421327,,,52.379894,100.805556,0.519613,0.000000
kubernetes-default,K8s default,14,1.400,replay,1.000983,0.014637,10,1.827785,0.000000,0.372545,0.421327,,,52.226391,100.805556,0.518090,0.000000
cga,CGA,14,1.400,replay,1.000983,0.014637,10,1.827785,0.000000,0.372545,0.421327,,,52.081459,100.805556,0.516653,0.000000
hda,HDA,14,1.400,replay,1.000983,0.014637,10,1.827785,0.000000,0.372545,0.421327,,,54.666230,100.805556,0.542294,0.000000
policy2,Policy 2,14,1.400,replay,1.000983,0.014637,10,1.827785,0.000000,0.372545,0.421327,,,51.754737,100.805556,0.513412,0.000000
policy3,Policy 3,14,1.400,replay,1.000983,0.014637,10,1.827785,0.000000,0.372545,0.421327,,,46.321237,100.805556,0.459511,0.000000
kubernetes-default,K8s default,15,1.500,replay,0.981334,0.568439,9,1.827785,0.800000,0.292442,-0.562739,,,116.367421,146.305556,0.795373,0.000000
cga,CGA,15,1.500,replay,0.981334,0.568439,9,1.827785,0.800000,0.292442,-0.562739,,,113.853243,146.305556,0.778188,0.000000
hda,HDA,15,1.500,replay,0.981334,0.568439,9,1.827785,0.800000,0.292442,-0.562739,,,110.629606,146.305556,0.756155,0.000000
policy2,Policy 2,15,1.500,replay,0.981334,0.568439,9,1.827785,0.800000,0.292442,-0.562739,,,106.170993,146.305556,0.725680,0.000000
policy3,Policy 3,15,1.500,replay,0.981334,0.568439,9,1.827785,0.800000,0.292442,-0.562739,,,113.301882,146.305556,0.774420,0.000000
kubernetes-default,K8s default,16,1.600,replay,1.024260,0.041909,9,1.827785,0.000000,0.292442,-0.562739,,,100.281825,146.305556,0.685427,0.000000
cga,CGA,16,1.600,replay,1.024260,0.041909,9,1.827785,0.000000,0.292442,-0.562739,,,97.581385,146.305556,0.666970,0.000000
hda,HDA,16,1.600,replay,1.024260,0.041909,9,1.827785,0.000000,0.292442,-0.562739,,,89.531692,146.305556,0.611950,0.000000
policy2,Policy 2,16,1.600,replay,1.024260,0.041909,9,1.827785,0.000000,0.292442,-0.562739,,,93.127802,146.305556,0.636529,0.000000
policy3,Policy 3,16,1.600,replay,1.024260,0.041909,9,1.827785,0.000000,0.292442,-0.562739,,,92.068430,146.305556,0.629289,0.000000
kubernetes-default,K8s default,17,1.700,replay,1.022211,0.002000,9,1.827785,0.000000,0.292442,-0.562739,,,95.031549,146.305556,0.649542,0.000000
cga,CGA,17,1.700,replay,1.022211,0.002000,9,1.827785,0.000000,0.292442,-0.562739,,,92.140669,146.305556,0.629782,0.000000
hda,HDA,17,1.700,replay,1.022211,0.002000,9,1.827785,0.000000,0.292442,-0.562739,,,84.977310,146.305556,0.580821,0.000000
policy2,Policy 2,17,1.700,replay,1.022211,0.002000,9,1.827785,0.000000,0.292442,-0.562739,,,89.300037,146.305556,0.610367,0.000000
policy3,Policy 3,17,1.700,replay,1.022211,0.002000,9,1.827785,0.000000,0.292442,-0.562739,,,85.368533,146.305556,0.583495,0.000000
kubernetes-default,K8s default,18,1.800,replay,0.953069,0.067639,9,1.827785,0.000000,0.292442,-0.562739,,,95.129156,146.305556,0.650209,0.000000
cga,CGA,18,1.800,replay,0.953069,0.067639,9,1.827785,0.000000,0.292442,-0.562739,,,87.748603,146.305556,0.599763,0.000000
hda,HDA,18,1.800,replay,0.953069,0.067639,9,1.827785,0.000000,0.292442,-0.562739,,,82.857599,146.305556,0.566333,0.000000
policy2,Policy 2,18,1.800,replay,0.953069,0.067639,9,1.827785,0.000000,0.292442,-0.562739,,,89.353849,146.305556,0.610734,0.000000
policy3,Policy 3,18,1.800,replay,0.953069,0.067639,9,1.827785,0.000000,0.292442,-0.562739,,,85.537347,146.305556,0.584649,0.000000
kubernetes-default,K8s default,19,1.900,replay,1.023831,0.352956,9,1.827785,0.500000,0.431086,0.303449,,,83.856713,113.805556,0.736842,0.000000
cga,CGA,19,1.900,replay,1.023831,0.352956,9,1.827785,0.500000,0.431086,0.303449,,,79.525273,113.805556,0.698782,0.000000
hda,HDA,19,1.900,replay,1.023831,0.352956,9,1.827785,0.500000,0.431086,0.303449,,,75.216440,113.805556,0.660921,0.000000
policy2,Policy 2,19,1.900,replay,1.023831,0.352956,9,1.827785,0.500000,0.431086,0.303449,,,77.019704,113.805556,0.676766,0.000000
policy3,Policy 3,19,1.900,replay,1.023831,0.352956,9,1.827785,0.500000,0.431086,0.303449,,,73.031219,113.805556,0.641719,0.000000
kubernetes-default,K8s default,20,2.000,replay,0.975065,0.047631,9,1.827785,0.000000,0.431086,0.303449,,,68.916136,113.805556,0.605560,0.000000
cga,CGA,20,2.000,replay,0.975065,0.047631,9,1.827785,0.000000,0.431086,0.303449,,,63.205752,113.805556,0.555384,0.000000
hda,HDA,20,2.000,replay,0.975065,0.047631,9,1.827785,0.000000,0.431086,0.303449,,,67.422719,113.805556,0.592438,0.000000
policy2,Policy 2,20,2.000,replay,0.975065,0.047631,9,1.827785,0.000000,0.431086,0.303449,,,69.393494,113.805556,0.609755,0.000000
policy3,Policy 3,20,2.000,replay,0.975065,0.047631,9,1.827785,0.000000,0.431086,0.303449,,,60.145125,113.805556,0.528490,0.000000
kubernetes-default,K8s default,21,2.100,replay,1.027101,0.425348,9,1.827785,0.500000,0.292442,-0.562739,,,121.418464,146.305556,0.829896,0.000000
cga,CGA,21,2.100,replay,1.027101,0.425348,9,1.827785,0.500000,0.292442,-0.562739,,,109.551803,146.305556,0.748788,0.000000
hda,HDA,21,2.100,replay,1.027101,0.425348,9,1.827785,0.500000,0.292442,-0.562739,,,104.404999,146.305556,0.713609,0.000000
policy2,Policy 2,21,2.100,replay,1.027101,0.425348,9,1.827785,0.500000,0.292442,-0.562739,,,106.066281,146.305556,0.724964,0.000000
policy3,Policy 3,21,2.100,replay,1.027101,0.425348,9,1.827785,0.500000,0.292442,-0.562739,,,101.289431,146.305556,0.692314,0.000000
kubernetes-default,K8s default,22,2.200,replay,0.955386,0.069823,9,1.827785,0.000000,0.292442,-0.562739,,,94.761444,146.305556,0.647695,0.000000
cga,CGA,22,2.200,replay,0.955386,0.069823,9,1.827785,0.000000,0.292442,-0.562739,,,88.425244,146.305556,0.604387,0.000000
hda,HDA,22,2.200,replay,0.955386,0.069823,9,1.827785,0.000000,0.292442,-0.562739,,,85.626320,146.305556,0.585257,0.000000
policy2,Policy 2,22,2.200,replay,0.955386,0.069823,9,1.827785,0.000000,0.292442,-0.562739,,,92.099921,146.305556,0.629504,0.000000
policy3,Policy 3,22,2.200,replay,0.955386,0.069823,9,1.827785,0.000000,0.292442,-0.562739,,,85.851600,146.305556,0.586797,0.000000
kubernetes-default,K8s default,23,2.300,replay,1.032738,0.074901,9,1.827785,0.000000,0.292442,-0.562739,,,103.944414,146.305556,0.710461,0.000000
cga,CGA,23,2.300,replay,1.032738,0.074901,9,1.827785,0.000000,0.292442,-0.562739,,,95.572071,146.305556,0.653236,0.000000
hda,HDA,23,2.300,replay,1.032738,0.074901,9,1.827785,0.000000,0.292442,-0.562739,,,90.261543,146.305556,0.616939,0.000000
policy2,Policy 2,23,2.300,replay,1.032738,0.074901,9,1.827785,0.000000,0.292442,-0.562739,,,91.776136,146.305556,0.627291,0.000000
policy3,Policy 3,23,2.300,replay,1.032738,0.074901,9,1.827785,0.000000,0.292442,-0.562739,,,91.665159,146.305556,0.626532,0.000000
kubernetes-default,K8s default,24,2.400,replay,0.973197,0.057653,9,1.827785,0.000000,0.292442,-0.562739,,,93.757348,146.305556,0.640832,0.000000
cga,CGA,24,2.400,replay,0.973197,0.057653,9,1.827785,0.000000,0.292442,-0.562739,,,90.431749,146.305556,0.618102,0.000000
hda,HDA,24,2.400,replay,0.973197,0.057653,9,1.827785,0.000000,0.292442,-0.562739,,,83.469915,146.305556,0.570518,0.000000
policy2,Policy 2,24,2.400,replay,0.973197,0.057653,9,1.827785,0.000000,0.292442,-0.562739,,,88.521106,146.305556,0.605043,0.000000
policy3,Policy 3,24,2.400,replay,0.973197,0.057653,9,1.827785,0.000000,0.292442,-0.562739,,,88.310733,146.305556,0.603605,0.000000
kubernetes-default,K8s default,25,2.500,replay,1.045439,0.069101,9,1.827785,0.000000,0.292442,-0.562739,,,101.075559,146.305556,0.690852,0.000000
cga,CGA,25,2.500,replay,1.045439,0.069101,9,1.827785,0.000000,0.292442,-0.562739,,,89.409849,146.305556,0.611117,0.000000
hda,HDA,25,2.500,replay,1.045439,0.069101,9,1.827785,0.000000,0.292442,-0.562739,,,89.643428,146.305556,0.612714,0.000000
policy2,Policy 2,25,2.500,replay,1.045439,0.069101,9,1.827785,0.000000,0.292442,-0.562739,,,89.786464,146.305556,0.613691,0.000000
policy3,Policy 3,25,2.500,replay,1.045439,0.069101,9,1.827785,0.000000,0.292442,-0.562739,,,92.072331,146.305556,0.629315,0.000000
kubernetes-default,K8s default,26,2.600,replay,1.053832,0.007965,9,1.827785,0.000000,0.292442,-0.562739,,,90.157493,146.305556,0.616227,0.000000
cga,CGA,26,2.600,replay,1.053832,0.007965,9,1.827785,0.000000,0.292442,-0.562739,,,89.944082,146.305556,0.614769,0.000000
hda,HDA,26,2.600,replay,1.053832,0.007965,9,1.827785,0.000000,0.292442,-0.562739,,,91.154380,146.305556,0.623041,0.000000
policy2,Policy 2,26,2.600,replay,1.053832,0.007965,9,1.827785,0.000000,0.292442,-0.562739,,,89.407664,146.305556,0.611102,0.000000
policy3,Policy 3,26,2.600,replay,1.053832,0.007965,9,1.827785,0.000000,0.292442,-0.562739,,,90.734921,146.305556,0.620174,0.000000
kubernetes-default,K8s default,27,2.700,replay,1.010776,0.040857,9,1.827785,0.000000,0.292442,-0.562739,,,95.147122,146.305556,0.650332,0.000000
cga,CGA,27,2.700,replay,1.010776,0.040857,9,1.827785,0.000000,0.292442,-0.562739,,,86.937585,146.305556,0.594219,0.000000
hda,HDA,27,2.700,replay,1.010776,0.040857,9,1.827785,0.000000,0.292442,-0.562739,,,89.894122,146.305556,0.614427,0.000000
policy2,Policy 2,27,2.700,replay,1.010776,0.040857,9,1.827785,0.000000,0.292442,-0.562739,,,92.139929,146.305556,0.629777,0.000000
policy3,Policy 3,27,2.700,replay,1.010776,0.040857,9,1.827785,0.000000,0.292442,-0.562739,,,86.443364,146.305556,0.590841,0.000000
kubernetes-default,K8s default,28,2.800,replay,0.981461,0.029002,9,1.827785,0.000000,0.292442,-0.562739,,,92.613250,146.305556,0.633013,0.000000
cga,CGA,28,2.800,replay,0.981461,0.029002,9,1.827785,0.000000,0.292442,-0.562739,,,93.769000,146.305556,0.640912,0.000000
hda,HDA,28,2.800,replay,0.981461,0.029002,9,1.827785,0.000000,0.292442,-0.562739,,,88.887150,146.305556,0.607545,0.000000
policy2,Policy 2,28,2.800,replay,0.981461,0.029002,9,1.827785,0.000000,0.292442,-0.562739,,,83.594897,146.305556,0.571372,0.000000
policy3,Policy 3,28,2.800,replay,0.981461,0.029002,9,1.827785,0.000000,0.292442,-0.562739,,,87.825822,146.305556,0.600290,0.000000
kubernetes-default,K8s default,29,2.900,replay,0.987926,0.006544,9,1.827785,0.000000,0.292442,-0.562739,,,95.648378,146.305556,0.653758,0.000000
cga,CGA,29,2.900,replay,0.987926,0.006544,9,1.827785,0.000000,0.292442,-0.562739,,,86.866900,146.305556,0.593736,0.000000
hda,HDA,29,2.900,replay,0.987926,0.006544,9,1.827785,0.000000,0.292442,-0.562739,,,86.775491,146.305556,0.593111,0.000000
policy2,Policy 2,29,2.900,replay,0.987926,0.006544,9,1.827785,0.000000,0.292442,-0.562739,,,91.518661,146.305556,0.625531,0.000000
policy3,Policy 3,29,2.900,replay,0.987926,0.006544,9,1.827785,0.000000,0.292442,-0.562739,,,86.134957,146.305556,0.588733,0.000000
kubernetes-default,K8s default,30,3.000,replay,1.051203,0.060195,9,1.827785,0.000000,0.292442,-0.562739,,,95.719752,146.305556,0.654246,0.000000
cga,CGA,30,3.000,replay,1.051203,0.060195,9,1.827785,0.000000,0.292442,-0.562739,,,91.427210,146.305556,0.624906,0.000000
hda,HDA,30,3.000,replay,1.051203,0.060195,9,1.827785,0.000000,0.292442,-0.562739,,,92.609297,146.305556,0.632986,0.000000
policy2,Policy 2,30,3.000,replay,1.051203,0.060195,9,1.827785,0.000000,0.292442,-0.562739,,,92.092495,146.305556,0.629453,0.000000
policy3,Policy 3,30,3.000,replay,1.051203,0.060195,9,1.827785,0.000000,0.292442,-0.562739,,,93.907597,146.305556,0.641859,0.000000
kubernetes-default,K8s default,31,3.100,replay,1.031798,0.388479,9,1.827785,0.000000,0.192071,-1.153022,,,149.179493,198.305556,0.752271,0.000000
cga,CGA,31,3.100,replay,1.031798,0.388479,9,1.827785,0.000000,0.192071,-1.153022,,,139.179266,198.305556,0.701842,0.000000
hda,HDA,31,3.100,replay,1.031798,0.388479,9,1.827785,0.000000,0.192071,-1.153022,,,132.541124,198.305556,0.668368,0.000000
policy2,Policy 2,31,3.100,replay,1.031798,0.388479,9,1.827785,0.000000,0.192071,-1.153022,,,138.162835,198.305556,0.696717,0.000000
policy3,Policy 3,31,3.100,replay,1.031798,0.388479,9,1.827785,0.000000,0.192071,-1.153022,,,132.468585,198.305556,0.668002,0.000000
kubernetes-default,K8s default,32,3.200,replay,1.040902,0.008747,9,1.827785,0.000000,0.192071,-1.153022,,,131.111048,198.305556,0.661157,0.000000
cga,CGA,32,3.200,replay,1.040902,0.008747,9,1.827785,0.000000,0.192071,-1.153022,,,124.507503,198.305556,0.627857,0.000000
hda,HDA,32,3.200,replay,1.040902,0.008747,9,1.827785,0.000000,0.192071,-1.153022,,,122.107341,198.305556,0.615754,0.000000
policy2,Policy 2,32,3.200,replay,1.040902,0.008747,9,1.827785,0.000000,0.192071,-1.153022,,,120.861744,198.305556,0.609472,0.000000
policy3,Policy 3,32,3.200,replay,1.040902,0.008747,9,1.827785,0.000000,0.192071,-1.153022,,,119.724664,198.305556,0.603738,0.000000
kubernetes-default,K8s default,33,3.300,replay,1.048595,0.007336,9,1.827785,0.000000,0.192071,-1.153022,,,135.970316,198.305556,0.685661,0.000000
cga,CGA,33,3.300,replay,1.048595,0.007336,9,1.827785,0.000000,0.192071,-1.153022,,,122.162882,198.305556,0.616034,0.000000
hda,HDA,33,3.300,replay,1.048595,0.007336,9,1.827785,0.000000,0.192071,-1.153022,,,115.698698,198.305556,0.583436,0.000000
policy2,Policy 2,33,3.300,replay,1.048595,0.007336,9,1.827785,0.000000,0.192071,-1.153022,,,119.018924,198.305556,0.600179,0.000000
policy3,Policy 3,33,3.300,replay,1.048595,0.007336,9,1.827785,0.000000,0.192071,-1.153022,,,117.265925,198.305556,0.591340,0.000000
kubernetes-default,K8s default,34,3.400,replay,0.994874,0.051231,9,1.827785,0.000000,0.192071,-1.153022,,,132.645297,198.305556,0.668894,0.000000
cga,CGA,34,3.400,replay,0.994874,0.051231,9,1.827785,0.000000,0.192071,-1.153022,,,126.301151,198.305556,0.636902,0.000000
hda,HDA,34,3.400,replay,0.994874,0.051231,9,1.827785,0.000000,0.192071,-1.153022,,,118.720853,198.305556,0.598676,0.000000
policy2,Policy 2,34,3.400,replay,0.994874,0.051231,9,1.827785,0.000000,0.192071,-1.153022,,,121.500411,198.305556,0.612693,0.000000
policy3,Policy 3,34,3.400,replay,0.994874,0.051231,9,1.827785,0.000000,0.192071,-1.153022,,,118.539497,198.305556,0.597762,0.000000
kubernetes-default,K8s default,35,3.500,replay,1.033795,0.461689,10,1.827785,0.500000,0.476110,0.462632,,,83.882418,110.555556,0.758735,0.000000
cga,CGA,35,3.500,replay,1.033795,0.461689,10,1.827785,0.500000,0.476110,0.462632,,,80.961916,110.555556,0.732319,0.000000
hda,HDA,35,3.500,replay,1.033795,0.461689,10,1.827785,0.500000,0.476110,0.462632,,,81.341828,110.555556,0.735755,0.000000
policy2,Policy 2,35,3.500,replay,1.033795,0.461689,10,1.827785,0.500000,0.476110,0.462632,,,75.335253,110.555556,0.681424,0.000000
policy3,Policy 3,35,3.500,replay,1.033795,0.461689,10,1.827785,0.500000,0.476110,0.462632,,,76.503181,110.555556,0.691989,0.000000
kubernetes-default,K8s default,36,3.600,replay,0.977292,0.054656,10,1.827785,0.000000,0.476110,0.462632,,,66.628030,110.555556,0.602666,0.000000
cga,CGA,36,3.600,replay,0.977292,0.054656,10,1.827785,0.000000,0.476110,0.462632,,,64.045782,110.555556,0.579309,0.000000
hda,HDA,36,3.600,replay,0.977292,0.054656,10,1.827785,0.000000,0.476110,0.462632,,,63.396626,110.555556,0.573437,0.000000
policy2,Policy 2,36,3.600,replay,0.977292,0.054656,10,1.827785,0.000000,0.476110,0.462632,,,57.501677,110.555556,0.520116,0.000000
policy3,Policy 3,36,3.600,replay,0.977292,0.054656,10,1.827785,0.000000,0.476110,0.462632,,,65.645442,110.555556,0.593778,0.000000
kubernetes-default,K8s default,37,3.700,replay,1.025673,0.047170,10,1.827785,0.000000,0.476110,0.462632,,,66.694711,110.555556,0.603269,0.000000
cga,CGA,37,3.700,replay,1.025673,0.047170,10,1.827785,0.000000,0.476110,0.462632,,,66.691296,110.555556,0.603238,0.000000
hda,HDA,37,3.700,replay,1.025673,0.047170,10,1.827785,0.000000,0.476110,0.462632,,,63.769431,110.555556,0.576809,0.000000
policy2,Policy 2,37,3.700,replay,1.025673,0.047170,10,1.827785,0.000000,0.476110,0.462632,,,62.867497,110.555556,0.568651,0.000000
policy3,Policy 3,37,3.700,replay,1.025673,0.047170,10,1.827785,0.000000,0.476110,0.462632,,,56.186299,110.555556,0.508218,0.000000
kubernetes-default,K8s default,38,3.800,replay,1.027395,0.001676,10,1.827785,0.000000,0.476110,0.462632,,,62.631931,110.555556,0.566520,0.000000
cga,CGA,38,3.800,replay,1.027395,0.001676,10,1.827785,0.000000,0.476110,0.462632,,,61.870365,110.555556,0.559631,0.000000
hda,HDA,38,3.800,replay,1.027395,0.001676,10,1.827785,0.000000,0.476110,0.462632,,,61.854236,110.555556,0.559486,0.000000
policy2,Policy 2,38,3.800,replay,1.027395,0.001676,10,1.827785,0.000000,0.476110,0.462632,,,60.043181,110.555556,0.543104,0.000000
policy3,Policy 3,38,3.800,replay,1.027395,0.001676,10,1.827785,0.000000,0.476110,0.462632,,,65.212038,110.555556,0.589858,0.000000
kubernetes-default,K8s default,39,3.900,replay,0.976634,0.306043,9,1.827785,0.000000,0.431086,0.303449,,,82.122186,113.805556,0.721601,0.000000
cga,CGA,39,3.900,replay,0.976634,0.306043,9,1.827785,0.000000,0.431086,0.303449,,,74.454844,113.805556,0.654229,0.000000
hda,HDA,39,3.900,replay,0.976634,0.306043,9,1.827785,0.000000,0.431086,0.303449,,,69.539841,113.805556,0.611041,0.000000
policy2,Policy 2,39,3.900,replay,0.976634,0.306043,9,1.827785,0.000000,0.431086,0.303449,,,77.505840,113.805556,0.681037,0.000000
policy3,Policy 3,39,3.900,replay,0.976634,0.306043,9,1.827785,0.000000,0.431086,0.303449,,,69.496571,113.805556,0.610661,0.000000
kubernetes-default,K8s default,40,4.000,replay,1.027975,0.533558,9,1.827785,0.500000,0.344651,-0.533412,,,142.884208,172.305556,0.829249,0.000000
cga,CGA,40,4.000,replay,1.027975,0.533558,9,1.827785,0.500000,0.344651,-0.533412,,,129.387902,172.305556,0.750921,0.000000
hda,HDA,40,4.000,replay,1.027975,0.533558,9,1.827785,0.500000,0.344651,-0.533412,,,126.296388,172.305556,0.732979,0.000000
policy2,Policy 2,40,4.000,replay,1.027975,0.533558,9,1.827785,0.500000,0.344651,-0.533412,,,128.442380,172.305556,0.745434,0.000000
policy3,Policy 3,40,4.000,replay,1.027975,0.533558,9,1.827785,0.500000,0.344651,-0.533412,,,124.935426,172.305556,0.725081,0.000000
kubernetes-default,K8s default,41,4.100,replay,1.041198,0.434243,9,1.827785,0.500000,0.443642,0.263965,,,94.203298,123.555556,0.762437,0.000000
cga,CGA,41,4.100,replay,1.041198,0.434243,9,1.827785,0.500000,0.443642,0.263965,,,86.575622,123.555556,0.700702,0.000000
hda,HDA,41,4.100,replay,1.041198,0.434243,9,1.827785,0.500000,0.443642,0.263965,,,82.067739,123.555556,0.664217,0.000000
policy2,Policy 2,41,4.100,replay,1.041198,0.434243,9,1.827785,0.500000,0.443642,0.263965,,,81.667410,123.555556,0.660977,0.000000
policy3,Policy 3,41,4.100,replay,1.041198,0.434243,9,1.827785,0.500000,0.443642,0.263965,,,82.417699,123.555556,0.667050,0.000000
kubernetes-default,K8s default,42,4.200,replay,1.001702,0.037934,9,1.827785,0.000000,0.443642,0.263965,,,76.555571,123.555556,0.619604,0.000000
cga,CGA,42,4.200,replay,1.001702,0.037934,9,1.827785,0.000000,0.443642,0.263965,,,75.130404,123.555556,0.608070,0.000000
hda,HDA,42,4.200,replay,1.001702,0.037934,9,1.827785,0.000000,0.443642,0.263965,,,66.368431,123.555556,0.537155,0.000000
policy2,Policy 2,42,4.200,replay,1.001702,0.037934,9,1.827785,0.000000,0.443642,0.263965,,,73.588563,123.555556,0.595591,0.000000
policy3,Policy 3,42,4.200,replay,1.001702,0.037934,9,1.827785,0.000000,0.443642,0.263965,,,72.898117,123.555556,0.590003,0.000000
kubernetes-default,K8s default,43,4.300,replay,1.011956,0.010133,9,1.827785,0.000000,0.443642,0.263965,,,77.767451,123.555556,0.629413,0.000000
cga,CGA,43,4.300,replay,1.011956,0.010133,9,1.827785,0.000000,0.443642,0.263965,,,70.059541,123.555556,0.567029,0.000000
hda,HDA,43,4.300,replay,1.011956,0.010133,9,1.827785,0.000000,0.443642,0.263965,,,64.113994,123.555556,0.518908,0.000000
policy2,Policy 2,43,4.300,replay,1.011956,0.010133,9,1.827785,0.000000,0.443642,0.263965,,,70.804526,123.555556,0.573058,0.000000
policy3,Policy 3,43,4.300,replay,1.011956,0.010133,9,1.827785,0.000000,0.443642,0.263965,,,66.733044,123.555556,0.540106,0.000000
kubernetes-default,K8s default,44,4.400,replay,1.052202,0.038250,9,1.827785,0.000000,0.443642,0.263965,,,82.412826,123.555556,0.667010,0.000000
cga,CGA,44,4.400,replay,1.052202,0.038250,9,1.827785,0.000000,0.443642,0.263965,,,74.874081,123.555556,0.605995,0.000000
hda,HDA,44,4.400,replay,1.052202,0.038250,9,1.827785,0.000000,0.443642,0.263965,,,68.638976,123.555556,0.555531,0.000000
policy2,Policy 2,44,4.400,replay,1.052202,0.038250,9,1.827785,0.000000,0.443642,0.263965,,,69.634614,123.555556,0.563589,0.000000
policy3,Policy 3,44,4.400,replay,1.052202,0.038250,9,1.827785,0.000000,0.443642,0.263965,,,71.998143,123.555556,0.582719,0.000000
kubernetes-default,K8s default,45,4.500,replay,1.070787,0.450521,9,1.827785,0.500000,0.344651,-0.533412,,,134.666347,172.305556,0.781555,0.000000
cga,CGA,45,4.500,replay,1.070787,0.450521,9,1.827785,0.500000,0.344651,-0.533412,,,126.707204,172.305556,0.735363,0.000000
hda,HDA,45,4.500,replay,1.070787,0.450521,9,1.827785,0.500000,0.344651,-0.533412,,,125.795991,172.305556,0.730075,0.000000
policy2,Policy 2,45,4.500,replay,1.070787,0.450521,9,1.827785,0.500000,0.344651,-0.533412,,,127.999128,172.305556,0.742861,0.000000
policy3,Policy 3,45,4.500,replay,1.070787,0.450521,9,1.827785,0.500000,0.344651,-0.533412,,,127.746231,172.305556,0.741394,0.000000
kubernetes-default,K8s default,46,4.600,replay,0.995522,0.070290,9,1.827785,0.000000,0.344651,-0.533412,,,117.579694,172.305556,0.682391,0.000000
cga,CGA,46,4.600,replay,0.995522,0.070290,9,1.827785,0.000000,0.344651,-0.533412,,,112.689320,172.305556,0.654009,0.000000
hda,HDA,46,4.600,replay,0.995522,0.070290,9,1.827785,0.000000,0.344651,-0.533412,,,107.259344,172.305556,0.622495,0.000000
policy2,Policy 2,46,4.600,replay,0.995522,0.070290,9,1.827785,0.000000,0.344651,-0.533412,,,105.774076,172.305556,0.613875,0.000000
policy3,Policy 3,46,4.600,replay,0.995522,0.070290,9,1.827785,0.000000,0.344651,-0.533412,,,111.401431,172.305556,0.646534,0.000000
kubernetes-default,K8s default,47,4.700,replay,0.982407,0.013174,9,1.827785,0.000000,0.344651,-0.533412,,,114.885173,172.305556,0.666753,0.000000
cga,CGA,47,4.700,replay,0.982407,0.013174,9,1.827785,0.000000,0.344651,-0.533412,,,108.026039,172.305556,0.626945,0.000000
hda,HDA,47,4.700,replay,0.982407,0.013174,9,1.827785,0.000000,0.344651,-0.533412,,,99.752484,172.305556,0.578928,0.000000
policy2,Policy 2,47,4.700,replay,0.982407,0.013174,9,1.827785,0.000000,0.344651,-0.533412,,,103.499925,172.305556,0.600677,0.000000
policy3,Policy 3,47,4.700,replay,0.982407,0.013174,9,1.827785,0.000000,0.344651,-0.533412,,,105.623932,172.305556,0.613004,0.000000
kubernetes-default,K8s default,48,4.800,replay,1.050158,0.064515,9,1.827785,0.000000,0.344651,-0.533412,,,123.957198,172.305556,0.719403,0.000000
cga,CGA,48,4.800,replay,1.050158,0.064515,9,1.827785,0.000000,0.344651,-0.533412,,,113.579332,172.305556,0.659174,0.000000
hda,HDA,48,4.800,replay,1.050158,0.064515,9,1.827785,0.000000,0.344651,-0.533412,,,109.890027,172.305556,0.637763,0.000000
policy2,Policy 2,48,4.800,replay,1.050158,0.064515,9,1.827785,0.000000,0.344651,-0.533412,,,109.831371,172.305556,0.637422,0.000000
policy3,Policy 3,48,4.800,replay,1.050158,0.064515,9,1.827785,0.000000,0.344651,-0.533412,,,114.745053,172.305556,0.665939,0.000000
kubernetes-default,K8s default,49,4.900,replay,1.029644,0.019535,9,1.827785,0.000000,0.344651,-0.533412,,,118.571202,172.305556,0.688145,0.000000
cga,CGA,49,4.900,replay,1.029644,0.019535,9,1.827785,0.000000,0.344651,-0.533412,,,108.075321,172.305556,0.627231,0.000000
hda,HDA,49,4.900,replay,1.029644,0.019535,9,1.827785,0.000000,0.344651,-0.533412,,,105.768667,172.305556,0.613844,0.000000
policy2,Policy 2,49,4.900,replay,1.029644,0.019535,9,1.827785,0.000000,0.344651,-0.533412,,,107.462217,172.305556,0.623672,0.000000
policy3,Policy 3,49,4.900,replay,1.029644,0.019535,9,1.827785,0.000000,0.344651,-0.533412,,,103.430743,172.305556,0.600275,0.000000
kubernetes-default,K8s default,50,5.000,replay,0.992354,0.461068,9,1.827785,0.500000,0.443642,0.263965,,,97.681517,123.555556,0.790588,0.000000
cga,CGA,50,5.000,replay,0.992354,0.461068,9,1.827785,0.500000,0.443642,0.263965,,,90.408337,123.555556,0.731722,0.000000
hda,HDA,50,5.000,replay,0.992354,0.461068,9,1.827785,0.500000,0.443642,0.263965,,,87.653614,123.555556,0.709427,0.000000
policy2,Policy 2,50,5.000,replay,0.992354,0.461068,9,1.827785,0.500000,0.443642,0.263965,,,88.037410,123.555556,0.712533,0.000000
policy3,Policy 3,50,5.000,replay,0.992354,0.461068,9,1.827785,0.500000,0.443642,0.263965,,,83.661960,123.555556,0.677120,0.000000
kubernetes-default,K8s default,51,5.100,replay,1.080760,0.081800,9,1.827785,0.000000,0.443642,0.263965,,,82.052492,123.555556,0.664094,0.000000
cga,CGA,51,5.100,replay,1.080760,0.081800,9,1.827785,0.000000,0.443642,0.263965,,,74.911280,123.555556,0.606296,0.000000
hda,HDA,51,5.100,replay,1.080760,0.081800,9,1.827785,0.000000,0.443642,0.263965,,,71.559888,123.555556,0.579172,0.000000
policy2,Policy 2,51,5.100,replay,1.080760,0.081800,9,1.827785,0.000000,0.443642,0.263965,,,81.035095,123.555556,0.655860,0.000000
policy3,Policy 3,51,5.100,replay,1.080760,0.081800,9,1.827785,0.000000,0.443642,0.263965,,,69.529062,123.555556,0.562735,0.000000
kubernetes-default,K8s default,52,5.200,replay,1.007197,0.068067,9,1.827785,0.000000,0.443642,0.263965,,,78.729397,123.555556,0.637198,0.000000
cga,CGA,52,5.200,replay,1.007197,0.068067,9,1.827785,0.000000,0.443642,0.263965,,,71.250604,123.555556,0.576669,0.000000
hda,HDA,52,5.200,replay,1.007197,0.068067,9,1.827785,0.000000,0.443642,0.263965,,,67.137214,123.555556,0.543377,0.000000
policy2,Policy 2,52,5.200,replay,1.007197,0.068067,9,1.827785,0.000000,0.443642,0.263965,,,74.123706,123.555556,0.599922,0.000000
policy3,Policy 3,52,5.200,replay,1.007197,0.068067,9,1.827785,0.000000,0.443642,0.263965,,,65.860115,123.555556,0.533041,0.000000
kubernetes-default,K8s default,53,5.300,replay,1.048526,0.039417,9,1.827785,0.000000,0.443642,0.263965,,,81.976038,123.555556,0.663475,0.000000
cga,CGA,53,5.300,replay,1.048526,0.039417,9,1.827785,0.000000,0.443642,0.263965,,,72.319890,123.555556,0.585323,0.000000
hda,HDA,53,5.300,replay,1.048526,0.039417,9,1.827785,0.000000,0.443642,0.263965,,,67.645204,123.555556,0.547488,0.000000
policy2,Policy 2,53,5.300,replay,1.048526,0.039417,9,1.827785,0.000000,0.443642,0.263965,,,70.957012,123.555556,0.574292,0.000000
policy3,Policy 3,53,5.300,replay,1.048526,0.039417,9,1.827785,0.000000,0.443642,0.263965,,,73.350314,123.555556,0.593663,0.000000
kubernetes-default,K8s default,54,5.400,replay,1.005464,0.041069,9,1.827785,0.000000,0.443642,0.263965,,,82.364010,123.555556,0.666615,0.000000
cga,CGA,54,5.400,replay,1.005464,0.041069,9,1.827785,0.000000,0.443642,0.263965,,,76.700099,123.555556,0.620774,0.000000
hda,HDA,54,5.400,replay,1.005464,0.041069,9,1.827785,0.000000,0.443642,0.263965,,,67.761343,123.555556,0.548428,0.000000
policy2,Policy 2,54,5.400,replay,1.005464,0.041069,9,1.827785,0.000000,0.443642,0.263965,,,69.115309,123.555556,0.559386,0.000000
policy3,Policy 3,54,5.400,replay,1.005464,0.041069,9,1.827785,0.000000,0.443642,0.263965,,,70.401113,123.555556,0.569793,0.000000
kubernetes-default,K8s default,55,5.500,replay,1.082079,0.077798,9,1.827785,0.500000,0.431086,0.303449,,,74.424256,113.805556,0.653960,0.000000
cga,CGA,55,5.500,replay,1.082079,0.077798,9,1.827785,0.500000,0.431086,0.303449,,,66.940369,113.805556,0.588199,0.000000
hda,HDA,55,5.500,replay,1.082079,0.077798,9,1.827785,0.500000,0.431086,0.303449,,,70.373019,113.805556,0.618362,0.000000
policy2,Policy 2,55,5.500,replay,1.082079,0.077798,9,1.827785,0.500000,0.431086,0.303449,,,70.363182,113.805556,0.618275,0.000000
policy3,Policy 3,55,5.500,replay,1.082079,0.077798,9,1.827785,0.500000,0.431086,0.303449,,,68.483295,113.805556,0.601757,0.000000
kubernetes-default,K8s default,56,5.600,replay,1.033576,0.044824,9,1.827785,0.000000,0.431086,0.303449,,,72.737467,113.805556,0.639138,0.000000
cga,CGA,56,5.600,replay,1.033576,0.044824,9,1.827785,0.000000,0.431086,0.303449,,,64.103418,113.805556,0.563271,0.000000
hda,HDA,56,5.600,replay,1.033576,0.044824,9,1.827785,0.000000,0.431086,0.303449,,,65.364524,113.805556,0.574353,0.000000
policy2,Policy 2,56,5.600,replay,1.033576,0.044824,9,1.827785,0.000000,0.431086,0.303449,,,67.318396,113.805556,0.591521,0.000000
policy3,Policy 3,56,5.600,replay,1.033576,0.044824,9,1.827785,0.000000,0.431086,0.303449,,,62.631738,113.805556,0.550340,0.000000
kubernetes-default,K8s default,57,5.700,replay,1.011369,0.021486,9,1.827785,0.000000,0.431086,0.303449,,,74.655632,113.805556,0.655993,0.000000
cga,CGA,57,5.700,replay,1.011369,0.021486,9,1.827785,0.000000,0.431086,0.303449,,,65.508868,113.805556,0.575621,0.000000
hda,HDA,57,5.700,replay,1.011369,0.021486,9,1.827785,0.000000,0.431086,0.303449,,,64.117841,113.805556,0.563398,0.000000
policy2,Policy 2,57,5.700,replay,1.011369,0.021486,9,1.827785,0.000000,0.431086,0.303449,,,64.866259,113.805556,0.569974,0.000000
policy3,Policy 3,57,5.700,replay,1.011369,0.021486,9,1.827785,0.000000,0.431086,0.303449,,,58.118690,113.805556,0.510684,0.000000
kubernetes-default,K8s default,58,5.800,replay,1.069449,0.054308,9,1.827785,0.000000,0.431086,0.303449,,,73.977364,113.805556,0.650033,0.000000
cga,CGA,58,5.800,replay,1.069449,0.054308,9,1.827785,0.000000,0.431086,0.303449,,,68.112320,113.805556,0.598497,0.000000
hda,HDA,58,5.800,replay,1.069449,0.054308,9,1.827785,0.000000,0.431086,0.303449,,,63.491158,113.805556,0.557892,0.000000
policy2,Policy 2,58,5.800,replay,1.069449,0.054308,9,1.827785,0.000000,0.431086,0.303449,,,68.719743,113.805556,0.603835,0.000000
policy3,Policy 3,58,5.800,replay,1.069449,0.054308,9,1.827785,0.000000,0.431086,0.303449,,,64.916978,113.805556,0.570420,0.000000
kubernetes-default,K8s default,59,5.900,replay,1.018586,0.047560,9,1.827785,0.000000,0.431086,0.303449,,,73.828918,113.805556,0.648729,0.000000
cga,CGA,59,5.900,replay,1.018586,0.047560,9,1.827785,0.000000,0.431086,0.303449,,,69.906330,113.805556,0.614261,0.000000
hda,HDA,59,5.900,replay,1.018586,0.047560,9,1.827785,0.000000,0.431086,0.303449,,,60.479890,113.805556,0.531432,0.000000
policy2,Policy 2,59,5.900,replay,1.018586,0.047560,9,1.827785,0.000000,0.431086,0.303449,,,61.748462,113.805556,0.542579,0.000000
policy3,Policy 3,59,5.900,replay,1.018586,0.047560,9,1.827785,0.000000,0.431086,0.303449,,,66.597831,113.805556,0.585190,0.000000
kubernetes-default,K8s default,60,6.000,replay,1.001742,0.385216,9,1.827785,0.500000,0.292442,-0.562739,,,114.328849,146.305556,0.781439,0.000000
cga,CGA,60,6.000,replay,1.001742,0.385216,9,1.827785,0.500000,0.292442,-0.562739,,,106.928757,146.305556,0.730859,0.000000
hda,HDA,60,6.000,replay,1.001742,0.385216,9,1.827785,0.500000,0.292442,-0.562739,,,101.071162,146.305556,0.690822,0.000000
policy2,Policy 2,60,6.000,replay,1.001742,0.385216,9,1.827785,0.500000,0.292442,-0.562739,,,98.332030,146.305556,0.672100,0.000000
policy3,Policy 3,60,6.000,replay,1.001742,0.385216,9,1.827785,0.500000,0.292442,-0.562739,,,100.382741,146.305556,0.686117,0.000000
kubernetes-default,K8s default,61,6.100,replay,1.029069,0.026555,9,1.827785,0.000000,0.292442,-0.562739,,,95.404206,146.305556,0.652089,0.000000
cga,CGA,61,6.100,replay,1.029069,0.026555,9,1.827785,0.000000,0.292442,-0.562739,,,91.232324,146.305556,0.623574,0.000000
hda,HDA,61,6.100,replay,1.029069,0.026555,9,1.827785,0.000000,0.292442,-0.562739,,,92.225107,146.305556,0.630360,0.000000
policy2,Policy 2,61,6.100,replay,1.029069,0.026555,9,1.827785,0.000000,0.292442,-0.562739,,,85.792549,146.305556,0.586393,0.000000
policy3,Policy 3,61,6.100,replay,1.029069,0.026555,9,1.827785,0.000000,0.292442,-0.562739,,,87.563451,146.305556,0.598497,0.000000
kubernetes-default,K8s default,62,6.200,replay,1.082707,0.278635,9,1.827785,0.000000,0.443642,0.263965,,,91.453237,123.555556,0.740179,0.000000
cga,CGA,62,6.200,replay,1.082707,0.278635,9,1.827785,0.000000,0.443642,0.263965,,,86.060370,123.555556,0.696532,0.000000
hda,HDA,62,6.200,replay,1.082707,0.278635,9,1.827785,0.000000,0.443642,0.263965,,,82.288769,123.555556,0.666006,0.000000
policy2,Policy 2,62,6.200,replay,1.082707,0.278635,9,1.827785,0.000000,0.443642,0.263965,,,79.045171,123.555556,0.639754,0.000000
policy3,Policy 3,62,6.200,replay,1.082707,0.278635,9,1.827785,0.000000,0.443642,0.263965,,,84.193041,123.555556,0.681418,0.000000
kubernetes-default,K8s default,63,6.300,replay,1.003960,0.072732,9,1.827785,0.000000,0.443642,0.263965,,,81.171728,123.555556,0.656965,0.000000
cga,CGA,63,6.300,replay,1.003960,0.072732,9,1.827785,0.000000,0.443642,0.263965,,,69.288190,123.555556,0.560786,0.000000
hda,HDA,63,6.300,replay,1.003960,0.072732,9,1.827785,0.000000,0.443642,0.263965,,,66.940752,123.555556,0.541787,0.000000
policy2,Policy 2,63,6.300,replay,1.003960,0.072732,9,1.827785,0.000000,0.443642,0.263965,,,71.757896,123.555556,0.580774,0.000000
policy3,Policy 3,63,6.300,replay,1.003960,0.072732,9,1.827785,0.000000,0.443642,0.263965,,,75.045311,123.555556,0.607381,0.000000
kubernetes-default,K8s default,64,6.400,replay,1.069936,0.061664,9,1.827785,0.000000,0.443642,0.263965,,,79.413477,123.555556,0.642735,0.000000
cga,CGA,64,6.400,replay,1.069936,0.061664,9,1.827785,0.000000,0.443642,0.263965,,,77.625502,123.555556,0.628264,0.000000
hda,HDA,64,6.400,replay,1.069936,0.061664,9,1.827785,0.000000,0.443642,0.263965,,,70.083780,123.555556,0.567225,0.000000
policy2,Policy 2,64,6.400,replay,1.069936,0.061664,9,1.827785,0.000000,0.443642,0.263965,,,72.753603,123.555556,0.588833,0.000000
policy3,Policy 3,64,6.400,replay,1.069936,0.061664,9,1.827785,0.000000,0.443642,0.263965,,,73.814207,123.555556,0.597417,0.000000
kubernetes-default,K8s default,65,6.500,replay,1.036823,0.030948,9,1.827785,0.000000,0.443642,0.263965,,,75.174982,123.555556,0.608431,0.000000
cga,CGA,65,6.500,replay,1.036823,0.030948,9,1.827785,0.000000,0.443642,0.263965,,,75.544389,123.555556,0.611420,0.000000
hda,HDA,65,6.500,replay,1.036823,0.030948,9,1.827785,0.000000,0.443642,0.263965,,,67.066060,123.555556,0.542801,0.000000
policy2,Policy 2,65,6.500,replay,1.036823,0.030948,9,1.827785,0.000000,0.443642,0.263965,,,67.486872,123.555556,0.546207,0.000000
policy3,Policy 3,65,6.500,replay,1.036823,0.030948,9,1.827785,0.000000,0.443642,0.263965,,,74.969716,123.555556,0.606769,0.000000
kubernetes-default,K8s default,66,6.600,replay,1.084029,0.043547,9,1.827785,0.000000,0.443642,0.263965,,,78.373589,123.555556,0.634319,0.000000
cga,CGA,66,6.600,replay,1.084029,0.043547,9,1.827785,0.000000,0.443642,0.263965,,,74.661242,123.555556,0.604273,0.000000
hda,HDA,66,6.600,replay,1.084029,0.043547,9,1.827785,0.000000,0.443642,0.263965,,,67.208415,123.555556,0.543953,0.000000
policy2,Policy 2,66,6.600,replay,1.084029,0.043547,9,1.827785,0.000000,0.443642,0.263965,,,71.667258,123.555556,0.580041,0.000000
policy3,Policy 3,66,6.600,replay,1.084029,0.043547,9,1.827785,0.000000,0.443642,0.263965,,,73.946423,123.555556,0.598487,0.000000
kubernetes-default,K8s default,67,6.700,replay,1.039183,0.041370,9,1.827785,0.000000,0.443642,0.263965,,,81.809013,123.555556,0.662123,0.000000
cga,CGA,67,6.700,replay,1.039183,0.041370,9,1.827785,0.000000,0.443642,0.263965,,,76.871171,123.555556,0.622159,0.000000
hda,HDA,67,6.700,replay,1.039183,0.041370,9,1.827785,0.000000,0.443642,0.263965,,,72.158001,123.555556,0.584013,0.000000
policy2,Policy 2,67,6.700,replay,1.039183,0.041370,9,1.827785,0.000000,0.443642,0.263965,,,69.127917,123.555556,0.559489,0.000000
policy3,Policy 3,67,6.700,replay,1.039183,0.041370,9,1.827785,0.000000,0.443642,0.263965,,,73.821763,123.555556,0.597478,0.000000
kubernetes-default,K8s default,68,6.800,replay,1.025760,0.012918,9,1.827785,0.000000,0.443642,0.263965,,,79.434827,123.555556,0.642908,0.000000
cga,CGA,68,6.800,replay,1.025760,0.012918,9,1.827785,0.000000,0.443642,0.263965,,,72.544561,123.555556,0.587141,0.000000
hda,HDA,68,6.800,replay,1.025760,0.012918,9,1.827785,0.000000,0.443642,0.263965,,,67.191255,123.555556,0.543814,0.000000
policy2,Policy 2,68,6.800,replay,1.025760,0.012918,9,1.827785,0.000000,0.443642,0.263965,,,70.787556,123.555556,0.572921,0.000000
policy3,Policy 3,68,6.800,replay,1.025760,0.012918,9,1.827785,0.000000,0.443642,0.263965,,,66.962459,123.555556,0.541962,0.000000
kubernetes-default,K8s default,69,6.900,replay,1.064500,0.036393,9,1.827785,0.000000,0.443642,0.263965,,,79.521393,123.555556,0.643608,0.000000
cga,CGA,69,6.900,replay,1.064500,0.036393,9,1.827785,0.000000,0.443642,0.263965,,,75.067346,123.555556,0.607559,0.000000
hda,HDA,69,6.900,replay,1.064500,0.036393,9,1.827785,0.000000,0.443642,0.263965,,,73.911107,123.555556,0.598201,0.000000
policy2,Policy 2,69,6.900,replay,1.064500,0.036393,9,1.827785,0.000000,0.443642,0.263965,,,72.538889,123.555556,0.587095,0.000000
policy3,Policy 3,69,6.900,replay,1.064500,0.036393,9,1.827785,0.000000,0.443642,0.263965,,,70.756102,123.555556,0.572666,0.000000
kubernetes-default,K8s default,70,7.000,replay,1.044808,0.018499,9,1.827785,0.000000,0.443642,0.263965,,,77.567687,123.555556,0.627796,0.000000
cga,CGA,70,7.000,replay,1.044808,0.018499,9,1.827785,0.000000,0.443642,0.263965,,,69.849225,123.555556,0.565326,0.000000
hda,HDA,70,7.000,replay,1.044808,0.018499,9,1.827785,0.000000,0.443642,0.263965,,,65.937156,123.555556,0.533664,0.000000
policy2,Policy 2,70,7.000,replay,1.044808,0.018499,9,1.827785,0.000000,0.443642,0.263965,,,74.985582,123.555556,0.606898,0.000000
policy3,Policy 3,70,7.000,replay,1.044808,0.018499,9,1.827785,0.000000,0.443642,0.263965,,,70.037818,123.555556,0.566853,0.000000
kubernetes-default,K8s default,71,7.100,replay,0.996758,0.045989,9,1.827785,0.000000,0.443642,0.263965,,,79.511235,123.555556,0.643526,0.000000
cga,CGA,71,7.100,replay,0.996758,0.045989,9,1.827785,0.000000,0.443642,0.263965,,,71.710853,123.555556,0.580394,0.000000
hda,HDA,71,7.100,replay,0.996758,0.045989,9,1.827785,0.000000,0.443642,0.263965,,,71.546189,123.555556,0.579061,0.000000
policy2,Policy 2,71,7.100,replay,0.996758,0.045989,9,1.827785,0.000000,0.443642,0.263965,,,69.417758,123.555556,0.561834,0.000000
policy3,Policy 3,71,7.100,replay,0.996758,0.045989,9,1.827785,0.000000,0.443642,0.263965,,,67.741380,123.555556,0.548267,0.000000
kubernetes-default,K8s default,72,7.200,replay,1.069675,0.516248,10,1.827785,0.800000,0.372545,0.421327,,,83.680174,100.805556,0.830115,0.000000
cga,CGA,72,7.200,replay,1.069675,0.516248,10,1.827785,0.800000,0.372545,0.421327,,,76.581064,100.805556,0.759691,0.000000
hda,HDA,72,7.200,replay,1.069675,0.516248,10,1.827785,0.800000,0.372545,0.421327,,,68.452638,100.805556,0.679056,0.000000
policy2,Policy 2,72,7.200,replay,1.069675,0.516248,10,1.827785,0.800000,0.372545,0.421327,,,72.082150,100.805556,0.715061,0.000000
policy3,Policy 3,72,7.200,replay,1.069675,0.516248,10,1.827785,0.800000,0.372545,0.421327,,,73.989971,100.805556,0.733987,0.000000
kubernetes-default,K8s default,73,7.300,replay,1.070568,0.000834,10,1.827785,0.000000,0.372545,0.421327,,,53.851239,100.805556,0.534209,0.000000
cga,CGA,73,7.300,replay,1.070568,0.000834,10,1.827785,0.000000,0.372545,0.421327,,,48.362022,100.805556,0.479756,0.000000
hda,HDA,73,7.300,replay,1.070568,0.000834,10,1.827785,0.000000,0.372545,0.421327,,,48.617245,100.805556,0.482287,0.000000
policy2,Policy 2,73,7.300,replay,1.070568,0.000834,10,1.827785,0.000000,0.372545,0.421327,,,51.124219,100.805556,0.507157,0.000000
policy3,Policy 3,73,7.300,replay,1.070568,0.000834,10,1.827785,0.000000,0.372545,0.421327,,,49.318068,100.805556,0.489240,0.000000
kubernetes-default,K8s default,74,7.400,replay,1.077736,0.484003,9,1.827785,0.800000,0.431086,0.303449,,,90.275539,113.805556,0.793244,0.000000
cga,CGA,74,7.400,replay,1.077736,0.484003,9,1.827785,0.800000,0.431086,0.303449,,,82.952068,113.805556,0.728893,0.000000
hda,HDA,74,7.400,replay,1.077736,0.484003,9,1.827785,0.800000,0.431086,0.303449,,,82.681836,113.805556,0.726518,0.000000
policy2,Policy 2,74,7.400,replay,1.077736,0.484003,9,1.827785,0.800000,0.431086,0.303449,,,85.344567,113.805556,0.749916,0.000000
policy3,Policy 3,74,7.400,replay,1.077736,0.484003,9,1.827785,0.800000,0.431086,0.303449,,,85.316226,113.805556,0.749667,0.000000
kubernetes-default,K8s default,75,7.500,replay,1.080860,0.002890,9,1.827785,0.000000,0.431086,0.303449,,,67.875601,113.805556,0.596417,0.000000
cga,CGA,75,7.500,replay,1.080860,0.002890,9,1.827785,0.000000,0.431086,0.303449,,,68.417288,113.805556,0.601177,0.000000
hda,HDA,75,7.500,replay,1.080860,0.002890,9,1.827785,0.000000,0.431086,0.303449,,,60.629184,113.805556,0.532744,0.000000
policy2,Policy 2,75,7.500,replay,1.080860,0.002890,9,1.827785,0.000000,0.431086,0.303449,,,60.585561,113.805556,0.532360,0.000000
policy3,Policy 3,75,7.500,replay,1.080860,0.002890,9,1.827785,0.000000,0.431086,0.303449,,,63.958585,113.805556,0.561999,0.000000
kubernetes-default,K8s default,76,7.600,replay,1.036947,0.040628,9,1.827785,0.000000,0.431086,0.303449,,,72.352738,113.805556,0.635758,0.000000
cga,CGA,76,7.600,replay,1.036947,0.040628,9,1.827785,0.000000,0.431086,0.303449,,,68.003310,113.805556,0.597539,0.000000
hda,HDA,76,7.600,replay,1.036947,0.040628,9,1.827785,0.000000,0.431086,0.303449,,,58.552676,113.805556,0.514498,0.000000
policy2,Policy 2,76,7.600,replay,1.036947,0.040628,9,1.827785,0.000000,0.431086,0.303449,,,61.810172,113.805556,0.543121,0.000000
policy3,Policy 3,76,7.600,replay,1.036947,0.040628,9,1.827785,0.000000,0.431086,0.303449,,,64.710601,113.805556,0.568607,0.000000
kubernetes-default,K8s default,77,7.700,replay,1.008946,0.255951,10,1.827785,0.000000,0.476110,0.462632,,,71.397013,110.555556,0.645802,0.000000
cga,CGA,77,7.700,replay,1.008946,0.255951,10,1.827785,0.000000,0.476110,0.462632,,,65.342691,110.555556,0.591039,0.000000
hda,HDA,77,7.700,replay,1.008946,0.255951,10,1.827785,0.000000,0.476110,0.462632,,,69.409240,110.555556,0.627822,0.000000
policy2,Policy 2,77,7.700,replay,1.008946,0.255951,10,1.827785,0.000000,0.476110,0.462632,,,67.509682,110.555556,0.610640,0.000000
policy3,Policy 3,77,7.700,replay,1.008946,0.255951,10,1.827785,0.000000,0.476110,0.462632,,,73.996482,110.555556,0.669315,0.000000
kubernetes-default,K8s default,78,7.800,replay,1.070780,0.057747,10,1.827785,0.000000,0.476110,0.462632,,,66.303065,110.555556,0.599726,0.000000
cga,CGA,78,7.800,replay,1.070780,0.057747,10,1.827785,0.000000,0.476110,0.462632,,,66.603328,110.555556,0.602442,0.000000
hda,HDA,78,7.800,replay,1.070780,0.057747,10,1.827785,0.000000,0.476110,0.462632,,,58.274146,110.555556,0.527103,0.000000
policy2,Policy 2,78,7.800,replay,1.070780,0.057747,10,1.827785,0.000000,0.476110,0.462632,,,66.492803,110.555556,0.601442,0.000000
policy3,Policy 3,78,7.800,replay,1.070780,0.057747,10,1.827785,0.000000,0.476110,0.462632,,,65.014696,110.555556,0.588073,0.000000
kubernetes-default,K8s default,79,7.900,replay,1.046886,0.022315,10,1.827785,0.000000,0.476110,0.462632,,,65.404857,110.555556,0.591602,0.000000
cga,CGA,79,7.900,replay,1.046886,0.022315,10,1.827785,0.000000,0.476110,0.462632,,,58.348564,110.555556,0.527776,0.000000
hda,HDA,79,7.900,replay,1.046886,0.022315,10,1.827785,0.000000,0.476110,0.462632,,,64.184455,110.555556,0.580563,0.000000
policy2,Policy 2,79,7.900,replay,1.046886,0.022315,10,1.827785,0.000000,0.476110,0.462632,,,64.922291,110.555556,0.587237,0.000000
policy3,Policy 3,79,7.900,replay,1.046886,0.022315,10,1.827785,0.000000,0.476110,0.462632,,,57.407611,110.555556,0.519265,0.000000
kubernetes-default,K8s default,80,8.000,replay,0.995896,0.048706,10,1.827785,0.000000,0.476110,0.462632,,,67.968275,110.555556,0.614788,0.000000
cga,CGA,80,8.000,replay,0.995896,0.048706,10,1.827785,0.000000,0.476110,0.462632,,,56.574928,110.555556,0.511733,0.000000
hda,HDA,80,8.000,replay,0.995896,0.048706,10,1.827785,0.000000,0.476110,0.462632,,,55.816064,110.555556,0.504869,0.000000
policy2,Policy 2,80,8.000,replay,0.995896,0.048706,10,1.827785,0.000000,0.476110,0.462632,,,57.854975,110.555556,0.523311,0.000000
policy3,Policy 3,80,8.000,replay,0.995896,0.048706,10,1.827785,0.000000,0.476110,0.462632,,,58.168387,110.555556,0.526146,0.000000
kubernetes-default,K8s default,81,8.100,replay,1.036957,0.242553,10,1.827785,0.500000,0.373757,-0.265336,,,87.734441,130.055556,0.674592,0.000000
cga,CGA,81,8.100,replay,1.036957,0.242553,10,1.827785,0.500000,0.373757,-0.265336,,,86.872368,130.055556,0.667964,0.000000
hda,HDA,81,8.100,replay,1.036957,0.242553,10,1.827785,0.500000,0.373757,-0.265336,,,84.414243,130.055556,0.649063,0.000000
policy2,Policy 2,81,8.100,replay,1.036957,0.242553,10,1.827785,0.500000,0.373757,-0.265336,,,85.449941,130.055556,0.657026,0.000000
policy3,Policy 3,81,8.100,replay,1.036957,0.242553,10,1.827785,0.500000,0.373757,-0.265336,,,82.636959,130.055556,0.635397,0.000000
kubernetes-default,K8s default,82,8.200,replay,0.992100,0.043258,10,1.827785,0.000000,0.373757,-0.265336,,,81.230830,130.055556,0.624586,0.000000
cga,CGA,82,8.200,replay,0.992100,0.043258,10,1.827785,0.000000,0.373757,-0.265336,,,80.839172,130.055556,0.621574,0.000000
hda,HDA,82,8.200,replay,0.992100,0.043258,10,1.827785,0.000000,0.373757,-0.265336,,,68.625240,130.055556,0.527661,0.000000
policy2,Policy 2,82,8.200,replay,0.992100,0.043258,10,1.827785,0.000000,0.373757,-0.265336,,,76.214222,130.055556,0.586013,0.000000
policy3,Policy 3,82,8.200,replay,0.992100,0.043258,10,1.827785,0.000000,0.373757,-0.265336,,,78.444528,130.055556,0.603162,0.000000
kubernetes-default,K8s default,83,8.300,replay,1.044813,0.050452,10,1.827785,0.000000,0.373757,-0.265336,,,80.061520,130.055556,0.615595,0.000000
cga,CGA,83,8.300,replay,1.044813,0.050452,10,1.827785,0.000000,0.373757,-0.265336,,,79.227995,130.055556,0.609186,0.000000
hda,HDA,83,8.300,replay,1.044813,0.050452,10,1.827785,0.000000,0.373757,-0.265336,,,76.998870,130.055556,0.592046,0.000000
policy2,Policy 2,83,8.300,replay,1.044813,0.050452,10,1.827785,0.000000,0.373757,-0.265336,,,77.550191,130.055556,0.596285,0.000000
policy3,Policy 3,83,8.300,replay,1.044813,0.050452,10,1.827785,0.000000,0.373757,-0.265336,,,73.395116,130.055556,0.564337,0.000000
kubernetes-default,K8s default,84,8.400,replay,1.004521,0.038565,10,1.827785,0.000000,0.373757,-0.265336,,,81.096204,130.055556,0.623550,0.000000
cga,CGA,84,8.400,replay,1.004521,0.038565,10,1.827785,0.000000,0.373757,-0.265336,,,76.731502,130.055556,0.589990,0.000000
hda,HDA,84,8.400,replay,1.004521,0.038565,10,1.827785,0.000000,0.373757,-0.265336,,,74.774617,130.055556,0.574944,0.000000
policy2,Policy 2,84,8.400,replay,1.004521,0.038565,10,1.827785,0.000000,0.373757,-0.265336,,,77.988323,130.055556,0.599654,0.000000
policy3,Policy 3,84,8.400,replay,1.004521,0.038565,10,1.827785,0.000000,0.373757,-0.265336,,,71.681512,130.055556,0.551161,0.000000
kubernetes-default,K8s default,85,8.500,replay,1.056605,0.049294,10,1.827785,0.000000,0.373757,-0.265336,,,82.691462,130.055556,0.635816,0.000000
cga,CGA,85,8.500,replay,1.056605,0.049294,10,1.827785,0.000000,0.373757,-0.265336,,,78.874505,130.055556,0.606468,0.000000
hda,HDA,85,8.500,replay,1.056605,0.049294,10,1.827785,0.000000,0.373757,-0.265336,,,73.594887,130.055556,0.565873,0.000000
policy2,Policy 2,85,8.500,replay,1.056605,0.049294,10,1.827785,0.000000,0.373757,-0.265336,,,77.019739,130.055556,0.592206,0.000000
policy3,Policy 3,85,8.500,replay,1.056605,0.049294,10,1.827785,0.000000,0.373757,-0.265336,,,75.342576,130.055556,0.579311,0.000000
kubernetes-default,K8s default,86,8.600,replay,1.042268,0.013569,10,1.827785,0.000000,0.373757,-0.265336,,,80.292513,130.055556,0.617371,0.000000
cga,CGA,86,8.600,replay,1.042268,0.013569,10,1.827785,0.000000,0.373757,-0.265336,,,75.313267,130.055556,0.579085,0.000000
hda,HDA,86,8.600,replay,1.042268,0.013569,10,1.827785,0.000000,0.373757,-0.265336,,,74.891855,130.055556,0.575845,0.000000
policy2,Policy 2,86,8.600,replay,1.042268,0.013569,10,1.827785,0.000000,0.373757,-0.265336,,,72.303425,130.055556,0.555943,0.000000
policy3,Policy 3,86,8.600,replay,1.042268,0.013569,10,1.827785,0.000000,0.373757,-0.265336,,,73.394803,130.055556,0.564334,0.000000
kubernetes-default,K8s default,87,8.700,replay,0.990141,0.050014,10,1.827785,0.000000,0.373757,-0.265336,,,75.068506,130.055556,0.577203,0.000000
cga,CGA,87,8.700,replay,0.990141,0.050014,10,1.827785,0.000000,0.373757,-0.265336,,,78.354699,130.055556,0.602471,0.000000
hda,HDA,87,8.700,replay,0.990141,0.050014,10,1.827785,0.000000,0.373757,-0.265336,,,71.854110,130.055556,0.552488,0.000000
policy2,Policy 2,87,8.700,replay,0.990141,0.050014,10,1.827785,0.000000,0.373757,-0.265336,,,74.720610,130.055556,0.574528,0.000000
policy3,Policy 3,87,8.700,replay,0.990141,0.050014,10,1.827785,0.000000,0.373757,-0.265336,,,75.991406,130.055556,0.584300,0.000000
kubernetes-default,K8s default,88,8.800,replay,1.025847,0.034807,10,1.827785,0.000000,0.373757,-0.265336,,,82.092375,130.055556,0.631210,0.000000
cga,CGA,88,8.800,replay,1.025847,0.034807,10,1.827785,0.000000,0.373757,-0.265336,,,74.029532,130.055556,0.569215,0.000000
hda,HDA,88,8.800,replay,1.025847,0.034807,10,1.827785,0.000000,0.373757,-0.265336,,,73.530033,130.055556,0.565374,0.000000
policy2,Policy 2,88,8.800,replay,1.025847,0.034807,10,1.827785,0.000000,0.373757,-0.265336,,,78.794829,130.055556,0.605855,0.000000
policy3,Policy 3,88,8.800,replay,1.025847,0.034807,10,1.827785,0.000000,0.373757,-0.265336,,,73.644686,130.055556,0.566256,0.000000
kubernetes-default,K8s default,89,8.900,replay,1.070490,0.253812,9,1.827785,0.000000,0.344651,-0.533412,,,130.954128,172.305556,0.760011,0.000000
cga,CGA,89,8.900,replay,1.070490,0.253812,9,1.827785,0.000000,0.344651,-0.533412,,,122.683666,172.305556,0.712012,0.000000
hda,HDA,89,8.900,replay,1.070490,0.253812,9,1.827785,0.000000,0.344651,-0.533412,,,112.772349,172.305556,0.654490,0.000000
policy2,Policy 2,89,8.900,replay,1.070490,0.253812,9,1.827785,0.000000,0.344651,-0.533412,,,122.290320,172.305556,0.709729,0.000000
policy3,Policy 3,89,8.900,replay,1.070490,0.253812,9,1.827785,0.000000,0.344651,-0.533412,,,118.815051,172.305556,0.689560,0.000000
kubernetes-default,K8s default,90,9.000,replay,1.010416,0.056119,9,1.827785,0.000000,0.344651,-0.533412,,,113.859438,172.305556,0.660800,0.000000
cga,CGA,90,9.000,replay,1.010416,0.056119,9,1.827785,0.000000,0.344651,-0.533412,,,114.805289,172.305556,0.666289,0.000000
hda,HDA,90,9.000,replay,1.010416,0.056119,9,1.827785,0.000000,0.344651,-0.533412,,,106.258848,172.305556,0.616688,0.000000
policy2,Policy 2,90,9.000,replay,1.010416,0.056119,9,1.827785,0.000000,0.344651,-0.533412,,,114.017143,172.305556,0.661715,0.000000
policy3,Policy 3,90,9.000,replay,1.010416,0.056119,9,1.827785,0.000000,0.344651,-0.533412,,,109.772389,172.305556,0.637080,0.000000
kubernetes-default,K8s default,91,9.100,replay,1.075168,0.060226,9,1.827785,0.000000,0.344651,-0.533412,,,120.092781,172.305556,0.696976,0.000000
cga,CGA,91,9.100,replay,1.075168,0.060226,9,1.827785,0.000000,0.344651,-0.533412,,,117.572204,172.305556,0.682347,0.000000
hda,HDA,91,9.100,replay,1.075168,0.060226,9,1.827785,0.000000,0.344651,-0.533412,,,110.982671,172.305556,0.644104,0.000000
policy2,Policy 2,91,9.100,replay,1.075168,0.060226,9,1.827785,0.000000,0.344651,-0.533412,,,111.533813,172.305556,0.647302,0.000000
policy3,Policy 3,91,9.100,replay,1.075168,0.060226,9,1.827785,0.000000,0.344651,-0.533412,,,108.507054,172.305556,0.629736,0.000000
kubernetes-default,K8s default,92,9.200,replay,1.004009,0.066184,9,1.827785,0.000000,0.344651,-0.533412,,,119.570216,172.305556,0.693943,0.000000
cga,CGA,92,9.200,replay,1.004009,0.066184,9,1.827785,0.000000,0.344651,-0.533412,,,106.328561,172.305556,0.617093,0.000000
hda,HDA,92,9.200,replay,1.004009,0.066184,9,1.827785,0.000000,0.344651,-0.533412,,,104.830762,172.305556,0.608400,0.000000
policy2,Policy 2,92,9.200,replay,1.004009,0.066184,9,1.827785,0.000000,0.344651,-0.533412,,,109.023373,172.305556,0.632733,0.000000
policy3,Policy 3,92,9.200,replay,1.004009,0.066184,9,1.827785,0.000000,0.344651,-0.533412,,,107.051099,172.305556,0.621286,0.000000
kubernetes-default,K8s default,93,9.300,replay,1.063003,0.055497,9,1.827785,0.000000,0.344651,-0.533412,,,121.283843,172.305556,0.703888,0.000000
cga,CGA,93,9.300,replay,1.063003,0.055497,9,1.827785,0.000000,0.344651,-0.533412,,,114.072188,172.305556,0.662034,0.000000
hda,HDA,93,9.300,replay,1.063003,0.055497,9,1.827785,0.000000,0.344651,-0.533412,,,111.607981,172.305556,0.647733,0.000000
policy2,Policy 2,93,9.300,replay,1.063003,0.055497,9,1.827785,0.000000,0.344651,-0.533412,,,108.775180,172.305556,0.631292,0.000000
policy3,Policy 3,93,9.300,replay,1.063003,0.055497,9,1.827785,0.000000,0.344651,-0.533412,,,107.944962,172.305556,0.626474,0.000000
kubernetes-default,K8s default,94,9.400,replay,1.045038,0.016900,9,1.827785,0.000000,0.344651,-0.533412,,,120.427595,172.305556,0.698919,0.000000
cga,CGA,94,9.400,replay,1.045038,0.016900,9,1.827785,0.000000,0.344651,-0.533412,,,111.143586,172.305556,0.645038,0.000000
hda,HDA,94,9.400,replay,1.045038,0.016900,9,1.827785,0.000000,0.344651,-0.533412,,,106.105485,172.305556,0.615798,0.000000
policy2,Policy 2,94,9.400,replay,1.045038,0.016900,9,1.827785,0.000000,0.344651,-0.533412,,,104.496872,172.305556,0.606463,0.000000
policy3,Policy 3,94,9.400,replay,1.045038,0.016900,9,1.827785,0.000000,0.344651,-0.533412,,,106.685896,172.305556,0.619167,0.000000
kubernetes-default,K8s default,95,9.500,replay,1.014836,0.298604,9,1.827785,0.500000,0.292442,-0.562739,,,105.288812,146.305556,0.719650,0.000000
cga,CGA,95,9.500,replay,1.014836,0.298604,9,1.827785,0.500000,0.292442,-0.562739,,,103.974341,146.305556,0.710666,0.000000
hda,HDA,95,9.500,replay,1.014836,0.298604,9,1.827785,0.500000,0.292442,-0.562739,,,100.947252,146.305556,0.689976,0.000000
policy2,Policy 2,95,9.500,replay,1.014836,0.298604,9,1.827785,0.500000,0.292442,-0.562739,,,95.754397,146.305556,0.654482,0.000000
policy3,Policy 3,95,9.500,replay,1.014836,0.298604,9,1.827785,0.500000,0.292442,-0.562739,,,98.991689,146.305556,0.676609,0.000000
kubernetes-default,K8s default,96,9.600,replay,1.072772,0.054006,9,1.827785,0.000000,0.292442,-0.562739,,,99.754855,146.305556,0.681825,0.000000
cga,CGA,96,9.600,replay,1.072772,0.054006,9,1.827785,0.000000,0.292442,-0.562739,,,97.877145,146.305556,0.668991,0.000000
hda,HDA,96,9.600,replay,1.072772,0.054006,9,1.827785,0.000000,0.292442,-0.562739,,,91.060544,146.305556,0.622400,0.000000
policy2,Policy 2,96,9.600,replay,1.072772,0.054006,9,1.827785,0.000000,0.292442,-0.562739,,,90.904359,146.305556,0.621332,0.000000
policy3,Policy 3,96,9.600,replay,1.072772,0.054006,9,1.827785,0.000000,0.292442,-0.562739,,,86.723918,146.305556,0.592759,0.000000
kubernetes-default,K8s default,97,9.700,replay,1.065952,0.006357,9,1.827785,0.000000,0.292442,-0.562739,,,101.326830,146.305556,0.692570,0.000000
cga,CGA,97,9.700,replay,1.065952,0.006357,9,1.827785,0.000000,0.292442,-0.562739,,,95.928887,146.305556,0.655675,0.000000
hda,HDA,97,9.700,replay,1.065952,0.006357,9,1.827785,0.000000,0.292442,-0.562739,,,91.353341,146.305556,0.624401,0.000000
policy2,Policy 2,97,9.700,replay,1.065952,0.006357,9,1.827785,0.000000,0.292442,-0.562739,,,92.389847,146.305556,0.631486,0.000000
policy3,Policy 3,97,9.700,replay,1.065952,0.006357,9,1.827785,0.000000,0.292442,-0.562739,,,93.448317,146.305556,0.638720,0.000000
kubernetes-default,K8s default,98,9.800,replay,1.029419,0.034272,9,1.827785,0.000000,0.292442,-0.562739,,,93.380484,146.305556,0.638257,0.000000
cga,CGA,98,9.800,replay,1.029419,0.034272,9,1.827785,0.000000,0.292442,-0.562739,,,87.803297,146.305556,0.600136,0.000000
hda,HDA,98,9.800,replay,1.029419,0.034272,9,1.827785,0.000000,0.292442,-0.562739,,,87.795167,146.305556,0.600081,0.000000
policy2,Policy 2,98,9.800,replay,1.029419,0.034272,9,1.827785,0.000000,0.292442,-0.562739,,,88.123333,146.305556,0.602324,0.000000
policy3,Policy 3,98,9.800,replay,1.029419,0.034272,9,1.827785,0.000000,0.292442,-0.562739,,,89.391247,146.305556,0.610990,0.000000
kubernetes-default,K8s default,99,9.900,replay,1.055569,0.024773,9,1.827785,0.000000,0.292442,-0.562739,,,100.794091,146.305556,0.688929,0.000000
cga,CGA,99,9.900,replay,1.055569,0.024773,9,1.827785,0.000000,0.292442,-0.562739,,,88.161382,146.305556,0.602584,0.000000
hda,HDA,99,9.900,replay,1.055569,0.024773,9,1.827785,0.000000,0.292442,-0.562739,,,88.312993,146.305556,0.603620,0.000000
policy2,Policy 2,99,9.900,replay,1.055569,0.024773,9,1.827785,0.000000,0.292442,-0.562739,,,91.816911,146.305556,0.627570,0.000000
policy3,Policy 3,99,9.900,replay,1.055569,0.024773,9,1.827785,0.000000,0.292442,-0.562739,,,87.185235,146.305556,0.595912,0.000000
kubernetes-default,K8s default,100,10.000,replay,1.027558,0.410743,9,1.827785,0.500000,0.431086,0.303449,,,83.685818,113.805556,0.735340,0.000000
cga,CGA,100,10.000,replay,1.027558,0.410743,9,1.827785,0.500000,0.431086,0.303449,,,76.141226,113.805556,0.669047,0.000000
hda,HDA,100,10.000,replay,1.027558,0.410743,9,1.827785,0.500000,0.431086,0.303449,,,79.972992,113.805556,0.702716,0.000000
policy2,Policy 2,100,10.000,replay,1.027558,0.410743,9,1.827785,0.500000,0.431086,0.303449,,,82.637294,113.805556,0.726127,0.000000
policy3,Policy 3,100,10.000,replay,1.027558,0.410743,9,1.827785,0.500000,0.431086,0.303449,,,78.073349,113.805556,0.686024,0.000000
kubernetes-default,K8s default,101,10.100,replay,1.018930,0.008397,9,1.827785,0.000000,0.431086,0.303449,,,65.963829,113.805556,0.579619,0.000000
cga,CGA,101,10.100,replay,1.018930,0.008397,9,1.827785,0.000000,0.431086,0.303449,,,69.617401,113.805556,0.611722,0.000000
hda,HDA,101,10.100,replay,1.018930,0.008397,9,1.827785,0.000000,0.431086,0.303449,,,59.115599,113.805556,0.519444,0.000000
policy2,Policy 2,101,10.100,replay,1.018930,0.008397,9,1.827785,0.000000,0.431086,0.303449,,,65.548021,113.805556,0.575965,0.000000
policy3,Policy 3,101,10.100,replay,1.018930,0.008397,9,1.827785,0.000000,0.431086,0.303449,,,65.288499,113.805556,0.573685,0.000000
kubernetes-default,K8s default,102,10.200,replay,0.973564,0.044524,9,1.827785,0.000000,0.431086,0.303449,,,69.728234,113.805556,0.612696,0.000000
cga,CGA,102,10.200,replay,0.973564,0.044524,9,1.827785,0.000000,0.431086,0.303449,,,64.693353,113.805556,0.568455,0.000000
hda,HDA,102,10.200,replay,0.973564,0.044524,9,1.827785,0.000000,0.431086,0.303449,,,63.037523,113.805556,0.553905,0.000000
policy2,Policy 2,102,10.200,replay,0.973564,0.044524,9,1.827785,0.000000,0.431086,0.303449,,,62.989365,113.805556,0.553482,0.000000
policy3,Policy 3,102,10.200,replay,0.973564,0.044524,9,1.827785,0.000000,0.431086,0.303449,,,61.852368,113.805556,0.543492,0.000000
kubernetes-default,K8s default,103,10.300,replay,1.067690,0.088159,9,1.827785,0.000000,0.431086,0.303449,,,74.855742,113.805556,0.657751,0.000000
cga,CGA,103,10.300,replay,1.067690,0.088159,9,1.827785,0.000000,0.431086,0.303449,,,69.732189,113.805556,0.612731,0.000000
hda,HDA,103,10.300,replay,1.067690,0.088159,9,1.827785,0.000000,0.431086,0.303449,,,63.671817,113.805556,0.559479,0.000000
policy2,Policy 2,103,10.300,replay,1.067690,0.088159,9,1.827785,0.000000,0.431086,0.303449,,,66.339326,113.805556,0.582918,0.000000
policy3,Policy 3,103,10.300,replay,1.067690,0.088159,9,1.827785,0.000000,0.431086,0.303449,,,65.755312,113.805556,0.577786,0.000000
kubernetes-default,K8s default,104,10.400,replay,0.989029,0.073674,9,1.827785,0.000000,0.431086,0.303449,,,72.062034,113.805556,0.633203,0.000000
cga,CGA,104,10.400,replay,0.989029,0.073674,9,1.827785,0.000000,0.431086,0.303449,,,66.226022,113.805556,0.581923,0.000000
hda,HDA,104,10.400,replay,0.989029,0.073674,9,1.827785,0.000000,0.431086,0.303449,,,61.840295,113.805556,0.543386,0.000000
policy2,Policy 2,104,10.400,replay,0.989029,0.073674,9,1.827785,0.000000,0.431086,0.303449,,,67.405093,113.805556,0.592283,0.000000
policy3,Policy 3,104,10.400,replay,0.989029,0.073674,9,1.827785,0.000000,0.431086,0.303449,,,63.505251,113.805556,0.558015,0.000000
kubernetes-default,K8s default,105,10.500,replay,1.037565,0.046779,9,1.827785,0.000000,0.431086,0.303449,,,68.753341,113.805556,0.604130,0.000000
cga,CGA,105,10.500,replay,1.037565,0.046779,9,1.827785,0.000000,0.431086,0.303449,,,61.948905,113.805556,0.544340,0.000000
hda,HDA,105,10.500,replay,1.037565,0.046779,9,1.827785,0.000000,0.431086,0.303449,,,58.609418,113.805556,0.514996,0.000000
policy2,Policy 2,105,10.500,replay,1.037565,0.046779,9,1.827785,0.000000,0.431086,0.303449,,,62.939294,113.805556,0.553042,0.000000
policy3,Policy 3,105,10.500,replay,1.037565,0.046779,9,1.827785,0.000000,0.431086,0.303449,,,64.803032,113.805556,0.569419,0.000000
kubernetes-default,K8s default,106,10.600,replay,0.975223,0.568989,9,1.827785,0.500000,0.192071,-1.153022,,,156.051070,198.305556,0.786922,0.000000
cga,CGA,106,10.600,replay,0.975223,0.568989,9,1.827785,0.500000,0.192071,-1.153022,,,145.363437,198.305556,0.733028,0.000000
hda,HDA,106,10.600,replay,0.975223,0.568989,9,1.827785,0.500000,0.192071,-1.153022,,,136.448176,198.305556,0.688070,0.000000
policy2,Policy 2,106,10.600,replay,0.975223,0.568989,9,1.827785,0.500000,0.192071,-1.153022,,,139.142135,198.305556,0.701655,0.000000
policy3,Policy 3,106,10.600,replay,0.975223,0.568989,9,1.827785,0.500000,0.192071,-1.153022,,,140.467027,198.305556,0.708336,0.000000
kubernetes-default,K8s default,107,10.700,replay,1.036770,0.059363,9,1.827785,0.000000,0.192071,-1.153022,,,128.326471,198.305556,0.647115,0.000000
cga,CGA,107,10.700,replay,1.036770,0.059363,9,1.827785,0.000000,0.192071,-1.153022,,,124.842215,198.305556,0.629545,0.000000
hda,HDA,107,10.700,replay,1.036770,0.059363,9,1.827785,0.000000,0.192071,-1.153022,,,118.241329,198.305556,0.596258,0.000000
policy2,Policy 2,107,10.700,replay,1.036770,0.059363,9,1.827785,0.000000,0.192071,-1.153022,,,122.858910,198.305556,0.619543,0.000000
policy3,Policy 3,107,10.700,replay,1.036770,0.059363,9,1.827785,0.000000,0.192071,-1.153022,,,122.467796,198.305556,0.617571,0.000000
kubernetes-default,K8s default,108,10.800,replay,1.050020,0.012619,9,1.827785,0.000000,0.192071,-1.153022,,,128.803204,198.305556,0.649519,0.000000
cga,CGA,108,10.800,replay,1.050020,0.012619,9,1.827785,0.000000,0.192071,-1.153022,,,124.145985,198.305556,0.626034,0.000000
hda,HDA,108,10.800,replay,1.050020,0.012619,9,1.827785,0.000000,0.192071,-1.153022,,,116.374184,198.305556,0.586843,0.000000
policy2,Policy 2,108,10.800,replay,1.050020,0.012619,9,1.827785,0.000000,0.192071,-1.153022,,,121.661284,198.305556,0.613504,0.000000
policy3,Policy 3,108,10.800,replay,1.050020,0.012619,9,1.827785,0.000000,0.192071,-1.153022,,,118.203659,198.305556,0.596068,0.000000
kubernetes-default,K8s default,109,10.900,replay,1.011423,0.036758,9,1.827785,0.000000,0.192071,-1.153022,,,130.802907,198.305556,0.659603,0.000000
cga,CGA,109,10.900,replay,1.011423,0.036758,9,1.827785,0.000000,0.192071,-1.153022,,,121.818678,198.305556,0.614298,0.000000
hda,HDA,109,10.900,replay,1.011423,0.036758,9,1.827785,0.000000,0.192071,-1.153022,,,113.718347,198.305556,0.573450,0.000000
policy2,Policy 2,109,10.900,replay,1.011423,0.036758,9,1.827785,0.000000,0.192071,-1.153022,,,120.043541,198.305556,0.605346,0.000000
policy3,Policy 3,109,10.900,replay,1.011423,0.036758,9,1.827785,0.000000,0.192071,-1.153022,,,117.636653,198.305556,0.593209,0.000000
kubernetes-default,K8s default,110,11.000,replay,0.997994,0.013278,9,1.827785,0.000000,0.192071,-1.153022,,,129.058679,198.305556,0.650807,0.000000
cga,CGA,110,11.000,replay,0.997994,0.013278,9,1.827785,0.000000,0.192071,-1.153022,,,119.294932,198.305556,0.601571,0.000000
hda,HDA,110,11.000,replay,0.997994,0.013278,9,1.827785,0.000000,0.192071,-1.153022,,,117.673817,198.305556,0.593396,0.000000
policy2,Policy 2,110,11.000,replay,0.997994,0.013278,9,1.827785,0.000000,0.192071,-1.153022,,,119.073153,198.305556,0.600453,0.000000
policy3,Policy 3,110,11.000,replay,0.997994,0.013278,9,1.827785,0.000000,0.192071,-1.153022,,,118.291194,198.305556,0.596510,0.000000
kubernetes-default,K8s default,111,11.100,replay,1.013340,0.015145,9,1.827785,0.000000,0.192071,-1.153022,,,129.215332,198.305556,0.651597,0.000000
cga,CGA,111,11.100,replay,1.013340,0.015145,9,1.827785,0.000000,0.192071,-1.153022,,,125.572068,198.305556,0.633225,0.000000
hda,HDA,111,11.100,replay,1.013340,0.015145,9,1.827785,0.000000,0.192071,-1.153022,,,117.099259,198.305556,0.590499,0.000000
policy2,Policy 2,111,11.100,replay,1.013340,0.015145,9,1.827785,0.000000,0.192071,-1.153022,,,119.854918,198.305556,0.604395,0.000000
policy3,Policy 3,111,11.100,replay,1.013340,0.015145,9,1.827785,0.000000,0.192071,-1.153022,,,122.076119,198.305556,0.615596,0.000000
kubernetes-default,K8s default,112,11.200,replay,1.053162,0.037812,9,1.827785,0.000000,0.192071,-1.153022,,,134.066833,198.305556,0.676062,0.000000
cga,CGA,112,11.200,replay,1.053162,0.037812,9,1.827785,0.000000,0.192071,-1.153022,,,125.265972,198.305556,0.631682,0.000000
hda,HDA,112,11.200,replay,1.053162,0.037812,9,1.827785,0.000000,0.192071,-1.153022,,,121.342343,198.305556,0.611896,0.000000
policy2,Policy 2,112,11.200,replay,1.053162,0.037812,9,1.827785,0.000000,0.192071,-1.153022,,,123.982885,198.305556,0.625211,0.000000
policy3,Policy 3,112,11.200,replay,1.053162,0.037812,9,1.827785,0.000000,0.192071,-1.153022,,,125.040764,198.305556,0.630546,0.000000
kubernetes-default,K8s default,113,11.300,replay,1.009968,0.041014,9,1.827785,0.000000,0.192071,-1.153022,,,128.325029,198.305556,0.647108,0.000000
cga,CGA,113,11.300,replay,1.009968,0.041014,9,1.827785,0.000000,0.192071,-1.153022,,,122.355522,198.305556,0.617005,0.000000
hda,HDA,113,11.300,replay,1.009968,0.041014,9,1.827785,0.000000,0.192071,-1.153022,,,120.705739,198.305556,0.608686,0.000000
policy2,Policy 2,113,11.300,replay,1.009968,0.041014,9,1.827785,0.000000,0.192071,-1.153022,,,118.522845,198.305556,0.597678,0.000000
policy3,Policy 3,113,11.300,replay,1.009968,0.041014,9,1.827785,0.000000,0.192071,-1.153022,,,119.984960,198.305556,0.605051,0.000000
kubernetes-default,K8s default,114,11.400,replay,1.030797,0.020207,9,1.827785,0.000000,0.192071,-1.153022,,,127.111602,198.305556,0.640989,0.000000
cga,CGA,114,11.400,replay,1.030797,0.020207,9,1.827785,0.000000,0.192071,-1.153022,,,122.096262,198.305556,0.615698,0.000000
hda,HDA,114,11.400,replay,1.030797,0.020207,9,1.827785,0.000000,0.192071,-1.153022,,,116.427981,198.305556,0.587114,0.000000
policy2,Policy 2,114,11.400,replay,1.030797,0.020207,9,1.827785,0.000000,0.192071,-1.153022,,,122.969909,198.305556,0.620103,0.000000
policy3,Policy 3,114,11.400,replay,1.030797,0.020207,9,1.827785,0.000000,0.192071,-1.153022,,,119.514593,198.305556,0.602679,0.000000
kubernetes-default,K8s default,115,11.500,replay,1.034911,0.351533,10,1.827785,0.500000,0.373757,-0.265336,,,93.728249,130.055556,0.720679,0.000000
cga,CGA,115,11.500,replay,1.034911,0.351533,10,1.827785,0.500000,0.373757,-0.265336,,,91.611555,130.055556,0.704403,0.000000
hda,HDA,115,11.500,replay,1.034911,0.351533,10,1.827785,0.500000,0.373757,-0.265336,,,86.908194,130.055556,0.668239,0.000000
policy2,Policy 2,115,11.500,replay,1.034911,0.351533,10,1.827785,0.500000,0.373757,-0.265336,,,86.571317,130.055556,0.665649,0.000000
policy3,Policy 3,115,11.500,replay,1.034911,0.351533,10,1.827785,0.500000,0.373757,-0.265336,,,88.853087,130.055556,0.683193,0.000000
kubernetes-default,K8s default,116,11.600,replay,1.030738,0.004032,10,1.827785,0.000000,0.373757,-0.265336,,,80.807298,130.055556,0.621329,0.000000
cga,CGA,116,11.600,replay,1.030738,0.004032,10,1.827785,0.000000,0.373757,-0.265336,,,73.208442,130.055556,0.562901,0.000000
hda,HDA,116,11.600,replay,1.030738,0.004032,10,1.827785,0.000000,0.373757,-0.265336,,,68.453524,130.055556,0.526341,0.000000
policy2,Policy 2,116,11.600,replay,1.030738,0.004032,10,1.827785,0.000000,0.373757,-0.265336,,,74.754529,130.055556,0.574789,0.000000
policy3,Policy 3,116,11.600,replay,1.030738,0.004032,10,1.827785,0.000000,0.373757,-0.265336,,,74.175182,130.055556,0.570335,0.000000
kubernetes-default,K8s default,117,11.700,replay,1.047890,0.364327,9,1.827785,0.500000,0.192071,-1.153022,,,147.158971,198.305556,0.742082,0.000000
cga,CGA,117,11.700,replay,1.047890,0.364327,9,1.827785,0.500000,0.192071,-1.153022,,,139.580830,198.305556,0.703867,0.000000
hda,HDA,117,11.700,replay,1.047890,0.364327,9,1.827785,0.500000,0.192071,-1.153022,,,131.806340,198.305556,0.664663,0.000000
policy2,Policy 2,117,11.700,replay,1.047890,0.364327,9,1.827785,0.500000,0.192071,-1.153022,,,133.835579,198.305556,0.674896,0.000000
policy3,Policy 3,117,11.700,replay,1.047890,0.364327,9,1.827785,0.500000,0.192071,-1.153022,,,136.257581,198.305556,0.687109,0.000000
kubernetes-default,K8s default,118,11.800,replay,1.025118,0.021732,9,1.827785,0.000000,0.192071,-1.153022,,,131.366640,198.305556,0.662446,0.000000
cga,CGA,118,11.800,replay,1.025118,0.021732,9,1.827785,0.000000,0.192071,-1.153022,,,123.935374,198.305556,0.624972,0.000000
hda,HDA,118,11.800,replay,1.025118,0.021732,9,1.827785,0.000000,0.192071,-1.153022,,,118.639305,198.305556,0.598265,0.000000
policy2,Policy 2,118,11.800,replay,1.025118,0.021732,9,1.827785,0.000000,0.192071,-1.153022,,,120.974870,198.305556,0.610043,0.000000
policy3,Policy 3,118,11.800,replay,1.025118,0.021732,9,1.827785,0.000000,0.192071,-1.153022,,,118.229302,198.305556,0.596198,0.000000
kubernetes-default,K8s default,119,11.900,replay,0.958886,0.230235,9,1.827785,0.500000,0.344651,-0.533412,,,121.103899,172.305556,0.702844,0.000000
cga,CGA,119,11.900,replay,0.958886,0.230235,9,1.827785,0.500000,0.344651,-0.533412,,,114.028111,172.305556,0.661778,0.000000
hda,HDA,119,11.900,replay,0.958886,0.230235,9,1.827785,0.500000,0.344651,-0.533412,,,106.846076,172.305556,0.620097,0.000000
policy2,Policy 2,119,11.900,replay,0.958886,0.230235,9,1.827785,0.500000,0.344651,-0.533412,,,110.092622,172.305556,0.638938,0.000000
policy3,Policy 3,119,11.900,replay,0.958886,0.230235,9,1.827785,0.500000,0.344651,-0.533412,,,114.062635,172.305556,0.661979,0.000000
kubernetes-default,K8s default,120,12.000,replay,0.973328,0.014838,9,1.827785,0.000000,0.344651,-0.533412,,,111.179199,172.305556,0.645244,0.000000
cga,CGA,120,12.000,replay,0.973328,0.014838,9,1.827785,0.000000,0.344651,-0.533412,,,105.349408,172.305556,0.611410,0.000000
hda,HDA,120,12.000,replay,0.973328,0.014838,9,1.827785,0.000000,0.344651,-0.533412,,,107.053364,172.305556,0.621300,0.000000
policy2,Policy 2,120,12.000,replay,0.973328,0.014838,9,1.827785,0.000000,0.344651,-0.533412,,,104.033652,172.305556,0.603774,0.000000
policy3,Policy 3,120,12.000,replay,0.973328,0.014838,9,1.827785,0.000000,0.344651,-0.533412,,,105.326904,172.305556,0.611280,0.000000
kubernetes-default,K8s default,121,12.100,replay,0.996901,0.023646,9,1.827785,0.000000,0.344651,-0.533412,,,111.283395,172.305556,0.645849,0.000000
cga,CGA,121,12.100,replay,0.996901,0.023646,9,1.827785,0.000000,0.344651,-0.533412,,,108.654312,172.305556,0.630591,0.000000
hda,HDA,121,12.100,replay,0.996901,0.023646,9,1.827785,0.000000,0.344651,-0.533412,,,107.009865,172.305556,0.621047,0.000000
policy2,Policy 2,121,12.100,replay,0.996901,0.023646,9,1.827785,0.000000,0.344651,-0.533412,,,107.694801,172.305556,0.625022,0.000000
policy3,Policy 3,121,12.100,replay,0.996901,0.023646,9,1.827785,0.000000,0.344651,-0.533412,,,104.126928,172.305556,0.604316,0.000000
kubernetes-default,K8s default,122,12.200,replay,1.003804,0.006876,9,1.827785,0.000000,0.344651,-0.533412,,,110.487784,172.305556,0.641232,0.000000
cga,CGA,122,12.200,replay,1.003804,0.006876,9,1.827785,0.000000,0.344651,-0.533412,,,110.321147,172.305556,0.640265,0.000000
hda,HDA,122,12.200,replay,1.003804,0.006876,9,1.827785,0.000000,0.344651,-0.533412,,,102.330544,172.305556,0.593890,0.000000
policy2,Policy 2,122,12.200,replay,1.003804,0.006876,9,1.827785,0.000000,0.344651,-0.533412,,,105.040035,172.305556,0.609615,0.000000
policy3,Policy 3,122,12.200,replay,1.003804,0.006876,9,1.827785,0.000000,0.344651,-0.533412,,,107.485264,172.305556,0.623806,0.000000
kubernetes-default,K8s default,123,12.300,replay,0.983465,0.020262,9,1.827785,0.000000,0.344651,-0.533412,,,113.248637,172.305556,0.657255,0.000000
cga,CGA,123,12.300,replay,0.983465,0.020262,9,1.827785,0.000000,0.344651,-0.533412,,,108.165932,172.305556,0.627756,0.000000
hda,HDA,123,12.300,replay,0.983465,0.020262,9,1.827785,0.000000,0.344651,-0.533412,,,104.706946,172.305556,0.607682,0.000000
policy2,Policy 2,123,12.300,replay,0.983465,0.020262,9,1.827785,0.000000,0.344651,-0.533412,,,103.480640,172.305556,0.600565,0.000000
policy3,Policy 3,123,12.300,replay,0.983465,0.020262,9,1.827785,0.000000,0.344651,-0.533412,,,101.245170,172.305556,0.587591,0.000000
kubernetes-default,K8s default,124,12.400,replay,1.011252,0.027477,9,1.827785,0.000000,0.344651,-0.533412,,,119.083165,172.305556,0.691116,0.000000
cga,CGA,124,12.400,replay,1.011252,0.027477,9,1.827785,0.000000,0.344651,-0.533412,,,110.613824,172.305556,0.641963,0.000000
hda,HDA,124,12.400,replay,1.011252,0.027477,9,1.827785,0.000000,0.344651,-0.533412,,,102.628233,172.305556,0.595618,0.000000
policy2,Policy 2,124,12.400,replay,1.011252,0.027477,9,1.827785,0.000000,0.344651,-0.533412,,,109.304916,172.305556,0.634367,0.000000
policy3,Policy 3,124,12.400,replay,1.011252,0.027477,9,1.827785,0.000000,0.344651,-0.533412,,,106.236600,172.305556,0.616559,0.000000
kubernetes-default,K8s default,125,12.500,replay,1.004806,0.006374,9,1.827785,0.000000,0.344651,-0.533412,,,115.371992,172.305556,0.669578,0.000000
cga,CGA,125,12.500,replay,1.004806,0.006374,9,1.827785,0.000000,0.344651,-0.533412,,,105.891248,172.305556,0.614555,0.000000
hda,HDA,125,12.500,replay,1.004806,0.006374,9,1.827785,0.000000,0.344651,-0.533412,,,100.668972,172.305556,0.584247,0.000000
policy2,Policy 2,125,12.500,replay,1.004806,0.006374,9,1.827785,0.000000,0.344651,-0.533412,,,107.926208,172.305556,0.626365,0.000000
policy3,Policy 3,125,12.500,replay,1.004806,0.006374,9,1.827785,0.000000,0.344651,-0.533412,,,103.848050,172.305556,0.602697,0.000000
kubernetes-default,K8s default,126,12.600,replay,0.972210,0.394915,10,1.827785,0.500000,0.476110,0.462632,,,81.114337,110.555556,0.733698,0.000000
cga,CGA,126,12.600,replay,0.972210,0.394915,10,1.827785,0.500000,0.476110,0.462632,,,78.741729,110.555556,0.712237,0.000000
hda,HDA,126,12.600,replay,0.972210,0.394915,10,1.827785,0.500000,0.476110,0.462632,,,73.311470,110.555556,0.663119,0.000000
policy2,Policy 2,126,12.600,replay,0.972210,0.394915,10,1.827785,0.500000,0.476110,0.462632,,,73.007655,110.555556,0.660371,0.000000
policy3,Policy 3,126,12.600,replay,0.972210,0.394915,10,1.827785,0.500000,0.476110,0.462632,,,71.562064,110.555556,0.647295,0.000000
kubernetes-default,K8s default,127,12.700,replay,0.966185,0.006197,10,1.827785,0.000000,0.476110,0.462632,,,66.229146,110.555556,0.599058,0.000000
cga,CGA,127,12.700,replay,0.966185,0.006197,10,1.827785,0.000000,0.476110,0.462632,,,63.592086,110.555556,0.575205,0.000000
hda,HDA,127,12.700,replay,0.966185,0.006197,10,1.827785,0.000000,0.476110,0.462632,,,58.297178,110.555556,0.527311,0.000000
policy2,Policy 2,127,12.700,replay,0.966185,0.006197,10,1.827785,0.000000,0.476110,0.462632,,,56.104449,110.555556,0.507477,0.000000
policy3,Policy 3,127,12.700,replay,0.966185,0.006197,10,1.827785,0.000000,0.476110,0.462632,,,54.841075,110.555556,0.496050,0.000000
kubernetes-default,K8s default,128,12.800,replay,0.948515,0.032038,9,1.827785,0.000000,0.439619,0.293469,,,64.419083,110.555556,0.582685,0.000000
cga,CGA,128,12.800,replay,0.948515,0.032038,9,1.827785,0.000000,0.439619,0.293469,,,56.906656,110.555556,0.514734,0.000000
hda,HDA,128,12.800,replay,0.948515,0.032038,9,1.827785,0.000000,0.439619,0.293469,,,59.658616,110.555556,0.539626,0.000000
policy2,Policy 2,128,12.800,replay,0.948515,0.032038,9,1.827785,0.000000,0.439619,0.293469,,,54.882164,110.555556,0.496422,0.000000
policy3,Policy 3,128,12.800,replay,0.948515,0.032038,9,1.827785,0.000000,0.439619,0.293469,,,60.094685,110.555556,0.543570,0.000000
kubernetes-default,K8s default,129,12.900,replay,1.023364,0.086121,10,1.827785,0.000000,0.476110,0.462632,,,67.539426,110.555556,0.610909,0.000000
cga,CGA,129,12.900,replay,1.023364,0.086121,10,1.827785,0.000000,0.476110,0.462632,,,65.034987,110.555556,0.588256,0.000000
hda,HDA,129,12.900,replay,1.023364,0.086121,10,1.827785,0.000000,0.476110,0.462632,,,62.536829,110.555556,0.565660,0.000000
policy2,Policy 2,129,12.900,replay,1.023364,0.086121,10,1.827785,0.000000,0.476110,0.462632,,,67.936260,110.555556,0.614499,0.000000
policy3,Policy 3,129,12.900,replay,1.023364,0.086121,10,1.827785,0.000000,0.476110,0.462632,,,61.621674,110.555556,0.557382,0.000000
kubernetes-default,K8s default,130,13.000,replay,0.949346,0.614127,10,1.827785,0.800000,0.372545,0.421327,,,79.315350,100.805556,0.786815,0.000000
cga,CGA,130,13.000,replay,0.949346,0.614127,10,1.827785,0.800000,0.372545,0.421327,,,73.936038,100.805556,0.733452,0.000000
hda,HDA,130,13.000,replay,0.949346,0.614127,10,1.827785,0.800000,0.372545,0.421327,,,69.353761,100.805556,0.687995,0.000000
policy2,Policy 2,130,13.000,replay,0.949346,0.614127,10,1.827785,0.800000,0.372545,0.421327,,,74.579552,100.805556,0.739836,0.000000
policy3,Policy 3,130,13.000,replay,0.949346,0.614127,10,1.827785,0.800000,0.372545,0.421327,,,73.370290,100.805556,0.727840,0.000000
kubernetes-default,K8s default,131,13.100,replay,0.985323,0.494781,9,1.827785,0.800000,0.431086,0.303449,,,88.209870,113.805556,0.775093,0.000000
cga,CGA,131,13.100,replay,0.985323,0.494781,9,1.827785,0.800000,0.431086,0.303449,,,86.236238,113.805556,0.757751,0.000000
hda,HDA,131,13.100,replay,0.985323,0.494781,9,1.827785,0.800000,0.431086,0.303449,,,80.526167,113.805556,0.707577,0.000000
policy2,Policy 2,131,13.100,replay,0.985323,0.494781,9,1.827785,0.800000,0.431086,0.303449,,,78.336142,113.805556,0.688333,0.000000
policy3,Policy 3,131,13.100,replay,0.985323,0.494781,9,1.827785,0.800000,0.431086,0.303449,,,82.244911,113.805556,0.722679,0.000000
kubernetes-default,K8s default,132,13.200,replay,1.009098,0.023561,9,1.827785,0.000000,0.431086,0.303449,,,69.272248,113.805556,0.608690,0.000000
cga,CGA,132,13.200,replay,1.009098,0.023561,9,1.827785,0.000000,0.431086,0.303449,,,61.324697,113.805556,0.538855,0.000000
hda,HDA,132,13.200,replay,1.009098,0.023561,9,1.827785,0.000000,0.431086,0.303449,,,63.486433,113.805556,0.557850,0.000000
policy2,Policy 2,132,13.200,replay,1.009098,0.023561,9,1.827785,0.000000,0.431086,0.303449,,,64.538015,113.805556,0.567090,0.000000
policy3,Policy 3,132,13.200,replay,1.009098,0.023561,9,1.827785,0.000000,0.431086,0.303449,,,60.634801,113.805556,0.532793,0.000000
kubernetes-default,K8s default,133,13.300,replay,0.978626,0.103813,9,1.827785,0.500000,0.443642,0.263965,,,76.924228,123.555556,0.622588,0.000000
cga,CGA,133,13.300,replay,0.978626,0.103813,9,1.827785,0.500000,0.443642,0.263965,,,78.450937,123.555556,0.634945,0.000000
hda,HDA,133,13.300,replay,0.978626,0.103813,9,1.827785,0.500000,0.443642,0.263965,,,69.365780,123.555556,0.561414,0.000000
policy2,Policy 2,133,13.300,replay,0.978626,0.103813,9,1.827785,0.500000,0.443642,0.263965,,,73.186512,123.555556,0.592337,0.000000
policy3,Policy 3,133,13.300,replay,0.978626,0.103813,9,1.827785,0.500000,0.443642,0.263965,,,72.287591,123.555556,0.585061,0.000000
kubernetes-default,K8s default,134,13.400,replay,0.963469,0.015488,9,1.827785,0.000000,0.443642,0.263965,,,73.705128,123.555556,0.596534,0.000000
cga,CGA,134,13.400,replay,0.963469,0.015488,9,1.827785,0.000000,0.443642,0.263965,,,65.872094,123.555556,0.533137,0.000000
hda,HDA,134,13.400,replay,0.963469,0.015488,9,1.827785,0.000000,0.443642,0.263965,,,68.615985,123.555556,0.555345,0.000000
policy2,Policy 2,134,13.400,replay,0.963469,0.015488,9,1.827785,0.000000,0.443642,0.263965,,,70.106406,123.555556,0.567408,0.000000
policy3,Policy 3,134,13.400,replay,0.963469,0.015488,9,1.827785,0.000000,0.443642,0.263965,,,70.729649,123.555556,0.572452,0.000000
kubernetes-default,K8s default,135,13.500,replay,1.007004,0.043232,9,1.827785,0.000000,0.443642,0.263965,,,80.330725,123.555556,0.650159,0.000000
cga,CGA,135,13.500,replay,1.007004,0.043232,9,1.827785,0.000000,0.443642,0.263965,,,72.369332,123.555556,0.585723,0.000000
hda,HDA,135,13.500,replay,1.007004,0.043232,9,1.827785,0.000000,0.443642,0.263965,,,72.262847,123.555556,0.584861,0.000000
policy2,Policy 2,135,13.500,replay,1.007004,0.043232,9,1.827785,0.000000,0.443642,0.263965,,,74.498789,123.555556,0.602958,0.000000
policy3,Policy 3,135,13.500,replay,1.007004,0.043232,9,1.827785,0.000000,0.443642,0.263965,,,65.486966,123.555556,0.530020,0.000000
kubernetes-default,K8s default,136,13.600,replay,0.924578,0.292327,9,1.827785,0.500000,0.320421,-0.521302,,,88.928465,130.055556,0.683773,0.000000
cga,CGA,136,13.600,replay,0.924578,0.292327,9,1.827785,0.500000,0.320421,-0.521302,,,81.480899,130.055556,0.626508,0.000000
hda,HDA,136,13.600,replay,0.924578,0.292327,9,1.827785,0.500000,0.320421,-0.521302,,,84.670682,130.055556,0.651035,0.000000
policy2,Policy 2,136,13.600,replay,0.924578,0.292327,9,1.827785,0.500000,0.320421,-0.521302,,,83.065101,130.055556,0.638689,0.000000
policy3,Policy 3,136,13.600,replay,0.924578,0.292327,9,1.827785,0.500000,0.320421,-0.521302,,,77.371600,130.055556,0.594912,0.000000
kubernetes-default,K8s default,137,13.700,replay,0.955375,0.255507,9,1.827785,0.000000,0.344651,-0.533412,,,125.567487,172.305556,0.728749,0.000000
cga,CGA,137,13.700,replay,0.955375,0.255507,9,1.827785,0.000000,0.344651,-0.533412,,,111.039676,172.305556,0.644435,0.000000
hda,HDA,137,13.700,replay,0.955375,0.255507,9,1.827785,0.000000,0.344651,-0.533412,,,113.212078,172.305556,0.657043,0.000000
policy2,Policy 2,137,13.700,replay,0.955375,0.255507,9,1.827785,0.000000,0.344651,-0.533412,,,112.199688,172.305556,0.651167,0.000000
policy3,Policy 3,137,13.700,replay,0.955375,0.255507,9,1.827785,0.000000,0.344651,-0.533412,,,112.998229,172.305556,0.655801,0.000000
kubernetes-default,K8s default,138,13.800,replay,0.959570,0.004372,9,1.827785,0.000000,0.344651,-0.533412,,,108.657492,172.305556,0.630609,0.000000
cga,CGA,138,13.800,replay,0.959570,0.004372,9,1.827785,0.000000,0.344651,-0.533412,,,106.005772,172.305556,0.615220,0.000000
hda,HDA,138,13.800,replay,0.959570,0.004372,9,1.827785,0.000000,0.344651,-0.533412,,,103.198397,172.305556,0.598927,0.000000
policy2,Policy 2,138,13.800,replay,0.959570,0.004372,9,1.827785,0.000000,0.344651,-0.533412,,,102.163576,172.305556,0.592921,0.000000
policy3,Policy 3,138,13.800,replay,0.959570,0.004372,9,1.827785,0.000000,0.344651,-0.533412,,,102.277240,172.305556,0.593581,0.000000
kubernetes-default,K8s default,139,13.900,replay,1.001303,0.041679,9,1.827785,0.000000,0.344651,-0.533412,,,120.388260,172.305556,0.698691,0.000000
cga,CGA,139,13.900,replay,1.001303,0.041679,9,1.827785,0.000000,0.344651,-0.533412,,,108.381261,172.305556,0.629006,0.000000
hda,HDA,139,13.900,replay,1.001303,0.041679,9,1.827785,0.000000,0.344651,-0.533412,,,103.944250,172.305556,0.603255,0.000000
policy2,Policy 2,139,13.900,replay,1.001303,0.041679,9,1.827785,0.000000,0.344651,-0.533412,,,108.769629,172.305556,0.631260,0.000000
policy3,Policy 3,139,13.900,replay,1.001303,0.041679,9,1.827785,0.000000,0.344651,-0.533412,,,106.243362,172.305556,0.616599,0.000000
kubernetes-default,K8s default,140,14.000,replay,0.912735,0.097039,8,1.827785,0.000000,0.275928,-0.906455,,,114.988410,172.305556,0.667352,0.000000
cga,CGA,140,14.000,replay,0.912735,0.097039,8,1.827785,0.000000,0.275928,-0.906455,,,107.268689,172.305556,0.622549,0.000000
hda,HDA,140,14.000,replay,0.912735,0.097039,8,1.827785,0.000000,0.275928,-0.906455,,,102.567304,172.305556,0.595264,0.000000
policy2,Policy 2,140,14.000,replay,0.912735,0.097039,8,1.827785,0.000000,0.275928,-0.906455,,,108.199175,172.305556,0.627949,0.000000
policy3,Policy 3,140,14.000,replay,0.912735,0.097039,8,1.827785,0.000000,0.275928,-0.906455,,,104.214462,172.305556,0.604824,0.000000
kubernetes-default,K8s default,141,14.100,replay,0.989392,0.086169,9,1.827785,0.000000,0.344651,-0.533412,,,124.033885,172.305556,0.719848,0.000000
cga,CGA,141,14.100,replay,0.989392,0.086169,9,1.827785,0.000000,0.344651,-0.533412,,,112.929130,172.305556,0.655400,0.000000
hda,HDA,141,14.100,replay,0.989392,0.086169,9,1.827785,0.000000,0.344651,-0.533412,,,108.300140,172.305556,0.628535,0.000000
policy2,Policy 2,141,14.100,replay,0.989392,0.086169,9,1.827785,0.000000,0.344651,-0.533412,,,109.692626,172.305556,0.636617,0.000000
policy3,Policy 3,141,14.100,replay,0.989392,0.086169,9,1.827785,0.000000,0.344651,-0.533412,,,105.371729,172.305556,0.611540,0.000000
kubernetes-default,K8s default,142,14.200,replay,0.928980,0.277086,9,1.827785,0.000000,0.320421,-0.521302,,,95.045702,130.055556,0.730808,0.000000
cga,CGA,142,14.200,replay,0.928980,0.277086,9,1.827785,0.000000,0.320421,-0.521302,,,86.510990,130.055556,0.665185,0.000000
hda,HDA,142,14.200,replay,0.928980,0.277086,9,1.827785,0.000000,0.320421,-0.521302,,,84.347297,130.055556,0.648548,0.000000
policy2,Policy 2,142,14.200,replay,0.928980,0.277086,9,1.827785,0.000000,0.320421,-0.521302,,,83.489259,130.055556,0.641951,0.000000
policy3,Policy 3,142,14.200,replay,0.928980,0.277086,9,1.827785,0.000000,0.320421,-0.521302,,,82.810257,130.055556,0.636730,0.000000
kubernetes-default,K8s default,143,14.300,replay,0.997724,0.079468,10,1.827785,0.000000,0.373757,-0.265336,,,88.240751,130.055556,0.678485,0.000000
cga,CGA,143,14.300,replay,0.997724,0.079468,10,1.827785,0.000000,0.373757,-0.265336,,,79.058670,130.055556,0.607884,0.000000
hda,HDA,143,14.300,replay,0.997724,0.079468,10,1.827785,0.000000,0.373757,-0.265336,,,75.643109,130.055556,0.581622,0.000000
policy2,Policy 2,143,14.300,replay,0.997724,0.079468,10,1.827785,0.000000,0.373757,-0.265336,,,78.565672,130.055556,0.604093,0.000000
policy3,Policy 3,143,14.300,replay,0.997724,0.079468,10,1.827785,0.000000,0.373757,-0.265336,,,79.319625,130.055556,0.609890,0.000000
kubernetes-default,K8s default,144,14.400,replay,0.920911,0.087463,9,1.827785,0.000000,0.320421,-0.521302,,,80.111631,130.055556,0.615980,0.000000
cga,CGA,144,14.400,replay,0.920911,0.087463,9,1.827785,0.000000,0.320421,-0.521302,,,77.797940,130.055556,0.598190,0.000000
hda,HDA,144,14.400,replay,0.920911,0.087463,9,1.827785,0.000000,0.320421,-0.521302,,,76.607826,130.055556,0.589039,0.000000
policy2,Policy 2,144,14.400,replay,0.920911,0.087463,9,1.827785,0.000000,0.320421,-0.521302,,,72.715845,130.055556,0.559114,0.000000
policy3,Policy 3,144,14.400,replay,0.920911,0.087463,9,1.827785,0.000000,0.320421,-0.521302,,,77.824403,130.055556,0.598394,0.000000
kubernetes-default,K8s default,145,14.500,replay,0.951634,0.032284,9,1.827785,0.000000,0.320421,-0.521302,,,87.544831,130.055556,0.673134,0.000000
cga,CGA,145,14.500,replay,0.951634,0.032284,9,1.827785,0.000000,0.320421,-0.521302,,,71.386333,130.055556,0.548891,0.000000
hda,HDA,145,14.500,replay,0.951634,0.032284,9,1.827785,0.000000,0.320421,-0.521302,,,69.440056,130.055556,0.533926,0.000000
policy2,Policy 2,145,14.500,replay,0.951634,0.032284,9,1.827785,0.000000,0.320421,-0.521302,,,72.135726,130.055556,0.554653,0.000000
policy3,Policy 3,145,14.500,replay,0.951634,0.032284,9,1.827785,0.000000,0.320421,-0.521302,,,73.894213,130.055556,0.568174,0.000000
kubernetes-default,K8s default,146,14.600,replay,0.901242,0.052953,9,1.827785,0.000000,0.320421,-0.521302,,,77.965368,130.055556,0.599477,0.000000
cga,CGA,146,14.600,replay,0.901242,0.052953,9,1.827785,0.000000,0.320421,-0.521302,,,76.152660,130.055556,0.585539,0.000000
hda,HDA,146,14.600,replay,0.901242,0.052953,9,1.827785,0.000000,0.320421,-0.521302,,,69.401377,130.055556,0.533629,0.000000
policy2,Policy 2,146,14.600,replay,0.901242,0.052953,9,1.827785,0.000000,0.320421,-0.521302,,,75.352615,130.055556,0.579388,0.000000
policy3,Policy 3,146,14.600,replay,0.901242,0.052953,9,1.827785,0.000000,0.320421,-0.521302,,,71.323264,130.055556,0.548406,0.000000
kubernetes-default,K8s default,147,14.700,replay,0.983810,0.094324,10,1.827785,0.000000,0.373757,-0.265336,,,83.178534,130.055556,0.639562,0.000000
cga,CGA,147,14.700,replay,0.983810,0.094324,10,1.827785,0.000000,0.373757,-0.265336,,,75.391565,130.055556,0.579687,0.000000
hda,HDA,147,14.700,replay,0.983810,0.094324,10,1.827785,0.000000,0.373757,-0.265336,,,77.678417,130.055556,0.597271,0.000000
policy2,Policy 2,147,14.700,replay,0.983810,0.094324,10,1.827785,0.000000,0.373757,-0.265336,,,77.336405,130.055556,0.594641,0.000000
policy3,Policy 3,147,14.700,replay,0.983810,0.094324,10,1.827785,0.000000,0.373757,-0.265336,,,79.237939,130.055556,0.609262,0.000000
kubernetes-default,K8s default,148,14.800,replay,0.984983,0.001191,10,1.827785,0.000000,0.373757,-0.265336,,,80.181151,130.055556,0.616515,0.000000
cga,CGA,148,14.800,replay,0.984983,0.001191,10,1.827785,0.000000,0.373757,-0.265336,,,72.406507,130.055556,0.556735,0.000000
hda,HDA,148,14.800,replay,0.984983,0.001191,10,1.827785,0.000000,0.373757,-0.265336,,,75.268915,130.055556,0.578744,0.000000
policy2,Policy 2,148,14.800,replay,0.984983,0.001191,10,1.827785,0.000000,0.373757,-0.265336,,,74.704686,130.055556,0.574406,0.000000
policy3,Policy 3,148,14.800,replay,0.984983,0.001191,10,1.827785,0.000000,0.373757,-0.265336,,,70.511148,130.055556,0.542162,0.000000
kubernetes-default,K8s default,149,14.900,replay,0.925942,0.322246,8,1.827785,0.500000,0.100621,1.025920,,,137.119752,198.305556,0.691457,0.000000
cga,CGA,149,14.900,replay,0.925942,0.322246,8,1.827785,0.500000,0.100621,1.025920,,,129.279686,198.305556,0.651922,0.000000
hda,HDA,149,14.900,replay,0.925942,0.322246,8,1.827785,0.500000,0.100621,1.025920,,,126.254189,198.305556,0.636665,0.000000
policy2,Policy 2,149,14.900,replay,0.925942,0.322246,8,1.827785,0.500000,0.100621,1.025920,,,129.465836,198.305556,0.652860,0.000000
policy3,Policy 3,149,14.900,replay,0.925942,0.322246,8,1.827785,0.500000,0.100621,1.025920,,,123.274016,198.305556,0.621637,0.000000
kubernetes-default,K8s default,150,15.000,replay,0.981197,0.063661,9,1.827785,0.000000,0.192071,-1.153022,,,125.842080,198.305556,0.634587,0.000000
cga,CGA,150,15.000,replay,0.981197,0.063661,9,1.827785,0.000000,0.192071,-1.153022,,,121.951497,198.305556,0.614968,0.000000
hda,HDA,150,15.000,replay,0.981197,0.063661,9,1.827785,0.000000,0.192071,-1.153022,,,119.395873,198.305556,0.602080,0.000000
policy2,Policy 2,150,15.000,replay,0.981197,0.063661,9,1.827785,0.000000,0.192071,-1.153022,,,123.493679,198.305556,0.622744,0.000000
policy3,Policy 3,150,15.000,replay,0.981197,0.063661,9,1.827785,0.000000,0.192071,-1.153022,,,117.333234,198.305556,0.591679,0.000000
kubernetes-default,K8s default,151,15.100,replay,0.934301,0.055207,8,1.827785,0.000000,0.100621,1.025920,,,124.986229,198.305556,0.630271,0.000000
cga,CGA,151,15.100,replay,0.934301,0.055207,8,1.827785,0.000000,0.100621,1.025920,,,122.308918,198.305556,0.616770,0.000000
hda,HDA,151,15.100,replay,0.934301,0.055207,8,1.827785,0.000000,0.100621,1.025920,,,113.920772,198.305556,0.574471,0.000000
policy2,Policy 2,151,15.100,replay,0.934301,0.055207,8,1.827785,0.000000,0.100621,1.025920,,,111.529891,198.305556,0.562414,0.000000
policy3,Policy 3,151,15.100,replay,0.934301,0.055207,8,1.827785,0.000000,0.100621,1.025920,,,118.225693,198.305556,0.596179,0.000000
kubernetes-default,K8s default,152,15.200,replay,0.930400,0.004176,8,1.827785,0.000000,0.100621,1.025920,,,131.399536,198.305556,0.662611,0.000000
cga,CGA,152,15.200,replay,0.930400,0.004176,8,1.827785,0.000000,0.100621,1.025920,,,116.342074,198.305556,0.586681,0.000000
hda,HDA,152,15.200,replay,0.930400,0.004176,8,1.827785,0.000000,0.100621,1.025920,,,108.883459,198.305556,0.549069,0.000000
policy2,Policy 2,152,15.200,replay,0.930400,0.004176,8,1.827785,0.000000,0.100621,1.025920,,,116.520845,198.305556,0.587582,0.000000
policy3,Policy 3,152,15.200,replay,0.930400,0.004176,8,1.827785,0.000000,0.100621,1.025920,,,116.922542,198.305556,0.589608,0.000000
kubernetes-default,K8s default,153,15.300,replay,0.974400,0.052589,9,1.827785,0.000000,0.192071,-1.153022,,,129.361977,198.305556,0.652337,0.000000
cga,CGA,153,15.300,replay,0.974400,0.052589,9,1.827785,0.000000,0.192071,-1.153022,,,119.805739,198.305556,0.604147,0.000000
hda,HDA,153,15.300,replay,0.974400,0.052589,9,1.827785,0.000000,0.192071,-1.153022,,,117.337542,198.305556,0.591701,0.000000
policy2,Policy 2,153,15.300,replay,0.974400,0.052589,9,1.827785,0.000000,0.192071,-1.153022,,,119.471153,198.305556,0.602460,0.000000
policy3,Policy 3,153,15.300,replay,0.974400,0.052589,9,1.827785,0.000000,0.192071,-1.153022,,,116.809101,198.305556,0.589036,0.000000
kubernetes-default,K8s default,154,15.400,replay,0.877844,0.106107,8,1.827785,0.000000,0.100621,1.025920,,,124.761744,198.305556,0.629139,0.000000
cga,CGA,154,15.400,replay,0.877844,0.106107,8,1.827785,0.000000,0.100621,1.025920,,,122.801383,198.305556,0.619253,0.000000
hda,HDA,154,15.400,replay,0.877844,0.106107,8,1.827785,0.000000,0.100621,1.025920,,,116.163748,198.305556,0.585782,0.000000
policy2,Policy 2,154,15.400,replay,0.877844,0.106107,8,1.827785,0.000000,0.100621,1.025920,,,115.582546,198.305556,0.582851,0.000000
policy3,Policy 3,154,15.400,replay,0.877844,0.106107,8,1.827785,0.000000,0.100621,1.025920,,,111.599899,198.305556,0.562767,0.000000
kubernetes-default,K8s default,155,15.500,replay,0.874747,0.003527,8,1.827785,0.000000,0.100621,1.025920,,,122.245516,198.305556,0.616450,0.000000
cga,CGA,155,15.500,replay,0.874747,0.003527,8,1.827785,0.000000,0.100621,1.025920,,,114.229746,198.305556,0.576029,0.000000
hda,HDA,155,15.500,replay,0.874747,0.003527,8,1.827785,0.000000,0.100621,1.025920,,,106.439368,198.305556,0.536744,0.000000
policy2,Policy 2,155,15.500,replay,0.874747,0.003527,8,1.827785,0.000000,0.100621,1.025920,,,110.234322,198.305556,0.555881,0.000000
policy3,Policy 3,155,15.500,replay,0.874747,0.003527,8,1.827785,0.000000,0.100621,1.025920,,,109.815489,198.305556,0.553769,0.000000
kubernetes-default,K8s default,156,15.600,replay,0.963827,0.099488,9,1.827785,0.000000,0.192071,-1.153022,,,124.147438,198.305556,0.626041,0.000000
cga,CGA,156,15.600,replay,0.963827,0.099488,9,1.827785,0.000000,0.192071,-1.153022,,,120.890944,198.305556,0.609620,0.000000
hda,HDA,156,15.600,replay,0.963827,0.099488,9,1.827785,0.000000,0.192071,-1.153022,,,112.816011,198.305556,0.568900,0.000000
policy2,Policy 2,156,15.600,replay,0.963827,0.099488,9,1.827785,0.000000,0.192071,-1.153022,,,119.803246,198.305556,0.604135,0.000000
policy3,Policy 3,156,15.600,replay,0.963827,0.099488,9,1.827785,0.000000,0.192071,-1.153022,,,119.497001,198.305556,0.602590,0.000000
kubernetes-default,K8s default,157,15.700,replay,0.957795,0.006259,9,1.827785,0.000000,0.192071,-1.153022,,,128.279260,198.305556,0.646877,0.000000
cga,CGA,157,15.700,replay,0.957795,0.006259,9,1.827785,0.000000,0.192071,-1.153022,,,119.146655,198.305556,0.600824,0.000000
hda,HDA,157,15.700,replay,0.957795,0.006259,9,1.827785,0.000000,0.192071,-1.153022,,,112.768022,198.305556,0.568658,0.000000
policy2,Policy 2,157,15.700,replay,0.957795,0.006259,9,1.827785,0.000000,0.192071,-1.153022,,,120.757860,198.305556,0.608948,0.000000
policy3,Policy 3,157,15.700,replay,0.957795,0.006259,9,1.827785,0.000000,0.192071,-1.153022,,,115.680753,198.305556,0.583346,0.000000
kubernetes-default,K8s default,158,15.800,replay,0.958664,0.000906,9,1.827785,0.000000,0.192071,-1.153022,,,124.239434,198.305556,0.626505,0.000000
cga,CGA,158,15.800,replay,0.958664,0.000906,9,1.827785,0.000000,0.192071,-1.153022,,,120.137795,198.305556,0.605822,0.000000
hda,HDA,158,15.800,replay,0.958664,0.000906,9,1.827785,0.000000,0.192071,-1.153022,,,114.387165,198.305556,0.576823,0.000000
policy2,Policy 2,158,15.800,replay,0.958664,0.000906,9,1.827785,0.000000,0.192071,-1.153022,,,117.840218,198.305556,0.594236,0.000000
policy3,Policy 3,158,15.800,replay,0.958664,0.000906,9,1.827785,0.000000,0.192071,-1.153022,,,113.796951,198.305556,0.573847,0.000000
kubernetes-default,K8s default,159,15.900,replay,0.948651,0.018148,8,1.827785,0.000000,0.100621,1.025920,,,131.451926,198.305556,0.662876,0.000000
cga,CGA,159,15.900,replay,0.948651,0.018148,8,1.827785,0.000000,0.100621,1.025920,,,115.711966,198.305556,0.583503,0.000000
hda,HDA,159,15.900,replay,0.948651,0.018148,8,1.827785,0.000000,0.100621,1.025920,,,110.884219,198.305556,0.559158,0.000000
policy2,Policy 2,159,15.900,replay,0.948651,0.018148,8,1.827785,0.000000,0.100621,1.025920,,,116.972299,198.305556,0.589859,0.000000
policy3,Policy 3,159,15.900,replay,0.948651,0.018148,8,1.827785,0.000000,0.100621,1.025920,,,116.243074,198.305556,0.586182,0.000000
kubernetes-default,K8s default,160,16.000,replay,0.870137,0.082764,8,1.827785,0.000000,0.100621,1.025920,,,122.788941,198.305556,0.619191,0.000000
cga,CGA,160,16.000,replay,0.870137,0.082764,8,1.827785,0.000000,0.100621,1.025920,,,116.481016,198.305556,0.587382,0.000000
hda,HDA,160,16.000,replay,0.870137,0.082764,8,1.827785,0.000000,0.100621,1.025920,,,115.479769,198.305556,0.582332,0.000000
policy2,Policy 2,160,16.000,replay,0.870137,0.082764,8,1.827785,0.000000,0.100621,1.025920,,,111.442944,198.305556,0.561976,0.000000
policy3,Policy 3,160,16.000,replay,0.870137,0.082764,8,1.827785,0.000000,0.100621,1.025920,,,113.645342,198.305556,0.573082,0.000000
kubernetes-default,K8s default,161,16.100,replay,0.893055,0.025662,8,1.827785,0.000000,0.100621,1.025920,,,124.478683,198.305556,0.627712,0.000000
cga,CGA,161,16.100,replay,0.893055,0.025662,8,1.827785,0.000000,0.100621,1.025920,,,112.277658,198.305556,0.566185,0.000000
hda,HDA,161,16.100,replay,0.893055,0.025662,8,1.827785,0.000000,0.100621,1.025920,,,109.474130,198.305556,0.552048,0.000000
policy2,Policy 2,161,16.100,replay,0.893055,0.025662,8,1.827785,0.000000,0.100621,1.025920,,,119.006106,198.305556,0.600115,0.000000
policy3,Policy 3,161,16.100,replay,0.893055,0.025662,8,1.827785,0.000000,0.100621,1.025920,,,109.660480,198.305556,0.552987,0.000000
kubernetes-default,K8s default,162,16.200,replay,0.877307,0.017634,8,1.827785,0.000000,0.100621,1.025920,,,123.627537,198.305556,0.623419,0.000000
cga,CGA,162,16.200,replay,0.877307,0.017634,8,1.827785,0.000000,0.100621,1.025920,,,114.063313,198.305556,0.575190,0.000000
hda,HDA,162,16.200,replay,0.877307,0.017634,8,1.827785,0.000000,0.100621,1.025920,,,110.686834,198.305556,0.558163,0.000000
policy2,Policy 2,162,16.200,replay,0.877307,0.017634,8,1.827785,0.000000,0.100621,1.025920,,,117.821257,198.305556,0.594140,0.000000
policy3,Policy 3,162,16.200,replay,0.877307,0.017634,8,1.827785,0.000000,0.100621,1.025920,,,111.137199,198.305556,0.560434,0.000000
kubernetes-default,K8s default,163,16.300,replay,0.933654,0.060350,8,1.827785,0.000000,0.100621,1.025920,,,129.959966,198.305556,0.655352,0.000000
cga,CGA,163,16.300,replay,0.933654,0.060350,8,1.827785,0.000000,0.100621,1.025920,,,118.593785,198.305556,0.598036,0.000000
hda,HDA,163,16.300,replay,0.933654,0.060350,8,1.827785,0.000000,0.100621,1.025920,,,115.351247,198.305556,0.581684,0.000000
policy2,Policy 2,163,16.300,replay,0.933654,0.060350,8,1.827785,0.000000,0.100621,1.025920,,,113.565267,198.305556,0.572678,0.000000
policy3,Policy 3,163,16.300,replay,0.933654,0.060350,8,1.827785,0.000000,0.100621,1.025920,,,113.806833,198.305556,0.573896,0.000000
kubernetes-default,K8s default,164,16.400,replay,0.898137,0.038041,8,1.827785,0.000000,0.100621,1.025920,,,123.671763,198.305556,0.623642,0.000000
cga,CGA,164,16.400,replay,0.898137,0.038041,8,1.827785,0.000000,0.100621,1.025920,,,113.861961,198.305556,0.574174,0.000000
hda,HDA,164,16.400,replay,0.898137,0.038041,8,1.827785,0.000000,0.100621,1.025920,,,108.757770,198.305556,0.548435,0.000000
policy2,Policy 2,164,16.400,replay,0.898137,0.038041,8,1.827785,0.000000,0.100621,1.025920,,,118.004497,198.305556,0.595064,0.000000
policy3,Policy 3,164,16.400,replay,0.898137,0.038041,8,1.827785,0.000000,0.100621,1.025920,,,115.531920,198.305556,0.582595,0.000000
kubernetes-default,K8s default,165,16.500,replay,0.864928,0.036975,8,1.827785,0.000000,0.100621,1.025920,,,120.571016,198.305556,0.608006,0.000000
cga,CGA,165,16.500,replay,0.864928,0.036975,8,1.827785,0.000000,0.100621,1.025920,,,117.810609,198.305556,0.594086,0.000000
hda,HDA,165,16.500,replay,0.864928,0.036975,8,1.827785,0.000000,0.100621,1.025920,,,111.523869,198.305556,0.562384,0.000000
policy2,Policy 2,165,16.500,replay,0.864928,0.036975,8,1.827785,0.000000,0.100621,1.025920,,,109.557977,198.305556,0.552471,0.000000
policy3,Policy 3,165,16.500,replay,0.864928,0.036975,8,1.827785,0.000000,0.100621,1.025920,,,111.191155,198.305556,0.560706,0.000000
kubernetes-default,K8s default,166,16.600,replay,0.868928,0.004604,8,1.827785,0.000000,0.100621,1.025920,,,124.245452,198.305556,0.626535,0.000000
cga,CGA,166,16.600,replay,0.868928,0.004604,8,1.827785,0.000000,0.100621,1.025920,,,112.492655,198.305556,0.567269,0.000000
hda,HDA,166,16.600,replay,0.868928,0.004604,8,1.827785,0.000000,0.100621,1.025920,,,113.678927,198.305556,0.573251,0.000000
policy2,Policy 2,166,16.600,replay,0.868928,0.004604,8,1.827785,0.000000,0.100621,1.025920,,,112.427377,198.305556,0.566940,0.000000
policy3,Policy 3,166,16.600,replay,0.868928,0.004604,8,1.827785,0.000000,0.100621,1.025920,,,110.074507,198.305556,0.555075,0.000000
kubernetes-default,K8s default,167,16.700,replay,0.918131,0.374669,9,1.827785,0.000000,0.292442,-0.562739,,,107.573453,146.305556,0.735266,0.000000
cga,CGA,167,16.700,replay,0.918131,0.374669,9,1.827785,0.000000,0.292442,-0.562739,,,100.262654,146.305556,0.685296,0.000000
hda,HDA,167,16.700,replay,0.918131,0.374669,9,1.827785,0.000000,0.292442,-0.562739,,,98.543706,146.305556,0.673547,0.000000
policy2,Policy 2,167,16.700,replay,0.918131,0.374669,9,1.827785,0.000000,0.292442,-0.562739,,,103.513173,146.305556,0.707514,0.000000
policy3,Policy 3,167,16.700,replay,0.918131,0.374669,9,1.827785,0.000000,0.292442,-0.562739,,,99.371640,146.305556,0.679206,0.000000
kubernetes-default,K8s default,168,16.800,replay,0.850339,0.085310,8,1.827785,0.000000,0.220666,-0.851753,,,89.944869,146.305556,0.614774,0.000000
cga,CGA,168,16.800,replay,0.850339,0.085310,8,1.827785,0.000000,0.220666,-0.851753,,,89.267050,146.305556,0.610141,0.000000
hda,HDA,168,16.800,replay,0.850339,0.085310,8,1.827785,0.000000,0.220666,-0.851753,,,84.985037,146.305556,0.580874,0.000000
policy2,Policy 2,168,16.800,replay,0.850339,0.085310,8,1.827785,0.000000,0.220666,-0.851753,,,86.135939,146.305556,0.588740,0.000000
policy3,Policy 3,168,16.800,replay,0.850339,0.085310,8,1.827785,0.000000,0.220666,-0.851753,,,81.880831,146.305556,0.559656,0.000000
kubernetes-default,K8s default,169,16.900,replay,0.850702,0.000427,8,1.827785,0.000000,0.220666,-0.851753,,,88.109540,146.305556,0.602230,0.000000
cga,CGA,169,16.900,replay,0.850702,0.000427,8,1.827785,0.000000,0.220666,-0.851753,,,84.729837,146.305556,0.579129,0.000000
hda,HDA,169,16.900,replay,0.850702,0.000427,8,1.827785,0.000000,0.220666,-0.851753,,,78.946685,146.305556,0.539601,0.000000
policy2,Policy 2,169,16.900,replay,0.850702,0.000427,8,1.827785,0.000000,0.220666,-0.851753,,,86.061824,146.305556,0.588233,0.000000
policy3,Policy 3,169,16.900,replay,0.850702,0.000427,8,1.827785,0.000000,0.220666,-0.851753,,,83.531561,146.305556,0.570939,0.000000
kubernetes-default,K8s default,170,17.000,replay,0.906878,0.073564,9,1.827785,0.000000,0.292442,-0.562739,,,97.541260,146.305556,0.666696,0.000000
cga,CGA,170,17.000,replay,0.906878,0.073564,9,1.827785,0.000000,0.292442,-0.562739,,,87.012010,146.305556,0.594728,0.000000
hda,HDA,170,17.000,replay,0.906878,0.073564,9,1.827785,0.000000,0.292442,-0.562739,,,89.659983,146.305556,0.612827,0.000000
policy2,Policy 2,170,17.000,replay,0.906878,0.073564,9,1.827785,0.000000,0.292442,-0.562739,,,85.108406,146.305556,0.581717,0.000000
policy3,Policy 3,170,17.000,replay,0.906878,0.073564,9,1.827785,0.000000,0.292442,-0.562739,,,87.450676,146.305556,0.597726,0.000000
kubernetes-default,K8s default,171,17.100,replay,0.891780,0.359962,10,1.827785,0.000000,0.141456,1.007704,,,117.970512,159.305556,0.740530,0.000000
cga,CGA,171,17.100,replay,0.891780,0.359962,10,1.827785,0.000000,0.141456,1.007704,,,106.028659,159.305556,0.665568,0.000000
hda,HDA,171,17.100,replay,0.891780,0.359962,10,1.827785,0.000000,0.141456,1.007704,,,100.204086,159.305556,0.629006,0.000000
policy2,Policy 2,171,17.100,replay,0.891780,0.359962,10,1.827785,0.000000,0.141456,1.007704,,,106.493211,159.305556,0.668484,0.000000
policy3,Policy 3,171,17.100,replay,0.891780,0.359962,10,1.827785,0.000000,0.141456,1.007704,,,105.174498,159.305556,0.660206,0.000000
kubernetes-default,K8s default,172,17.200,replay,0.872303,0.021841,10,1.827785,0.000000,0.141456,1.007704,,,99.276807,159.305556,0.623185,0.000000
cga,CGA,172,17.200,replay,0.872303,0.021841,10,1.827785,0.000000,0.141456,1.007704,,,96.712371,159.305556,0.607087,0.000000
hda,HDA,172,17.200,replay,0.872303,0.021841,10,1.827785,0.000000,0.141456,1.007704,,,88.096403,159.305556,0.553003,0.000000
policy2,Policy 2,172,17.200,replay,0.872303,0.021841,10,1.827785,0.000000,0.141456,1.007704,,,94.389037,159.305556,0.592503,0.000000
policy3,Policy 3,172,17.200,replay,0.872303,0.021841,10,1.827785,0.000000,0.141456,1.007704,,,89.049383,159.305556,0.558985,0.000000
kubernetes-default,K8s default,173,17.300,replay,0.893786,0.024036,10,1.827785,0.000000,0.141456,1.007704,,,100.206441,159.305556,0.629020,0.000000
cga,CGA,173,17.300,replay,0.893786,0.024036,10,1.827785,0.000000,0.141456,1.007704,,,97.245108,159.305556,0.610431,0.000000
hda,HDA,173,17.300,replay,0.893786,0.024036,10,1.827785,0.000000,0.141456,1.007704,,,86.398424,159.305556,0.542344,0.000000
policy2,Policy 2,173,17.300,replay,0.893786,0.024036,10,1.827785,0.000000,0.141456,1.007704,,,91.342850,159.305556,0.573381,0.000000
policy3,Policy 3,173,17.300,replay,0.893786,0.024036,10,1.827785,0.000000,0.141456,1.007704,,,91.307865,159.305556,0.573162,0.000000
kubernetes-default,K8s default,174,17.400,replay,0.834925,0.065856,10,1.827785,0.000000,0.141456,1.007704,,,96.183749,159.305556,0.603769,0.000000
cga,CGA,174,17.400,replay,0.834925,0.065856,10,1.827785,0.000000,0.141456,1.007704,,,91.620845,159.305556,0.575126,0.000000
hda,HDA,174,17.400,replay,0.834925,0.065856,10,1.827785,0.000000,0.141456,1.007704,,,87.460792,159.305556,0.549013,0.000000
policy2,Policy 2,174,17.400,replay,0.834925,0.065856,10,1.827785,0.000000,0.141456,1.007704,,,94.102994,159.305556,0.590708,0.000000
policy3,Policy 3,174,17.400,replay,0.834925,0.065856,10,1.827785,0.000000,0.141456,1.007704,,,90.180228,159.305556,0.566083,0.000000
kubernetes-default,K8s default,175,17.500,replay,0.832985,0.002323,10,1.827785,0.000000,0.141456,1.007704,,,98.042179,159.305556,0.615435,0.000000
cga,CGA,175,17.500,replay,0.832985,0.002323,10,1.827785,0.000000,0.141456,1.007704,,,93.924861,159.305556,0.589589,0.000000
hda,HDA,175,17.500,replay,0.832985,0.002323,10,1.827785,0.000000,0.141456,1.007704,,,82.671804,159.305556,0.518951,0.000000
policy2,Policy 2,175,17.500,replay,0.832985,0.002323,10,1.827785,0.000000,0.141456,1.007704,,,88.362274,159.305556,0.554672,0.000000
policy3,Policy 3,175,17.500,replay,0.832985,0.002323,10,1.827785,0.000000,0.141456,1.007704,,,90.281194,159.305556,0.566717,0.000000
kubernetes-default,K8s default,176,17.600,replay,0.909134,0.396289,9,1.827785,0.500000,0.320421,-0.521302,,,94.329334,130.055556,0.725300,0.000000
cga,CGA,176,17.600,replay,0.909134,0.396289,9,1.827785,0.500000,0.320421,-0.521302,,,86.288746,130.055556,0.663476,0.000000
hda,HDA,176,17.600,replay,0.909134,0.396289,9,1.827785,0.500000,0.320421,-0.521302,,,82.437427,130.055556,0.633863,0.000000
policy2,Policy 2,176,17.600,replay,0.909134,0.396289,9,1.827785,0.500000,0.320421,-0.521302,,,88.957429,130.055556,0.683996,0.000000
policy3,Policy 3,176,17.600,replay,0.909134,0.396289,9,1.827785,0.500000,0.320421,-0.521302,,,87.981425,130.055556,0.676491,0.000000
kubernetes-default,K8s default,177,17.700,replay,0.911578,0.002682,9,1.827785,0.000000,0.320421,-0.521302,,,82.682289,130.055556,0.635746,0.000000
cga,CGA,177,17.700,replay,0.911578,0.002682,9,1.827785,0.000000,0.320421,-0.521302,,,76.522330,130.055556,0.588382,0.000000
hda,HDA,177,17.700,replay,0.911578,0.002682,9,1.827785,0.000000,0.320421,-0.521302,,,70.505226,130.055556,0.542116,0.000000
policy2,Policy 2,177,17.700,replay,0.911578,0.002682,9,1.827785,0.000000,0.320421,-0.521302,,,73.680129,130.055556,0.566528,0.000000
policy3,Policy 3,177,17.700,replay,0.911578,0.002682,9,1.827785,0.000000,0.320421,-0.521302,,,71.238467,130.055556,0.547754,0.000000
kubernetes-default,K8s default,178,17.800,replay,0.887693,0.359478,7,1.827785,0.500000,0.341157,-0.198603,,,86.248511,123.555556,0.698054,0.000000
cga,CGA,178,17.800,replay,0.887693,0.359478,7,1.827785,0.500000,0.341157,-0.198603,,,87.394482,123.555556,0.707329,0.000000
hda,HDA,178,17.800,replay,0.887693,0.359478,7,1.827785,0.500000,0.341157,-0.198603,,,74.815721,123.555556,0.605523,0.000000
policy2,Policy 2,178,17.800,replay,0.887693,0.359478,7,1.827785,0.500000,0.341157,-0.198603,,,80.239585,123.555556,0.649421,0.000000
policy3,Policy 3,178,17.800,replay,0.887693,0.359478,7,1.827785,0.500000,0.341157,-0.198603,,,81.437295,123.555556,0.659115,0.000000
kubernetes-default,K8s default,179,17.900,replay,0.883273,0.004979,7,1.827785,0.000000,0.341157,-0.198603,,,72.280233,123.555556,0.585002,0.000000
cga,CGA,179,17.900,replay,0.883273,0.004979,7,1.827785,0.000000,0.341157,-0.198603,,,68.985842,123.555556,0.558339,0.000000
hda,HDA,179,17.900,replay,0.883273,0.004979,7,1.827785,0.000000,0.341157,-0.198603,,,66.569912,123.555556,0.538785,0.000000
policy2,Policy 2,179,17.900,replay,0.883273,0.004979,7,1.827785,0.000000,0.341157,-0.198603,,,64.776430,123.555556,0.524270,0.000000
policy3,Policy 3,179,17.900,replay,0.883273,0.004979,7,1.827785,0.000000,0.341157,-0.198603,,,69.290766,123.555556,0.560807,0.000000
kubernetes-default,K8s default,180,18.000,replay,0.864914,0.020785,7,1.827785,0.000000,0.341157,-0.198603,,,73.970051,123.555556,0.598678,0.000000
cga,CGA,180,18.000,replay,0.864914,0.020785,7,1.827785,0.000000,0.341157,-0.198603,,,69.460608,123.555556,0.562181,0.000000
hda,HDA,180,18.000,replay,0.864914,0.020785,7,1.827785,0.000000,0.341157,-0.198603,,,68.121236,123.555556,0.551341,0.000000
policy2,Policy 2,180,18.000,replay,0.864914,0.020785,7,1.827785,0.000000,0.341157,-0.198603,,,72.029229,123.555556,0.582970,0.000000
policy3,Policy 3,180,18.000,replay,0.864914,0.020785,7,1.827785,0.000000,0.341157,-0.198603,,,69.990271,123.555556,0.566468,0.000000
kubernetes-default,K8s default,181,18.100,replay,0.906259,0.063063,8,1.827785,0.000000,0.399782,0.056411,,,77.041898,123.555556,0.623541,0.000000
cga,CGA,181,18.100,replay,0.906259,0.063063,8,1.827785,0.000000,0.399782,0.056411,,,67.667053,123.555556,0.547665,0.000000
hda,HDA,181,18.100,replay,0.906259,0.063063,8,1.827785,0.000000,0.399782,0.056411,,,62.526130,123.555556,0.506057,0.000000
policy2,Policy 2,181,18.100,replay,0.906259,0.063063,8,1.827785,0.000000,0.399782,0.056411,,,68.384737,123.555556,0.553474,0.000000
policy3,Policy 3,181,18.100,replay,0.906259,0.063063,8,1.827785,0.000000,0.399782,0.056411,,,67.559534,123.555556,0.546795,0.000000
kubernetes-default,K8s default,182,18.200,replay,0.816259,0.115770,7,1.827785,0.000000,0.341157,-0.198603,,,76.319676,123.555556,0.617695,0.000000
cga,CGA,182,18.200,replay,0.816259,0.115770,7,1.827785,0.000000,0.341157,-0.198603,,,68.865964,123.555556,0.557368,0.000000
hda,HDA,182,18.200,replay,0.816259,0.115770,7,1.827785,0.000000,0.341157,-0.198603,,,64.114594,123.555556,0.518913,0.000000
policy2,Policy 2,182,18.200,replay,0.816259,0.115770,7,1.827785,0.000000,0.341157,-0.198603,,,72.513247,123.555556,0.586888,0.000000
policy3,Policy 3,182,18.200,replay,0.816259,0.115770,7,1.827785,0.000000,0.341157,-0.198603,,,67.888450,123.555556,0.549457,0.000000
kubernetes-default,K8s default,183,18.300,replay,0.811180,0.006222,7,1.827785,0.000000,0.341157,-0.198603,,,71.154438,123.555556,0.575890,0.000000
cga,CGA,183,18.300,replay,0.811180,0.006222,7,1.827785,0.000000,0.341157,-0.198603,,,62.885281,123.555556,0.508964,0.000000
hda,HDA,183,18.300,replay,0.811180,0.006222,7,1.827785,0.000000,0.341157,-0.198603,,,62.322876,123.555556,0.504412,0.000000
policy2,Policy 2,183,18.300,replay,0.811180,0.006222,7,1.827785,0.000000,0.341157,-0.198603,,,60.248936,123.555556,0.487626,0.000000
policy3,Policy 3,183,18.300,replay,0.811180,0.006222,7,1.827785,0.000000,0.341157,-0.198603,,,63.189329,123.555556,0.511424,0.000000
kubernetes-default,K8s default,184,18.400,replay,0.851916,0.047817,7,1.827785,0.000000,0.341157,-0.198603,,,78.541809,123.555556,0.635680,0.000000
cga,CGA,184,18.400,replay,0.851916,0.047817,7,1.827785,0.000000,0.341157,-0.198603,,,70.633004,123.555556,0.571670,0.000000
hda,HDA,184,18.400,replay,0.851916,0.047817,7,1.827785,0.000000,0.341157,-0.198603,,,67.806198,123.555556,0.548791,0.000000
policy2,Policy 2,184,18.400,replay,0.851916,0.047817,7,1.827785,0.000000,0.341157,-0.198603,,,66.701081,123.555556,0.539847,0.000000
policy3,Policy 3,184,18.400,replay,0.851916,0.047817,7,1.827785,0.000000,0.341157,-0.198603,,,63.799657,123.555556,0.516364,0.000000
kubernetes-default,K8s default,185,18.500,replay,0.806352,0.053484,7,1.827785,0.000000,0.341157,-0.198603,,,69.417899,123.555556,0.561836,0.000000
cga,CGA,185,18.500,replay,0.806352,0.053484,7,1.827785,0.000000,0.341157,-0.198603,,,66.639858,123.555556,0.539351,0.000000
hda,HDA,185,18.500,replay,0.806352,0.053484,7,1.827785,0.000000,0.341157,-0.198603,,,60.952729,123.555556,0.493322,0.000000
policy2,Policy 2,185,18.500,replay,0.806352,0.053484,7,1.827785,0.000000,0.341157,-0.198603,,,64.031630,123.555556,0.518242,0.000000
policy3,Policy 3,185,18.500,replay,0.806352,0.053484,7,1.827785,0.000000,0.341157,-0.198603,,,63.186794,123.555556,0.511404,0.000000
kubernetes-default,K8s default,186,18.600,replay,0.800554,0.007191,7,1.827785,0.000000,0.341157,-0.198603,,,70.293341,123.555556,0.568921,0.000000
cga,CGA,186,18.600,replay,0.800554,0.007191,7,1.827785,0.000000,0.341157,-0.198603,,,63.728911,123.555556,0.515792,0.000000
hda,HDA,186,18.600,replay,0.800554,0.007191,7,1.827785,0.000000,0.341157,-0.198603,,,59.523302,123.555556,0.481753,0.000000
policy2,Policy 2,186,18.600,replay,0.800554,0.007191,7,1.827785,0.000000,0.341157,-0.198603,,,60.277968,123.555556,0.487861,0.000000
policy3,Policy 3,186,18.600,replay,0.800554,0.007191,7,1.827785,0.000000,0.341157,-0.198603,,,65.229273,123.555556,0.527935,0.000000
kubernetes-default,K8s default,187,18.700,replay,0.823542,0.027914,7,1.827785,0.000000,0.341157,-0.198603,,,70.419129,123.555556,0.569939,0.000000
cga,CGA,187,18.700,replay,0.823542,0.027914,7,1.827785,0.000000,0.341157,-0.198603,,,70.678574,123.555556,0.572039,0.000000
hda,HDA,187,18.700,replay,0.823542,0.027914,7,1.827785,0.000000,0.341157,-0.198603,,,63.555882,123.555556,0.514391,0.000000
policy2,Policy 2,187,18.700,replay,0.823542,0.027914,7,1.827785,0.000000,0.341157,-0.198603,,,65.868916,123.555556,0.533112,0.000000
policy3,Policy 3,187,18.700,replay,0.823542,0.027914,7,1.827785,0.000000,0.341157,-0.198603,,,68.738621,123.555556,0.556338,0.000000
kubernetes-default,K8s default,188,18.800,replay,0.834520,0.013156,7,1.827785,0.000000,0.341157,-0.198603,,,74.892453,123.555556,0.606144,0.000000
cga,CGA,188,18.800,replay,0.834520,0.013156,7,1.827785,0.000000,0.341157,-0.198603,,,68.068379,123.555556,0.550913,0.000000
hda,HDA,188,18.800,replay,0.834520,0.013156,7,1.827785,0.000000,0.341157,-0.198603,,,64.711288,123.555556,0.523742,0.000000
policy2,Policy 2,188,18.800,replay,0.834520,0.013156,7,1.827785,0.000000,0.341157,-0.198603,,,62.748497,123.555556,0.507857,0.000000
policy3,Policy 3,188,18.800,replay,0.834520,0.013156,7,1.827785,0.000000,0.341157,-0.198603,,,64.964606,123.555556,0.525793,0.000000
kubernetes-default,K8s default,189,18.900,replay,0.813639,0.317602,8,1.827785,0.500000,0.252338,-0.865203,,,89.800465,130.055556,0.690478,0.000000
cga,CGA,189,18.900,replay,0.813639,0.317602,8,1.827785,0.500000,0.252338,-0.865203,,,81.873136,130.055556,0.629524,0.000000
hda,HDA,189,18.900,replay,0.813639,0.317602,8,1.827785,0.500000,0.252338,-0.865203,,,81.707914,130.055556,0.628254,0.000000
policy2,Policy 2,189,18.900,replay,0.813639,0.317602,8,1.827785,0.500000,0.252338,-0.865203,,,75.670021,130.055556,0.581828,0.000000
policy3,Policy 3,189,18.900,replay,0.813639,0.317602,8,1.827785,0.500000,0.252338,-0.865203,,,81.789528,130.055556,0.628881,0.000000
kubernetes-default,K8s default,190,19.000,replay,0.806318,0.008998,8,1.827785,0.000000,0.252338,-0.865203,,,76.487569,130.055556,0.588115,0.000000
cga,CGA,190,19.000,replay,0.806318,0.008998,8,1.827785,0.000000,0.252338,-0.865203,,,71.722089,130.055556,0.551473,0.000000
hda,HDA,190,19.000,replay,0.806318,0.008998,8,1.827785,0.000000,0.252338,-0.865203,,,63.515446,130.055556,0.488372,0.000000
policy2,Policy 2,190,19.000,replay,0.806318,0.008998,8,1.827785,0.000000,0.252338,-0.865203,,,70.610160,130.055556,0.542923,0.000000
policy3,Policy 3,190,19.000,replay,0.806318,0.008998,8,1.827785,0.000000,0.252338,-0.865203,,,67.984683,130.055556,0.522736,0.000000
kubernetes-default,K8s default,191,19.100,replay,0.826303,0.148268,8,1.827785,0.500000,0.220666,-0.851753,,,100.046270,146.305556,0.683817,0.000000
cga,CGA,191,19.100,replay,0.826303,0.148268,8,1.827785,0.500000,0.220666,-0.851753,,,89.534535,146.305556,0.611969,0.000000
hda,HDA,191,19.100,replay,0.826303,0.148268,8,1.827785,0.500000,0.220666,-0.851753,,,87.601073,146.305556,0.598754,0.000000
policy2,Policy 2,191,19.100,replay,0.826303,0.148268,8,1.827785,0.500000,0.220666,-0.851753,,,88.294215,146.305556,0.603492,0.000000
policy3,Policy 3,191,19.100,replay,0.826303,0.148268,8,1.827785,0.500000,0.220666,-0.851753,,,87.545844,146.305556,0.598377,0.000000
kubernetes-default,K8s default,192,19.200,replay,0.843151,0.019982,8,1.827785,0.000000,0.220666,-0.851753,,,93.047373,146.305556,0.635980,0.000000
cga,CGA,192,19.200,replay,0.843151,0.019982,8,1.827785,0.000000,0.220666,-0.851753,,,85.072338,146.305556,0.581470,0.000000
hda,HDA,192,19.200,replay,0.843151,0.019982,8,1.827785,0.000000,0.220666,-0.851753,,,80.501057,146.305556,0.550226,0.000000
policy2,Policy 2,192,19.200,replay,0.843151,0.019982,8,1.827785,0.000000,0.220666,-0.851753,,,83.918468,146.305556,0.573584,0.000000
policy3,Policy 3,192,19.200,replay,0.843151,0.019982,8,1.827785,0.000000,0.220666,-0.851753,,,86.591377,146.305556,0.591853,0.000000
kubernetes-default,K8s default,193,19.300,replay,0.844913,0.002085,8,1.827785,0.000000,0.220666,-0.851753,,,92.648620,146.305556,0.633254,0.000000
cga,CGA,193,19.300,replay,0.844913,0.002085,8,1.827785,0.000000,0.220666,-0.851753,,,86.475352,146.305556,0.591060,0.000000
hda,HDA,193,19.300,replay,0.844913,0.002085,8,1.827785,0.000000,0.220666,-0.851753,,,83.306301,146.305556,0.569399,0.000000
policy2,Policy 2,193,19.300,replay,0.844913,0.002085,8,1.827785,0.000000,0.220666,-0.851753,,,85.444854,146.305556,0.584016,0.000000
policy3,Policy 3,193,19.300,replay,0.844913,0.002085,8,1.827785,0.000000,0.220666,-0.851753,,,76.240147,146.305556,0.521102,0.000000
kubernetes-default,K8s default,194,19.400,replay,0.771782,0.099444,7,1.827785,0.000000,0.127255,-0.171528,,,95.542106,146.305556,0.653031,0.000000
cga,CGA,194,19.400,replay,0.771782,0.099444,7,1.827785,0.000000,0.127255,-0.171528,,,86.477616,146.305556,0.591075,0.000000
hda,HDA,194,19.400,replay,0.771782,0.099444,7,1.827785,0.000000,0.127255,-0.171528,,,81.148761,146.305556,0.554653,0.000000
policy2,Policy 2,194,19.400,replay,0.771782,0.099444,7,1.827785,0.000000,0.127255,-0.171528,,,86.610158,146.305556,0.591981,0.000000
policy3,Policy 3,194,19.400,replay,0.771782,0.099444,7,1.827785,0.000000,0.127255,-0.171528,,,82.506169,146.305556,0.563931,0.000000
kubernetes-default,K8s default,195,19.500,replay,0.806234,0.056240,8,1.827785,0.000000,0.220666,-0.851753,,,91.652392,146.305556,0.626445,0.000000
cga,CGA,195,19.500,replay,0.806234,0.056240,8,1.827785,0.000000,0.220666,-0.851753,,,83.930522,146.305556,0.573666,0.000000
hda,HDA,195,19.500,replay,0.806234,0.056240,8,1.827785,0.000000,0.220666,-0.851753,,,80.254062,146.305556,0.548537,0.000000
policy2,Policy 2,195,19.500,replay,0.806234,0.056240,8,1.827785,0.000000,0.220666,-0.851753,,,79.476269,146.305556,0.543221,0.000000
policy3,Policy 3,195,19.500,replay,0.806234,0.056240,8,1.827785,0.000000,0.220666,-0.851753,,,85.104259,146.305556,0.581689,0.000000
kubernetes-default,K8s default,196,19.600,replay,0.844366,0.567730,9,1.827785,0.800000,0.330040,0.324431,,,74.259479,100.805556,0.736661,0.000000
cga,CGA,196,19.600,replay,0.844366,0.567730,9,1.827785,0.800000,0.330040,0.324431,,,66.304391,100.805556,0.657745,0.000000
hda,HDA,196,19.600,replay,0.844366,0.567730,9,1.827785,0.800000,0.330040,0.324431,,,70.249976,100.805556,0.696886,0.000000
policy2,Policy 2,196,19.600,replay,0.844366,0.567730,9,1.827785,0.800000,0.330040,0.324431,,,68.612507,100.805556,0.680642,0.000000
policy3,Policy 3,196,19.600,replay,0.844366,0.567730,9,1.827785,0.800000,0.330040,0.324431,,,65.413292,100.805556,0.648906,0.000000
kubernetes-default,K8s default,197,19.700,replay,0.781772,0.094178,8,1.827785,0.000000,0.276642,0.298317,,,53.524345,100.805556,0.530966,0.000000
cga,CGA,197,19.700,replay,0.781772,0.094178,8,1.827785,0.000000,0.276642,0.298317,,,50.667593,100.805556,0.502627,0.000000
hda,HDA,197,19.700,replay,0.781772,0.094178,8,1.827785,0.000000,0.276642,0.298317,,,40.371108,100.805556,0.400485,0.000000
policy2,Policy 2,197,19.700,replay,0.781772,0.094178,8,1.827785,0.000000,0.276642,0.298317,,,51.640386,100.805556,0.512277,0.000000
policy3,Policy 3,197,19.700,replay,0.781772,0.094178,8,1.827785,0.000000,0.276642,0.298317,,,46.396571,100.805556,0.460258,0.000000
kubernetes-default,K8s default,198,19.800,replay,0.774728,0.009011,8,1.827785,0.000000,0.276642,0.298317,,,46.666212,100.805556,0.462933,0.000000
cga,CGA,198,19.800,replay,0.774728,0.009011,8,1.827785,0.000000,0.276642,0.298317,,,45.714849,100.805556,0.453495,0.000000
hda,HDA,198,19.800,replay,0.774728,0.009011,8,1.827785,0.000000,0.276642,0.298317,,,44.457232,100.805556,0.441020,0.000000
policy2,Policy 2,198,19.800,replay,0.774728,0.009011,8,1.827785,0.000000,0.276642,0.298317,,,45.120504,100.805556,0.447599,0.000000
policy3,Policy 3,198,19.800,replay,0.774728,0.009011,8,1.827785,0.000000,0.276642,0.298317,,,44.175588,100.805556,0.438226,0.000000
kubernetes-default,K8s default,199,19.900,replay,0.777072,0.003017,8,1.827785,0.000000,0.276642,0.298317,,,47.875374,100.805556,0.474928,0.000000
cga,CGA,199,19.900,replay,0.777072,0.003017,8,1.827785,0.000000,0.276642,0.298317,,,50.589035,100.805556,0.501848,0.000000
hda,HDA,199,19.900,replay,0.777072,0.003017,8,1.827785,0.000000,0.276642,0.298317,,,46.969994,100.805556,0.465946,0.000000
policy2,Policy 2,199,19.900,replay,0.777072,0.003017,8,1.827785,0.000000,0.276642,0.298317,,,44.090016,100.805556,0.437377,0.000000
policy3,Policy 3,199,19.900,replay,0.777072,0.003017,8,1.827785,0.000000,0.276642,0.298317,,,43.284396,100.805556,0.429385,0.000000
kubernetes-default,K8s default,200,20.000,replay,0.791387,0.563929,6,1.827785,0.800000,0.261254,-0.518787,,,92.940527,123.555556,0.752216,0.000000
cga,CGA,200,20.000,replay,0.791387,0.563929,6,1.827785,0.800000,0.261254,-0.518787,,,88.889852,123.555556,0.719432,0.000000
hda,HDA,200,20.000,replay,0.791387,0.563929,6,1.827785,0.800000,0.261254,-0.518787,,,87.303345,123.555556,0.706592,0.000000
policy2,Policy 2,200,20.000,replay,0.791387,0.563929,6,1.827785,0.800000,0.261254,-0.518787,,,84.796225,123.555556,0.686300,0.000000
policy3,Policy 3,200,20.000,replay,0.791387,0.563929,6,1.827785,0.800000,0.261254,-0.518787,,,86.273304,123.555556,0.698255,0.000000
kubernetes-default,K8s default,201,20.100,replay,0.835859,0.493751,10,1.827785,0.000000,0.141456,1.007704,,,117.304555,159.305556,0.736349,0.000000
cga,CGA,201,20.100,replay,0.835859,0.493751,10,1.827785,0.000000,0.141456,1.007704,,,110.985802,159.305556,0.696685,0.000000
hda,HDA,201,20.100,replay,0.835859,0.493751,10,1.827785,0.000000,0.141456,1.007704,,,106.406097,159.305556,0.667937,0.000000
policy2,Policy 2,201,20.100,replay,0.835859,0.493751,10,1.827785,0.000000,0.141456,1.007704,,,108.527081,159.305556,0.681251,0.000000
policy3,Policy 3,201,20.100,replay,0.835859,0.493751,10,1.827785,0.000000,0.141456,1.007704,,,107.971106,159.305556,0.677761,0.000000
kubernetes-default,K8s default,202,20.200,replay,0.805379,0.036466,10,1.827785,0.000000,0.141456,1.007704,,,96.599683,159.305556,0.606380,0.000000
cga,CGA,202,20.200,replay,0.805379,0.036466,10,1.827785,0.000000,0.141456,1.007704,,,93.078708,159.305556,0.584278,0.000000
hda,HDA,202,20.200,replay,0.805379,0.036466,10,1.827785,0.000000,0.141456,1.007704,,,89.782085,159.305556,0.563584,0.000000
policy2,Policy 2,202,20.200,replay,0.805379,0.036466,10,1.827785,0.000000,0.141456,1.007704,,,86.319857,159.305556,0.541851,0.000000
policy3,Policy 3,202,20.200,replay,0.805379,0.036466,10,1.827785,0.000000,0.141456,1.007704,,,89.461255,159.305556,0.561570,0.000000
kubernetes-default,K8s default,203,20.300,replay,0.770639,0.043135,10,1.827785,0.000000,0.141456,1.007704,,,100.466691,159.305556,0.630654,0.000000
cga,CGA,203,20.300,replay,0.770639,0.043135,10,1.827785,0.000000,0.141456,1.007704,,,92.109833,159.305556,0.578196,0.000000
hda,HDA,203,20.300,replay,0.770639,0.043135,10,1.827785,0.000000,0.141456,1.007704,,,89.938952,159.305556,0.564569,0.000000
policy2,Policy 2,203,20.300,replay,0.770639,0.043135,10,1.827785,0.000000,0.141456,1.007704,,,85.947248,159.305556,0.539512,0.000000
policy3,Policy 3,203,20.300,replay,0.770639,0.043135,10,1.827785,0.000000,0.141456,1.007704,,,91.693126,159.305556,0.575580,0.000000
kubernetes-default,K8s default,204,20.400,replay,0.779152,0.010927,10,1.827785,0.000000,0.141456,1.007704,,,96.850576,159.305556,0.607955,0.000000
cga,CGA,204,20.400,replay,0.779152,0.010927,10,1.827785,0.000000,0.141456,1.007704,,,90.146208,159.305556,0.565870,0.000000
hda,HDA,204,20.400,replay,0.779152,0.010927,10,1.827785,0.000000,0.141456,1.007704,,,87.963861,159.305556,0.552171,0.000000
policy2,Policy 2,204,20.400,replay,0.779152,0.010927,10,1.827785,0.000000,0.141456,1.007704,,,88.772362,159.305556,0.557246,0.000000
policy3,Policy 3,204,20.400,replay,0.779152,0.010927,10,1.827785,0.000000,0.141456,1.007704,,,86.333594,159.305556,0.541937,0.000000
kubernetes-default,K8s default,205,20.500,replay,0.809974,0.038053,10,1.827785,0.000000,0.141456,1.007704,,,95.778747,159.305556,0.601227,0.000000
cga,CGA,205,20.500,replay,0.809974,0.038053,10,1.827785,0.000000,0.141456,1.007704,,,88.408612,159.305556,0.554963,0.000000
hda,HDA,205,20.500,replay,0.809974,0.038053,10,1.827785,0.000000,0.141456,1.007704,,,90.615249,159.305556,0.568814,0.000000
policy2,Policy 2,205,20.500,replay,0.809974,0.038053,10,1.827785,0.000000,0.141456,1.007704,,,89.174912,159.305556,0.559773,0.000000
policy3,Policy 3,205,20.500,replay,0.809974,0.038053,10,1.827785,0.000000,0.141456,1.007704,,,84.866351,159.305556,0.532727,0.000000
kubernetes-default,K8s default,206,20.600,replay,0.761074,0.060373,10,1.827785,0.000000,0.141456,1.007704,,,97.243910,159.305556,0.610424,0.000000
cga,CGA,206,20.600,replay,0.761074,0.060373,10,1.827785,0.000000,0.141456,1.007704,,,88.504062,159.305556,0.555562,0.000000
hda,HDA,206,20.600,replay,0.761074,0.060373,10,1.827785,0.000000,0.141456,1.007704,,,87.646297,159.305556,0.550177,0.000000
policy2,Policy 2,206,20.600,replay,0.761074,0.060373,10,1.827785,0.000000,0.141456,1.007704,,,88.344515,159.305556,0.554560,0.000000
policy3,Policy 3,206,20.600,replay,0.761074,0.060373,10,1.827785,0.000000,0.141456,1.007704,,,87.644211,159.305556,0.550164,0.000000
kubernetes-default,K8s default,207,20.700,replay,0.748546,0.016461,10,1.827785,0.000000,0.141456,1.007704,,,96.471743,159.305556,0.605577,0.000000
cga,CGA,207,20.700,replay,0.748546,0.016461,10,1.827785,0.000000,0.141456,1.007704,,,88.745278,159.305556,0.557076,0.000000
hda,HDA,207,20.700,replay,0.748546,0.016461,10,1.827785,0.000000,0.141456,1.007704,,,80.305171,159.305556,0.504095,0.000000
policy2,Policy 2,207,20.700,replay,0.748546,0.016461,10,1.827785,0.000000,0.141456,1.007704,,,89.902846,159.305556,0.564342,0.000000
policy3,Policy 3,207,20.700,replay,0.748546,0.016461,10,1.827785,0.000000,0.141456,1.007704,,,86.902007,159.305556,0.545505,0.000000
kubernetes-default,K8s default,208,20.800,replay,0.811132,0.077159,10,1.827785,0.000000,0.141456,1.007704,,,99.524843,159.305556,0.624742,0.000000
cga,CGA,208,20.800,replay,0.811132,0.077159,10,1.827785,0.000000,0.141456,1.007704,,,94.534056,159.305556,0.593413,0.000000
hda,HDA,208,20.800,replay,0.811132,0.077159,10,1.827785,0.000000,0.141456,1.007704,,,87.885519,159.305556,0.551679,0.000000
policy2,Policy 2,208,20.800,replay,0.811132,0.077159,10,1.827785,0.000000,0.141456,1.007704,,,91.496745,159.305556,0.574347,0.000000
policy3,Policy 3,208,20.800,replay,0.811132,0.077159,10,1.827785,0.000000,0.141456,1.007704,,,90.670638,159.305556,0.569162,0.000000
kubernetes-default,K8s default,209,20.900,replay,0.733724,0.578774,6,1.827785,0.500000,0.255361,-0.384784,,,87.244078,113.805556,0.766606,0.000000
cga,CGA,209,20.900,replay,0.733724,0.578774,6,1.827785,0.500000,0.255361,-0.384784,,,79.869973,113.805556,0.701811,0.000000
hda,HDA,209,20.900,replay,0.733724,0.578774,6,1.827785,0.500000,0.255361,-0.384784,,,75.546568,113.805556,0.663821,0.000000
policy2,Policy 2,209,20.900,replay,0.733724,0.578774,6,1.827785,0.500000,0.255361,-0.384784,,,80.053296,113.805556,0.703422,0.000000
policy3,Policy 3,209,20.900,replay,0.733724,0.578774,6,1.827785,0.500000,0.255361,-0.384784,,,78.642437,113.805556,0.691025,0.000000
kubernetes-default,K8s default,210,21.000,replay,0.744103,0.013948,6,1.827785,0.000000,0.255361,-0.384784,,,58.208546,113.805556,0.511474,0.000000
cga,CGA,210,21.000,replay,0.744103,0.013948,6,1.827785,0.000000,0.255361,-0.384784,,,63.796862,113.805556,0.560578,0.000000
hda,HDA,210,21.000,replay,0.744103,0.013948,6,1.827785,0.000000,0.255361,-0.384784,,,54.634730,113.805556,0.480071,0.000000
policy2,Policy 2,210,21.000,replay,0.744103,0.013948,6,1.827785,0.000000,0.255361,-0.384784,,,57.855123,113.805556,0.508368,0.000000
policy3,Policy 3,210,21.000,replay,0.744103,0.013948,6,1.827785,0.000000,0.255361,-0.384784,,,59.963294,113.805556,0.526893,0.000000
kubernetes-default,K8s default,211,21.100,replay,0.743501,0.616353,8,1.827785,0.500000,0.100621,1.025920,,,144.985142,198.305556,0.731120,0.000000
cga,CGA,211,21.100,replay,0.743501,0.616353,8,1.827785,0.500000,0.100621,1.025920,,,138.453778,198.305556,0.698184,0.000000
hda,HDA,211,21.100,replay,0.743501,0.616353,8,1.827785,0.500000,0.100621,1.025920,,,131.884621,198.305556,0.665058,0.000000
policy2,Policy 2,211,21.100,replay,0.743501,0.616353,8,1.827785,0.500000,0.100621,1.025920,,,123.712354,198.305556,0.623847,0.000000
policy3,Policy 3,211,21.100,replay,0.743501,0.616353,8,1.827785,0.500000,0.100621,1.025920,,,129.174646,198.305556,0.651392,0.000000
kubernetes-default,K8s default,212,21.200,replay,0.769804,0.034168,8,1.827785,0.000000,0.100621,1.025920,,,118.710379,198.305556,0.598624,0.000000
cga,CGA,212,21.200,replay,0.769804,0.034168,8,1.827785,0.000000,0.100621,1.025920,,,109.782352,198.305556,0.553602,0.000000
hda,HDA,212,21.200,replay,0.769804,0.034168,8,1.827785,0.000000,0.100621,1.025920,,,104.557831,198.305556,0.527256,0.000000
policy2,Policy 2,212,21.200,replay,0.769804,0.034168,8,1.827785,0.000000,0.100621,1.025920,,,111.412388,198.305556,0.561822,0.000000
policy3,Policy 3,212,21.200,replay,0.769804,0.034168,8,1.827785,0.000000,0.100621,1.025920,,,107.923042,198.305556,0.544226,0.000000
kubernetes-default,K8s default,213,21.300,replay,0.729415,0.052467,8,1.827785,0.000000,0.100621,1.025920,,,115.720800,198.305556,0.583548,0.000000
cga,CGA,213,21.300,replay,0.729415,0.052467,8,1.827785,0.000000,0.100621,1.025920,,,111.811339,198.305556,0.563834,0.000000
hda,HDA,213,21.300,replay,0.729415,0.052467,8,1.827785,0.000000,0.100621,1.025920,,,104.153514,198.305556,0.525217,0.000000
policy2,Policy 2,213,21.300,replay,0.729415,0.052467,8,1.827785,0.000000,0.100621,1.025920,,,107.664399,198.305556,0.542922,0.000000
policy3,Policy 3,213,21.300,replay,0.729415,0.052467,8,1.827785,0.000000,0.100621,1.025920,,,102.967642,198.305556,0.519237,0.000000
kubernetes-default,K8s default,214,21.400,replay,0.802827,0.742934,9,1.827785,0.800000,0.330040,0.324431,,,82.885216,100.805556,0.822229,0.000000
cga,CGA,214,21.400,replay,0.802827,0.742934,9,1.827785,0.800000,0.330040,0.324431,,,76.914524,100.805556,0.762999,0.000000
hda,HDA,214,21.400,replay,0.802827,0.742934,9,1.827785,0.800000,0.330040,0.324431,,,71.423290,100.805556,0.708525,0.000000
policy2,Policy 2,214,21.400,replay,0.802827,0.742934,9,1.827785,0.800000,0.330040,0.324431,,,79.034593,100.805556,0.784030,0.000000
policy3,Policy 3,214,21.400,replay,0.802827,0.742934,9,1.827785,0.800000,0.330040,0.324431,,,74.822551,100.805556,0.742246,0.000000
kubernetes-default,K8s default,215,21.500,replay,0.738691,0.099810,8,1.827785,0.000000,0.276642,0.298317,,,53.060387,100.805556,0.526364,0.000000
cga,CGA,215,21.500,replay,0.738691,0.099810,8,1.827785,0.000000,0.276642,0.298317,,,47.376221,100.805556,0.469976,0.000000
hda,HDA,215,21.500,replay,0.738691,0.099810,8,1.827785,0.000000,0.276642,0.298317,,,44.854697,100.805556,0.444963,0.000000
policy2,Policy 2,215,21.500,replay,0.738691,0.099810,8,1.827785,0.000000,0.276642,0.298317,,,46.466911,100.805556,0.460956,0.000000
policy3,Policy 3,215,21.500,replay,0.738691,0.099810,8,1.827785,0.000000,0.276642,0.298317,,,43.913987,100.805556,0.435631,0.000000
kubernetes-default,K8s default,216,21.600,replay,0.796214,0.092334,9,1.827785,0.000000,0.330040,0.324431,,,50.576716,100.805556,0.501725,0.000000
cga,CGA,216,21.600,replay,0.796214,0.092334,9,1.827785,0.000000,0.330040,0.324431,,,47.128151,100.805556,0.467515,0.000000
hda,HDA,216,21.600,replay,0.796214,0.092334,9,1.827785,0.000000,0.330040,0.324431,,,47.144276,100.805556,0.467675,0.000000
policy2,Policy 2,216,21.600,replay,0.796214,0.092334,9,1.827785,0.000000,0.330040,0.324431,,,48.101019,100.805556,0.477166,0.000000
policy3,Policy 3,216,21.600,replay,0.796214,0.092334,9,1.827785,0.000000,0.330040,0.324431,,,45.413162,100.805556,0.450503,0.000000
kubernetes-default,K8s default,217,21.700,replay,0.767689,0.557361,6,1.827785,0.800000,0.261254,-0.518787,,,93.551989,123.555556,0.757165,0.000000
cga,CGA,217,21.700,replay,0.767689,0.557361,6,1.827785,0.800000,0.261254,-0.518787,,,85.951155,123.555556,0.695648,0.000000
hda,HDA,217,21.700,replay,0.767689,0.557361,6,1.827785,0.800000,0.261254,-0.518787,,,87.046260,123.555556,0.704511,0.000000
policy2,Policy 2,217,21.700,replay,0.767689,0.557361,6,1.827785,0.800000,0.261254,-0.518787,,,84.717127,123.555556,0.685660,0.000000
policy3,Policy 3,217,21.700,replay,0.767689,0.557361,6,1.827785,0.800000,0.261254,-0.518787,,,82.372596,123.555556,0.666685,0.000000
kubernetes-default,K8s default,218,21.800,replay,0.793228,0.032197,6,1.827785,0.000000,0.261254,-0.518787,,,73.003635,123.555556,0.590857,0.000000
cga,CGA,218,21.800,replay,0.793228,0.032197,6,1.827785,0.000000,0.261254,-0.518787,,,66.505556,123.555556,0.538264,0.000000
hda,HDA,218,21.800,replay,0.793228,0.032197,6,1.827785,0.000000,0.261254,-0.518787,,,61.902456,123.555556,0.501009,0.000000
policy2,Policy 2,218,21.800,replay,0.793228,0.032197,6,1.827785,0.000000,0.261254,-0.518787,,,63.163865,123.555556,0.511218,0.000000
policy3,Policy 3,218,21.800,replay,0.793228,0.032197,6,1.827785,0.000000,0.261254,-0.518787,,,62.956549,123.555556,0.509540,0.000000
kubernetes-default,K8s default,219,21.900,replay,0.743902,0.062183,6,1.827785,0.000000,0.261254,-0.518787,,,70.859631,123.555556,0.573504,0.000000
cga,CGA,219,21.900,replay,0.743902,0.062183,6,1.827785,0.000000,0.261254,-0.518787,,,67.332789,123.555556,0.544960,0.000000
hda,HDA,219,21.900,replay,0.743902,0.062183,6,1.827785,0.000000,0.261254,-0.518787,,,64.249927,123.555556,0.520008,0.000000
policy2,Policy 2,219,21.900,replay,0.743902,0.062183,6,1.827785,0.000000,0.261254,-0.518787,,,62.008761,123.555556,0.501869,0.000000
policy3,Policy 3,219,21.900,replay,0.743902,0.062183,6,1.827785,0.000000,0.261254,-0.518787,,,60.129651,123.555556,0.486661,0.000000
kubernetes-default,K8s default,220,22.000,replay,0.755512,0.015366,6,1.827785,0.000000,0.261254,-0.518787,,,68.647423,123.555556,0.555600,0.000000
cga,CGA,220,22.000,replay,0.755512,0.015366,6,1.827785,0.000000,0.261254,-0.518787,,,66.431791,123.555556,0.537667,0.000000
hda,HDA,220,22.000,replay,0.755512,0.015366,6,1.827785,0.000000,0.261254,-0.518787,,,63.129926,123.555556,0.510944,0.000000
policy2,Policy 2,220,22.000,replay,0.755512,0.015366,6,1.827785,0.000000,0.261254,-0.518787,,,64.537378,123.555556,0.522335,0.000000
policy3,Policy 3,220,22.000,replay,0.755512,0.015366,6,1.827785,0.000000,0.261254,-0.518787,,,62.231595,123.555556,0.503673,0.000000
kubernetes-default,K8s default,221,22.100,replay,0.729025,0.035058,6,1.827785,0.000000,0.261254,-0.518787,,,70.702664,123.555556,0.572234,0.000000
cga,CGA,221,22.100,replay,0.729025,0.035058,6,1.827785,0.000000,0.261254,-0.518787,,,63.662141,123.555556,0.515251,0.000000
hda,HDA,221,22.100,replay,0.729025,0.035058,6,1.827785,0.000000,0.261254,-0.518787,,,63.078877,123.555556,0.510530,0.000000
policy2,Policy 2,221,22.100,replay,0.729025,0.035058,6,1.827785,0.000000,0.261254,-0.518787,,,61.047337,123.555556,0.494088,0.000000
policy3,Policy 3,221,22.100,replay,0.729025,0.035058,6,1.827785,0.000000,0.261254,-0.518787,,,62.150090,123.555556,0.503013,0.000000
kubernetes-default,K8s default,222,22.200,replay,0.754287,0.033490,6,1.827785,0.000000,0.261254,-0.518787,,,68.110203,123.555556,0.551252,0.000000
cga,CGA,222,22.200,replay,0.754287,0.033490,6,1.827785,0.000000,0.261254,-0.518787,,,64.158651,123.555556,0.519270,0.000000
hda,HDA,222,22.200,replay,0.754287,0.033490,6,1.827785,0.000000,0.261254,-0.518787,,,63.496755,123.555556,0.513913,0.000000
policy2,Policy 2,222,22.200,replay,0.754287,0.033490,6,1.827785,0.000000,0.261254,-0.518787,,,58.655913,123.555556,0.474733,0.000000
policy3,Policy 3,222,22.200,replay,0.754287,0.033490,6,1.827785,0.000000,0.261254,-0.518787,,,60.580018,123.555556,0.490306,0.000000
kubernetes-default,K8s default,223,22.300,replay,0.748058,0.008258,6,1.827785,0.000000,0.261254,-0.518787,,,66.223184,123.555556,0.535979,0.000000
cga,CGA,223,22.300,replay,0.748058,0.008258,6,1.827785,0.000000,0.261254,-0.518787,,,67.152928,123.555556,0.543504,0.000000
hda,HDA,223,22.300,replay,0.748058,0.008258,6,1.827785,0.000000,0.261254,-0.518787,,,61.809844,123.555556,0.500260,0.000000
policy2,Policy 2,223,22.300,replay,0.748058,0.008258,6,1.827785,0.000000,0.261254,-0.518787,,,65.864081,123.555556,0.533073,0.000000
policy3,Policy 3,223,22.300,replay,0.748058,0.008258,6,1.827785,0.000000,0.261254,-0.518787,,,62.907778,123.555556,0.509146,0.000000
kubernetes-default,K8s default,224,22.400,replay,0.785855,0.048097,6,1.827785,0.000000,0.261254,-0.518787,,,73.512510,123.555556,0.594975,0.000000
cga,CGA,224,22.400,replay,0.785855,0.048097,6,1.827785,0.000000,0.261254,-0.518787,,,72.186625,123.555556,0.584244,0.000000
hda,HDA,224,22.400,replay,0.785855,0.048097,6,1.827785,0.000000,0.261254,-0.518787,,,64.481474,123.555556,0.521882,0.000000
policy2,Policy 2,224,22.400,replay,0.785855,0.048097,6,1.827785,0.000000,0.261254,-0.518787,,,64.718515,123.555556,0.523801,0.000000
policy3,Policy 3,224,22.400,replay,0.785855,0.048097,6,1.827785,0.000000,0.261254,-0.518787,,,59.606591,123.555556,0.482427,0.000000
kubernetes-default,K8s default,225,22.500,replay,0.774811,0.447039,6,1.827785,0.500000,0.064487,1.119305,,,126.609835,172.305556,0.734798,0.000000
cga,CGA,225,22.500,replay,0.774811,0.447039,6,1.827785,0.500000,0.064487,1.119305,,,112.953381,172.305556,0.655541,0.000000
hda,HDA,225,22.500,replay,0.774811,0.447039,6,1.827785,0.500000,0.064487,1.119305,,,109.047550,172.305556,0.632873,0.000000
policy2,Policy 2,225,22.500,replay,0.774811,0.447039,6,1.827785,0.500000,0.064487,1.119305,,,115.104640,172.305556,0.668026,0.000000
policy3,Policy 3,225,22.500,replay,0.774811,0.447039,6,1.827785,0.500000,0.064487,1.119305,,,114.088344,172.305556,0.662128,0.000000
kubernetes-default,K8s default,226,22.600,replay,0.770978,0.004947,6,1.827785,0.000000,0.064487,1.119305,,,104.308234,172.305556,0.605368,0.000000
cga,CGA,226,22.600,replay,0.770978,0.004947,6,1.827785,0.000000,0.064487,1.119305,,,102.077772,172.305556,0.592423,0.000000
hda,HDA,226,22.600,replay,0.770978,0.004947,6,1.827785,0.000000,0.064487,1.119305,,,91.268426,172.305556,0.529689,0.000000
policy2,Policy 2,226,22.600,replay,0.770978,0.004947,6,1.827785,0.000000,0.064487,1.119305,,,97.887285,172.305556,0.568103,0.000000
policy3,Policy 3,226,22.600,replay,0.770978,0.004947,6,1.827785,0.000000,0.064487,1.119305,,,98.725870,172.305556,0.572970,0.000000
kubernetes-default,K8s default,227,22.700,replay,0.704230,0.086575,6,1.827785,0.000000,0.064487,1.119305,,,106.779401,172.305556,0.619710,0.000000
cga,CGA,227,22.700,replay,0.704230,0.086575,6,1.827785,0.000000,0.064487,1.119305,,,97.046325,172.305556,0.563222,0.000000
hda,HDA,227,22.700,replay,0.704230,0.086575,6,1.827785,0.000000,0.064487,1.119305,,,93.245264,172.305556,0.541162,0.000000
policy2,Policy 2,227,22.700,replay,0.704230,0.086575,6,1.827785,0.000000,0.064487,1.119305,,,95.337374,172.305556,0.553304,0.000000
policy3,Policy 3,227,22.700,replay,0.704230,0.086575,6,1.827785,0.000000,0.064487,1.119305,,,93.321539,172.305556,0.541605,0.000000
kubernetes-default,K8s default,228,22.800,replay,0.689210,0.021329,6,1.827785,0.000000,0.064487,1.119305,,,96.982399,172.305556,0.562851,0.000000
cga,CGA,228,22.800,replay,0.689210,0.021329,6,1.827785,0.000000,0.064487,1.119305,,,95.769709,172.305556,0.555813,0.000000
hda,HDA,228,22.800,replay,0.689210,0.021329,6,1.827785,0.000000,0.064487,1.119305,,,95.087307,172.305556,0.551853,0.000000
policy2,Policy 2,228,22.800,replay,0.689210,0.021329,6,1.827785,0.000000,0.064487,1.119305,,,91.988929,172.305556,0.533871,0.000000
policy3,Policy 3,228,22.800,replay,0.689210,0.021329,6,1.827785,0.000000,0.064487,1.119305,,,91.866696,172.305556,0.533162,0.000000
kubernetes-default,K8s default,229,22.900,replay,0.687517,0.002455,6,1.827785,0.000000,0.064487,1.119305,,,100.317224,172.305556,0.582205,0.000000
cga,CGA,229,22.900,replay,0.687517,0.002455,6,1.827785,0.000000,0.064487,1.119305,,,96.194101,172.305556,0.558276,0.000000
hda,HDA,229,22.900,replay,0.687517,0.002455,6,1.827785,0.000000,0.064487,1.119305,,,91.066971,172.305556,0.528520,0.000000
policy2,Policy 2,229,22.900,replay,0.687517,0.002455,6,1.827785,0.000000,0.064487,1.119305,,,94.398990,172.305556,0.547858,0.000000
policy3,Policy 3,229,22.900,replay,0.687517,0.002455,6,1.827785,0.000000,0.064487,1.119305,,,88.692534,172.305556,0.514740,0.000000
kubernetes-default,K8s default,230,23.000,replay,0.686042,0.002146,6,1.827785,0.000000,0.064487,1.119305,,,96.759343,172.305556,0.561557,0.000000
cga,CGA,230,23.000,replay,0.686042,0.002146,6,1.827785,0.000000,0.064487,1.119305,,,94.732249,172.305556,0.549792,0.000000
hda,HDA,230,23.000,replay,0.686042,0.002146,6,1.827785,0.000000,0.064487,1.119305,,,83.146871,172.305556,0.482555,0.000000
policy2,Policy 2,230,23.000,replay,0.686042,0.002146,6,1.827785,0.000000,0.064487,1.119305,,,92.522571,172.305556,0.536968,0.000000
policy3,Policy 3,230,23.000,replay,0.686042,0.002146,6,1.827785,0.000000,0.064487,1.119305,,,89.363896,172.305556,0.518636,0.000000
kubernetes-default,K8s default,231,23.100,replay,0.755969,0.419744,10,1.827785,0.500000,0.141456,1.007704,,,109.404977,159.305556,0.686762,0.000000
cga,CGA,231,23.100,replay,0.755969,0.419744,10,1.827785,0.500000,0.141456,1.007704,,,102.410552,159.305556,0.642856,0.000000
hda,HDA,231,23.100,replay,0.755969,0.419744,10,1.827785,0.500000,0.141456,1.007704,,,101.034799,159.305556,0.634220,0.000000
policy2,Policy 2,231,23.100,replay,0.755969,0.419744,10,1.827785,0.500000,0.141456,1.007704,,,98.534383,159.305556,0.618524,0.000000
policy3,Policy 3,231,23.100,replay,0.755969,0.419744,10,1.827785,0.500000,0.141456,1.007704,,,103.927480,159.305556,0.652378,0.000000
kubernetes-default,K8s default,232,23.200,replay,0.684194,0.094945,10,1.827785,0.000000,0.141456,1.007704,,,91.474444,159.305556,0.574207,0.000000
cga,CGA,232,23.200,replay,0.684194,0.094945,10,1.827785,0.000000,0.141456,1.007704,,,90.519138,159.305556,0.568211,0.000000
hda,HDA,232,23.200,replay,0.684194,0.094945,10,1.827785,0.000000,0.141456,1.007704,,,85.831151,159.305556,0.538783,0.000000
policy2,Policy 2,232,23.200,replay,0.684194,0.094945,10,1.827785,0.000000,0.141456,1.007704,,,84.125060,159.305556,0.528074,0.000000
policy3,Policy 3,232,23.200,replay,0.684194,0.094945,10,1.827785,0.000000,0.141456,1.007704,,,86.906528,159.305556,0.545534,0.000000
kubernetes-default,K8s default,233,23.300,replay,0.695284,0.015951,10,1.827785,0.000000,0.141456,1.007704,,,90.953610,159.305556,0.570938,0.000000
cga,CGA,233,23.300,replay,0.695284,0.015951,10,1.827785,0.000000,0.141456,1.007704,,,86.450888,159.305556,0.542673,0.000000
hda,HDA,233,23.300,replay,0.695284,0.015951,10,1.827785,0.000000,0.141456,1.007704,,,80.140650,159.305556,0.503062,0.000000
policy2,Policy 2,233,23.300,replay,0.695284,0.015951,10,1.827785,0.000000,0.141456,1.007704,,,85.487095,159.305556,0.536623,0.000000
policy3,Policy 3,233,23.300,replay,0.695284,0.015951,10,1.827785,0.000000,0.141456,1.007704,,,82.775753,159.305556,0.519604,0.000000
kubernetes-default,K8s default,234,23.400,replay,0.697022,0.002494,10,1.827785,0.000000,0.141456,1.007704,,,93.693183,159.305556,0.588135,0.000000
cga,CGA,234,23.400,replay,0.697022,0.002494,10,1.827785,0.000000,0.141456,1.007704,,,85.199637,159.305556,0.534819,0.000000
hda,HDA,234,23.400,replay,0.697022,0.002494,10,1.827785,0.000000,0.141456,1.007704,,,83.361764,159.305556,0.523282,0.000000
policy2,Policy 2,234,23.400,replay,0.697022,0.002494,10,1.827785,0.000000,0.141456,1.007704,,,87.081278,159.305556,0.546631,0.000000
policy3,Policy 3,234,23.400,replay,0.697022,0.002494,10,1.827785,0.000000,0.141456,1.007704,,,81.925248,159.305556,0.514265,0.000000
kubernetes-default,K8s default,235,23.500,replay,0.681314,0.022536,10,1.827785,0.000000,0.141456,1.007704,,,91.837190,159.305556,0.576485,0.000000
cga,CGA,235,23.500,replay,0.681314,0.022536,10,1.827785,0.000000,0.141456,1.007704,,,83.929660,159.305556,0.526847,0.000000
hda,HDA,235,23.500,replay,0.681314,0.022536,10,1.827785,0.000000,0.141456,1.007704,,,84.475398,159.305556,0.530273,0.000000
policy2,Policy 2,235,23.500,replay,0.681314,0.022536,10,1.827785,0.000000,0.141456,1.007704,,,81.789445,159.305556,0.513412,0.000000
policy3,Policy 3,235,23.500,replay,0.681314,0.022536,10,1.827785,0.000000,0.141456,1.007704,,,82.073730,159.305556,0.515197,0.000000
kubernetes-default,K8s default,236,23.600,replay,0.704408,0.032785,10,1.827785,0.000000,0.141456,1.007704,,,95.571981,159.305556,0.599929,0.000000
cga,CGA,236,23.600,replay,0.704408,0.032785,10,1.827785,0.000000,0.141456,1.007704,,,88.705079,159.305556,0.556824,0.000000
hda,HDA,236,23.600,replay,0.704408,0.032785,10,1.827785,0.000000,0.141456,1.007704,,,86.611427,159.305556,0.543681,0.000000
policy2,Policy 2,236,23.600,replay,0.704408,0.032785,10,1.827785,0.000000,0.141456,1.007704,,,81.946287,159.305556,0.514397,0.000000
policy3,Policy 3,236,23.600,replay,0.704408,0.032785,10,1.827785,0.000000,0.141456,1.007704,,,79.886374,159.305556,0.501466,0.000000
kubernetes-default,K8s default,237,23.700,replay,0.751955,0.063231,10,1.827785,0.000000,0.141456,1.007704,,,99.876667,159.305556,0.626950,0.000000
cga,CGA,237,23.700,replay,0.751955,0.063231,10,1.827785,0.000000,0.141456,1.007704,,,88.349899,159.305556,0.554594,0.000000
hda,HDA,237,23.700,replay,0.751955,0.063231,10,1.827785,0.000000,0.141456,1.007704,,,91.776811,159.305556,0.576106,0.000000
policy2,Policy 2,237,23.700,replay,0.751955,0.063231,10,1.827785,0.000000,0.141456,1.007704,,,91.721605,159.305556,0.575759,0.000000
policy3,Policy 3,237,23.700,replay,0.751955,0.063231,10,1.827785,0.000000,0.141456,1.007704,,,93.488592,159.305556,0.586851,0.000000
kubernetes-default,K8s default,238,23.800,replay,0.704294,0.063384,10,1.827785,0.000000,0.141456,1.007704,,,89.973181,159.305556,0.564784,0.000000
cga,CGA,238,23.800,replay,0.704294,0.063384,10,1.827785,0.000000,0.141456,1.007704,,,86.708841,159.305556,0.544293,0.000000
hda,HDA,238,23.800,replay,0.704294,0.063384,10,1.827785,0.000000,0.141456,1.007704,,,79.658711,159.305556,0.500037,0.000000
policy2,Policy 2,238,23.800,replay,0.704294,0.063384,10,1.827785,0.000000,0.141456,1.007704,,,84.194911,159.305556,0.528512,0.000000
policy3,Policy 3,238,23.800,replay,0.704294,0.063384,10,1.827785,0.000000,0.141456,1.007704,,,82.218635,159.305556,0.516107,0.000000
kubernetes-default,K8s default,239,23.900,replay,0.716884,0.017563,10,1.827785,0.000000,0.141456,1.007704,,,87.415323,159.305556,0.548727,0.000000
cga,CGA,239,23.900,replay,0.716884,0.017563,10,1.827785,0.000000,0.141456,1.007704,,,85.076434,159.305556,0.534046,0.000000
hda,HDA,239,23.900,replay,0.716884,0.017563,10,1.827785,0.000000,0.141456,1.007704,,,83.685052,159.305556,0.525312,0.000000
policy2,Policy 2,239,23.900,replay,0.716884,0.017563,10,1.827785,0.000000,0.141456,1.007704,,,89.158538,159.305556,0.559670,0.000000
policy3,Policy 3,239,23.900,replay,0.716884,0.017563,10,1.827785,0.000000,0.141456,1.007704,,,83.810749,159.305556,0.526101,0.000000
kubernetes-default,K8s default,240,24.000,replay,0.692705,0.033728,10,1.827785,0.000000,0.141456,1.007704,,,90.236144,159.305556,0.566434,0.000000
cga,CGA,240,24.000,replay,0.692705,0.033728,10,1.827785,0.000000,0.141456,1.007704,,,90.123158,159.305556,0.565725,0.000000
hda,HDA,240,24.000,replay,0.692705,0.033728,10,1.827785,0.000000,0.141456,1.007704,,,81.202519,159.305556,0.509728,0.000000
policy2,Policy 2,240,24.000,replay,0.692705,0.033728,10,1.827785,0.000000,0.141456,1.007704,,,86.722883,159.305556,0.544381,0.000000
policy3,Policy 3,240,24.000,replay,0.692705,0.033728,10,1.827785,0.000000,0.141456,1.007704,,,83.123152,159.305556,0.521784,0.000000
kubernetes-default,K8s default,241,24.100,replay,0.656602,0.052120,10,1.827785,0.000000,0.141456,1.007704,,,94.652507,159.305556,0.594157,0.000000
cga,CGA,241,24.100,replay,0.656602,0.052120,10,1.827785,0.000000,0.141456,1.007704,,,81.752007,159.305556,0.513177,0.000000
hda,HDA,241,24.100,replay,0.656602,0.052120,10,1.827785,0.000000,0.141456,1.007704,,,79.280497,159.305556,0.497663,0.000000
policy2,Policy 2,241,24.100,replay,0.656602,0.052120,10,1.827785,0.000000,0.141456,1.007704,,,83.874442,159.305556,0.526500,0.000000
policy3,Policy 3,241,24.100,replay,0.656602,0.052120,10,1.827785,0.000000,0.141456,1.007704,,,80.034729,159.305556,0.502398,0.000000
kubernetes-default,K8s default,242,24.200,replay,0.691099,0.049917,10,1.827785,0.000000,0.141456,1.007704,,,93.599666,159.305556,0.587548,0.000000
cga,CGA,242,24.200,replay,0.691099,0.049917,10,1.827785,0.000000,0.141456,1.007704,,,87.919622,159.305556,0.551893,0.000000
hda,HDA,242,24.200,replay,0.691099,0.049917,10,1.827785,0.000000,0.141456,1.007704,,,82.312507,159.305556,0.516696,0.000000
policy2,Policy 2,242,24.200,replay,0.691099,0.049917,10,1.827785,0.000000,0.141456,1.007704,,,87.861791,159.305556,0.551530,0.000000
policy3,Policy 3,242,24.200,replay,0.691099,0.049917,10,1.827785,0.000000,0.141456,1.007704,,,86.289018,159.305556,0.541657,0.000000
kubernetes-default,K8s default,243,24.300,replay,0.670186,0.030261,10,1.827785,0.000000,0.141456,1.007704,,,91.955186,159.305556,0.577225,0.000000
cga,CGA,243,24.300,replay,0.670186,0.030261,10,1.827785,0.000000,0.141456,1.007704,,,87.218244,159.305556,0.547490,0.000000
hda,HDA,243,24.300,replay,0.670186,0.030261,10,1.827785,0.000000,0.141456,1.007704,,,82.558182,159.305556,0.518238,0.000000
policy2,Policy 2,243,24.300,replay,0.670186,0.030261,10,1.827785,0.000000,0.141456,1.007704,,,82.830441,159.305556,0.519947,0.000000
policy3,Policy 3,243,24.300,replay,0.670186,0.030261,10,1.827785,0.000000,0.141456,1.007704,,,82.693688,159.305556,0.519089,0.000000
kubernetes-default,K8s default,244,24.400,replay,0.659513,0.541751,6,1.827785,0.500000,0.255361,-0.384784,,,84.160085,113.805556,0.739508,0.000000
cga,CGA,244,24.400,replay,0.659513,0.541751,6,1.827785,0.500000,0.255361,-0.384784,,,76.279115,113.805556,0.670258,0.000000
hda,HDA,244,24.400,replay,0.659513,0.541751,6,1.827785,0.500000,0.255361,-0.384784,,,72.139471,113.805556,0.633884,0.000000
policy2,Policy 2,244,24.400,replay,0.659513,0.541751,6,1.827785,0.500000,0.255361,-0.384784,,,72.793638,113.805556,0.639632,0.000000
policy3,Policy 3,244,24.400,replay,0.659513,0.541751,6,1.827785,0.500000,0.255361,-0.384784,,,70.006507,113.805556,0.615141,0.000000
kubernetes-default,K8s default,245,24.500,replay,0.641982,0.026582,6,1.827785,0.000000,0.255361,-0.384784,,,60.874530,113.805556,0.534899,0.000000
cga,CGA,245,24.500,replay,0.641982,0.026582,6,1.827785,0.000000,0.255361,-0.384784,,,51.541895,113.805556,0.452894,0.000000
hda,HDA,245,24.500,replay,0.641982,0.026582,6,1.827785,0.000000,0.255361,-0.384784,,,51.696763,113.805556,0.454255,0.000000
policy2,Policy 2,245,24.500,replay,0.641982,0.026582,6,1.827785,0.000000,0.255361,-0.384784,,,56.259410,113.805556,0.494347,0.000000
policy3,Policy 3,245,24.500,replay,0.641982,0.026582,6,1.827785,0.000000,0.255361,-0.384784,,,56.563005,113.805556,0.497014,0.000000
kubernetes-default,K8s default,246,24.600,replay,0.699185,0.081814,6,1.827785,0.000000,0.255361,-0.384784,,,61.600693,113.805556,0.541280,0.000000
cga,CGA,246,24.600,replay,0.699185,0.081814,6,1.827785,0.000000,0.255361,-0.384784,,,59.752503,113.805556,0.525040,0.000000
hda,HDA,246,24.600,replay,0.699185,0.081814,6,1.827785,0.000000,0.255361,-0.384784,,,56.277834,113.805556,0.494509,0.000000
policy2,Policy 2,246,24.600,replay,0.699185,0.081814,6,1.827785,0.000000,0.255361,-0.384784,,,56.758897,113.805556,0.498736,0.000000
policy3,Policy 3,246,24.600,replay,0.699185,0.081814,6,1.827785,0.000000,0.255361,-0.384784,,,54.921202,113.805556,0.482588,0.000000
kubernetes-default,K8s default,247,24.700,replay,0.727195,0.038518,6,1.827785,0.000000,0.255361,-0.384784,,,60.523294,113.805556,0.531813,0.000000
cga,CGA,247,24.700,replay,0.727195,0.038518,6,1.827785,0.000000,0.255361,-0.384784,,,56.163602,113.805556,0.493505,0.000000
hda,HDA,247,24.700,replay,0.727195,0.038518,6,1.827785,0.000000,0.255361,-0.384784,,,53.683894,113.805556,0.471716,0.000000
policy2,Policy 2,247,24.700,replay,0.727195,0.038518,6,1.827785,0.000000,0.255361,-0.384784,,,58.947377,113.805556,0.517966,0.000000
policy3,Policy 3,247,24.700,replay,0.727195,0.038518,6,1.827785,0.000000,0.255361,-0.384784,,,56.086649,113.805556,0.492829,0.000000
kubernetes-default,K8s default,248,24.800,replay,0.712224,0.020587,6,1.827785,0.000000,0.255361,-0.384784,,,59.855568,113.805556,0.525946,0.000000
cga,CGA,248,24.800,replay,0.712224,0.020587,6,1.827785,0.000000,0.255361,-0.384784,,,58.960034,113.805556,0.518077,0.000000
hda,HDA,248,24.800,replay,0.712224,0.020587,6,1.827785,0.000000,0.255361,-0.384784,,,57.366045,113.805556,0.504071,0.000000
policy2,Policy 2,248,24.800,replay,0.712224,0.020587,6,1.827785,0.000000,0.255361,-0.384784,,,55.137252,113.805556,0.484486,0.000000
policy3,Policy 3,248,24.800,replay,0.712224,0.020587,6,1.827785,0.000000,0.255361,-0.384784,,,54.172304,113.805556,0.476008,0.000000
kubernetes-default,K8s default,249,24.900,replay,0.639816,0.101665,6,1.827785,0.000000,0.255361,-0.384784,,,60.751511,113.805556,0.533818,0.000000
cga,CGA,249,24.900,replay,0.639816,0.101665,6,1.827785,0.000000,0.255361,-0.384784,,,59.346097,113.805556,0.521469,0.000000
hda,HDA,249,24.900,replay,0.639816,0.101665,6,1.827785,0.000000,0.255361,-0.384784,,,55.980356,113.805556,0.491895,0.000000
policy2,Policy 2,249,24.900,replay,0.639816,0.101665,6,1.827785,0.000000,0.255361,-0.384784,,,57.893944,113.805556,0.508709,0.000000
policy3,Policy 3,249,24.900,replay,0.639816,0.101665,6,1.827785,0.000000,0.255361,-0.384784,,,55.842425,113.805556,0.490683,0.000000
kubernetes-default,K8s default,250,25.000,replay,0.655193,0.506660,8,1.827785,0.800000,0.276642,0.298317,,,67.429751,100.805556,0.668909,0.000000
cga,CGA,250,25.000,replay,0.655193,0.506660,8,1.827785,0.800000,0.276642,0.298317,,,64.987299,100.805556,0.644680,0.000000
hda,HDA,250,25.000,replay,0.655193,0.506660,8,1.827785,0.800000,0.276642,0.298317,,,59.738861,100.805556,0.592615,0.000000
policy2,Policy 2,250,25.000,replay,0.655193,0.506660,8,1.827785,0.800000,0.276642,0.298317,,,64.586940,100.805556,0.640708,0.000000
policy3,Policy 3,250,25.000,replay,0.655193,0.506660,8,1.827785,0.800000,0.276642,0.298317,,,62.758139,100.805556,0.622566,0.000000
kubernetes-default,K8s default,251,25.100,replay,0.674590,0.028753,8,1.827785,0.000000,0.276642,0.298317,,,43.667991,100.805556,0.433190,0.000000
cga,CGA,251,25.100,replay,0.674590,0.028753,8,1.827785,0.000000,0.276642,0.298317,,,45.018937,100.805556,0.446592,0.000000
hda,HDA,251,25.100,replay,0.674590,0.028753,8,1.827785,0.000000,0.276642,0.298317,,,41.921187,100.805556,0.415862,0.000000
policy2,Policy 2,251,25.100,replay,0.674590,0.028753,8,1.827785,0.000000,0.276642,0.298317,,,43.642575,100.805556,0.432938,0.000000
policy3,Policy 3,251,25.100,replay,0.674590,0.028753,8,1.827785,0.000000,0.276642,0.298317,,,44.488979,100.805556,0.441335,0.000000
kubernetes-default,K8s default,252,25.200,replay,0.710870,0.741819,10,1.827785,0.800000,0.141456,1.007704,,,122.621834,159.305556,0.769727,0.000000
cga,CGA,252,25.200,replay,0.710870,0.741819,10,1.827785,0.800000,0.141456,1.007704,,,116.795486,159.305556,0.733154,0.000000
hda,HDA,252,25.200,replay,0.710870,0.741819,10,1.827785,0.800000,0.141456,1.007704,,,110.982775,159.305556,0.696666,0.000000
policy2,Policy 2,252,25.200,replay,0.710870,0.741819,10,1.827785,0.800000,0.141456,1.007704,,,111.948407,159.305556,0.702728,0.000000
policy3,Policy 3,252,25.200,replay,0.710870,0.741819,10,1.827785,0.800000,0.141456,1.007704,,,109.459868,159.305556,0.687106,0.000000
kubernetes-default,K8s default,253,25.300,replay,0.654653,0.079082,10,1.827785,0.000000,0.141456,1.007704,,,93.138286,159.305556,0.584652,0.000000
cga,CGA,253,25.300,replay,0.654653,0.079082,10,1.827785,0.000000,0.141456,1.007704,,,87.384648,159.305556,0.548535,0.000000
hda,HDA,253,25.300,replay,0.654653,0.079082,10,1.827785,0.000000,0.141456,1.007704,,,83.701628,159.305556,0.525416,0.000000
policy2,Policy 2,253,25.300,replay,0.654653,0.079082,10,1.827785,0.000000,0.141456,1.007704,,,88.080672,159.305556,0.552904,0.000000
policy3,Policy 3,253,25.300,replay,0.654653,0.079082,10,1.827785,0.000000,0.141456,1.007704,,,85.857194,159.305556,0.538947,0.000000
kubernetes-default,K8s default,254,25.400,replay,0.651613,0.004643,10,1.827785,0.000000,0.141456,1.007704,,,91.674162,159.305556,0.575461,0.000000
cga,CGA,254,25.400,replay,0.651613,0.004643,10,1.827785,0.000000,0.141456,1.007704,,,83.041280,159.305556,0.521270,0.000000
hda,HDA,254,25.400,replay,0.651613,0.004643,10,1.827785,0.000000,0.141456,1.007704,,,82.814525,159.305556,0.519847,0.000000
policy2,Policy 2,254,25.400,replay,0.651613,0.004643,10,1.827785,0.000000,0.141456,1.007704,,,80.465703,159.305556,0.505103,0.000000
policy3,Policy 3,254,25.400,replay,0.651613,0.004643,10,1.827785,0.000000,0.141456,1.007704,,,84.386777,159.305556,0.529716,0.000000
kubernetes-default,K8s default,255,25.500,replay,0.695416,0.506098,7,1.827785,0.500000,0.331303,-0.135046,,,78.519858,110.555556,0.710230,0.000000
cga,CGA,255,25.500,replay,0.695416,0.506098,7,1.827785,0.500000,0.331303,-0.135046,,,73.900433,110.555556,0.668446,0.000000
hda,HDA,255,25.500,replay,0.695416,0.506098,7,1.827785,0.500000,0.331303,-0.135046,,,68.058889,110.555556,0.615608,0.000000
policy2,Policy 2,255,25.500,replay,0.695416,0.506098,7,1.827785,0.500000,0.331303,-0.135046,,,77.670746,110.555556,0.702549,0.000000
policy3,Policy 3,255,25.500,replay,0.695416,0.506098,7,1.827785,0.500000,0.331303,-0.135046,,,70.987598,110.555556,0.642099,0.000000
kubernetes-default,K8s default,256,25.600,replay,0.694652,0.001099,7,1.827785,0.000000,0.331303,-0.135046,,,55.225730,110.555556,0.499529,0.000000
cga,CGA,256,25.600,replay,0.694652,0.001099,7,1.827785,0.000000,0.331303,-0.135046,,,55.228911,110.555556,0.499558,0.000000
hda,HDA,256,25.600,replay,0.694652,0.001099,7,1.827785,0.000000,0.331303,-0.135046,,,54.596409,110.555556,0.493837,0.000000
policy2,Policy 2,256,25.600,replay,0.694652,0.001099,7,1.827785,0.000000,0.331303,-0.135046,,,48.941034,110.555556,0.442683,0.000000
policy3,Policy 3,256,25.600,replay,0.694652,0.001099,7,1.827785,0.000000,0.331303,-0.135046,,,53.396971,110.555556,0.482988,0.000000
kubernetes-default,K8s default,257,25.700,replay,0.694684,0.502102,8,1.827785,0.500000,0.100621,1.025920,,,139.858477,198.305556,0.705268,0.000000
cga,CGA,257,25.700,replay,0.694684,0.502102,8,1.827785,0.500000,0.100621,1.025920,,,126.414664,198.305556,0.637474,0.000000
hda,HDA,257,25.700,replay,0.694684,0.502102,8,1.827785,0.500000,0.100621,1.025920,,,119.683281,198.305556,0.603530,0.000000
policy2,Policy 2,257,25.700,replay,0.694684,0.502102,8,1.827785,0.500000,0.100621,1.025920,,,125.112150,198.305556,0.630906,0.000000
policy3,Policy 3,257,25.700,replay,0.694684,0.502102,8,1.827785,0.500000,0.100621,1.025920,,,120.256598,198.305556,0.606421,0.000000
kubernetes-default,K8s default,258,25.800,replay,0.613407,0.116998,8,1.827785,0.000000,0.100621,1.025920,,,115.947719,198.305556,0.584692,0.000000
cga,CGA,258,25.800,replay,0.613407,0.116998,8,1.827785,0.000000,0.100621,1.025920,,,108.248605,198.305556,0.545868,0.000000
hda,HDA,258,25.800,replay,0.613407,0.116998,8,1.827785,0.000000,0.100621,1.025920,,,102.561734,198.305556,0.517190,0.000000
policy2,Policy 2,258,25.800,replay,0.613407,0.116998,8,1.827785,0.000000,0.100621,1.025920,,,102.619045,198.305556,0.517479,0.000000
policy3,Policy 3,258,25.800,replay,0.613407,0.116998,8,1.827785,0.000000,0.100621,1.025920,,,100.168947,198.305556,0.505124,0.000000
kubernetes-default,K8s default,259,25.900,replay,0.687679,0.108003,8,1.827785,0.000000,0.100621,1.025920,,,121.931280,198.305556,0.614866,0.000000
cga,CGA,259,25.900,replay,0.687679,0.108003,8,1.827785,0.000000,0.100621,1.025920,,,110.661189,198.305556,0.558034,0.000000
hda,HDA,259,25.900,replay,0.687679,0.108003,8,1.827785,0.000000,0.100621,1.025920,,,110.612477,198.305556,0.557788,0.000000
policy2,Policy 2,259,25.900,replay,0.687679,0.108003,8,1.827785,0.000000,0.100621,1.025920,,,109.525129,198.305556,0.552305,0.000000
policy3,Policy 3,259,25.900,replay,0.687679,0.108003,8,1.827785,0.000000,0.100621,1.025920,,,104.887622,198.305556,0.528919,0.000000
kubernetes-default,K8s default,260,26.000,replay,0.632708,0.079937,8,1.827785,0.000000,0.100621,1.025920,,,113.461187,198.305556,0.572153,0.000000
cga,CGA,260,26.000,replay,0.632708,0.079937,8,1.827785,0.000000,0.100621,1.025920,,,108.461200,198.305556,0.546940,0.000000
hda,HDA,260,26.000,replay,0.632708,0.079937,8,1.827785,0.000000,0.100621,1.025920,,,96.742440,198.305556,0.487845,0.000000
policy2,Policy 2,260,26.000,replay,0.632708,0.079937,8,1.827785,0.000000,0.100621,1.025920,,,104.951909,198.305556,0.529243,0.000000
policy3,Policy 3,260,26.000,replay,0.632708,0.079937,8,1.827785,0.000000,0.100621,1.025920,,,102.506744,198.305556,0.516913,0.000000
kubernetes-default,K8s default,261,26.100,replay,0.662056,0.044328,8,1.827785,0.000000,0.100621,1.025920,,,117.648397,198.305556,0.593268,0.000000
cga,CGA,261,26.100,replay,0.662056,0.044328,8,1.827785,0.000000,0.100621,1.025920,,,111.877664,198.305556,0.564168,0.000000
hda,HDA,261,26.100,replay,0.662056,0.044328,8,1.827785,0.000000,0.100621,1.025920,,,101.371822,198.305556,0.511190,0.000000
policy2,Policy 2,261,26.100,replay,0.662056,0.044328,8,1.827785,0.000000,0.100621,1.025920,,,102.402404,198.305556,0.516387,0.000000
policy3,Policy 3,261,26.100,replay,0.662056,0.044328,8,1.827785,0.000000,0.100621,1.025920,,,101.072928,198.305556,0.509683,0.000000
kubernetes-default,K8s default,262,26.200,replay,0.670432,0.012494,8,1.827785,0.000000,0.100621,1.025920,,,113.498085,198.305556,0.572339,0.000000
cga,CGA,262,26.200,replay,0.670432,0.012494,8,1.827785,0.000000,0.100621,1.025920,,,106.234014,198.305556,0.535709,0.000000
hda,HDA,262,26.200,replay,0.670432,0.012494,8,1.827785,0.000000,0.100621,1.025920,,,102.535953,198.305556,0.517060,0.000000
policy2,Policy 2,262,26.200,replay,0.670432,0.012494,8,1.827785,0.000000,0.100621,1.025920,,,106.519162,198.305556,0.537147,0.000000
policy3,Policy 3,262,26.200,replay,0.670432,0.012494,8,1.827785,0.000000,0.100621,1.025920,,,102.281994,198.305556,0.515780,0.000000
kubernetes-default,K8s default,263,26.300,replay,0.648400,0.032862,8,1.827785,0.000000,0.100621,1.025920,,,111.305382,198.305556,0.561282,0.000000
cga,CGA,263,26.300,replay,0.648400,0.032862,8,1.827785,0.000000,0.100621,1.025920,,,106.362256,198.305556,0.536355,0.000000
hda,HDA,263,26.300,replay,0.648400,0.032862,8,1.827785,0.000000,0.100621,1.025920,,,99.256663,198.305556,0.500524,0.000000
policy2,Policy 2,263,26.300,replay,0.648400,0.032862,8,1.827785,0.000000,0.100621,1.025920,,,101.278989,198.305556,0.510722,0.000000
policy3,Policy 3,263,26.300,replay,0.648400,0.032862,8,1.827785,0.000000,0.100621,1.025920,,,103.112009,198.305556,0.519965,0.000000
kubernetes-default,K8s default,264,26.400,replay,0.661719,0.767274,8,1.827785,0.800000,0.276642,0.298317,,,82.693050,100.805556,0.820322,0.000000
cga,CGA,264,26.400,replay,0.661719,0.767274,8,1.827785,0.800000,0.276642,0.298317,,,72.737497,100.805556,0.721562,0.000000
hda,HDA,264,26.400,replay,0.661719,0.767274,8,1.827785,0.800000,0.276642,0.298317,,,69.641601,100.805556,0.690851,0.000000
policy2,Policy 2,264,26.400,replay,0.661719,0.767274,8,1.827785,0.800000,0.276642,0.298317,,,75.047277,100.805556,0.744476,0.000000
policy3,Policy 3,264,26.400,replay,0.661719,0.767274,8,1.827785,0.800000,0.276642,0.298317,,,74.061443,100.805556,0.734696,0.000000
kubernetes-default,K8s default,265,26.500,replay,0.668842,0.010648,8,1.827785,0.000000,0.276642,0.298317,,,52.765779,100.805556,0.523441,0.000000
cga,CGA,265,26.500,replay,0.668842,0.010648,8,1.827785,0.000000,0.276642,0.298317,,,42.160923,100.805556,0.418240,0.000000
hda,HDA,265,26.500,replay,0.668842,0.010648,8,1.827785,0.000000,0.276642,0.298317,,,44.756541,100.805556,0.443989,0.000000
policy2,Policy 2,265,26.500,replay,0.668842,0.010648,8,1.827785,0.000000,0.276642,0.298317,,,41.788958,100.805556,0.414550,0.000000
policy3,Policy 3,265,26.500,replay,0.668842,0.010648,8,1.827785,0.000000,0.276642,0.298317,,,38.726188,100.805556,0.384167,0.000000
kubernetes-default,K8s default,266,26.600,replay,0.624863,0.065754,8,1.827785,0.000000,0.276642,0.298317,,,46.982954,100.805556,0.466075,0.000000
cga,CGA,266,26.600,replay,0.624863,0.065754,8,1.827785,0.000000,0.276642,0.298317,,,47.358353,100.805556,0.469799,0.000000
hda,HDA,266,26.600,replay,0.624863,0.065754,8,1.827785,0.000000,0.276642,0.298317,,,45.100492,100.805556,0.447401,0.000000
policy2,Policy 2,266,26.600,replay,0.624863,0.065754,8,1.827785,0.000000,0.276642,0.298317,,,45.827386,100.805556,0.454612,0.000000
policy3,Policy 3,266,26.600,replay,0.624863,0.065754,8,1.827785,0.000000,0.276642,0.298317,,,42.557891,100.805556,0.422178,0.000000
kubernetes-default,K8s default,267,26.700,replay,0.605387,0.031168,8,1.827785,0.000000,0.276642,0.298317,,,45.170358,100.805556,0.448094,0.000000
cga,CGA,267,26.700,replay,0.605387,0.031168,8,1.827785,0.000000,0.276642,0.298317,,,41.219719,100.805556,0.408903,0.000000
hda,HDA,267,26.700,replay,0.605387,0.031168,8,1.827785,0.000000,0.276642,0.298317,,,38.720537,100.805556,0.384111,0.000000
policy2,Policy 2,267,26.700,replay,0.605387,0.031168,8,1.827785,0.000000,0.276642,0.298317,,,41.566340,100.805556,0.412342,0.000000
policy3,Policy 3,267,26.700,replay,0.605387,0.031168,8,1.827785,0.000000,0.276642,0.298317,,,38.738447,100.805556,0.384289,0.000000
kubernetes-default,K8s default,268,26.800,replay,0.685069,0.116313,8,1.827785,0.000000,0.276642,0.298317,,,56.316895,100.805556,0.558669,0.000000
cga,CGA,268,26.800,replay,0.685069,0.116313,8,1.827785,0.000000,0.276642,0.298317,,,47.009211,100.805556,0.466336,0.000000
hda,HDA,268,26.800,replay,0.685069,0.116313,8,1.827785,0.000000,0.276642,0.298317,,,49.232380,100.805556,0.488390,0.000000
policy2,Policy 2,268,26.800,replay,0.685069,0.116313,8,1.827785,0.000000,0.276642,0.298317,,,47.917361,100.805556,0.475344,0.000000
policy3,Policy 3,268,26.800,replay,0.685069,0.116313,8,1.827785,0.000000,0.276642,0.298317,,,43.933613,100.805556,0.435825,0.000000
kubernetes-default,K8s default,269,26.900,replay,0.640806,0.064612,8,1.827785,0.000000,0.276642,0.298317,,,50.448248,100.805556,0.500451,0.000000
cga,CGA,269,26.900,replay,0.640806,0.064612,8,1.827785,0.000000,0.276642,0.298317,,,47.818176,100.805556,0.474361,0.000000
hda,HDA,269,26.900,replay,0.640806,0.064612,8,1.827785,0.000000,0.276642,0.298317,,,46.016575,100.805556,0.456488,0.000000
policy2,Policy 2,269,26.900,replay,0.640806,0.064612,8,1.827785,0.000000,0.276642,0.298317,,,43.033050,100.805556,0.426892,0.000000
policy3,Policy 3,269,26.900,replay,0.640806,0.064612,8,1.827785,0.000000,0.276642,0.298317,,,42.551254,100.805556,0.422112,0.000000
kubernetes-default,K8s default,270,27.000,replay,0.660467,0.029769,8,1.827785,0.000000,0.276642,0.298317,,,47.345312,100.805556,0.469670,0.000000
cga,CGA,270,27.000,replay,0.660467,0.029769,8,1.827785,0.000000,0.276642,0.298317,,,41.427127,100.805556,0.410961,0.000000
hda,HDA,270,27.000,replay,0.660467,0.029769,8,1.827785,0.000000,0.276642,0.298317,,,35.822415,100.805556,0.355362,0.000000
policy2,Policy 2,270,27.000,replay,0.660467,0.029769,8,1.827785,0.000000,0.276642,0.298317,,,46.208200,100.805556,0.458389,0.000000
policy3,Policy 3,270,27.000,replay,0.660467,0.029769,8,1.827785,0.000000,0.276642,0.298317,,,45.629815,100.805556,0.452652,0.000000
kubernetes-default,K8s default,271,27.100,replay,0.599666,0.092057,8,1.827785,0.000000,0.276642,0.298317,,,50.404367,100.805556,0.500016,0.000000
cga,CGA,271,27.100,replay,0.599666,0.092057,8,1.827785,0.000000,0.276642,0.298317,,,43.327114,100.805556,0.429809,0.000000
hda,HDA,271,27.100,replay,0.599666,0.092057,8,1.827785,0.000000,0.276642,0.298317,,,44.470897,100.805556,0.441155,0.000000
policy2,Policy 2,271,27.100,replay,0.599666,0.092057,8,1.827785,0.000000,0.276642,0.298317,,,47.529290,100.805556,0.471495,0.000000
policy3,Policy 3,271,27.100,replay,0.599666,0.092057,8,1.827785,0.000000,0.276642,0.298317,,,40.407848,100.805556,0.400849,0.000000
kubernetes-default,K8s default,272,27.200,replay,0.604926,0.008694,8,1.827785,0.000000,0.276642,0.298317,,,41.388471,100.805556,0.410577,0.000000
cga,CGA,272,27.200,replay,0.604926,0.008694,8,1.827785,0.000000,0.276642,0.298317,,,41.004675,100.805556,0.406770,0.000000
hda,HDA,272,27.200,replay,0.604926,0.008694,8,1.827785,0.000000,0.276642,0.298317,,,41.137818,100.805556,0.408091,0.000000
policy2,Policy 2,272,27.200,replay,0.604926,0.008694,8,1.827785,0.000000,0.276642,0.298317,,,42.116822,100.805556,0.417803,0.000000
policy3,Policy 3,272,27.200,replay,0.604926,0.008694,8,1.827785,0.000000,0.276642,0.298317,,,44.849218,100.805556,0.444908,0.000000
kubernetes-default,K8s default,273,27.300,replay,0.633892,0.631674,7,1.827785,0.800000,0.331303,-0.135046,,,81.971622,110.555556,0.741452,0.000000
cga,CGA,273,27.300,replay,0.633892,0.631674,7,1.827785,0.800000,0.331303,-0.135046,,,77.920064,110.555556,0.704805,0.000000
hda,HDA,273,27.300,replay,0.633892,0.631674,7,1.827785,0.800000,0.331303,-0.135046,,,76.763979,110.555556,0.694348,0.000000
policy2,Policy 2,273,27.300,replay,0.633892,0.631674,7,1.827785,0.800000,0.331303,-0.135046,,,74.928358,110.555556,0.677744,0.000000
policy3,Policy 3,273,27.300,replay,0.633892,0.631674,7,1.827785,0.800000,0.331303,-0.135046,,,77.531251,110.555556,0.701288,0.000000
kubernetes-default,K8s default,274,27.400,replay,0.645703,0.018291,7,1.827785,0.000000,0.331303,-0.135046,,,56.227496,110.555556,0.508590,0.000000
cga,CGA,274,27.400,replay,0.645703,0.018291,7,1.827785,0.000000,0.331303,-0.135046,,,52.779636,110.555556,0.477404,0.000000
hda,HDA,274,27.400,replay,0.645703,0.018291,7,1.827785,0.000000,0.331303,-0.135046,,,45.348751,110.555556,0.410190,0.000000
policy2,Policy 2,274,27.400,replay,0.645703,0.018291,7,1.827785,0.000000,0.331303,-0.135046,,,51.642754,110.555556,0.467120,0.000000
policy3,Policy 3,274,27.400,replay,0.645703,0.018291,7,1.827785,0.000000,0.331303,-0.135046,,,48.908525,110.555556,0.442389,0.000000
kubernetes-default,K8s default,275,27.500,replay,0.617671,0.043413,7,1.827785,0.000000,0.331303,-0.135046,,,59.166109,110.555556,0.535171,0.000000
cga,CGA,275,27.500,replay,0.617671,0.043413,7,1.827785,0.000000,0.331303,-0.135046,,,54.868962,110.555556,0.496302,0.000000
hda,HDA,275,27.500,replay,0.617671,0.043413,7,1.827785,0.000000,0.331303,-0.135046,,,52.572203,110.555556,0.475527,0.000000
policy2,Policy 2,275,27.500,replay,0.617671,0.043413,7,1.827785,0.000000,0.331303,-0.135046,,,54.419917,110.555556,0.492240,0.000000
policy3,Policy 3,275,27.500,replay,0.617671,0.043413,7,1.827785,0.000000,0.331303,-0.135046,,,50.321975,110.555556,0.455174,0.000000
kubernetes-default,K8s default,276,27.600,replay,0.605834,0.019164,7,1.827785,0.000000,0.331303,-0.135046,,,55.881553,110.555556,0.505461,0.000000
cga,CGA,276,27.600,replay,0.605834,0.019164,7,1.827785,0.000000,0.331303,-0.135046,,,52.319861,110.555556,0.473245,0.000000
hda,HDA,276,27.600,replay,0.605834,0.019164,7,1.827785,0.000000,0.331303,-0.135046,,,48.802396,110.555556,0.441429,0.000000
policy2,Policy 2,276,27.600,replay,0.605834,0.019164,7,1.827785,0.000000,0.331303,-0.135046,,,48.174128,110.555556,0.435746,0.000000
policy3,Policy 3,276,27.600,replay,0.605834,0.019164,7,1.827785,0.000000,0.331303,-0.135046,,,55.688407,110.555556,0.503714,0.000000
kubernetes-default,K8s default,277,27.700,replay,0.667076,0.091807,7,1.827785,0.000000,0.331303,-0.135046,,,58.618856,110.555556,0.530221,0.000000
cga,CGA,277,27.700,replay,0.667076,0.091807,7,1.827785,0.000000,0.331303,-0.135046,,,53.834779,110.555556,0.486948,0.000000
hda,HDA,277,27.700,replay,0.667076,0.091807,7,1.827785,0.000000,0.331303,-0.135046,,,50.410001,110.555556,0.455970,0.000000
policy2,Policy 2,277,27.700,replay,0.667076,0.091807,7,1.827785,0.000000,0.331303,-0.135046,,,56.947452,110.555556,0.515103,0.000000
policy3,Policy 3,277,27.700,replay,0.667076,0.091807,7,1.827785,0.000000,0.331303,-0.135046,,,55.844338,110.555556,0.505125,0.000000
kubernetes-default,K8s default,278,27.800,replay,0.644936,0.033189,7,1.827785,0.000000,0.331303,-0.135046,,,57.203062,110.555556,0.517415,0.000000
cga,CGA,278,27.800,replay,0.644936,0.033189,7,1.827785,0.000000,0.331303,-0.135046,,,55.868720,110.555556,0.505345,0.000000
hda,HDA,278,27.800,replay,0.644936,0.033189,7,1.827785,0.000000,0.331303,-0.135046,,,53.408904,110.555556,0.483096,0.000000
policy2,Policy 2,278,27.800,replay,0.644936,0.033189,7,1.827785,0.000000,0.331303,-0.135046,,,53.646716,110.555556,0.485247,0.000000
policy3,Policy 3,278,27.800,replay,0.644936,0.033189,7,1.827785,0.000000,0.331303,-0.135046,,,50.070752,110.555556,0.452901,0.000000
kubernetes-default,K8s default,279,27.900,replay,0.592190,0.081786,7,1.827785,0.000000,0.331303,-0.135046,,,56.827206,110.555556,0.514015,0.000000
cga,CGA,279,27.900,replay,0.592190,0.081786,7,1.827785,0.000000,0.331303,-0.135046,,,53.223559,110.555556,0.481419,0.000000
hda,HDA,279,27.900,replay,0.592190,0.081786,7,1.827785,0.000000,0.331303,-0.135046,,,55.971419,110.555556,0.506274,0.000000
policy2,Policy 2,279,27.900,replay,0.592190,0.081786,7,1.827785,0.000000,0.331303,-0.135046,,,58.685748,110.555556,0.530826,0.000000
policy3,Policy 3,279,27.900,replay,0.592190,0.081786,7,1.827785,0.000000,0.331303,-0.135046,,,51.192165,110.555556,0.463045,0.000000
kubernetes-default,K8s default,280,28.000,replay,0.658342,0.100483,7,1.827785,0.000000,0.331303,-0.135046,,,63.343862,110.555556,0.572960,0.000000
cga,CGA,280,28.000,replay,0.658342,0.100483,7,1.827785,0.000000,0.331303,-0.135046,,,55.263893,110.555556,0.499874,0.000000
hda,HDA,280,28.000,replay,0.658342,0.100483,7,1.827785,0.000000,0.331303,-0.135046,,,53.238808,110.555556,0.481557,0.000000
policy2,Policy 2,280,28.000,replay,0.658342,0.100483,7,1.827785,0.000000,0.331303,-0.135046,,,53.966185,110.555556,0.488136,0.000000
policy3,Policy 3,280,28.000,replay,0.658342,0.100483,7,1.827785,0.000000,0.331303,-0.135046,,,54.959893,110.555556,0.497125,0.000000
kubernetes-default,K8s default,281,28.100,replay,0.674135,0.023427,7,1.827785,0.000000,0.331303,-0.135046,,,54.810976,110.555556,0.495778,0.000000
cga,CGA,281,28.100,replay,0.674135,0.023427,7,1.827785,0.000000,0.331303,-0.135046,,,55.983641,110.555556,0.506385,0.000000
hda,HDA,281,28.100,replay,0.674135,0.023427,7,1.827785,0.000000,0.331303,-0.135046,,,47.970171,110.555556,0.433901,0.000000
policy2,Policy 2,281,28.100,replay,0.674135,0.023427,7,1.827785,0.000000,0.331303,-0.135046,,,49.099606,110.555556,0.444117,0.000000
policy3,Policy 3,281,28.100,replay,0.674135,0.023427,7,1.827785,0.000000,0.331303,-0.135046,,,55.163349,110.555556,0.498965,0.000000
kubernetes-default,K8s default,282,28.200,replay,0.643423,0.045557,7,1.827785,0.000000,0.331303,-0.135046,,,58.407848,110.555556,0.528312,0.000000
cga,CGA,282,28.200,replay,0.643423,0.045557,7,1.827785,0.000000,0.331303,-0.135046,,,55.997396,110.555556,0.506509,0.000000
hda,HDA,282,28.200,replay,0.643423,0.045557,7,1.827785,0.000000,0.331303,-0.135046,,,49.885345,110.555556,0.451224,0.000000
policy2,Policy 2,282,28.200,replay,0.643423,0.045557,7,1.827785,0.000000,0.331303,-0.135046,,,49.706789,110.555556,0.449609,0.000000
policy3,Policy 3,282,28.200,replay,0.643423,0.045557,7,1.827785,0.000000,0.331303,-0.135046,,,53.231066,110.555556,0.481487,0.000000
kubernetes-default,K8s default,283,28.300,replay,0.613707,0.046184,7,1.827785,0.000000,0.331303,-0.135046,,,53.923230,110.555556,0.487748,0.000000
cga,CGA,283,28.300,replay,0.613707,0.046184,7,1.827785,0.000000,0.331303,-0.135046,,,54.440901,110.555556,0.492430,0.000000
hda,HDA,283,28.300,replay,0.613707,0.046184,7,1.827785,0.000000,0.331303,-0.135046,,,48.377577,110.555556,0.437586,0.000000
policy2,Policy 2,283,28.300,replay,0.613707,0.046184,7,1.827785,0.000000,0.331303,-0.135046,,,53.970415,110.555556,0.488175,0.000000
policy3,Policy 3,283,28.300,replay,0.613707,0.046184,7,1.827785,0.000000,0.331303,-0.135046,,,54.303987,110.555556,0.491192,0.000000
kubernetes-default,K8s default,284,28.400,replay,0.610673,0.004944,7,1.827785,0.000000,0.331303,-0.135046,,,50.299550,110.555556,0.454971,0.000000
cga,CGA,284,28.400,replay,0.610673,0.004944,7,1.827785,0.000000,0.331303,-0.135046,,,53.580475,110.555556,0.484648,0.000000
hda,HDA,284,28.400,replay,0.610673,0.004944,7,1.827785,0.000000,0.331303,-0.135046,,,44.509632,110.555556,0.402600,0.000000
policy2,Policy 2,284,28.400,replay,0.610673,0.004944,7,1.827785,0.000000,0.331303,-0.135046,,,48.389352,110.555556,0.437693,0.000000
policy3,Policy 3,284,28.400,replay,0.610673,0.004944,7,1.827785,0.000000,0.331303,-0.135046,,,50.929688,110.555556,0.460671,0.000000
kubernetes-default,K8s default,285,28.500,replay,0.636257,0.040211,7,1.827785,0.000000,0.331303,-0.135046,,,54.611363,110.555556,0.493972,0.000000
cga,CGA,285,28.500,replay,0.636257,0.040211,7,1.827785,0.000000,0.331303,-0.135046,,,52.876395,110.555556,0.478279,0.000000
hda,HDA,285,28.500,replay,0.636257,0.040211,7,1.827785,0.000000,0.331303,-0.135046,,,53.700192,110.555556,0.485730,0.000000
policy2,Policy 2,285,28.500,replay,0.636257,0.040211,7,1.827785,0.000000,0.331303,-0.135046,,,54.428222,110.555556,0.492316,0.000000
policy3,Policy 3,285,28.500,replay,0.636257,0.040211,7,1.827785,0.000000,0.331303,-0.135046,,,46.730391,110.555556,0.422687,0.000000
kubernetes-default,K8s default,286,28.600,replay,0.585786,0.079325,7,1.827785,0.000000,0.331303,-0.135046,,,55.469786,110.555556,0.501737,0.000000
cga,CGA,286,28.600,replay,0.585786,0.079325,7,1.827785,0.000000,0.331303,-0.135046,,,55.296644,110.555556,0.500171,0.000000
hda,HDA,286,28.600,replay,0.585786,0.079325,7,1.827785,0.000000,0.331303,-0.135046,,,50.366468,110.555556,0.455576,0.000000
policy2,Policy 2,286,28.600,replay,0.585786,0.079325,7,1.827785,0.000000,0.331303,-0.135046,,,51.368343,110.555556,0.464638,0.000000
policy3,Policy 3,286,28.600,replay,0.585786,0.079325,7,1.827785,0.000000,0.331303,-0.135046,,,52.044103,110.555556,0.470751,0.000000
kubernetes-default,K8s default,287,28.700,replay,0.636646,0.079887,7,1.827785,0.000000,0.331303,-0.135046,,,60.043853,110.555556,0.543110,0.000000
cga,CGA,287,28.700,replay,0.636646,0.079887,7,1.827785,0.000000,0.331303,-0.135046,,,57.850904,110.555556,0.523275,0.000000
hda,HDA,287,28.700,replay,0.636646,0.079887,7,1.827785,0.000000,0.331303,-0.135046,,,52.534698,110.555556,0.475188,0.000000
policy2,Policy 2,287,28.700,replay,0.636646,0.079887,7,1.827785,0.000000,0.331303,-0.135046,,,51.917752,110.555556,0.469608,0.000000
policy3,Policy 3,287,28.700,replay,0.636646,0.079887,7,1.827785,0.000000,0.331303,-0.135046,,,53.673056,110.555556,0.485485,0.000000
kubernetes-default,K8s default,288,28.800,replay,0.627754,0.013967,7,1.827785,0.000000,0.331303,-0.135046,,,57.743675,110.555556,0.522305,0.000000
cga,CGA,288,28.800,replay,0.627754,0.013967,7,1.827785,0.000000,0.331303,-0.135046,,,55.299728,110.555556,0.500199,0.000000
hda,HDA,288,28.800,replay,0.627754,0.013967,7,1.827785,0.000000,0.331303,-0.135046,,,49.805382,110.555556,0.450501,0.000000
policy2,Policy 2,288,28.800,replay,0.627754,0.013967,7,1.827785,0.000000,0.331303,-0.135046,,,57.363466,110.555556,0.518866,0.000000
policy3,Policy 3,288,28.800,replay,0.627754,0.013967,7,1.827785,0.000000,0.331303,-0.135046,,,49.540598,110.555556,0.448106,0.000000
kubernetes-default,K8s default,289,28.900,replay,0.650471,0.034924,7,1.827785,0.000000,0.331303,-0.135046,,,55.717132,110.555556,0.503974,0.000000
cga,CGA,289,28.900,replay,0.650471,0.034924,7,1.827785,0.000000,0.331303,-0.135046,,,52.255948,110.555556,0.472667,0.000000
hda,HDA,289,28.900,replay,0.650471,0.034924,7,1.827785,0.000000,0.331303,-0.135046,,,50.695610,110.555556,0.458553,0.000000
policy2,Policy 2,289,28.900,replay,0.650471,0.034924,7,1.827785,0.000000,0.331303,-0.135046,,,49.356149,110.555556,0.446438,0.000000
policy3,Policy 3,289,28.900,replay,0.650471,0.034924,7,1.827785,0.000000,0.331303,-0.135046,,,48.185449,110.555556,0.435848,0.000000
kubernetes-default,K8s default,290,29.000,replay,0.591337,0.090909,7,1.827785,0.000000,0.331303,-0.135046,,,61.613934,110.555556,0.557312,0.000000
cga,CGA,290,29.000,replay,0.591337,0.090909,7,1.827785,0.000000,0.331303,-0.135046,,,53.064684,110.555556,0.479982,0.000000
hda,HDA,290,29.000,replay,0.591337,0.090909,7,1.827785,0.000000,0.331303,-0.135046,,,52.876977,110.555556,0.478284,0.000000
policy2,Policy 2,290,29.000,replay,0.591337,0.090909,7,1.827785,0.000000,0.331303,-0.135046,,,55.953737,110.555556,0.506114,0.000000
policy3,Policy 3,290,29.000,replay,0.591337,0.090909,7,1.827785,0.000000,0.331303,-0.135046,,,52.422830,110.555556,0.474176,0.000000
kubernetes-default,K8s default,291,29.100,replay,0.616409,0.040674,7,1.827785,0.000000,0.331303,-0.135046,,,55.727658,110.555556,0.504069,0.000000
cga,CGA,291,29.100,replay,0.616409,0.040674,7,1.827785,0.000000,0.331303,-0.135046,,,51.794368,110.555556,0.468492,0.000000
hda,HDA,291,29.100,replay,0.616409,0.040674,7,1.827785,0.000000,0.331303,-0.135046,,,49.236342,110.555556,0.445354,0.000000
policy2,Policy 2,291,29.100,replay,0.616409,0.040674,7,1.827785,0.000000,0.331303,-0.135046,,,46.666095,110.555556,0.422105,0.000000
policy3,Policy 3,291,29.100,replay,0.616409,0.040674,7,1.827785,0.000000,0.331303,-0.135046,,,53.176580,110.555556,0.480994,0.000000
kubernetes-default,K8s default,292,29.200,replay,0.650546,0.052475,7,1.827785,0.000000,0.331303,-0.135046,,,57.097003,110.555556,0.516455,0.000000
cga,CGA,292,29.200,replay,0.650546,0.052475,7,1.827785,0.000000,0.331303,-0.135046,,,52.468322,110.555556,0.474588,0.000000
hda,HDA,292,29.200,replay,0.650546,0.052475,7,1.827785,0.000000,0.331303,-0.135046,,,54.970255,110.555556,0.497218,0.000000
policy2,Policy 2,292,29.200,replay,0.650546,0.052475,7,1.827785,0.000000,0.331303,-0.135046,,,51.758480,110.555556,0.468167,0.000000
policy3,Policy 3,292,29.200,replay,0.650546,0.052475,7,1.827785,0.000000,0.331303,-0.135046,,,48.994529,110.555556,0.443167,0.000000
kubernetes-default,K8s default,293,29.300,replay,0.636655,0.021354,7,1.827785,0.000000,0.331303,-0.135046,,,55.095838,110.555556,0.498354,0.000000
cga,CGA,293,29.300,replay,0.636655,0.021354,7,1.827785,0.000000,0.331303,-0.135046,,,52.751125,110.555556,0.477146,0.000000
hda,HDA,293,29.300,replay,0.636655,0.021354,7,1.827785,0.000000,0.331303,-0.135046,,,49.418838,110.555556,0.447005,0.000000
policy2,Policy 2,293,29.300,replay,0.636655,0.021354,7,1.827785,0.000000,0.331303,-0.135046,,,49.722519,110.555556,0.449751,0.000000
policy3,Policy 3,293,29.300,replay,0.636655,0.021354,7,1.827785,0.000000,0.331303,-0.135046,,,48.576935,110.555556,0.439389,0.000000
kubernetes-default,K8s default,294,29.400,replay,0.582234,0.085479,7,1.827785,0.000000,0.331303,-0.135046,,,53.264456,110.555556,0.481789,0.000000
cga,CGA,294,29.400,replay,0.582234,0.085479,7,1.827785,0.000000,0.331303,-0.135046,,,55.137871,110.555556,0.498735,0.000000
hda,HDA,294,29.400,replay,0.582234,0.085479,7,1.827785,0.000000,0.331303,-0.135046,,,50.926675,110.555556,0.460643,0.000000
policy2,Policy 2,294,29.400,replay,0.582234,0.085479,7,1.827785,0.000000,0.331303,-0.135046,,,55.804760,110.555556,0.504767,0.000000
policy3,Policy 3,294,29.400,replay,0.582234,0.085479,7,1.827785,0.000000,0.331303,-0.135046,,,53.782832,110.555556,0.486478,0.000000
kubernetes-default,K8s default,295,29.500,replay,0.618760,0.059031,7,1.827785,0.000000,0.331303,-0.135046,,,52.224661,110.555556,0.472384,0.000000
cga,CGA,295,29.500,replay,0.618760,0.059031,7,1.827785,0.000000,0.331303,-0.135046,,,54.238246,110.555556,0.490597,0.000000
hda,HDA,295,29.500,replay,0.618760,0.059031,7,1.827785,0.000000,0.331303,-0.135046,,,58.070768,110.555556,0.525263,0.000000
policy2,Policy 2,295,29.500,replay,0.618760,0.059031,7,1.827785,0.000000,0.331303,-0.135046,,,54.588636,110.555556,0.493767,0.000000
policy3,Policy 3,295,29.500,replay,0.618760,0.059031,7,1.827785,0.000000,0.331303,-0.135046,,,46.659471,110.555556,0.422045,0.000000
kubernetes-default,K8s default,296,29.600,replay,0.595280,0.037946,7,1.827785,0.000000,0.331303,-0.135046,,,51.450463,110.555556,0.465381,0.000000
cga,CGA,296,29.600,replay,0.595280,0.037946,7,1.827785,0.000000,0.331303,-0.135046,,,53.122150,110.555556,0.480502,0.000000
hda,HDA,296,29.600,replay,0.595280,0.037946,7,1.827785,0.000000,0.331303,-0.135046,,,46.660092,110.555556,0.422051,0.000000
policy2,Policy 2,296,29.600,replay,0.595280,0.037946,7,1.827785,0.000000,0.331303,-0.135046,,,49.460310,110.555556,0.447380,0.000000
policy3,Policy 3,296,29.600,replay,0.595280,0.037946,7,1.827785,0.000000,0.331303,-0.135046,,,50.930042,110.555556,0.460674,0.000000
kubernetes-default,K8s default,297,29.700,replay,0.580393,0.025009,7,1.827785,0.000000,0.331303,-0.135046,,,53.560620,110.555556,0.484468,0.000000
cga,CGA,297,29.700,replay,0.580393,0.025009,7,1.827785,0.000000,0.331303,-0.135046,,,48.122193,110.555556,0.435276,0.000000
hda,HDA,297,29.700,replay,0.580393,0.025009,7,1.827785,0.000000,0.331303,-0.135046,,,53.071035,110.555556,0.480040,0.000000
policy2,Policy 2,297,29.700,replay,0.580393,0.025009,7,1.827785,0.000000,0.331303,-0.135046,,,47.148323,110.555556,0.426467,0.000000
policy3,Policy 3,297,29.700,replay,0.580393,0.025009,7,1.827785,0.000000,0.331303,-0.135046,,,52.437033,110.555556,0.474305,0.000000
kubernetes-default,K8s default,298,29.800,replay,0.590090,0.016434,7,1.827785,0.000000,0.331303,-0.135046,,,53.342300,110.555556,0.482493,0.000000
cga,CGA,298,29.800,replay,0.590090,0.016434,7,1.827785,0.000000,0.331303,-0.135046,,,50.290437,110.555556,0.454888,0.000000
hda,HDA,298,29.800,replay,0.590090,0.016434,7,1.827785,0.000000,0.331303,-0.135046,,,51.476939,110.555556,0.465621,0.000000
policy2,Policy 2,298,29.800,replay,0.590090,0.016434,7,1.827785,0.000000,0.331303,-0.135046,,,51.086368,110.555556,0.462088,0.000000
policy3,Policy 3,298,29.800,replay,0.590090,0.016434,7,1.827785,0.000000,0.331303,-0.135046,,,50.413122,110.555556,0.455998,0.000000
kubernetes-default,K8s default,299,29.900,replay,0.590734,0.001089,7,1.827785,0.000000,0.331303,-0.135046,,,54.216771,110.555556,0.490403,0.000000
cga,CGA,299,29.900,replay,0.590734,0.001089,7,1.827785,0.000000,0.331303,-0.135046,,,51.726893,110.555556,0.467881,0.000000
hda,HDA,299,29.900,replay,0.590734,0.001089,7,1.827785,0.000000,0.331303,-0.135046,,,52.038516,110.555556,0.470700,0.000000
policy2,Policy 2,299,29.900,replay,0.590734,0.001089,7,1.827785,0.000000,0.331303,-0.135046,,,47.779463,110.555556,0.432176,0.000000
policy3,Policy 3,299,29.900,replay,0.590734,0.001089,7,1.827785,0.000000,0.331303,-0.135046,,,46.643316,110.555556,0.421899,0.000000
kubernetes-default,K8s default,300,30.000,replay,0.633034,0.066822,7,1.827785,0.000000,0.331303,-0.135046,,,58.267481,110.555556,0.527043,0.000000
cga,CGA,300,30.000,replay,0.633034,0.066822,7,1.827785,0.000000,0.331303,-0.135046,,,52.155481,110.555556,0.471758,0.000000
hda,HDA,300,30.000,replay,0.633034,0.066822,7,1.827785,0.000000,0.331303,-0.135046,,,52.726820,110.555556,0.476926,0.000000
policy2,Policy 2,300,30.000,replay,0.633034,0.066822,7,1.827785,0.000000,0.331303,-0.135046,,,50.004089,110.555556,0.452298,0.000000
policy3,Policy 3,300,30.000,replay,0.633034,0.066822,7,1.827785,0.000000,0.331303,-0.135046,,,46.384907,110.555556,0.419562,0.000000
kubernetes-default,K8s default,301,30.100,replay,0.569593,0.320691,6,1.827785,0.500000,0.064487,1.119305,,,112.696103,172.305556,0.654048,0.000000
cga,CGA,301,30.100,replay,0.569593,0.320691,6,1.827785,0.500000,0.064487,1.119305,,,103.082055,172.305556,0.598251,0.000000
hda,HDA,301,30.100,replay,0.569593,0.320691,6,1.827785,0.500000,0.064487,1.119305,,,99.324520,172.305556,0.576444,0.000000
policy2,Policy 2,301,30.100,replay,0.569593,0.320691,6,1.827785,0.500000,0.064487,1.119305,,,100.686144,172.305556,0.584346,0.000000
policy3,Policy 3,301,30.100,replay,0.569593,0.320691,6,1.827785,0.500000,0.064487,1.119305,,,98.250605,172.305556,0.570211,0.000000
kubernetes-default,K8s default,302,30.200,replay,0.589824,0.034301,6,1.827785,0.000000,0.064487,1.119305,,,101.856676,172.305556,0.591140,0.000000
cga,CGA,302,30.200,replay,0.589824,0.034301,6,1.827785,0.000000,0.064487,1.119305,,,92.465707,172.305556,0.536638,0.000000
hda,HDA,302,30.200,replay,0.589824,0.034301,6,1.827785,0.000000,0.064487,1.119305,,,88.382920,172.305556,0.512943,0.000000
policy2,Policy 2,302,30.200,replay,0.589824,0.034301,6,1.827785,0.000000,0.064487,1.119305,,,90.503781,172.305556,0.525252,0.000000
policy3,Policy 3,302,30.200,replay,0.589824,0.034301,6,1.827785,0.000000,0.064487,1.119305,,,87.847811,172.305556,0.509837,0.000000
kubernetes-default,K8s default,303,30.300,replay,0.607020,0.028328,6,1.827785,0.000000,0.064487,1.119305,,,97.672851,172.305556,0.566858,0.000000
cga,CGA,303,30.300,replay,0.607020,0.028328,6,1.827785,0.000000,0.064487,1.119305,,,88.083002,172.305556,0.511202,0.000000
hda,HDA,303,30.300,replay,0.607020,0.028328,6,1.827785,0.000000,0.064487,1.119305,,,87.401932,172.305556,0.507250,0.000000
policy2,Policy 2,303,30.300,replay,0.607020,0.028328,6,1.827785,0.000000,0.064487,1.119305,,,86.766728,172.305556,0.503563,0.000000
policy3,Policy 3,303,30.300,replay,0.607020,0.028328,6,1.827785,0.000000,0.064487,1.119305,,,86.272210,172.305556,0.500693,0.000000
kubernetes-default,K8s default,304,30.400,replay,0.575229,0.052371,6,1.827785,0.000000,0.064487,1.119305,,,100.341735,172.305556,0.582348,0.000000
cga,CGA,304,30.400,replay,0.575229,0.052371,6,1.827785,0.000000,0.064487,1.119305,,,94.020307,172.305556,0.545660,0.000000
hda,HDA,304,30.400,replay,0.575229,0.052371,6,1.827785,0.000000,0.064487,1.119305,,,85.866759,172.305556,0.498340,0.000000
policy2,Policy 2,304,30.400,replay,0.575229,0.052371,6,1.827785,0.000000,0.064487,1.119305,,,88.840843,172.305556,0.515601,0.000000
policy3,Policy 3,304,30.400,replay,0.575229,0.052371,6,1.827785,0.000000,0.064487,1.119305,,,88.558994,172.305556,0.513965,0.000000
kubernetes-default,K8s default,305,30.500,replay,0.623942,0.484989,6,1.827785,0.500000,0.255361,-0.384784,,,76.067307,113.805556,0.668397,0.000000
cga,CGA,305,30.500,replay,0.623942,0.484989,6,1.827785,0.500000,0.255361,-0.384784,,,73.895796,113.805556,0.649316,0.000000
hda,HDA,305,30.500,replay,0.623942,0.484989,6,1.827785,0.500000,0.255361,-0.384784,,,71.334161,113.805556,0.626807,0.000000
policy2,Policy 2,305,30.500,replay,0.623942,0.484989,6,1.827785,0.500000,0.255361,-0.384784,,,72.005020,113.805556,0.632702,0.000000
policy3,Policy 3,305,30.500,replay,0.623942,0.484989,6,1.827785,0.500000,0.255361,-0.384784,,,70.965496,113.805556,0.623568,0.000000
kubernetes-default,K8s default,306,30.600,replay,0.619187,0.007621,6,1.827785,0.000000,0.255361,-0.384784,,,56.813032,113.805556,0.499211,0.000000
cga,CGA,306,30.600,replay,0.619187,0.007621,6,1.827785,0.000000,0.255361,-0.384784,,,50.476374,113.805556,0.443532,0.000000
hda,HDA,306,30.600,replay,0.619187,0.007621,6,1.827785,0.000000,0.255361,-0.384784,,,51.512746,113.805556,0.452638,0.000000
policy2,Policy 2,306,30.600,replay,0.619187,0.007621,6,1.827785,0.000000,0.255361,-0.384784,,,55.172370,113.805556,0.484795,0.000000
policy3,Policy 3,306,30.600,replay,0.619187,0.007621,6,1.827785,0.000000,0.255361,-0.384784,,,51.045939,113.805556,0.448536,0.000000
kubernetes-default,K8s default,307,30.700,replay,0.593069,0.042181,6,1.827785,0.000000,0.255361,-0.384784,,,57.539154,113.805556,0.505592,0.000000
cga,CGA,307,30.700,replay,0.593069,0.042181,6,1.827785,0.000000,0.255361,-0.384784,,,54.746216,113.805556,0.481050,0.000000
hda,HDA,307,30.700,replay,0.593069,0.042181,6,1.827785,0.000000,0.255361,-0.384784,,,52.115425,113.805556,0.457934,0.000000
policy2,Policy 2,307,30.700,replay,0.593069,0.042181,6,1.827785,0.000000,0.255361,-0.384784,,,54.775165,113.805556,0.481305,0.000000
policy3,Policy 3,307,30.700,replay,0.593069,0.042181,6,1.827785,0.000000,0.255361,-0.384784,,,59.374679,113.805556,0.521720,0.000000
kubernetes-default,K8s default,308,30.800,replay,0.636252,0.067871,6,1.827785,0.000000,0.255361,-0.384784,,,63.715844,113.805556,0.559866,0.000000
cga,CGA,308,30.800,replay,0.636252,0.067871,6,1.827785,0.000000,0.255361,-0.384784,,,57.053340,113.805556,0.501323,0.000000
hda,HDA,308,30.800,replay,0.636252,0.067871,6,1.827785,0.000000,0.255361,-0.384784,,,57.071349,113.805556,0.501481,0.000000
policy2,Policy 2,308,30.800,replay,0.636252,0.067871,6,1.827785,0.000000,0.255361,-0.384784,,,54.784437,113.805556,0.481386,0.000000
policy3,Policy 3,308,30.800,replay,0.636252,0.067871,6,1.827785,0.000000,0.255361,-0.384784,,,51.849874,113.805556,0.455601,0.000000
kubernetes-default,K8s default,309,30.900,replay,0.564168,0.113295,6,1.827785,0.000000,0.255361,-0.384784,,,59.848340,113.805556,0.525882,0.000000
cga,CGA,309,30.900,replay,0.564168,0.113295,6,1.827785,0.000000,0.255361,-0.384784,,,55.393970,113.805556,0.486742,0.000000
hda,HDA,309,30.900,replay,0.564168,0.113295,6,1.827785,0.000000,0.255361,-0.384784,,,57.024804,113.805556,0.501072,0.000000
policy2,Policy 2,309,30.900,replay,0.564168,0.113295,6,1.827785,0.000000,0.255361,-0.384784,,,58.351985,113.805556,0.512734,0.000000
policy3,Policy 3,309,30.900,replay,0.564168,0.113295,6,1.827785,0.000000,0.255361,-0.384784,,,55.276688,113.805556,0.485712,0.000000
kubernetes-default,K8s default,310,31.000,replay,0.555918,0.014624,6,1.827785,0.000000,0.255361,-0.384784,,,56.781559,113.805556,0.498935,0.000000
cga,CGA,310,31.000,replay,0.555918,0.014624,6,1.827785,0.000000,0.255361,-0.384784,,,48.388862,113.805556,0.425189,0.000000
hda,HDA,310,31.000,replay,0.555918,0.014624,6,1.827785,0.000000,0.255361,-0.384784,,,47.806943,113.805556,0.420076,0.000000
policy2,Policy 2,310,31.000,replay,0.555918,0.014624,6,1.827785,0.000000,0.255361,-0.384784,,,58.125954,113.805556,0.510748,0.000000
policy3,Policy 3,310,31.000,replay,0.555918,0.014624,6,1.827785,0.000000,0.255361,-0.384784,,,49.470753,113.805556,0.434695,0.000000
kubernetes-default,K8s default,311,31.100,replay,0.636411,0.126479,6,1.827785,0.000000,0.255361,-0.384784,,,63.525268,113.805556,0.558191,0.000000
cga,CGA,311,31.100,replay,0.636411,0.126479,6,1.827785,0.000000,0.255361,-0.384784,,,57.800667,113.805556,0.507890,0.000000
hda,HDA,311,31.100,replay,0.636411,0.126479,6,1.827785,0.000000,0.255361,-0.384784,,,58.305775,113.805556,0.512328,0.000000
policy2,Policy 2,311,31.100,replay,0.636411,0.126479,6,1.827785,0.000000,0.255361,-0.384784,,,57.782427,113.805556,0.507729,0.000000
policy3,Policy 3,311,31.100,replay,0.636411,0.126479,6,1.827785,0.000000,0.255361,-0.384784,,,62.362322,113.805556,0.547973,0.000000
kubernetes-default,K8s default,312,31.200,replay,0.613694,0.507622,6,1.827785,0.500000,0.064487,1.119305,,,117.509340,172.305556,0.681982,0.000000
cga,CGA,312,31.200,replay,0.613694,0.507622,6,1.827785,0.500000,0.064487,1.119305,,,115.902021,172.305556,0.672654,0.000000
hda,HDA,312,31.200,replay,0.613694,0.507622,6,1.827785,0.500000,0.064487,1.119305,,,105.874240,172.305556,0.614456,0.000000
policy2,Policy 2,312,31.200,replay,0.613694,0.507622,6,1.827785,0.500000,0.064487,1.119305,,,110.288984,172.305556,0.640078,0.000000
policy3,Policy 3,312,31.200,replay,0.613694,0.507622,6,1.827785,0.500000,0.064487,1.119305,,,106.998110,172.305556,0.620979,0.000000
kubernetes-default,K8s default,313,31.300,replay,0.648011,0.052959,6,1.827785,0.000000,0.064487,1.119305,,,99.273829,172.305556,0.576150,0.000000
cga,CGA,313,31.300,replay,0.648011,0.052959,6,1.827785,0.000000,0.064487,1.119305,,,96.223467,172.305556,0.558447,0.000000
hda,HDA,313,31.300,replay,0.648011,0.052959,6,1.827785,0.000000,0.064487,1.119305,,,89.194087,172.305556,0.517651,0.000000
policy2,Policy 2,313,31.300,replay,0.648011,0.052959,6,1.827785,0.000000,0.064487,1.119305,,,91.845846,172.305556,0.533041,0.000000
policy3,Policy 3,313,31.300,replay,0.648011,0.052959,6,1.827785,0.000000,0.064487,1.119305,,,91.722084,172.305556,0.532322,0.000000
kubernetes-default,K8s default,314,31.400,replay,0.615821,0.049676,6,1.827785,0.000000,0.064487,1.119305,,,99.741530,172.305556,0.578864,0.000000
cga,CGA,314,31.400,replay,0.615821,0.049676,6,1.827785,0.000000,0.064487,1.119305,,,92.012310,172.305556,0.534007,0.000000
hda,HDA,314,31.400,replay,0.615821,0.049676,6,1.827785,0.000000,0.064487,1.119305,,,86.056545,172.305556,0.499441,0.000000
policy2,Policy 2,314,31.400,replay,0.615821,0.049676,6,1.827785,0.000000,0.064487,1.119305,,,90.093043,172.305556,0.522868,0.000000
policy3,Policy 3,314,31.400,replay,0.615821,0.049676,6,1.827785,0.000000,0.064487,1.119305,,,90.140978,172.305556,0.523146,0.000000
kubernetes-default,K8s default,315,31.500,replay,0.600869,0.024279,6,1.827785,0.000000,0.064487,1.119305,,,104.112494,172.305556,0.604232,0.000000
cga,CGA,315,31.500,replay,0.600869,0.024279,6,1.827785,0.000000,0.064487,1.119305,,,95.485084,172.305556,0.554161,0.000000
hda,HDA,315,31.500,replay,0.600869,0.024279,6,1.827785,0.000000,0.064487,1.119305,,,85.653504,172.305556,0.497102,0.000000
policy2,Policy 2,315,31.500,replay,0.600869,0.024279,6,1.827785,0.000000,0.064487,1.119305,,,88.849159,172.305556,0.515649,0.000000
policy3,Policy 3,315,31.500,replay,0.600869,0.024279,6,1.827785,0.000000,0.064487,1.119305,,,86.196717,172.305556,0.500255,0.000000
kubernetes-default,K8s default,316,31.600,replay,0.611939,0.018091,6,1.827785,0.000000,0.064487,1.119305,,,95.547634,172.305556,0.554524,0.000000
cga,CGA,316,31.600,replay,0.611939,0.018091,6,1.827785,0.000000,0.064487,1.119305,,,92.376055,172.305556,0.536118,0.000000
hda,HDA,316,31.600,replay,0.611939,0.018091,6,1.827785,0.000000,0.064487,1.119305,,,86.853537,172.305556,0.504067,0.000000
policy2,Policy 2,316,31.600,replay,0.611939,0.018091,6,1.827785,0.000000,0.064487,1.119305,,,89.681480,172.305556,0.520479,0.000000
policy3,Policy 3,316,31.600,replay,0.611939,0.018091,6,1.827785,0.000000,0.064487,1.119305,,,90.823762,172.305556,0.527109,0.000000
kubernetes-default,K8s default,317,31.700,replay,0.624918,0.020769,6,1.827785,0.000000,0.064487,1.119305,,,96.925939,172.305556,0.562524,0.000000
cga,CGA,317,31.700,replay,0.624918,0.020769,6,1.827785,0.000000,0.064487,1.119305,,,94.401995,172.305556,0.547876,0.000000
hda,HDA,317,31.700,replay,0.624918,0.020769,6,1.827785,0.000000,0.064487,1.119305,,,89.513199,172.305556,0.519503,0.000000
policy2,Policy 2,317,31.700,replay,0.624918,0.020769,6,1.827785,0.000000,0.064487,1.119305,,,85.928253,172.305556,0.498697,0.000000
policy3,Policy 3,317,31.700,replay,0.624918,0.020769,6,1.827785,0.000000,0.064487,1.119305,,,85.297687,172.305556,0.495037,0.000000
kubernetes-default,K8s default,318,31.800,replay,0.649801,0.038293,6,1.827785,0.000000,0.064487,1.119305,,,98.537026,172.305556,0.571874,0.000000
cga,CGA,318,31.800,replay,0.649801,0.038293,6,1.827785,0.000000,0.064487,1.119305,,,93.046523,172.305556,0.540009,0.000000
hda,HDA,318,31.800,replay,0.649801,0.038293,6,1.827785,0.000000,0.064487,1.119305,,,91.831906,172.305556,0.532960,0.000000
policy2,Policy 2,318,31.800,replay,0.649801,0.038293,6,1.827785,0.000000,0.064487,1.119305,,,95.289843,172.305556,0.553028,0.000000
policy3,Policy 3,318,31.800,replay,0.649801,0.038293,6,1.827785,0.000000,0.064487,1.119305,,,88.306479,172.305556,0.512499,0.000000
kubernetes-default,K8s default,319,31.900,replay,0.624731,0.734662,8,1.827785,0.800000,0.276642,0.298317,,,81.605216,100.805556,0.809531,0.000000
cga,CGA,319,31.900,replay,0.624731,0.734662,8,1.827785,0.800000,0.276642,0.298317,,,77.054078,100.805556,0.764383,0.000000
hda,HDA,319,31.900,replay,0.624731,0.734662,8,1.827785,0.800000,0.276642,0.298317,,,67.997979,100.805556,0.674546,0.000000
policy2,Policy 2,319,31.900,replay,0.624731,0.734662,8,1.827785,0.800000,0.276642,0.298317,,,71.799745,100.805556,0.712260,0.000000
policy3,Policy 3,319,31.900,replay,0.624731,0.734662,8,1.827785,0.800000,0.276642,0.298317,,,67.266254,100.805556,0.667287,0.000000
kubernetes-default,K8s default,320,32.000,replay,0.568639,0.089786,8,1.827785,0.000000,0.276642,0.298317,,,51.777949,100.805556,0.513642,0.000000
cga,CGA,320,32.000,replay,0.568639,0.089786,8,1.827785,0.000000,0.276642,0.298317,,,47.637295,100.805556,0.472566,0.000000
hda,HDA,320,32.000,replay,0.568639,0.089786,8,1.827785,0.000000,0.276642,0.298317,,,44.285343,100.805556,0.439315,0.000000
policy2,Policy 2,320,32.000,replay,0.568639,0.089786,8,1.827785,0.000000,0.276642,0.298317,,,46.647264,100.805556,0.462745,0.000000
policy3,Policy 3,320,32.000,replay,0.568639,0.089786,8,1.827785,0.000000,0.276642,0.298317,,,45.873198,100.805556,0.455066,0.000000
kubernetes-default,K8s default,321,32.100,replay,0.631771,0.099927,8,1.827785,0.000000,0.276642,0.298317,,,48.182090,100.805556,0.477971,0.000000
cga,CGA,321,32.100,replay,0.631771,0.099927,8,1.827785,0.000000,0.276642,0.298317,,,46.369070,100.805556,0.459985,0.000000
hda,HDA,321,32.100,replay,0.631771,0.099927,8,1.827785,0.000000,0.276642,0.298317,,,46.805427,100.805556,0.464314,0.000000
policy2,Policy 2,321,32.100,replay,0.631771,0.099927,8,1.827785,0.000000,0.276642,0.298317,,,44.330413,100.805556,0.439762,0.000000
policy3,Policy 3,321,32.100,replay,0.631771,0.099927,8,1.827785,0.000000,0.276642,0.298317,,,43.884807,100.805556,0.435341,0.000000
kubernetes-default,K8s default,322,32.200,replay,0.624605,0.011342,8,1.827785,0.000000,0.276642,0.298317,,,45.561698,100.805556,0.451976,0.000000
cga,CGA,322,32.200,replay,0.624605,0.011342,8,1.827785,0.000000,0.276642,0.298317,,,44.536026,100.805556,0.441801,0.000000
hda,HDA,322,32.200,replay,0.624605,0.011342,8,1.827785,0.000000,0.276642,0.298317,,,42.996978,100.805556,0.426534,0.000000
policy2,Policy 2,322,32.200,replay,0.624605,0.011342,8,1.827785,0.000000,0.276642,0.298317,,,43.104248,100.805556,0.427598,0.000000
policy3,Policy 3,322,32.200,replay,0.624605,0.011342,8,1.827785,0.000000,0.276642,0.298317,,,47.894836,100.805556,0.475121,0.000000
kubernetes-default,K8s default,323,32.300,replay,0.636648,0.018916,8,1.827785,0.000000,0.276642,0.298317,,,48.559278,100.805556,0.481712,0.000000
cga,CGA,323,32.300,replay,0.636648,0.018916,8,1.827785,0.000000,0.276642,0.298317,,,46.246656,100.805556,0.458771,0.000000
hda,HDA,323,32.300,replay,0.636648,0.018916,8,1.827785,0.000000,0.276642,0.298317,,,39.326667,100.805556,0.390124,0.000000
policy2,Policy 2,323,32.300,replay,0.636648,0.018916,8,1.827785,0.000000,0.276642,0.298317,,,42.406927,100.805556,0.420680,0.000000
policy3,Policy 3,323,32.300,replay,0.636648,0.018916,8,1.827785,0.000000,0.276642,0.298317,,,39.257443,100.805556,0.389437,0.000000
kubernetes-default,K8s default,324,32.400,replay,0.642452,0.620763,7,1.827785,0.800000,0.331303,-0.135046,,,86.282915,110.555556,0.780448,0.000000
cga,CGA,324,32.400,replay,0.642452,0.620763,7,1.827785,0.800000,0.331303,-0.135046,,,78.080731,110.555556,0.706258,0.000000
hda,HDA,324,32.400,replay,0.642452,0.620763,7,1.827785,0.800000,0.331303,-0.135046,,,71.543140,110.555556,0.647124,0.000000
policy2,Policy 2,324,32.400,replay,0.642452,0.620763,7,1.827785,0.800000,0.331303,-0.135046,,,74.008710,110.555556,0.669426,0.000000
policy3,Policy 3,324,32.400,replay,0.642452,0.620763,7,1.827785,0.800000,0.331303,-0.135046,,,71.391589,110.555556,0.645753,0.000000
kubernetes-default,K8s default,325,32.500,replay,0.580318,0.096714,7,1.827785,0.000000,0.331303,-0.135046,,,55.515150,110.555556,0.502147,0.000000
cga,CGA,325,32.500,replay,0.580318,0.096714,7,1.827785,0.000000,0.331303,-0.135046,,,52.273462,110.555556,0.472825,0.000000
hda,HDA,325,32.500,replay,0.580318,0.096714,7,1.827785,0.000000,0.331303,-0.135046,,,56.534598,110.555556,0.511368,0.000000
policy2,Policy 2,325,32.500,replay,0.580318,0.096714,7,1.827785,0.000000,0.331303,-0.135046,,,50.628796,110.555556,0.457949,0.000000
policy3,Policy 3,325,32.500,replay,0.580318,0.096714,7,1.827785,0.000000,0.331303,-0.135046,,,54.633281,110.555556,0.494170,0.000000
kubernetes-default,K8s default,326,32.600,replay,0.552216,0.048426,7,1.827785,0.000000,0.331303,-0.135046,,,54.675758,110.555556,0.494555,0.000000
cga,CGA,326,32.600,replay,0.552216,0.048426,7,1.827785,0.000000,0.331303,-0.135046,,,50.911182,110.555556,0.460503,0.000000
hda,HDA,326,32.600,replay,0.552216,0.048426,7,1.827785,0.000000,0.331303,-0.135046,,,51.150249,110.555556,0.462666,0.000000
policy2,Policy 2,326,32.600,replay,0.552216,0.048426,7,1.827785,0.000000,0.331303,-0.135046,,,48.863816,110.555556,0.441984,0.000000
policy3,Policy 3,326,32.600,replay,0.552216,0.048426,7,1.827785,0.000000,0.331303,-0.135046,,,49.683118,110.555556,0.449395,0.000000
kubernetes-default,K8s default,327,32.700,replay,0.647241,0.146816,7,1.827785,0.000000,0.331303,-0.135046,,,65.259949,110.555556,0.590291,0.000000
cga,CGA,327,32.700,replay,0.647241,0.146816,7,1.827785,0.000000,0.331303,-0.135046,,,58.582003,110.555556,0.529887,0.000000
hda,HDA,327,32.700,replay,0.647241,0.146816,7,1.827785,0.000000,0.331303,-0.135046,,,56.738662,110.555556,0.513214,0.000000
policy2,Policy 2,327,32.700,replay,0.647241,0.146816,7,1.827785,0.000000,0.331303,-0.135046,,,57.608724,110.555556,0.521084,0.000000
policy3,Policy 3,327,32.700,replay,0.647241,0.146816,7,1.827785,0.000000,0.331303,-0.135046,,,54.873690,110.555556,0.496345,0.000000
kubernetes-default,K8s default,328,32.800,replay,0.575212,0.111287,7,1.827785,0.000000,0.331303,-0.135046,,,58.786150,110.555556,0.531734,0.000000
cga,CGA,328,32.800,replay,0.575212,0.111287,7,1.827785,0.000000,0.331303,-0.135046,,,56.214484,110.555556,0.508473,0.000000
hda,HDA,328,32.800,replay,0.575212,0.111287,7,1.827785,0.000000,0.331303,-0.135046,,,53.217917,110.555556,0.481368,0.000000
policy2,Policy 2,328,32.800,replay,0.575212,0.111287,7,1.827785,0.000000,0.331303,-0.135046,,,50.009406,110.555556,0.452346,0.000000
policy3,Policy 3,328,32.800,replay,0.575212,0.111287,7,1.827785,0.000000,0.331303,-0.135046,,,53.510271,110.555556,0.484013,0.000000
kubernetes-default,K8s default,329,32.900,replay,0.616155,0.066449,7,1.827785,0.000000,0.331303,-0.135046,,,54.896076,110.555556,0.496547,0.000000
cga,CGA,329,32.900,replay,0.616155,0.066449,7,1.827785,0.000000,0.331303,-0.135046,,,50.325455,110.555556,0.455205,0.000000
hda,HDA,329,32.900,replay,0.616155,0.066449,7,1.827785,0.000000,0.331303,-0.135046,,,44.855689,110.555556,0.405730,0.000000
policy2,Policy 2,329,32.900,replay,0.616155,0.066449,7,1.827785,0.000000,0.331303,-0.135046,,,49.729377,110.555556,0.449813,0.000000
policy3,Policy 3,329,32.900,replay,0.616155,0.066449,7,1.827785,0.000000,0.331303,-0.135046,,,53.266734,110.555556,0.481810,0.000000
kubernetes-default,K8s default,330,33.000,replay,0.602678,0.021873,7,1.827785,0.000000,0.331303,-0.135046,,,51.847995,110.555556,0.468977,0.000000
cga,CGA,330,33.000,replay,0.602678,0.021873,7,1.827785,0.000000,0.331303,-0.135046,,,52.727064,110.555556,0.476928,0.000000
hda,HDA,330,33.000,replay,0.602678,0.021873,7,1.827785,0.000000,0.331303,-0.135046,,,47.135540,110.555556,0.426352,0.000000
policy2,Policy 2,330,33.000,replay,0.602678,0.021873,7,1.827785,0.000000,0.331303,-0.135046,,,46.114446,110.555556,0.417116,0.000000
policy3,Policy 3,330,33.000,replay,0.602678,0.021873,7,1.827785,0.000000,0.331303,-0.135046,,,51.715171,110.555556,0.467775,0.000000
kubernetes-default,K8s default,331,33.100,replay,0.639598,0.500896,10,1.827785,0.500000,0.141456,1.007704,,,115.386767,159.305556,0.724311,0.000000
cga,CGA,331,33.100,replay,0.639598,0.500896,10,1.827785,0.500000,0.141456,1.007704,,,103.083972,159.305556,0.647083,0.000000
hda,HDA,331,33.100,replay,0.639598,0.500896,10,1.827785,0.500000,0.141456,1.007704,,,97.716285,159.305556,0.613389,0.000000
policy2,Policy 2,331,33.100,replay,0.639598,0.500896,10,1.827785,0.500000,0.141456,1.007704,,,104.264520,159.305556,0.654494,0.000000
policy3,Policy 3,331,33.100,replay,0.639598,0.500896,10,1.827785,0.500000,0.141456,1.007704,,,97.311393,159.305556,0.610847,0.000000
kubernetes-default,K8s default,332,33.200,replay,0.594235,0.373892,7,1.827785,0.500000,0.163751,-1.299391,,,83.961171,130.055556,0.645579,0.000000
cga,CGA,332,33.200,replay,0.594235,0.373892,7,1.827785,0.500000,0.163751,-1.299391,,,82.918809,130.055556,0.637565,0.000000
hda,HDA,332,33.200,replay,0.594235,0.373892,7,1.827785,0.500000,0.163751,-1.299391,,,77.171834,130.055556,0.593376,0.000000
policy2,Policy 2,332,33.200,replay,0.594235,0.373892,7,1.827785,0.500000,0.163751,-1.299391,,,72.167292,130.055556,0.554896,0.000000
policy3,Policy 3,332,33.200,replay,0.594235,0.373892,7,1.827785,0.500000,0.163751,-1.299391,,,77.232756,130.055556,0.593844,0.000000
kubernetes-default,K8s default,333,33.300,replay,0.566557,0.046578,7,1.827785,0.000000,0.163751,-1.299391,,,64.987453,130.055556,0.499690,0.000000
cga,CGA,333,33.300,replay,0.566557,0.046578,7,1.827785,0.000000,0.163751,-1.299391,,,62.900458,130.055556,0.483643,0.000000
hda,HDA,333,33.300,replay,0.566557,0.046578,7,1.827785,0.000000,0.163751,-1.299391,,,60.043990,130.055556,0.461680,0.000000
policy2,Policy 2,333,33.300,replay,0.566557,0.046578,7,1.827785,0.000000,0.163751,-1.299391,,,64.072034,130.055556,0.492651,0.000000
policy3,Policy 3,333,33.300,replay,0.566557,0.046578,7,1.827785,0.000000,0.163751,-1.299391,,,60.603296,130.055556,0.465980,0.000000
kubernetes-default,K8s default,334,33.400,replay,0.616312,0.080730,7,1.827785,0.000000,0.163751,-1.299391,,,71.248319,130.055556,0.547830,0.000000
cga,CGA,334,33.400,replay,0.616312,0.080730,7,1.827785,0.000000,0.163751,-1.299391,,,66.503014,130.055556,0.511343,0.000000
hda,HDA,334,33.400,replay,0.616312,0.080730,7,1.827785,0.000000,0.163751,-1.299391,,,62.522020,130.055556,0.480733,0.000000
policy2,Policy 2,334,33.400,replay,0.616312,0.080730,7,1.827785,0.000000,0.163751,-1.299391,,,66.753531,130.055556,0.513269,0.000000
policy3,Policy 3,334,33.400,replay,0.616312,0.080730,7,1.827785,0.000000,0.163751,-1.299391,,,65.524851,130.055556,0.503822,0.000000
kubernetes-default,K8s default,335,33.500,replay,0.612068,0.006885,7,1.827785,0.000000,0.163751,-1.299391,,,68.616423,130.055556,0.527593,0.000000
cga,CGA,335,33.500,replay,0.612068,0.006885,7,1.827785,0.000000,0.163751,-1.299391,,,65.397664,130.055556,0.502844,0.000000
hda,HDA,335,33.500,replay,0.612068,0.006885,7,1.827785,0.000000,0.163751,-1.299391,,,62.747640,130.055556,0.482468,0.000000
policy2,Policy 2,335,33.500,replay,0.612068,0.006885,7,1.827785,0.000000,0.163751,-1.299391,,,59.314704,130.055556,0.456072,0.000000
policy3,Policy 3,335,33.500,replay,0.612068,0.006885,7,1.827785,0.000000,0.163751,-1.299391,,,60.972773,130.055556,0.468821,0.000000
kubernetes-default,K8s default,336,33.600,replay,0.579081,0.053894,7,1.827785,0.000000,0.163751,-1.299391,,,70.192467,130.055556,0.539711,0.000000
cga,CGA,336,33.600,replay,0.579081,0.053894,7,1.827785,0.000000,0.163751,-1.299391,,,64.955770,130.055556,0.499446,0.000000
hda,HDA,336,33.600,replay,0.579081,0.053894,7,1.827785,0.000000,0.163751,-1.299391,,,59.147051,130.055556,0.454783,0.000000
policy2,Policy 2,336,33.600,replay,0.579081,0.053894,7,1.827785,0.000000,0.163751,-1.299391,,,61.815751,130.055556,0.475303,0.000000
policy3,Policy 3,336,33.600,replay,0.579081,0.053894,7,1.827785,0.000000,0.163751,-1.299391,,,61.843459,130.055556,0.475516,0.000000
kubernetes-default,K8s default,337,33.700,replay,0.621061,0.067594,7,1.827785,0.000000,0.163751,-1.299391,,,68.939176,130.055556,0.530075,0.000000
cga,CGA,337,33.700,replay,0.621061,0.067594,7,1.827785,0.000000,0.163751,-1.299391,,,72.942814,130.055556,0.560859,0.000000
hda,HDA,337,33.700,replay,0.621061,0.067594,7,1.827785,0.000000,0.163751,-1.299391,,,61.885740,130.055556,0.475841,0.000000
policy2,Policy 2,337,33.700,replay,0.621061,0.067594,7,1.827785,0.000000,0.163751,-1.299391,,,61.723790,130.055556,0.474596,0.000000
policy3,Policy 3,337,33.700,replay,0.621061,0.067594,7,1.827785,0.000000,0.163751,-1.299391,,,61.164332,130.055556,0.470294,0.000000
kubernetes-default,K8s default,338,33.800,replay,0.655227,0.052143,7,1.827785,0.000000,0.163751,-1.299391,,,70.126221,130.055556,0.539202,0.000000
cga,CGA,338,33.800,replay,0.655227,0.052143,7,1.827785,0.000000,0.163751,-1.299391,,,62.066320,130.055556,0.477229,0.000000
hda,HDA,338,33.800,replay,0.655227,0.052143,7,1.827785,0.000000,0.163751,-1.299391,,,63.830085,130.055556,0.490791,0.000000
policy2,Policy 2,338,33.800,replay,0.655227,0.052143,7,1.827785,0.000000,0.163751,-1.299391,,,67.221038,130.055556,0.516864,0.000000
policy3,Policy 3,338,33.800,replay,0.655227,0.052143,7,1.827785,0.000000,0.163751,-1.299391,,,64.423917,130.055556,0.495357,0.000000
kubernetes-default,K8s default,339,33.900,replay,0.583750,0.109087,7,1.827785,0.000000,0.163751,-1.299391,,,74.413552,130.055556,0.572167,0.000000
cga,CGA,339,33.900,replay,0.583750,0.109087,7,1.827785,0.000000,0.163751,-1.299391,,,61.536663,130.055556,0.473157,0.000000
hda,HDA,339,33.900,replay,0.583750,0.109087,7,1.827785,0.000000,0.163751,-1.299391,,,59.732652,130.055556,0.459286,0.000000
policy2,Policy 2,339,33.900,replay,0.583750,0.109087,7,1.827785,0.000000,0.163751,-1.299391,,,67.641048,130.055556,0.520093,0.000000
policy3,Policy 3,339,33.900,replay,0.583750,0.109087,7,1.827785,0.000000,0.163751,-1.299391,,,63.894865,130.055556,0.491289,0.000000
kubernetes-default,K8s default,340,34.000,replay,0.615725,0.051930,7,1.827785,0.000000,0.163751,-1.299391,,,67.979805,130.055556,0.522698,0.000000
cga,CGA,340,34.000,replay,0.615725,0.051930,7,1.827785,0.000000,0.163751,-1.299391,,,65.216684,130.055556,0.501453,0.000000
hda,HDA,340,34.000,replay,0.615725,0.051930,7,1.827785,0.000000,0.163751,-1.299391,,,61.057576,130.055556,0.469473,0.000000
policy2,Policy 2,340,34.000,replay,0.615725,0.051930,7,1.827785,0.000000,0.163751,-1.299391,,,61.854595,130.055556,0.475601,0.000000
policy3,Policy 3,340,34.000,replay,0.615725,0.051930,7,1.827785,0.000000,0.163751,-1.299391,,,63.385880,130.055556,0.487375,0.000000
kubernetes-default,K8s default,341,34.100,replay,0.592665,0.688515,8,1.827785,0.800000,0.276642,0.298317,,,70.529224,100.805556,0.699656,0.000000
cga,CGA,341,34.100,replay,0.592665,0.688515,8,1.827785,0.800000,0.276642,0.298317,,,71.598354,100.805556,0.710262,0.000000
hda,HDA,341,34.100,replay,0.592665,0.688515,8,1.827785,0.800000,0.276642,0.298317,,,67.280410,100.805556,0.667428,0.000000
policy2,Policy 2,341,34.100,replay,0.592665,0.688515,8,1.827785,0.800000,0.276642,0.298317,,,70.411290,100.805556,0.698486,0.000000
policy3,Policy 3,341,34.100,replay,0.592665,0.688515,8,1.827785,0.800000,0.276642,0.298317,,,77.156081,100.805556,0.765395,0.000000
kubernetes-default,K8s default,342,34.200,replay,0.646195,0.744997,6,1.827785,0.800000,0.064487,1.119305,,,129.250732,172.305556,0.750125,0.000000
cga,CGA,342,34.200,replay,0.646195,0.744997,6,1.827785,0.800000,0.064487,1.119305,,,124.805647,172.305556,0.724327,0.000000
hda,HDA,342,34.200,replay,0.646195,0.744997,6,1.827785,0.800000,0.064487,1.119305,,,112.593501,172.305556,0.653453,0.000000
policy2,Policy 2,342,34.200,replay,0.646195,0.744997,6,1.827785,0.800000,0.064487,1.119305,,,120.892267,172.305556,0.701616,0.000000
policy3,Policy 3,342,34.200,replay,0.646195,0.744997,6,1.827785,0.800000,0.064487,1.119305,,,120.879932,172.305556,0.701544,0.000000
kubernetes-default,K8s default,343,34.300,replay,0.598800,0.073345,6,1.827785,0.000000,0.064487,1.119305,,,97.407766,172.305556,0.565320,0.000000
cga,CGA,343,34.300,replay,0.598800,0.073345,6,1.827785,0.000000,0.064487,1.119305,,,90.884369,172.305556,0.527460,0.000000
hda,HDA,343,34.300,replay,0.598800,0.073345,6,1.827785,0.000000,0.064487,1.119305,,,88.672222,172.305556,0.514622,0.000000
policy2,Policy 2,343,34.300,replay,0.598800,0.073345,6,1.827785,0.000000,0.064487,1.119305,,,89.879442,172.305556,0.521628,0.000000
policy3,Policy 3,343,34.300,replay,0.598800,0.073345,6,1.827785,0.000000,0.064487,1.119305,,,87.739895,172.305556,0.509211,0.000000
kubernetes-default,K8s default,344,34.400,replay,0.657414,0.089157,6,1.827785,0.000000,0.064487,1.119305,,,100.652493,172.305556,0.584151,0.000000
cga,CGA,344,34.400,replay,0.657414,0.089157,6,1.827785,0.000000,0.064487,1.119305,,,92.879929,172.305556,0.539042,0.000000
hda,HDA,344,34.400,replay,0.657414,0.089157,6,1.827785,0.000000,0.064487,1.119305,,,91.741067,172.305556,0.532432,0.000000
policy2,Policy 2,344,34.400,replay,0.657414,0.089157,6,1.827785,0.000000,0.064487,1.119305,,,94.441745,172.305556,0.548106,0.000000
policy3,Policy 3,344,34.400,replay,0.657414,0.089157,6,1.827785,0.000000,0.064487,1.119305,,,90.895043,172.305556,0.527522,0.000000
kubernetes-default,K8s default,345,34.500,replay,0.590010,0.102529,6,1.827785,0.000000,0.064487,1.119305,,,103.807723,172.305556,0.602463,0.000000
cga,CGA,345,34.500,replay,0.590010,0.102529,6,1.827785,0.000000,0.064487,1.119305,,,96.804745,172.305556,0.561820,0.000000
hda,HDA,345,34.500,replay,0.590010,0.102529,6,1.827785,0.000000,0.064487,1.119305,,,89.062747,172.305556,0.516888,0.000000
policy2,Policy 2,345,34.500,replay,0.590010,0.102529,6,1.827785,0.000000,0.064487,1.119305,,,90.767162,172.305556,0.526780,0.000000
policy3,Policy 3,345,34.500,replay,0.590010,0.102529,6,1.827785,0.000000,0.064487,1.119305,,,94.187109,172.305556,0.546628,0.000000
kubernetes-default,K8s default,346,34.600,replay,0.600288,0.017122,6,1.827785,0.000000,0.064487,1.119305,,,98.710989,172.305556,0.572883,0.000000
cga,CGA,346,34.600,replay,0.600288,0.017122,6,1.827785,0.000000,0.064487,1.119305,,,92.766900,172.305556,0.538386,0.000000
hda,HDA,346,34.600,replay,0.600288,0.017122,6,1.827785,0.000000,0.064487,1.119305,,,85.855793,172.305556,0.498276,0.000000
policy2,Policy 2,346,34.600,replay,0.600288,0.017122,6,1.827785,0.000000,0.064487,1.119305,,,87.841997,172.305556,0.509804,0.000000
policy3,Policy 3,346,34.600,replay,0.600288,0.017122,6,1.827785,0.000000,0.064487,1.119305,,,89.655082,172.305556,0.520326,0.000000
kubernetes-default,K8s default,347,34.700,replay,0.655049,0.083598,6,1.827785,0.000000,0.064487,1.119305,,,101.324089,172.305556,0.588049,0.000000
cga,CGA,347,34.700,replay,0.655049,0.083598,6,1.827785,0.000000,0.064487,1.119305,,,100.505795,172.305556,0.583300,0.000000
hda,HDA,347,34.700,replay,0.655049,0.083598,6,1.827785,0.000000,0.064487,1.119305,,,92.796157,172.305556,0.538556,0.000000
policy2,Policy 2,347,34.700,replay,0.655049,0.083598,6,1.827785,0.000000,0.064487,1.119305,,,95.022337,172.305556,0.551476,0.000000
policy3,Policy 3,347,34.700,replay,0.655049,0.083598,6,1.827785,0.000000,0.064487,1.119305,,,93.031065,172.305556,0.539919,0.000000
kubernetes-default,K8s default,348,34.800,replay,0.618854,0.055254,6,1.827785,0.000000,0.064487,1.119305,,,98.850845,172.305556,0.573695,0.000000
cga,CGA,348,34.800,replay,0.618854,0.055254,6,1.827785,0.000000,0.064487,1.119305,,,98.246282,172.305556,0.570186,0.000000
hda,HDA,348,34.800,replay,0.618854,0.055254,6,1.827785,0.000000,0.064487,1.119305,,,87.520410,172.305556,0.507937,0.000000
policy2,Policy 2,348,34.800,replay,0.618854,0.055254,6,1.827785,0.000000,0.064487,1.119305,,,91.126121,172.305556,0.528864,0.000000
policy3,Policy 3,348,34.800,replay,0.618854,0.055254,6,1.827785,0.000000,0.064487,1.119305,,,89.752589,172.305556,0.520892,0.000000
kubernetes-default,K8s default,349,34.900,replay,0.607306,0.018660,6,1.827785,0.000000,0.064487,1.119305,,,96.066036,172.305556,0.557533,0.000000
cga,CGA,349,34.900,replay,0.607306,0.018660,6,1.827785,0.000000,0.064487,1.119305,,,86.767607,172.305556,0.503568,0.000000
hda,HDA,349,34.900,replay,0.607306,0.018660,6,1.827785,0.000000,0.064487,1.119305,,,89.702269,172.305556,0.520600,0.000000
policy2,Policy 2,349,34.900,replay,0.607306,0.018660,6,1.827785,0.000000,0.064487,1.119305,,,86.834116,172.305556,0.503954,0.000000
policy3,Policy 3,349,34.900,replay,0.607306,0.018660,6,1.827785,0.000000,0.064487,1.119305,,,89.506319,172.305556,0.519463,0.000000
kubernetes-default,K8s default,350,35.000,replay,0.588604,0.030796,6,1.827785,0.000000,0.064487,1.119305,,,98.135614,172.305556,0.569544,0.000000
cga,CGA,350,35.000,replay,0.588604,0.030796,6,1.827785,0.000000,0.064487,1.119305,,,87.868811,172.305556,0.509959,0.000000
hda,HDA,350,35.000,replay,0.588604,0.030796,6,1.827785,0.000000,0.064487,1.119305,,,87.492893,172.305556,0.507778,0.000000
policy2,Policy 2,350,35.000,replay,0.588604,0.030796,6,1.827785,0.000000,0.064487,1.119305,,,95.586927,172.305556,0.554752,0.000000
policy3,Policy 3,350,35.000,replay,0.588604,0.030796,6,1.827785,0.000000,0.064487,1.119305,,,87.955407,172.305556,0.510462,0.000000
kubernetes-default,K8s default,351,35.100,replay,0.646636,0.089745,6,1.827785,0.000000,0.064487,1.119305,,,103.093007,172.305556,0.598315,0.000000
cga,CGA,351,35.100,replay,0.646636,0.089745,6,1.827785,0.000000,0.064487,1.119305,,,95.982554,172.305556,0.557049,0.000000
hda,HDA,351,35.100,replay,0.646636,0.089745,6,1.827785,0.000000,0.064487,1.119305,,,90.180463,172.305556,0.523375,0.000000
policy2,Policy 2,351,35.100,replay,0.646636,0.089745,6,1.827785,0.000000,0.064487,1.119305,,,93.381041,172.305556,0.541950,0.000000
policy3,Policy 3,351,35.100,replay,0.646636,0.089745,6,1.827785,0.000000,0.064487,1.119305,,,89.925156,172.305556,0.521894,0.000000
kubernetes-default,K8s default,352,35.200,replay,0.650688,0.451394,6,1.827785,0.500000,0.261254,-0.518787,,,90.197653,123.555556,0.730017,0.000000
cga,CGA,352,35.200,replay,0.650688,0.451394,6,1.827785,0.500000,0.261254,-0.518787,,,78.052015,123.555556,0.631716,0.000000
hda,HDA,352,35.200,replay,0.650688,0.451394,6,1.827785,0.500000,0.261254,-0.518787,,,75.701460,123.555556,0.612692,0.000000
policy2,Policy 2,352,35.200,replay,0.650688,0.451394,6,1.827785,0.500000,0.261254,-0.518787,,,79.523042,123.555556,0.643622,0.000000
policy3,Policy 3,352,35.200,replay,0.650688,0.451394,6,1.827785,0.500000,0.261254,-0.518787,,,76.515973,123.555556,0.619284,0.000000
kubernetes-default,K8s default,353,35.300,replay,0.586011,0.099398,6,1.827785,0.000000,0.261254,-0.518787,,,64.606908,123.555556,0.522898,0.000000
cga,CGA,353,35.300,replay,0.586011,0.099398,6,1.827785,0.000000,0.261254,-0.518787,,,63.024301,123.555556,0.510089,0.000000
hda,HDA,353,35.300,replay,0.586011,0.099398,6,1.827785,0.000000,0.261254,-0.518787,,,57.473405,123.555556,0.465162,0.000000
policy2,Policy 2,353,35.300,replay,0.586011,0.099398,6,1.827785,0.000000,0.261254,-0.518787,,,61.075579,123.555556,0.494317,0.000000
policy3,Policy 3,353,35.300,replay,0.586011,0.099398,6,1.827785,0.000000,0.261254,-0.518787,,,62.805105,123.555556,0.508315,0.000000
kubernetes-default,K8s default,354,35.400,replay,0.574812,0.019111,6,1.827785,0.000000,0.261254,-0.518787,,,60.791363,123.555556,0.492016,0.000000
cga,CGA,354,35.400,replay,0.574812,0.019111,6,1.827785,0.000000,0.261254,-0.518787,,,56.913153,123.555556,0.460628,0.000000
hda,HDA,354,35.400,replay,0.574812,0.019111,6,1.827785,0.000000,0.261254,-0.518787,,,53.159087,123.555556,0.430244,0.000000
policy2,Policy 2,354,35.400,replay,0.574812,0.019111,6,1.827785,0.000000,0.261254,-0.518787,,,55.194029,123.555556,0.446714,0.000000
policy3,Policy 3,354,35.400,replay,0.574812,0.019111,6,1.827785,0.000000,0.261254,-0.518787,,,55.444099,123.555556,0.448738,0.000000
kubernetes-default,K8s default,355,35.500,replay,0.574586,0.000392,6,1.827785,0.000000,0.261254,-0.518787,,,58.246549,123.555556,0.471420,0.000000
cga,CGA,355,35.500,replay,0.574586,0.000392,6,1.827785,0.000000,0.261254,-0.518787,,,56.755032,123.555556,0.459348,0.000000
hda,HDA,355,35.500,replay,0.574586,0.000392,6,1.827785,0.000000,0.261254,-0.518787,,,57.485486,123.555556,0.465260,0.000000
policy2,Policy 2,355,35.500,replay,0.574586,0.000392,6,1.827785,0.000000,0.261254,-0.518787,,,57.710752,123.555556,0.467083,0.000000
policy3,Policy 3,355,35.500,replay,0.574586,0.000392,6,1.827785,0.000000,0.261254,-0.518787,,,55.737190,123.555556,0.451110,0.000000
kubernetes-default,K8s default,356,35.600,replay,0.594802,0.550660,8,1.827785,0.800000,0.276642,0.298317,,,71.160825,100.805556,0.705922,0.000000
cga,CGA,356,35.600,replay,0.594802,0.550660,8,1.827785,0.800000,0.276642,0.298317,,,61.562253,100.805556,0.610703,0.000000
hda,HDA,356,35.600,replay,0.594802,0.550660,8,1.827785,0.800000,0.276642,0.298317,,,61.613774,100.805556,0.611214,0.000000
policy2,Policy 2,356,35.600,replay,0.594802,0.550660,8,1.827785,0.800000,0.276642,0.298317,,,64.041564,100.805556,0.635298,0.000000
policy3,Policy 3,356,35.600,replay,0.594802,0.550660,8,1.827785,0.800000,0.276642,0.298317,,,65.688465,100.805556,0.651635,0.000000
kubernetes-default,K8s default,357,35.700,replay,0.583139,0.767380,8,1.827785,0.800000,0.100621,1.025920,,,139.802611,198.305556,0.704986,0.000000
cga,CGA,357,35.700,replay,0.583139,0.767380,8,1.827785,0.800000,0.100621,1.025920,,,134.050610,198.305556,0.675980,0.000000
hda,HDA,357,35.700,replay,0.583139,0.767380,8,1.827785,0.800000,0.100621,1.025920,,,126.938811,198.305556,0.640117,0.000000
policy2,Policy 2,357,35.700,replay,0.583139,0.767380,8,1.827785,0.800000,0.100621,1.025920,,,128.190368,198.305556,0.646429,0.000000
policy3,Policy 3,357,35.700,replay,0.583139,0.767380,8,1.827785,0.800000,0.100621,1.025920,,,126.118989,198.305556,0.635983,0.000000
kubernetes-default,K8s default,358,35.800,replay,0.664559,0.122517,8,1.827785,0.000000,0.100621,1.025920,,,114.402244,198.305556,0.576899,0.000000
cga,CGA,358,35.800,replay,0.664559,0.122517,8,1.827785,0.000000,0.100621,1.025920,,,106.615812,198.305556,0.537634,0.000000
hda,HDA,358,35.800,replay,0.664559,0.122517,8,1.827785,0.000000,0.100621,1.025920,,,104.984899,198.305556,0.529410,0.000000
policy2,Policy 2,358,35.800,replay,0.664559,0.122517,8,1.827785,0.000000,0.100621,1.025920,,,104.622712,198.305556,0.527583,0.000000
policy3,Policy 3,358,35.800,replay,0.664559,0.122517,8,1.827785,0.000000,0.100621,1.025920,,,100.649550,198.305556,0.507548,0.000000
kubernetes-default,K8s default,359,35.900,replay,0.666082,0.002286,8,1.827785,0.000000,0.100621,1.025920,,,109.468858,198.305556,0.552021,0.000000
cga,CGA,359,35.900,replay,0.666082,0.002286,8,1.827785,0.000000,0.100621,1.025920,,,102.792757,198.305556,0.518355,0.000000
hda,HDA,359,35.900,replay,0.666082,0.002286,8,1.827785,0.000000,0.100621,1.025920,,,102.202675,198.305556,0.515380,0.000000
policy2,Policy 2,359,35.900,replay,0.666082,0.002286,8,1.827785,0.000000,0.100621,1.025920,,,100.006469,198.305556,0.504305,0.000000
policy3,Policy 3,359,35.900,replay,0.666082,0.002286,8,1.827785,0.000000,0.100621,1.025920,,,103.365541,198.305556,0.521244,0.000000
kubernetes-default,K8s default,360,36.000,replay,0.588331,0.116730,8,1.827785,0.000000,0.100621,1.025920,,,112.878493,198.305556,0.569215,0.000000
cga,CGA,360,36.000,replay,0.588331,0.116730,8,1.827785,0.000000,0.100621,1.025920,,,103.447157,198.305556,0.521655,0.000000
hda,HDA,360,36.000,replay,0.588331,0.116730,8,1.827785,0.000000,0.100621,1.025920,,,100.657303,198.305556,0.507587,0.000000
policy2,Policy 2,360,36.000,replay,0.588331,0.116730,8,1.827785,0.000000,0.100621,1.025920,,,101.949667,198.305556,0.514104,0.000000
policy3,Policy 3,360,36.000,replay,0.588331,0.116730,8,1.827785,0.000000,0.100621,1.025920,,,100.287351,198.305556,0.505721,0.000000
kubernetes-default,K8s default,361,36.100,replay,0.631306,0.068074,8,1.827785,0.000000,0.100621,1.025920,,,105.409978,198.305556,0.531553,0.000000
cga,CGA,361,36.100,replay,0.631306,0.068074,8,1.827785,0.000000,0.100621,1.025920,,,107.612370,198.305556,0.542659,0.000000
hda,HDA,361,36.100,replay,0.631306,0.068074,8,1.827785,0.000000,0.100621,1.025920,,,103.828930,198.305556,0.523581,0.000000
policy2,Policy 2,361,36.100,replay,0.631306,0.068074,8,1.827785,0.000000,0.100621,1.025920,,,100.962894,198.305556,0.509128,0.000000
policy3,Policy 3,361,36.100,replay,0.631306,0.068074,8,1.827785,0.000000,0.100621,1.025920,,,100.951665,198.305556,0.509071,0.000000
kubernetes-default,K8s default,362,36.200,replay,0.625260,0.009577,8,1.827785,0.000000,0.100621,1.025920,,,110.127859,198.305556,0.555344,0.000000
cga,CGA,362,36.200,replay,0.625260,0.009577,8,1.827785,0.000000,0.100621,1.025920,,,103.534833,198.305556,0.522097,0.000000
hda,HDA,362,36.200,replay,0.625260,0.009577,8,1.827785,0.000000,0.100621,1.025920,,,93.388797,198.305556,0.470934,0.000000
policy2,Policy 2,362,36.200,replay,0.625260,0.009577,8,1.827785,0.000000,0.100621,1.025920,,,101.441787,198.305556,0.511543,0.000000
policy3,Policy 3,362,36.200,replay,0.625260,0.009577,8,1.827785,0.000000,0.100621,1.025920,,,100.778100,198.305556,0.508196,0.000000
kubernetes-default,K8s default,363,36.300,replay,0.591407,0.054142,8,1.827785,0.000000,0.100621,1.025920,,,108.423776,198.305556,0.546751,0.000000
cga,CGA,363,36.300,replay,0.591407,0.054142,8,1.827785,0.000000,0.100621,1.025920,,,101.264429,198.305556,0.510648,0.000000
hda,HDA,363,36.300,replay,0.591407,0.054142,8,1.827785,0.000000,0.100621,1.025920,,,98.299322,198.305556,0.495696,0.000000
policy2,Policy 2,363,36.300,replay,0.591407,0.054142,8,1.827785,0.000000,0.100621,1.025920,,,105.715927,198.305556,0.533096,0.000000
policy3,Policy 3,363,36.300,replay,0.591407,0.054142,8,1.827785,0.000000,0.100621,1.025920,,,96.615899,198.305556,0.487207,0.000000
kubernetes-default,K8s default,364,36.400,replay,0.651618,0.092401,8,1.827785,0.000000,0.100621,1.025920,,,117.234967,198.305556,0.591183,0.000000
cga,CGA,364,36.400,replay,0.651618,0.092401,8,1.827785,0.000000,0.100621,1.025920,,,103.560277,198.305556,0.522226,0.000000
hda,HDA,364,36.400,replay,0.651618,0.092401,8,1.827785,0.000000,0.100621,1.025920,,,109.533751,198.305556,0.552348,0.000000
policy2,Policy 2,364,36.400,replay,0.651618,0.092401,8,1.827785,0.000000,0.100621,1.025920,,,105.303799,198.305556,0.531018,0.000000
policy3,Policy 3,364,36.400,replay,0.651618,0.092401,8,1.827785,0.000000,0.100621,1.025920,,,106.811741,198.305556,0.538622,0.000000
kubernetes-default,K8s default,365,36.500,replay,0.679832,0.041503,8,1.827785,0.000000,0.100621,1.025920,,,114.986954,198.305556,0.579847,0.000000
cga,CGA,365,36.500,replay,0.679832,0.041503,8,1.827785,0.000000,0.100621,1.025920,,,108.226511,198.305556,0.545756,0.000000
hda,HDA,365,36.500,replay,0.679832,0.041503,8,1.827785,0.000000,0.100621,1.025920,,,96.433369,198.305556,0.486287,0.000000
policy2,Policy 2,365,36.500,replay,0.679832,0.041503,8,1.827785,0.000000,0.100621,1.025920,,,101.315962,198.305556,0.510908,0.000000
policy3,Policy 3,365,36.500,replay,0.679832,0.041503,8,1.827785,0.000000,0.100621,1.025920,,,98.505359,198.305556,0.496735,0.000000
kubernetes-default,K8s default,366,36.600,replay,0.628262,0.075857,8,1.827785,0.000000,0.100621,1.025920,,,112.643634,198.305556,0.568031,0.000000
cga,CGA,366,36.600,replay,0.628262,0.075857,8,1.827785,0.000000,0.100621,1.025920,,,101.653993,198.305556,0.512613,0.000000
hda,HDA,366,36.600,replay,0.628262,0.075857,8,1.827785,0.000000,0.100621,1.025920,,,96.674895,198.305556,0.487505,0.000000
policy2,Policy 2,366,36.600,replay,0.628262,0.075857,8,1.827785,0.000000,0.100621,1.025920,,,102.831115,198.305556,0.518549,0.000000
policy3,Policy 3,366,36.600,replay,0.628262,0.075857,8,1.827785,0.000000,0.100621,1.025920,,,97.919175,198.305556,0.493779,0.000000
kubernetes-default,K8s default,367,36.700,replay,0.676583,0.071419,8,1.827785,0.000000,0.100621,1.025920,,,118.182541,198.305556,0.595962,0.000000
cga,CGA,367,36.700,replay,0.676583,0.071419,8,1.827785,0.000000,0.100621,1.025920,,,104.148655,198.305556,0.525193,0.000000
hda,HDA,367,36.700,replay,0.676583,0.071419,8,1.827785,0.000000,0.100621,1.025920,,,105.328535,198.305556,0.531143,0.000000
policy2,Policy 2,367,36.700,replay,0.676583,0.071419,8,1.827785,0.000000,0.100621,1.025920,,,109.063541,198.305556,0.549977,0.000000
policy3,Policy 3,367,36.700,replay,0.676583,0.071419,8,1.827785,0.000000,0.100621,1.025920,,,106.510645,198.305556,0.537104,0.000000
kubernetes-default,K8s default,368,36.800,replay,0.682081,0.008060,8,1.827785,0.000000,0.100621,1.025920,,,115.623488,198.305556,0.583057,0.000000
cga,CGA,368,36.800,replay,0.682081,0.008060,8,1.827785,0.000000,0.100621,1.025920,,,106.775962,198.305556,0.538442,0.000000
hda,HDA,368,36.800,replay,0.682081,0.008060,8,1.827785,0.000000,0.100621,1.025920,,,99.100768,198.305556,0.499738,0.000000
policy2,Policy 2,368,36.800,replay,0.682081,0.008060,8,1.827785,0.000000,0.100621,1.025920,,,103.315708,198.305556,0.520993,0.000000
policy3,Policy 3,368,36.800,replay,0.682081,0.008060,8,1.827785,0.000000,0.100621,1.025920,,,107.027826,198.305556,0.539712,0.000000
kubernetes-default,K8s default,369,36.900,replay,0.659079,0.033723,8,1.827785,0.000000,0.100621,1.025920,,,113.596424,198.305556,0.572835,0.000000
cga,CGA,369,36.900,replay,0.659079,0.033723,8,1.827785,0.000000,0.100621,1.025920,,,107.662054,198.305556,0.542910,0.000000
hda,HDA,369,36.900,replay,0.659079,0.033723,8,1.827785,0.000000,0.100621,1.025920,,,100.266341,198.305556,0.505615,0.000000
policy2,Policy 2,369,36.900,replay,0.659079,0.033723,8,1.827785,0.000000,0.100621,1.025920,,,99.785982,198.305556,0.503193,0.000000
policy3,Policy 3,369,36.900,replay,0.659079,0.033723,8,1.827785,0.000000,0.100621,1.025920,,,97.364671,198.305556,0.490983,0.000000
kubernetes-default,K8s default,370,37.000,replay,0.655900,0.004824,8,1.827785,0.000000,0.100621,1.025920,,,114.377264,198.305556,0.576773,0.000000
cga,CGA,370,37.000,replay,0.655900,0.004824,8,1.827785,0.000000,0.100621,1.025920,,,106.491029,198.305556,0.537005,0.000000
hda,HDA,370,37.000,replay,0.655900,0.004824,8,1.827785,0.000000,0.100621,1.025920,,,99.585893,198.305556,0.502184,0.000000
policy2,Policy 2,370,37.000,replay,0.655900,0.004824,8,1.827785,0.000000,0.100621,1.025920,,,102.405733,198.305556,0.516404,0.000000
policy3,Policy 3,370,37.000,replay,0.655900,0.004824,8,1.827785,0.000000,0.100621,1.025920,,,101.666410,198.305556,0.512676,0.000000
kubernetes-default,K8s default,371,37.100,replay,0.674050,0.026927,8,1.827785,0.000000,0.100621,1.025920,,,112.806696,198.305556,0.568853,0.000000
cga,CGA,371,37.100,replay,0.674050,0.026927,8,1.827785,0.000000,0.100621,1.025920,,,105.729884,198.305556,0.533167,0.000000
hda,HDA,371,37.100,replay,0.674050,0.026927,8,1.827785,0.000000,0.100621,1.025920,,,106.552803,198.305556,0.537316,0.000000
policy2,Policy 2,371,37.100,replay,0.674050,0.026927,8,1.827785,0.000000,0.100621,1.025920,,,104.332584,198.305556,0.526120,0.000000
policy3,Policy 3,371,37.100,replay,0.674050,0.026927,8,1.827785,0.000000,0.100621,1.025920,,,101.873182,198.305556,0.513718,0.000000
kubernetes-default,K8s default,372,37.200,replay,0.633983,0.059442,8,1.827785,0.000000,0.100621,1.025920,,,111.329066,198.305556,0.561402,0.000000
cga,CGA,372,37.200,replay,0.633983,0.059442,8,1.827785,0.000000,0.100621,1.025920,,,104.038687,198.305556,0.524638,0.000000
hda,HDA,372,37.200,replay,0.633983,0.059442,8,1.827785,0.000000,0.100621,1.025920,,,99.337156,198.305556,0.500930,0.000000
policy2,Policy 2,372,37.200,replay,0.633983,0.059442,8,1.827785,0.000000,0.100621,1.025920,,,104.822782,198.305556,0.528592,0.000000
policy3,Policy 3,372,37.200,replay,0.633983,0.059442,8,1.827785,0.000000,0.100621,1.025920,,,104.598440,198.305556,0.527461,0.000000
kubernetes-default,K8s default,373,37.300,replay,0.627626,0.010027,8,1.827785,0.000000,0.100621,1.025920,,,111.187696,198.305556,0.560689,0.000000
cga,CGA,373,37.300,replay,0.627626,0.010027,8,1.827785,0.000000,0.100621,1.025920,,,102.705125,198.305556,0.517914,0.000000
hda,HDA,373,37.300,replay,0.627626,0.010027,8,1.827785,0.000000,0.100621,1.025920,,,100.345879,198.305556,0.506016,0.000000
policy2,Policy 2,373,37.300,replay,0.627626,0.010027,8,1.827785,0.000000,0.100621,1.025920,,,97.986929,198.305556,0.494121,0.000000
policy3,Policy 3,373,37.300,replay,0.627626,0.010027,8,1.827785,0.000000,0.100621,1.025920,,,99.238787,198.305556,0.500434,0.000000
kubernetes-default,K8s default,374,37.400,replay,0.688148,0.274242,6,1.827785,0.500000,0.064487,1.119305,,,111.692543,172.305556,0.648224,0.000000
cga,CGA,374,37.400,replay,0.688148,0.274242,6,1.827785,0.500000,0.064487,1.119305,,,104.608625,172.305556,0.607111,0.000000
hda,HDA,374,37.400,replay,0.688148,0.274242,6,1.827785,0.500000,0.064487,1.119305,,,103.703152,172.305556,0.601856,0.000000
policy2,Policy 2,374,37.400,replay,0.688148,0.274242,6,1.827785,0.500000,0.064487,1.119305,,,100.937106,172.305556,0.585803,0.000000
policy3,Policy 3,374,37.400,replay,0.688148,0.274242,6,1.827785,0.500000,0.064487,1.119305,,,103.019955,172.305556,0.597891,0.000000
kubernetes-default,K8s default,375,37.500,replay,0.659535,0.041579,6,1.827785,0.000000,0.064487,1.119305,,,103.267979,172.305556,0.599331,0.000000
cga,CGA,375,37.500,replay,0.659535,0.041579,6,1.827785,0.000000,0.064487,1.119305,,,94.988696,172.305556,0.551281,0.000000
hda,HDA,375,37.500,replay,0.659535,0.041579,6,1.827785,0.000000,0.064487,1.119305,,,95.518301,172.305556,0.554354,0.000000
policy2,Policy 2,375,37.500,replay,0.659535,0.041579,6,1.827785,0.000000,0.064487,1.119305,,,92.102553,172.305556,0.534530,0.000000
policy3,Policy 3,375,37.500,replay,0.659535,0.041579,6,1.827785,0.000000,0.064487,1.119305,,,91.648944,172.305556,0.531898,0.000000
kubernetes-default,K8s default,376,37.600,replay,0.660964,0.002163,6,1.827785,0.000000,0.064487,1.119305,,,100.244984,172.305556,0.581786,0.000000
cga,CGA,376,37.600,replay,0.660964,0.002163,6,1.827785,0.000000,0.064487,1.119305,,,94.334647,172.305556,0.547485,0.000000
hda,HDA,376,37.600,replay,0.660964,0.002163,6,1.827785,0.000000,0.064487,1.119305,,,89.233890,172.305556,0.517882,0.000000
policy2,Policy 2,376,37.600,replay,0.660964,0.002163,6,1.827785,0.000000,0.064487,1.119305,,,87.564318,172.305556,0.508192,0.000000
policy3,Policy 3,376,37.600,replay,0.660964,0.002163,6,1.827785,0.000000,0.064487,1.119305,,,91.797595,172.305556,0.532761,0.000000
kubernetes-default,K8s default,377,37.700,replay,0.695063,0.049058,6,1.827785,0.000000,0.064487,1.119305,,,104.657574,172.305556,0.607395,0.000000
cga,CGA,377,37.700,replay,0.695063,0.049058,6,1.827785,0.000000,0.064487,1.119305,,,96.599624,172.305556,0.560630,0.000000
hda,HDA,377,37.700,replay,0.695063,0.049058,6,1.827785,0.000000,0.064487,1.119305,,,93.796040,172.305556,0.544359,0.000000
policy2,Policy 2,377,37.700,replay,0.695063,0.049058,6,1.827785,0.000000,0.064487,1.119305,,,95.529937,172.305556,0.554422,0.000000
policy3,Policy 3,377,37.700,replay,0.695063,0.049058,6,1.827785,0.000000,0.064487,1.119305,,,94.053694,172.305556,0.545854,0.000000
kubernetes-default,K8s default,378,37.800,replay,0.623816,0.102505,6,1.827785,0.000000,0.064487,1.119305,,,102.400467,172.305556,0.594296,0.000000
cga,CGA,378,37.800,replay,0.623816,0.102505,6,1.827785,0.000000,0.064487,1.119305,,,98.696175,172.305556,0.572797,0.000000
hda,HDA,378,37.800,replay,0.623816,0.102505,6,1.827785,0.000000,0.064487,1.119305,,,91.164179,172.305556,0.529084,0.000000
policy2,Policy 2,378,37.800,replay,0.623816,0.102505,6,1.827785,0.000000,0.064487,1.119305,,,96.521992,172.305556,0.560179,0.000000
policy3,Policy 3,378,37.800,replay,0.623816,0.102505,6,1.827785,0.000000,0.064487,1.119305,,,93.071427,172.305556,0.540153,0.000000
kubernetes-default,K8s default,379,37.900,replay,0.648198,0.250123,8,1.827785,0.500000,0.100621,1.025920,,,121.907124,198.305556,0.614744,0.000000
cga,CGA,379,37.900,replay,0.648198,0.250123,8,1.827785,0.500000,0.100621,1.025920,,,116.658529,198.305556,0.588277,0.000000
hda,HDA,379,37.900,replay,0.648198,0.250123,8,1.827785,0.500000,0.100621,1.025920,,,106.470734,198.305556,0.536902,0.000000
policy2,Policy 2,379,37.900,replay,0.648198,0.250123,8,1.827785,0.500000,0.100621,1.025920,,,107.874766,198.305556,0.543983,0.000000
policy3,Policy 3,379,37.900,replay,0.648198,0.250123,8,1.827785,0.500000,0.100621,1.025920,,,114.081655,198.305556,0.575282,0.000000
kubernetes-default,K8s default,380,38.000,replay,0.616447,0.581397,6,1.827785,0.000000,0.261254,-0.518787,,,93.476951,123.555556,0.756558,0.000000
cga,CGA,380,38.000,replay,0.616447,0.581397,6,1.827785,0.000000,0.261254,-0.518787,,,83.089160,123.555556,0.672484,0.000000
hda,HDA,380,38.000,replay,0.616447,0.581397,6,1.827785,0.000000,0.261254,-0.518787,,,83.984064,123.555556,0.679727,0.000000
policy2,Policy 2,380,38.000,replay,0.616447,0.581397,6,1.827785,0.000000,0.261254,-0.518787,,,88.876053,123.555556,0.719321,0.000000
policy3,Policy 3,380,38.000,replay,0.616447,0.581397,6,1.827785,0.000000,0.261254,-0.518787,,,79.698591,123.555556,0.645043,0.000000
kubernetes-default,K8s default,381,38.100,replay,0.660928,0.067301,6,1.827785,0.000000,0.261254,-0.518787,,,68.406864,123.555556,0.553653,0.000000
cga,CGA,381,38.100,replay,0.660928,0.067301,6,1.827785,0.000000,0.261254,-0.518787,,,61.272818,123.555556,0.495913,0.000000
hda,HDA,381,38.100,replay,0.660928,0.067301,6,1.827785,0.000000,0.261254,-0.518787,,,63.033356,123.555556,0.510162,0.000000
policy2,Policy 2,381,38.100,replay,0.660928,0.067301,6,1.827785,0.000000,0.261254,-0.518787,,,63.191942,123.555556,0.511446,0.000000
policy3,Policy 3,381,38.100,replay,0.660928,0.067301,6,1.827785,0.000000,0.261254,-0.518787,,,62.341183,123.555556,0.504560,0.000000
kubernetes-default,K8s default,382,38.200,replay,0.620533,0.578173,8,1.827785,0.800000,0.276642,0.298317,,,74.827863,100.805556,0.742299,0.000000
cga,CGA,382,38.200,replay,0.620533,0.578173,8,1.827785,0.800000,0.276642,0.298317,,,69.767076,100.805556,0.692096,0.000000
hda,HDA,382,38.200,replay,0.620533,0.578173,8,1.827785,0.800000,0.276642,0.298317,,,64.033290,100.805556,0.635216,0.000000
policy2,Policy 2,382,38.200,replay,0.620533,0.578173,8,1.827785,0.800000,0.276642,0.298317,,,64.128802,100.805556,0.636163,0.000000
policy3,Policy 3,382,38.200,replay,0.620533,0.578173,8,1.827785,0.800000,0.276642,0.298317,,,63.683167,100.805556,0.631743,0.000000
kubernetes-default,K8s default,383,38.300,replay,0.711958,0.128413,8,1.827785,0.000000,0.276642,0.298317,,,53.790362,100.805556,0.533605,0.000000
cga,CGA,383,38.300,replay,0.711958,0.128413,8,1.827785,0.000000,0.276642,0.298317,,,52.155576,100.805556,0.517388,0.000000
hda,HDA,383,38.300,replay,0.711958,0.128413,8,1.827785,0.000000,0.276642,0.298317,,,48.913203,100.805556,0.485223,0.000000
policy2,Policy 2,383,38.300,replay,0.711958,0.128413,8,1.827785,0.000000,0.276642,0.298317,,,49.014108,100.805556,0.486224,0.000000
policy3,Policy 3,383,38.300,replay,0.711958,0.128413,8,1.827785,0.000000,0.276642,0.298317,,,47.362030,100.805556,0.469836,0.000000
kubernetes-default,K8s default,384,38.400,replay,0.665070,0.065857,8,1.827785,0.000000,0.276642,0.298317,,,46.808482,100.805556,0.464344,0.000000
cga,CGA,384,38.400,replay,0.665070,0.065857,8,1.827785,0.000000,0.276642,0.298317,,,44.830584,100.805556,0.444723,0.000000
hda,HDA,384,38.400,replay,0.665070,0.065857,8,1.827785,0.000000,0.276642,0.298317,,,41.980561,100.805556,0.416451,0.000000
policy2,Policy 2,384,38.400,replay,0.665070,0.065857,8,1.827785,0.000000,0.276642,0.298317,,,45.853663,100.805556,0.454872,0.000000
policy3,Policy 3,384,38.400,replay,0.665070,0.065857,8,1.827785,0.000000,0.276642,0.298317,,,41.994386,100.805556,0.416588,0.000000
kubernetes-default,K8s default,385,38.500,replay,0.653114,0.017978,8,1.827785,0.000000,0.276642,0.298317,,,47.138620,100.805556,0.467619,0.000000
cga,CGA,385,38.500,replay,0.653114,0.017978,8,1.827785,0.000000,0.276642,0.298317,,,44.557675,100.805556,0.442016,0.000000
hda,HDA,385,38.500,replay,0.653114,0.017978,8,1.827785,0.000000,0.276642,0.298317,,,41.445784,100.805556,0.411146,0.000000
policy2,Policy 2,385,38.500,replay,0.653114,0.017978,8,1.827785,0.000000,0.276642,0.298317,,,37.982753,100.805556,0.376792,0.000000
policy3,Policy 3,385,38.500,replay,0.653114,0.017978,8,1.827785,0.000000,0.276642,0.298317,,,48.216580,100.805556,0.478313,0.000000
kubernetes-default,K8s default,386,38.600,replay,0.694586,0.059708,8,1.827785,0.000000,0.276642,0.298317,,,50.530300,100.805556,0.501265,0.000000
cga,CGA,386,38.600,replay,0.694586,0.059708,8,1.827785,0.000000,0.276642,0.298317,,,51.903422,100.805556,0.514887,0.000000
hda,HDA,386,38.600,replay,0.694586,0.059708,8,1.827785,0.000000,0.276642,0.298317,,,44.286671,100.805556,0.439328,0.000000
policy2,Policy 2,386,38.600,replay,0.694586,0.059708,8,1.827785,0.000000,0.276642,0.298317,,,49.936238,100.805556,0.495372,0.000000
policy3,Policy 3,386,38.600,replay,0.694586,0.059708,8,1.827785,0.000000,0.276642,0.298317,,,46.015634,100.805556,0.456479,0.000000
kubernetes-default,K8s default,387,38.700,replay,0.689421,0.007437,8,1.827785,0.000000,0.276642,0.298317,,,47.806119,100.805556,0.474241,0.000000
cga,CGA,387,38.700,replay,0.689421,0.007437,8,1.827785,0.000000,0.276642,0.298317,,,39.301264,100.805556,0.389872,0.000000
hda,HDA,387,38.700,replay,0.689421,0.007437,8,1.827785,0.000000,0.276642,0.298317,,,43.439790,100.805556,0.430927,0.000000
policy2,Policy 2,387,38.700,replay,0.689421,0.007437,8,1.827785,0.000000,0.276642,0.298317,,,42.487865,100.805556,0.421483,0.000000
policy3,Policy 3,387,38.700,replay,0.689421,0.007437,8,1.827785,0.000000,0.276642,0.298317,,,43.966955,100.805556,0.436156,0.000000
kubernetes-default,K8s default,388,38.800,replay,0.721782,0.044836,8,1.827785,0.000000,0.276642,0.298317,,,39.755575,100.805556,0.394379,0.000000
cga,CGA,388,38.800,replay,0.721782,0.044836,8,1.827785,0.000000,0.276642,0.298317,,,45.770447,100.805556,0.454047,0.000000
hda,HDA,388,38.800,replay,0.721782,0.044836,8,1.827785,0.000000,0.276642,0.298317,,,44.089743,100.805556,0.437374,0.000000
policy2,Policy 2,388,38.800,replay,0.721782,0.044836,8,1.827785,0.000000,0.276642,0.298317,,,46.461523,100.805556,0.460902,0.000000
policy3,Policy 3,388,38.800,replay,0.721782,0.044836,8,1.827785,0.000000,0.276642,0.298317,,,45.467969,100.805556,0.451046,0.000000
kubernetes-default,K8s default,389,38.900,replay,0.721768,0.000019,8,1.827785,0.000000,0.276642,0.298317,,,48.262862,100.805556,0.478772,0.000000
cga,CGA,389,38.900,replay,0.721768,0.000019,8,1.827785,0.000000,0.276642,0.298317,,,44.437158,100.805556,0.440821,0.000000
hda,HDA,389,38.900,replay,0.721768,0.000019,8,1.827785,0.000000,0.276642,0.298317,,,44.475273,100.805556,0.441199,0.000000
policy2,Policy 2,389,38.900,replay,0.721768,0.000019,8,1.827785,0.000000,0.276642,0.298317,,,46.024997,100.805556,0.456572,0.000000
policy3,Policy 3,389,38.900,replay,0.721768,0.000019,8,1.827785,0.000000,0.276642,0.298317,,,43.836828,100.805556,0.434865,0.000000
kubernetes-default,K8s default,390,39.000,replay,0.672617,0.068098,8,1.827785,0.000000,0.276642,0.298317,,,54.806281,100.805556,0.543683,0.000000
cga,CGA,390,39.000,replay,0.672617,0.068098,8,1.827785,0.000000,0.276642,0.298317,,,45.171977,100.805556,0.448110,0.000000
hda,HDA,390,39.000,replay,0.672617,0.068098,8,1.827785,0.000000,0.276642,0.298317,,,46.326259,100.805556,0.459561,0.000000
policy2,Policy 2,390,39.000,replay,0.672617,0.068098,8,1.827785,0.000000,0.276642,0.298317,,,43.048075,100.805556,0.427041,0.000000
policy3,Policy 3,390,39.000,replay,0.672617,0.068098,8,1.827785,0.000000,0.276642,0.298317,,,42.059966,100.805556,0.417239,0.000000
kubernetes-default,K8s default,391,39.100,replay,0.640441,0.047837,8,1.827785,0.000000,0.276642,0.298317,,,49.311335,100.805556,0.489173,0.000000
cga,CGA,391,39.100,replay,0.640441,0.047837,8,1.827785,0.000000,0.276642,0.298317,,,43.028546,100.805556,0.426847,0.000000
hda,HDA,391,39.100,replay,0.640441,0.047837,8,1.827785,0.000000,0.276642,0.298317,,,43.911679,100.805556,0.435608,0.000000
policy2,Policy 2,391,39.100,replay,0.640441,0.047837,8,1.827785,0.000000,0.276642,0.298317,,,45.151380,100.805556,0.447906,0.000000
policy3,Policy 3,391,39.100,replay,0.640441,0.047837,8,1.827785,0.000000,0.276642,0.298317,,,40.419923,100.805556,0.400969,0.000000
kubernetes-default,K8s default,392,39.200,replay,0.635991,0.006948,8,1.827785,0.000000,0.276642,0.298317,,,50.276927,100.805556,0.498752,0.000000
cga,CGA,392,39.200,replay,0.635991,0.006948,8,1.827785,0.000000,0.276642,0.298317,,,42.523093,100.805556,0.421833,0.000000
hda,HDA,392,39.200,replay,0.635991,0.006948,8,1.827785,0.000000,0.276642,0.298317,,,41.020918,100.805556,0.406931,0.000000
policy2,Policy 2,392,39.200,replay,0.635991,0.006948,8,1.827785,0.000000,0.276642,0.298317,,,42.248985,100.805556,0.419114,0.000000
policy3,Policy 3,392,39.200,replay,0.635991,0.006948,8,1.827785,0.000000,0.276642,0.298317,,,41.608488,100.805556,0.412760,0.000000
kubernetes-default,K8s default,393,39.300,replay,0.698677,0.089721,8,1.827785,0.000000,0.276642,0.298317,,,53.426223,100.805556,0.529993,0.000000
cga,CGA,393,39.300,replay,0.698677,0.089721,8,1.827785,0.000000,0.276642,0.298317,,,42.047620,100.805556,0.417116,0.000000
hda,HDA,393,39.300,replay,0.698677,0.089721,8,1.827785,0.000000,0.276642,0.298317,,,39.007746,100.805556,0.386960,0.000000
policy2,Policy 2,393,39.300,replay,0.698677,0.089721,8,1.827785,0.000000,0.276642,0.298317,,,45.200375,100.805556,0.448392,0.000000
policy3,Policy 3,393,39.300,replay,0.698677,0.089721,8,1.827785,0.000000,0.276642,0.298317,,,51.319657,100.805556,0.509096,0.000000
kubernetes-default,K8s default,394,39.400,replay,0.728645,0.041127,8,1.827785,0.000000,0.276642,0.298317,,,51.440748,100.805556,0.510297,0.000000
cga,CGA,394,39.400,replay,0.728645,0.041127,8,1.827785,0.000000,0.276642,0.298317,,,49.649809,100.805556,0.492530,0.000000
hda,HDA,394,39.400,replay,0.728645,0.041127,8,1.827785,0.000000,0.276642,0.298317,,,47.422338,100.805556,0.470434,0.000000
policy2,Policy 2,394,39.400,replay,0.728645,0.041127,8,1.827785,0.000000,0.276642,0.298317,,,45.738203,100.805556,0.453727,0.000000
policy3,Policy 3,394,39.400,replay,0.728645,0.041127,8,1.827785,0.000000,0.276642,0.298317,,,48.133913,100.805556,0.477493,0.000000
kubernetes-default,K8s default,395,39.500,replay,0.655323,0.100628,8,1.827785,0.000000,0.276642,0.298317,,,53.068477,100.805556,0.526444,0.000000
cga,CGA,395,39.500,replay,0.655323,0.100628,8,1.827785,0.000000,0.276642,0.298317,,,49.550295,100.805556,0.491543,0.000000
hda,HDA,395,39.500,replay,0.655323,0.100628,8,1.827785,0.000000,0.276642,0.298317,,,44.731671,100.805556,0.443742,0.000000
policy2,Policy 2,395,39.500,replay,0.655323,0.100628,8,1.827785,0.000000,0.276642,0.298317,,,48.539135,100.805556,0.481513,0.000000
policy3,Policy 3,395,39.500,replay,0.655323,0.100628,8,1.827785,0.000000,0.276642,0.298317,,,43.358002,100.805556,0.430115,0.000000
kubernetes-default,K8s default,396,39.600,replay,0.665661,0.015531,8,1.827785,0.000000,0.276642,0.298317,,,45.815175,100.805556,0.454491,0.000000
cga,CGA,396,39.600,replay,0.665661,0.015531,8,1.827785,0.000000,0.276642,0.298317,,,38.975536,100.805556,0.386641,0.000000
hda,HDA,396,39.600,replay,0.665661,0.015531,8,1.827785,0.000000,0.276642,0.298317,,,46.659437,100.805556,0.462866,0.000000
policy2,Policy 2,396,39.600,replay,0.665661,0.015531,8,1.827785,0.000000,0.276642,0.298317,,,42.935971,100.805556,0.425929,0.000000
policy3,Policy 3,396,39.600,replay,0.665661,0.015531,8,1.827785,0.000000,0.276642,0.298317,,,45.384687,100.805556,0.450220,0.000000
kubernetes-default,K8s default,397,39.700,replay,0.745502,0.650372,7,1.827785,0.800000,0.331303,-0.135046,,,86.001055,110.555556,0.777899,0.000000
cga,CGA,397,39.700,replay,0.745502,0.650372,7,1.827785,0.800000,0.331303,-0.135046,,,79.997811,110.555556,0.723598,0.000000
hda,HDA,397,39.700,replay,0.745502,0.650372,7,1.827785,0.800000,0.331303,-0.135046,,,75.218046,110.555556,0.680364,0.000000
policy2,Policy 2,397,39.700,replay,0.745502,0.650372,7,1.827785,0.800000,0.331303,-0.135046,,,78.877219,110.555556,0.713462,0.000000
policy3,Policy 3,397,39.700,replay,0.745502,0.650372,7,1.827785,0.800000,0.331303,-0.135046,,,79.580241,110.555556,0.719821,0.000000
kubernetes-default,K8s default,398,39.800,replay,0.681483,0.085874,7,1.827785,0.000000,0.331303,-0.135046,,,58.528620,110.555556,0.529405,0.000000
cga,CGA,398,39.800,replay,0.681483,0.085874,7,1.827785,0.000000,0.331303,-0.135046,,,57.642664,110.555556,0.521391,0.000000
hda,HDA,398,39.800,replay,0.681483,0.085874,7,1.827785,0.000000,0.331303,-0.135046,,,56.678069,110.555556,0.512666,0.000000
policy2,Policy 2,398,39.800,replay,0.681483,0.085874,7,1.827785,0.000000,0.331303,-0.135046,,,54.891288,110.555556,0.496504,0.000000
policy3,Policy 3,398,39.800,replay,0.681483,0.085874,7,1.827785,0.000000,0.331303,-0.135046,,,56.244160,110.555556,0.508741,0.000000
kubernetes-default,K8s default,399,39.900,replay,0.666401,0.022132,7,1.827785,0.000000,0.331303,-0.135046,,,51.784957,110.555556,0.468407,0.000000
cga,CGA,399,39.900,replay,0.666401,0.022132,7,1.827785,0.000000,0.331303,-0.135046,,,53.995117,110.555556,0.488398,0.000000
hda,HDA,399,39.900,replay,0.666401,0.022132,7,1.827785,0.000000,0.331303,-0.135046,,,44.790599,110.555556,0.405141,0.000000
policy2,Policy 2,399,39.900,replay,0.666401,0.022132,7,1.827785,0.000000,0.331303,-0.135046,,,56.669042,110.555556,0.512584,0.000000
policy3,Policy 3,399,39.900,replay,0.666401,0.022132,7,1.827785,0.000000,0.331303,-0.135046,,,47.065952,110.555556,0.425722,0.000000
kubernetes-default,K8s default,400,40.000,replay,0.666808,0.000611,7,1.827785,0.000000,0.331303,-0.135046,,,55.288715,110.555556,0.500099,0.000000
cga,CGA,400,40.000,replay,0.666808,0.000611,7,1.827785,0.000000,0.331303,-0.135046,,,54.770291,110.555556,0.495410,0.000000
hda,HDA,400,40.000,replay,0.666808,0.000611,7,1.827785,0.000000,0.331303,-0.135046,,,47.676297,110.555556,0.431243,0.000000
policy2,Policy 2,400,40.000,replay,0.666808,0.000611,7,1.827785,0.000000,0.331303,-0.135046,,,48.518569,110.555556,0.438861,0.000000
policy3,Policy 3,400,40.000,replay,0.666808,0.000611,7,1.827785,0.000000,0.331303,-0.135046,,,50.324312,110.555556,0.455195,0.000000
kubernetes-default,K8s default,401,40.100,replay,0.732286,0.089416,7,1.827785,0.000000,0.331303,-0.135046,,,60.363855,110.555556,0.546005,0.000000
cga,CGA,401,40.100,replay,0.732286,0.089416,7,1.827785,0.000000,0.331303,-0.135046,,,62.149686,110.555556,0.562158,0.000000
hda,HDA,401,40.100,replay,0.732286,0.089416,7,1.827785,0.000000,0.331303,-0.135046,,,57.079522,110.555556,0.516297,0.000000
policy2,Policy 2,401,40.100,replay,0.732286,0.089416,7,1.827785,0.000000,0.331303,-0.135046,,,57.628715,110.555556,0.521265,0.000000
policy3,Policy 3,401,40.100,replay,0.732286,0.089416,7,1.827785,0.000000,0.331303,-0.135046,,,55.106774,110.555556,0.498453,0.000000
kubernetes-default,K8s default,402,40.200,replay,0.697635,0.047319,7,1.827785,0.000000,0.331303,-0.135046,,,59.972716,110.555556,0.542467,0.000000
cga,CGA,402,40.200,replay,0.697635,0.047319,7,1.827785,0.000000,0.331303,-0.135046,,,52.466164,110.555556,0.474568,0.000000
hda,HDA,402,40.200,replay,0.697635,0.047319,7,1.827785,0.000000,0.331303,-0.135046,,,54.256930,110.555556,0.490766,0.000000
policy2,Policy 2,402,40.200,replay,0.697635,0.047319,7,1.827785,0.000000,0.331303,-0.135046,,,51.537747,110.555556,0.466171,0.000000
policy3,Policy 3,402,40.200,replay,0.697635,0.047319,7,1.827785,0.000000,0.331303,-0.135046,,,50.219497,110.555556,0.454247,0.000000
kubernetes-default,K8s default,403,40.300,replay,0.707098,0.013384,7,1.827785,0.000000,0.331303,-0.135046,,,58.668250,110.555556,0.530668,0.000000
cga,CGA,403,40.300,replay,0.707098,0.013384,7,1.827785,0.000000,0.331303,-0.135046,,,52.354799,110.555556,0.473561,0.000000
hda,HDA,403,40.300,replay,0.707098,0.013384,7,1.827785,0.000000,0.331303,-0.135046,,,51.108042,110.555556,0.462284,0.000000
policy2,Policy 2,403,40.300,replay,0.707098,0.013384,7,1.827785,0.000000,0.331303,-0.135046,,,56.387396,110.555556,0.510037,0.000000
policy3,Policy 3,403,40.300,replay,0.707098,0.013384,7,1.827785,0.000000,0.331303,-0.135046,,,51.763361,110.555556,0.468211,0.000000
kubernetes-default,K8s default,404,40.400,replay,0.750281,0.057556,7,1.827785,0.000000,0.331303,-0.135046,,,56.668899,110.555556,0.512583,0.000000
cga,CGA,404,40.400,replay,0.750281,0.057556,7,1.827785,0.000000,0.331303,-0.135046,,,53.610960,110.555556,0.484923,0.000000
hda,HDA,404,40.400,replay,0.750281,0.057556,7,1.827785,0.000000,0.331303,-0.135046,,,49.822594,110.555556,0.450657,0.000000
policy2,Policy 2,404,40.400,replay,0.750281,0.057556,7,1.827785,0.000000,0.331303,-0.135046,,,56.386343,110.555556,0.510027,0.000000
policy3,Policy 3,404,40.400,replay,0.750281,0.057556,7,1.827785,0.000000,0.331303,-0.135046,,,52.076096,110.555556,0.471040,0.000000
kubernetes-default,K8s default,405,40.500,replay,0.720273,0.039996,7,1.827785,0.000000,0.331303,-0.135046,,,59.153231,110.555556,0.535054,0.000000
cga,CGA,405,40.500,replay,0.720273,0.039996,7,1.827785,0.000000,0.331303,-0.135046,,,54.991397,110.555556,0.497410,0.000000
hda,HDA,405,40.500,replay,0.720273,0.039996,7,1.827785,0.000000,0.331303,-0.135046,,,55.791622,110.555556,0.504648,0.000000
policy2,Policy 2,405,40.500,replay,0.720273,0.039996,7,1.827785,0.000000,0.331303,-0.135046,,,54.886791,110.555556,0.496463,0.000000
policy3,Policy 3,405,40.500,replay,0.720273,0.039996,7,1.827785,0.000000,0.331303,-0.135046,,,55.539479,110.555556,0.502367,0.000000
kubernetes-default,K8s default,406,40.600,replay,0.724034,0.504604,8,1.827785,0.500000,0.100621,1.025920,,,135.172512,198.305556,0.681638,0.000000
cga,CGA,406,40.600,replay,0.724034,0.504604,8,1.827785,0.500000,0.100621,1.025920,,,129.987671,198.305556,0.655492,0.000000
hda,HDA,406,40.600,replay,0.724034,0.504604,8,1.827785,0.500000,0.100621,1.025920,,,123.077509,198.305556,0.620646,0.000000
policy2,Policy 2,406,40.600,replay,0.724034,0.504604,8,1.827785,0.500000,0.100621,1.025920,,,125.190869,198.305556,0.631303,0.000000
policy3,Policy 3,406,40.600,replay,0.724034,0.504604,8,1.827785,0.500000,0.100621,1.025920,,,122.658127,198.305556,0.618531,0.000000
kubernetes-default,K8s default,407,40.700,replay,0.754179,0.039970,8,1.827785,0.000000,0.100621,1.025920,,,118.057553,198.305556,0.595332,0.000000
cga,CGA,407,40.700,replay,0.754179,0.039970,8,1.827785,0.000000,0.100621,1.025920,,,112.334298,198.305556,0.566471,0.000000
hda,HDA,407,40.700,replay,0.754179,0.039970,8,1.827785,0.000000,0.100621,1.025920,,,106.040743,198.305556,0.534734,0.000000
policy2,Policy 2,407,40.700,replay,0.754179,0.039970,8,1.827785,0.000000,0.100621,1.025920,,,107.906177,198.305556,0.544141,0.000000
policy3,Policy 3,407,40.700,replay,0.754179,0.039970,8,1.827785,0.000000,0.100621,1.025920,,,106.191792,198.305556,0.535496,0.000000
kubernetes-default,K8s default,408,40.800,replay,0.732182,0.029167,8,1.827785,0.000000,0.100621,1.025920,,,114.970916,198.305556,0.579766,0.000000
cga,CGA,408,40.800,replay,0.732182,0.029167,8,1.827785,0.000000,0.100621,1.025920,,,111.038181,198.305556,0.559935,0.000000
hda,HDA,408,40.800,replay,0.732182,0.029167,8,1.827785,0.000000,0.100621,1.025920,,,97.895826,198.305556,0.493662,0.000000
policy2,Policy 2,408,40.800,replay,0.732182,0.029167,8,1.827785,0.000000,0.100621,1.025920,,,101.591266,198.305556,0.512297,0.000000
policy3,Policy 3,408,40.800,replay,0.732182,0.029167,8,1.827785,0.000000,0.100621,1.025920,,,107.852209,198.305556,0.543869,0.000000
kubernetes-default,K8s default,409,40.900,replay,0.746726,0.609049,6,1.827785,0.500000,0.255361,-0.384784,,,87.141422,113.805556,0.765704,0.000000
cga,CGA,409,40.900,replay,0.746726,0.609049,6,1.827785,0.500000,0.255361,-0.384784,,,82.756184,113.805556,0.727172,0.000000
hda,HDA,409,40.900,replay,0.746726,0.609049,6,1.827785,0.500000,0.255361,-0.384784,,,80.561047,113.805556,0.707883,0.000000
policy2,Policy 2,409,40.900,replay,0.746726,0.609049,6,1.827785,0.500000,0.255361,-0.384784,,,81.814895,113.805556,0.718901,0.000000
policy3,Policy 3,409,40.900,replay,0.746726,0.609049,6,1.827785,0.500000,0.255361,-0.384784,,,80.547088,113.805556,0.707761,0.000000
kubernetes-default,K8s default,410,41.000,replay,0.685833,0.081547,6,1.827785,0.000000,0.255361,-0.384784,,,64.475761,113.805556,0.566543,0.000000
cga,CGA,410,41.000,replay,0.685833,0.081547,6,1.827785,0.000000,0.255361,-0.384784,,,59.121890,113.805556,0.519499,0.000000
hda,HDA,410,41.000,replay,0.685833,0.081547,6,1.827785,0.000000,0.255361,-0.384784,,,59.561226,113.805556,0.523360,0.000000
policy2,Policy 2,410,41.000,replay,0.685833,0.081547,6,1.827785,0.000000,0.255361,-0.384784,,,58.948880,113.805556,0.517979,0.000000
policy3,Policy 3,410,41.000,replay,0.685833,0.081547,6,1.827785,0.000000,0.255361,-0.384784,,,60.188411,113.805556,0.528871,0.000000
kubernetes-default,K8s default,411,41.100,replay,0.753037,0.089244,6,1.827785,0.000000,0.255361,-0.384784,,,68.095265,113.805556,0.598347,0.000000
cga,CGA,411,41.100,replay,0.753037,0.089244,6,1.827785,0.000000,0.255361,-0.384784,,,59.290020,113.805556,0.520976,0.000000
hda,HDA,411,41.100,replay,0.753037,0.089244,6,1.827785,0.000000,0.255361,-0.384784,,,64.241667,113.805556,0.564486,0.000000
policy2,Policy 2,411,41.100,replay,0.753037,0.089244,6,1.827785,0.000000,0.255361,-0.384784,,,56.379164,113.805556,0.495399,0.000000
policy3,Policy 3,411,41.100,replay,0.753037,0.089244,6,1.827785,0.000000,0.255361,-0.384784,,,59.014698,113.805556,0.518557,0.000000
kubernetes-default,K8s default,412,41.200,replay,0.690287,0.083330,6,1.827785,0.000000,0.255361,-0.384784,,,63.296992,113.805556,0.556185,0.000000
cga,CGA,412,41.200,replay,0.690287,0.083330,6,1.827785,0.000000,0.255361,-0.384784,,,59.048665,113.805556,0.518856,0.000000
hda,HDA,412,41.200,replay,0.690287,0.083330,6,1.827785,0.000000,0.255361,-0.384784,,,58.051659,113.805556,0.510095,0.000000
policy2,Policy 2,412,41.200,replay,0.690287,0.083330,6,1.827785,0.000000,0.255361,-0.384784,,,58.273709,113.805556,0.512046,0.000000
policy3,Policy 3,412,41.200,replay,0.690287,0.083330,6,1.827785,0.000000,0.255361,-0.384784,,,56.785393,113.805556,0.498969,0.000000
kubernetes-default,K8s default,413,41.300,replay,0.725565,0.548284,6,1.827785,0.500000,0.064487,1.119305,,,125.660141,172.305556,0.729287,0.000000
cga,CGA,413,41.300,replay,0.725565,0.548284,6,1.827785,0.500000,0.064487,1.119305,,,120.474636,172.305556,0.699192,0.000000
hda,HDA,413,41.300,replay,0.725565,0.548284,6,1.827785,0.500000,0.064487,1.119305,,,113.171374,172.305556,0.656806,0.000000
policy2,Policy 2,413,41.300,replay,0.725565,0.548284,6,1.827785,0.500000,0.064487,1.119305,,,113.902164,172.305556,0.661048,0.000000
policy3,Policy 3,413,41.300,replay,0.725565,0.548284,6,1.827785,0.500000,0.064487,1.119305,,,114.578283,172.305556,0.664971,0.000000
kubernetes-default,K8s default,414,41.400,replay,0.714742,0.014916,6,1.827785,0.000000,0.064487,1.119305,,,101.005583,172.305556,0.586200,0.000000
cga,CGA,414,41.400,replay,0.714742,0.014916,6,1.827785,0.000000,0.064487,1.119305,,,96.458117,172.305556,0.559809,0.000000
hda,HDA,414,41.400,replay,0.714742,0.014916,6,1.827785,0.000000,0.064487,1.119305,,,92.076084,172.305556,0.534377,0.000000
policy2,Policy 2,414,41.400,replay,0.714742,0.014916,6,1.827785,0.000000,0.064487,1.119305,,,91.558203,172.305556,0.531371,0.000000
policy3,Policy 3,414,41.400,replay,0.714742,0.014916,6,1.827785,0.000000,0.064487,1.119305,,,88.148631,172.305556,0.511583,0.000000
kubernetes-default,K8s default,415,41.500,replay,0.739697,0.033736,6,1.827785,0.000000,0.064487,1.119305,,,104.504274,172.305556,0.606506,0.000000
cga,CGA,415,41.500,replay,0.739697,0.033736,6,1.827785,0.000000,0.064487,1.119305,,,98.206850,172.305556,0.569958,0.000000
hda,HDA,415,41.500,replay,0.739697,0.033736,6,1.827785,0.000000,0.064487,1.119305,,,94.322976,172.305556,0.547417,0.000000
policy2,Policy 2,415,41.500,replay,0.739697,0.033736,6,1.827785,0.000000,0.064487,1.119305,,,92.696549,172.305556,0.537978,0.000000
policy3,Policy 3,415,41.500,replay,0.739697,0.033736,6,1.827785,0.000000,0.064487,1.119305,,,100.764411,172.305556,0.584801,0.000000
kubernetes-default,K8s default,416,41.600,replay,0.792829,0.067016,6,1.827785,0.000000,0.064487,1.119305,,,110.059304,172.305556,0.638745,0.000000
cga,CGA,416,41.600,replay,0.792829,0.067016,6,1.827785,0.000000,0.064487,1.119305,,,102.804707,172.305556,0.596642,0.000000
hda,HDA,416,41.600,replay,0.792829,0.067016,6,1.827785,0.000000,0.064487,1.119305,,,97.354615,172.305556,0.565011,0.000000
policy2,Policy 2,416,41.600,replay,0.792829,0.067016,6,1.827785,0.000000,0.064487,1.119305,,,98.623710,172.305556,0.572377,0.000000
policy3,Policy 3,416,41.600,replay,0.792829,0.067016,6,1.827785,0.000000,0.064487,1.119305,,,99.989664,172.305556,0.580304,0.000000
kubernetes-default,K8s default,417,41.700,replay,0.696246,0.121821,6,1.827785,0.000000,0.064487,1.119305,,,106.343701,172.305556,0.617181,0.000000
cga,CGA,417,41.700,replay,0.696246,0.121821,6,1.827785,0.000000,0.064487,1.119305,,,98.485866,172.305556,0.571577,0.000000
hda,HDA,417,41.700,replay,0.696246,0.121821,6,1.827785,0.000000,0.064487,1.119305,,,98.440941,172.305556,0.571316,0.000000
policy2,Policy 2,417,41.700,replay,0.696246,0.121821,6,1.827785,0.000000,0.064487,1.119305,,,103.588191,172.305556,0.601189,0.000000
policy3,Policy 3,417,41.700,replay,0.696246,0.121821,6,1.827785,0.000000,0.064487,1.119305,,,94.796431,172.305556,0.550165,0.000000
kubernetes-default,K8s default,418,41.800,replay,0.792495,0.203175,7,1.827785,0.500000,0.127255,-0.171528,,,97.069592,146.305556,0.663472,0.000000
cga,CGA,418,41.800,replay,0.792495,0.203175,7,1.827785,0.500000,0.127255,-0.171528,,,91.499528,146.305556,0.625400,0.000000
hda,HDA,418,41.800,replay,0.792495,0.203175,7,1.827785,0.500000,0.127255,-0.171528,,,87.309347,146.305556,0.596760,0.000000
policy2,Policy 2,418,41.800,replay,0.792495,0.203175,7,1.827785,0.500000,0.127255,-0.171528,,,84.731639,146.305556,0.579142,0.000000
policy3,Policy 3,418,41.800,replay,0.792495,0.203175,7,1.827785,0.500000,0.127255,-0.171528,,,88.294463,146.305556,0.603494,0.000000
kubernetes-default,K8s default,419,41.900,replay,0.766790,0.032435,7,1.827785,0.000000,0.127255,-0.171528,,,88.946729,146.305556,0.607952,0.000000
cga,CGA,419,41.900,replay,0.766790,0.032435,7,1.827785,0.000000,0.127255,-0.171528,,,80.781272,146.305556,0.552141,0.000000
hda,HDA,419,41.900,replay,0.766790,0.032435,7,1.827785,0.000000,0.127255,-0.171528,,,74.730378,146.305556,0.510783,0.000000
policy2,Policy 2,419,41.900,replay,0.766790,0.032435,7,1.827785,0.000000,0.127255,-0.171528,,,76.949228,146.305556,0.525949,0.000000
policy3,Policy 3,419,41.900,replay,0.766790,0.032435,7,1.827785,0.000000,0.127255,-0.171528,,,82.587135,146.305556,0.564484,0.000000
kubernetes-default,K8s default,420,42.000,replay,0.732902,0.044196,7,1.827785,0.000000,0.127255,-0.171528,,,88.685767,146.305556,0.606168,0.000000
cga,CGA,420,42.000,replay,0.732902,0.044196,7,1.827785,0.000000,0.127255,-0.171528,,,85.675213,146.305556,0.585591,0.000000
hda,HDA,420,42.000,replay,0.732902,0.044196,7,1.827785,0.000000,0.127255,-0.171528,,,76.497890,146.305556,0.522864,0.000000
policy2,Policy 2,420,42.000,replay,0.732902,0.044196,7,1.827785,0.000000,0.127255,-0.171528,,,82.739260,146.305556,0.565524,0.000000
policy3,Policy 3,420,42.000,replay,0.732902,0.044196,7,1.827785,0.000000,0.127255,-0.171528,,,78.187325,146.305556,0.534411,0.000000
kubernetes-default,K8s default,421,42.100,replay,0.713716,0.026178,7,1.827785,0.000000,0.127255,-0.171528,,,84.206053,146.305556,0.575549,0.000000
cga,CGA,421,42.100,replay,0.713716,0.026178,7,1.827785,0.000000,0.127255,-0.171528,,,84.439671,146.305556,0.577146,0.000000
hda,HDA,421,42.100,replay,0.713716,0.026178,7,1.827785,0.000000,0.127255,-0.171528,,,76.829526,146.305556,0.525131,0.000000
policy2,Policy 2,421,42.100,replay,0.713716,0.026178,7,1.827785,0.000000,0.127255,-0.171528,,,81.579964,146.305556,0.557600,0.000000
policy3,Policy 3,421,42.100,replay,0.713716,0.026178,7,1.827785,0.000000,0.127255,-0.171528,,,82.531282,146.305556,0.564102,0.000000
kubernetes-default,K8s default,422,42.200,replay,0.807183,0.559398,9,1.827785,0.800000,0.330040,0.324431,,,76.176493,100.805556,0.755678,0.000000
cga,CGA,422,42.200,replay,0.807183,0.559398,9,1.827785,0.800000,0.330040,0.324431,,,69.905788,100.805556,0.693472,0.000000
hda,HDA,422,42.200,replay,0.807183,0.559398,9,1.827785,0.800000,0.330040,0.324431,,,64.227222,100.805556,0.637140,0.000000
policy2,Policy 2,422,42.200,replay,0.807183,0.559398,9,1.827785,0.800000,0.330040,0.324431,,,71.106229,100.805556,0.705380,0.000000
policy3,Policy 3,422,42.200,replay,0.807183,0.559398,9,1.827785,0.800000,0.330040,0.324431,,,67.482795,100.805556,0.669435,0.000000
kubernetes-default,K8s default,423,42.300,replay,0.716473,0.131597,8,1.827785,0.000000,0.276642,0.298317,,,54.055428,100.805556,0.536235,0.000000
cga,CGA,423,42.300,replay,0.716473,0.131597,8,1.827785,0.000000,0.276642,0.298317,,,47.692381,100.805556,0.473113,0.000000
hda,HDA,423,42.300,replay,0.716473,0.131597,8,1.827785,0.000000,0.276642,0.298317,,,50.301286,100.805556,0.498993,0.000000
policy2,Policy 2,423,42.300,replay,0.716473,0.131597,8,1.827785,0.000000,0.276642,0.298317,,,44.907675,100.805556,0.445488,0.000000
policy3,Policy 3,423,42.300,replay,0.716473,0.131597,8,1.827785,0.000000,0.276642,0.298317,,,49.574771,100.805556,0.491786,0.000000
kubernetes-default,K8s default,424,42.400,replay,0.760071,0.057361,8,1.827785,0.000000,0.276642,0.298317,,,50.860269,100.805556,0.504538,0.000000
cga,CGA,424,42.400,replay,0.760071,0.057361,8,1.827785,0.000000,0.276642,0.298317,,,53.258201,100.805556,0.528326,0.000000
hda,HDA,424,42.400,replay,0.760071,0.057361,8,1.827785,0.000000,0.276642,0.298317,,,47.017799,100.805556,0.466421,0.000000
policy2,Policy 2,424,42.400,replay,0.760071,0.057361,8,1.827785,0.000000,0.276642,0.298317,,,50.890798,100.805556,0.504841,0.000000
policy3,Policy 3,424,42.400,replay,0.760071,0.057361,8,1.827785,0.000000,0.276642,0.298317,,,40.768588,100.805556,0.404428,0.000000
kubernetes-default,K8s default,425,42.500,replay,0.749491,0.013920,8,1.827785,0.000000,0.276642,0.298317,,,46.275277,100.805556,0.459055,0.000000
cga,CGA,425,42.500,replay,0.749491,0.013920,8,1.827785,0.000000,0.276642,0.298317,,,44.509654,100.805556,0.441540,0.000000
hda,HDA,425,42.500,replay,0.749491,0.013920,8,1.827785,0.000000,0.276642,0.298317,,,42.468082,100.805556,0.421287,0.000000
policy2,Policy 2,425,42.500,replay,0.749491,0.013920,8,1.827785,0.000000,0.276642,0.298317,,,47.599458,100.805556,0.472191,0.000000
policy3,Policy 3,425,42.500,replay,0.749491,0.013920,8,1.827785,0.000000,0.276642,0.298317,,,43.402635,100.805556,0.430558,0.000000
kubernetes-default,K8s default,426,42.600,replay,0.752819,0.004421,8,1.827785,0.000000,0.276642,0.298317,,,47.241722,100.805556,0.468642,0.000000
cga,CGA,426,42.600,replay,0.752819,0.004421,8,1.827785,0.000000,0.276642,0.298317,,,46.942037,100.805556,0.465669,0.000000
hda,HDA,426,42.600,replay,0.752819,0.004421,8,1.827785,0.000000,0.276642,0.298317,,,42.622357,100.805556,0.422818,0.000000
policy2,Policy 2,426,42.600,replay,0.752819,0.004421,8,1.827785,0.000000,0.276642,0.298317,,,44.199356,100.805556,0.438462,0.000000
policy3,Policy 3,426,42.600,replay,0.752819,0.004421,8,1.827785,0.000000,0.276642,0.298317,,,43.115235,100.805556,0.427707,0.000000
kubernetes-default,K8s default,427,42.700,replay,0.817114,0.098633,9,1.827785,0.000000,0.330040,0.324431,,,54.524264,100.805556,0.540886,0.000000
cga,CGA,427,42.700,replay,0.817114,0.098633,9,1.827785,0.000000,0.330040,0.324431,,,51.711278,100.805556,0.512980,0.000000
hda,HDA,427,42.700,replay,0.817114,0.098633,9,1.827785,0.000000,0.330040,0.324431,,,45.971525,100.805556,0.456042,0.000000
policy2,Policy 2,427,42.700,replay,0.817114,0.098633,9,1.827785,0.000000,0.330040,0.324431,,,52.274234,100.805556,0.518565,0.000000
policy3,Policy 3,427,42.700,replay,0.817114,0.098633,9,1.827785,0.000000,0.330040,0.324431,,,47.835633,100.805556,0.474534,0.000000
kubernetes-default,K8s default,428,42.800,replay,0.740430,0.603632,7,1.827785,0.800000,0.331303,-0.135046,,,87.057973,110.555556,0.787459,0.000000
cga,CGA,428,42.800,replay,0.740430,0.603632,7,1.827785,0.800000,0.331303,-0.135046,,,77.871742,110.555556,0.704368,0.000000
hda,HDA,428,42.800,replay,0.740430,0.603632,7,1.827785,0.800000,0.331303,-0.135046,,,75.281566,110.555556,0.680939,0.000000
policy2,Policy 2,428,42.800,replay,0.740430,0.603632,7,1.827785,0.800000,0.331303,-0.135046,,,78.113432,110.555556,0.706554,0.000000
policy3,Policy 3,428,42.800,replay,0.740430,0.603632,7,1.827785,0.800000,0.331303,-0.135046,,,80.260648,110.555556,0.725976,0.000000
kubernetes-default,K8s default,429,42.900,replay,0.748169,0.244982,7,1.827785,0.500000,0.163751,-1.299391,,,82.093680,130.055556,0.631220,0.000000
cga,CGA,429,42.900,replay,0.748169,0.244982,7,1.827785,0.500000,0.163751,-1.299391,,,73.701447,130.055556,0.566692,0.000000
hda,HDA,429,42.900,replay,0.748169,0.244982,7,1.827785,0.500000,0.163751,-1.299391,,,70.317891,130.055556,0.540676,0.000000
policy2,Policy 2,429,42.900,replay,0.748169,0.244982,7,1.827785,0.500000,0.163751,-1.299391,,,76.038516,130.055556,0.584662,0.000000
policy3,Policy 3,429,42.900,replay,0.748169,0.244982,7,1.827785,0.500000,0.163751,-1.299391,,,71.878625,130.055556,0.552676,0.000000
kubernetes-default,K8s default,430,43.000,replay,0.818759,0.301709,7,1.827785,0.000000,0.185967,-1.531883,,,118.513733,172.305556,0.687811,0.000000
cga,CGA,430,43.000,replay,0.818759,0.301709,7,1.827785,0.000000,0.185967,-1.531883,,,113.623746,172.305556,0.659432,0.000000
hda,HDA,430,43.000,replay,0.818759,0.301709,7,1.827785,0.000000,0.185967,-1.531883,,,112.012509,172.305556,0.650081,0.000000
policy2,Policy 2,430,43.000,replay,0.818759,0.301709,7,1.827785,0.000000,0.185967,-1.531883,,,108.948727,172.305556,0.632300,0.000000
policy3,Policy 3,430,43.000,replay,0.818759,0.301709,7,1.827785,0.000000,0.185967,-1.531883,,,107.049133,172.305556,0.621275,0.000000
kubernetes-default,K8s default,431,43.100,replay,0.804300,0.017659,7,1.827785,0.000000,0.185967,-1.531883,,,109.745457,172.305556,0.636923,0.000000
cga,CGA,431,43.100,replay,0.804300,0.017659,7,1.827785,0.000000,0.185967,-1.531883,,,99.975229,172.305556,0.580221,0.000000
hda,HDA,431,43.100,replay,0.804300,0.017659,7,1.827785,0.000000,0.185967,-1.531883,,,97.965310,172.305556,0.568556,0.000000
policy2,Policy 2,431,43.100,replay,0.804300,0.017659,7,1.827785,0.000000,0.185967,-1.531883,,,97.159110,172.305556,0.563877,0.000000
policy3,Policy 3,431,43.100,replay,0.804300,0.017659,7,1.827785,0.000000,0.185967,-1.531883,,,95.609899,172.305556,0.554886,0.000000
kubernetes-default,K8s default,432,43.200,replay,0.811471,0.008837,7,1.827785,0.000000,0.185967,-1.531883,,,108.834909,172.305556,0.631639,0.000000
cga,CGA,432,43.200,replay,0.811471,0.008837,7,1.827785,0.000000,0.185967,-1.531883,,,98.813180,172.305556,0.573476,0.000000
hda,HDA,432,43.200,replay,0.811471,0.008837,7,1.827785,0.000000,0.185967,-1.531883,,,94.706088,172.305556,0.549640,0.000000
policy2,Policy 2,432,43.200,replay,0.811471,0.008837,7,1.827785,0.000000,0.185967,-1.531883,,,97.043957,172.305556,0.563209,0.000000
policy3,Policy 3,432,43.200,replay,0.811471,0.008837,7,1.827785,0.000000,0.185967,-1.531883,,,100.116025,172.305556,0.581038,0.000000
kubernetes-default,K8s default,433,43.300,replay,0.828293,0.020308,7,1.827785,0.000000,0.185967,-1.531883,,,109.603234,172.305556,0.636098,0.000000
cga,CGA,433,43.300,replay,0.828293,0.020308,7,1.827785,0.000000,0.185967,-1.531883,,,104.249391,172.305556,0.605026,0.000000
hda,HDA,433,43.300,replay,0.828293,0.020308,7,1.827785,0.000000,0.185967,-1.531883,,,96.661790,172.305556,0.560991,0.000000
policy2,Policy 2,433,43.300,replay,0.828293,0.020308,7,1.827785,0.000000,0.185967,-1.531883,,,98.847060,172.305556,0.573673,0.000000
policy3,Policy 3,433,43.300,replay,0.828293,0.020308,7,1.827785,0.000000,0.185967,-1.531883,,,92.301955,172.305556,0.535688,0.000000
kubernetes-default,K8s default,434,43.400,replay,0.795166,0.039993,7,1.827785,0.000000,0.185967,-1.531883,,,107.278901,172.305556,0.622608,0.000000
cga,CGA,434,43.400,replay,0.795166,0.039993,7,1.827785,0.000000,0.185967,-1.531883,,,102.688970,172.305556,0.595970,0.000000
hda,HDA,434,43.400,replay,0.795166,0.039993,7,1.827785,0.000000,0.185967,-1.531883,,,98.726109,172.305556,0.572971,0.000000
policy2,Policy 2,434,43.400,replay,0.795166,0.039993,7,1.827785,0.000000,0.185967,-1.531883,,,100.103055,172.305556,0.580962,0.000000
policy3,Policy 3,434,43.400,replay,0.795166,0.039993,7,1.827785,0.000000,0.185967,-1.531883,,,99.034114,172.305556,0.574759,0.000000
kubernetes-default,K8s default,435,43.500,replay,0.772682,0.039478,6,1.827785,0.000000,0.064487,1.119305,,,107.308270,172.305556,0.622779,0.000000
cga,CGA,435,43.500,replay,0.772682,0.039478,6,1.827785,0.000000,0.064487,1.119305,,,100.219352,172.305556,0.581637,0.000000
hda,HDA,435,43.500,replay,0.772682,0.039478,6,1.827785,0.000000,0.064487,1.119305,,,95.787160,172.305556,0.555915,0.000000
policy2,Policy 2,435,43.500,replay,0.772682,0.039478,6,1.827785,0.000000,0.064487,1.119305,,,94.607058,172.305556,0.549066,0.000000
policy3,Policy 3,435,43.500,replay,0.772682,0.039478,6,1.827785,0.000000,0.064487,1.119305,,,98.085929,172.305556,0.569256,0.000000
kubernetes-default,K8s default,436,43.600,replay,0.778055,0.457800,10,1.827785,0.500000,0.141456,1.007704,,,116.484478,159.305556,0.731202,0.000000
cga,CGA,436,43.600,replay,0.778055,0.457800,10,1.827785,0.500000,0.141456,1.007704,,,107.101975,159.305556,0.672305,0.000000
hda,HDA,436,43.600,replay,0.778055,0.457800,10,1.827785,0.500000,0.141456,1.007704,,,105.186634,159.305556,0.660282,0.000000
policy2,Policy 2,436,43.600,replay,0.778055,0.457800,10,1.827785,0.500000,0.141456,1.007704,,,106.514833,159.305556,0.668620,0.000000
policy3,Policy 3,436,43.600,replay,0.778055,0.457800,10,1.827785,0.500000,0.141456,1.007704,,,108.107150,159.305556,0.678615,0.000000
kubernetes-default,K8s default,437,43.700,replay,0.802776,0.030794,10,1.827785,0.000000,0.141456,1.007704,,,96.573810,159.305556,0.606217,0.000000
cga,CGA,437,43.700,replay,0.802776,0.030794,10,1.827785,0.000000,0.141456,1.007704,,,87.645293,159.305556,0.550171,0.000000
hda,HDA,437,43.700,replay,0.802776,0.030794,10,1.827785,0.000000,0.141456,1.007704,,,86.778912,159.305556,0.544732,0.000000
policy2,Policy 2,437,43.700,replay,0.802776,0.030794,10,1.827785,0.000000,0.141456,1.007704,,,89.583949,159.305556,0.562340,0.000000
policy3,Policy 3,437,43.700,replay,0.802776,0.030794,10,1.827785,0.000000,0.141456,1.007704,,,86.371035,159.305556,0.542172,0.000000
kubernetes-default,K8s default,438,43.800,replay,0.821471,0.022758,10,1.827785,0.000000,0.141456,1.007704,,,98.689749,159.305556,0.619500,0.000000
cga,CGA,438,43.800,replay,0.821471,0.022758,10,1.827785,0.000000,0.141456,1.007704,,,96.380299,159.305556,0.605003,0.000000
hda,HDA,438,43.800,replay,0.821471,0.022758,10,1.827785,0.000000,0.141456,1.007704,,,88.334133,159.305556,0.554495,0.000000
policy2,Policy 2,438,43.800,replay,0.821471,0.022758,10,1.827785,0.000000,0.141456,1.007704,,,90.196739,159.305556,0.566187,0.000000
policy3,Policy 3,438,43.800,replay,0.821471,0.022758,10,1.827785,0.000000,0.141456,1.007704,,,87.897203,159.305556,0.551752,0.000000
kubernetes-default,K8s default,439,43.900,replay,0.796629,0.439106,7,1.827785,0.500000,0.185967,-1.531883,,,123.271470,172.305556,0.715424,0.000000
cga,CGA,439,43.900,replay,0.796629,0.439106,7,1.827785,0.500000,0.185967,-1.531883,,,120.010935,172.305556,0.696501,0.000000
hda,HDA,439,43.900,replay,0.796629,0.439106,7,1.827785,0.500000,0.185967,-1.531883,,,111.832089,172.305556,0.649034,0.000000
policy2,Policy 2,439,43.900,replay,0.796629,0.439106,7,1.827785,0.500000,0.185967,-1.531883,,,117.234074,172.305556,0.680385,0.000000
policy3,Policy 3,439,43.900,replay,0.796629,0.439106,7,1.827785,0.500000,0.185967,-1.531883,,,117.704856,172.305556,0.683117,0.000000
kubernetes-default,K8s default,440,44.000,replay,0.806387,0.012101,7,1.827785,0.000000,0.185967,-1.531883,,,109.072511,172.305556,0.633018,0.000000
cga,CGA,440,44.000,replay,0.806387,0.012101,7,1.827785,0.000000,0.185967,-1.531883,,,99.233569,172.305556,0.575916,0.000000
hda,HDA,440,44.000,replay,0.806387,0.012101,7,1.827785,0.000000,0.185967,-1.531883,,,96.130505,172.305556,0.557907,0.000000
policy2,Policy 2,440,44.000,replay,0.806387,0.012101,7,1.827785,0.000000,0.185967,-1.531883,,,92.603006,172.305556,0.537435,0.000000
policy3,Policy 3,440,44.000,replay,0.806387,0.012101,7,1.827785,0.000000,0.185967,-1.531883,,,97.942455,172.305556,0.568423,0.000000
kubernetes-default,K8s default,441,44.100,replay,0.787249,0.541810,6,1.827785,0.500000,0.255361,-0.384784,,,85.574361,113.805556,0.751935,0.000000
cga,CGA,441,44.100,replay,0.787249,0.541810,6,1.827785,0.500000,0.255361,-0.384784,,,79.416571,113.805556,0.697827,0.000000
hda,HDA,441,44.100,replay,0.787249,0.541810,6,1.827785,0.500000,0.255361,-0.384784,,,77.490302,113.805556,0.680901,0.000000
policy2,Policy 2,441,44.100,replay,0.787249,0.541810,6,1.827785,0.500000,0.255361,-0.384784,,,80.358360,113.805556,0.706102,0.000000
policy3,Policy 3,441,44.100,replay,0.787249,0.541810,6,1.827785,0.500000,0.255361,-0.384784,,,80.230083,113.805556,0.704975,0.000000
kubernetes-default,K8s default,442,44.200,replay,0.825325,0.069001,7,1.827785,0.000000,0.332518,-0.127761,,,64.396443,113.805556,0.565846,0.000000
cga,CGA,442,44.200,replay,0.825325,0.069001,7,1.827785,0.000000,0.332518,-0.127761,,,65.544754,113.805556,0.575936,0.000000
hda,HDA,442,44.200,replay,0.825325,0.069001,7,1.827785,0.000000,0.332518,-0.127761,,,59.570436,113.805556,0.523440,0.000000
policy2,Policy 2,442,44.200,replay,0.825325,0.069001,7,1.827785,0.000000,0.332518,-0.127761,,,58.752629,113.805556,0.516254,0.000000
policy3,Policy 3,442,44.200,replay,0.825325,0.069001,7,1.827785,0.000000,0.332518,-0.127761,,,59.380578,113.805556,0.521772,0.000000
kubernetes-default,K8s default,443,44.300,replay,0.866293,0.047291,7,1.827785,0.000000,0.332518,-0.127761,,,69.846901,113.805556,0.613739,0.000000
cga,CGA,443,44.300,replay,0.866293,0.047291,7,1.827785,0.000000,0.332518,-0.127761,,,61.386395,113.805556,0.539397,0.000000
hda,HDA,443,44.300,replay,0.866293,0.047291,7,1.827785,0.000000,0.332518,-0.127761,,,66.618332,113.805556,0.585370,0.000000
policy2,Policy 2,443,44.300,replay,0.866293,0.047291,7,1.827785,0.000000,0.332518,-0.127761,,,61.225264,113.805556,0.537981,0.000000
policy3,Policy 3,443,44.300,replay,0.866293,0.047291,7,1.827785,0.000000,0.332518,-0.127761,,,62.391271,113.805556,0.548227,0.000000
kubernetes-default,K8s default,444,44.400,replay,0.839215,0.031257,7,1.827785,0.000000,0.332518,-0.127761,,,66.858328,113.805556,0.587479,0.000000
cga,CGA,444,44.400,replay,0.839215,0.031257,7,1.827785,0.000000,0.332518,-0.127761,,,63.609559,113.805556,0.558932,0.000000
hda,HDA,444,44.400,replay,0.839215,0.031257,7,1.827785,0.000000,0.332518,-0.127761,,,59.596933,113.805556,0.523673,0.000000
policy2,Policy 2,444,44.400,replay,0.839215,0.031257,7,1.827785,0.000000,0.332518,-0.127761,,,59.615278,113.805556,0.523835,0.000000
policy3,Policy 3,444,44.400,replay,0.839215,0.031257,7,1.827785,0.000000,0.332518,-0.127761,,,60.870530,113.805556,0.534864,0.000000
kubernetes-default,K8s default,445,44.500,replay,0.820228,0.022625,7,1.827785,0.000000,0.332518,-0.127761,,,65.303077,113.805556,0.573813,0.000000
cga,CGA,445,44.500,replay,0.820228,0.022625,7,1.827785,0.000000,0.332518,-0.127761,,,63.296079,113.805556,0.556177,0.000000
hda,HDA,445,44.500,replay,0.820228,0.022625,7,1.827785,0.000000,0.332518,-0.127761,,,63.682922,113.805556,0.559577,0.000000
policy2,Policy 2,445,44.500,replay,0.820228,0.022625,7,1.827785,0.000000,0.332518,-0.127761,,,60.560913,113.805556,0.532144,0.000000
policy3,Policy 3,445,44.500,replay,0.820228,0.022625,7,1.827785,0.000000,0.332518,-0.127761,,,57.057116,113.805556,0.501356,0.000000
kubernetes-default,K8s default,446,44.600,replay,0.869986,0.176367,7,1.827785,0.500000,0.341157,-0.198603,,,80.576247,123.555556,0.652146,0.000000
cga,CGA,446,44.600,replay,0.869986,0.176367,7,1.827785,0.500000,0.341157,-0.198603,,,75.535573,123.555556,0.611349,0.000000
hda,HDA,446,44.600,replay,0.869986,0.176367,7,1.827785,0.500000,0.341157,-0.198603,,,72.299495,123.555556,0.585158,0.000000
policy2,Policy 2,446,44.600,replay,0.869986,0.176367,7,1.827785,0.500000,0.341157,-0.198603,,,70.180811,123.555556,0.568010,0.000000
policy3,Policy 3,446,44.600,replay,0.869986,0.176367,7,1.827785,0.500000,0.341157,-0.198603,,,70.606683,123.555556,0.571457,0.000000
kubernetes-default,K8s default,447,44.700,replay,0.801321,0.451810,10,1.827785,0.000000,0.141456,1.007704,,,116.875926,159.305556,0.733659,0.000000
cga,CGA,447,44.700,replay,0.801321,0.451810,10,1.827785,0.000000,0.141456,1.007704,,,111.324210,159.305556,0.698809,0.000000
hda,HDA,447,44.700,replay,0.801321,0.451810,10,1.827785,0.000000,0.141456,1.007704,,,105.124916,159.305556,0.659895,0.000000
policy2,Policy 2,447,44.700,replay,0.801321,0.451810,10,1.827785,0.000000,0.141456,1.007704,,,103.585224,159.305556,0.650230,0.000000
policy3,Policy 3,447,44.700,replay,0.801321,0.451810,10,1.827785,0.000000,0.141456,1.007704,,,106.985130,159.305556,0.671572,0.000000
kubernetes-default,K8s default,448,44.800,replay,0.819216,0.021844,10,1.827785,0.000000,0.141456,1.007704,,,101.716063,159.305556,0.638497,0.000000
cga,CGA,448,44.800,replay,0.819216,0.021844,10,1.827785,0.000000,0.141456,1.007704,,,92.308348,159.305556,0.579442,0.000000
hda,HDA,448,44.800,replay,0.819216,0.021844,10,1.827785,0.000000,0.141456,1.007704,,,87.101028,159.305556,0.546754,0.000000
policy2,Policy 2,448,44.800,replay,0.819216,0.021844,10,1.827785,0.000000,0.141456,1.007704,,,87.958226,159.305556,0.552135,0.000000
policy3,Policy 3,448,44.800,replay,0.819216,0.021844,10,1.827785,0.000000,0.141456,1.007704,,,88.171406,159.305556,0.553474,0.000000
kubernetes-default,K8s default,449,44.900,replay,0.879596,0.068645,10,1.827785,0.000000,0.141456,1.007704,,,99.579018,159.305556,0.625082,0.000000
cga,CGA,449,44.900,replay,0.879596,0.068645,10,1.827785,0.000000,0.141456,1.007704,,,93.432935,159.305556,0.586501,0.000000
hda,HDA,449,44.900,replay,0.879596,0.068645,10,1.827785,0.000000,0.141456,1.007704,,,91.383292,159.305556,0.573635,0.000000
policy2,Policy 2,449,44.900,replay,0.879596,0.068645,10,1.827785,0.000000,0.141456,1.007704,,,94.620857,159.305556,0.593958,0.000000
policy3,Policy 3,449,44.900,replay,0.879596,0.068645,10,1.827785,0.000000,0.141456,1.007704,,,92.119618,159.305556,0.578257,0.000000
kubernetes-default,K8s default,450,45.000,replay,0.789216,0.520243,6,1.827785,0.000000,0.261254,-0.518787,,,92.969557,123.555556,0.752451,0.000000
cga,CGA,450,45.000,replay,0.789216,0.520243,6,1.827785,0.000000,0.261254,-0.518787,,,87.280428,123.555556,0.706406,0.000000
hda,HDA,450,45.000,replay,0.789216,0.520243,6,1.827785,0.000000,0.261254,-0.518787,,,83.076902,123.555556,0.672385,0.000000
policy2,Policy 2,450,45.000,replay,0.789216,0.520243,6,1.827785,0.000000,0.261254,-0.518787,,,83.292686,123.555556,0.674131,0.000000
policy3,Policy 3,450,45.000,replay,0.789216,0.520243,6,1.827785,0.000000,0.261254,-0.518787,,,81.236896,123.555556,0.657493,0.000000
kubernetes-default,K8s default,451,45.100,replay,0.862402,0.104028,7,1.827785,0.000000,0.341157,-0.198603,,,78.035112,123.555556,0.631579,0.000000
cga,CGA,451,45.100,replay,0.862402,0.104028,7,1.827785,0.000000,0.341157,-0.198603,,,68.735030,123.555556,0.556309,0.000000
hda,HDA,451,45.100,replay,0.862402,0.104028,7,1.827785,0.000000,0.341157,-0.198603,,,69.983875,123.555556,0.566416,0.000000
policy2,Policy 2,451,45.100,replay,0.862402,0.104028,7,1.827785,0.000000,0.341157,-0.198603,,,73.138892,123.555556,0.591951,0.000000
policy3,Policy 3,451,45.100,replay,0.862402,0.104028,7,1.827785,0.000000,0.341157,-0.198603,,,69.418890,123.555556,0.561844,0.000000
kubernetes-default,K8s default,452,45.200,replay,0.842264,0.457380,10,1.827785,0.000000,0.141456,1.007704,,,118.595264,159.305556,0.744452,0.000000
cga,CGA,452,45.200,replay,0.842264,0.457380,10,1.827785,0.000000,0.141456,1.007704,,,107.100887,159.305556,0.672299,0.000000
hda,HDA,452,45.200,replay,0.842264,0.457380,10,1.827785,0.000000,0.141456,1.007704,,,101.444217,159.305556,0.636790,0.000000
policy2,Policy 2,452,45.200,replay,0.842264,0.457380,10,1.827785,0.000000,0.141456,1.007704,,,110.277582,159.305556,0.692239,0.000000
policy3,Policy 3,452,45.200,replay,0.842264,0.457380,10,1.827785,0.000000,0.141456,1.007704,,,105.386976,159.305556,0.661540,0.000000
kubernetes-default,K8s default,453,45.300,replay,0.816064,0.473795,7,1.827785,0.000000,0.341157,-0.198603,,,94.531598,123.555556,0.765094,0.000000
cga,CGA,453,45.300,replay,0.816064,0.473795,7,1.827785,0.000000,0.341157,-0.198603,,,84.042793,123.555556,0.680202,0.000000
hda,HDA,453,45.300,replay,0.816064,0.473795,7,1.827785,0.000000,0.341157,-0.198603,,,81.596896,123.555556,0.660407,0.000000
policy2,Policy 2,453,45.300,replay,0.816064,0.473795,7,1.827785,0.000000,0.341157,-0.198603,,,77.128524,123.555556,0.624242,0.000000
policy3,Policy 3,453,45.300,replay,0.816064,0.473795,7,1.827785,0.000000,0.341157,-0.198603,,,79.666275,123.555556,0.644781,0.000000
kubernetes-default,K8s default,454,45.400,replay,0.809060,0.168036,8,1.827785,0.500000,0.392565,0.097139,,,65.878297,110.555556,0.595884,0.000000
cga,CGA,454,45.400,replay,0.809060,0.168036,8,1.827785,0.500000,0.392565,0.097139,,,60.205938,110.555556,0.544576,0.000000
hda,HDA,454,45.400,replay,0.809060,0.168036,8,1.827785,0.500000,0.392565,0.097139,,,56.784656,110.555556,0.513630,0.000000
policy2,Policy 2,454,45.400,replay,0.809060,0.168036,8,1.827785,0.500000,0.392565,0.097139,,,58.622619,110.555556,0.530255,0.000000
policy3,Policy 3,454,45.400,replay,0.809060,0.168036,8,1.827785,0.500000,0.392565,0.097139,,,59.214133,110.555556,0.535605,0.000000
kubernetes-default,K8s default,455,45.500,replay,0.844618,0.042099,8,1.827785,0.000000,0.392565,0.097139,,,61.908963,110.555556,0.559981,0.000000
cga,CGA,455,45.500,replay,0.844618,0.042099,8,1.827785,0.000000,0.392565,0.097139,,,62.597622,110.555556,0.566210,0.000000
hda,HDA,455,45.500,replay,0.844618,0.042099,8,1.827785,0.000000,0.392565,0.097139,,,57.202533,110.555556,0.517410,0.000000
policy2,Policy 2,455,45.500,replay,0.844618,0.042099,8,1.827785,0.000000,0.392565,0.097139,,,57.396790,110.555556,0.519167,0.000000
policy3,Policy 3,455,45.500,replay,0.844618,0.042099,8,1.827785,0.000000,0.392565,0.097139,,,55.819173,110.555556,0.504897,0.000000
kubernetes-default,K8s default,456,45.600,replay,0.875423,0.338669,8,1.827785,0.500000,0.220666,-0.851753,,,104.102551,146.305556,0.711542,0.000000
cga,CGA,456,45.600,replay,0.875423,0.338669,8,1.827785,0.500000,0.220666,-0.851753,,,98.789333,146.305556,0.675226,0.000000
hda,HDA,456,45.600,replay,0.875423,0.338669,8,1.827785,0.500000,0.220666,-0.851753,,,98.086284,146.305556,0.670421,0.000000
policy2,Policy 2,456,45.600,replay,0.875423,0.338669,8,1.827785,0.500000,0.220666,-0.851753,,,96.853314,146.305556,0.661993,0.000000
policy3,Policy 3,456,45.600,replay,0.875423,0.338669,8,1.827785,0.500000,0.220666,-0.851753,,,96.861895,146.305556,0.662052,0.000000
kubernetes-default,K8s default,457,45.700,replay,0.886506,0.012502,8,1.827785,0.000000,0.220666,-0.851753,,,96.937048,146.305556,0.662566,0.000000
cga,CGA,457,45.700,replay,0.886506,0.012502,8,1.827785,0.000000,0.220666,-0.851753,,,89.062936,146.305556,0.608746,0.000000
hda,HDA,457,45.700,replay,0.886506,0.012502,8,1.827785,0.000000,0.220666,-0.851753,,,85.974784,146.305556,0.587639,0.000000
policy2,Policy 2,457,45.700,replay,0.886506,0.012502,8,1.827785,0.000000,0.220666,-0.851753,,,83.397825,146.305556,0.570025,0.000000
policy3,Policy 3,457,45.700,replay,0.886506,0.012502,8,1.827785,0.000000,0.220666,-0.851753,,,83.057233,146.305556,0.567697,0.000000
kubernetes-default,K8s default,458,45.800,replay,0.828353,0.065598,8,1.827785,0.000000,0.220666,-0.851753,,,89.252339,146.305556,0.610041,0.000000
cga,CGA,458,45.800,replay,0.828353,0.065598,8,1.827785,0.000000,0.220666,-0.851753,,,89.655098,146.305556,0.612794,0.000000
hda,HDA,458,45.800,replay,0.828353,0.065598,8,1.827785,0.000000,0.220666,-0.851753,,,84.685848,146.305556,0.578829,0.000000
policy2,Policy 2,458,45.800,replay,0.828353,0.065598,8,1.827785,0.000000,0.220666,-0.851753,,,83.949580,146.305556,0.573796,0.000000
policy3,Policy 3,458,45.800,replay,0.828353,0.065598,8,1.827785,0.000000,0.220666,-0.851753,,,82.227877,146.305556,0.562028,0.000000
kubernetes-default,K8s default,459,45.900,replay,0.850236,0.572869,9,1.827785,0.800000,0.330040,0.324431,,,75.458203,100.805556,0.748552,0.000000
cga,CGA,459,45.900,replay,0.850236,0.572869,9,1.827785,0.800000,0.330040,0.324431,,,73.793725,100.805556,0.732040,0.000000
hda,HDA,459,45.900,replay,0.850236,0.572869,9,1.827785,0.800000,0.330040,0.324431,,,66.586074,100.805556,0.660540,0.000000
policy2,Policy 2,459,45.900,replay,0.850236,0.572869,9,1.827785,0.800000,0.330040,0.324431,,,69.977458,100.805556,0.694183,0.000000
policy3,Policy 3,459,45.900,replay,0.850236,0.572869,9,1.827785,0.800000,0.330040,0.324431,,,70.897272,100.805556,0.703307,0.000000
kubernetes-default,K8s default,460,46.000,replay,0.840067,0.717794,10,1.827785,0.800000,0.141456,1.007704,,,128.792425,159.305556,0.808462,0.000000
cga,CGA,460,46.000,replay,0.840067,0.717794,10,1.827785,0.800000,0.141456,1.007704,,,120.870990,159.305556,0.758737,0.000000
hda,HDA,460,46.000,replay,0.840067,0.717794,10,1.827785,0.800000,0.141456,1.007704,,,116.075360,159.305556,0.728633,0.000000
policy2,Policy 2,460,46.000,replay,0.840067,0.717794,10,1.827785,0.800000,0.141456,1.007704,,,118.451417,159.305556,0.743549,0.000000
policy3,Policy 3,460,46.000,replay,0.840067,0.717794,10,1.827785,0.800000,0.141456,1.007704,,,119.916791,159.305556,0.752747,0.000000
kubernetes-default,K8s default,461,46.100,replay,0.902395,0.069070,10,1.827785,0.000000,0.141456,1.007704,,,100.655247,159.305556,0.631838,0.000000
cga,CGA,461,46.100,replay,0.902395,0.069070,10,1.827785,0.000000,0.141456,1.007704,,,95.130436,159.305556,0.597157,0.000000
hda,HDA,461,46.100,replay,0.902395,0.069070,10,1.827785,0.000000,0.141456,1.007704,,,89.593280,159.305556,0.562399,0.000000
policy2,Policy 2,461,46.100,replay,0.902395,0.069070,10,1.827785,0.000000,0.141456,1.007704,,,91.524110,159.305556,0.574519,0.000000
policy3,Policy 3,461,46.100,replay,0.902395,0.069070,10,1.827785,0.000000,0.141456,1.007704,,,88.517640,159.305556,0.555647,0.000000
kubernetes-default,K8s default,462,46.200,replay,0.880386,0.024390,10,1.827785,0.000000,0.141456,1.007704,,,98.584150,159.305556,0.618837,0.000000
cga,CGA,462,46.200,replay,0.880386,0.024390,10,1.827785,0.000000,0.141456,1.007704,,,94.601935,159.305556,0.593840,0.000000
hda,HDA,462,46.200,replay,0.880386,0.024390,10,1.827785,0.000000,0.141456,1.007704,,,89.522573,159.305556,0.561955,0.000000
policy2,Policy 2,462,46.200,replay,0.880386,0.024390,10,1.827785,0.000000,0.141456,1.007704,,,93.237061,159.305556,0.585272,0.000000
policy3,Policy 3,462,46.200,replay,0.880386,0.024390,10,1.827785,0.000000,0.141456,1.007704,,,89.208263,159.305556,0.559982,0.000000
kubernetes-default,K8s default,463,46.300,replay,0.884391,0.004529,10,1.827785,0.000000,0.141456,1.007704,,,98.226850,159.305556,0.616594,0.000000
cga,CGA,463,46.300,replay,0.884391,0.004529,10,1.827785,0.000000,0.141456,1.007704,,,95.924084,159.305556,0.602139,0.000000
hda,HDA,463,46.300,replay,0.884391,0.004529,10,1.827785,0.000000,0.141456,1.007704,,,89.654217,159.305556,0.562781,0.000000
policy2,Policy 2,463,46.300,replay,0.884391,0.004529,10,1.827785,0.000000,0.141456,1.007704,,,86.297664,159.305556,0.541712,0.000000
policy3,Policy 3,463,46.300,replay,0.884391,0.004529,10,1.827785,0.000000,0.141456,1.007704,,,89.511059,159.305556,0.561883,0.000000
kubernetes-default,K8s default,464,46.400,replay,0.920692,0.039428,10,1.827785,0.000000,0.141456,1.007704,,,99.332290,159.305556,0.623533,0.000000
cga,CGA,464,46.400,replay,0.920692,0.039428,10,1.827785,0.000000,0.141456,1.007704,,,94.949926,159.305556,0.596024,0.000000
hda,HDA,464,46.400,replay,0.920692,0.039428,10,1.827785,0.000000,0.141456,1.007704,,,94.366678,159.305556,0.592363,0.000000
policy2,Policy 2,464,46.400,replay,0.920692,0.039428,10,1.827785,0.000000,0.141456,1.007704,,,93.045366,159.305556,0.584069,0.000000
policy3,Policy 3,464,46.400,replay,0.920692,0.039428,10,1.827785,0.000000,0.141456,1.007704,,,92.812862,159.305556,0.582609,0.000000
kubernetes-default,K8s default,465,46.500,replay,0.890505,0.032787,10,1.827785,0.000000,0.141456,1.007704,,,102.484859,159.305556,0.643323,0.000000
cga,CGA,465,46.500,replay,0.890505,0.032787,10,1.827785,0.000000,0.141456,1.007704,,,94.377715,159.305556,0.592432,0.000000
hda,HDA,465,46.500,replay,0.890505,0.032787,10,1.827785,0.000000,0.141456,1.007704,,,91.405509,159.305556,0.573775,0.000000
policy2,Policy 2,465,46.500,replay,0.890505,0.032787,10,1.827785,0.000000,0.141456,1.007704,,,88.162881,159.305556,0.553420,0.000000
policy3,Policy 3,465,46.500,replay,0.890505,0.032787,10,1.827785,0.000000,0.141456,1.007704,,,93.273382,159.305556,0.585500,0.000000
kubernetes-default,K8s default,466,46.600,replay,0.885430,0.005698,10,1.827785,0.000000,0.141456,1.007704,,,100.067195,159.305556,0.628146,0.000000
cga,CGA,466,46.600,replay,0.885430,0.005698,10,1.827785,0.000000,0.141456,1.007704,,,92.527200,159.305556,0.580816,0.000000
hda,HDA,466,46.600,replay,0.885430,0.005698,10,1.827785,0.000000,0.141456,1.007704,,,89.123528,159.305556,0.559450,0.000000
policy2,Policy 2,466,46.600,replay,0.885430,0.005698,10,1.827785,0.000000,0.141456,1.007704,,,86.401533,159.305556,0.542364,0.000000
policy3,Policy 3,466,46.600,replay,0.885430,0.005698,10,1.827785,0.000000,0.141456,1.007704,,,91.729887,159.305556,0.575811,0.000000
kubernetes-default,K8s default,467,46.700,replay,0.897311,0.013240,10,1.827785,0.000000,0.141456,1.007704,,,94.906027,159.305556,0.595748,0.000000
cga,CGA,467,46.700,replay,0.897311,0.013240,10,1.827785,0.000000,0.141456,1.007704,,,92.048030,159.305556,0.577808,0.000000
hda,HDA,467,46.700,replay,0.897311,0.013240,10,1.827785,0.000000,0.141456,1.007704,,,91.798685,159.305556,0.576243,0.000000
policy2,Policy 2,467,46.700,replay,0.897311,0.013240,10,1.827785,0.000000,0.141456,1.007704,,,90.020355,159.305556,0.565080,0.000000
policy3,Policy 3,467,46.700,replay,0.897311,0.013240,10,1.827785,0.000000,0.141456,1.007704,,,91.212256,159.305556,0.572562,0.000000
kubernetes-default,K8s default,468,46.800,replay,0.859719,0.041894,10,1.827785,0.000000,0.141456,1.007704,,,96.539383,159.305556,0.606001,0.000000
cga,CGA,468,46.800,replay,0.859719,0.041894,10,1.827785,0.000000,0.141456,1.007704,,,94.480328,159.305556,0.593076,0.000000
hda,HDA,468,46.800,replay,0.859719,0.041894,10,1.827785,0.000000,0.141456,1.007704,,,94.276972,159.305556,0.591800,0.000000
policy2,Policy 2,468,46.800,replay,0.859719,0.041894,10,1.827785,0.000000,0.141456,1.007704,,,89.424447,159.305556,0.561339,0.000000
policy3,Policy 3,468,46.800,replay,0.859719,0.041894,10,1.827785,0.000000,0.141456,1.007704,,,87.147267,159.305556,0.547045,0.000000
kubernetes-default,K8s default,469,46.900,replay,0.881140,0.024311,10,1.827785,0.000000,0.141456,1.007704,,,100.332612,159.305556,0.629812,0.000000
cga,CGA,469,46.900,replay,0.881140,0.024311,10,1.827785,0.000000,0.141456,1.007704,,,95.136140,159.305556,0.597193,0.000000
hda,HDA,469,46.900,replay,0.881140,0.024311,10,1.827785,0.000000,0.141456,1.007704,,,85.657734,159.305556,0.537695,0.000000
policy2,Policy 2,469,46.900,replay,0.881140,0.024311,10,1.827785,0.000000,0.141456,1.007704,,,91.936024,159.305556,0.577105,0.000000
policy3,Policy 3,469,46.900,replay,0.881140,0.024311,10,1.827785,0.000000,0.141456,1.007704,,,94.864682,159.305556,0.595489,0.000000
kubernetes-default,K8s default,470,47.000,replay,0.889861,0.009800,10,1.827785,0.000000,0.141456,1.007704,,,98.611478,159.305556,0.619008,0.000000
cga,CGA,470,47.000,replay,0.889861,0.009800,10,1.827785,0.000000,0.141456,1.007704,,,92.273724,159.305556,0.579225,0.000000
hda,HDA,470,47.000,replay,0.889861,0.009800,10,1.827785,0.000000,0.141456,1.007704,,,92.102693,159.305556,0.578151,0.000000
policy2,Policy 2,470,47.000,replay,0.889861,0.009800,10,1.827785,0.000000,0.141456,1.007704,,,88.780569,159.305556,0.557297,0.000000
policy3,Policy 3,470,47.000,replay,0.889861,0.009800,10,1.827785,0.000000,0.141456,1.007704,,,91.307173,159.305556,0.573157,0.000000
kubernetes-default,K8s default,471,47.100,replay,0.868483,0.360687,8,1.827785,0.000000,0.220666,-0.851753,,,99.763861,146.305556,0.681887,0.000000
cga,CGA,471,47.100,replay,0.868483,0.360687,8,1.827785,0.000000,0.220666,-0.851753,,,97.233083,146.305556,0.664589,0.000000
hda,HDA,471,47.100,replay,0.868483,0.360687,8,1.827785,0.000000,0.220666,-0.851753,,,95.526435,146.305556,0.652924,0.000000
policy2,Policy 2,471,47.100,replay,0.868483,0.360687,8,1.827785,0.000000,0.220666,-0.851753,,,100.011628,146.305556,0.683581,0.000000
policy3,Policy 3,471,47.100,replay,0.868483,0.360687,8,1.827785,0.000000,0.220666,-0.851753,,,100.983199,146.305556,0.690221,0.000000
kubernetes-default,K8s default,472,47.200,replay,0.876523,0.009173,8,1.827785,0.000000,0.220666,-0.851753,,,87.079489,146.305556,0.595189,0.000000
cga,CGA,472,47.200,replay,0.876523,0.009173,8,1.827785,0.000000,0.220666,-0.851753,,,91.163464,146.305556,0.623103,0.000000
hda,HDA,472,47.200,replay,0.876523,0.009173,8,1.827785,0.000000,0.220666,-0.851753,,,84.473169,146.305556,0.577375,0.000000
policy2,Policy 2,472,47.200,replay,0.876523,0.009173,8,1.827785,0.000000,0.220666,-0.851753,,,83.310401,146.305556,0.569427,0.000000
policy3,Policy 3,472,47.200,replay,0.876523,0.009173,8,1.827785,0.000000,0.220666,-0.851753,,,82.298509,146.305556,0.562511,0.000000
kubernetes-default,K8s default,473,47.300,replay,0.936814,0.359008,10,1.827785,0.000000,0.141456,1.007704,,,116.667370,159.305556,0.732350,0.000000
cga,CGA,473,47.300,replay,0.936814,0.359008,10,1.827785,0.000000,0.141456,1.007704,,,111.828745,159.305556,0.701976,0.000000
hda,HDA,473,47.300,replay,0.936814,0.359008,10,1.827785,0.000000,0.141456,1.007704,,,103.496184,159.305556,0.649671,0.000000
policy2,Policy 2,473,47.300,replay,0.936814,0.359008,10,1.827785,0.000000,0.141456,1.007704,,,107.782476,159.305556,0.676577,0.000000
policy3,Policy 3,473,47.300,replay,0.936814,0.359008,10,1.827785,0.000000,0.141456,1.007704,,,102.580521,159.305556,0.643923,0.000000
kubernetes-default,K8s default,474,47.400,replay,0.850601,0.092028,10,1.827785,0.000000,0.141456,1.007704,,,99.224311,159.305556,0.622855,0.000000
cga,CGA,474,47.400,replay,0.850601,0.092028,10,1.827785,0.000000,0.141456,1.007704,,,96.013777,159.305556,0.602702,0.000000
hda,HDA,474,47.400,replay,0.850601,0.092028,10,1.827785,0.000000,0.141456,1.007704,,,90.292335,159.305556,0.566787,0.000000
policy2,Policy 2,474,47.400,replay,0.850601,0.092028,10,1.827785,0.000000,0.141456,1.007704,,,95.102786,159.305556,0.596983,0.000000
policy3,Policy 3,474,47.400,replay,0.850601,0.092028,10,1.827785,0.000000,0.141456,1.007704,,,94.457820,159.305556,0.592935,0.000000
kubernetes-default,K8s default,475,47.500,replay,0.911298,0.066605,10,1.827785,0.000000,0.141456,1.007704,,,98.848351,159.305556,0.620495,0.000000
cga,CGA,475,47.500,replay,0.911298,0.066605,10,1.827785,0.000000,0.141456,1.007704,,,94.690856,159.305556,0.594398,0.000000
hda,HDA,475,47.500,replay,0.911298,0.066605,10,1.827785,0.000000,0.141456,1.007704,,,98.300414,159.305556,0.617056,0.000000
policy2,Policy 2,475,47.500,replay,0.911298,0.066605,10,1.827785,0.000000,0.141456,1.007704,,,91.441602,159.305556,0.574001,0.000000
policy3,Policy 3,475,47.500,replay,0.911298,0.066605,10,1.827785,0.000000,0.141456,1.007704,,,91.119218,159.305556,0.571978,0.000000
kubernetes-default,K8s default,476,47.600,replay,0.858007,0.058477,10,1.827785,0.000000,0.141456,1.007704,,,98.585482,159.305556,0.618845,0.000000
cga,CGA,476,47.600,replay,0.858007,0.058477,10,1.827785,0.000000,0.141456,1.007704,,,90.812548,159.305556,0.570053,0.000000
hda,HDA,476,47.600,replay,0.858007,0.058477,10,1.827785,0.000000,0.141456,1.007704,,,86.505913,159.305556,0.543019,0.000000
policy2,Policy 2,476,47.600,replay,0.858007,0.058477,10,1.827785,0.000000,0.141456,1.007704,,,96.789856,159.305556,0.607574,0.000000
policy3,Policy 3,476,47.600,replay,0.858007,0.058477,10,1.827785,0.000000,0.141456,1.007704,,,94.414714,159.305556,0.592664,0.000000
kubernetes-default,K8s default,477,47.700,replay,0.877839,0.022591,10,1.827785,0.000000,0.141456,1.007704,,,100.738362,159.305556,0.632359,0.000000
cga,CGA,477,47.700,replay,0.877839,0.022591,10,1.827785,0.000000,0.141456,1.007704,,,92.091465,159.305556,0.578081,0.000000
hda,HDA,477,47.700,replay,0.877839,0.022591,10,1.827785,0.000000,0.141456,1.007704,,,90.186846,159.305556,0.566125,0.000000
policy2,Policy 2,477,47.700,replay,0.877839,0.022591,10,1.827785,0.000000,0.141456,1.007704,,,86.817945,159.305556,0.544978,0.000000
policy3,Policy 3,477,47.700,replay,0.877839,0.022591,10,1.827785,0.000000,0.141456,1.007704,,,89.034654,159.305556,0.558892,0.000000
kubernetes-default,K8s default,478,47.800,replay,0.932904,0.059025,10,1.827785,0.000000,0.141456,1.007704,,,105.861698,159.305556,0.664520,0.000000
cga,CGA,478,47.800,replay,0.932904,0.059025,10,1.827785,0.000000,0.141456,1.007704,,,95.869603,159.305556,0.601797,0.000000
hda,HDA,478,47.800,replay,0.932904,0.059025,10,1.827785,0.000000,0.141456,1.007704,,,92.315836,159.305556,0.579489,0.000000
policy2,Policy 2,478,47.800,replay,0.932904,0.059025,10,1.827785,0.000000,0.141456,1.007704,,,94.981894,159.305556,0.596225,0.000000
policy3,Policy 3,478,47.800,replay,0.932904,0.059025,10,1.827785,0.000000,0.141456,1.007704,,,95.340702,159.305556,0.598477,0.000000
kubernetes-default,K8s default,479,47.900,replay,0.883423,0.053040,10,1.827785,0.000000,0.141456,1.007704,,,100.071374,159.305556,0.628173,0.000000
cga,CGA,479,47.900,replay,0.883423,0.053040,10,1.827785,0.000000,0.141456,1.007704,,,94.973688,159.305556,0.596173,0.000000
hda,HDA,479,47.900,replay,0.883423,0.053040,10,1.827785,0.000000,0.141456,1.007704,,,86.229246,159.305556,0.541282,0.000000
policy2,Policy 2,479,47.900,replay,0.883423,0.053040,10,1.827785,0.000000,0.141456,1.007704,,,90.455871,159.305556,0.567814,0.000000
policy3,Policy 3,479,47.900,replay,0.883423,0.053040,10,1.827785,0.000000,0.141456,1.007704,,,90.166530,159.305556,0.565997,0.000000
kubernetes-default,K8s default,480,48.000,replay,0.942656,0.480060,8,1.827785,0.500000,0.389018,0.105954,,,85.647580,113.805556,0.752578,0.000000
cga,CGA,480,48.000,replay,0.942656,0.480060,8,1.827785,0.500000,0.389018,0.105954,,,81.250959,113.805556,0.713945,0.000000
hda,HDA,480,48.000,replay,0.942656,0.480060,8,1.827785,0.500000,0.389018,0.105954,,,75.987393,113.805556,0.667695,0.000000
policy2,Policy 2,480,48.000,replay,0.942656,0.480060,8,1.827785,0.500000,0.389018,0.105954,,,81.687746,113.805556,0.717783,0.000000
policy3,Policy 3,480,48.000,replay,0.942656,0.480060,8,1.827785,0.500000,0.389018,0.105954,,,83.009882,113.805556,0.729401,0.000000
kubernetes-default,K8s default,481,48.100,replay,0.953319,0.030156,9,1.827785,0.000000,0.431086,0.303449,,,66.575841,113.805556,0.584996,0.000000
cga,CGA,481,48.100,replay,0.953319,0.030156,9,1.827785,0.000000,0.431086,0.303449,,,68.442362,113.805556,0.601397,0.000000
hda,HDA,481,48.100,replay,0.953319,0.030156,9,1.827785,0.000000,0.431086,0.303449,,,57.383050,113.805556,0.504220,0.000000
policy2,Policy 2,481,48.100,replay,0.953319,0.030156,9,1.827785,0.000000,0.431086,0.303449,,,59.887918,113.805556,0.526230,0.000000
policy3,Policy 3,481,48.100,replay,0.953319,0.030156,9,1.827785,0.000000,0.431086,0.303449,,,59.888047,113.805556,0.526231,0.000000
kubernetes-default,K8s default,482,48.200,replay,0.956590,0.509573,11,1.827785,0.500000,0.208850,-0.374673,,,124.861261,159.305556,0.783785,0.000000
cga,CGA,482,48.200,replay,0.956590,0.509573,11,1.827785,0.500000,0.208850,-0.374673,,,116.159417,159.305556,0.729161,0.000000
hda,HDA,482,48.200,replay,0.956590,0.509573,11,1.827785,0.500000,0.208850,-0.374673,,,109.917989,159.305556,0.689982,0.000000
policy2,Policy 2,482,48.200,replay,0.956590,0.509573,11,1.827785,0.500000,0.208850,-0.374673,,,116.006011,159.305556,0.728198,0.000000
policy3,Policy 3,482,48.200,replay,0.956590,0.509573,11,1.827785,0.500000,0.208850,-0.374673,,,111.585703,159.305556,0.700451,0.000000
kubernetes-default,K8s default,483,48.300,replay,0.927089,0.039990,10,1.827785,0.000000,0.141456,1.007704,,,105.725478,159.305556,0.663665,0.000000
cga,CGA,483,48.300,replay,0.927089,0.039990,10,1.827785,0.000000,0.141456,1.007704,,,99.717983,159.305556,0.625954,0.000000
hda,HDA,483,48.300,replay,0.927089,0.039990,10,1.827785,0.000000,0.141456,1.007704,,,94.101938,159.305556,0.590701,0.000000
policy2,Policy 2,483,48.300,replay,0.927089,0.039990,10,1.827785,0.000000,0.141456,1.007704,,,89.020506,159.305556,0.558804,0.000000
policy3,Policy 3,483,48.300,replay,0.927089,0.039990,10,1.827785,0.000000,0.141456,1.007704,,,92.360676,159.305556,0.579771,0.000000
kubernetes-default,K8s default,484,48.400,replay,0.919196,0.473292,9,1.827785,0.500000,0.439619,0.293469,,,85.201201,110.555556,0.770664,0.000000
cga,CGA,484,48.400,replay,0.919196,0.473292,9,1.827785,0.500000,0.439619,0.293469,,,81.511462,110.555556,0.737290,0.000000
hda,HDA,484,48.400,replay,0.919196,0.473292,9,1.827785,0.500000,0.439619,0.293469,,,75.745599,110.555556,0.685136,0.000000
policy2,Policy 2,484,48.400,replay,0.919196,0.473292,9,1.827785,0.500000,0.439619,0.293469,,,77.088893,110.555556,0.697286,0.000000
policy3,Policy 3,484,48.400,replay,0.919196,0.473292,9,1.827785,0.500000,0.439619,0.293469,,,71.340795,110.555556,0.645294,0.000000
kubernetes-default,K8s default,485,48.500,replay,0.883489,0.053409,8,1.827785,0.000000,0.392565,0.097139,,,65.844472,110.555556,0.595578,0.000000
cga,CGA,485,48.500,replay,0.883489,0.053409,8,1.827785,0.000000,0.392565,0.097139,,,62.446846,110.555556,0.564846,0.000000
hda,HDA,485,48.500,replay,0.883489,0.053409,8,1.827785,0.000000,0.392565,0.097139,,,53.367310,110.555556,0.482719,0.000000
policy2,Policy 2,485,48.500,replay,0.883489,0.053409,8,1.827785,0.000000,0.392565,0.097139,,,63.194122,110.555556,0.571605,0.000000
policy3,Policy 3,485,48.500,replay,0.883489,0.053409,8,1.827785,0.000000,0.392565,0.097139,,,55.849632,110.555556,0.505173,0.000000
kubernetes-default,K8s default,486,48.600,replay,0.932465,0.066879,9,1.827785,0.000000,0.439619,0.293469,,,62.394159,110.555556,0.564369,0.000000
cga,CGA,486,48.600,replay,0.932465,0.066879,9,1.827785,0.000000,0.439619,0.293469,,,57.648918,110.555556,0.521447,0.000000
hda,HDA,486,48.600,replay,0.932465,0.066879,9,1.827785,0.000000,0.439619,0.293469,,,61.449137,110.555556,0.555821,0.000000
policy2,Policy 2,486,48.600,replay,0.932465,0.066879,9,1.827785,0.000000,0.439619,0.293469,,,61.006952,110.555556,0.551822,0.000000
policy3,Policy 3,486,48.600,replay,0.932465,0.066879,9,1.827785,0.000000,0.439619,0.293469,,,60.212060,110.555556,0.544632,0.000000
kubernetes-default,K8s default,487,48.700,replay,0.888805,0.271468,8,1.827785,0.500000,0.252338,-0.865203,,,89.771951,130.055556,0.690258,0.000000
cga,CGA,487,48.700,replay,0.888805,0.271468,8,1.827785,0.500000,0.252338,-0.865203,,,83.871267,130.055556,0.644888,0.000000
hda,HDA,487,48.700,replay,0.888805,0.271468,8,1.827785,0.500000,0.252338,-0.865203,,,80.249163,130.055556,0.617038,0.000000
policy2,Policy 2,487,48.700,replay,0.888805,0.271468,8,1.827785,0.500000,0.252338,-0.865203,,,83.420394,130.055556,0.641421,0.000000
policy3,Policy 3,487,48.700,replay,0.888805,0.271468,8,1.827785,0.500000,0.252338,-0.865203,,,81.097696,130.055556,0.623562,0.000000
kubernetes-default,K8s default,488,48.800,replay,0.946173,0.072134,9,1.827785,0.000000,0.320421,-0.521302,,,81.972596,130.055556,0.630289,0.000000
cga,CGA,488,48.800,replay,0.946173,0.072134,9,1.827785,0.000000,0.320421,-0.521302,,,77.536209,130.055556,0.596178,0.000000
hda,HDA,488,48.800,replay,0.946173,0.072134,9,1.827785,0.000000,0.320421,-0.521302,,,71.262277,130.055556,0.547937,0.000000
policy2,Policy 2,488,48.800,replay,0.946173,0.072134,9,1.827785,0.000000,0.320421,-0.521302,,,77.349999,130.055556,0.594746,0.000000
policy3,Policy 3,488,48.800,replay,0.946173,0.072134,9,1.827785,0.000000,0.320421,-0.521302,,,69.232044,130.055556,0.532327,0.000000
kubernetes-default,K8s default,489,48.900,replay,0.895543,0.193414,9,1.827785,0.500000,0.292442,-0.562739,,,102.312683,146.305556,0.699308,0.000000
cga,CGA,489,48.900,replay,0.895543,0.193414,9,1.827785,0.500000,0.292442,-0.562739,,,92.694000,146.305556,0.633564,0.000000
hda,HDA,489,48.900,replay,0.895543,0.193414,9,1.827785,0.500000,0.292442,-0.562739,,,90.733957,146.305556,0.620168,0.000000
policy2,Policy 2,489,48.900,replay,0.895543,0.193414,9,1.827785,0.500000,0.292442,-0.562739,,,93.506697,146.305556,0.639119,0.000000
policy3,Policy 3,489,48.900,replay,0.895543,0.193414,9,1.827785,0.500000,0.292442,-0.562739,,,87.995547,146.305556,0.601450,0.000000
kubernetes-default,K8s default,490,49.000,replay,0.949265,0.056593,9,1.827785,0.000000,0.292442,-0.562739,,,93.043091,146.305556,0.635951,0.000000
cga,CGA,490,49.000,replay,0.949265,0.056593,9,1.827785,0.000000,0.292442,-0.562739,,,85.156454,146.305556,0.582045,0.000000
hda,HDA,490,49.000,replay,0.949265,0.056593,9,1.827785,0.000000,0.292442,-0.562739,,,83.332602,146.305556,0.569579,0.000000
policy2,Policy 2,490,49.000,replay,0.949265,0.056593,9,1.827785,0.000000,0.292442,-0.562739,,,86.161286,146.305556,0.588913,0.000000
policy3,Policy 3,490,49.000,replay,0.949265,0.056593,9,1.827785,0.000000,0.292442,-0.562739,,,84.772708,146.305556,0.579422,0.000000
kubernetes-default,K8s default,491,49.100,replay,0.921852,0.028879,9,1.827785,0.000000,0.292442,-0.562739,,,91.576374,146.305556,0.625925,0.000000
cga,CGA,491,49.100,replay,0.921852,0.028879,9,1.827785,0.000000,0.292442,-0.562739,,,92.677499,146.305556,0.633452,0.000000
hda,HDA,491,49.100,replay,0.921852,0.028879,9,1.827785,0.000000,0.292442,-0.562739,,,83.813665,146.305556,0.572867,0.000000
policy2,Policy 2,491,49.100,replay,0.921852,0.028879,9,1.827785,0.000000,0.292442,-0.562739,,,84.113326,146.305556,0.574915,0.000000
policy3,Policy 3,491,49.100,replay,0.921852,0.028879,9,1.827785,0.000000,0.292442,-0.562739,,,88.176406,146.305556,0.602687,0.000000
kubernetes-default,K8s default,492,49.200,replay,0.987970,0.066924,9,1.827785,0.000000,0.292442,-0.562739,,,97.895115,146.305556,0.669114,0.000000
cga,CGA,492,49.200,replay,0.987970,0.066924,9,1.827785,0.000000,0.292442,-0.562739,,,86.561401,146.305556,0.591648,0.000000
hda,HDA,492,49.200,replay,0.987970,0.066924,9,1.827785,0.000000,0.292442,-0.562739,,,86.746308,146.305556,0.592912,0.000000
policy2,Policy 2,492,49.200,replay,0.987970,0.066924,9,1.827785,0.000000,0.292442,-0.562739,,,88.091721,146.305556,0.602108,0.000000
policy3,Policy 3,492,49.200,replay,0.987970,0.066924,9,1.827785,0.000000,0.292442,-0.562739,,,92.401837,146.305556,0.631568,0.000000
kubernetes-default,K8s default,493,49.300,replay,0.994243,0.006309,9,1.827785,0.000000,0.292442,-0.562739,,,99.617273,146.305556,0.680885,0.000000
cga,CGA,493,49.300,replay,0.994243,0.006309,9,1.827785,0.000000,0.292442,-0.562739,,,84.146836,146.305556,0.575145,0.000000
hda,HDA,493,49.300,replay,0.994243,0.006309,9,1.827785,0.000000,0.292442,-0.562739,,,87.780482,146.305556,0.599981,0.000000
policy2,Policy 2,493,49.300,replay,0.994243,0.006309,9,1.827785,0.000000,0.292442,-0.562739,,,87.663676,146.305556,0.599182,0.000000
policy3,Policy 3,493,49.300,replay,0.994243,0.006309,9,1.827785,0.000000,0.292442,-0.562739,,,88.677267,146.305556,0.606110,0.000000
kubernetes-default,K8s default,494,49.400,replay,0.918022,0.076662,9,1.827785,0.000000,0.292442,-0.562739,,,96.218481,146.305556,0.657654,0.000000
cga,CGA,494,49.400,replay,0.918022,0.076662,9,1.827785,0.000000,0.292442,-0.562739,,,92.083079,146.305556,0.629389,0.000000
hda,HDA,494,49.400,replay,0.918022,0.076662,9,1.827785,0.000000,0.292442,-0.562739,,,89.148317,146.305556,0.609330,0.000000
policy2,Policy 2,494,49.400,replay,0.918022,0.076662,9,1.827785,0.000000,0.292442,-0.562739,,,88.770751,146.305556,0.606749,0.000000
policy3,Policy 3,494,49.400,replay,0.918022,0.076662,9,1.827785,0.000000,0.292442,-0.562739,,,88.546907,146.305556,0.605219,0.000000
kubernetes-default,K8s default,495,49.500,replay,0.942534,0.026007,9,1.827785,0.000000,0.292442,-0.562739,,,92.299908,146.305556,0.630871,0.000000
cga,CGA,495,49.500,replay,0.942534,0.026007,9,1.827785,0.000000,0.292442,-0.562739,,,88.810226,146.305556,0.607019,0.000000
hda,HDA,495,49.500,replay,0.942534,0.026007,9,1.827785,0.000000,0.292442,-0.562739,,,82.898609,146.305556,0.566613,0.000000
policy2,Policy 2,495,49.500,replay,0.942534,0.026007,9,1.827785,0.000000,0.292442,-0.562739,,,88.203765,146.305556,0.602874,0.000000
policy3,Policy 3,495,49.500,replay,0.942534,0.026007,9,1.827785,0.000000,0.292442,-0.562739,,,87.524806,146.305556,0.598233,0.000000
kubernetes-default,K8s default,496,49.600,replay,0.917082,0.027004,9,1.827785,0.000000,0.292442,-0.562739,,,92.836852,146.305556,0.634541,0.000000
cga,CGA,496,49.600,replay,0.917082,0.027004,9,1.827785,0.000000,0.292442,-0.562739,,,87.177482,146.305556,0.595859,0.000000
hda,HDA,496,49.600,replay,0.917082,0.027004,9,1.827785,0.000000,0.292442,-0.562739,,,78.792484,146.305556,0.538547,0.000000
policy2,Policy 2,496,49.600,replay,0.917082,0.027004,9,1.827785,0.000000,0.292442,-0.562739,,,87.697673,146.305556,0.599415,0.000000
policy3,Policy 3,496,49.600,replay,0.917082,0.027004,9,1.827785,0.000000,0.292442,-0.562739,,,88.129352,146.305556,0.602365,0.000000
kubernetes-default,K8s default,497,49.700,replay,0.965340,0.338793,10,1.827785,0.500000,0.476110,0.462632,,,77.623500,110.555556,0.702122,0.000000
cga,CGA,497,49.700,replay,0.965340,0.338793,10,1.827785,0.500000,0.476110,0.462632,,,74.709847,110.555556,0.675767,0.000000
hda,HDA,497,49.700,replay,0.965340,0.338793,10,1.827785,0.500000,0.476110,0.462632,,,69.036792,110.555556,0.624453,0.000000
policy2,Policy 2,497,49.700,replay,0.965340,0.338793,10,1.827785,0.500000,0.476110,0.462632,,,72.493635,110.555556,0.655721,0.000000
policy3,Policy 3,497,49.700,replay,0.965340,0.338793,10,1.827785,0.500000,0.476110,0.462632,,,77.333504,110.555556,0.699499,0.000000
kubernetes-default,K8s default,498,49.800,replay,0.955004,0.010706,10,1.827785,0.000000,0.476110,0.462632,,,59.966789,110.555556,0.542413,0.000000
cga,CGA,498,49.800,replay,0.955004,0.010706,10,1.827785,0.000000,0.476110,0.462632,,,59.390869,110.555556,0.537204,0.000000
hda,HDA,498,49.800,replay,0.955004,0.010706,10,1.827785,0.000000,0.476110,0.462632,,,58.886692,110.555556,0.532643,0.000000
policy2,Policy 2,498,49.800,replay,0.955004,0.010706,10,1.827785,0.000000,0.476110,0.462632,,,58.859301,110.555556,0.532396,0.000000
policy3,Policy 3,498,49.800,replay,0.955004,0.010706,10,1.827785,0.000000,0.476110,0.462632,,,56.369401,110.555556,0.509874,0.000000
kubernetes-default,K8s default,499,49.900,replay,0.991094,0.036414,10,1.827785,0.000000,0.476110,0.462632,,,65.674921,110.555556,0.594045,0.000000
cga,CGA,499,49.900,replay,0.991094,0.036414,10,1.827785,0.000000,0.476110,0.462632,,,62.237894,110.555556,0.562956,0.000000
hda,HDA,499,49.900,replay,0.991094,0.036414,10,1.827785,0.000000,0.476110,0.462632,,,59.520765,110.555556,0.538379,0.000000
policy2,Policy 2,499,49.900,replay,0.991094,0.036414,10,1.827785,0.000000,0.476110,0.462632,,,60.373454,110.555556,0.546092,0.000000
policy3,Policy 3,499,49.900,replay,0.991094,0.036414,10,1.827785,0.000000,0.476110,0.462632,,,59.998600,110.555556,0.542701,0.000000
