policy,policy_display_name,step,time_s,evidence_type,traffic_stress,weighted_edge_distance,active_edge_count,request_mix_entropy,top3_hotspot_churn,traffic_stress_gini,traffic_stress_skew,migration_count,policy_decision_time_ms,latency_ms,sla_ms,sla_pressure,sla_violation_ratio
kubernetes-default,K8s default,0,0.000,replay,0.978681,0.000000,7,1.383511,0.000000,0.388873,1.073814,,,66.603382,111.526316,0.597199,0.000000
cga,CGA,0,0.000,replay,0.978681,0.000000,7,1.383511,0.000000,0.388873,1.073814,,,61.654079,111.526316,0.552821,0.000000
hda,HDA,0,0.000,replay,0.978681,0.000000,7,1.383511,0.000000,0.388873,1.073814,,,53.075675,111.526316,0.475903,0.000000
kubernetes-default,K8s default,1,1.000,replay,0.976378,0.002354,7,1.383511,0.000000,0.388873,1.073814,,,65.694165,111.526316,0.589046,0.000000
cga,CGA,1,1.000,replay,0.976378,0.002354,7,1.383511,0.000000,0.388873,1.073814,,,56.046654,111.526316,0.502542,0.000000
hda,HDA,1,1.000,replay,0.976378,0.002354,7,1.383511,0.000000,0.388873,1.073814,,,53.651843,111.526316,0.481069,0.000000
kubernetes-default,K8s default,2,2.000,replay,0.974189,0.002242,7,1.383511,0.000000,0.388873,1.073814,,,64.628584,111.526316,0.579492,0.000000
cga,CGA,2,2.000,replay,0.974189,0.002242,7,1.383511,0.000000,0.388873,1.073814,,,61.043157,111.526316,0.547343,0.000000
hda,HDA,2,2.000,replay,0.974189,0.002242,7,1.383511,0.000000,0.388873,1.073814,,,57.368080,111.526316,0.514391,0.000000
kubernetes-default,K8s default,3,3.000,replay,0.966759,0.007627,7,1.383511,0.000000,0.388873,1.073814,,,64.815028,111.526316,0.581164,0.000000
cga,CGA,3,3.000,replay,0.966759,0.007627,7,1.383511,0.000000,0.388873,1.073814,,,57.648723,111.526316,0.516907,0.000000
hda,HDA,3,3.000,replay,0.966759,0.007627,7,1.383511,0.000000,0.388873,1.073814,,,53.718822,111.526316,0.481669,0.000000
kubernetes-default,K8s default,4,4.000,replay,1.002093,0.035261,7,1.383511,0.000000,0.388873,1.073814,,,64.718069,111.526316,0.580294,0.000000
cga,CGA,4,4.000,replay,1.002093,0.035261,7,1.383511,0.000000,0.388873,1.073814,,,62.885629,111.526316,0.563864,0.000000
hda,HDA,4,4.000,replay,1.002093,0.035261,7,1.383511,0.000000,0.388873,1.073814,,,58.081723,111.526316,0.520789,0.000000
kubernetes-default,K8s default,5,5.000,replay,0.934081,0.067870,7,1.383511,0.000000,0.388873,1.073814,,,68.550743,111.526316,0.614660,0.000000
cga,CGA,5,5.000,replay,0.934081,0.067870,7,1.383511,0.000000,0.388873,1.073814,,,67.069678,111.526316,0.601380,0.000000
hda,HDA,5,5.000,replay,0.934081,0.067870,7,1.383511,0.000000,0.388873,1.073814,,,59.025425,111.526316,0.529251,0.000000
kubernetes-default,K8s default,6,6.000,replay,0.952292,0.019123,7,1.383511,0.000000,0.388873,1.073814,,,64.441790,111.526316,0.577817,0.000000
cga,CGA,6,6.000,replay,0.952292,0.019123,7,1.383511,0.000000,0.388873,1.073814,,,58.555449,111.526316,0.525037,0.000000
hda,HDA,6,6.000,replay,0.952292,0.019123,7,1.383511,0.000000,0.388873,1.073814,,,55.272699,111.526316,0.495602,0.000000
kubernetes-default,K8s default,7,7.000,replay,0.985291,0.033492,7,1.383511,0.000000,0.388873,1.073814,,,64.598822,111.526316,0.579225,0.000000
cga,CGA,7,7.000,replay,0.985291,0.033492,7,1.383511,0.000000,0.388873,1.073814,,,62.110507,111.526316,0.556913,0.000000
hda,HDA,7,7.000,replay,0.985291,0.033492,7,1.383511,0.000000,0.388873,1.073814,,,55.784534,111.526316,0.500192,0.000000
kubernetes-default,K8s default,8,8.000,replay,0.943147,0.042773,7,1.383511,0.000000,0.388873,1.073814,,,63.941756,111.526316,0.573333,0.000000
cga,CGA,8,8.000,replay,0.943147,0.042773,7,1.383511,0.000000,0.388873,1.073814,,,61.421216,111.526316,0.550733,0.000000
hda,HDA,8,8.000,replay,0.943147,0.042773,7,1.383511,0.000000,0.388873,1.073814,,,58.721170,111.526316,0.526523,0.000000
kubernetes-default,K8s default,9,9.000,replay,0.993439,0.050624,7,1.383511,0.000000,0.388873,1.073814,,,67.704203,111.526316,0.607069,0.000000
cga,CGA,9,9.000,replay,0.993439,0.050624,7,1.383511,0.000000,0.388873,1.073814,,,60.608626,111.526316,0.543447,0.000000
hda,HDA,9,9.000,replay,0.993439,0.050624,7,1.383511,0.000000,0.388873,1.073814,,,55.616820,111.526316,0.498688,0.000000
kubernetes-default,K8s default,10,10.000,replay,0.967814,0.025794,7,1.383511,0.000000,0.388873,1.073814,,,64.046238,111.526316,0.574270,0.000000
cga,CGA,10,10.000,replay,0.967814,0.025794,7,1.383511,0.000000,0.388873,1.073814,,,62.069540,111.526316,0.556546,0.000000
hda,HDA,10,10.000,replay,0.967814,0.025794,7,1.383511,0.000000,0.388873,1.073814,,,57.799025,111.526316,0.518255,0.000000
kubernetes-default,K8s default,11,11.000,replay,1.017496,0.048828,7,1.383511,0.000000,0.388873,1.073814,,,67.407163,111.526316,0.604406,0.000000
cga,CGA,11,11.000,replay,1.017496,0.048828,7,1.383511,0.000000,0.388873,1.073814,,,61.025944,111.526316,0.547189,0.000000
hda,HDA,11,11.000,replay,1.017496,0.048828,7,1.383511,0.000000,0.388873,1.073814,,,62.221043,111.526316,0.557905,0.000000
kubernetes-default,K8s default,12,12.000,replay,0.962578,0.053974,7,1.383511,0.000000,0.388873,1.073814,,,69.951314,111.526316,0.627218,0.000000
cga,CGA,12,12.000,replay,0.962578,0.053974,7,1.383511,0.000000,0.388873,1.073814,,,63.822915,111.526316,0.572268,0.000000
hda,HDA,12,12.000,replay,0.962578,0.053974,7,1.383511,0.000000,0.388873,1.073814,,,62.710046,111.526316,0.562289,0.000000
kubernetes-default,K8s default,13,13.000,replay,1.020955,0.057179,7,1.383511,0.000000,0.388873,1.073814,,,68.580520,111.526316,0.614927,0.000000
cga,CGA,13,13.000,replay,1.020955,0.057179,7,1.383511,0.000000,0.388873,1.073814,,,66.006366,111.526316,0.591846,0.000000
hda,HDA,13,13.000,replay,1.020955,0.057179,7,1.383511,0.000000,0.388873,1.073814,,,59.897538,111.526316,0.537071,0.000000
kubernetes-default,K8s default,14,14.000,replay,1.032305,0.010995,7,1.383511,0.000000,0.388873,1.073814,,,65.258769,111.526316,0.585142,0.000000
cga,CGA,14,14.000,replay,1.032305,0.010995,7,1.383511,0.000000,0.388873,1.073814,,,61.631529,111.526316,0.552619,0.000000
hda,HDA,14,14.000,replay,1.032305,0.010995,7,1.383511,0.000000,0.388873,1.073814,,,58.720199,111.526316,0.526514,0.000000
kubernetes-default,K8s default,15,15.000,replay,0.968848,0.061471,7,1.383511,0.000000,0.388873,1.073814,,,66.897713,111.526316,0.599838,0.000000
cga,CGA,15,15.000,replay,0.968848,0.061471,7,1.383511,0.000000,0.388873,1.073814,,,63.660325,111.526316,0.570810,0.000000
hda,HDA,15,15.000,replay,0.968848,0.061471,7,1.383511,0.000000,0.388873,1.073814,,,62.890837,111.526316,0.563910,0.000000
kubernetes-default,K8s default,16,16.000,replay,0.968254,0.000613,7,1.383511,0.000000,0.388873,1.073814,,,65.764477,111.526316,0.589677,0.000000
cga,CGA,16,16.000,replay,0.968254,0.000613,7,1.383511,0.000000,0.388873,1.073814,,,59.930841,111.526316,0.537370,0.000000
hda,HDA,16,16.000,replay,0.968254,0.000613,7,1.383511,0.000000,0.388873,1.073814,,,58.128526,111.526316,0.521209,0.000000
kubernetes-default,K8s default,17,17.000,replay,0.947330,0.021610,7,1.383511,0.000000,0.388873,1.073814,,,62.661353,111.526316,0.561853,0.000000
cga,CGA,17,17.000,replay,0.947330,0.021610,7,1.383511,0.000000,0.388873,1.073814,,,57.683583,111.526316,0.517219,0.000000
hda,HDA,17,17.000,replay,0.947330,0.021610,7,1.383511,0.000000,0.388873,1.073814,,,57.868822,111.526316,0.518880,0.000000
kubernetes-default,K8s default,18,18.000,replay,0.974160,0.027542,7,1.383511,0.000000,0.388873,1.073814,,,62.893282,111.526316,0.563932,0.000000
cga,CGA,18,18.000,replay,0.974160,0.027542,7,1.383511,0.000000,0.388873,1.073814,,,59.142344,111.526316,0.530299,0.000000
hda,HDA,18,18.000,replay,0.974160,0.027542,7,1.383511,0.000000,0.388873,1.073814,,,55.586833,111.526316,0.498419,0.000000
kubernetes-default,K8s default,19,19.000,replay,0.972745,0.001453,7,1.383511,0.000000,0.388873,1.073814,,,65.934428,111.526316,0.591201,0.000000
cga,CGA,19,19.000,replay,0.972745,0.001453,7,1.383511,0.000000,0.388873,1.073814,,,57.532654,111.526316,0.515866,0.000000
hda,HDA,19,19.000,replay,0.972745,0.001453,7,1.383511,0.000000,0.388873,1.073814,,,57.981629,111.526316,0.519892,0.000000
kubernetes-default,K8s default,20,20.000,replay,1.001375,0.028590,7,1.383511,0.000000,0.388873,1.073814,,,60.245312,111.526316,0.540189,0.000000
cga,CGA,20,20.000,replay,1.001375,0.028590,7,1.383511,0.000000,0.388873,1.073814,,,61.938293,111.526316,0.555369,0.000000
hda,HDA,20,20.000,replay,1.001375,0.028590,7,1.383511,0.000000,0.388873,1.073814,,,60.713604,111.526316,0.544388,0.000000
kubernetes-default,K8s default,21,21.000,replay,1.048603,0.045039,7,1.383511,0.000000,0.388873,1.073814,,,62.985614,111.526316,0.564760,0.000000
cga,CGA,21,21.000,replay,1.048603,0.045039,7,1.383511,0.000000,0.388873,1.073814,,,60.355030,111.526316,0.541173,0.000000
hda,HDA,21,21.000,replay,1.048603,0.045039,7,1.383511,0.000000,0.388873,1.073814,,,55.020343,111.526316,0.493340,0.000000
kubernetes-default,K8s default,22,22.000,replay,0.981808,0.063699,7,1.383511,0.000000,0.388873,1.073814,,,69.899554,111.526316,0.626754,0.000000
cga,CGA,22,22.000,replay,0.981808,0.063699,7,1.383511,0.000000,0.388873,1.073814,,,58.679938,111.526316,0.526153,0.000000
hda,HDA,22,22.000,replay,0.981808,0.063699,7,1.383511,0.000000,0.388873,1.073814,,,58.030041,111.526316,0.520326,0.000000
kubernetes-default,K8s default,23,23.000,replay,1.025708,0.042799,7,1.383511,0.000000,0.388873,1.073814,,,62.919853,111.526316,0.564170,0.000000
cga,CGA,23,23.000,replay,1.025708,0.042799,7,1.383511,0.000000,0.388873,1.073814,,,62.962495,111.526316,0.564553,0.000000
hda,HDA,23,23.000,replay,1.025708,0.042799,7,1.383511,0.000000,0.388873,1.073814,,,59.998412,111.526316,0.537975,0.000000
kubernetes-default,K8s default,24,24.000,replay,0.990845,0.033989,7,1.383511,0.000000,0.388873,1.073814,,,66.435562,111.526316,0.595694,0.000000
cga,CGA,24,24.000,replay,0.990845,0.033989,7,1.383511,0.000000,0.388873,1.073814,,,59.085834,111.526316,0.529793,0.000000
hda,HDA,24,24.000,replay,0.990845,0.033989,7,1.383511,0.000000,0.388873,1.073814,,,57.204103,111.526316,0.512920,0.000000
kubernetes-default,K8s default,25,25.000,replay,0.991047,0.000204,7,1.383511,0.000000,0.388873,1.073814,,,64.342875,111.526316,0.576930,0.000000
cga,CGA,25,25.000,replay,0.991047,0.000204,7,1.383511,0.000000,0.388873,1.073814,,,57.936364,111.526316,0.519486,0.000000
hda,HDA,25,25.000,replay,0.991047,0.000204,7,1.383511,0.000000,0.388873,1.073814,,,61.378223,111.526316,0.550347,0.000000
kubernetes-default,K8s default,26,26.000,replay,0.981209,0.009926,7,1.383511,0.000000,0.388873,1.073814,,,62.596650,111.526316,0.561272,0.000000
cga,CGA,26,26.000,replay,0.981209,0.009926,7,1.383511,0.000000,0.388873,1.073814,,,57.365820,111.526316,0.514370,0.000000
hda,HDA,26,26.000,replay,0.981209,0.009926,7,1.383511,0.000000,0.388873,1.073814,,,55.571965,111.526316,0.498286,0.000000
kubernetes-default,K8s default,27,27.000,replay,1.044041,0.060182,7,1.383511,0.000000,0.388873,1.073814,,,64.497867,111.526316,0.578320,0.000000
cga,CGA,27,27.000,replay,1.044041,0.060182,7,1.383511,0.000000,0.388873,1.073814,,,64.710848,111.526316,0.580229,0.000000
hda,HDA,27,27.000,replay,1.044041,0.060182,7,1.383511,0.000000,0.388873,1.073814,,,64.840202,111.526316,0.581389,0.000000
kubernetes-default,K8s default,28,28.000,replay,1.057780,0.012988,7,1.383511,0.000000,0.388873,1.073814,,,68.455674,111.526316,0.613807,0.000000
cga,CGA,28,28.000,replay,1.057780,0.012988,7,1.383511,0.000000,0.388873,1.073814,,,63.294229,111.526316,0.567527,0.000000
hda,HDA,28,28.000,replay,1.057780,0.012988,7,1.383511,0.000000,0.388873,1.073814,,,59.429344,111.526316,0.532873,0.000000
kubernetes-default,K8s default,29,29.000,replay,0.984709,0.069080,7,1.383511,0.000000,0.388873,1.073814,,,67.862614,111.526316,0.608490,0.000000
cga,CGA,29,29.000,replay,0.984709,0.069080,7,1.383511,0.000000,0.388873,1.073814,,,58.432734,111.526316,0.523937,0.000000
hda,HDA,29,29.000,replay,0.984709,0.069080,7,1.383511,0.000000,0.388873,1.073814,,,58.584110,111.526316,0.525294,0.000000
kubernetes-default,K8s default,30,30.000,replay,1.035517,0.049065,7,1.383511,0.000000,0.388873,1.073814,,,66.321911,111.526316,0.594675,0.000000
cga,CGA,30,30.000,replay,1.035517,0.049065,7,1.383511,0.000000,0.388873,1.073814,,,59.124969,111.526316,0.530144,0.000000
hda,HDA,30,30.000,replay,1.035517,0.049065,7,1.383511,0.000000,0.388873,1.073814,,,61.272657,111.526316,0.549401,0.000000
kubernetes-default,K8s default,31,31.000,replay,1.036810,0.001247,7,1.383511,0.000000,0.388873,1.073814,,,64.541179,111.526316,0.578708,0.000000
cga,CGA,31,31.000,replay,1.036810,0.001247,7,1.383511,0.000000,0.388873,1.073814,,,62.884395,111.526316,0.563853,0.000000
hda,HDA,31,31.000,replay,1.036810,0.001247,7,1.383511,0.000000,0.388873,1.073814,,,57.885949,111.526316,0.519034,0.000000
kubernetes-default,K8s default,32,32.000,replay,1.035755,0.001017,7,1.383511,0.000000,0.388873,1.073814,,,67.453802,111.526316,0.604824,0.000000
cga,CGA,32,32.000,replay,1.035755,0.001017,7,1.383511,0.000000,0.388873,1.073814,,,59.300210,111.526316,0.531715,0.000000
hda,HDA,32,32.000,replay,1.035755,0.001017,7,1.383511,0.000000,0.388873,1.073814,,,61.623563,111.526316,0.552547,0.000000
kubernetes-default,K8s default,33,33.000,replay,1.006410,0.028332,7,1.383511,0.000000,0.388873,1.073814,,,68.749386,111.526316,0.616441,0.000000
cga,CGA,33,33.000,replay,1.006410,0.028332,7,1.383511,0.000000,0.388873,1.073814,,,62.702105,111.526316,0.562218,0.000000
hda,HDA,33,33.000,replay,1.006410,0.028332,7,1.383511,0.000000,0.388873,1.073814,,,58.942301,111.526316,0.528506,0.000000
kubernetes-default,K8s default,34,34.000,replay,0.980490,0.025754,7,1.383511,0.000000,0.388873,1.073814,,,62.403208,111.526316,0.559538,0.000000
cga,CGA,34,34.000,replay,0.980490,0.025754,7,1.383511,0.000000,0.388873,1.073814,,,60.390895,111.526316,0.541495,0.000000
hda,HDA,34,34.000,replay,0.980490,0.025754,7,1.383511,0.000000,0.388873,1.073814,,,57.874693,111.526316,0.518933,0.000000
kubernetes-default,K8s default,35,35.000,replay,1.041751,0.058806,7,1.383511,0.000000,0.388873,1.073814,,,67.401699,111.526316,0.604357,0.000000
cga,CGA,35,35.000,replay,1.041751,0.058806,7,1.383511,0.000000,0.388873,1.073814,,,64.485137,111.526316,0.578206,0.000000
hda,HDA,35,35.000,replay,1.041751,0.058806,7,1.383511,0.000000,0.388873,1.073814,,,62.201191,111.526316,0.557727,0.000000
kubernetes-default,K8s default,36,36.000,replay,1.018320,0.022492,7,1.383511,0.000000,0.388873,1.073814,,,61.918906,111.526316,0.555195,0.000000
cga,CGA,36,36.000,replay,1.018320,0.022492,7,1.383511,0.000000,0.388873,1.073814,,,60.506815,111.526316,0.542534,0.000000
hda,HDA,36,36.000,replay,1.018320,0.022492,7,1.383511,0.000000,0.388873,1.073814,,,57.456991,111.526316,0.515188,0.000000
kubernetes-default,K8s default,37,37.000,replay,1.014586,0.003667,7,1.383511,0.000000,0.388873,1.073814,,,64.969217,111.526316,0.582546,0.000000
cga,CGA,37,37.000,replay,1.014586,0.003667,7,1.383511,0.000000,0.388873,1.073814,,,62.456041,111.526316,0.560012,0.000000
hda,HDA,37,37.000,replay,1.014586,0.003667,7,1.383511,0.000000,0.388873,1.073814,,,50.784845,111.526316,0.455362,0.000000
kubernetes-default,K8s default,38,38.000,replay,1.052645,0.036155,7,1.383511,0.000000,0.388873,1.073814,,,65.674706,111.526316,0.588872,0.000000
cga,CGA,38,38.000,replay,1.052645,0.036155,7,1.383511,0.000000,0.388873,1.073814,,,62.867563,111.526316,0.563702,0.000000
hda,HDA,38,38.000,replay,1.052645,0.036155,7,1.383511,0.000000,0.388873,1.073814,,,57.442471,111.526316,0.515058,0.000000
kubernetes-default,K8s default,39,39.000,replay,0.990374,0.059156,7,1.383511,0.000000,0.388873,1.073814,,,65.766534,111.526316,0.589695,0.000000
cga,CGA,39,39.000,replay,0.990374,0.059156,7,1.383511,0.000000,0.388873,1.073814,,,61.256879,111.526316,0.549259,0.000000
hda,HDA,39,39.000,replay,0.990374,0.059156,7,1.383511,0.000000,0.388873,1.073814,,,65.156765,111.526316,0.584228,0.000000
kubernetes-default,K8s default,40,40.000,replay,0.999219,0.008852,7,1.383511,0.000000,0.388873,1.073814,,,61.211294,111.526316,0.548851,0.000000
cga,CGA,40,40.000,replay,0.999219,0.008852,7,1.383511,0.000000,0.388873,1.073814,,,59.636817,111.526316,0.534733,0.000000
hda,HDA,40,40.000,replay,0.999219,0.008852,7,1.383511,0.000000,0.388873,1.073814,,,56.970923,111.526316,0.510829,0.000000
kubernetes-default,K8s default,41,41.000,replay,1.006575,0.007308,7,1.383511,0.000000,0.388873,1.073814,,,62.859975,111.526316,0.563634,0.000000
cga,CGA,41,41.000,replay,1.006575,0.007308,7,1.383511,0.000000,0.388873,1.073814,,,60.500153,111.526316,0.542474,0.000000
hda,HDA,41,41.000,replay,1.006575,0.007308,7,1.383511,0.000000,0.388873,1.073814,,,56.653150,111.526316,0.507980,0.000000
kubernetes-default,K8s default,42,42.000,replay,1.076308,0.064789,7,1.383511,0.000000,0.388873,1.073814,,,69.558855,111.526316,0.623699,0.000000
cga,CGA,42,42.000,replay,1.076308,0.064789,7,1.383511,0.000000,0.388873,1.073814,,,66.440127,111.526316,0.595735,0.000000
hda,HDA,42,42.000,replay,1.076308,0.064789,7,1.383511,0.000000,0.388873,1.073814,,,61.765354,111.526316,0.553819,0.000000
kubernetes-default,K8s default,43,43.000,replay,1.026351,0.046415,7,1.383511,0.000000,0.388873,1.073814,,,64.554778,111.526316,0.578830,0.000000
cga,CGA,43,43.000,replay,1.026351,0.046415,7,1.383511,0.000000,0.388873,1.073814,,,63.852804,111.526316,0.572536,0.000000
hda,HDA,43,43.000,replay,1.026351,0.046415,7,1.383511,0.000000,0.388873,1.073814,,,58.749161,111.526316,0.526774,0.000000
kubernetes-default,K8s default,44,44.000,replay,1.031558,0.005048,7,1.383511,0.000000,0.388873,1.073814,,,68.314841,111.526316,0.612545,0.000000
cga,CGA,44,44.000,replay,1.031558,0.005048,7,1.383511,0.000000,0.388873,1.073814,,,58.799941,111.526316,0.527229,0.000000
hda,HDA,44,44.000,replay,1.031558,0.005048,7,1.383511,0.000000,0.388873,1.073814,,,56.887985,111.526316,0.510086,0.000000
kubernetes-default,K8s default,45,45.000,replay,1.059557,0.026425,7,1.383511,0.000000,0.388873,1.073814,,,68.205760,111.526316,0.611567,0.000000
cga,CGA,45,45.000,replay,1.059557,0.026425,7,1.383511,0.000000,0.388873,1.073814,,,62.766366,111.526316,0.562794,0.000000
hda,HDA,45,45.000,replay,1.059557,0.026425,7,1.383511,0.000000,0.388873,1.073814,,,59.439629,111.526316,0.532965,0.000000
kubernetes-default,K8s default,46,46.000,replay,1.013625,0.043350,7,1.383511,0.000000,0.388873,1.073814,,,66.051383,111.526316,0.592249,0.000000
cga,CGA,46,46.000,replay,1.013625,0.043350,7,1.383511,0.000000,0.388873,1.073814,,,62.734701,111.526316,0.562510,0.000000
hda,HDA,46,46.000,replay,1.013625,0.043350,7,1.383511,0.000000,0.388873,1.073814,,,58.083764,111.526316,0.520808,0.000000
kubernetes-default,K8s default,47,47.000,replay,0.989571,0.023731,7,1.383511,0.000000,0.388873,1.073814,,,63.419613,111.526316,0.568652,0.000000
cga,CGA,47,47.000,replay,0.989571,0.023731,7,1.383511,0.000000,0.388873,1.073814,,,61.387517,111.526316,0.550431,0.000000
hda,HDA,47,47.000,replay,0.989571,0.023731,7,1.383511,0.000000,0.388873,1.073814,,,55.542406,111.526316,0.498021,0.000000
kubernetes-default,K8s default,48,48.000,replay,1.010877,0.021077,7,1.383511,0.000000,0.388873,1.073814,,,65.129932,111.526316,0.583987,0.000000
cga,CGA,48,48.000,replay,1.010877,0.021077,7,1.383511,0.000000,0.388873,1.073814,,,59.736753,111.526316,0.535629,0.000000
hda,HDA,48,48.000,replay,1.010877,0.021077,7,1.383511,0.000000,0.388873,1.073814,,,60.991846,111.526316,0.546883,0.000000
kubernetes-default,K8s default,49,49.000,replay,0.990920,0.019742,7,1.383511,0.000000,0.388873,1.073814,,,63.191255,111.526316,0.566604,0.000000
cga,CGA,49,49.000,replay,0.990920,0.019742,7,1.383511,0.000000,0.388873,1.073814,,,62.945043,111.526316,0.564396,0.000000
hda,HDA,49,49.000,replay,0.990920,0.019742,7,1.383511,0.000000,0.388873,1.073814,,,59.083804,111.526316,0.529775,0.000000
kubernetes-default,K8s default,50,50.000,replay,1.057179,0.062675,7,1.383511,0.000000,0.388873,1.073814,,,67.079110,111.526316,0.601464,0.000000
cga,CGA,50,50.000,replay,1.057179,0.062675,7,1.383511,0.000000,0.388873,1.073814,,,61.893790,111.526316,0.554970,0.000000
hda,HDA,50,50.000,replay,1.057179,0.062675,7,1.383511,0.000000,0.388873,1.073814,,,62.447970,111.526316,0.559939,0.000000
kubernetes-default,K8s default,51,51.000,replay,1.065640,0.007940,7,1.383511,0.000000,0.388873,1.073814,,,65.043445,111.526316,0.583212,0.000000
cga,CGA,51,51.000,replay,1.065640,0.007940,7,1.383511,0.000000,0.388873,1.073814,,,64.828741,111.526316,0.581286,0.000000
hda,HDA,51,51.000,replay,1.065640,0.007940,7,1.383511,0.000000,0.388873,1.073814,,,59.693090,111.526316,0.535238,0.000000
kubernetes-default,K8s default,52,52.000,replay,1.025111,0.038032,7,1.383511,0.000000,0.388873,1.073814,,,71.926722,111.526316,0.644930,0.000000
cga,CGA,52,52.000,replay,1.025111,0.038032,7,1.383511,0.000000,0.388873,1.073814,,,58.690403,111.526316,0.526247,0.000000
hda,HDA,52,52.000,replay,1.025111,0.038032,7,1.383511,0.000000,0.388873,1.073814,,,62.394325,111.526316,0.559458,0.000000
kubernetes-default,K8s default,53,53.000,replay,0.988688,0.035531,7,1.383511,0.000000,0.388873,1.073814,,,64.612059,111.526316,0.579344,0.000000
cga,CGA,53,53.000,replay,0.988688,0.035531,7,1.383511,0.000000,0.388873,1.073814,,,58.778266,111.526316,0.527035,0.000000
hda,HDA,53,53.000,replay,0.988688,0.035531,7,1.383511,0.000000,0.388873,1.073814,,,60.950026,111.526316,0.546508,0.000000
kubernetes-default,K8s default,54,54.000,replay,0.994459,0.005804,7,1.383511,0.000000,0.388873,1.073814,,,63.374923,111.526316,0.568251,0.000000
cga,CGA,54,54.000,replay,0.994459,0.005804,7,1.383511,0.000000,0.388873,1.073814,,,61.700322,111.526316,0.553236,0.000000
hda,HDA,54,54.000,replay,0.994459,0.005804,7,1.383511,0.000000,0.388873,1.073814,,,59.247892,111.526316,0.531246,0.000000
kubernetes-default,K8s default,55,55.000,replay,0.998686,0.004232,7,1.383511,0.000000,0.388873,1.073814,,,66.694789,111.526316,0.598018,0.000000
cga,CGA,55,55.000,replay,0.998686,0.004232,7,1.383511,0.000000,0.388873,1.073814,,,61.821152,111.526316,0.554319,0.000000
hda,HDA,55,55.000,replay,0.998686,0.004232,7,1.383511,0.000000,0.388873,1.073814,,,59.797832,111.526316,0.536177,0.000000
kubernetes-default,K8s default,56,56.000,replay,1.005283,0.006562,7,1.383511,0.000000,0.388873,1.073814,,,61.577725,111.526316,0.552136,0.000000
cga,CGA,56,56.000,replay,1.005283,0.006562,7,1.383511,0.000000,0.388873,1.073814,,,57.470735,111.526316,0.515311,0.000000
hda,HDA,56,56.000,replay,1.005283,0.006562,7,1.383511,0.000000,0.388873,1.073814,,,59.587779,111.526316,0.534293,0.000000
kubernetes-default,K8s default,57,57.000,replay,1.039011,0.032462,7,1.383511,0.000000,0.388873,1.073814,,,66.686654,111.526316,0.597945,0.000000
cga,CGA,57,57.000,replay,1.039011,0.032462,7,1.383511,0.000000,0.388873,1.073814,,,63.816704,111.526316,0.572212,0.000000
hda,HDA,57,57.000,replay,1.039011,0.032462,7,1.383511,0.000000,0.388873,1.073814,,,62.613983,111.526316,0.561428,0.000000
kubernetes-default,K8s default,58,58.000,replay,0.989046,0.048089,7,1.383511,0.000000,0.388873,1.073814,,,69.955192,111.526316,0.627253,0.000000
cga,CGA,58,58.000,replay,0.989046,0.048089,7,1.383511,0.000000,0.388873,1.073814,,,60.175237,111.526316,0.539561,0.000000
hda,HDA,58,58.000,replay,0.989046,0.048089,7,1.383511,0.000000,0.388873,1.073814,,,60.663499,111.526316,0.543939,0.000000
kubernetes-default,K8s default,59,59.000,replay,1.032826,0.042388,7,1.383511,0.000000,0.388873,1.073814,,,70.023420,111.526316,0.627865,0.000000
cga,CGA,59,59.000,replay,1.032826,0.042388,7,1.383511,0.000000,0.388873,1.073814,,,63.885219,111.526316,0.572826,0.000000
hda,HDA,59,59.000,replay,1.032826,0.042388,7,1.383511,0.000000,0.388873,1.073814,,,61.077679,111.526316,0.547653,0.000000
kubernetes-default,K8s default,60,60.000,replay,1.025688,0.006912,7,1.383511,0.000000,0.388873,1.073814,,,69.070862,111.526316,0.619323,0.000000
cga,CGA,60,60.000,replay,1.025688,0.006912,7,1.383511,0.000000,0.388873,1.073814,,,60.553189,111.526316,0.542950,0.000000
hda,HDA,60,60.000,replay,1.025688,0.006912,7,1.383511,0.000000,0.388873,1.073814,,,57.602425,111.526316,0.516492,0.000000
kubernetes-default,K8s default,61,61.000,replay,1.004333,0.020820,7,1.383511,0.000000,0.388873,1.073814,,,64.081742,111.526316,0.574589,0.000000
cga,CGA,61,61.000,replay,1.004333,0.020820,7,1.383511,0.000000,0.388873,1.073814,,,59.746383,111.526316,0.535716,0.000000
hda,HDA,61,61.000,replay,1.004333,0.020820,7,1.383511,0.000000,0.388873,1.073814,,,56.528334,111.526316,0.506861,0.000000
kubernetes-default,K8s default,62,62.000,replay,1.010807,0.006404,7,1.383511,0.000000,0.388873,1.073814,,,61.838652,111.526316,0.554476,0.000000
cga,CGA,62,62.000,replay,1.010807,0.006404,7,1.383511,0.000000,0.388873,1.073814,,,63.691575,111.526316,0.571090,0.000000
hda,HDA,62,62.000,replay,1.010807,0.006404,7,1.383511,0.000000,0.388873,1.073814,,,57.917025,111.526316,0.519313,0.000000
kubernetes-default,K8s default,63,63.000,replay,1.055717,0.042540,7,1.383511,0.000000,0.388873,1.073814,,,63.576811,111.526316,0.570061,0.000000
cga,CGA,63,63.000,replay,1.055717,0.042540,7,1.383511,0.000000,0.388873,1.073814,,,60.266205,111.526316,0.540377,0.000000
hda,HDA,63,63.000,replay,1.055717,0.042540,7,1.383511,0.000000,0.388873,1.073814,,,63.999634,111.526316,0.573852,0.000000
kubernetes-default,K8s default,64,64.000,replay,1.058637,0.002758,7,1.383511,0.000000,0.388873,1.073814,,,65.893559,111.526316,0.590834,0.000000
cga,CGA,64,64.000,replay,1.058637,0.002758,7,1.383511,0.000000,0.388873,1.073814,,,64.796823,111.526316,0.581000,0.000000
hda,HDA,64,64.000,replay,1.058637,0.002758,7,1.383511,0.000000,0.388873,1.073814,,,58.156415,111.526316,0.521459,0.000000
kubernetes-default,K8s default,65,65.000,replay,1.011109,0.044896,7,1.383511,0.000000,0.388873,1.073814,,,63.967083,111.526316,0.573560,0.000000
cga,CGA,65,65.000,replay,1.011109,0.044896,7,1.383511,0.000000,0.388873,1.073814,,,59.306524,111.526316,0.531772,0.000000
hda,HDA,65,65.000,replay,1.011109,0.044896,7,1.383511,0.000000,0.388873,1.073814,,,62.798030,111.526316,0.563078,0.000000
kubernetes-default,K8s default,66,66.000,replay,1.039159,0.026993,7,1.383511,0.000000,0.388873,1.073814,,,66.044144,111.526316,0.592184,0.000000
cga,CGA,66,66.000,replay,1.039159,0.026993,7,1.383511,0.000000,0.388873,1.073814,,,63.459865,111.526316,0.569012,0.000000
hda,HDA,66,66.000,replay,1.039159,0.026993,7,1.383511,0.000000,0.388873,1.073814,,,61.330544,111.526316,0.549920,0.000000
kubernetes-default,K8s default,67,67.000,replay,1.076870,0.035018,7,1.383511,0.000000,0.388873,1.073814,,,68.464943,111.526316,0.613890,0.000000
cga,CGA,67,67.000,replay,1.076870,0.035018,7,1.383511,0.000000,0.388873,1.073814,,,61.957449,111.526316,0.555541,0.000000
hda,HDA,67,67.000,replay,1.076870,0.035018,7,1.383511,0.000000,0.388873,1.073814,,,62.107042,111.526316,0.556882,0.000000
kubernetes-default,K8s default,68,68.000,replay,1.043089,0.031369,7,1.383511,0.000000,0.388873,1.073814,,,66.359911,111.526316,0.595016,0.000000
cga,CGA,68,68.000,replay,1.043089,0.031369,7,1.383511,0.000000,0.388873,1.073814,,,57.133540,111.526316,0.512288,0.000000
hda,HDA,68,68.000,replay,1.043089,0.031369,7,1.383511,0.000000,0.388873,1.073814,,,57.157332,111.526316,0.512501,0.000000
kubernetes-default,K8s default,69,69.000,replay,1.070323,0.025444,7,1.383511,0.000000,0.388873,1.073814,,,67.823900,111.526316,0.608143,0.000000
cga,CGA,69,69.000,replay,1.070323,0.025444,7,1.383511,0.000000,0.388873,1.073814,,,62.367429,111.526316,0.559217,0.000000
hda,HDA,69,69.000,replay,1.070323,0.025444,7,1.383511,0.000000,0.388873,1.073814,,,64.681868,111.526316,0.579970,0.000000
kubernetes-default,K8s default,70,70.000,replay,1.083135,0.011829,7,1.383511,0.000000,0.388873,1.073814,,,72.797543,111.526316,0.652739,0.000000
cga,CGA,70,70.000,replay,1.083135,0.011829,7,1.383511,0.000000,0.388873,1.073814,,,65.433140,111.526316,0.586706,0.000000
hda,HDA,70,70.000,replay,1.083135,0.011829,7,1.383511,0.000000,0.388873,1.073814,,,60.014411,111.526316,0.538119,0.000000
kubernetes-default,K8s default,71,71.000,replay,1.036019,0.043500,7,1.383511,0.000000,0.388873,1.073814,,,70.586391,111.526316,0.632912,0.000000
cga,CGA,71,71.000,replay,1.036019,0.043500,7,1.383511,0.000000,0.388873,1.073814,,,65.025074,111.526316,0.583047,0.000000
hda,HDA,71,71.000,replay,1.036019,0.043500,7,1.383511,0.000000,0.388873,1.073814,,,61.659109,111.526316,0.552866,0.000000
kubernetes-default,K8s default,72,72.000,replay,1.004152,0.030760,7,1.383511,0.000000,0.388873,1.073814,,,68.272797,111.526316,0.612168,0.000000
cga,CGA,72,72.000,replay,1.004152,0.030760,7,1.383511,0.000000,0.388873,1.073814,,,60.781817,111.526316,0.545000,0.000000
hda,HDA,72,72.000,replay,1.004152,0.030760,7,1.383511,0.000000,0.388873,1.073814,,,60.783306,111.526316,0.545013,0.000000
kubernetes-default,K8s default,73,73.000,replay,0.991472,0.012627,7,1.383511,0.000000,0.388873,1.073814,,,59.025434,111.526316,0.529251,0.000000
cga,CGA,73,73.000,replay,0.991472,0.012627,7,1.383511,0.000000,0.388873,1.073814,,,59.095405,111.526316,0.529879,0.000000
hda,HDA,73,73.000,replay,0.991472,0.012627,7,1.383511,0.000000,0.388873,1.073814,,,60.423760,111.526316,0.541789,0.000000
kubernetes-default,K8s default,74,74.000,replay,1.050602,0.056282,7,1.383511,0.000000,0.388873,1.073814,,,67.446232,111.526316,0.604756,0.000000
cga,CGA,74,74.000,replay,1.050602,0.056282,7,1.383511,0.000000,0.388873,1.073814,,,61.918291,111.526316,0.555190,0.000000
hda,HDA,74,74.000,replay,1.050602,0.056282,7,1.383511,0.000000,0.388873,1.073814,,,57.738918,111.526316,0.517716,0.000000
kubernetes-default,K8s default,75,75.000,replay,1.085410,0.032069,7,1.383511,0.000000,0.388873,1.073814,,,69.870787,111.526316,0.626496,0.000000
cga,CGA,75,75.000,replay,1.085410,0.032069,7,1.383511,0.000000,0.388873,1.073814,,,65.954309,111.526316,0.591379,0.000000
hda,HDA,75,75.000,replay,1.085410,0.032069,7,1.383511,0.000000,0.388873,1.073814,,,62.888462,111.526316,0.563889,0.000000
kubernetes-default,K8s default,76,76.000,replay,1.050383,0.032271,7,1.383511,0.000000,0.388873,1.073814,,,66.944219,111.526316,0.600255,0.000000
cga,CGA,76,76.000,replay,1.050383,0.032271,7,1.383511,0.000000,0.388873,1.073814,,,64.169791,111.526316,0.575378,0.000000
hda,HDA,76,76.000,replay,1.050383,0.032271,7,1.383511,0.000000,0.388873,1.073814,,,57.670598,111.526316,0.517103,0.000000
kubernetes-default,K8s default,77,77.000,replay,1.022781,0.026278,7,1.383511,0.000000,0.388873,1.073814,,,65.013212,111.526316,0.582941,0.000000
cga,CGA,77,77.000,replay,1.022781,0.026278,7,1.383511,0.000000,0.388873,1.073814,,,62.345719,111.526316,0.559022,0.000000
hda,HDA,77,77.000,replay,1.022781,0.026278,7,1.383511,0.000000,0.388873,1.073814,,,60.072324,111.526316,0.538638,0.000000
kubernetes-default,K8s default,78,78.000,replay,0.997571,0.024648,7,1.383511,0.000000,0.388873,1.073814,,,67.744333,111.526316,0.607429,0.000000
cga,CGA,78,78.000,replay,0.997571,0.024648,7,1.383511,0.000000,0.388873,1.073814,,,64.452586,111.526316,0.577914,0.000000
hda,HDA,78,78.000,replay,0.997571,0.024648,7,1.383511,0.000000,0.388873,1.073814,,,59.453214,111.526316,0.533087,0.000000
kubernetes-default,K8s default,79,79.000,replay,1.064802,0.063140,7,1.383511,0.000000,0.388873,1.073814,,,69.401077,111.526316,0.622284,0.000000
cga,CGA,79,79.000,replay,1.064802,0.063140,7,1.383511,0.000000,0.388873,1.073814,,,69.957670,111.526316,0.627275,0.000000
hda,HDA,79,79.000,replay,1.064802,0.063140,7,1.383511,0.000000,0.388873,1.073814,,,61.777892,111.526316,0.553931,0.000000
kubernetes-default,K8s default,80,80.000,replay,0.996936,0.063736,7,1.383511,0.000000,0.388873,1.073814,,,66.304616,111.526316,0.594520,0.000000
cga,CGA,80,80.000,replay,0.996936,0.063736,7,1.383511,0.000000,0.388873,1.073814,,,60.771944,111.526316,0.544911,0.000000
hda,HDA,80,80.000,replay,0.996936,0.063736,7,1.383511,0.000000,0.388873,1.073814,,,61.216472,111.526316,0.548897,0.000000
kubernetes-default,K8s default,81,81.000,replay,1.050490,0.050981,7,1.383511,0.000000,0.388873,1.073814,,,74.327667,111.526316,0.666459,0.000000
cga,CGA,81,81.000,replay,1.050490,0.050981,7,1.383511,0.000000,0.388873,1.073814,,,60.860767,111.526316,0.545708,0.000000
hda,HDA,81,81.000,replay,1.050490,0.050981,7,1.383511,0.000000,0.388873,1.073814,,,59.192254,111.526316,0.530747,0.000000
kubernetes-default,K8s default,82,82.000,replay,1.062270,0.011089,7,1.383511,0.000000,0.388873,1.073814,,,69.255483,111.526316,0.620979,0.000000
cga,CGA,82,82.000,replay,1.062270,0.011089,7,1.383511,0.000000,0.388873,1.073814,,,62.363554,111.526316,0.559182,0.000000
hda,HDA,82,82.000,replay,1.062270,0.011089,7,1.383511,0.000000,0.388873,1.073814,,,56.969397,111.526316,0.510816,0.000000
kubernetes-default,K8s default,83,83.000,replay,1.044497,0.505485,7,1.305180,0.500000,0.505979,1.959672,,,91.167180,118.526316,0.769172,0.000000
cga,CGA,83,83.000,replay,1.044497,0.505485,7,1.305180,0.500000,0.505979,1.959672,,,89.291594,118.526316,0.753348,0.000000
hda,HDA,83,83.000,replay,1.044497,0.505485,7,1.305180,0.500000,0.505979,1.959672,,,85.002676,118.526316,0.717163,0.000000
kubernetes-default,K8s default,84,84.000,replay,1.070262,0.024073,7,1.305180,0.000000,0.505979,1.959672,,,74.871817,118.526316,0.631689,0.000000
cga,CGA,84,84.000,replay,1.070262,0.024073,7,1.305180,0.000000,0.505979,1.959672,,,70.025757,118.526316,0.590803,0.000000
hda,HDA,84,84.000,replay,1.070262,0.024073,7,1.305180,0.000000,0.505979,1.959672,,,65.047848,118.526316,0.548805,0.000000
kubernetes-default,K8s default,85,85.000,replay,0.994238,0.071033,7,1.305180,0.000000,0.505979,1.959672,,,76.421921,118.526316,0.644768,0.000000
cga,CGA,85,85.000,replay,0.994238,0.071033,7,1.305180,0.000000,0.505979,1.959672,,,71.702872,118.526316,0.604953,0.000000
hda,HDA,85,85.000,replay,0.994238,0.071033,7,1.305180,0.000000,0.505979,1.959672,,,70.572594,118.526316,0.595417,0.000000
kubernetes-default,K8s default,86,86.000,replay,0.996111,0.001881,7,1.305180,0.000000,0.505979,1.959672,,,71.002576,118.526316,0.599045,0.000000
cga,CGA,86,86.000,replay,0.996111,0.001881,7,1.305180,0.000000,0.505979,1.959672,,,67.712229,118.526316,0.571284,0.000000
hda,HDA,86,86.000,replay,0.996111,0.001881,7,1.305180,0.000000,0.505979,1.959672,,,62.889949,118.526316,0.530599,0.000000
kubernetes-default,K8s default,87,87.000,replay,1.082150,0.079507,7,1.305180,0.000000,0.505979,1.959672,,,78.996476,118.526316,0.666489,0.000000
cga,CGA,87,87.000,replay,1.082150,0.079507,7,1.305180,0.000000,0.505979,1.959672,,,71.089825,118.526316,0.599781,0.000000
hda,HDA,87,87.000,replay,1.082150,0.079507,7,1.305180,0.000000,0.505979,1.959672,,,70.403560,118.526316,0.593991,0.000000
kubernetes-default,K8s default,88,88.000,replay,1.034850,0.043709,7,1.305180,0.000000,0.505979,1.959672,,,72.567279,118.526316,0.612246,0.000000
cga,CGA,88,88.000,replay,1.034850,0.043709,7,1.305180,0.000000,0.505979,1.959672,,,69.181679,118.526316,0.583682,0.000000
hda,HDA,88,88.000,replay,1.034850,0.043709,7,1.305180,0.000000,0.505979,1.959672,,,64.240994,118.526316,0.541998,0.000000
kubernetes-default,K8s default,89,89.000,replay,1.011333,0.022725,7,1.305180,0.000000,0.505979,1.959672,,,72.332916,118.526316,0.610269,0.000000
cga,CGA,89,89.000,replay,1.011333,0.022725,7,1.305180,0.000000,0.505979,1.959672,,,62.004401,118.526316,0.523128,0.000000
hda,HDA,89,89.000,replay,1.011333,0.022725,7,1.305180,0.000000,0.505979,1.959672,,,65.011679,118.526316,0.548500,0.000000
kubernetes-default,K8s default,90,90.000,replay,1.057853,0.043976,7,1.305180,0.000000,0.505979,1.959672,,,74.496294,118.526316,0.628521,0.000000
cga,CGA,90,90.000,replay,1.057853,0.043976,7,1.305180,0.000000,0.505979,1.959672,,,69.700473,118.526316,0.588059,0.000000
hda,HDA,90,90.000,replay,1.057853,0.043976,7,1.305180,0.000000,0.505979,1.959672,,,67.278224,118.526316,0.567623,0.000000
kubernetes-default,K8s default,91,91.000,replay,1.067487,0.009025,7,1.305180,0.000000,0.505979,1.959672,,,74.240929,118.526316,0.626367,0.000000
cga,CGA,91,91.000,replay,1.067487,0.009025,7,1.305180,0.000000,0.505979,1.959672,,,70.439364,118.526316,0.594293,0.000000
hda,HDA,91,91.000,replay,1.067487,0.009025,7,1.305180,0.000000,0.505979,1.959672,,,67.895713,118.526316,0.572832,0.000000
kubernetes-default,K8s default,92,92.000,replay,1.014792,0.049364,7,1.305180,0.000000,0.505979,1.959672,,,68.447688,118.526316,0.577489,0.000000
cga,CGA,92,92.000,replay,1.014792,0.049364,7,1.305180,0.000000,0.505979,1.959672,,,69.304942,118.526316,0.584722,0.000000
hda,HDA,92,92.000,replay,1.014792,0.049364,7,1.305180,0.000000,0.505979,1.959672,,,64.877785,118.526316,0.547370,0.000000
kubernetes-default,K8s default,93,93.000,replay,1.001090,0.013502,7,1.305180,0.000000,0.505979,1.959672,,,69.597014,118.526316,0.587186,0.000000
cga,CGA,93,93.000,replay,1.001090,0.013502,7,1.305180,0.000000,0.505979,1.959672,,,68.141861,118.526316,0.574909,0.000000
hda,HDA,93,93.000,replay,1.001090,0.013502,7,1.305180,0.000000,0.505979,1.959672,,,65.959261,118.526316,0.556495,0.000000
kubernetes-default,K8s default,94,94.000,replay,1.001183,0.000093,7,1.305180,0.000000,0.505979,1.959672,,,69.145123,118.526316,0.583374,0.000000
cga,CGA,94,94.000,replay,1.001183,0.000093,7,1.305180,0.000000,0.505979,1.959672,,,66.251473,118.526316,0.558960,0.000000
hda,HDA,94,94.000,replay,1.001183,0.000093,7,1.305180,0.000000,0.505979,1.959672,,,61.426677,118.526316,0.518253,0.000000
kubernetes-default,K8s default,95,95.000,replay,1.043676,0.040715,7,1.305180,0.000000,0.505979,1.959672,,,75.945249,118.526316,0.640746,0.000000
cga,CGA,95,95.000,replay,1.043676,0.040715,7,1.305180,0.000000,0.505979,1.959672,,,68.624137,118.526316,0.578978,0.000000
hda,HDA,95,95.000,replay,1.043676,0.040715,7,1.305180,0.000000,0.505979,1.959672,,,64.459351,118.526316,0.543840,0.000000
kubernetes-default,K8s default,96,96.000,replay,1.066668,0.021555,7,1.305180,0.000000,0.505979,1.959672,,,75.361104,118.526316,0.635817,0.000000
cga,CGA,96,96.000,replay,1.066668,0.021555,7,1.305180,0.000000,0.505979,1.959672,,,70.346036,118.526316,0.593506,0.000000
hda,HDA,96,96.000,replay,1.066668,0.021555,7,1.305180,0.000000,0.505979,1.959672,,,66.353041,118.526316,0.559817,0.000000
kubernetes-default,K8s default,97,97.000,replay,1.002556,0.060105,7,1.305180,0.000000,0.505979,1.959672,,,77.565858,118.526316,0.654419,0.000000
cga,CGA,97,97.000,replay,1.002556,0.060105,7,1.305180,0.000000,0.505979,1.959672,,,71.324100,118.526316,0.601758,0.000000
hda,HDA,97,97.000,replay,1.002556,0.060105,7,1.305180,0.000000,0.505979,1.959672,,,66.598724,118.526316,0.561890,0.000000
kubernetes-default,K8s default,98,98.000,replay,1.029555,0.026224,7,1.305180,0.000000,0.505979,1.959672,,,72.556076,118.526316,0.612152,0.000000
cga,CGA,98,98.000,replay,1.029555,0.026224,7,1.305180,0.000000,0.505979,1.959672,,,69.667208,118.526316,0.587778,0.000000
hda,HDA,98,98.000,replay,1.029555,0.026224,7,1.305180,0.000000,0.505979,1.959672,,,63.773706,118.526316,0.538055,0.000000
kubernetes-default,K8s default,99,99.000,replay,0.989132,0.039262,7,1.305180,0.000000,0.505979,1.959672,,,72.216358,118.526316,0.609285,0.000000
cga,CGA,99,99.000,replay,0.989132,0.039262,7,1.305180,0.000000,0.505979,1.959672,,,67.812163,118.526316,0.572127,0.000000
hda,HDA,99,99.000,replay,0.989132,0.039262,7,1.305180,0.000000,0.505979,1.959672,,,64.403592,118.526316,0.543370,0.000000
kubernetes-default,K8s default,100,100.000,replay,0.999976,0.010844,7,1.305180,0.000000,0.505979,1.959672,,,71.849222,118.526316,0.606188,0.000000
cga,CGA,100,100.000,replay,0.999976,0.010844,7,1.305180,0.000000,0.505979,1.959672,,,73.320891,118.526316,0.618604,0.000000
hda,HDA,100,100.000,replay,0.999976,0.010844,7,1.305180,0.000000,0.505979,1.959672,,,66.454278,118.526316,0.560671,0.000000
kubernetes-default,K8s default,101,101.000,replay,1.015259,0.015053,7,1.305180,0.000000,0.505979,1.959672,,,67.245741,118.526316,0.567349,0.000000
cga,CGA,101,101.000,replay,1.015259,0.015053,7,1.305180,0.000000,0.505979,1.959672,,,63.509264,118.526316,0.535824,0.000000
hda,HDA,101,101.000,replay,1.015259,0.015053,7,1.305180,0.000000,0.505979,1.959672,,,60.339228,118.526316,0.509079,0.000000
kubernetes-default,K8s default,102,102.000,replay,1.021240,0.005857,7,1.305180,0.000000,0.505979,1.959672,,,72.897810,118.526316,0.615035,0.000000
cga,CGA,102,102.000,replay,1.021240,0.005857,7,1.305180,0.000000,0.505979,1.959672,,,66.943204,118.526316,0.564796,0.000000
hda,HDA,102,102.000,replay,1.021240,0.005857,7,1.305180,0.000000,0.505979,1.959672,,,64.987688,118.526316,0.548298,0.000000
kubernetes-default,K8s default,103,103.000,replay,0.976873,0.043444,7,1.305180,0.000000,0.505979,1.959672,,,68.057859,118.526316,0.574200,0.000000
cga,CGA,103,103.000,replay,0.976873,0.043444,7,1.305180,0.000000,0.505979,1.959672,,,69.037284,118.526316,0.582464,0.000000
hda,HDA,103,103.000,replay,0.976873,0.043444,7,1.305180,0.000000,0.505979,1.959672,,,67.942591,118.526316,0.573228,0.000000
kubernetes-default,K8s default,104,104.000,replay,1.057244,0.076020,7,1.305180,0.000000,0.505979,1.959672,,,80.029400,118.526316,0.675204,0.000000
cga,CGA,104,104.000,replay,1.057244,0.076020,7,1.305180,0.000000,0.505979,1.959672,,,77.295607,118.526316,0.652139,0.000000
hda,HDA,104,104.000,replay,1.057244,0.076020,7,1.305180,0.000000,0.505979,1.959672,,,67.708104,118.526316,0.571250,0.000000
kubernetes-default,K8s default,105,105.000,replay,1.056917,0.000309,7,1.305180,0.000000,0.505979,1.959672,,,70.673937,118.526316,0.596272,0.000000
cga,CGA,105,105.000,replay,1.056917,0.000309,7,1.305180,0.000000,0.505979,1.959672,,,70.337880,118.526316,0.593437,0.000000
hda,HDA,105,105.000,replay,1.056917,0.000309,7,1.305180,0.000000,0.505979,1.959672,,,63.876063,118.526316,0.538919,0.000000
kubernetes-default,K8s default,106,106.000,replay,1.042625,0.013522,7,1.305180,0.000000,0.505979,1.959672,,,73.810986,118.526316,0.622739,0.000000
cga,CGA,106,106.000,replay,1.042625,0.013522,7,1.305180,0.000000,0.505979,1.959672,,,70.481175,118.526316,0.594646,0.000000
hda,HDA,106,106.000,replay,1.042625,0.013522,7,1.305180,0.000000,0.505979,1.959672,,,64.735147,118.526316,0.546167,0.000000
kubernetes-default,K8s default,107,107.000,replay,1.063513,0.019640,7,1.305180,0.000000,0.505979,1.959672,,,76.087872,118.526316,0.641949,0.000000
cga,CGA,107,107.000,replay,1.063513,0.019640,7,1.305180,0.000000,0.505979,1.959672,,,64.237773,118.526316,0.541971,0.000000
hda,HDA,107,107.000,replay,1.063513,0.019640,7,1.305180,0.000000,0.505979,1.959672,,,65.030671,118.526316,0.548660,0.000000
kubernetes-default,K8s default,108,108.000,replay,1.020336,0.040599,7,1.305180,0.000000,0.505979,1.959672,,,72.624915,118.526316,0.612732,0.000000
cga,CGA,108,108.000,replay,1.020336,0.040599,7,1.305180,0.000000,0.505979,1.959672,,,68.911557,118.526316,0.581403,0.000000
hda,HDA,108,108.000,replay,1.020336,0.040599,7,1.305180,0.000000,0.505979,1.959672,,,63.914639,118.526316,0.539244,0.000000
kubernetes-default,K8s default,109,109.000,replay,0.989926,0.029803,7,1.305180,0.000000,0.505979,1.959672,,,69.555967,118.526316,0.586840,0.000000
cga,CGA,109,109.000,replay,0.989926,0.029803,7,1.305180,0.000000,0.505979,1.959672,,,73.407661,118.526316,0.619336,0.000000
hda,HDA,109,109.000,replay,0.989926,0.029803,7,1.305180,0.000000,0.505979,1.959672,,,69.650632,118.526316,0.587639,0.000000
kubernetes-default,K8s default,110,110.000,replay,0.983596,0.006395,7,1.305180,0.000000,0.505979,1.959672,,,72.302024,118.526316,0.610008,0.000000
cga,CGA,110,110.000,replay,0.983596,0.006395,7,1.305180,0.000000,0.505979,1.959672,,,68.091933,118.526316,0.574488,0.000000
hda,HDA,110,110.000,replay,0.983596,0.006395,7,1.305180,0.000000,0.505979,1.959672,,,66.373414,118.526316,0.559989,0.000000
kubernetes-default,K8s default,111,111.000,replay,1.007996,0.024207,7,1.305180,0.000000,0.505979,1.959672,,,71.927060,118.526316,0.606845,0.000000
cga,CGA,111,111.000,replay,1.007996,0.024207,7,1.305180,0.000000,0.505979,1.959672,,,67.877778,118.526316,0.572681,0.000000
hda,HDA,111,111.000,replay,1.007996,0.024207,7,1.305180,0.000000,0.505979,1.959672,,,65.903956,118.526316,0.556028,0.000000
kubernetes-default,K8s default,112,112.000,replay,0.991196,0.016667,7,1.305180,0.000000,0.505979,1.959672,,,72.988458,118.526316,0.615800,0.000000
cga,CGA,112,112.000,replay,0.991196,0.016667,7,1.305180,0.000000,0.505979,1.959672,,,66.424675,118.526316,0.560421,0.000000
hda,HDA,112,112.000,replay,0.991196,0.016667,7,1.305180,0.000000,0.505979,1.959672,,,61.251608,118.526316,0.516776,0.000000
kubernetes-default,K8s default,113,113.000,replay,1.013352,0.021865,7,1.305180,0.000000,0.505979,1.959672,,,76.823262,118.526316,0.648154,0.000000
cga,CGA,113,113.000,replay,1.013352,0.021865,7,1.305180,0.000000,0.505979,1.959672,,,68.251442,118.526316,0.575834,0.000000
hda,HDA,113,113.000,replay,1.013352,0.021865,7,1.305180,0.000000,0.505979,1.959672,,,64.331612,118.526316,0.542762,0.000000
kubernetes-default,K8s default,114,114.000,replay,0.996016,0.017108,7,1.305180,0.000000,0.505979,1.959672,,,74.553700,118.526316,0.629005,0.000000
cga,CGA,114,114.000,replay,0.996016,0.017108,7,1.305180,0.000000,0.505979,1.959672,,,67.782404,118.526316,0.571876,0.000000
hda,HDA,114,114.000,replay,0.996016,0.017108,7,1.305180,0.000000,0.505979,1.959672,,,67.915062,118.526316,0.572996,0.000000
kubernetes-default,K8s default,115,115.000,replay,1.000893,0.004873,7,1.305180,0.000000,0.505979,1.959672,,,69.481086,118.526316,0.586208,0.000000
cga,CGA,115,115.000,replay,1.000893,0.004873,7,1.305180,0.000000,0.505979,1.959672,,,68.984691,118.526316,0.582020,0.000000
hda,HDA,115,115.000,replay,1.000893,0.004873,7,1.305180,0.000000,0.505979,1.959672,,,64.647545,118.526316,0.545428,0.000000
kubernetes-default,K8s default,116,116.000,replay,0.982872,0.018005,7,1.305180,0.000000,0.505979,1.959672,,,69.019043,118.526316,0.582310,0.000000
cga,CGA,116,116.000,replay,0.982872,0.018005,7,1.305180,0.000000,0.505979,1.959672,,,69.792046,118.526316,0.588832,0.000000
hda,HDA,116,116.000,replay,0.982872,0.018005,7,1.305180,0.000000,0.505979,1.959672,,,63.553583,118.526316,0.536198,0.000000
kubernetes-default,K8s default,117,117.000,replay,1.013392,0.030116,7,1.305180,0.000000,0.505979,1.959672,,,75.590862,118.526316,0.637756,0.000000
cga,CGA,117,117.000,replay,1.013392,0.030116,7,1.305180,0.000000,0.505979,1.959672,,,68.378517,118.526316,0.576906,0.000000
hda,HDA,117,117.000,replay,1.013392,0.030116,7,1.305180,0.000000,0.505979,1.959672,,,65.301282,118.526316,0.550943,0.000000
kubernetes-default,K8s default,118,118.000,replay,0.990079,0.023004,7,1.305180,0.000000,0.505979,1.959672,,,69.842127,118.526316,0.589254,0.000000
cga,CGA,118,118.000,replay,0.990079,0.023004,7,1.305180,0.000000,0.505979,1.959672,,,68.264413,118.526316,0.575943,0.000000
hda,HDA,118,118.000,replay,0.990079,0.023004,7,1.305180,0.000000,0.505979,1.959672,,,67.450531,118.526316,0.569076,0.000000
kubernetes-default,K8s default,119,119.000,replay,1.011258,0.020943,7,1.305180,0.000000,0.505979,1.959672,,,69.714303,118.526316,0.588176,0.000000
cga,CGA,119,119.000,replay,1.011258,0.020943,7,1.305180,0.000000,0.505979,1.959672,,,71.804821,118.526316,0.605813,0.000000
hda,HDA,119,119.000,replay,1.011258,0.020943,7,1.305180,0.000000,0.505979,1.959672,,,66.099420,118.526316,0.557677,0.000000
kubernetes-default,K8s default,120,120.000,replay,0.982145,0.028790,7,1.305180,0.000000,0.505979,1.959672,,,69.847628,118.526316,0.589301,0.000000
cga,CGA,120,120.000,replay,0.982145,0.028790,7,1.305180,0.000000,0.505979,1.959672,,,70.928176,118.526316,0.598417,0.000000
hda,HDA,120,120.000,replay,0.982145,0.028790,7,1.305180,0.000000,0.505979,1.959672,,,59.313170,118.526316,0.500422,0.000000
kubernetes-default,K8s default,121,121.000,replay,1.024005,0.040879,7,1.305180,0.000000,0.505979,1.959672,,,75.498143,118.526316,0.636974,0.000000
cga,CGA,121,121.000,replay,1.024005,0.040879,7,1.305180,0.000000,0.505979,1.959672,,,66.855730,118.526316,0.564058,0.000000
hda,HDA,121,121.000,replay,1.024005,0.040879,7,1.305180,0.000000,0.505979,1.959672,,,67.268280,118.526316,0.567539,0.000000
kubernetes-default,K8s default,122,122.000,replay,0.960129,0.062378,7,1.305180,0.000000,0.505979,1.959672,,,74.695909,118.526316,0.630205,0.000000
cga,CGA,122,122.000,replay,0.960129,0.062378,7,1.305180,0.000000,0.505979,1.959672,,,66.917564,118.526316,0.564580,0.000000
hda,HDA,122,122.000,replay,0.960129,0.062378,7,1.305180,0.000000,0.505979,1.959672,,,64.237156,118.526316,0.541965,0.000000
kubernetes-default,K8s default,123,123.000,replay,1.037273,0.074371,7,1.305180,0.000000,0.505979,1.959672,,,77.985754,118.526316,0.657962,0.000000
cga,CGA,123,123.000,replay,1.037273,0.074371,7,1.305180,0.000000,0.505979,1.959672,,,71.161629,118.526316,0.600387,0.000000
hda,HDA,123,123.000,replay,1.037273,0.074371,7,1.305180,0.000000,0.505979,1.959672,,,67.691578,118.526316,0.571110,0.000000
kubernetes-default,K8s default,124,124.000,replay,0.974170,0.060835,7,1.305180,0.000000,0.505979,1.959672,,,69.255222,118.526316,0.584302,0.000000
cga,CGA,124,124.000,replay,0.974170,0.060835,7,1.305180,0.000000,0.505979,1.959672,,,66.170236,118.526316,0.558275,0.000000
hda,HDA,124,124.000,replay,0.974170,0.060835,7,1.305180,0.000000,0.505979,1.959672,,,69.147845,118.526316,0.583397,0.000000
kubernetes-default,K8s default,125,125.000,replay,1.016991,0.042105,7,1.305180,0.000000,0.505979,1.959672,,,75.894628,118.526316,0.640319,0.000000
cga,CGA,125,125.000,replay,1.016991,0.042105,7,1.305180,0.000000,0.505979,1.959672,,,73.205956,118.526316,0.617635,0.000000
hda,HDA,125,125.000,replay,1.016991,0.042105,7,1.305180,0.000000,0.505979,1.959672,,,61.333107,118.526316,0.517464,0.000000
kubernetes-default,K8s default,126,126.000,replay,1.026411,0.009178,7,1.305180,0.000000,0.505979,1.959672,,,69.619713,118.526316,0.587378,0.000000
cga,CGA,126,126.000,replay,1.026411,0.009178,7,1.305180,0.000000,0.505979,1.959672,,,63.625537,118.526316,0.536805,0.000000
hda,HDA,126,126.000,replay,1.026411,0.009178,7,1.305180,0.000000,0.505979,1.959672,,,65.035656,118.526316,0.548702,0.000000
kubernetes-default,K8s default,127,127.000,replay,0.942291,0.081956,7,1.305180,0.000000,0.505979,1.959672,,,68.215635,118.526316,0.575532,0.000000
cga,CGA,127,127.000,replay,0.942291,0.081956,7,1.305180,0.000000,0.505979,1.959672,,,63.285137,118.526316,0.533933,0.000000
hda,HDA,127,127.000,replay,0.942291,0.081956,7,1.305180,0.000000,0.505979,1.959672,,,64.889377,118.526316,0.547468,0.000000
kubernetes-default,K8s default,128,128.000,replay,0.945890,0.003805,7,1.305180,0.000000,0.505979,1.959672,,,66.973567,118.526316,0.565052,0.000000
cga,CGA,128,128.000,replay,0.945890,0.003805,7,1.305180,0.000000,0.505979,1.959672,,,63.104521,118.526316,0.532409,0.000000
hda,HDA,128,128.000,replay,0.945890,0.003805,7,1.305180,0.000000,0.505979,1.959672,,,58.865057,118.526316,0.496641,0.000000
kubernetes-default,K8s default,129,129.000,replay,0.978169,0.032999,7,1.305180,0.000000,0.505979,1.959672,,,76.040111,118.526316,0.641546,0.000000
cga,CGA,129,129.000,replay,0.978169,0.032999,7,1.305180,0.000000,0.505979,1.959672,,,65.259882,118.526316,0.550594,0.000000
hda,HDA,129,129.000,replay,0.978169,0.032999,7,1.305180,0.000000,0.505979,1.959672,,,61.210470,118.526316,0.516429,0.000000
kubernetes-default,K8s default,130,130.000,replay,1.001196,0.023000,7,1.305180,0.000000,0.505979,1.959672,,,70.928232,118.526316,0.598418,0.000000
cga,CGA,130,130.000,replay,1.001196,0.023000,7,1.305180,0.000000,0.505979,1.959672,,,67.911215,118.526316,0.572963,0.000000
hda,HDA,130,130.000,replay,1.001196,0.023000,7,1.305180,0.000000,0.505979,1.959672,,,67.499831,118.526316,0.569492,0.000000
kubernetes-default,K8s default,131,131.000,replay,0.946675,0.054455,7,1.305180,0.000000,0.505979,1.959672,,,69.365174,118.526316,0.585230,0.000000
cga,CGA,131,131.000,replay,0.946675,0.054455,7,1.305180,0.000000,0.505979,1.959672,,,67.425886,118.526316,0.568868,0.000000
hda,HDA,131,131.000,replay,0.946675,0.054455,7,1.305180,0.000000,0.505979,1.959672,,,63.085164,118.526316,0.532246,0.000000
kubernetes-default,K8s default,132,132.000,replay,1.007684,0.060543,7,1.305180,0.000000,0.505979,1.959672,,,74.397913,118.526316,0.627691,0.000000
cga,CGA,132,132.000,replay,1.007684,0.060543,7,1.305180,0.000000,0.505979,1.959672,,,70.549120,118.526316,0.595219,0.000000
hda,HDA,132,132.000,replay,1.007684,0.060543,7,1.305180,0.000000,0.505979,1.959672,,,65.713998,118.526316,0.554425,0.000000
kubernetes-default,K8s default,133,133.000,replay,0.953625,0.053647,7,1.305180,0.000000,0.505979,1.959672,,,74.189665,118.526316,0.625934,0.000000
cga,CGA,133,133.000,replay,0.953625,0.053647,7,1.305180,0.000000,0.505979,1.959672,,,66.035141,118.526316,0.557135,0.000000
hda,HDA,133,133.000,replay,0.953625,0.053647,7,1.305180,0.000000,0.505979,1.959672,,,63.295539,118.526316,0.534021,0.000000
kubernetes-default,K8s default,134,134.000,replay,0.966106,0.012920,7,1.305180,0.000000,0.505979,1.959672,,,71.150641,118.526316,0.600294,0.000000
cga,CGA,134,134.000,replay,0.966106,0.012920,7,1.305180,0.000000,0.505979,1.959672,,,68.093653,118.526316,0.574502,0.000000
hda,HDA,134,134.000,replay,0.966106,0.012920,7,1.305180,0.000000,0.505979,1.959672,,,66.931237,118.526316,0.564695,0.000000
kubernetes-default,K8s default,135,135.000,replay,0.978100,0.012262,7,1.305180,0.000000,0.505979,1.959672,,,71.820644,118.526316,0.605947,0.000000
cga,CGA,135,135.000,replay,0.978100,0.012262,7,1.305180,0.000000,0.505979,1.959672,,,67.092701,118.526316,0.566057,0.000000
hda,HDA,135,135.000,replay,0.978100,0.012262,7,1.305180,0.000000,0.505979,1.959672,,,61.202457,118.526316,0.516362,0.000000
kubernetes-default,K8s default,136,136.000,replay,0.931929,0.047204,7,1.305180,0.000000,0.505979,1.959672,,,72.382943,118.526316,0.610691,0.000000
cga,CGA,136,136.000,replay,0.931929,0.047204,7,1.305180,0.000000,0.505979,1.959672,,,65.422345,118.526316,0.551965,0.000000
hda,HDA,136,136.000,replay,0.931929,0.047204,7,1.305180,0.000000,0.505979,1.959672,,,63.502717,118.526316,0.535769,0.000000
kubernetes-default,K8s default,137,137.000,replay,0.938214,0.006698,7,1.305180,0.000000,0.505979,1.959672,,,67.489092,118.526316,0.569402,0.000000
cga,CGA,137,137.000,replay,0.938214,0.006698,7,1.305180,0.000000,0.505979,1.959672,,,68.620044,118.526316,0.578944,0.000000
hda,HDA,137,137.000,replay,0.938214,0.006698,7,1.305180,0.000000,0.505979,1.959672,,,64.444601,118.526316,0.543716,0.000000
kubernetes-default,K8s default,138,138.000,replay,0.931717,0.006924,7,1.305180,0.000000,0.505979,1.959672,,,69.817272,118.526316,0.589044,0.000000
cga,CGA,138,138.000,replay,0.931717,0.006924,7,1.305180,0.000000,0.505979,1.959672,,,67.903728,118.526316,0.572900,0.000000
hda,HDA,138,138.000,replay,0.931717,0.006924,7,1.305180,0.000000,0.505979,1.959672,,,55.807498,118.526316,0.470845,0.000000
kubernetes-default,K8s default,139,139.000,replay,0.929983,0.001862,7,1.305180,0.000000,0.505979,1.959672,,,65.469368,118.526316,0.552361,0.000000
cga,CGA,139,139.000,replay,0.929983,0.001862,7,1.305180,0.000000,0.505979,1.959672,,,63.248780,118.526316,0.533626,0.000000
hda,HDA,139,139.000,replay,0.929983,0.001862,7,1.305180,0.000000,0.505979,1.959672,,,66.110886,118.526316,0.557774,0.000000
kubernetes-default,K8s default,140,140.000,replay,0.958526,0.029779,7,1.305180,0.000000,0.505979,1.959672,,,68.767827,118.526316,0.580190,0.000000
cga,CGA,140,140.000,replay,0.958526,0.029779,7,1.305180,0.000000,0.505979,1.959672,,,67.390064,118.526316,0.568566,0.000000
hda,HDA,140,140.000,replay,0.958526,0.029779,7,1.305180,0.000000,0.505979,1.959672,,,63.669127,118.526316,0.537173,0.000000
kubernetes-default,K8s default,141,141.000,replay,0.971737,0.013595,7,1.305180,0.000000,0.505979,1.959672,,,73.415356,118.526316,0.619401,0.000000
cga,CGA,141,141.000,replay,0.971737,0.013595,7,1.305180,0.000000,0.505979,1.959672,,,66.415756,118.526316,0.560346,0.000000
hda,HDA,141,141.000,replay,0.971737,0.013595,7,1.305180,0.000000,0.505979,1.959672,,,66.286115,118.526316,0.559252,0.000000
kubernetes-default,K8s default,142,142.000,replay,0.983142,0.011600,7,1.305180,0.000000,0.505979,1.959672,,,75.075913,118.526316,0.633411,0.000000
cga,CGA,142,142.000,replay,0.983142,0.011600,7,1.305180,0.000000,0.505979,1.959672,,,65.502400,118.526316,0.552640,0.000000
hda,HDA,142,142.000,replay,0.983142,0.011600,7,1.305180,0.000000,0.505979,1.959672,,,63.109381,118.526316,0.532450,0.000000
kubernetes-default,K8s default,143,143.000,replay,0.942951,0.040879,7,1.305180,0.000000,0.505979,1.959672,,,68.344950,118.526316,0.576623,0.000000
cga,CGA,143,143.000,replay,0.942951,0.040879,7,1.305180,0.000000,0.505979,1.959672,,,68.189399,118.526316,0.575310,0.000000
hda,HDA,143,143.000,replay,0.942951,0.040879,7,1.305180,0.000000,0.505979,1.959672,,,63.057773,118.526316,0.532015,0.000000
kubernetes-default,K8s default,144,144.000,replay,0.918975,0.025427,7,1.305180,0.000000,0.505979,1.959672,,,71.896211,118.526316,0.606584,0.000000
cga,CGA,144,144.000,replay,0.918975,0.025427,7,1.305180,0.000000,0.505979,1.959672,,,67.016583,118.526316,0.565415,0.000000
hda,HDA,144,144.000,replay,0.918975,0.025427,7,1.305180,0.000000,0.505979,1.959672,,,64.145953,118.526316,0.541196,0.000000
kubernetes-default,K8s default,145,145.000,replay,0.948372,0.030997,7,1.305180,0.000000,0.505979,1.959672,,,69.672321,118.526316,0.587822,0.000000
cga,CGA,145,145.000,replay,0.948372,0.030997,7,1.305180,0.000000,0.505979,1.959672,,,68.119639,118.526316,0.574722,0.000000
hda,HDA,145,145.000,replay,0.948372,0.030997,7,1.305180,0.000000,0.505979,1.959672,,,60.568976,118.526316,0.511017,0.000000
kubernetes-default,K8s default,146,146.000,replay,0.918014,0.032010,7,1.305180,0.000000,0.505979,1.959672,,,71.933450,118.526316,0.606899,0.000000
cga,CGA,146,146.000,replay,0.918014,0.032010,7,1.305180,0.000000,0.505979,1.959672,,,64.298356,118.526316,0.542482,0.000000
hda,HDA,146,146.000,replay,0.918014,0.032010,7,1.305180,0.000000,0.505979,1.959672,,,64.464454,118.526316,0.543883,0.000000
kubernetes-default,K8s default,147,147.000,replay,0.939390,0.022755,7,1.305180,0.000000,0.505979,1.959672,,,71.416944,118.526316,0.602541,0.000000
cga,CGA,147,147.000,replay,0.939390,0.022755,7,1.305180,0.000000,0.505979,1.959672,,,67.333789,118.526316,0.568091,0.000000
hda,HDA,147,147.000,replay,0.939390,0.022755,7,1.305180,0.000000,0.505979,1.959672,,,67.401798,118.526316,0.568665,0.000000
kubernetes-default,K8s default,148,148.000,replay,0.945510,0.006472,7,1.305180,0.000000,0.505979,1.959672,,,70.125222,118.526316,0.591643,0.000000
cga,CGA,148,148.000,replay,0.945510,0.006472,7,1.305180,0.000000,0.505979,1.959672,,,67.324053,118.526316,0.568009,0.000000
hda,HDA,148,148.000,replay,0.945510,0.006472,7,1.305180,0.000000,0.505979,1.959672,,,59.211692,118.526316,0.499566,0.000000
kubernetes-default,K8s default,149,149.000,replay,0.914921,0.032352,7,1.305180,0.000000,0.505979,1.959672,,,71.131281,118.526316,0.600131,0.000000
cga,CGA,149,149.000,replay,0.914921,0.032352,7,1.305180,0.000000,0.505979,1.959672,,,66.051752,118.526316,0.557275,0.000000
hda,HDA,149,149.000,replay,0.914921,0.032352,7,1.305180,0.000000,0.505979,1.959672,,,59.577128,118.526316,0.502649,0.000000
kubernetes-default,K8s default,150,150.000,replay,0.969412,0.056211,7,1.305180,0.000000,0.505979,1.959672,,,75.789304,118.526316,0.639430,0.000000
cga,CGA,150,150.000,replay,0.969412,0.056211,7,1.305180,0.000000,0.505979,1.959672,,,72.242592,118.526316,0.609507,0.000000
hda,HDA,150,150.000,replay,0.969412,0.056211,7,1.305180,0.000000,0.505979,1.959672,,,67.566599,118.526316,0.570056,0.000000
kubernetes-default,K8s default,151,151.000,replay,0.948159,0.021925,7,1.305180,0.000000,0.505979,1.959672,,,73.683564,118.526316,0.621664,0.000000
cga,CGA,151,151.000,replay,0.948159,0.021925,7,1.305180,0.000000,0.505979,1.959672,,,68.746925,118.526316,0.580014,0.000000
hda,HDA,151,151.000,replay,0.948159,0.021925,7,1.305180,0.000000,0.505979,1.959672,,,62.269755,118.526316,0.525366,0.000000
kubernetes-default,K8s default,152,152.000,replay,0.896189,0.054811,7,1.305180,0.000000,0.505979,1.959672,,,72.416714,118.526316,0.610976,0.000000
cga,CGA,152,152.000,replay,0.896189,0.054811,7,1.305180,0.000000,0.505979,1.959672,,,69.413516,118.526316,0.585638,0.000000
hda,HDA,152,152.000,replay,0.896189,0.054811,7,1.305180,0.000000,0.505979,1.959672,,,61.675057,118.526316,0.520349,0.000000
kubernetes-default,K8s default,153,153.000,replay,0.882680,0.015073,7,1.305180,0.000000,0.505979,1.959672,,,71.419632,118.526316,0.602564,0.000000
cga,CGA,153,153.000,replay,0.882680,0.015073,7,1.305180,0.000000,0.505979,1.959672,,,65.346121,118.526316,0.551322,0.000000
hda,HDA,153,153.000,replay,0.882680,0.015073,7,1.305180,0.000000,0.505979,1.959672,,,61.748041,118.526316,0.520965,0.000000
kubernetes-default,K8s default,154,154.000,replay,0.880456,0.002520,7,1.305180,0.000000,0.505979,1.959672,,,64.910790,118.526316,0.547649,0.000000
cga,CGA,154,154.000,replay,0.880456,0.002520,7,1.305180,0.000000,0.505979,1.959672,,,60.149200,118.526316,0.507475,0.000000
hda,HDA,154,154.000,replay,0.880456,0.002520,7,1.305180,0.000000,0.505979,1.959672,,,65.647936,118.526316,0.553868,0.000000
kubernetes-default,K8s default,155,155.000,replay,0.967322,0.089801,7,1.305180,0.000000,0.505979,1.959672,,,73.198992,118.526316,0.617576,0.000000
cga,CGA,155,155.000,replay,0.967322,0.089801,7,1.305180,0.000000,0.505979,1.959672,,,68.306820,118.526316,0.576301,0.000000
hda,HDA,155,155.000,replay,0.967322,0.089801,7,1.305180,0.000000,0.505979,1.959672,,,68.056200,118.526316,0.574186,0.000000
kubernetes-default,K8s default,156,156.000,replay,0.896527,0.073187,7,1.305180,0.000000,0.505979,1.959672,,,68.184063,118.526316,0.575265,0.000000
cga,CGA,156,156.000,replay,0.896527,0.073187,7,1.305180,0.000000,0.505979,1.959672,,,67.053795,118.526316,0.565729,0.000000
hda,HDA,156,156.000,replay,0.896527,0.073187,7,1.305180,0.000000,0.505979,1.959672,,,64.639200,118.526316,0.545357,0.000000
kubernetes-default,K8s default,157,157.000,replay,0.873675,0.025489,7,1.305180,0.000000,0.505979,1.959672,,,68.960003,118.526316,0.581812,0.000000
cga,CGA,157,157.000,replay,0.873675,0.025489,7,1.305180,0.000000,0.505979,1.959672,,,63.405650,118.526316,0.534950,0.000000
hda,HDA,157,157.000,replay,0.873675,0.025489,7,1.305180,0.000000,0.505979,1.959672,,,64.203681,118.526316,0.541683,0.000000
kubernetes-default,K8s default,158,158.000,replay,0.906234,0.035927,7,1.305180,0.000000,0.505979,1.959672,,,69.121848,118.526316,0.583177,0.000000
cga,CGA,158,158.000,replay,0.906234,0.035927,7,1.305180,0.000000,0.505979,1.959672,,,66.096942,118.526316,0.557656,0.000000
hda,HDA,158,158.000,replay,0.906234,0.035927,7,1.305180,0.000000,0.505979,1.959672,,,60.150889,118.526316,0.507490,0.000000
kubernetes-default,K8s default,159,159.000,replay,0.912393,0.006751,7,1.305180,0.000000,0.505979,1.959672,,,68.349324,118.526316,0.576659,0.000000
cga,CGA,159,159.000,replay,0.912393,0.006751,7,1.305180,0.000000,0.505979,1.959672,,,62.532343,118.526316,0.527582,0.000000
hda,HDA,159,159.000,replay,0.912393,0.006751,7,1.305180,0.000000,0.505979,1.959672,,,62.929147,118.526316,0.530930,0.000000
kubernetes-default,K8s default,160,160.000,replay,0.933209,0.022306,7,1.305180,0.000000,0.505979,1.959672,,,73.483657,118.526316,0.619978,0.000000
cga,CGA,160,160.000,replay,0.933209,0.022306,7,1.305180,0.000000,0.505979,1.959672,,,64.824790,118.526316,0.546923,0.000000
hda,HDA,160,160.000,replay,0.933209,0.022306,7,1.305180,0.000000,0.505979,1.959672,,,65.810687,118.526316,0.555241,0.000000
kubernetes-default,K8s default,161,161.000,replay,0.890720,0.045530,7,1.305180,0.000000,0.505979,1.959672,,,70.229699,118.526316,0.592524,0.000000
cga,CGA,161,161.000,replay,0.890720,0.045530,7,1.305180,0.000000,0.505979,1.959672,,,68.115174,118.526316,0.574684,0.000000
hda,HDA,161,161.000,replay,0.890720,0.045530,7,1.305180,0.000000,0.505979,1.959672,,,59.200102,118.526316,0.499468,0.000000
kubernetes-default,K8s default,162,162.000,replay,0.945309,0.057747,7,1.305180,0.000000,0.505979,1.959672,,,74.602818,118.526316,0.629420,0.000000
cga,CGA,162,162.000,replay,0.945309,0.057747,7,1.305180,0.000000,0.505979,1.959672,,,67.909231,118.526316,0.572946,0.000000
hda,HDA,162,162.000,replay,0.945309,0.057747,7,1.305180,0.000000,0.505979,1.959672,,,61.448493,118.526316,0.518438,0.000000
kubernetes-default,K8s default,163,163.000,replay,0.949193,0.004093,7,1.305180,0.000000,0.505979,1.959672,,,67.433342,118.526316,0.568931,0.000000
cga,CGA,163,163.000,replay,0.949193,0.004093,7,1.305180,0.000000,0.505979,1.959672,,,67.479271,118.526316,0.569319,0.000000
hda,HDA,163,163.000,replay,0.949193,0.004093,7,1.305180,0.000000,0.505979,1.959672,,,63.936721,118.526316,0.539431,0.000000
kubernetes-default,K8s default,164,164.000,replay,0.892808,0.059404,7,1.305180,0.000000,0.505979,1.959672,,,71.292843,118.526316,0.601494,0.000000
cga,CGA,164,164.000,replay,0.892808,0.059404,7,1.305180,0.000000,0.505979,1.959672,,,66.299359,118.526316,0.559364,0.000000
hda,HDA,164,164.000,replay,0.892808,0.059404,7,1.305180,0.000000,0.505979,1.959672,,,68.086175,118.526316,0.574439,0.000000
kubernetes-default,K8s default,165,165.000,replay,0.894565,0.001964,7,1.305180,0.000000,0.505979,1.959672,,,69.496783,118.526316,0.586341,0.000000
cga,CGA,165,165.000,replay,0.894565,0.001964,7,1.305180,0.000000,0.505979,1.959672,,,66.805373,118.526316,0.563633,0.000000
hda,HDA,165,165.000,replay,0.894565,0.001964,7,1.305180,0.000000,0.505979,1.959672,,,63.587515,118.526316,0.536484,0.000000
kubernetes-default,K8s default,166,166.000,replay,0.847659,0.670852,7,0.901954,0.500000,0.359971,0.105263,,,115.700535,139.526316,0.829238,0.000000
cga,CGA,166,166.000,replay,0.847659,0.670852,7,0.901954,0.500000,0.359971,0.105263,,,105.473807,139.526316,0.755942,0.000000
hda,HDA,166,166.000,replay,0.847659,0.670852,7,0.901954,0.500000,0.359971,0.105263,,,100.441505,139.526316,0.719875,0.000000
kubernetes-default,K8s default,167,167.000,replay,0.855855,0.009577,7,0.901954,0.000000,0.359971,0.105263,,,80.231419,139.526316,0.575027,0.000000
cga,CGA,167,167.000,replay,0.855855,0.009577,7,0.901954,0.000000,0.359971,0.105263,,,79.374885,139.526316,0.568888,0.000000
hda,HDA,167,167.000,replay,0.855855,0.009577,7,0.901954,0.000000,0.359971,0.105263,,,76.900568,139.526316,0.551155,0.000000
kubernetes-default,K8s default,168,168.000,replay,0.871581,0.018043,7,0.901954,0.000000,0.359971,0.105263,,,82.361754,139.526316,0.590295,0.000000
cga,CGA,168,168.000,replay,0.871581,0.018043,7,0.901954,0.000000,0.359971,0.105263,,,82.280205,139.526316,0.589711,0.000000
hda,HDA,168,168.000,replay,0.871581,0.018043,7,0.901954,0.000000,0.359971,0.105263,,,76.277764,139.526316,0.546691,0.000000
kubernetes-default,K8s default,169,169.000,replay,0.917285,0.049826,7,0.901954,0.000000,0.359971,0.105263,,,86.342064,139.526316,0.618823,0.000000
cga,CGA,169,169.000,replay,0.917285,0.049826,7,0.901954,0.000000,0.359971,0.105263,,,80.699315,139.526316,0.578381,0.000000
hda,HDA,169,169.000,replay,0.917285,0.049826,7,0.901954,0.000000,0.359971,0.105263,,,76.203100,139.526316,0.546156,0.000000
kubernetes-default,K8s default,170,170.000,replay,0.862193,0.060061,7,0.901954,0.000000,0.359971,0.105263,,,86.042797,139.526316,0.616678,0.000000
cga,CGA,170,170.000,replay,0.862193,0.060061,7,0.901954,0.000000,0.359971,0.105263,,,81.462835,139.526316,0.583853,0.000000
hda,HDA,170,170.000,replay,0.862193,0.060061,7,0.901954,0.000000,0.359971,0.105263,,,75.885870,139.526316,0.543882,0.000000
kubernetes-default,K8s default,171,171.000,replay,0.885577,0.026406,7,0.901954,0.000000,0.359971,0.105263,,,87.691295,139.526316,0.628493,0.000000
cga,CGA,171,171.000,replay,0.885577,0.026406,7,0.901954,0.000000,0.359971,0.105263,,,81.110948,139.526316,0.581331,0.000000
hda,HDA,171,171.000,replay,0.885577,0.026406,7,0.901954,0.000000,0.359971,0.105263,,,80.139914,139.526316,0.574371,0.000000
kubernetes-default,K8s default,172,172.000,replay,0.831059,0.061562,7,0.901954,0.000000,0.359971,0.105263,,,87.499332,139.526316,0.627117,0.000000
cga,CGA,172,172.000,replay,0.831059,0.061562,7,0.901954,0.000000,0.359971,0.105263,,,81.077741,139.526316,0.581093,0.000000
hda,HDA,172,172.000,replay,0.831059,0.061562,7,0.901954,0.000000,0.359971,0.105263,,,72.568115,139.526316,0.520103,0.000000
kubernetes-default,K8s default,173,173.000,replay,0.902426,0.079083,7,0.901954,0.000000,0.359971,0.105263,,,87.209710,139.526316,0.625041,0.000000
cga,CGA,173,173.000,replay,0.902426,0.079083,7,0.901954,0.000000,0.359971,0.105263,,,84.670406,139.526316,0.606842,0.000000
hda,HDA,173,173.000,replay,0.902426,0.079083,7,0.901954,0.000000,0.359971,0.105263,,,76.651211,139.526316,0.549367,0.000000
kubernetes-default,K8s default,174,174.000,replay,0.891068,0.012585,7,0.901954,0.000000,0.359971,0.105263,,,85.025019,139.526316,0.609383,0.000000
cga,CGA,174,174.000,replay,0.891068,0.012585,7,0.901954,0.000000,0.359971,0.105263,,,87.446947,139.526316,0.626742,0.000000
hda,HDA,174,174.000,replay,0.891068,0.012585,7,0.901954,0.000000,0.359971,0.105263,,,76.616285,139.526316,0.549117,0.000000
kubernetes-default,K8s default,175,175.000,replay,0.869371,0.024350,7,0.901954,0.000000,0.359971,0.105263,,,83.059392,139.526316,0.595296,0.000000
cga,CGA,175,175.000,replay,0.869371,0.024350,7,0.901954,0.000000,0.359971,0.105263,,,77.875918,139.526316,0.558145,0.000000
hda,HDA,175,175.000,replay,0.869371,0.024350,7,0.901954,0.000000,0.359971,0.105263,,,76.419076,139.526316,0.547704,0.000000
kubernetes-default,K8s default,176,176.000,replay,0.863400,0.006867,7,0.901954,0.000000,0.359971,0.105263,,,86.672584,139.526316,0.621192,0.000000
cga,CGA,176,176.000,replay,0.863400,0.006867,7,0.901954,0.000000,0.359971,0.105263,,,78.926891,139.526316,0.565677,0.000000
hda,HDA,176,176.000,replay,0.863400,0.006867,7,0.901954,0.000000,0.359971,0.105263,,,83.560411,139.526316,0.598886,0.000000
kubernetes-default,K8s default,177,177.000,replay,0.855400,0.009266,7,0.901954,0.000000,0.359971,0.105263,,,82.208579,139.526316,0.589198,0.000000
cga,CGA,177,177.000,replay,0.855400,0.009266,7,0.901954,0.000000,0.359971,0.105263,,,78.655127,139.526316,0.563730,0.000000
hda,HDA,177,177.000,replay,0.855400,0.009266,7,0.901954,0.000000,0.359971,0.105263,,,73.539338,139.526316,0.527064,0.000000
kubernetes-default,K8s default,178,178.000,replay,0.858153,0.003207,7,0.901954,0.000000,0.359971,0.105263,,,82.891149,139.526316,0.594090,0.000000
cga,CGA,178,178.000,replay,0.858153,0.003207,7,0.901954,0.000000,0.359971,0.105263,,,78.226731,139.526316,0.560659,0.000000
hda,HDA,178,178.000,replay,0.858153,0.003207,7,0.901954,0.000000,0.359971,0.105263,,,74.625983,139.526316,0.534852,0.000000
kubernetes-default,K8s default,179,179.000,replay,0.907337,0.054208,7,0.901954,0.000000,0.359971,0.105263,,,86.710188,139.526316,0.621461,0.000000
cga,CGA,179,179.000,replay,0.907337,0.054208,7,0.901954,0.000000,0.359971,0.105263,,,80.430823,139.526316,0.576456,0.000000
hda,HDA,179,179.000,replay,0.907337,0.054208,7,0.901954,0.000000,0.359971,0.105263,,,80.376984,139.526316,0.576070,0.000000
kubernetes-default,K8s default,180,180.000,replay,0.838895,0.075432,7,0.901954,0.000000,0.359971,0.105263,,,87.450756,139.526316,0.626769,0.000000
cga,CGA,180,180.000,replay,0.838895,0.075432,7,0.901954,0.000000,0.359971,0.105263,,,78.317778,139.526316,0.561312,0.000000
hda,HDA,180,180.000,replay,0.838895,0.075432,7,0.901954,0.000000,0.359971,0.105263,,,78.615771,139.526316,0.563448,0.000000
kubernetes-default,K8s default,181,181.000,replay,0.834388,0.005372,7,0.901954,0.000000,0.359971,0.105263,,,79.051952,139.526316,0.566574,0.000000
cga,CGA,181,181.000,replay,0.834388,0.005372,7,0.901954,0.000000,0.359971,0.105263,,,77.225877,139.526316,0.553486,0.000000
hda,HDA,181,181.000,replay,0.834388,0.005372,7,0.901954,0.000000,0.359971,0.105263,,,76.717583,139.526316,0.549843,0.000000
kubernetes-default,K8s default,182,182.000,replay,0.857389,0.026826,7,0.901954,0.000000,0.359971,0.105263,,,83.044538,139.526316,0.595189,0.000000
cga,CGA,182,182.000,replay,0.857389,0.026826,7,0.901954,0.000000,0.359971,0.105263,,,78.913945,139.526316,0.565585,0.000000
hda,HDA,182,182.000,replay,0.857389,0.026826,7,0.901954,0.000000,0.359971,0.105263,,,76.718175,139.526316,0.549847,0.000000
kubernetes-default,K8s default,183,183.000,replay,0.868232,0.012489,7,0.901954,0.000000,0.359971,0.105263,,,87.712146,139.526316,0.628642,0.000000
cga,CGA,183,183.000,replay,0.868232,0.012489,7,0.901954,0.000000,0.359971,0.105263,,,79.950689,139.526316,0.573015,0.000000
hda,HDA,183,183.000,replay,0.868232,0.012489,7,0.901954,0.000000,0.359971,0.105263,,,81.382300,139.526316,0.583276,0.000000
kubernetes-default,K8s default,184,184.000,replay,0.816050,0.060102,7,0.901954,0.000000,0.359971,0.105263,,,80.375869,139.526316,0.576062,0.000000
cga,CGA,184,184.000,replay,0.816050,0.060102,7,0.901954,0.000000,0.359971,0.105263,,,76.842169,139.526316,0.550736,0.000000
hda,HDA,184,184.000,replay,0.816050,0.060102,7,0.901954,0.000000,0.359971,0.105263,,,84.672888,139.526316,0.606860,0.000000
kubernetes-default,K8s default,185,185.000,replay,0.852749,0.043036,7,0.901954,0.000000,0.359971,0.105263,,,82.674079,139.526316,0.592534,0.000000
cga,CGA,185,185.000,replay,0.852749,0.043036,7,0.901954,0.000000,0.359971,0.105263,,,79.632423,139.526316,0.570734,0.000000
hda,HDA,185,185.000,replay,0.852749,0.043036,7,0.901954,0.000000,0.359971,0.105263,,,74.071967,139.526316,0.530882,0.000000
kubernetes-default,K8s default,186,186.000,replay,0.887044,0.038663,7,0.901954,0.000000,0.359971,0.105263,,,85.227108,139.526316,0.610832,0.000000
cga,CGA,186,186.000,replay,0.887044,0.038663,7,0.901954,0.000000,0.359971,0.105263,,,81.731545,139.526316,0.585779,0.000000
hda,HDA,186,186.000,replay,0.887044,0.038663,7,0.901954,0.000000,0.359971,0.105263,,,73.761302,139.526316,0.528655,0.000000
kubernetes-default,K8s default,187,187.000,replay,0.875678,0.012813,7,0.901954,0.000000,0.359971,0.105263,,,87.520224,139.526316,0.627267,0.000000
cga,CGA,187,187.000,replay,0.875678,0.012813,7,0.901954,0.000000,0.359971,0.105263,,,80.935878,139.526316,0.580076,0.000000
hda,HDA,187,187.000,replay,0.875678,0.012813,7,0.901954,0.000000,0.359971,0.105263,,,76.163628,139.526316,0.545873,0.000000
kubernetes-default,K8s default,188,188.000,replay,0.834874,0.046598,7,0.901954,0.000000,0.359971,0.105263,,,91.022033,139.526316,0.652365,0.000000
cga,CGA,188,188.000,replay,0.834874,0.046598,7,0.901954,0.000000,0.359971,0.105263,,,79.264011,139.526316,0.568094,0.000000
hda,HDA,188,188.000,replay,0.834874,0.046598,7,0.901954,0.000000,0.359971,0.105263,,,77.341055,139.526316,0.554312,0.000000
kubernetes-default,K8s default,189,189.000,replay,0.819781,0.018078,7,0.901954,0.000000,0.359971,0.105263,,,83.783350,139.526316,0.600484,0.000000
cga,CGA,189,189.000,replay,0.819781,0.018078,7,0.901954,0.000000,0.359971,0.105263,,,80.486060,139.526316,0.576852,0.000000
hda,HDA,189,189.000,replay,0.819781,0.018078,7,0.901954,0.000000,0.359971,0.105263,,,75.734779,139.526316,0.542799,0.000000
kubernetes-default,K8s default,190,190.000,replay,0.846083,0.031087,7,0.901954,0.000000,0.359971,0.105263,,,84.487894,139.526316,0.605534,0.000000
cga,CGA,190,190.000,replay,0.846083,0.031087,7,0.901954,0.000000,0.359971,0.105263,,,76.387755,139.526316,0.547479,0.000000
hda,HDA,190,190.000,replay,0.846083,0.031087,7,0.901954,0.000000,0.359971,0.105263,,,77.485724,139.526316,0.555348,0.000000
kubernetes-default,K8s default,191,191.000,replay,0.789077,0.067376,7,0.901954,0.000000,0.359971,0.105263,,,85.534976,139.526316,0.613038,0.000000
cga,CGA,191,191.000,replay,0.789077,0.067376,7,0.901954,0.000000,0.359971,0.105263,,,77.258943,139.526316,0.553723,0.000000
hda,HDA,191,191.000,replay,0.789077,0.067376,7,0.901954,0.000000,0.359971,0.105263,,,74.893736,139.526316,0.536771,0.000000
kubernetes-default,K8s default,192,192.000,replay,0.872131,0.095231,7,0.901954,0.000000,0.359971,0.105263,,,89.589237,139.526316,0.642096,0.000000
cga,CGA,192,192.000,replay,0.872131,0.095231,7,0.901954,0.000000,0.359971,0.105263,,,83.806417,139.526316,0.600650,0.000000
hda,HDA,192,192.000,replay,0.872131,0.095231,7,0.901954,0.000000,0.359971,0.105263,,,80.085921,139.526316,0.573984,0.000000
kubernetes-default,K8s default,193,193.000,replay,0.790988,0.093040,7,0.901954,0.000000,0.359971,0.105263,,,89.395266,139.526316,0.640705,0.000000
cga,CGA,193,193.000,replay,0.790988,0.093040,7,0.901954,0.000000,0.359971,0.105263,,,82.131557,139.526316,0.588646,0.000000
hda,HDA,193,193.000,replay,0.790988,0.093040,7,0.901954,0.000000,0.359971,0.105263,,,78.697287,139.526316,0.564032,0.000000
kubernetes-default,K8s default,194,194.000,replay,0.837405,0.055429,7,0.901954,0.000000,0.359971,0.105263,,,87.006857,139.526316,0.623587,0.000000
cga,CGA,194,194.000,replay,0.837405,0.055429,7,0.901954,0.000000,0.359971,0.105263,,,79.349033,139.526316,0.568703,0.000000
hda,HDA,194,194.000,replay,0.837405,0.055429,7,0.901954,0.000000,0.359971,0.105263,,,76.545008,139.526316,0.548606,0.000000
kubernetes-default,K8s default,195,195.000,replay,0.847662,0.012101,7,0.901954,0.000000,0.359971,0.105263,,,83.072144,139.526316,0.595387,0.000000
cga,CGA,195,195.000,replay,0.847662,0.012101,7,0.901954,0.000000,0.359971,0.105263,,,78.076080,139.526316,0.559580,0.000000
hda,HDA,195,195.000,replay,0.847662,0.012101,7,0.901954,0.000000,0.359971,0.105263,,,78.628095,139.526316,0.563536,0.000000
kubernetes-default,K8s default,196,196.000,replay,0.785774,0.073011,7,0.901954,0.000000,0.359971,0.105263,,,88.756635,139.526316,0.636128,0.000000
cga,CGA,196,196.000,replay,0.785774,0.073011,7,0.901954,0.000000,0.359971,0.105263,,,75.726191,139.526316,0.542738,0.000000
hda,HDA,196,196.000,replay,0.785774,0.073011,7,0.901954,0.000000,0.359971,0.105263,,,76.166056,139.526316,0.545890,0.000000
kubernetes-default,K8s default,197,197.000,replay,0.798192,0.015558,7,0.901954,0.000000,0.359971,0.105263,,,82.696624,139.526316,0.592696,0.000000
cga,CGA,197,197.000,replay,0.798192,0.015558,7,0.901954,0.000000,0.359971,0.105263,,,73.253757,139.526316,0.525017,0.000000
hda,HDA,197,197.000,replay,0.798192,0.015558,7,0.901954,0.000000,0.359971,0.105263,,,77.847898,139.526316,0.557944,0.000000
kubernetes-default,K8s default,198,198.000,replay,0.839866,0.049620,7,0.901954,0.000000,0.359971,0.105263,,,84.057894,139.526316,0.602452,0.000000
cga,CGA,198,198.000,replay,0.839866,0.049620,7,0.901954,0.000000,0.359971,0.105263,,,79.778998,139.526316,0.571785,0.000000
hda,HDA,198,198.000,replay,0.839866,0.049620,7,0.901954,0.000000,0.359971,0.105263,,,79.050305,139.526316,0.566562,0.000000
kubernetes-default,K8s default,199,199.000,replay,0.820397,0.023181,7,0.901954,0.000000,0.359971,0.105263,,,77.512459,139.526316,0.555540,0.000000
cga,CGA,199,199.000,replay,0.820397,0.023181,7,0.901954,0.000000,0.359971,0.105263,,,76.111894,139.526316,0.545502,0.000000
hda,HDA,199,199.000,replay,0.820397,0.023181,7,0.901954,0.000000,0.359971,0.105263,,,72.832024,139.526316,0.521995,0.000000
kubernetes-default,K8s default,200,200.000,replay,0.790960,0.035881,7,0.901954,0.000000,0.359971,0.105263,,,83.477323,139.526316,0.598291,0.000000
cga,CGA,200,200.000,replay,0.790960,0.035881,7,0.901954,0.000000,0.359971,0.105263,,,77.495943,139.526316,0.555422,0.000000
hda,HDA,200,200.000,replay,0.790960,0.035881,7,0.901954,0.000000,0.359971,0.105263,,,77.813325,139.526316,0.557696,0.000000
kubernetes-default,K8s default,201,201.000,replay,0.800558,0.011989,7,0.901954,0.000000,0.359971,0.105263,,,81.789847,139.526316,0.586197,0.000000
cga,CGA,201,201.000,replay,0.800558,0.011989,7,0.901954,0.000000,0.359971,0.105263,,,80.774793,139.526316,0.578922,0.000000
hda,HDA,201,201.000,replay,0.800558,0.011989,7,0.901954,0.000000,0.359971,0.105263,,,76.837393,139.526316,0.550702,0.000000
kubernetes-default,K8s default,202,202.000,replay,0.833734,0.039792,7,0.901954,0.000000,0.359971,0.105263,,,85.011103,139.526316,0.609284,0.000000
cga,CGA,202,202.000,replay,0.833734,0.039792,7,0.901954,0.000000,0.359971,0.105263,,,81.899374,139.526316,0.586982,0.000000
hda,HDA,202,202.000,replay,0.833734,0.039792,7,0.901954,0.000000,0.359971,0.105263,,,77.218920,139.526316,0.553436,0.000000
kubernetes-default,K8s default,203,203.000,replay,0.826743,0.008386,7,0.901954,0.000000,0.359971,0.105263,,,80.749402,139.526316,0.578740,0.000000
cga,CGA,203,203.000,replay,0.826743,0.008386,7,0.901954,0.000000,0.359971,0.105263,,,78.248784,139.526316,0.560817,0.000000
hda,HDA,203,203.000,replay,0.826743,0.008386,7,0.901954,0.000000,0.359971,0.105263,,,76.693534,139.526316,0.549671,0.000000
kubernetes-default,K8s default,204,204.000,replay,0.812570,0.017143,7,0.901954,0.000000,0.359971,0.105263,,,83.102019,139.526316,0.595601,0.000000
cga,CGA,204,204.000,replay,0.812570,0.017143,7,0.901954,0.000000,0.359971,0.105263,,,78.793322,139.526316,0.564720,0.000000
hda,HDA,204,204.000,replay,0.812570,0.017143,7,0.901954,0.000000,0.359971,0.105263,,,72.593000,139.526316,0.520282,0.000000
kubernetes-default,K8s default,205,205.000,replay,0.791224,0.026270,7,0.901954,0.000000,0.359971,0.105263,,,87.604203,139.526316,0.627869,0.000000
cga,CGA,205,205.000,replay,0.791224,0.026270,7,0.901954,0.000000,0.359971,0.105263,,,76.228446,139.526316,0.546337,0.000000
hda,HDA,205,205.000,replay,0.791224,0.026270,7,0.901954,0.000000,0.359971,0.105263,,,74.812616,139.526316,0.536190,0.000000
kubernetes-default,K8s default,206,206.000,replay,0.821218,0.036525,7,0.901954,0.000000,0.359971,0.105263,,,80.767401,139.526316,0.578869,0.000000
cga,CGA,206,206.000,replay,0.821218,0.036525,7,0.901954,0.000000,0.359971,0.105263,,,81.235476,139.526316,0.582223,0.000000
hda,HDA,206,206.000,replay,0.821218,0.036525,7,0.901954,0.000000,0.359971,0.105263,,,76.983329,139.526316,0.551748,0.000000
kubernetes-default,K8s default,207,207.000,replay,0.745364,0.092368,7,0.901954,0.000000,0.359971,0.105263,,,81.367542,139.526316,0.583170,0.000000
cga,CGA,207,207.000,replay,0.745364,0.092368,7,0.901954,0.000000,0.359971,0.105263,,,81.550360,139.526316,0.584480,0.000000
hda,HDA,207,207.000,replay,0.745364,0.092368,7,0.901954,0.000000,0.359971,0.105263,,,70.603076,139.526316,0.506020,0.000000
kubernetes-default,K8s default,208,208.000,replay,0.795785,0.063360,7,0.901954,0.000000,0.359971,0.105263,,,87.602566,139.526316,0.627857,0.000000
cga,CGA,208,208.000,replay,0.795785,0.063360,7,0.901954,0.000000,0.359971,0.105263,,,78.606976,139.526316,0.563385,0.000000
hda,HDA,208,208.000,replay,0.795785,0.063360,7,0.901954,0.000000,0.359971,0.105263,,,77.349173,139.526316,0.554370,0.000000
kubernetes-default,K8s default,209,209.000,replay,0.769323,0.033253,7,0.901954,0.000000,0.359971,0.105263,,,82.071547,139.526316,0.588216,0.000000
cga,CGA,209,209.000,replay,0.769323,0.033253,7,0.901954,0.000000,0.359971,0.105263,,,77.386885,139.526316,0.554640,0.000000
hda,HDA,209,209.000,replay,0.769323,0.033253,7,0.901954,0.000000,0.359971,0.105263,,,76.938944,139.526316,0.551430,0.000000
kubernetes-default,K8s default,210,210.000,replay,0.825391,0.067930,7,0.901954,0.000000,0.359971,0.105263,,,84.151826,139.526316,0.603125,0.000000
cga,CGA,210,210.000,replay,0.825391,0.067930,7,0.901954,0.000000,0.359971,0.105263,,,79.300116,139.526316,0.568352,0.000000
hda,HDA,210,210.000,replay,0.825391,0.067930,7,0.901954,0.000000,0.359971,0.105263,,,76.608860,139.526316,0.549064,0.000000
kubernetes-default,K8s default,211,211.000,replay,0.775547,0.060389,7,0.901954,0.000000,0.359971,0.105263,,,81.217982,139.526316,0.582098,0.000000
cga,CGA,211,211.000,replay,0.775547,0.060389,7,0.901954,0.000000,0.359971,0.105263,,,78.639394,139.526316,0.563617,0.000000
hda,HDA,211,211.000,replay,0.775547,0.060389,7,0.901954,0.000000,0.359971,0.105263,,,68.691481,139.526316,0.492319,0.000000
kubernetes-default,K8s default,212,212.000,replay,0.766318,0.011899,7,0.901954,0.000000,0.359971,0.105263,,,76.472061,139.526316,0.548083,0.000000
cga,CGA,212,212.000,replay,0.766318,0.011899,7,0.901954,0.000000,0.359971,0.105263,,,76.443902,139.526316,0.547882,0.000000
hda,HDA,212,212.000,replay,0.766318,0.011899,7,0.901954,0.000000,0.359971,0.105263,,,71.396487,139.526316,0.511706,0.000000
kubernetes-default,K8s default,213,213.000,replay,0.775143,0.011384,7,0.901954,0.000000,0.359971,0.105263,,,82.437284,139.526316,0.590837,0.000000
cga,CGA,213,213.000,replay,0.775143,0.011384,7,0.901954,0.000000,0.359971,0.105263,,,76.617983,139.526316,0.549129,0.000000
hda,HDA,213,213.000,replay,0.775143,0.011384,7,0.901954,0.000000,0.359971,0.105263,,,76.769697,139.526316,0.550217,0.000000
kubernetes-default,K8s default,214,214.000,replay,0.743316,0.041060,7,0.901954,0.000000,0.359971,0.105263,,,80.813814,139.526316,0.579201,0.000000
cga,CGA,214,214.000,replay,0.743316,0.041060,7,0.901954,0.000000,0.359971,0.105263,,,76.774366,139.526316,0.550250,0.000000
hda,HDA,214,214.000,replay,0.743316,0.041060,7,0.901954,0.000000,0.359971,0.105263,,,74.814997,139.526316,0.536207,0.000000
kubernetes-default,K8s default,215,215.000,replay,0.754333,0.014605,7,0.901954,0.000000,0.359971,0.105263,,,82.446535,139.526316,0.590903,0.000000
cga,CGA,215,215.000,replay,0.754333,0.014605,7,0.901954,0.000000,0.359971,0.105263,,,76.079477,139.526316,0.545270,0.000000
hda,HDA,215,215.000,replay,0.754333,0.014605,7,0.901954,0.000000,0.359971,0.105263,,,77.768580,139.526316,0.557376,0.000000
kubernetes-default,K8s default,216,216.000,replay,0.787224,0.041781,7,0.901954,0.000000,0.359971,0.105263,,,85.842930,139.526316,0.615245,0.000000
cga,CGA,216,216.000,replay,0.787224,0.041781,7,0.901954,0.000000,0.359971,0.105263,,,79.480713,139.526316,0.569647,0.000000
hda,HDA,216,216.000,replay,0.787224,0.041781,7,0.901954,0.000000,0.359971,0.105263,,,72.161742,139.526316,0.517191,0.000000
kubernetes-default,K8s default,217,217.000,replay,0.783122,0.005211,7,0.901954,0.000000,0.359971,0.105263,,,82.026604,139.526316,0.587893,0.000000
cga,CGA,217,217.000,replay,0.783122,0.005211,7,0.901954,0.000000,0.359971,0.105263,,,77.998203,139.526316,0.559021,0.000000
hda,HDA,217,217.000,replay,0.783122,0.005211,7,0.901954,0.000000,0.359971,0.105263,,,77.655950,139.526316,0.556568,0.000000
kubernetes-default,K8s default,218,218.000,replay,0.734175,0.062502,7,0.901954,0.000000,0.359971,0.105263,,,82.426044,139.526316,0.590756,0.000000
cga,CGA,218,218.000,replay,0.734175,0.062502,7,0.901954,0.000000,0.359971,0.105263,,,75.001626,139.526316,0.537545,0.000000
hda,HDA,218,218.000,replay,0.734175,0.062502,7,0.901954,0.000000,0.359971,0.105263,,,75.666866,139.526316,0.542313,0.000000
kubernetes-default,K8s default,219,219.000,replay,0.731442,0.003723,7,0.901954,0.000000,0.359971,0.105263,,,80.212093,139.526316,0.574889,0.000000
cga,CGA,219,219.000,replay,0.731442,0.003723,7,0.901954,0.000000,0.359971,0.105263,,,76.156883,139.526316,0.545825,0.000000
hda,HDA,219,219.000,replay,0.731442,0.003723,7,0.901954,0.000000,0.359971,0.105263,,,72.730037,139.526316,0.521264,0.000000
kubernetes-default,K8s default,220,220.000,replay,0.788730,0.072634,7,0.901954,0.000000,0.359971,0.105263,,,86.281851,139.526316,0.618391,0.000000
cga,CGA,220,220.000,replay,0.788730,0.072634,7,0.901954,0.000000,0.359971,0.105263,,,79.846147,139.526316,0.572266,0.000000
hda,HDA,220,220.000,replay,0.788730,0.072634,7,0.901954,0.000000,0.359971,0.105263,,,72.263741,139.526316,0.517922,0.000000
kubernetes-default,K8s default,221,221.000,replay,0.730751,0.073510,7,0.901954,0.000000,0.359971,0.105263,,,85.421854,139.526316,0.612228,0.000000
cga,CGA,221,221.000,replay,0.730751,0.073510,7,0.901954,0.000000,0.359971,0.105263,,,75.439733,139.526316,0.540685,0.000000
hda,HDA,221,221.000,replay,0.730751,0.073510,7,0.901954,0.000000,0.359971,0.105263,,,77.770761,139.526316,0.557391,0.000000
kubernetes-default,K8s default,222,222.000,replay,0.755919,0.033295,7,0.901954,0.000000,0.359971,0.105263,,,78.783945,139.526316,0.564653,0.000000
cga,CGA,222,222.000,replay,0.755919,0.033295,7,0.901954,0.000000,0.359971,0.105263,,,77.213335,139.526316,0.553396,0.000000
hda,HDA,222,222.000,replay,0.755919,0.033295,7,0.901954,0.000000,0.359971,0.105263,,,76.090900,139.526316,0.545352,0.000000
kubernetes-default,K8s default,223,223.000,replay,0.726193,0.039324,7,0.901954,0.000000,0.359971,0.105263,,,82.218474,139.526316,0.589269,0.000000
cga,CGA,223,223.000,replay,0.726193,0.039324,7,0.901954,0.000000,0.359971,0.105263,,,73.956065,139.526316,0.530051,0.000000
hda,HDA,223,223.000,replay,0.726193,0.039324,7,0.901954,0.000000,0.359971,0.105263,,,73.993567,139.526316,0.530320,0.000000
kubernetes-default,K8s default,224,224.000,replay,0.776967,0.065348,7,0.901954,0.000000,0.359971,0.105263,,,81.339163,139.526316,0.582966,0.000000
cga,CGA,224,224.000,replay,0.776967,0.065348,7,0.901954,0.000000,0.359971,0.105263,,,81.084818,139.526316,0.581144,0.000000
hda,HDA,224,224.000,replay,0.776967,0.065348,7,0.901954,0.000000,0.359971,0.105263,,,77.501680,139.526316,0.555463,0.000000
kubernetes-default,K8s default,225,225.000,replay,0.710016,0.086170,7,0.901954,0.000000,0.359971,0.105263,,,80.783920,139.526316,0.578987,0.000000
cga,CGA,225,225.000,replay,0.710016,0.086170,7,0.901954,0.000000,0.359971,0.105263,,,77.993142,139.526316,0.558985,0.000000
hda,HDA,225,225.000,replay,0.710016,0.086170,7,0.901954,0.000000,0.359971,0.105263,,,75.544196,139.526316,0.541433,0.000000
kubernetes-default,K8s default,226,226.000,replay,0.749012,0.052063,7,0.901954,0.000000,0.359971,0.105263,,,79.210328,139.526316,0.567709,0.000000
cga,CGA,226,226.000,replay,0.749012,0.052063,7,0.901954,0.000000,0.359971,0.105263,,,75.967062,139.526316,0.544464,0.000000
hda,HDA,226,226.000,replay,0.749012,0.052063,7,0.901954,0.000000,0.359971,0.105263,,,75.661049,139.526316,0.542271,0.000000
kubernetes-default,K8s default,227,227.000,replay,0.767986,0.024707,7,0.901954,0.000000,0.359971,0.105263,,,84.355431,139.526316,0.604584,0.000000
cga,CGA,227,227.000,replay,0.767986,0.024707,7,0.901954,0.000000,0.359971,0.105263,,,73.913731,139.526316,0.529748,0.000000
hda,HDA,227,227.000,replay,0.767986,0.024707,7,0.901954,0.000000,0.359971,0.105263,,,70.747514,139.526316,0.507055,0.000000
kubernetes-default,K8s default,228,228.000,replay,0.718368,0.064608,7,0.901954,0.000000,0.359971,0.105263,,,84.014555,139.526316,0.602141,0.000000
cga,CGA,228,228.000,replay,0.718368,0.064608,7,0.901954,0.000000,0.359971,0.105263,,,75.838805,139.526316,0.543545,0.000000
hda,HDA,228,228.000,replay,0.718368,0.064608,7,0.901954,0.000000,0.359971,0.105263,,,72.388602,139.526316,0.518817,0.000000
kubernetes-default,K8s default,229,229.000,replay,0.731059,0.017359,7,0.901954,0.000000,0.359971,0.105263,,,84.136404,139.526316,0.603015,0.000000
cga,CGA,229,229.000,replay,0.731059,0.017359,7,0.901954,0.000000,0.359971,0.105263,,,80.452653,139.526316,0.576613,0.000000
hda,HDA,229,229.000,replay,0.731059,0.017359,7,0.901954,0.000000,0.359971,0.105263,,,68.548590,139.526316,0.491295,0.000000
kubernetes-default,K8s default,230,230.000,replay,0.682086,0.066989,7,0.901954,0.000000,0.359971,0.105263,,,79.153553,139.526316,0.567302,0.000000
cga,CGA,230,230.000,replay,0.682086,0.066989,7,0.901954,0.000000,0.359971,0.105263,,,78.300321,139.526316,0.561187,0.000000
hda,HDA,230,230.000,replay,0.682086,0.066989,7,0.901954,0.000000,0.359971,0.105263,,,73.256181,139.526316,0.525035,0.000000
kubernetes-default,K8s default,231,231.000,replay,0.707426,0.035821,7,0.901954,0.000000,0.359971,0.105263,,,78.247436,139.526316,0.560808,0.000000
cga,CGA,231,231.000,replay,0.707426,0.035821,7,0.901954,0.000000,0.359971,0.105263,,,71.184089,139.526316,0.510184,0.000000
hda,HDA,231,231.000,replay,0.707426,0.035821,7,0.901954,0.000000,0.359971,0.105263,,,74.844723,139.526316,0.536420,0.000000
kubernetes-default,K8s default,232,232.000,replay,0.725074,0.024339,7,0.901954,0.000000,0.359971,0.105263,,,79.193050,139.526316,0.567585,0.000000
cga,CGA,232,232.000,replay,0.725074,0.024339,7,0.901954,0.000000,0.359971,0.105263,,,67.257603,139.526316,0.482042,0.000000
hda,HDA,232,232.000,replay,0.725074,0.024339,7,0.901954,0.000000,0.359971,0.105263,,,72.244301,139.526316,0.517783,0.000000
kubernetes-default,K8s default,233,233.000,replay,0.702221,0.031518,7,0.901954,0.000000,0.359971,0.105263,,,82.042789,139.526316,0.588009,0.000000
cga,CGA,233,233.000,replay,0.702221,0.031518,7,0.901954,0.000000,0.359971,0.105263,,,78.419790,139.526316,0.562043,0.000000
hda,HDA,233,233.000,replay,0.702221,0.031518,7,0.901954,0.000000,0.359971,0.105263,,,76.034723,139.526316,0.544949,0.000000
kubernetes-default,K8s default,234,234.000,replay,0.737885,0.048333,7,0.901954,0.000000,0.359971,0.105263,,,81.197069,139.526316,0.581948,0.000000
cga,CGA,234,234.000,replay,0.737885,0.048333,7,0.901954,0.000000,0.359971,0.105263,,,72.791552,139.526316,0.521705,0.000000
hda,HDA,234,234.000,replay,0.737885,0.048333,7,0.901954,0.000000,0.359971,0.105263,,,73.900347,139.526316,0.529652,0.000000
kubernetes-default,K8s default,235,235.000,replay,0.684309,0.072608,7,0.901954,0.000000,0.359971,0.105263,,,86.635838,139.526316,0.620928,0.000000
cga,CGA,235,235.000,replay,0.684309,0.072608,7,0.901954,0.000000,0.359971,0.105263,,,76.094122,139.526316,0.545375,0.000000
hda,HDA,235,235.000,replay,0.684309,0.072608,7,0.901954,0.000000,0.359971,0.105263,,,74.012835,139.526316,0.530458,0.000000
kubernetes-default,K8s default,236,236.000,replay,0.681344,0.004332,7,0.901954,0.000000,0.359971,0.105263,,,76.856992,139.526316,0.550842,0.000000
cga,CGA,236,236.000,replay,0.681344,0.004332,7,0.901954,0.000000,0.359971,0.105263,,,75.168851,139.526316,0.538743,0.000000
hda,HDA,236,236.000,replay,0.681344,0.004332,7,0.901954,0.000000,0.359971,0.105263,,,67.907503,139.526316,0.486700,0.000000
kubernetes-default,K8s default,237,237.000,replay,0.684168,0.004127,7,0.901954,0.000000,0.359971,0.105263,,,79.110853,139.526316,0.566996,0.000000
cga,CGA,237,237.000,replay,0.684168,0.004127,7,0.901954,0.000000,0.359971,0.105263,,,72.682357,139.526316,0.520922,0.000000
hda,HDA,237,237.000,replay,0.684168,0.004127,7,0.901954,0.000000,0.359971,0.105263,,,67.369167,139.526316,0.482842,0.000000
kubernetes-default,K8s default,238,238.000,replay,0.697216,0.018714,7,0.901954,0.000000,0.359971,0.105263,,,82.749365,139.526316,0.593074,0.000000
cga,CGA,238,238.000,replay,0.697216,0.018714,7,0.901954,0.000000,0.359971,0.105263,,,73.385581,139.526316,0.525962,0.000000
hda,HDA,238,238.000,replay,0.697216,0.018714,7,0.901954,0.000000,0.359971,0.105263,,,73.673161,139.526316,0.528023,0.000000
kubernetes-default,K8s default,239,239.000,replay,0.679736,0.025071,7,0.901954,0.000000,0.359971,0.105263,,,74.925453,139.526316,0.536999,0.000000
cga,CGA,239,239.000,replay,0.679736,0.025071,7,0.901954,0.000000,0.359971,0.105263,,,71.999509,139.526316,0.516028,0.000000
hda,HDA,239,239.000,replay,0.679736,0.025071,7,0.901954,0.000000,0.359971,0.105263,,,70.651881,139.526316,0.506370,0.000000
kubernetes-default,K8s default,240,240.000,replay,0.713501,0.047323,7,0.901954,0.000000,0.359971,0.105263,,,82.853342,139.526316,0.593819,0.000000
cga,CGA,240,240.000,replay,0.713501,0.047323,7,0.901954,0.000000,0.359971,0.105263,,,75.637218,139.526316,0.542100,0.000000
hda,HDA,240,240.000,replay,0.713501,0.047323,7,0.901954,0.000000,0.359971,0.105263,,,66.067030,139.526316,0.473509,0.000000
kubernetes-default,K8s default,241,241.000,replay,0.684630,0.040464,7,0.901954,0.000000,0.359971,0.105263,,,80.018511,139.526316,0.573501,0.000000
cga,CGA,241,241.000,replay,0.684630,0.040464,7,0.901954,0.000000,0.359971,0.105263,,,80.251078,139.526316,0.575168,0.000000
hda,HDA,241,241.000,replay,0.684630,0.040464,7,0.901954,0.000000,0.359971,0.105263,,,70.872523,139.526316,0.507951,0.000000
kubernetes-default,K8s default,242,242.000,replay,0.651524,0.048357,7,0.901954,0.000000,0.359971,0.105263,,,77.214249,139.526316,0.553403,0.000000
cga,CGA,242,242.000,replay,0.651524,0.048357,7,0.901954,0.000000,0.359971,0.105263,,,74.679363,139.526316,0.535235,0.000000
hda,HDA,242,242.000,replay,0.651524,0.048357,7,0.901954,0.000000,0.359971,0.105263,,,71.028965,139.526316,0.509072,0.000000
kubernetes-default,K8s default,243,243.000,replay,0.738499,0.117774,7,0.901954,0.000000,0.359971,0.105263,,,83.619095,139.526316,0.599307,0.000000
cga,CGA,243,243.000,replay,0.738499,0.117774,7,0.901954,0.000000,0.359971,0.105263,,,81.958632,139.526316,0.587406,0.000000
hda,HDA,243,243.000,replay,0.738499,0.117774,7,0.901954,0.000000,0.359971,0.105263,,,72.290659,139.526316,0.518115,0.000000
kubernetes-default,K8s default,244,244.000,replay,0.681358,0.077375,7,0.901954,0.000000,0.359971,0.105263,,,80.511470,139.526316,0.577034,0.000000
cga,CGA,244,244.000,replay,0.681358,0.077375,7,0.901954,0.000000,0.359971,0.105263,,,76.787230,139.526316,0.550342,0.000000
hda,HDA,244,244.000,replay,0.681358,0.077375,7,0.901954,0.000000,0.359971,0.105263,,,69.650316,139.526316,0.499191,0.000000
kubernetes-default,K8s default,245,245.000,replay,0.685615,0.006209,7,0.901954,0.000000,0.359971,0.105263,,,80.638890,139.526316,0.577948,0.000000
cga,CGA,245,245.000,replay,0.685615,0.006209,7,0.901954,0.000000,0.359971,0.105263,,,73.041298,139.526316,0.523495,0.000000
hda,HDA,245,245.000,replay,0.685615,0.006209,7,0.901954,0.000000,0.359971,0.105263,,,69.808580,139.526316,0.500326,0.000000
kubernetes-default,K8s default,246,246.000,replay,0.697976,0.017709,7,0.901954,0.000000,0.359971,0.105263,,,80.049793,139.526316,0.573725,0.000000
cga,CGA,246,246.000,replay,0.697976,0.017709,7,0.901954,0.000000,0.359971,0.105263,,,77.159057,139.526316,0.553007,0.000000
hda,HDA,246,246.000,replay,0.697976,0.017709,7,0.901954,0.000000,0.359971,0.105263,,,71.858077,139.526316,0.515015,0.000000
kubernetes-default,K8s default,247,247.000,replay,0.664239,0.048335,7,0.901954,0.000000,0.359971,0.105263,,,75.285901,139.526316,0.539582,0.000000
cga,CGA,247,247.000,replay,0.664239,0.048335,7,0.901954,0.000000,0.359971,0.105263,,,82.450683,139.526316,0.590933,0.000000
hda,HDA,247,247.000,replay,0.664239,0.048335,7,0.901954,0.000000,0.359971,0.105263,,,69.909669,139.526316,0.501050,0.000000
kubernetes-default,K8s default,248,248.000,replay,0.650969,0.019978,7,0.901954,0.000000,0.359971,0.105263,,,75.733880,139.526316,0.542793,0.000000
cga,CGA,248,248.000,replay,0.650969,0.019978,7,0.901954,0.000000,0.359971,0.105263,,,72.634524,139.526316,0.520579,0.000000
hda,HDA,248,248.000,replay,0.650969,0.019978,7,0.901954,0.000000,0.359971,0.105263,,,69.484024,139.526316,0.497999,0.000000
kubernetes-default,K8s default,249,249.000,replay,0.648033,0.776419,6,1.305180,0.800000,0.397342,0.295175,,,111.115198,146.526316,0.758329,0.000000
cga,CGA,249,249.000,replay,0.648033,0.776419,6,1.305180,0.800000,0.397342,0.295175,,,107.264896,146.526316,0.732052,0.000000
hda,HDA,249,249.000,replay,0.648033,0.776419,6,1.305180,0.800000,0.397342,0.295175,,,104.191864,146.526316,0.711080,0.000000
kubernetes-default,K8s default,250,250.000,replay,0.644788,0.005008,6,1.305180,0.000000,0.397342,0.295175,,,80.529193,146.526316,0.549589,0.000000
cga,CGA,250,250.000,replay,0.644788,0.005008,6,1.305180,0.000000,0.397342,0.295175,,,75.936925,146.526316,0.518248,0.000000
hda,HDA,250,250.000,replay,0.644788,0.005008,6,1.305180,0.000000,0.397342,0.295175,,,67.355535,146.526316,0.459682,0.000000
kubernetes-default,K8s default,251,251.000,replay,0.643472,0.002041,6,1.305180,0.000000,0.397342,0.295175,,,75.041113,146.526316,0.512134,0.000000
cga,CGA,251,251.000,replay,0.643472,0.002041,6,1.305180,0.000000,0.397342,0.295175,,,78.258361,146.526316,0.534091,0.000000
hda,HDA,251,251.000,replay,0.643472,0.002041,6,1.305180,0.000000,0.397342,0.295175,,,72.817107,146.526316,0.496956,0.000000
kubernetes-default,K8s default,252,252.000,replay,0.635259,0.012764,6,1.305180,0.000000,0.397342,0.295175,,,80.345885,146.526316,0.548338,0.000000
cga,CGA,252,252.000,replay,0.635259,0.012764,6,1.305180,0.000000,0.397342,0.295175,,,74.528077,146.526316,0.508633,0.000000
hda,HDA,252,252.000,replay,0.635259,0.012764,6,1.305180,0.000000,0.397342,0.295175,,,73.329264,146.526316,0.500451,0.000000
kubernetes-default,K8s default,253,253.000,replay,0.668783,0.050128,6,1.305180,0.000000,0.397342,0.295175,,,86.762208,146.526316,0.592127,0.000000
cga,CGA,253,253.000,replay,0.668783,0.050128,6,1.305180,0.000000,0.397342,0.295175,,,77.989610,146.526316,0.532257,0.000000
hda,HDA,253,253.000,replay,0.668783,0.050128,6,1.305180,0.000000,0.397342,0.295175,,,74.011497,146.526316,0.505107,0.000000
kubernetes-default,K8s default,254,254.000,replay,0.639943,0.043124,6,1.305180,0.000000,0.397342,0.295175,,,83.829937,146.526316,0.572115,0.000000
cga,CGA,254,254.000,replay,0.639943,0.043124,6,1.305180,0.000000,0.397342,0.295175,,,74.148164,146.526316,0.506040,0.000000
hda,HDA,254,254.000,replay,0.639943,0.043124,6,1.305180,0.000000,0.397342,0.295175,,,72.956641,146.526316,0.497908,0.000000
kubernetes-default,K8s default,255,255.000,replay,0.712543,0.101888,6,1.305180,0.000000,0.397342,0.295175,,,83.676126,146.526316,0.571066,0.000000
cga,CGA,255,255.000,replay,0.712543,0.101888,6,1.305180,0.000000,0.397342,0.295175,,,78.238155,146.526316,0.533953,0.000000
hda,HDA,255,255.000,replay,0.712543,0.101888,6,1.305180,0.000000,0.397342,0.295175,,,81.351061,146.526316,0.555198,0.000000
kubernetes-default,K8s default,256,256.000,replay,0.622229,0.126748,6,1.305180,0.000000,0.397342,0.295175,,,81.297060,146.526316,0.554829,0.000000
cga,CGA,256,256.000,replay,0.622229,0.126748,6,1.305180,0.000000,0.397342,0.295175,,,79.498112,146.526316,0.542552,0.000000
hda,HDA,256,256.000,replay,0.622229,0.126748,6,1.305180,0.000000,0.397342,0.295175,,,77.915726,146.526316,0.531752,0.000000
kubernetes-default,K8s default,257,257.000,replay,0.673490,0.076112,6,1.305180,0.000000,0.397342,0.295175,,,85.572663,146.526316,0.584009,0.000000
cga,CGA,257,257.000,replay,0.673490,0.076112,6,1.305180,0.000000,0.397342,0.295175,,,77.257879,146.526316,0.527263,0.000000
hda,HDA,257,257.000,replay,0.673490,0.076112,6,1.305180,0.000000,0.397342,0.295175,,,76.517142,146.526316,0.522208,0.000000
kubernetes-default,K8s default,258,258.000,replay,0.662001,0.017059,6,1.305180,0.000000,0.397342,0.295175,,,83.279828,146.526316,0.568361,0.000000
cga,CGA,258,258.000,replay,0.662001,0.017059,6,1.305180,0.000000,0.397342,0.295175,,,78.111128,146.526316,0.533086,0.000000
hda,HDA,258,258.000,replay,0.662001,0.017059,6,1.305180,0.000000,0.397342,0.295175,,,69.138694,146.526316,0.471852,0.000000
kubernetes-default,K8s default,259,259.000,replay,0.634495,0.041549,6,1.305180,0.000000,0.397342,0.295175,,,83.217786,146.526316,0.567937,0.000000
cga,CGA,259,259.000,replay,0.634495,0.041549,6,1.305180,0.000000,0.397342,0.295175,,,73.878821,146.526316,0.504202,0.000000
hda,HDA,259,259.000,replay,0.634495,0.041549,6,1.305180,0.000000,0.397342,0.295175,,,77.502998,146.526316,0.528936,0.000000
kubernetes-default,K8s default,260,260.000,replay,0.649704,0.023409,6,1.305180,0.000000,0.397342,0.295175,,,79.392609,146.526316,0.541832,0.000000
cga,CGA,260,260.000,replay,0.649704,0.023409,6,1.305180,0.000000,0.397342,0.295175,,,75.158639,146.526316,0.512936,0.000000
hda,HDA,260,260.000,replay,0.649704,0.023409,6,1.305180,0.000000,0.397342,0.295175,,,71.073742,146.526316,0.485058,0.000000
kubernetes-default,K8s default,261,261.000,replay,0.694659,0.064715,6,1.305180,0.000000,0.397342,0.295175,,,82.476260,146.526316,0.562877,0.000000
cga,CGA,261,261.000,replay,0.694659,0.064715,6,1.305180,0.000000,0.397342,0.295175,,,77.683878,146.526316,0.530170,0.000000
hda,HDA,261,261.000,replay,0.694659,0.064715,6,1.305180,0.000000,0.397342,0.295175,,,75.519742,146.526316,0.515401,0.000000
kubernetes-default,K8s default,262,262.000,replay,0.694585,0.000107,6,1.305180,0.000000,0.397342,0.295175,,,82.392821,146.526316,0.562307,0.000000
cga,CGA,262,262.000,replay,0.694585,0.000107,6,1.305180,0.000000,0.397342,0.295175,,,75.748812,146.526316,0.516964,0.000000
hda,HDA,262,262.000,replay,0.694585,0.000107,6,1.305180,0.000000,0.397342,0.295175,,,72.550648,146.526316,0.495137,0.000000
kubernetes-default,K8s default,263,263.000,replay,0.621217,0.105628,6,1.305180,0.000000,0.397342,0.295175,,,79.860806,146.526316,0.545027,0.000000
cga,CGA,263,263.000,replay,0.621217,0.105628,6,1.305180,0.000000,0.397342,0.295175,,,82.349573,146.526316,0.562012,0.000000
hda,HDA,263,263.000,replay,0.621217,0.105628,6,1.305180,0.000000,0.397342,0.295175,,,74.474500,146.526316,0.508267,0.000000
kubernetes-default,K8s default,264,264.000,replay,0.686850,0.095557,6,1.305180,0.000000,0.397342,0.295175,,,83.756671,146.526316,0.571615,0.000000
cga,CGA,264,264.000,replay,0.686850,0.095557,6,1.305180,0.000000,0.397342,0.295175,,,76.539435,146.526316,0.522360,0.000000
hda,HDA,264,264.000,replay,0.686850,0.095557,6,1.305180,0.000000,0.397342,0.295175,,,73.863564,146.526316,0.504098,0.000000
kubernetes-default,K8s default,265,265.000,replay,0.637016,0.072556,6,1.305180,0.000000,0.397342,0.295175,,,82.889235,146.526316,0.565695,0.000000
cga,CGA,265,265.000,replay,0.637016,0.072556,6,1.305180,0.000000,0.397342,0.295175,,,73.322393,146.526316,0.500404,0.000000
hda,HDA,265,265.000,replay,0.637016,0.072556,6,1.305180,0.000000,0.397342,0.295175,,,77.603451,146.526316,0.529621,0.000000
kubernetes-default,K8s default,266,266.000,replay,0.632605,0.006924,6,1.305180,0.000000,0.397342,0.295175,,,79.831491,146.526316,0.544827,0.000000
cga,CGA,266,266.000,replay,0.632605,0.006924,6,1.305180,0.000000,0.397342,0.295175,,,71.662672,146.526316,0.489077,0.000000
hda,HDA,266,266.000,replay,0.632605,0.006924,6,1.305180,0.000000,0.397342,0.295175,,,71.183471,146.526316,0.485807,0.000000
kubernetes-default,K8s default,267,267.000,replay,0.602558,0.047497,6,1.305180,0.000000,0.397342,0.295175,,,81.114872,146.526316,0.553586,0.000000
cga,CGA,267,267.000,replay,0.602558,0.047497,6,1.305180,0.000000,0.397342,0.295175,,,72.170820,146.526316,0.492545,0.000000
hda,HDA,267,267.000,replay,0.602558,0.047497,6,1.305180,0.000000,0.397342,0.295175,,,71.128020,146.526316,0.485428,0.000000
kubernetes-default,K8s default,268,268.000,replay,0.614594,0.019584,6,1.305180,0.000000,0.397342,0.295175,,,81.216268,146.526316,0.554278,0.000000
cga,CGA,268,268.000,replay,0.614594,0.019584,6,1.305180,0.000000,0.397342,0.295175,,,76.167722,146.526316,0.519823,0.000000
hda,HDA,268,268.000,replay,0.614594,0.019584,6,1.305180,0.000000,0.397342,0.295175,,,72.751463,146.526316,0.496508,0.000000
kubernetes-default,K8s default,269,269.000,replay,0.650618,0.055369,6,1.305180,0.000000,0.397342,0.295175,,,83.551757,146.526316,0.570217,0.000000
cga,CGA,269,269.000,replay,0.650618,0.055369,6,1.305180,0.000000,0.397342,0.295175,,,74.152582,146.526316,0.506070,0.000000
hda,HDA,269,269.000,replay,0.650618,0.055369,6,1.305180,0.000000,0.397342,0.295175,,,73.302048,146.526316,0.500265,0.000000
kubernetes-default,K8s default,270,270.000,replay,0.608936,0.064065,6,1.305180,0.000000,0.397342,0.295175,,,78.774469,146.526316,0.537613,0.000000
cga,CGA,270,270.000,replay,0.608936,0.064065,6,1.305180,0.000000,0.397342,0.295175,,,76.664953,146.526316,0.523216,0.000000
hda,HDA,270,270.000,replay,0.608936,0.064065,6,1.305180,0.000000,0.397342,0.295175,,,72.157819,146.526316,0.492456,0.000000
kubernetes-default,K8s default,271,271.000,replay,0.622081,0.021130,6,1.305180,0.000000,0.397342,0.295175,,,78.685328,146.526316,0.537005,0.000000
cga,CGA,271,271.000,replay,0.622081,0.021130,6,1.305180,0.000000,0.397342,0.295175,,,76.936828,146.526316,0.525072,0.000000
hda,HDA,271,271.000,replay,0.622081,0.021130,6,1.305180,0.000000,0.397342,0.295175,,,74.212247,146.526316,0.506477,0.000000
kubernetes-default,K8s default,272,272.000,replay,0.630728,0.013710,6,1.305180,0.000000,0.397342,0.295175,,,81.034703,146.526316,0.553039,0.000000
cga,CGA,272,272.000,replay,0.630728,0.013710,6,1.305180,0.000000,0.397342,0.295175,,,69.422973,146.526316,0.473792,0.000000
hda,HDA,272,272.000,replay,0.630728,0.013710,6,1.305180,0.000000,0.397342,0.295175,,,69.378941,146.526316,0.473491,0.000000
kubernetes-default,K8s default,273,273.000,replay,0.652451,0.033295,6,1.305180,0.000000,0.397342,0.295175,,,85.807949,146.526316,0.585615,0.000000
cga,CGA,273,273.000,replay,0.652451,0.033295,6,1.305180,0.000000,0.397342,0.295175,,,80.578232,146.526316,0.549923,0.000000
hda,HDA,273,273.000,replay,0.652451,0.033295,6,1.305180,0.000000,0.397342,0.295175,,,69.957839,146.526316,0.477442,0.000000
kubernetes-default,K8s default,274,274.000,replay,0.641437,0.016881,6,1.305180,0.000000,0.397342,0.295175,,,83.160243,146.526316,0.567545,0.000000
cga,CGA,274,274.000,replay,0.641437,0.016881,6,1.305180,0.000000,0.397342,0.295175,,,77.930087,146.526316,0.531850,0.000000
hda,HDA,274,274.000,replay,0.641437,0.016881,6,1.305180,0.000000,0.397342,0.295175,,,72.992590,146.526316,0.498153,0.000000
kubernetes-default,K8s default,275,275.000,replay,0.595205,0.072076,6,1.305180,0.000000,0.397342,0.295175,,,84.135567,146.526316,0.574201,0.000000
cga,CGA,275,275.000,replay,0.595205,0.072076,6,1.305180,0.000000,0.397342,0.295175,,,76.164297,146.526316,0.519799,0.000000
hda,HDA,275,275.000,replay,0.595205,0.072076,6,1.305180,0.000000,0.397342,0.295175,,,69.502176,146.526316,0.474332,0.000000
kubernetes-default,K8s default,276,276.000,replay,0.663039,0.102307,6,1.305180,0.000000,0.397342,0.295175,,,89.567783,146.526316,0.611274,0.000000
cga,CGA,276,276.000,replay,0.663039,0.102307,6,1.305180,0.000000,0.397342,0.295175,,,81.509788,146.526316,0.556281,0.000000
hda,HDA,276,276.000,replay,0.663039,0.102307,6,1.305180,0.000000,0.397342,0.295175,,,76.778366,146.526316,0.523990,0.000000
kubernetes-default,K8s default,277,277.000,replay,0.607368,0.083962,6,1.305180,0.000000,0.397342,0.295175,,,86.943427,146.526316,0.593364,0.000000
cga,CGA,277,277.000,replay,0.607368,0.083962,6,1.305180,0.000000,0.397342,0.295175,,,77.207092,146.526316,0.526916,0.000000
hda,HDA,277,277.000,replay,0.607368,0.083962,6,1.305180,0.000000,0.397342,0.295175,,,75.996500,146.526316,0.518654,0.000000
kubernetes-default,K8s default,278,278.000,replay,0.599158,0.013519,6,1.305180,0.000000,0.397342,0.295175,,,78.639049,146.526316,0.536689,0.000000
cga,CGA,278,278.000,replay,0.599158,0.013519,6,1.305180,0.000000,0.397342,0.295175,,,69.393203,146.526316,0.473589,0.000000
hda,HDA,278,278.000,replay,0.599158,0.013519,6,1.305180,0.000000,0.397342,0.295175,,,70.379697,146.526316,0.480321,0.000000
kubernetes-default,K8s default,279,279.000,replay,0.650738,0.079264,6,1.305180,0.000000,0.397342,0.295175,,,79.932710,146.526316,0.545518,0.000000
cga,CGA,279,279.000,replay,0.650738,0.079264,6,1.305180,0.000000,0.397342,0.295175,,,81.496482,146.526316,0.556190,0.000000
hda,HDA,279,279.000,replay,0.650738,0.079264,6,1.305180,0.000000,0.397342,0.295175,,,76.254176,146.526316,0.520413,0.000000
kubernetes-default,K8s default,280,280.000,replay,0.593481,0.087988,6,1.305180,0.000000,0.397342,0.295175,,,79.960175,146.526316,0.545705,0.000000
cga,CGA,280,280.000,replay,0.593481,0.087988,6,1.305180,0.000000,0.397342,0.295175,,,73.090864,146.526316,0.498824,0.000000
hda,HDA,280,280.000,replay,0.593481,0.087988,6,1.305180,0.000000,0.397342,0.295175,,,68.133409,146.526316,0.464991,0.000000
kubernetes-default,K8s default,281,281.000,replay,0.663331,0.105302,6,1.305180,0.000000,0.397342,0.295175,,,87.679011,146.526316,0.598384,0.000000
cga,CGA,281,281.000,replay,0.663331,0.105302,6,1.305180,0.000000,0.397342,0.295175,,,81.111370,146.526316,0.553562,0.000000
hda,HDA,281,281.000,replay,0.663331,0.105302,6,1.305180,0.000000,0.397342,0.295175,,,74.510872,146.526316,0.508515,0.000000
kubernetes-default,K8s default,282,282.000,replay,0.666196,0.004300,6,1.305180,0.000000,0.397342,0.295175,,,74.355336,146.526316,0.507454,0.000000
cga,CGA,282,282.000,replay,0.666196,0.004300,6,1.305180,0.000000,0.397342,0.295175,,,72.553471,146.526316,0.495157,0.000000
hda,HDA,282,282.000,replay,0.666196,0.004300,6,1.305180,0.000000,0.397342,0.295175,,,72.049529,146.526316,0.491717,0.000000
kubernetes-default,K8s default,283,283.000,replay,0.632431,0.050684,6,1.305180,0.000000,0.397342,0.295175,,,81.868714,146.526316,0.558730,0.000000
cga,CGA,283,283.000,replay,0.632431,0.050684,6,1.305180,0.000000,0.397342,0.295175,,,74.570463,146.526316,0.508922,0.000000
hda,HDA,283,283.000,replay,0.632431,0.050684,6,1.305180,0.000000,0.397342,0.295175,,,73.002879,146.526316,0.498224,0.000000
kubernetes-default,K8s default,284,284.000,replay,0.615034,0.027507,6,1.305180,0.000000,0.397342,0.295175,,,79.496916,146.526316,0.542544,0.000000
cga,CGA,284,284.000,replay,0.615034,0.027507,6,1.305180,0.000000,0.397342,0.295175,,,72.885642,146.526316,0.497424,0.000000
hda,HDA,284,284.000,replay,0.615034,0.027507,6,1.305180,0.000000,0.397342,0.295175,,,69.413264,146.526316,0.473726,0.000000
kubernetes-default,K8s default,285,285.000,replay,0.622636,0.012209,6,1.305180,0.000000,0.397342,0.295175,,,78.295794,146.526316,0.534346,0.000000
cga,CGA,285,285.000,replay,0.622636,0.012209,6,1.305180,0.000000,0.397342,0.295175,,,75.772861,146.526316,0.517128,0.000000
hda,HDA,285,285.000,replay,0.622636,0.012209,6,1.305180,0.000000,0.397342,0.295175,,,75.395672,146.526316,0.514554,0.000000
kubernetes-default,K8s default,286,286.000,replay,0.662650,0.060384,6,1.305180,0.000000,0.397342,0.295175,,,81.114349,146.526316,0.553582,0.000000
cga,CGA,286,286.000,replay,0.662650,0.060384,6,1.305180,0.000000,0.397342,0.295175,,,77.389229,146.526316,0.528159,0.000000
hda,HDA,286,286.000,replay,0.662650,0.060384,6,1.305180,0.000000,0.397342,0.295175,,,69.929218,146.526316,0.477247,0.000000
kubernetes-default,K8s default,287,287.000,replay,0.664133,0.002233,6,1.305180,0.000000,0.397342,0.295175,,,80.915184,146.526316,0.552223,0.000000
cga,CGA,287,287.000,replay,0.664133,0.002233,6,1.305180,0.000000,0.397342,0.295175,,,75.972711,146.526316,0.518492,0.000000
hda,HDA,287,287.000,replay,0.664133,0.002233,6,1.305180,0.000000,0.397342,0.295175,,,71.649081,146.526316,0.488984,0.000000
kubernetes-default,K8s default,288,288.000,replay,0.643957,0.030379,6,1.305180,0.000000,0.397342,0.295175,,,81.932729,146.526316,0.559167,0.000000
cga,CGA,288,288.000,replay,0.643957,0.030379,6,1.305180,0.000000,0.397342,0.295175,,,79.821158,146.526316,0.544756,0.000000
hda,HDA,288,288.000,replay,0.643957,0.030379,6,1.305180,0.000000,0.397342,0.295175,,,67.825133,146.526316,0.462887,0.000000
kubernetes-default,K8s default,289,289.000,replay,0.637178,0.010527,6,1.305180,0.000000,0.397342,0.295175,,,79.137467,146.526316,0.540090,0.000000
cga,CGA,289,289.000,replay,0.637178,0.010527,6,1.305180,0.000000,0.397342,0.295175,,,79.133528,146.526316,0.540064,0.000000
hda,HDA,289,289.000,replay,0.637178,0.010527,6,1.305180,0.000000,0.397342,0.295175,,,71.663275,146.526316,0.489081,0.000000
kubernetes-default,K8s default,290,290.000,replay,0.629292,0.012377,6,1.305180,0.000000,0.397342,0.295175,,,82.180828,146.526316,0.560861,0.000000
cga,CGA,290,290.000,replay,0.629292,0.012377,6,1.305180,0.000000,0.397342,0.295175,,,73.016255,146.526316,0.498315,0.000000
hda,HDA,290,290.000,replay,0.629292,0.012377,6,1.305180,0.000000,0.397342,0.295175,,,67.792639,146.526316,0.462665,0.000000
kubernetes-default,K8s default,291,291.000,replay,0.579142,0.079693,6,1.305180,0.000000,0.397342,0.295175,,,78.115671,146.526316,0.533117,0.000000
cga,CGA,291,291.000,replay,0.579142,0.079693,6,1.305180,0.000000,0.397342,0.295175,,,77.804741,146.526316,0.530995,0.000000
hda,HDA,291,291.000,replay,0.579142,0.079693,6,1.305180,0.000000,0.397342,0.295175,,,76.365511,146.526316,0.521173,0.000000
kubernetes-default,K8s default,292,292.000,replay,0.584578,0.009300,6,1.305180,0.000000,0.397342,0.295175,,,82.063914,146.526316,0.560063,0.000000
cga,CGA,292,292.000,replay,0.584578,0.009300,6,1.305180,0.000000,0.397342,0.295175,,,72.179019,146.526316,0.492601,0.000000
hda,HDA,292,292.000,replay,0.584578,0.009300,6,1.305180,0.000000,0.397342,0.295175,,,67.686113,146.526316,0.461938,0.000000
kubernetes-default,K8s default,293,293.000,replay,0.614360,0.048475,6,1.305180,0.000000,0.397342,0.295175,,,83.465760,146.526316,0.569630,0.000000
cga,CGA,293,293.000,replay,0.614360,0.048475,6,1.305180,0.000000,0.397342,0.295175,,,75.784886,146.526316,0.517210,0.000000
hda,HDA,293,293.000,replay,0.614360,0.048475,6,1.305180,0.000000,0.397342,0.295175,,,72.536854,146.526316,0.495043,0.000000
kubernetes-default,K8s default,294,294.000,replay,0.627407,0.020795,6,1.305180,0.000000,0.397342,0.295175,,,76.428700,146.526316,0.521604,0.000000
cga,CGA,294,294.000,replay,0.627407,0.020795,6,1.305180,0.000000,0.397342,0.295175,,,74.394577,146.526316,0.507722,0.000000
hda,HDA,294,294.000,replay,0.627407,0.020795,6,1.305180,0.000000,0.397342,0.295175,,,73.932288,146.526316,0.504567,0.000000
kubernetes-default,K8s default,295,295.000,replay,0.607406,0.031878,6,1.305180,0.000000,0.397342,0.295175,,,78.985657,146.526316,0.539054,0.000000
cga,CGA,295,295.000,replay,0.607406,0.031878,6,1.305180,0.000000,0.397342,0.295175,,,74.795198,146.526316,0.510456,0.000000
hda,HDA,295,295.000,replay,0.607406,0.031878,6,1.305180,0.000000,0.397342,0.295175,,,69.824340,146.526316,0.476531,0.000000
kubernetes-default,K8s default,296,296.000,replay,0.656013,0.074095,6,1.305180,0.000000,0.397342,0.295175,,,81.852058,146.526316,0.558617,0.000000
cga,CGA,296,296.000,replay,0.656013,0.074095,6,1.305180,0.000000,0.397342,0.295175,,,76.261715,146.526316,0.520464,0.000000
hda,HDA,296,296.000,replay,0.656013,0.074095,6,1.305180,0.000000,0.397342,0.295175,,,72.044295,146.526316,0.491682,0.000000
kubernetes-default,K8s default,297,297.000,replay,0.647669,0.012720,6,1.305180,0.000000,0.397342,0.295175,,,81.159502,146.526316,0.553890,0.000000
cga,CGA,297,297.000,replay,0.647669,0.012720,6,1.305180,0.000000,0.397342,0.295175,,,75.488741,146.526316,0.515189,0.000000
hda,HDA,297,297.000,replay,0.647669,0.012720,6,1.305180,0.000000,0.397342,0.295175,,,71.501275,146.526316,0.487976,0.000000
kubernetes-default,K8s default,298,298.000,replay,0.602926,0.069082,6,1.305180,0.000000,0.397342,0.295175,,,82.795195,146.526316,0.565053,0.000000
cga,CGA,298,298.000,replay,0.602926,0.069082,6,1.305180,0.000000,0.397342,0.295175,,,74.299077,146.526316,0.507070,0.000000
hda,HDA,298,298.000,replay,0.602926,0.069082,6,1.305180,0.000000,0.397342,0.295175,,,70.367350,146.526316,0.480237,0.000000
kubernetes-default,K8s default,299,299.000,replay,0.638439,0.055624,6,1.305180,0.000000,0.397342,0.295175,,,83.889021,146.526316,0.572518,0.000000
cga,CGA,299,299.000,replay,0.638439,0.055624,6,1.305180,0.000000,0.397342,0.295175,,,78.227924,146.526316,0.533883,0.000000
hda,HDA,299,299.000,replay,0.638439,0.055624,6,1.305180,0.000000,0.397342,0.295175,,,68.488643,146.526316,0.467415,0.000000
kubernetes-default,K8s default,300,300.000,replay,0.607396,0.048623,6,1.305180,0.000000,0.397342,0.295175,,,81.475095,146.526316,0.556044,0.000000
cga,CGA,300,300.000,replay,0.607396,0.048623,6,1.305180,0.000000,0.397342,0.295175,,,74.927606,146.526316,0.511359,0.000000
hda,HDA,300,300.000,replay,0.607396,0.048623,6,1.305180,0.000000,0.397342,0.295175,,,77.981745,146.526316,0.532203,0.000000
kubernetes-default,K8s default,301,301.000,replay,0.596729,0.017561,6,1.305180,0.000000,0.397342,0.295175,,,78.613405,146.526316,0.536514,0.000000
cga,CGA,301,301.000,replay,0.596729,0.017561,6,1.305180,0.000000,0.397342,0.295175,,,74.381269,146.526316,0.507631,0.000000
hda,HDA,301,301.000,replay,0.596729,0.017561,6,1.305180,0.000000,0.397342,0.295175,,,68.369781,146.526316,0.466604,0.000000
kubernetes-default,K8s default,302,302.000,replay,0.569600,0.045463,6,1.305180,0.000000,0.397342,0.295175,,,78.790700,146.526316,0.537724,0.000000
cga,CGA,302,302.000,replay,0.569600,0.045463,6,1.305180,0.000000,0.397342,0.295175,,,72.389104,146.526316,0.494035,0.000000
hda,HDA,302,302.000,replay,0.569600,0.045463,6,1.305180,0.000000,0.397342,0.295175,,,68.280297,146.526316,0.465993,0.000000
kubernetes-default,K8s default,303,303.000,replay,0.573794,0.007309,6,1.305180,0.000000,0.397342,0.295175,,,78.229008,146.526316,0.533891,0.000000
cga,CGA,303,303.000,replay,0.573794,0.007309,6,1.305180,0.000000,0.397342,0.295175,,,82.111524,146.526316,0.560388,0.000000
hda,HDA,303,303.000,replay,0.573794,0.007309,6,1.305180,0.000000,0.397342,0.295175,,,67.565592,146.526316,0.461116,0.000000
kubernetes-default,K8s default,304,304.000,replay,0.579248,0.009415,6,1.305180,0.000000,0.397342,0.295175,,,77.567650,146.526316,0.529377,0.000000
cga,CGA,304,304.000,replay,0.579248,0.009415,6,1.305180,0.000000,0.397342,0.295175,,,72.389779,146.526316,0.494039,0.000000
hda,HDA,304,304.000,replay,0.579248,0.009415,6,1.305180,0.000000,0.397342,0.295175,,,67.416969,146.526316,0.460101,0.000000
kubernetes-default,K8s default,305,305.000,replay,0.614610,0.057535,6,1.305180,0.000000,0.397342,0.295175,,,81.538949,146.526316,0.556480,0.000000
cga,CGA,305,305.000,replay,0.614610,0.057535,6,1.305180,0.000000,0.397342,0.295175,,,74.039314,146.526316,0.505297,0.000000
hda,HDA,305,305.000,replay,0.614610,0.057535,6,1.305180,0.000000,0.397342,0.295175,,,70.908082,146.526316,0.483927,0.000000
kubernetes-default,K8s default,306,306.000,replay,0.567975,0.075878,6,1.305180,0.000000,0.397342,0.295175,,,82.165950,146.526316,0.560759,0.000000
cga,CGA,306,306.000,replay,0.567975,0.075878,6,1.305180,0.000000,0.397342,0.295175,,,78.465252,146.526316,0.535503,0.000000
hda,HDA,306,306.000,replay,0.567975,0.075878,6,1.305180,0.000000,0.397342,0.295175,,,71.606142,146.526316,0.488691,0.000000
kubernetes-default,K8s default,307,307.000,replay,0.605006,0.061208,6,1.305180,0.000000,0.397342,0.295175,,,83.741293,146.526316,0.571510,0.000000
cga,CGA,307,307.000,replay,0.605006,0.061208,6,1.305180,0.000000,0.397342,0.295175,,,78.599047,146.526316,0.536416,0.000000
hda,HDA,307,307.000,replay,0.605006,0.061208,6,1.305180,0.000000,0.397342,0.295175,,,70.085847,146.526316,0.478316,0.000000
kubernetes-default,K8s default,308,308.000,replay,0.640901,0.056007,6,1.305180,0.000000,0.397342,0.295175,,,81.092942,146.526316,0.553436,0.000000
cga,CGA,308,308.000,replay,0.640901,0.056007,6,1.305180,0.000000,0.397342,0.295175,,,72.499310,146.526316,0.494787,0.000000
hda,HDA,308,308.000,replay,0.640901,0.056007,6,1.305180,0.000000,0.397342,0.295175,,,72.405586,146.526316,0.494147,0.000000
kubernetes-default,K8s default,309,309.000,replay,0.566255,0.116470,6,1.305180,0.000000,0.397342,0.295175,,,77.158157,146.526316,0.526582,0.000000
cga,CGA,309,309.000,replay,0.566255,0.116470,6,1.305180,0.000000,0.397342,0.295175,,,76.446607,146.526316,0.521726,0.000000
hda,HDA,309,309.000,replay,0.566255,0.116470,6,1.305180,0.000000,0.397342,0.295175,,,71.064074,146.526316,0.484992,0.000000
kubernetes-default,K8s default,310,310.000,replay,0.557348,0.015729,6,1.305180,0.000000,0.397342,0.295175,,,76.914183,146.526316,0.524917,0.000000
cga,CGA,310,310.000,replay,0.557348,0.015729,6,1.305180,0.000000,0.397342,0.295175,,,69.316504,146.526316,0.473065,0.000000
hda,HDA,310,310.000,replay,0.557348,0.015729,6,1.305180,0.000000,0.397342,0.295175,,,67.809461,146.526316,0.462780,0.000000
kubernetes-default,K8s default,311,311.000,replay,0.625568,0.109053,6,1.305180,0.000000,0.397342,0.295175,,,89.857434,146.526316,0.613251,0.000000
cga,CGA,311,311.000,replay,0.625568,0.109053,6,1.305180,0.000000,0.397342,0.295175,,,80.801000,146.526316,0.551444,0.000000
hda,HDA,311,311.000,replay,0.625568,0.109053,6,1.305180,0.000000,0.397342,0.295175,,,74.915558,146.526316,0.511277,0.000000
kubernetes-default,K8s default,312,312.000,replay,0.599086,0.042332,6,1.305180,0.000000,0.397342,0.295175,,,82.189765,146.526316,0.560922,0.000000
cga,CGA,312,312.000,replay,0.599086,0.042332,6,1.305180,0.000000,0.397342,0.295175,,,73.217150,146.526316,0.499686,0.000000
hda,HDA,312,312.000,replay,0.599086,0.042332,6,1.305180,0.000000,0.397342,0.295175,,,71.503600,146.526316,0.487992,0.000000
kubernetes-default,K8s default,313,313.000,replay,0.609610,0.017263,6,1.305180,0.000000,0.397342,0.295175,,,78.923078,146.526316,0.538627,0.000000
cga,CGA,313,313.000,replay,0.609610,0.017263,6,1.305180,0.000000,0.397342,0.295175,,,70.711345,146.526316,0.482585,0.000000
hda,HDA,313,313.000,replay,0.609610,0.017263,6,1.305180,0.000000,0.397342,0.295175,,,74.477317,146.526316,0.508286,0.000000
kubernetes-default,K8s default,314,314.000,replay,0.575662,0.055688,6,1.305180,0.000000,0.397342,0.295175,,,81.963446,146.526316,0.559377,0.000000
cga,CGA,314,314.000,replay,0.575662,0.055688,6,1.305180,0.000000,0.397342,0.295175,,,76.517030,146.526316,0.522207,0.000000
hda,HDA,314,314.000,replay,0.575662,0.055688,6,1.305180,0.000000,0.397342,0.295175,,,73.239645,146.526316,0.499840,0.000000
kubernetes-default,K8s default,315,315.000,replay,0.642228,0.103648,6,1.305180,0.000000,0.397342,0.295175,,,88.146943,146.526316,0.601578,0.000000
cga,CGA,315,315.000,replay,0.642228,0.103648,6,1.305180,0.000000,0.397342,0.295175,,,77.970743,146.526316,0.532128,0.000000
hda,HDA,315,315.000,replay,0.642228,0.103648,6,1.305180,0.000000,0.397342,0.295175,,,75.386138,146.526316,0.514489,0.000000
kubernetes-default,K8s default,316,316.000,replay,0.625185,0.026538,6,1.305180,0.000000,0.397342,0.295175,,,78.815058,146.526316,0.537890,0.000000
cga,CGA,316,316.000,replay,0.625185,0.026538,6,1.305180,0.000000,0.397342,0.295175,,,73.200365,146.526316,0.499571,0.000000
hda,HDA,316,316.000,replay,0.625185,0.026538,6,1.305180,0.000000,0.397342,0.295175,,,75.327192,146.526316,0.514086,0.000000
kubernetes-default,K8s default,317,317.000,replay,0.631150,0.009451,6,1.305180,0.000000,0.397342,0.295175,,,77.193659,146.526316,0.526825,0.000000
cga,CGA,317,317.000,replay,0.631150,0.009451,6,1.305180,0.000000,0.397342,0.295175,,,75.443114,146.526316,0.514878,0.000000
hda,HDA,317,317.000,replay,0.631150,0.009451,6,1.305180,0.000000,0.397342,0.295175,,,69.486163,146.526316,0.474223,0.000000
kubernetes-default,K8s default,318,318.000,replay,0.629772,0.002182,6,1.305180,0.000000,0.397342,0.295175,,,77.651712,146.526316,0.529951,0.000000
cga,CGA,318,318.000,replay,0.629772,0.002182,6,1.305180,0.000000,0.397342,0.295175,,,73.883924,146.526316,0.504237,0.000000
hda,HDA,318,318.000,replay,0.629772,0.002182,6,1.305180,0.000000,0.397342,0.295175,,,69.898766,146.526316,0.477039,0.000000
kubernetes-default,K8s default,319,319.000,replay,0.615143,0.023229,6,1.305180,0.000000,0.397342,0.295175,,,80.414539,146.526316,0.548806,0.000000
cga,CGA,319,319.000,replay,0.615143,0.023229,6,1.305180,0.000000,0.397342,0.295175,,,76.187012,146.526316,0.519954,0.000000
hda,HDA,319,319.000,replay,0.615143,0.023229,6,1.305180,0.000000,0.397342,0.295175,,,73.663625,146.526316,0.502733,0.000000
kubernetes-default,K8s default,320,320.000,replay,0.613712,0.002328,6,1.305180,0.000000,0.397342,0.295175,,,83.893640,146.526316,0.572550,0.000000
cga,CGA,320,320.000,replay,0.613712,0.002328,6,1.305180,0.000000,0.397342,0.295175,,,72.321055,146.526316,0.493570,0.000000
hda,HDA,320,320.000,replay,0.613712,0.002328,6,1.305180,0.000000,0.397342,0.295175,,,71.804074,146.526316,0.490042,0.000000
kubernetes-default,K8s default,321,321.000,replay,0.552261,0.100130,6,1.305180,0.000000,0.397342,0.295175,,,73.366514,146.526316,0.500705,0.000000
cga,CGA,321,321.000,replay,0.552261,0.100130,6,1.305180,0.000000,0.397342,0.295175,,,78.495218,146.526316,0.535707,0.000000
hda,HDA,321,321.000,replay,0.552261,0.100130,6,1.305180,0.000000,0.397342,0.295175,,,73.316934,146.526316,0.500367,0.000000
kubernetes-default,K8s default,322,322.000,replay,0.573446,0.036944,6,1.305180,0.000000,0.397342,0.295175,,,78.859832,146.526316,0.538196,0.000000
cga,CGA,322,322.000,replay,0.573446,0.036944,6,1.305180,0.000000,0.397342,0.295175,,,73.789867,146.526316,0.503595,0.000000
hda,HDA,322,322.000,replay,0.573446,0.036944,6,1.305180,0.000000,0.397342,0.295175,,,74.947023,146.526316,0.511492,0.000000
kubernetes-default,K8s default,323,323.000,replay,0.612640,0.063975,6,1.305180,0.000000,0.397342,0.295175,,,79.821770,146.526316,0.544761,0.000000
cga,CGA,323,323.000,replay,0.612640,0.063975,6,1.305180,0.000000,0.397342,0.295175,,,77.292478,146.526316,0.527499,0.000000
hda,HDA,323,323.000,replay,0.612640,0.063975,6,1.305180,0.000000,0.397342,0.295175,,,74.007965,146.526316,0.505083,0.000000
kubernetes-default,K8s default,324,324.000,replay,0.554217,0.095363,6,1.305180,0.000000,0.397342,0.295175,,,77.956269,146.526316,0.532029,0.000000
cga,CGA,324,324.000,replay,0.554217,0.095363,6,1.305180,0.000000,0.397342,0.295175,,,75.030153,146.526316,0.512059,0.000000
hda,HDA,324,324.000,replay,0.554217,0.095363,6,1.305180,0.000000,0.397342,0.295175,,,71.742776,146.526316,0.489624,0.000000
kubernetes-default,K8s default,325,325.000,replay,0.585550,0.053511,6,1.305180,0.000000,0.397342,0.295175,,,80.197004,146.526316,0.547322,0.000000
cga,CGA,325,325.000,replay,0.585550,0.053511,6,1.305180,0.000000,0.397342,0.295175,,,70.521344,146.526316,0.481288,0.000000
hda,HDA,325,325.000,replay,0.585550,0.053511,6,1.305180,0.000000,0.397342,0.295175,,,70.094733,146.526316,0.478376,0.000000
kubernetes-default,K8s default,326,326.000,replay,0.592439,0.011628,6,1.305180,0.000000,0.397342,0.295175,,,78.267749,146.526316,0.534155,0.000000
cga,CGA,326,326.000,replay,0.592439,0.011628,6,1.305180,0.000000,0.397342,0.295175,,,77.142548,146.526316,0.526476,0.000000
hda,HDA,326,326.000,replay,0.592439,0.011628,6,1.305180,0.000000,0.397342,0.295175,,,71.657735,146.526316,0.489043,0.000000
kubernetes-default,K8s default,327,327.000,replay,0.585152,0.012299,6,1.305180,0.000000,0.397342,0.295175,,,71.598491,146.526316,0.488639,0.000000
cga,CGA,327,327.000,replay,0.585152,0.012299,6,1.305180,0.000000,0.397342,0.295175,,,70.837647,146.526316,0.483447,0.000000
hda,HDA,327,327.000,replay,0.585152,0.012299,6,1.305180,0.000000,0.397342,0.295175,,,74.038639,146.526316,0.505292,0.000000
kubernetes-default,K8s default,328,328.000,replay,0.616334,0.050593,6,1.305180,0.000000,0.397342,0.295175,,,82.748653,146.526316,0.564736,0.000000
cga,CGA,328,328.000,replay,0.616334,0.050593,6,1.305180,0.000000,0.397342,0.295175,,,78.423156,146.526316,0.535216,0.000000
hda,HDA,328,328.000,replay,0.616334,0.050593,6,1.305180,0.000000,0.397342,0.295175,,,76.819057,146.526316,0.524268,0.000000
kubernetes-default,K8s default,329,329.000,replay,0.611395,0.008014,6,1.305180,0.000000,0.397342,0.295175,,,74.708168,146.526316,0.509862,0.000000
cga,CGA,329,329.000,replay,0.611395,0.008014,6,1.305180,0.000000,0.397342,0.295175,,,68.834494,146.526316,0.469776,0.000000
hda,HDA,329,329.000,replay,0.611395,0.008014,6,1.305180,0.000000,0.397342,0.295175,,,70.245535,146.526316,0.479406,0.000000
kubernetes-default,K8s default,330,330.000,replay,0.603106,0.013559,6,1.305180,0.000000,0.397342,0.295175,,,82.949299,146.526316,0.566105,0.000000
cga,CGA,330,330.000,replay,0.603106,0.013559,6,1.305180,0.000000,0.397342,0.295175,,,73.599965,146.526316,0.502299,0.000000
hda,HDA,330,330.000,replay,0.603106,0.013559,6,1.305180,0.000000,0.397342,0.295175,,,70.325439,146.526316,0.479951,0.000000
kubernetes-default,K8s default,331,331.000,replay,0.626933,0.038006,6,1.305180,0.000000,0.397342,0.295175,,,79.053572,146.526316,0.539518,0.000000
cga,CGA,331,331.000,replay,0.626933,0.038006,6,1.305180,0.000000,0.397342,0.295175,,,75.247202,146.526316,0.513541,0.000000
hda,HDA,331,331.000,replay,0.626933,0.038006,6,1.305180,0.000000,0.397342,0.295175,,,73.917413,146.526316,0.504465,0.000000
kubernetes-default,K8s default,332,332.000,replay,0.577594,0.273816,6,1.238276,0.500000,0.387940,0.301678,,,81.116333,132.526316,0.612077,0.000000
cga,CGA,332,332.000,replay,0.577594,0.273816,6,1.238276,0.500000,0.387940,0.301678,,,76.306649,132.526316,0.575785,0.000000
hda,HDA,332,332.000,replay,0.577594,0.273816,6,1.238276,0.500000,0.387940,0.301678,,,71.117047,132.526316,0.536626,0.000000
kubernetes-default,K8s default,333,333.000,replay,0.635994,0.091824,6,1.238276,0.000000,0.387940,0.301678,,,73.534899,132.526316,0.554870,0.000000
cga,CGA,333,333.000,replay,0.635994,0.091824,6,1.238276,0.000000,0.387940,0.301678,,,65.699173,132.526316,0.495744,0.000000
hda,HDA,333,333.000,replay,0.635994,0.091824,6,1.238276,0.000000,0.387940,0.301678,,,65.316952,132.526316,0.492860,0.000000
kubernetes-default,K8s default,334,334.000,replay,0.605342,0.048195,6,1.238276,0.000000,0.387940,0.301678,,,68.440607,132.526316,0.516430,0.000000
cga,CGA,334,334.000,replay,0.605342,0.048195,6,1.238276,0.000000,0.387940,0.301678,,,66.378330,132.526316,0.500869,0.000000
hda,HDA,334,334.000,replay,0.605342,0.048195,6,1.238276,0.000000,0.387940,0.301678,,,65.683800,132.526316,0.495628,0.000000
kubernetes-default,K8s default,335,335.000,replay,0.647654,0.065331,6,1.238276,0.000000,0.387940,0.301678,,,73.511206,132.526316,0.554691,0.000000
cga,CGA,335,335.000,replay,0.647654,0.065331,6,1.238276,0.000000,0.387940,0.301678,,,71.580002,132.526316,0.540119,0.000000
hda,HDA,335,335.000,replay,0.647654,0.065331,6,1.238276,0.000000,0.387940,0.301678,,,65.560201,132.526316,0.494696,0.000000
kubernetes-default,K8s default,336,336.000,replay,0.646891,0.001178,6,1.238276,0.000000,0.387940,0.301678,,,72.155615,132.526316,0.544463,0.000000
cga,CGA,336,336.000,replay,0.646891,0.001178,6,1.238276,0.000000,0.387940,0.301678,,,68.662761,132.526316,0.518107,0.000000
hda,HDA,336,336.000,replay,0.646891,0.001178,6,1.238276,0.000000,0.387940,0.301678,,,62.302110,132.526316,0.470111,0.000000
kubernetes-default,K8s default,337,337.000,replay,0.556025,0.140466,6,1.238276,0.000000,0.387940,0.301678,,,76.604480,132.526316,0.578032,0.000000
cga,CGA,337,337.000,replay,0.556025,0.140466,6,1.238276,0.000000,0.387940,0.301678,,,68.293620,132.526316,0.515321,0.000000
hda,HDA,337,337.000,replay,0.556025,0.140466,6,1.238276,0.000000,0.387940,0.301678,,,64.681134,132.526316,0.488063,0.000000
kubernetes-default,K8s default,338,338.000,replay,0.595097,0.065657,6,1.238276,0.000000,0.387940,0.301678,,,73.759081,132.526316,0.556562,0.000000
cga,CGA,338,338.000,replay,0.595097,0.065657,6,1.238276,0.000000,0.387940,0.301678,,,68.649271,132.526316,0.518005,0.000000
hda,HDA,338,338.000,replay,0.595097,0.065657,6,1.238276,0.000000,0.387940,0.301678,,,66.768118,132.526316,0.503810,0.000000
kubernetes-default,K8s default,339,339.000,replay,0.614107,0.030956,6,1.238276,0.000000,0.387940,0.301678,,,74.658948,132.526316,0.563352,0.000000
cga,CGA,339,339.000,replay,0.614107,0.030956,6,1.238276,0.000000,0.387940,0.301678,,,67.142530,132.526316,0.506635,0.000000
hda,HDA,339,339.000,replay,0.614107,0.030956,6,1.238276,0.000000,0.387940,0.301678,,,69.596270,132.526316,0.525151,0.000000
kubernetes-default,K8s default,340,340.000,replay,0.626178,0.019277,6,1.238276,0.000000,0.387940,0.301678,,,71.556744,132.526316,0.539944,0.000000
cga,CGA,340,340.000,replay,0.626178,0.019277,6,1.238276,0.000000,0.387940,0.301678,,,69.968571,132.526316,0.527960,0.000000
hda,HDA,340,340.000,replay,0.626178,0.019277,6,1.238276,0.000000,0.387940,0.301678,,,61.284752,132.526316,0.462435,0.000000
kubernetes-default,K8s default,341,341.000,replay,0.576808,0.078844,6,1.238276,0.000000,0.387940,0.301678,,,71.123209,132.526316,0.536672,0.000000
cga,CGA,341,341.000,replay,0.576808,0.078844,6,1.238276,0.000000,0.387940,0.301678,,,63.706852,132.526316,0.480711,0.000000
hda,HDA,341,341.000,replay,0.576808,0.078844,6,1.238276,0.000000,0.387940,0.301678,,,65.073782,132.526316,0.491025,0.000000
kubernetes-default,K8s default,342,342.000,replay,0.647016,0.108511,6,1.238276,0.000000,0.387940,0.301678,,,75.160539,132.526316,0.567137,0.000000
cga,CGA,342,342.000,replay,0.647016,0.108511,6,1.238276,0.000000,0.387940,0.301678,,,71.018089,132.526316,0.535879,0.000000
hda,HDA,342,342.000,replay,0.647016,0.108511,6,1.238276,0.000000,0.387940,0.301678,,,69.966953,132.526316,0.527948,0.000000
kubernetes-default,K8s default,343,343.000,replay,0.602774,0.068379,6,1.238276,0.000000,0.387940,0.301678,,,66.617966,132.526316,0.502677,0.000000
cga,CGA,343,343.000,replay,0.602774,0.068379,6,1.238276,0.000000,0.387940,0.301678,,,67.040097,132.526316,0.505863,0.000000
hda,HDA,343,343.000,replay,0.602774,0.068379,6,1.238276,0.000000,0.387940,0.301678,,,65.262499,132.526316,0.492449,0.000000
kubernetes-default,K8s default,344,344.000,replay,0.624989,0.035546,6,1.238276,0.000000,0.387940,0.301678,,,68.996414,132.526316,0.520624,0.000000
cga,CGA,344,344.000,replay,0.624989,0.035546,6,1.238276,0.000000,0.387940,0.301678,,,65.029174,132.526316,0.490689,0.000000
hda,HDA,344,344.000,replay,0.624989,0.035546,6,1.238276,0.000000,0.387940,0.301678,,,62.945188,132.526316,0.474964,0.000000
kubernetes-default,K8s default,345,345.000,replay,0.598433,0.042490,6,1.238276,0.000000,0.387940,0.301678,,,69.054658,132.526316,0.521064,0.000000
cga,CGA,345,345.000,replay,0.598433,0.042490,6,1.238276,0.000000,0.387940,0.301678,,,64.574485,132.526316,0.487258,0.000000
hda,HDA,345,345.000,replay,0.598433,0.042490,6,1.238276,0.000000,0.387940,0.301678,,,68.397162,132.526316,0.516102,0.000000
kubernetes-default,K8s default,346,346.000,replay,0.656266,0.088124,6,1.238276,0.000000,0.387940,0.301678,,,73.770991,132.526316,0.556652,0.000000
cga,CGA,346,346.000,replay,0.656266,0.088124,6,1.238276,0.000000,0.387940,0.301678,,,68.561065,132.526316,0.517339,0.000000
hda,HDA,346,346.000,replay,0.656266,0.088124,6,1.238276,0.000000,0.387940,0.301678,,,66.799950,132.526316,0.504050,0.000000
kubernetes-default,K8s default,347,347.000,replay,0.651863,0.006709,6,1.238276,0.000000,0.387940,0.301678,,,67.403768,132.526316,0.508607,0.000000
cga,CGA,347,347.000,replay,0.651863,0.006709,6,1.238276,0.000000,0.387940,0.301678,,,68.957838,132.526316,0.520333,0.000000
hda,HDA,347,347.000,replay,0.651863,0.006709,6,1.238276,0.000000,0.387940,0.301678,,,65.950675,132.526316,0.497642,0.000000
kubernetes-default,K8s default,348,348.000,replay,0.584706,0.103024,6,1.238276,0.000000,0.387940,0.301678,,,75.623970,132.526316,0.570634,0.000000
cga,CGA,348,348.000,replay,0.584706,0.103024,6,1.238276,0.000000,0.387940,0.301678,,,66.962958,132.526316,0.505280,0.000000
hda,HDA,348,348.000,replay,0.584706,0.103024,6,1.238276,0.000000,0.387940,0.301678,,,67.196478,132.526316,0.507043,0.000000
kubernetes-default,K8s default,349,349.000,replay,0.584923,0.000371,6,1.238276,0.000000,0.387940,0.301678,,,68.509834,132.526316,0.516953,0.000000
cga,CGA,349,349.000,replay,0.584923,0.000371,6,1.238276,0.000000,0.387940,0.301678,,,64.667483,132.526316,0.487960,0.000000
hda,HDA,349,349.000,replay,0.584923,0.000371,6,1.238276,0.000000,0.387940,0.301678,,,62.087488,132.526316,0.468492,0.000000
kubernetes-default,K8s default,350,350.000,replay,0.641778,0.088590,6,1.238276,0.000000,0.387940,0.301678,,,72.680591,132.526316,0.548424,0.000000
cga,CGA,350,350.000,replay,0.641778,0.088590,6,1.238276,0.000000,0.387940,0.301678,,,69.176745,132.526316,0.521985,0.000000
hda,HDA,350,350.000,replay,0.641778,0.088590,6,1.238276,0.000000,0.387940,0.301678,,,59.382840,132.526316,0.448083,0.000000
kubernetes-default,K8s default,351,351.000,replay,0.648638,0.010576,6,1.238276,0.000000,0.387940,0.301678,,,70.570076,132.526316,0.532499,0.000000
cga,CGA,351,351.000,replay,0.648638,0.010576,6,1.238276,0.000000,0.387940,0.301678,,,66.722373,132.526316,0.503465,0.000000
hda,HDA,351,351.000,replay,0.648638,0.010576,6,1.238276,0.000000,0.387940,0.301678,,,63.069544,132.526316,0.475902,0.000000
kubernetes-default,K8s default,352,352.000,replay,0.593052,0.085697,6,1.238276,0.000000,0.387940,0.301678,,,68.152841,132.526316,0.514259,0.000000
cga,CGA,352,352.000,replay,0.593052,0.085697,6,1.238276,0.000000,0.387940,0.301678,,,69.525383,132.526316,0.524616,0.000000
hda,HDA,352,352.000,replay,0.593052,0.085697,6,1.238276,0.000000,0.387940,0.301678,,,63.692831,132.526316,0.480605,0.000000
kubernetes-default,K8s default,353,353.000,replay,0.637228,0.069325,6,1.238276,0.000000,0.387940,0.301678,,,74.240532,132.526316,0.560195,0.000000
cga,CGA,353,353.000,replay,0.637228,0.069325,6,1.238276,0.000000,0.387940,0.301678,,,68.371770,132.526316,0.515911,0.000000
hda,HDA,353,353.000,replay,0.637228,0.069325,6,1.238276,0.000000,0.387940,0.301678,,,67.785949,132.526316,0.511490,0.000000
kubernetes-default,K8s default,354,354.000,replay,0.664860,0.041561,6,1.238276,0.000000,0.387940,0.301678,,,74.194287,132.526316,0.559846,0.000000
cga,CGA,354,354.000,replay,0.664860,0.041561,6,1.238276,0.000000,0.387940,0.301678,,,67.789999,132.526316,0.511521,0.000000
hda,HDA,354,354.000,replay,0.664860,0.041561,6,1.238276,0.000000,0.387940,0.301678,,,65.199711,132.526316,0.491976,0.000000
kubernetes-default,K8s default,355,355.000,replay,0.644873,0.030062,6,1.238276,0.000000,0.387940,0.301678,,,73.331457,132.526316,0.553335,0.000000
cga,CGA,355,355.000,replay,0.644873,0.030062,6,1.238276,0.000000,0.387940,0.301678,,,67.498215,132.526316,0.509319,0.000000
hda,HDA,355,355.000,replay,0.644873,0.030062,6,1.238276,0.000000,0.387940,0.301678,,,68.979561,132.526316,0.520497,0.000000
kubernetes-default,K8s default,356,356.000,replay,0.650635,0.008857,6,1.238276,0.000000,0.387940,0.301678,,,71.487728,132.526316,0.539423,0.000000
cga,CGA,356,356.000,replay,0.650635,0.008857,6,1.238276,0.000000,0.387940,0.301678,,,66.753275,132.526316,0.503698,0.000000
hda,HDA,356,356.000,replay,0.650635,0.008857,6,1.238276,0.000000,0.387940,0.301678,,,68.186767,132.526316,0.514515,0.000000
kubernetes-default,K8s default,357,357.000,replay,0.581829,0.105753,6,1.238276,0.000000,0.387940,0.301678,,,67.779649,132.526316,0.511443,0.000000
cga,CGA,357,357.000,replay,0.581829,0.105753,6,1.238276,0.000000,0.387940,0.301678,,,63.972111,132.526316,0.482713,0.000000
hda,HDA,357,357.000,replay,0.581829,0.105753,6,1.238276,0.000000,0.387940,0.301678,,,65.605996,132.526316,0.495041,0.000000
kubernetes-default,K8s default,358,358.000,replay,0.659133,0.117282,6,1.238276,0.000000,0.387940,0.301678,,,75.445584,132.526316,0.569288,0.000000
cga,CGA,358,358.000,replay,0.659133,0.117282,6,1.238276,0.000000,0.387940,0.301678,,,70.782009,132.526316,0.534098,0.000000
hda,HDA,358,358.000,replay,0.659133,0.117282,6,1.238276,0.000000,0.387940,0.301678,,,70.814062,132.526316,0.534340,0.000000
kubernetes-default,K8s default,359,359.000,replay,0.622885,0.054994,6,1.238276,0.000000,0.387940,0.301678,,,75.062227,132.526316,0.566395,0.000000
cga,CGA,359,359.000,replay,0.622885,0.054994,6,1.238276,0.000000,0.387940,0.301678,,,71.644933,132.526316,0.540609,0.000000
hda,HDA,359,359.000,replay,0.622885,0.054994,6,1.238276,0.000000,0.387940,0.301678,,,65.529865,132.526316,0.494467,0.000000
kubernetes-default,K8s default,360,360.000,replay,0.592731,0.048410,6,1.238276,0.000000,0.387940,0.301678,,,75.791241,132.526316,0.571896,0.000000
cga,CGA,360,360.000,replay,0.592731,0.048410,6,1.238276,0.000000,0.387940,0.301678,,,65.551076,132.526316,0.494627,0.000000
hda,HDA,360,360.000,replay,0.592731,0.048410,6,1.238276,0.000000,0.387940,0.301678,,,67.701911,132.526316,0.510856,0.000000
kubernetes-default,K8s default,361,361.000,replay,0.676915,0.124364,6,1.238276,0.000000,0.387940,0.301678,,,77.362550,132.526316,0.583752,0.000000
cga,CGA,361,361.000,replay,0.676915,0.124364,6,1.238276,0.000000,0.387940,0.301678,,,75.245978,132.526316,0.567781,0.000000
hda,HDA,361,361.000,replay,0.676915,0.124364,6,1.238276,0.000000,0.387940,0.301678,,,66.666818,132.526316,0.503046,0.000000
kubernetes-default,K8s default,362,362.000,replay,0.584019,0.137234,6,1.238276,0.000000,0.387940,0.301678,,,76.499735,132.526316,0.577242,0.000000
cga,CGA,362,362.000,replay,0.584019,0.137234,6,1.238276,0.000000,0.387940,0.301678,,,69.153172,132.526316,0.521807,0.000000
hda,HDA,362,362.000,replay,0.584019,0.137234,6,1.238276,0.000000,0.387940,0.301678,,,70.364392,132.526316,0.530947,0.000000
kubernetes-default,K8s default,363,363.000,replay,0.589624,0.009507,6,1.238276,0.000000,0.387940,0.301678,,,66.602073,132.526316,0.502557,0.000000
cga,CGA,363,363.000,replay,0.589624,0.009507,6,1.238276,0.000000,0.387940,0.301678,,,60.960429,132.526316,0.459987,0.000000
hda,HDA,363,363.000,replay,0.589624,0.009507,6,1.238276,0.000000,0.387940,0.301678,,,58.941881,132.526316,0.444756,0.000000
kubernetes-default,K8s default,364,364.000,replay,0.661245,0.108312,6,1.238276,0.000000,0.387940,0.301678,,,75.139621,132.526316,0.566979,0.000000
cga,CGA,364,364.000,replay,0.661245,0.108312,6,1.238276,0.000000,0.387940,0.301678,,,73.764327,132.526316,0.556601,0.000000
hda,HDA,364,364.000,replay,0.661245,0.108312,6,1.238276,0.000000,0.387940,0.301678,,,71.280458,132.526316,0.537859,0.000000
kubernetes-default,K8s default,365,365.000,replay,0.606809,0.082323,6,1.238276,0.000000,0.387940,0.301678,,,73.834179,132.526316,0.557128,0.000000
cga,CGA,365,365.000,replay,0.606809,0.082323,6,1.238276,0.000000,0.387940,0.301678,,,69.553438,132.526316,0.524827,0.000000
hda,HDA,365,365.000,replay,0.606809,0.082323,6,1.238276,0.000000,0.387940,0.301678,,,70.030037,132.526316,0.528424,0.000000
kubernetes-default,K8s default,366,366.000,replay,0.643943,0.057667,6,1.238276,0.000000,0.387940,0.301678,,,70.131146,132.526316,0.529187,0.000000
cga,CGA,366,366.000,replay,0.643943,0.057667,6,1.238276,0.000000,0.387940,0.301678,,,69.619549,132.526316,0.525326,0.000000
hda,HDA,366,366.000,replay,0.643943,0.057667,6,1.238276,0.000000,0.387940,0.301678,,,68.199742,132.526316,0.514613,0.000000
kubernetes-default,K8s default,367,367.000,replay,0.622464,0.033356,6,1.238276,0.000000,0.387940,0.301678,,,69.506346,132.526316,0.524472,0.000000
cga,CGA,367,367.000,replay,0.622464,0.033356,6,1.238276,0.000000,0.387940,0.301678,,,67.873353,132.526316,0.512150,0.000000
hda,HDA,367,367.000,replay,0.622464,0.033356,6,1.238276,0.000000,0.387940,0.301678,,,60.157797,132.526316,0.453931,0.000000
kubernetes-default,K8s default,368,368.000,replay,0.622541,0.000124,6,1.238276,0.000000,0.387940,0.301678,,,67.729381,132.526316,0.511064,0.000000
cga,CGA,368,368.000,replay,0.622541,0.000124,6,1.238276,0.000000,0.387940,0.301678,,,66.856757,132.526316,0.504479,0.000000
hda,HDA,368,368.000,replay,0.622541,0.000124,6,1.238276,0.000000,0.387940,0.301678,,,58.473688,132.526316,0.441223,0.000000
kubernetes-default,K8s default,369,369.000,replay,0.666968,0.066610,6,1.238276,0.000000,0.387940,0.301678,,,76.756095,132.526316,0.579176,0.000000
cga,CGA,369,369.000,replay,0.666968,0.066610,6,1.238276,0.000000,0.387940,0.301678,,,71.252570,132.526316,0.537648,0.000000
hda,HDA,369,369.000,replay,0.666968,0.066610,6,1.238276,0.000000,0.387940,0.301678,,,68.785895,132.526316,0.519036,0.000000
kubernetes-default,K8s default,370,370.000,replay,0.631705,0.052871,6,1.238276,0.000000,0.387940,0.301678,,,68.000625,132.526316,0.513110,0.000000
cga,CGA,370,370.000,replay,0.631705,0.052871,6,1.238276,0.000000,0.387940,0.301678,,,68.556398,132.526316,0.517304,0.000000
hda,HDA,370,370.000,replay,0.631705,0.052871,6,1.238276,0.000000,0.387940,0.301678,,,63.038287,132.526316,0.475666,0.000000
kubernetes-default,K8s default,371,371.000,replay,0.655784,0.036719,6,1.238276,0.000000,0.387940,0.301678,,,73.843475,132.526316,0.557199,0.000000
cga,CGA,371,371.000,replay,0.655784,0.036719,6,1.238276,0.000000,0.387940,0.301678,,,66.376336,132.526316,0.500854,0.000000
hda,HDA,371,371.000,replay,0.655784,0.036719,6,1.238276,0.000000,0.387940,0.301678,,,63.891989,132.526316,0.482108,0.000000
kubernetes-default,K8s default,372,372.000,replay,0.656156,0.000566,6,1.238276,0.000000,0.387940,0.301678,,,70.746111,132.526316,0.533827,0.000000
cga,CGA,372,372.000,replay,0.656156,0.000566,6,1.238276,0.000000,0.387940,0.301678,,,72.597675,132.526316,0.547798,0.000000
hda,HDA,372,372.000,replay,0.656156,0.000566,6,1.238276,0.000000,0.387940,0.301678,,,66.749860,132.526316,0.503672,0.000000
kubernetes-default,K8s default,373,373.000,replay,0.682023,0.037928,6,1.238276,0.000000,0.387940,0.301678,,,74.517146,132.526316,0.562282,0.000000
cga,CGA,373,373.000,replay,0.682023,0.037928,6,1.238276,0.000000,0.387940,0.301678,,,70.441921,132.526316,0.531532,0.000000
hda,HDA,373,373.000,replay,0.682023,0.037928,6,1.238276,0.000000,0.387940,0.301678,,,64.692628,132.526316,0.488149,0.000000
kubernetes-default,K8s default,374,374.000,replay,0.677915,0.006023,6,1.238276,0.000000,0.387940,0.301678,,,73.831506,132.526316,0.557108,0.000000
cga,CGA,374,374.000,replay,0.677915,0.006023,6,1.238276,0.000000,0.387940,0.301678,,,66.048435,132.526316,0.498380,0.000000
hda,HDA,374,374.000,replay,0.677915,0.006023,6,1.238276,0.000000,0.387940,0.301678,,,65.041039,132.526316,0.490778,0.000000
kubernetes-default,K8s default,375,375.000,replay,0.641476,0.053752,6,1.238276,0.000000,0.387940,0.301678,,,70.974817,132.526316,0.535553,0.000000
cga,CGA,375,375.000,replay,0.641476,0.053752,6,1.238276,0.000000,0.387940,0.301678,,,66.444700,132.526316,0.501370,0.000000
hda,HDA,375,375.000,replay,0.641476,0.053752,6,1.238276,0.000000,0.387940,0.301678,,,62.943045,132.526316,0.474948,0.000000
kubernetes-default,K8s default,376,376.000,replay,0.672201,0.045708,6,1.238276,0.000000,0.387940,0.301678,,,70.145046,132.526316,0.529291,0.000000
cga,CGA,376,376.000,replay,0.672201,0.045708,6,1.238276,0.000000,0.387940,0.301678,,,69.010327,132.526316,0.520729,0.000000
hda,HDA,376,376.000,replay,0.672201,0.045708,6,1.238276,0.000000,0.387940,0.301678,,,71.902724,132.526316,0.542554,0.000000
kubernetes-default,K8s default,377,377.000,replay,0.663809,0.012484,6,1.238276,0.000000,0.387940,0.301678,,,72.435473,132.526316,0.546574,0.000000
cga,CGA,377,377.000,replay,0.663809,0.012484,6,1.238276,0.000000,0.387940,0.301678,,,69.017618,132.526316,0.520784,0.000000
hda,HDA,377,377.000,replay,0.663809,0.012484,6,1.238276,0.000000,0.387940,0.301678,,,65.899024,132.526316,0.497252,0.000000
kubernetes-default,K8s default,378,378.000,replay,0.686001,0.032350,6,1.238276,0.000000,0.387940,0.301678,,,73.011796,132.526316,0.550923,0.000000
cga,CGA,378,378.000,replay,0.686001,0.032350,6,1.238276,0.000000,0.387940,0.301678,,,75.016613,132.526316,0.566051,0.000000
hda,HDA,378,378.000,replay,0.686001,0.032350,6,1.238276,0.000000,0.387940,0.301678,,,65.703822,132.526316,0.495779,0.000000
kubernetes-default,K8s default,379,379.000,replay,0.636948,0.071506,6,1.238276,0.000000,0.387940,0.301678,,,73.714693,132.526316,0.556227,0.000000
cga,CGA,379,379.000,replay,0.636948,0.071506,6,1.238276,0.000000,0.387940,0.301678,,,72.480928,132.526316,0.546917,0.000000
hda,HDA,379,379.000,replay,0.636948,0.071506,6,1.238276,0.000000,0.387940,0.301678,,,62.824058,132.526316,0.474050,0.000000
kubernetes-default,K8s default,380,380.000,replay,0.646573,0.014887,6,1.238276,0.000000,0.387940,0.301678,,,65.850913,132.526316,0.496889,0.000000
cga,CGA,380,380.000,replay,0.646573,0.014887,6,1.238276,0.000000,0.387940,0.301678,,,67.078404,132.526316,0.506152,0.000000
hda,HDA,380,380.000,replay,0.646573,0.014887,6,1.238276,0.000000,0.387940,0.301678,,,64.844257,132.526316,0.489293,0.000000
kubernetes-default,K8s default,381,381.000,replay,0.642671,0.006035,6,1.238276,0.000000,0.387940,0.301678,,,69.964868,132.526316,0.527932,0.000000
cga,CGA,381,381.000,replay,0.642671,0.006035,6,1.238276,0.000000,0.387940,0.301678,,,66.881239,132.526316,0.504664,0.000000
hda,HDA,381,381.000,replay,0.642671,0.006035,6,1.238276,0.000000,0.387940,0.301678,,,62.159162,132.526316,0.469033,0.000000
kubernetes-default,K8s default,382,382.000,replay,0.701642,0.084047,6,1.238276,0.000000,0.387940,0.301678,,,77.883585,132.526316,0.587684,0.000000
cga,CGA,382,382.000,replay,0.701642,0.084047,6,1.238276,0.000000,0.387940,0.301678,,,72.617172,132.526316,0.547945,0.000000
hda,HDA,382,382.000,replay,0.701642,0.084047,6,1.238276,0.000000,0.387940,0.301678,,,66.465057,132.526316,0.501523,0.000000
kubernetes-default,K8s default,383,383.000,replay,0.626874,0.106561,6,1.238276,0.000000,0.387940,0.301678,,,75.336038,132.526316,0.568461,0.000000
cga,CGA,383,383.000,replay,0.626874,0.106561,6,1.238276,0.000000,0.387940,0.301678,,,67.950420,132.526316,0.512732,0.000000
hda,HDA,383,383.000,replay,0.626874,0.106561,6,1.238276,0.000000,0.387940,0.301678,,,68.125163,132.526316,0.514050,0.000000
kubernetes-default,K8s default,384,384.000,replay,0.689353,0.090635,6,1.238276,0.000000,0.387940,0.301678,,,75.376009,132.526316,0.568763,0.000000
cga,CGA,384,384.000,replay,0.689353,0.090635,6,1.238276,0.000000,0.387940,0.301678,,,70.322727,132.526316,0.530632,0.000000
hda,HDA,384,384.000,replay,0.689353,0.090635,6,1.238276,0.000000,0.387940,0.301678,,,71.916176,132.526316,0.542656,0.000000
kubernetes-default,K8s default,385,385.000,replay,0.690355,0.001450,6,1.238276,0.000000,0.387940,0.301678,,,73.271666,132.526316,0.552884,0.000000
cga,CGA,385,385.000,replay,0.690355,0.001450,6,1.238276,0.000000,0.387940,0.301678,,,64.348976,132.526316,0.485556,0.000000
hda,HDA,385,385.000,replay,0.690355,0.001450,6,1.238276,0.000000,0.387940,0.301678,,,66.154619,132.526316,0.499181,0.000000
kubernetes-default,K8s default,386,386.000,replay,0.667328,0.033354,6,1.238276,0.000000,0.387940,0.301678,,,70.024379,132.526316,0.528381,0.000000
cga,CGA,386,386.000,replay,0.667328,0.033354,6,1.238276,0.000000,0.387940,0.301678,,,66.198275,132.526316,0.499510,0.000000
hda,HDA,386,386.000,replay,0.667328,0.033354,6,1.238276,0.000000,0.387940,0.301678,,,60.746863,132.526316,0.458376,0.000000
kubernetes-default,K8s default,387,387.000,replay,0.657333,0.014978,6,1.238276,0.000000,0.387940,0.301678,,,69.258985,132.526316,0.522606,0.000000
cga,CGA,387,387.000,replay,0.657333,0.014978,6,1.238276,0.000000,0.387940,0.301678,,,70.408765,132.526316,0.531281,0.000000
hda,HDA,387,387.000,replay,0.657333,0.014978,6,1.238276,0.000000,0.387940,0.301678,,,68.651272,132.526316,0.518020,0.000000
kubernetes-default,K8s default,388,388.000,replay,0.689522,0.046683,6,1.238276,0.000000,0.387940,0.301678,,,73.809610,132.526316,0.556943,0.000000
cga,CGA,388,388.000,replay,0.689522,0.046683,6,1.238276,0.000000,0.387940,0.301678,,,70.882327,132.526316,0.534855,0.000000
hda,HDA,388,388.000,replay,0.689522,0.046683,6,1.238276,0.000000,0.387940,0.301678,,,66.091155,132.526316,0.498702,0.000000
kubernetes-default,K8s default,389,389.000,replay,0.644398,0.065442,6,1.238276,0.000000,0.387940,0.301678,,,77.678930,132.526316,0.586140,0.000000
cga,CGA,389,389.000,replay,0.644398,0.065442,6,1.238276,0.000000,0.387940,0.301678,,,66.818122,132.526316,0.504188,0.000000
hda,HDA,389,389.000,replay,0.644398,0.065442,6,1.238276,0.000000,0.387940,0.301678,,,67.881144,132.526316,0.512209,0.000000
kubernetes-default,K8s default,390,390.000,replay,0.713105,0.096349,6,1.238276,0.000000,0.387940,0.301678,,,74.904651,132.526316,0.565206,0.000000
cga,CGA,390,390.000,replay,0.713105,0.096349,6,1.238276,0.000000,0.387940,0.301678,,,68.706285,132.526316,0.518435,0.000000
hda,HDA,390,390.000,replay,0.713105,0.096349,6,1.238276,0.000000,0.387940,0.301678,,,66.424111,132.526316,0.501214,0.000000
kubernetes-default,K8s default,391,391.000,replay,0.675667,0.052501,6,1.238276,0.000000,0.387940,0.301678,,,74.995226,132.526316,0.565889,0.000000
cga,CGA,391,391.000,replay,0.675667,0.052501,6,1.238276,0.000000,0.387940,0.301678,,,69.273555,132.526316,0.522715,0.000000
hda,HDA,391,391.000,replay,0.675667,0.052501,6,1.238276,0.000000,0.387940,0.301678,,,61.638231,132.526316,0.465102,0.000000
kubernetes-default,K8s default,392,392.000,replay,0.708318,0.046097,6,1.238276,0.000000,0.387940,0.301678,,,72.590866,132.526316,0.547747,0.000000
cga,CGA,392,392.000,replay,0.708318,0.046097,6,1.238276,0.000000,0.387940,0.301678,,,66.009911,132.526316,0.498089,0.000000
hda,HDA,392,392.000,replay,0.708318,0.046097,6,1.238276,0.000000,0.387940,0.301678,,,68.669213,132.526316,0.518155,0.000000
kubernetes-default,K8s default,393,393.000,replay,0.699712,0.012149,6,1.238276,0.000000,0.387940,0.301678,,,73.680508,132.526316,0.555969,0.000000
cga,CGA,393,393.000,replay,0.699712,0.012149,6,1.238276,0.000000,0.387940,0.301678,,,66.902520,132.526316,0.504824,0.000000
hda,HDA,393,393.000,replay,0.699712,0.012149,6,1.238276,0.000000,0.387940,0.301678,,,70.268978,132.526316,0.530227,0.000000
kubernetes-default,K8s default,394,394.000,replay,0.724502,0.057721,7,1.238276,0.000000,0.442948,0.522215,,,76.784532,132.526316,0.579391,0.000000
cga,CGA,394,394.000,replay,0.724502,0.057721,7,1.238276,0.000000,0.442948,0.522215,,,69.404609,132.526316,0.523704,0.000000
hda,HDA,394,394.000,replay,0.724502,0.057721,7,1.238276,0.000000,0.442948,0.522215,,,66.358213,132.526316,0.500717,0.000000
kubernetes-default,K8s default,395,395.000,replay,0.733908,0.012816,7,1.238276,0.000000,0.442948,0.522215,,,76.207650,132.526316,0.575038,0.000000
cga,CGA,395,395.000,replay,0.733908,0.012816,7,1.238276,0.000000,0.442948,0.522215,,,70.186615,132.526316,0.529605,0.000000
hda,HDA,395,395.000,replay,0.733908,0.012816,7,1.238276,0.000000,0.442948,0.522215,,,69.114841,132.526316,0.521518,0.000000
kubernetes-default,K8s default,396,396.000,replay,0.674099,0.103847,6,1.238276,0.000000,0.387940,0.301678,,,77.051164,132.526316,0.581403,0.000000
cga,CGA,396,396.000,replay,0.674099,0.103847,6,1.238276,0.000000,0.387940,0.301678,,,71.505074,132.526316,0.539554,0.000000
hda,HDA,396,396.000,replay,0.674099,0.103847,6,1.238276,0.000000,0.387940,0.301678,,,61.735709,132.526316,0.465837,0.000000
kubernetes-default,K8s default,397,397.000,replay,0.679329,0.007698,6,1.238276,0.000000,0.387940,0.301678,,,69.546758,132.526316,0.524777,0.000000
cga,CGA,397,397.000,replay,0.679329,0.007698,6,1.238276,0.000000,0.387940,0.301678,,,68.236606,132.526316,0.514891,0.000000
hda,HDA,397,397.000,replay,0.679329,0.007698,6,1.238276,0.000000,0.387940,0.301678,,,64.772157,132.526316,0.488749,0.000000
kubernetes-default,K8s default,398,398.000,replay,0.652164,0.039988,6,1.238276,0.000000,0.387940,0.301678,,,68.916481,132.526316,0.520021,0.000000
cga,CGA,398,398.000,replay,0.652164,0.039988,6,1.238276,0.000000,0.387940,0.301678,,,65.801535,132.526316,0.496517,0.000000
hda,HDA,398,398.000,replay,0.652164,0.039988,6,1.238276,0.000000,0.387940,0.301678,,,66.577200,132.526316,0.502370,0.000000
kubernetes-default,K8s default,399,399.000,replay,0.733838,0.132925,7,1.238276,0.000000,0.442948,0.522215,,,79.207596,132.526316,0.597674,0.000000
cga,CGA,399,399.000,replay,0.733838,0.132925,7,1.238276,0.000000,0.442948,0.522215,,,77.888365,132.526316,0.587720,0.000000
hda,HDA,399,399.000,replay,0.733838,0.132925,7,1.238276,0.000000,0.442948,0.522215,,,74.254986,132.526316,0.560304,0.000000
kubernetes-default,K8s default,400,400.000,replay,0.752066,0.024238,7,1.238276,0.000000,0.442948,0.522215,,,71.066568,132.526316,0.536245,0.000000
cga,CGA,400,400.000,replay,0.752066,0.024238,7,1.238276,0.000000,0.442948,0.522215,,,69.735548,132.526316,0.526202,0.000000
hda,HDA,400,400.000,replay,0.752066,0.024238,7,1.238276,0.000000,0.442948,0.522215,,,69.804381,132.526316,0.526721,0.000000
kubernetes-default,K8s default,401,401.000,replay,0.699391,0.092673,6,1.238276,0.000000,0.387940,0.301678,,,73.400395,132.526316,0.553855,0.000000
cga,CGA,401,401.000,replay,0.699391,0.092673,6,1.238276,0.000000,0.387940,0.301678,,,69.613548,132.526316,0.525281,0.000000
hda,HDA,401,401.000,replay,0.699391,0.092673,6,1.238276,0.000000,0.387940,0.301678,,,67.459562,132.526316,0.509028,0.000000
kubernetes-default,K8s default,402,402.000,replay,0.696542,0.004073,6,1.238276,0.000000,0.387940,0.301678,,,73.741885,132.526316,0.556432,0.000000
cga,CGA,402,402.000,replay,0.696542,0.004073,6,1.238276,0.000000,0.387940,0.301678,,,64.726948,132.526316,0.488408,0.000000
hda,HDA,402,402.000,replay,0.696542,0.004073,6,1.238276,0.000000,0.387940,0.301678,,,68.129294,132.526316,0.514081,0.000000
kubernetes-default,K8s default,403,403.000,replay,0.702576,0.008588,6,1.238276,0.000000,0.387940,0.301678,,,75.049420,132.526316,0.566298,0.000000
cga,CGA,403,403.000,replay,0.702576,0.008588,6,1.238276,0.000000,0.387940,0.301678,,,66.980806,132.526316,0.505415,0.000000
hda,HDA,403,403.000,replay,0.702576,0.008588,6,1.238276,0.000000,0.387940,0.301678,,,61.415173,132.526316,0.463419,0.000000
kubernetes-default,K8s default,404,404.000,replay,0.683314,0.027416,6,1.238276,0.000000,0.387940,0.301678,,,72.980595,132.526316,0.550688,0.000000
cga,CGA,404,404.000,replay,0.683314,0.027416,6,1.238276,0.000000,0.387940,0.301678,,,66.961363,132.526316,0.505268,0.000000
hda,HDA,404,404.000,replay,0.683314,0.027416,6,1.238276,0.000000,0.387940,0.301678,,,65.350489,132.526316,0.493113,0.000000
kubernetes-default,K8s default,405,405.000,replay,0.676480,0.010001,6,1.238276,0.000000,0.387940,0.301678,,,72.061212,132.526316,0.543750,0.000000
cga,CGA,405,405.000,replay,0.676480,0.010001,6,1.238276,0.000000,0.387940,0.301678,,,72.458677,132.526316,0.546749,0.000000
hda,HDA,405,405.000,replay,0.676480,0.010001,6,1.238276,0.000000,0.387940,0.301678,,,66.458049,132.526316,0.501471,0.000000
kubernetes-default,K8s default,406,406.000,replay,0.687680,0.016286,6,1.238276,0.000000,0.387940,0.301678,,,70.305339,132.526316,0.530501,0.000000
cga,CGA,406,406.000,replay,0.687680,0.016286,6,1.238276,0.000000,0.387940,0.301678,,,64.110447,132.526316,0.483756,0.000000
hda,HDA,406,406.000,replay,0.687680,0.016286,6,1.238276,0.000000,0.387940,0.301678,,,67.955214,132.526316,0.512768,0.000000
kubernetes-default,K8s default,407,407.000,replay,0.732820,0.084435,7,1.238276,0.000000,0.442948,0.522215,,,81.349689,132.526316,0.613838,0.000000
cga,CGA,407,407.000,replay,0.732820,0.084435,7,1.238276,0.000000,0.442948,0.522215,,,73.978187,132.526316,0.558215,0.000000
hda,HDA,407,407.000,replay,0.732820,0.084435,7,1.238276,0.000000,0.442948,0.522215,,,66.331899,132.526316,0.500519,0.000000
kubernetes-default,K8s default,408,408.000,replay,0.734206,0.001888,7,1.238276,0.000000,0.442948,0.522215,,,75.538047,132.526316,0.569985,0.000000
cga,CGA,408,408.000,replay,0.734206,0.001888,7,1.238276,0.000000,0.442948,0.522215,,,70.674010,132.526316,0.533283,0.000000
hda,HDA,408,408.000,replay,0.734206,0.001888,7,1.238276,0.000000,0.442948,0.522215,,,64.853518,132.526316,0.489363,0.000000
kubernetes-default,K8s default,409,409.000,replay,0.761310,0.035602,7,1.238276,0.000000,0.442948,0.522215,,,75.674648,132.526316,0.571016,0.000000
cga,CGA,409,409.000,replay,0.761310,0.035602,7,1.238276,0.000000,0.442948,0.522215,,,74.153515,132.526316,0.559538,0.000000
hda,HDA,409,409.000,replay,0.761310,0.035602,7,1.238276,0.000000,0.442948,0.522215,,,69.578461,132.526316,0.525016,0.000000
kubernetes-default,K8s default,410,410.000,replay,0.711181,0.088579,6,1.238276,0.000000,0.387940,0.301678,,,69.177477,132.526316,0.521990,0.000000
cga,CGA,410,410.000,replay,0.711181,0.088579,6,1.238276,0.000000,0.387940,0.301678,,,65.891073,132.526316,0.497192,0.000000
hda,HDA,410,410.000,replay,0.711181,0.088579,6,1.238276,0.000000,0.387940,0.301678,,,67.401153,132.526316,0.508587,0.000000
kubernetes-default,K8s default,411,411.000,replay,0.706995,0.005886,6,1.238276,0.000000,0.387940,0.301678,,,67.928088,132.526316,0.512563,0.000000
cga,CGA,411,411.000,replay,0.706995,0.005886,6,1.238276,0.000000,0.387940,0.301678,,,71.184202,132.526316,0.537133,0.000000
hda,HDA,411,411.000,replay,0.706995,0.005886,6,1.238276,0.000000,0.387940,0.301678,,,63.832333,132.526316,0.481658,0.000000
kubernetes-default,K8s default,412,412.000,replay,0.716587,0.037396,7,1.238276,0.000000,0.442948,0.522215,,,73.362263,132.526316,0.553568,0.000000
cga,CGA,412,412.000,replay,0.716587,0.037396,7,1.238276,0.000000,0.442948,0.522215,,,69.105379,132.526316,0.521446,0.000000
hda,HDA,412,412.000,replay,0.716587,0.037396,7,1.238276,0.000000,0.442948,0.522215,,,66.289721,132.526316,0.500200,0.000000
kubernetes-default,K8s default,413,413.000,replay,0.740007,0.031648,7,1.238276,0.000000,0.442948,0.522215,,,76.481653,132.526316,0.577105,0.000000
cga,CGA,413,413.000,replay,0.740007,0.031648,7,1.238276,0.000000,0.442948,0.522215,,,70.614121,132.526316,0.532831,0.000000
hda,HDA,413,413.000,replay,0.740007,0.031648,7,1.238276,0.000000,0.442948,0.522215,,,70.778614,132.526316,0.534072,0.000000
kubernetes-default,K8s default,414,414.000,replay,0.752250,0.016275,7,1.238276,0.000000,0.442948,0.522215,,,75.755400,132.526316,0.571625,0.000000
cga,CGA,414,414.000,replay,0.752250,0.016275,7,1.238276,0.000000,0.442948,0.522215,,,69.694364,132.526316,0.525891,0.000000
hda,HDA,414,414.000,replay,0.752250,0.016275,7,1.238276,0.000000,0.442948,0.522215,,,70.902651,132.526316,0.535008,0.000000
kubernetes-default,K8s default,415,415.000,replay,0.701570,0.789961,13,1.383511,0.800000,0.345900,0.434518,,,151.209850,195.526316,0.773348,0.000000
cga,CGA,415,415.000,replay,0.701570,0.789961,13,1.383511,0.800000,0.345900,0.434518,,,137.747048,195.526316,0.704494,0.000000
hda,HDA,415,415.000,replay,0.701570,0.789961,13,1.383511,0.800000,0.345900,0.434518,,,131.474409,195.526316,0.672413,0.000000
kubernetes-default,K8s default,416,416.000,replay,0.706334,0.006745,13,1.383511,0.000000,0.345900,0.434518,,,111.586743,195.526316,0.570699,0.000000
cga,CGA,416,416.000,replay,0.706334,0.006745,13,1.383511,0.000000,0.345900,0.434518,,,104.990425,195.526316,0.536963,0.000000
hda,HDA,416,416.000,replay,0.706334,0.006745,13,1.383511,0.000000,0.345900,0.434518,,,102.676267,195.526316,0.525128,0.000000
kubernetes-default,K8s default,417,417.000,replay,0.775233,0.101187,14,1.383511,0.000000,0.374768,0.498753,,,119.767829,195.526316,0.612541,0.000000
cga,CGA,417,417.000,replay,0.775233,0.101187,14,1.383511,0.000000,0.374768,0.498753,,,119.106909,195.526316,0.609161,0.000000
hda,HDA,417,417.000,replay,0.775233,0.101187,14,1.383511,0.000000,0.374768,0.498753,,,110.921926,195.526316,0.567299,0.000000
kubernetes-default,K8s default,418,418.000,replay,0.736663,0.049754,14,1.383511,0.000000,0.374768,0.498753,,,117.459722,195.526316,0.600736,0.000000
cga,CGA,418,418.000,replay,0.736663,0.049754,14,1.383511,0.000000,0.374768,0.498753,,,111.849428,195.526316,0.572043,0.000000
hda,HDA,418,418.000,replay,0.736663,0.049754,14,1.383511,0.000000,0.374768,0.498753,,,101.287515,195.526316,0.518025,0.000000
kubernetes-default,K8s default,419,419.000,replay,0.730613,0.008212,14,1.383511,0.000000,0.374768,0.498753,,,106.947372,195.526316,0.546972,0.000000
cga,CGA,419,419.000,replay,0.730613,0.008212,14,1.383511,0.000000,0.374768,0.498753,,,110.511006,195.526316,0.565198,0.000000
hda,HDA,419,419.000,replay,0.730613,0.008212,14,1.383511,0.000000,0.374768,0.498753,,,103.740114,195.526316,0.530569,0.000000
kubernetes-default,K8s default,420,420.000,replay,0.755985,0.033562,14,1.383511,0.000000,0.374768,0.498753,,,117.723878,195.526316,0.602087,0.000000
cga,CGA,420,420.000,replay,0.755985,0.033562,14,1.383511,0.000000,0.374768,0.498753,,,109.179852,195.526316,0.558390,0.000000
hda,HDA,420,420.000,replay,0.755985,0.033562,14,1.383511,0.000000,0.374768,0.498753,,,104.309301,195.526316,0.533480,0.000000
kubernetes-default,K8s default,421,421.000,replay,0.747468,0.011267,14,1.383511,0.000000,0.374768,0.498753,,,119.173066,195.526316,0.609499,0.000000
cga,CGA,421,421.000,replay,0.747468,0.011267,14,1.383511,0.000000,0.374768,0.498753,,,108.383699,195.526316,0.554318,0.000000
hda,HDA,421,421.000,replay,0.747468,0.011267,14,1.383511,0.000000,0.374768,0.498753,,,109.576125,195.526316,0.560416,0.000000
kubernetes-default,K8s default,422,422.000,replay,0.784742,0.047499,14,1.383511,0.000000,0.374768,0.498753,,,117.710398,195.526316,0.602018,0.000000
cga,CGA,422,422.000,replay,0.784742,0.047499,14,1.383511,0.000000,0.374768,0.498753,,,107.402050,195.526316,0.549297,0.000000
hda,HDA,422,422.000,replay,0.784742,0.047499,14,1.383511,0.000000,0.374768,0.498753,,,113.016979,195.526316,0.578014,0.000000
kubernetes-default,K8s default,423,423.000,replay,0.727306,0.073192,14,1.383511,0.000000,0.374768,0.498753,,,115.065444,195.526316,0.588491,0.000000
cga,CGA,423,423.000,replay,0.727306,0.073192,14,1.383511,0.000000,0.374768,0.498753,,,111.834162,195.526316,0.571965,0.000000
hda,HDA,423,423.000,replay,0.727306,0.073192,14,1.383511,0.000000,0.374768,0.498753,,,105.395420,195.526316,0.539034,0.000000
kubernetes-default,K8s default,424,424.000,replay,0.775092,0.061652,14,1.383511,0.000000,0.374768,0.498753,,,123.363919,195.526316,0.630933,0.000000
cga,CGA,424,424.000,replay,0.775092,0.061652,14,1.383511,0.000000,0.374768,0.498753,,,117.125098,195.526316,0.599025,0.000000
hda,HDA,424,424.000,replay,0.775092,0.061652,14,1.383511,0.000000,0.374768,0.498753,,,103.924753,195.526316,0.531513,0.000000
kubernetes-default,K8s default,425,425.000,replay,0.791149,0.020297,14,1.383511,0.000000,0.374768,0.498753,,,116.691775,195.526316,0.596809,0.000000
cga,CGA,425,425.000,replay,0.791149,0.020297,14,1.383511,0.000000,0.374768,0.498753,,,110.239647,195.526316,0.563810,0.000000
hda,HDA,425,425.000,replay,0.791149,0.020297,14,1.383511,0.000000,0.374768,0.498753,,,106.744115,195.526316,0.545932,0.000000
kubernetes-default,K8s default,426,426.000,replay,0.783825,0.009258,14,1.383511,0.000000,0.374768,0.498753,,,117.332242,195.526316,0.600084,0.000000
cga,CGA,426,426.000,replay,0.783825,0.009258,14,1.383511,0.000000,0.374768,0.498753,,,113.687481,195.526316,0.581443,0.000000
hda,HDA,426,426.000,replay,0.783825,0.009258,14,1.383511,0.000000,0.374768,0.498753,,,104.778663,195.526316,0.535880,0.000000
kubernetes-default,K8s default,427,427.000,replay,0.754573,0.037319,14,1.383511,0.000000,0.374768,0.498753,,,116.621394,195.526316,0.596449,0.000000
cga,CGA,427,427.000,replay,0.754573,0.037319,14,1.383511,0.000000,0.374768,0.498753,,,112.682993,195.526316,0.576306,0.000000
hda,HDA,427,427.000,replay,0.754573,0.037319,14,1.383511,0.000000,0.374768,0.498753,,,106.889805,195.526316,0.546677,0.000000
kubernetes-default,K8s default,428,428.000,replay,0.797156,0.053419,14,1.383511,0.000000,0.374768,0.498753,,,123.937523,195.526316,0.633866,0.000000
cga,CGA,428,428.000,replay,0.797156,0.053419,14,1.383511,0.000000,0.374768,0.498753,,,110.208702,195.526316,0.563652,0.000000
hda,HDA,428,428.000,replay,0.797156,0.053419,14,1.383511,0.000000,0.374768,0.498753,,,106.950182,195.526316,0.546986,0.000000
kubernetes-default,K8s default,429,429.000,replay,0.802553,0.006725,14,1.383511,0.000000,0.374768,0.498753,,,118.170388,195.526316,0.604371,0.000000
cga,CGA,429,429.000,replay,0.802553,0.006725,14,1.383511,0.000000,0.374768,0.498753,,,111.053435,195.526316,0.567972,0.000000
hda,HDA,429,429.000,replay,0.802553,0.006725,14,1.383511,0.000000,0.374768,0.498753,,,106.858874,195.526316,0.546519,0.000000
kubernetes-default,K8s default,430,430.000,replay,0.774123,0.035425,14,1.383511,0.000000,0.374768,0.498753,,,121.010731,195.526316,0.618897,0.000000
cga,CGA,430,430.000,replay,0.774123,0.035425,14,1.383511,0.000000,0.374768,0.498753,,,102.606081,195.526316,0.524769,0.000000
hda,HDA,430,430.000,replay,0.774123,0.035425,14,1.383511,0.000000,0.374768,0.498753,,,105.385828,195.526316,0.538985,0.000000
kubernetes-default,K8s default,431,431.000,replay,0.831827,0.069371,14,1.383511,0.000000,0.374768,0.498753,,,125.094413,195.526316,0.639783,0.000000
cga,CGA,431,431.000,replay,0.831827,0.069371,14,1.383511,0.000000,0.374768,0.498753,,,116.619059,195.526316,0.596437,0.000000
hda,HDA,431,431.000,replay,0.831827,0.069371,14,1.383511,0.000000,0.374768,0.498753,,,109.117361,195.526316,0.558070,0.000000
kubernetes-default,K8s default,432,432.000,replay,0.746427,0.102665,14,1.383511,0.000000,0.374768,0.498753,,,117.598788,195.526316,0.601447,0.000000
cga,CGA,432,432.000,replay,0.746427,0.102665,14,1.383511,0.000000,0.374768,0.498753,,,108.548880,195.526316,0.555163,0.000000
hda,HDA,432,432.000,replay,0.746427,0.102665,14,1.383511,0.000000,0.374768,0.498753,,,109.062573,195.526316,0.557790,0.000000
kubernetes-default,K8s default,433,433.000,replay,0.760429,0.018412,14,1.383511,0.000000,0.374768,0.498753,,,115.871574,195.526316,0.592614,0.000000
cga,CGA,433,433.000,replay,0.760429,0.018412,14,1.383511,0.000000,0.374768,0.498753,,,104.311599,195.526316,0.533491,0.000000
hda,HDA,433,433.000,replay,0.760429,0.018412,14,1.383511,0.000000,0.374768,0.498753,,,103.484316,195.526316,0.529260,0.000000
kubernetes-default,K8s default,434,434.000,replay,0.777050,0.021391,14,1.383511,0.000000,0.374768,0.498753,,,117.352127,195.526316,0.600186,0.000000
cga,CGA,434,434.000,replay,0.777050,0.021391,14,1.383511,0.000000,0.374768,0.498753,,,110.616454,195.526316,0.565737,0.000000
hda,HDA,434,434.000,replay,0.777050,0.021391,14,1.383511,0.000000,0.374768,0.498753,,,102.397411,195.526316,0.523701,0.000000
kubernetes-default,K8s default,435,435.000,replay,0.764647,0.015962,14,1.383511,0.000000,0.374768,0.498753,,,119.677107,195.526316,0.612077,0.000000
cga,CGA,435,435.000,replay,0.764647,0.015962,14,1.383511,0.000000,0.374768,0.498753,,,107.644328,195.526316,0.550536,0.000000
hda,HDA,435,435.000,replay,0.764647,0.015962,14,1.383511,0.000000,0.374768,0.498753,,,108.840714,195.526316,0.556655,0.000000
kubernetes-default,K8s default,436,436.000,replay,0.819271,0.066674,14,1.383511,0.000000,0.374768,0.498753,,,123.256797,195.526316,0.630385,0.000000
cga,CGA,436,436.000,replay,0.819271,0.066674,14,1.383511,0.000000,0.374768,0.498753,,,110.404705,195.526316,0.564654,0.000000
hda,HDA,436,436.000,replay,0.819271,0.066674,14,1.383511,0.000000,0.374768,0.498753,,,110.452321,195.526316,0.564897,0.000000
kubernetes-default,K8s default,437,437.000,replay,0.840548,0.025314,14,1.383511,0.000000,0.374768,0.498753,,,119.105489,195.526316,0.609153,0.000000
cga,CGA,437,437.000,replay,0.840548,0.025314,14,1.383511,0.000000,0.374768,0.498753,,,113.875943,195.526316,0.582407,0.000000
hda,HDA,437,437.000,replay,0.840548,0.025314,14,1.383511,0.000000,0.374768,0.498753,,,105.906926,195.526316,0.541650,0.000000
kubernetes-default,K8s default,438,438.000,replay,0.777280,0.075270,14,1.383511,0.000000,0.374768,0.498753,,,118.198299,195.526316,0.604514,0.000000
cga,CGA,438,438.000,replay,0.777280,0.075270,14,1.383511,0.000000,0.374768,0.498753,,,114.993948,195.526316,0.588125,0.000000
hda,HDA,438,438.000,replay,0.777280,0.075270,14,1.383511,0.000000,0.374768,0.498753,,,104.341599,195.526316,0.533645,0.000000
kubernetes-default,K8s default,439,439.000,replay,0.799030,0.027221,14,1.383511,0.000000,0.374768,0.498753,,,119.786426,195.526316,0.612636,0.000000
cga,CGA,439,439.000,replay,0.799030,0.027221,14,1.383511,0.000000,0.374768,0.498753,,,109.480667,195.526316,0.559928,0.000000
hda,HDA,439,439.000,replay,0.799030,0.027221,14,1.383511,0.000000,0.374768,0.498753,,,104.312871,195.526316,0.533498,0.000000
kubernetes-default,K8s default,440,440.000,replay,0.841444,0.050406,14,1.383511,0.000000,0.374768,0.498753,,,123.991995,195.526316,0.634145,0.000000
cga,CGA,440,440.000,replay,0.841444,0.050406,14,1.383511,0.000000,0.374768,0.498753,,,115.116494,195.526316,0.588752,0.000000
hda,HDA,440,440.000,replay,0.841444,0.050406,14,1.383511,0.000000,0.374768,0.498753,,,110.624348,195.526316,0.565777,0.000000
kubernetes-default,K8s default,441,441.000,replay,0.853760,0.014425,14,1.383511,0.000000,0.374768,0.498753,,,126.525702,195.526316,0.647103,0.000000
cga,CGA,441,441.000,replay,0.853760,0.014425,14,1.383511,0.000000,0.374768,0.498753,,,117.633906,195.526316,0.601627,0.000000
hda,HDA,441,441.000,replay,0.853760,0.014425,14,1.383511,0.000000,0.374768,0.498753,,,107.890555,195.526316,0.551796,0.000000
kubernetes-default,K8s default,442,442.000,replay,0.811533,0.049460,14,1.383511,0.000000,0.374768,0.498753,,,120.339328,195.526316,0.615464,0.000000
cga,CGA,442,442.000,replay,0.811533,0.049460,14,1.383511,0.000000,0.374768,0.498753,,,109.519806,195.526316,0.560128,0.000000
hda,HDA,442,442.000,replay,0.811533,0.049460,14,1.383511,0.000000,0.374768,0.498753,,,111.726109,195.526316,0.571412,0.000000
kubernetes-default,K8s default,443,443.000,replay,0.807017,0.005565,14,1.383511,0.000000,0.374768,0.498753,,,116.185014,195.526316,0.594217,0.000000
cga,CGA,443,443.000,replay,0.807017,0.005565,14,1.383511,0.000000,0.374768,0.498753,,,111.091867,195.526316,0.568168,0.000000
hda,HDA,443,443.000,replay,0.807017,0.005565,14,1.383511,0.000000,0.374768,0.498753,,,109.057266,195.526316,0.557763,0.000000
kubernetes-default,K8s default,444,444.000,replay,0.801325,0.007053,14,1.383511,0.000000,0.374768,0.498753,,,118.830638,195.526316,0.607748,0.000000
cga,CGA,444,444.000,replay,0.801325,0.007053,14,1.383511,0.000000,0.374768,0.498753,,,113.533691,195.526316,0.580657,0.000000
hda,HDA,444,444.000,replay,0.801325,0.007053,14,1.383511,0.000000,0.374768,0.498753,,,103.679490,195.526316,0.530258,0.000000
kubernetes-default,K8s default,445,445.000,replay,0.773234,0.035056,14,1.383511,0.000000,0.374768,0.498753,,,116.562173,195.526316,0.596146,0.000000
cga,CGA,445,445.000,replay,0.773234,0.035056,14,1.383511,0.000000,0.374768,0.498753,,,109.492791,195.526316,0.559990,0.000000
hda,HDA,445,445.000,replay,0.773234,0.035056,14,1.383511,0.000000,0.374768,0.498753,,,111.470684,195.526316,0.570106,0.000000
kubernetes-default,K8s default,446,446.000,replay,0.776802,0.004593,14,1.383511,0.000000,0.374768,0.498753,,,121.484772,195.526316,0.621322,0.000000
cga,CGA,446,446.000,replay,0.776802,0.004593,14,1.383511,0.000000,0.374768,0.498753,,,107.670364,195.526316,0.550669,0.000000
hda,HDA,446,446.000,replay,0.776802,0.004593,14,1.383511,0.000000,0.374768,0.498753,,,102.286544,195.526316,0.523134,0.000000
kubernetes-default,K8s default,447,447.000,replay,0.808377,0.039060,14,1.383511,0.000000,0.374768,0.498753,,,119.399796,195.526316,0.610658,0.000000
cga,CGA,447,447.000,replay,0.808377,0.039060,14,1.383511,0.000000,0.374768,0.498753,,,111.170175,195.526316,0.568569,0.000000
hda,HDA,447,447.000,replay,0.808377,0.039060,14,1.383511,0.000000,0.374768,0.498753,,,106.131241,195.526316,0.542798,0.000000
kubernetes-default,K8s default,448,448.000,replay,0.782329,0.032223,14,1.383511,0.000000,0.374768,0.498753,,,117.656882,195.526316,0.601744,0.000000
cga,CGA,448,448.000,replay,0.782329,0.032223,14,1.383511,0.000000,0.374768,0.498753,,,109.735276,195.526316,0.561230,0.000000
hda,HDA,448,448.000,replay,0.782329,0.032223,14,1.383511,0.000000,0.374768,0.498753,,,105.674783,195.526316,0.540463,0.000000
kubernetes-default,K8s default,449,449.000,replay,0.851290,0.081008,14,1.383511,0.000000,0.374768,0.498753,,,119.246094,195.526316,0.609872,0.000000
cga,CGA,449,449.000,replay,0.851290,0.081008,14,1.383511,0.000000,0.374768,0.498753,,,115.562671,195.526316,0.591034,0.000000
hda,HDA,449,449.000,replay,0.851290,0.081008,14,1.383511,0.000000,0.374768,0.498753,,,117.340254,195.526316,0.600125,0.000000
kubernetes-default,K8s default,450,450.000,replay,0.801655,0.058305,14,1.383511,0.000000,0.374768,0.498753,,,128.141019,195.526316,0.655365,0.000000
cga,CGA,450,450.000,replay,0.801655,0.058305,14,1.383511,0.000000,0.374768,0.498753,,,112.691810,195.526316,0.576351,0.000000
hda,HDA,450,450.000,replay,0.801655,0.058305,14,1.383511,0.000000,0.374768,0.498753,,,110.740045,195.526316,0.566369,0.000000
kubernetes-default,K8s default,451,451.000,replay,0.799666,0.002481,14,1.383511,0.000000,0.374768,0.498753,,,117.639701,195.526316,0.601657,0.000000
cga,CGA,451,451.000,replay,0.799666,0.002481,14,1.383511,0.000000,0.374768,0.498753,,,109.050186,195.526316,0.557726,0.000000
hda,HDA,451,451.000,replay,0.799666,0.002481,14,1.383511,0.000000,0.374768,0.498753,,,101.869489,195.526316,0.521001,0.000000
kubernetes-default,K8s default,452,452.000,replay,0.871741,0.082679,14,1.383511,0.000000,0.374768,0.498753,,,123.648364,195.526316,0.632387,0.000000
cga,CGA,452,452.000,replay,0.871741,0.082679,14,1.383511,0.000000,0.374768,0.498753,,,118.940900,195.526316,0.608311,0.000000
hda,HDA,452,452.000,replay,0.871741,0.082679,14,1.383511,0.000000,0.374768,0.498753,,,114.276352,195.526316,0.584455,0.000000
kubernetes-default,K8s default,453,453.000,replay,0.800952,0.081204,14,1.383511,0.000000,0.374768,0.498753,,,125.006876,195.526316,0.639335,0.000000
cga,CGA,453,453.000,replay,0.800952,0.081204,14,1.383511,0.000000,0.374768,0.498753,,,112.131870,195.526316,0.573487,0.000000
hda,HDA,453,453.000,replay,0.800952,0.081204,14,1.383511,0.000000,0.374768,0.498753,,,107.197326,195.526316,0.548250,0.000000
kubernetes-default,K8s default,454,454.000,replay,0.821400,0.024894,14,1.383511,0.000000,0.374768,0.498753,,,116.805474,195.526316,0.597390,0.000000
cga,CGA,454,454.000,replay,0.821400,0.024894,14,1.383511,0.000000,0.374768,0.498753,,,115.113225,195.526316,0.588735,0.000000
hda,HDA,454,454.000,replay,0.821400,0.024894,14,1.383511,0.000000,0.374768,0.498753,,,105.340039,195.526316,0.538751,0.000000
kubernetes-default,K8s default,455,455.000,replay,0.822979,0.001919,14,1.383511,0.000000,0.374768,0.498753,,,119.138428,195.526316,0.609322,0.000000
cga,CGA,455,455.000,replay,0.822979,0.001919,14,1.383511,0.000000,0.374768,0.498753,,,115.432913,195.526316,0.590370,0.000000
hda,HDA,455,455.000,replay,0.822979,0.001919,14,1.383511,0.000000,0.374768,0.498753,,,112.189364,195.526316,0.573781,0.000000
kubernetes-default,K8s default,456,456.000,replay,0.899428,0.084997,14,1.383511,0.000000,0.374768,0.498753,,,128.098076,195.526316,0.655145,0.000000
cga,CGA,456,456.000,replay,0.899428,0.084997,14,1.383511,0.000000,0.374768,0.498753,,,119.281171,195.526316,0.610052,0.000000
hda,HDA,456,456.000,replay,0.899428,0.084997,14,1.383511,0.000000,0.374768,0.498753,,,120.268307,195.526316,0.615100,0.000000
kubernetes-default,K8s default,457,457.000,replay,0.870879,0.031742,14,1.383511,0.000000,0.374768,0.498753,,,123.344435,195.526316,0.630833,0.000000
cga,CGA,457,457.000,replay,0.870879,0.031742,14,1.383511,0.000000,0.374768,0.498753,,,115.928434,195.526316,0.592905,0.000000
hda,HDA,457,457.000,replay,0.870879,0.031742,14,1.383511,0.000000,0.374768,0.498753,,,111.192519,195.526316,0.568683,0.000000
kubernetes-default,K8s default,458,458.000,replay,0.828375,0.048805,14,1.383511,0.000000,0.374768,0.498753,,,123.885399,195.526316,0.633600,0.000000
cga,CGA,458,458.000,replay,0.828375,0.048805,14,1.383511,0.000000,0.374768,0.498753,,,116.726028,195.526316,0.596984,0.000000
hda,HDA,458,458.000,replay,0.828375,0.048805,14,1.383511,0.000000,0.374768,0.498753,,,105.875715,195.526316,0.541491,0.000000
kubernetes-default,K8s default,459,459.000,replay,0.821762,0.007983,14,1.383511,0.000000,0.374768,0.498753,,,117.437554,195.526316,0.600623,0.000000
cga,CGA,459,459.000,replay,0.821762,0.007983,14,1.383511,0.000000,0.374768,0.498753,,,114.896785,195.526316,0.587628,0.000000
hda,HDA,459,459.000,replay,0.821762,0.007983,14,1.383511,0.000000,0.374768,0.498753,,,106.897331,195.526316,0.546716,0.000000
kubernetes-default,K8s default,460,460.000,replay,0.844836,0.027313,14,1.383511,0.000000,0.374768,0.498753,,,124.823333,195.526316,0.638397,0.000000
cga,CGA,460,460.000,replay,0.844836,0.027313,14,1.383511,0.000000,0.374768,0.498753,,,116.882327,195.526316,0.597783,0.000000
hda,HDA,460,460.000,replay,0.844836,0.027313,14,1.383511,0.000000,0.374768,0.498753,,,112.100446,195.526316,0.573327,0.000000
kubernetes-default,K8s default,461,461.000,replay,0.887990,0.048596,14,1.383511,0.000000,0.374768,0.498753,,,122.266763,195.526316,0.625321,0.000000
cga,CGA,461,461.000,replay,0.887990,0.048596,14,1.383511,0.000000,0.374768,0.498753,,,118.495721,195.526316,0.606035,0.000000
hda,HDA,461,461.000,replay,0.887990,0.048596,14,1.383511,0.000000,0.374768,0.498753,,,105.779841,195.526316,0.541001,0.000000
kubernetes-default,K8s default,462,462.000,replay,0.910710,0.024948,14,1.383511,0.000000,0.374768,0.498753,,,126.690363,195.526316,0.647945,0.000000
cga,CGA,462,462.000,replay,0.910710,0.024948,14,1.383511,0.000000,0.374768,0.498753,,,117.954730,195.526316,0.603268,0.000000
hda,HDA,462,462.000,replay,0.910710,0.024948,14,1.383511,0.000000,0.374768,0.498753,,,112.949035,195.526316,0.577667,0.000000
kubernetes-default,K8s default,463,463.000,replay,0.853371,0.062961,14,1.383511,0.000000,0.374768,0.498753,,,120.584593,195.526316,0.616718,0.000000
cga,CGA,463,463.000,replay,0.853371,0.062961,14,1.383511,0.000000,0.374768,0.498753,,,111.734743,195.526316,0.571456,0.000000
hda,HDA,463,463.000,replay,0.853371,0.062961,14,1.383511,0.000000,0.374768,0.498753,,,109.787140,195.526316,0.561495,0.000000
kubernetes-default,K8s default,464,464.000,replay,0.849969,0.003986,14,1.383511,0.000000,0.374768,0.498753,,,119.869195,195.526316,0.613059,0.000000
cga,CGA,464,464.000,replay,0.849969,0.003986,14,1.383511,0.000000,0.374768,0.498753,,,110.240576,195.526316,0.563815,0.000000
hda,HDA,464,464.000,replay,0.849969,0.003986,14,1.383511,0.000000,0.374768,0.498753,,,112.602800,195.526316,0.575896,0.000000
kubernetes-default,K8s default,465,465.000,replay,0.885911,0.040571,14,1.383511,0.000000,0.374768,0.498753,,,122.985717,195.526316,0.628998,0.000000
cga,CGA,465,465.000,replay,0.885911,0.040571,14,1.383511,0.000000,0.374768,0.498753,,,118.567618,195.526316,0.606402,0.000000
hda,HDA,465,465.000,replay,0.885911,0.040571,14,1.383511,0.000000,0.374768,0.498753,,,113.022405,195.526316,0.578042,0.000000
kubernetes-default,K8s default,466,466.000,replay,0.831960,0.060899,14,1.383511,0.000000,0.374768,0.498753,,,121.611527,195.526316,0.621970,0.000000
cga,CGA,466,466.000,replay,0.831960,0.060899,14,1.383511,0.000000,0.374768,0.498753,,,115.127537,195.526316,0.588808,0.000000
hda,HDA,466,466.000,replay,0.831960,0.060899,14,1.383511,0.000000,0.374768,0.498753,,,110.495974,195.526316,0.565121,0.000000
kubernetes-default,K8s default,467,467.000,replay,0.916969,0.092707,14,1.383511,0.000000,0.374768,0.498753,,,129.198094,195.526316,0.660771,0.000000
cga,CGA,467,467.000,replay,0.916969,0.092707,14,1.383511,0.000000,0.374768,0.498753,,,119.888289,195.526316,0.613157,0.000000
hda,HDA,467,467.000,replay,0.916969,0.092707,14,1.383511,0.000000,0.374768,0.498753,,,116.070930,195.526316,0.593633,0.000000
kubernetes-default,K8s default,468,468.000,replay,0.930694,0.014747,14,1.383511,0.000000,0.374768,0.498753,,,126.615771,195.526316,0.647564,0.000000
cga,CGA,468,468.000,replay,0.930694,0.014747,14,1.383511,0.000000,0.374768,0.498753,,,118.717945,195.526316,0.607171,0.000000
hda,HDA,468,468.000,replay,0.930694,0.014747,14,1.383511,0.000000,0.374768,0.498753,,,111.560571,195.526316,0.570566,0.000000
kubernetes-default,K8s default,469,469.000,replay,0.911092,0.021062,14,1.383511,0.000000,0.374768,0.498753,,,120.438273,195.526316,0.615970,0.000000
cga,CGA,469,469.000,replay,0.911092,0.021062,14,1.383511,0.000000,0.374768,0.498753,,,118.562227,195.526316,0.606375,0.000000
hda,HDA,469,469.000,replay,0.911092,0.021062,14,1.383511,0.000000,0.374768,0.498753,,,109.029422,195.526316,0.557620,0.000000
kubernetes-default,K8s default,470,470.000,replay,0.907936,0.003464,14,1.383511,0.000000,0.374768,0.498753,,,121.580225,195.526316,0.621810,0.000000
cga,CGA,470,470.000,replay,0.907936,0.003464,14,1.383511,0.000000,0.374768,0.498753,,,114.910861,195.526316,0.587700,0.000000
hda,HDA,470,470.000,replay,0.907936,0.003464,14,1.383511,0.000000,0.374768,0.498753,,,114.414903,195.526316,0.585164,0.000000
kubernetes-default,K8s default,471,471.000,replay,0.900157,0.008568,14,1.383511,0.000000,0.374768,0.498753,,,123.771757,195.526316,0.633018,0.000000
cga,CGA,471,471.000,replay,0.900157,0.008568,14,1.383511,0.000000,0.374768,0.498753,,,120.068830,195.526316,0.614080,0.000000
hda,HDA,471,471.000,replay,0.900157,0.008568,14,1.383511,0.000000,0.374768,0.498753,,,110.784329,195.526316,0.566595,0.000000
kubernetes-default,K8s default,472,472.000,replay,0.896295,0.004290,14,1.383511,0.000000,0.374768,0.498753,,,121.487904,195.526316,0.621338,0.000000
cga,CGA,472,472.000,replay,0.896295,0.004290,14,1.383511,0.000000,0.374768,0.498753,,,112.994056,195.526316,0.577897,0.000000
hda,HDA,472,472.000,replay,0.896295,0.004290,14,1.383511,0.000000,0.374768,0.498753,,,112.709979,195.526316,0.576444,0.000000
kubernetes-default,K8s default,473,473.000,replay,0.885393,0.012164,14,1.383511,0.000000,0.374768,0.498753,,,120.634256,195.526316,0.616972,0.000000
cga,CGA,473,473.000,replay,0.885393,0.012164,14,1.383511,0.000000,0.374768,0.498753,,,112.848301,195.526316,0.577151,0.000000
hda,HDA,473,473.000,replay,0.885393,0.012164,14,1.383511,0.000000,0.374768,0.498753,,,110.367855,195.526316,0.564465,0.000000
kubernetes-default,K8s default,474,474.000,replay,0.940277,0.058370,14,1.383511,0.000000,0.374768,0.498753,,,136.336937,195.526316,0.697282,0.000000
cga,CGA,474,474.000,replay,0.940277,0.058370,14,1.383511,0.000000,0.374768,0.498753,,,119.173415,195.526316,0.609501,0.000000
hda,HDA,474,474.000,replay,0.940277,0.058370,14,1.383511,0.000000,0.374768,0.498753,,,114.591545,195.526316,0.586067,0.000000
kubernetes-default,K8s default,475,475.000,replay,0.931986,0.008817,14,1.383511,0.000000,0.374768,0.498753,,,127.730554,195.526316,0.653265,0.000000
cga,CGA,475,475.000,replay,0.931986,0.008817,14,1.383511,0.000000,0.374768,0.498753,,,117.341430,195.526316,0.600131,0.000000
hda,HDA,475,475.000,replay,0.931986,0.008817,14,1.383511,0.000000,0.374768,0.498753,,,114.718047,195.526316,0.586714,0.000000
kubernetes-default,K8s default,476,476.000,replay,0.871859,0.064516,14,1.383511,0.000000,0.374768,0.498753,,,124.730875,195.526316,0.637924,0.000000
cga,CGA,476,476.000,replay,0.871859,0.064516,14,1.383511,0.000000,0.374768,0.498753,,,118.371639,195.526316,0.605400,0.000000
hda,HDA,476,476.000,replay,0.871859,0.064516,14,1.383511,0.000000,0.374768,0.498753,,,111.454647,195.526316,0.570024,0.000000
kubernetes-default,K8s default,477,477.000,replay,0.895721,0.026640,14,1.383511,0.000000,0.374768,0.498753,,,123.458183,195.526316,0.631415,0.000000
cga,CGA,477,477.000,replay,0.895721,0.026640,14,1.383511,0.000000,0.374768,0.498753,,,114.743305,195.526316,0.586843,0.000000
hda,HDA,477,477.000,replay,0.895721,0.026640,14,1.383511,0.000000,0.374768,0.498753,,,113.172168,195.526316,0.578808,0.000000
kubernetes-default,K8s default,478,478.000,replay,0.931858,0.038780,14,1.383511,0.000000,0.374768,0.498753,,,123.372148,195.526316,0.630975,0.000000
cga,CGA,478,478.000,replay,0.931858,0.038780,14,1.383511,0.000000,0.374768,0.498753,,,116.071252,195.526316,0.593635,0.000000
hda,HDA,478,478.000,replay,0.931858,0.038780,14,1.383511,0.000000,0.374768,0.498753,,,116.902707,195.526316,0.597887,0.000000
kubernetes-default,K8s default,479,479.000,replay,0.902675,0.031317,14,1.383511,0.000000,0.374768,0.498753,,,125.269420,195.526316,0.640678,0.000000
cga,CGA,479,479.000,replay,0.902675,0.031317,14,1.383511,0.000000,0.374768,0.498753,,,119.122112,195.526316,0.609238,0.000000
hda,HDA,479,479.000,replay,0.902675,0.031317,14,1.383511,0.000000,0.374768,0.498753,,,109.074615,195.526316,0.557851,0.000000
kubernetes-default,K8s default,480,480.000,replay,0.912657,0.010938,14,1.383511,0.000000,0.374768,0.498753,,,118.481926,195.526316,0.605964,0.000000
cga,CGA,480,480.000,replay,0.912657,0.010938,14,1.383511,0.000000,0.374768,0.498753,,,116.530678,195.526316,0.595985,0.000000
hda,HDA,480,480.000,replay,0.912657,0.010938,14,1.383511,0.000000,0.374768,0.498753,,,113.391454,195.526316,0.579929,0.000000
kubernetes-default,K8s default,481,481.000,replay,0.893305,0.021204,14,1.383511,0.000000,0.374768,0.498753,,,123.157277,195.526316,0.629876,0.000000
cga,CGA,481,481.000,replay,0.893305,0.021204,14,1.383511,0.000000,0.374768,0.498753,,,114.548152,195.526316,0.585845,0.000000
hda,HDA,481,481.000,replay,0.893305,0.021204,14,1.383511,0.000000,0.374768,0.498753,,,109.444151,195.526316,0.559741,0.000000
kubernetes-default,K8s default,482,482.000,replay,0.942585,0.052281,14,1.383511,0.000000,0.374768,0.498753,,,129.148794,195.526316,0.660519,0.000000
cga,CGA,482,482.000,replay,0.942585,0.052281,14,1.383511,0.000000,0.374768,0.498753,,,119.294220,195.526316,0.610118,0.000000
hda,HDA,482,482.000,replay,0.942585,0.052281,14,1.383511,0.000000,0.374768,0.498753,,,116.205613,195.526316,0.594322,0.000000
kubernetes-default,K8s default,483,483.000,replay,0.884792,0.061314,14,1.383511,0.000000,0.374768,0.498753,,,126.560180,195.526316,0.647280,0.000000
cga,CGA,483,483.000,replay,0.884792,0.061314,14,1.383511,0.000000,0.374768,0.498753,,,121.109640,195.526316,0.619403,0.000000
hda,HDA,483,483.000,replay,0.884792,0.061314,14,1.383511,0.000000,0.374768,0.498753,,,116.503924,195.526316,0.595848,0.000000
kubernetes-default,K8s default,484,484.000,replay,0.957426,0.075864,14,1.383511,0.000000,0.374768,0.498753,,,127.863133,195.526316,0.653943,0.000000
cga,CGA,484,484.000,replay,0.957426,0.075864,14,1.383511,0.000000,0.374768,0.498753,,,121.727415,195.526316,0.622563,0.000000
hda,HDA,484,484.000,replay,0.957426,0.075864,14,1.383511,0.000000,0.374768,0.498753,,,117.961464,195.526316,0.603302,0.000000
kubernetes-default,K8s default,485,485.000,replay,0.898174,0.061887,14,1.383511,0.000000,0.374768,0.498753,,,125.043905,195.526316,0.639525,0.000000
cga,CGA,485,485.000,replay,0.898174,0.061887,14,1.383511,0.000000,0.374768,0.498753,,,118.446975,195.526316,0.605785,0.000000
hda,HDA,485,485.000,replay,0.898174,0.061887,14,1.383511,0.000000,0.374768,0.498753,,,117.062111,195.526316,0.598703,0.000000
kubernetes-default,K8s default,486,486.000,replay,0.948986,0.053544,14,1.383511,0.000000,0.374768,0.498753,,,125.000398,195.526316,0.639302,0.000000
cga,CGA,486,486.000,replay,0.948986,0.053544,14,1.383511,0.000000,0.374768,0.498753,,,124.152990,195.526316,0.634968,0.000000
hda,HDA,486,486.000,replay,0.948986,0.053544,14,1.383511,0.000000,0.374768,0.498753,,,116.264044,195.526316,0.594621,0.000000
kubernetes-default,K8s default,487,487.000,replay,0.978959,0.030617,14,1.383511,0.000000,0.374768,0.498753,,,130.010267,195.526316,0.664925,0.000000
cga,CGA,487,487.000,replay,0.978959,0.030617,14,1.383511,0.000000,0.374768,0.498753,,,120.956914,195.526316,0.618622,0.000000
hda,HDA,487,487.000,replay,0.978959,0.030617,14,1.383511,0.000000,0.374768,0.498753,,,117.460231,195.526316,0.600739,0.000000
kubernetes-default,K8s default,488,488.000,replay,0.981967,0.003063,14,1.383511,0.000000,0.374768,0.498753,,,131.027268,195.526316,0.670126,0.000000
cga,CGA,488,488.000,replay,0.981967,0.003063,14,1.383511,0.000000,0.374768,0.498753,,,121.751250,195.526316,0.622685,0.000000
hda,HDA,488,488.000,replay,0.981967,0.003063,14,1.383511,0.000000,0.374768,0.498753,,,112.299451,195.526316,0.574344,0.000000
kubernetes-default,K8s default,489,489.000,replay,0.891721,0.091903,14,1.383511,0.000000,0.374768,0.498753,,,123.380880,195.526316,0.631019,0.000000
cga,CGA,489,489.000,replay,0.891721,0.091903,14,1.383511,0.000000,0.374768,0.498753,,,117.278731,195.526316,0.599810,0.000000
hda,HDA,489,489.000,replay,0.891721,0.091903,14,1.383511,0.000000,0.374768,0.498753,,,115.493650,195.526316,0.590681,0.000000
kubernetes-default,K8s default,490,490.000,replay,0.921864,0.032698,14,1.383511,0.000000,0.374768,0.498753,,,123.696805,195.526316,0.632635,0.000000
cga,CGA,490,490.000,replay,0.921864,0.032698,14,1.383511,0.000000,0.374768,0.498753,,,117.517646,195.526316,0.601032,0.000000
hda,HDA,490,490.000,replay,0.921864,0.032698,14,1.383511,0.000000,0.374768,0.498753,,,117.153916,195.526316,0.599172,0.000000
kubernetes-default,K8s default,491,491.000,replay,0.914541,0.007943,14,1.383511,0.000000,0.374768,0.498753,,,127.149695,195.526316,0.650295,0.000000
cga,CGA,491,491.000,replay,0.914541,0.007943,14,1.383511,0.000000,0.374768,0.498753,,,116.981130,195.526316,0.598288,0.000000
hda,HDA,491,491.000,replay,0.914541,0.007943,14,1.383511,0.000000,0.374768,0.498753,,,109.458716,195.526316,0.559816,0.000000
kubernetes-default,K8s default,492,492.000,replay,0.965786,0.053061,14,1.383511,0.000000,0.374768,0.498753,,,133.725615,195.526316,0.683926,0.000000
cga,CGA,492,492.000,replay,0.965786,0.053061,14,1.383511,0.000000,0.374768,0.498753,,,125.089392,195.526316,0.639757,0.000000
hda,HDA,492,492.000,replay,0.965786,0.053061,14,1.383511,0.000000,0.374768,0.498753,,,114.638478,195.526316,0.586307,0.000000
kubernetes-default,K8s default,493,493.000,replay,0.913731,0.053899,14,1.383511,0.000000,0.374768,0.498753,,,123.197135,195.526316,0.630080,0.000000
cga,CGA,493,493.000,replay,0.913731,0.053899,14,1.383511,0.000000,0.374768,0.498753,,,119.438504,195.526316,0.610856,0.000000
hda,HDA,493,493.000,replay,0.913731,0.053899,14,1.383511,0.000000,0.374768,0.498753,,,110.715643,195.526316,0.566244,0.000000
kubernetes-default,K8s default,494,494.000,replay,0.945002,0.033092,14,1.383511,0.000000,0.374768,0.498753,,,124.360718,195.526316,0.636031,0.000000
cga,CGA,494,494.000,replay,0.945002,0.033092,14,1.383511,0.000000,0.374768,0.498753,,,122.265375,195.526316,0.625314,0.000000
hda,HDA,494,494.000,replay,0.945002,0.033092,14,1.383511,0.000000,0.374768,0.498753,,,114.049344,195.526316,0.583294,0.000000
kubernetes-default,K8s default,495,495.000,replay,0.930469,0.015379,14,1.383511,0.000000,0.374768,0.498753,,,126.490900,195.526316,0.646925,0.000000
cga,CGA,495,495.000,replay,0.930469,0.015379,14,1.383511,0.000000,0.374768,0.498753,,,115.364047,195.526316,0.590018,0.000000
hda,HDA,495,495.000,replay,0.930469,0.015379,14,1.383511,0.000000,0.374768,0.498753,,,109.857378,195.526316,0.561855,0.000000
kubernetes-default,K8s default,496,496.000,replay,0.989826,0.059967,14,1.383511,0.000000,0.374768,0.498753,,,132.070690,195.526316,0.675462,0.000000
cga,CGA,496,496.000,replay,0.989826,0.059967,14,1.383511,0.000000,0.374768,0.498753,,,124.676751,195.526316,0.637647,0.000000
hda,HDA,496,496.000,replay,0.989826,0.059967,14,1.383511,0.000000,0.374768,0.498753,,,115.426901,195.526316,0.590339,0.000000
kubernetes-default,K8s default,497,497.000,replay,0.944903,0.045385,14,1.383511,0.000000,0.374768,0.498753,,,129.573876,195.526316,0.662693,0.000000
cga,CGA,497,497.000,replay,0.944903,0.045385,14,1.383511,0.000000,0.374768,0.498753,,,124.583374,195.526316,0.637169,0.000000
hda,HDA,497,497.000,replay,0.944903,0.045385,14,1.383511,0.000000,0.374768,0.498753,,,116.206440,195.526316,0.594326,0.000000
kubernetes-default,K8s default,498,498.000,replay,0.953030,0.008528,14,1.383511,0.000000,0.374768,0.498753,,,131.130521,195.526316,0.670654,0.000000
cga,CGA,498,498.000,replay,0.953030,0.008528,14,1.383511,0.000000,0.374768,0.498753,,,117.055741,195.526316,0.598670,0.000000
hda,HDA,498,498.000,replay,0.953030,0.008528,14,1.383511,0.000000,0.374768,0.498753,,,115.081907,195.526316,0.588575,0.000000
kubernetes-default,K8s default,499,499.000,replay,0.949931,0.003252,14,1.383511,0.000000,0.374768,0.498753,,,129.599751,195.526316,0.662825,0.000000
cga,CGA,499,499.000,replay,0.949931,0.003252,14,1.383511,0.000000,0.374768,0.498753,,,120.659275,195.526316,0.617100,0.000000
hda,HDA,499,499.000,replay,0.949931,0.003252,14,1.383511,0.000000,0.374768,0.498753,,,113.234945,195.526316,0.579129,0.000000
