step,time_s,source,destination,weight
0,0.0,compose-post-service,home-timeline-service,11.503242
0,0.0,compose-post-service,media-service,5.751621
0,0.0,compose-post-service,post-storage-service,13.146562
0,0.0,compose-post-service,url-shorten-service,7.394941
0,0.0,compose-post-service,user-mention-service,7.394941
0,0.0,compose-post-service,user-service,9.859922
0,0.0,compose-post-service,user-timeline-service,9.859922
0,0.0,home-timeline-service,post-storage-service,51.764589
0,0.0,home-timeline-service,social-graph-service,40.261347
0,0.0,home-timeline-service,user-service,28.758105
0,0.0,nginx-thrift,compose-post-service,16.433203
0,0.0,nginx-thrift,home-timeline-service,57.516210
0,0.0,nginx-thrift,user-timeline-service,8.216601
0,0.0,user-timeline-service,post-storage-service,6.984111
1,5.0,compose-post-service,home-timeline-service,11.671952
1,5.0,compose-post-service,media-service,5.835976
1,5.0,compose-post-service,post-storage-service,13.339374
1,5.0,compose-post-service,url-shorten-service,7.503398
1,5.0,compose-post-service,user-mention-service,7.503398
1,5.0,compose-post-service,user-service,10.004530
1,5.0,compose-post-service,user-timeline-service,10.004530
1,5.0,home-timeline-service,post-storage-service,52.321692
1,5.0,home-timeline-service,social-graph-service,40.694649
1,5.0,home-timeline-service,user-service,29.067606
1,5.0,nginx-thrift,compose-post-service,16.674217
1,5.0,nginx-thrift,home-timeline-service,58.135213
1,5.0,nginx-thrift,user-timeline-service,8.352569
1,5.0,user-timeline-service,post-storage-service,7.099684
2,10.0,compose-post-service,home-timeline-service,12.069596
2,10.0,compose-post-service,media-service,6.034798
2,10.0,compose-post-service,post-storage-service,13.793825
2,10.0,compose-post-service,url-shorten-service,7.759026
2,10.0,compose-post-service,user-mention-service,7.759026
2,10.0,compose-post-service,user-service,10.345368
2,10.0,compose-post-service,user-timeline-service,10.345368
2,10.0,home-timeline-service,post-storage-service,53.896538
2,10.0,home-timeline-service,social-graph-service,41.919529
2,10.0,home-timeline-service,user-service,29.942521
2,10.0,nginx-thrift,compose-post-service,17.242281
2,10.0,nginx-thrift,home-timeline-service,59.885042
2,10.0,nginx-thrift,user-timeline-service,8.653015
2,10.0,user-timeline-service,post-storage-service,7.355063
3,15.0,compose-post-service,home-timeline-service,12.482412
3,15.0,compose-post-service,media-service,6.241206
3,15.0,compose-post-service,post-storage-service,14.265614
3,15.0,compose-post-service,url-shorten-service,8.024408
3,15.0,compose-post-service,user-mention-service,8.024408
3,15.0,compose-post-service,user-service,10.699210
3,15.0,compose-post-service,user-timeline-service,10.699210
3,15.0,home-timeline-service,post-storage-service,55.526526
3,15.0,home-timeline-service,social-graph-service,43.187298
3,15.0,home-timeline-service,user-service,30.848070
3,15.0,nginx-thrift,compose-post-service,17.832017
3,15.0,nginx-thrift,home-timeline-service,61.696141
3,15.0,nginx-thrift,user-timeline-service,8.965303
3,15.0,user-timeline-service,post-storage-service,7.620508
4,20.0,compose-post-service,home-timeline-service,11.832831
4,20.0,compose-post-service,media-service,5.916415
4,20.0,compose-post-service,post-storage-service,13.523235
4,20.0,compose-post-service,url-shorten-service,7.606820
4,20.0,compose-post-service,user-mention-service,7.606820
4,20.0,compose-post-service,user-service,10.142426
4,20.0,compose-post-service,user-timeline-service,10.142426
4,20.0,home-timeline-service,post-storage-service,52.435879
4,20.0,home-timeline-service,social-graph-service,40.783461
4,20.0,home-timeline-service,user-service,29.131044
4,20.0,nginx-thrift,compose-post-service,16.904044
4,20.0,nginx-thrift,home-timeline-service,58.262088
4,20.0,nginx-thrift,user-timeline-service,8.514136
4,20.0,user-timeline-service,post-storage-service,7.237015
5,25.0,compose-post-service,home-timeline-service,11.841810
5,25.0,compose-post-service,media-service,5.920905
5,25.0,compose-post-service,post-storage-service,13.533497
5,25.0,compose-post-service,url-shorten-service,7.612592
5,25.0,compose-post-service,user-mention-service,7.612592
5,25.0,compose-post-service,user-service,10.150123
5,25.0,compose-post-service,user-timeline-service,10.150123
5,25.0,home-timeline-service,post-storage-service,52.275707
5,25.0,home-timeline-service,social-graph-service,40.658883
5,25.0,home-timeline-service,user-service,29.042060
5,25.0,nginx-thrift,compose-post-service,16.916872
5,25.0,nginx-thrift,home-timeline-service,58.084119
5,25.0,nginx-thrift,user-timeline-service,8.535898
5,25.0,user-timeline-service,post-storage-service,7.255513
6,30.0,compose-post-service,home-timeline-service,12.036799
6,30.0,compose-post-service,media-service,6.018400
6,30.0,compose-post-service,post-storage-service,13.756342
6,30.0,compose-post-service,url-shorten-service,7.737942
6,30.0,compose-post-service,user-mention-service,7.737942
6,30.0,compose-post-service,user-service,10.317257
6,30.0,compose-post-service,user-timeline-service,10.317257
6,30.0,home-timeline-service,post-storage-service,52.934495
6,30.0,home-timeline-service,social-graph-service,41.171274
6,30.0,home-timeline-service,user-service,29.408053
6,30.0,nginx-thrift,compose-post-service,17.195428
6,30.0,nginx-thrift,home-timeline-service,58.816106
6,30.0,nginx-thrift,user-timeline-service,8.691910
6,30.0,user-timeline-service,post-storage-service,7.388124
7,35.0,compose-post-service,home-timeline-service,12.753572
7,35.0,compose-post-service,media-service,6.376786
7,35.0,compose-post-service,post-storage-service,14.575511
7,35.0,compose-post-service,url-shorten-service,8.198725
7,35.0,compose-post-service,user-mention-service,8.198725
7,35.0,compose-post-service,user-service,10.931633
7,35.0,compose-post-service,user-timeline-service,10.931633
7,35.0,home-timeline-service,post-storage-service,55.873967
7,35.0,home-timeline-service,social-graph-service,43.457530
7,35.0,home-timeline-service,user-service,31.041093
7,35.0,nginx-thrift,compose-post-service,18.219388
7,35.0,nginx-thrift,home-timeline-service,62.082186
7,35.0,nginx-thrift,user-timeline-service,9.225780
7,35.0,user-timeline-service,post-storage-service,7.841913
7,35.0,user-timeline-service,user-service,5.074179
8,40.0,compose-post-service,home-timeline-service,12.013598
8,40.0,compose-post-service,media-service,6.006799
8,40.0,compose-post-service,post-storage-service,13.729826
8,40.0,compose-post-service,url-shorten-service,7.723027
8,40.0,compose-post-service,user-mention-service,7.723027
8,40.0,compose-post-service,user-service,10.297370
8,40.0,compose-post-service,user-timeline-service,10.297370
8,40.0,home-timeline-service,post-storage-service,52.432997
8,40.0,home-timeline-service,social-graph-service,40.781220
8,40.0,home-timeline-service,user-service,29.129443
8,40.0,nginx-thrift,compose-post-service,17.162283
8,40.0,nginx-thrift,home-timeline-service,58.258885
8,40.0,nginx-thrift,user-timeline-service,8.705736
8,40.0,user-timeline-service,post-storage-service,7.399876
9,45.0,compose-post-service,home-timeline-service,12.820221
9,45.0,compose-post-service,media-service,6.410110
9,45.0,compose-post-service,post-storage-service,14.651681
9,45.0,compose-post-service,url-shorten-service,8.241570
9,45.0,compose-post-service,user-mention-service,8.241570
9,45.0,compose-post-service,user-service,10.988760
9,45.0,compose-post-service,user-timeline-service,10.988760
9,45.0,home-timeline-service,post-storage-service,55.742307
9,45.0,home-timeline-service,social-graph-service,43.355128
9,45.0,home-timeline-service,user-service,30.967948
9,45.0,nginx-thrift,compose-post-service,18.314601
9,45.0,nginx-thrift,home-timeline-service,61.935897
9,45.0,nginx-thrift,user-timeline-service,9.306430
9,45.0,user-timeline-service,post-storage-service,7.910466
9,45.0,user-timeline-service,user-service,5.118537
10,50.0,compose-post-service,home-timeline-service,12.762952
10,50.0,compose-post-service,media-service,6.381476
10,50.0,compose-post-service,post-storage-service,14.586231
10,50.0,compose-post-service,url-shorten-service,8.204755
10,50.0,compose-post-service,user-mention-service,8.204755
10,50.0,compose-post-service,user-service,10.939673
10,50.0,compose-post-service,user-timeline-service,10.939673
10,50.0,home-timeline-service,post-storage-service,55.284375
10,50.0,home-timeline-service,social-graph-service,42.998958
10,50.0,home-timeline-service,user-service,30.713542
10,50.0,nginx-thrift,compose-post-service,18.232789
10,50.0,nginx-thrift,home-timeline-service,61.427083
10,50.0,nginx-thrift,user-timeline-service,9.280860
10,50.0,user-timeline-service,post-storage-service,7.888731
10,50.0,user-timeline-service,user-service,5.104473
11,55.0,compose-post-service,home-timeline-service,12.126311
11,55.0,compose-post-service,media-service,6.063155
11,55.0,compose-post-service,post-storage-service,13.858641
11,55.0,compose-post-service,url-shorten-service,7.795486
11,55.0,compose-post-service,user-mention-service,7.795486
11,55.0,compose-post-service,user-service,10.393981
11,55.0,compose-post-service,user-timeline-service,10.393981
11,55.0,home-timeline-service,post-storage-service,52.329395
11,55.0,home-timeline-service,social-graph-service,40.700640
11,55.0,home-timeline-service,user-service,29.071886
11,55.0,nginx-thrift,compose-post-service,17.323301
11,55.0,nginx-thrift,home-timeline-service,58.143772
11,55.0,nginx-thrift,user-timeline-service,8.833026
11,55.0,user-timeline-service,post-storage-service,7.508072
12,60.0,compose-post-service,home-timeline-service,12.686317
12,60.0,compose-post-service,media-service,6.343158
12,60.0,compose-post-service,post-storage-service,14.498648
12,60.0,compose-post-service,url-shorten-service,8.155489
12,60.0,compose-post-service,user-mention-service,8.155489
12,60.0,compose-post-service,user-service,10.873986
12,60.0,compose-post-service,user-timeline-service,10.873986
12,60.0,home-timeline-service,post-storage-service,54.540893
12,60.0,home-timeline-service,social-graph-service,42.420695
12,60.0,home-timeline-service,user-service,30.300496
12,60.0,nginx-thrift,compose-post-service,18.123310
12,60.0,nginx-thrift,home-timeline-service,60.600992
12,60.0,nginx-thrift,user-timeline-service,9.256664
12,60.0,user-timeline-service,post-storage-service,7.868164
12,60.0,user-timeline-service,user-service,5.091165
13,65.0,compose-post-service,home-timeline-service,12.615242
13,65.0,compose-post-service,media-service,6.307621
13,65.0,compose-post-service,post-storage-service,14.417419
13,65.0,compose-post-service,url-shorten-service,8.109798
13,65.0,compose-post-service,user-mention-service,8.109798
13,65.0,compose-post-service,user-service,10.813064
13,65.0,compose-post-service,user-timeline-service,10.813064
13,65.0,home-timeline-service,post-storage-service,54.032599
13,65.0,home-timeline-service,social-graph-service,42.025355
13,65.0,home-timeline-service,user-service,30.018111
13,65.0,nginx-thrift,compose-post-service,18.021774
13,65.0,nginx-thrift,home-timeline-service,60.036222
13,65.0,nginx-thrift,user-timeline-service,9.220344
13,65.0,user-timeline-service,post-storage-service,7.837292
13,65.0,user-timeline-service,user-service,5.071189
14,70.0,compose-post-service,home-timeline-service,12.612317
14,70.0,compose-post-service,media-service,6.306159
14,70.0,compose-post-service,post-storage-service,14.414077
14,70.0,compose-post-service,url-shorten-service,8.107918
14,70.0,compose-post-service,user-mention-service,8.107918
14,70.0,compose-post-service,user-service,10.810558
14,70.0,compose-post-service,user-timeline-service,10.810558
14,70.0,home-timeline-service,post-storage-service,53.818634
14,70.0,home-timeline-service,social-graph-service,41.858937
14,70.0,home-timeline-service,user-service,29.899241
14,70.0,nginx-thrift,compose-post-service,18.017596
14,70.0,nginx-thrift,home-timeline-service,59.798482
14,70.0,nginx-thrift,user-timeline-service,9.233653
14,70.0,user-timeline-service,post-storage-service,7.848605
14,70.0,user-timeline-service,user-service,5.078509
15,75.0,compose-post-service,home-timeline-service,13.418140
15,75.0,compose-post-service,media-service,6.709070
15,75.0,compose-post-service,post-storage-service,15.335017
15,75.0,compose-post-service,url-shorten-service,8.625947
15,75.0,compose-post-service,user-mention-service,8.625947
15,75.0,compose-post-service,user-service,11.501263
15,75.0,compose-post-service,user-timeline-service,11.501263
15,75.0,home-timeline-service,post-storage-service,57.044198
15,75.0,home-timeline-service,social-graph-service,44.367709
15,75.0,home-timeline-service,user-service,31.691221
15,75.0,nginx-thrift,compose-post-service,19.168771
15,75.0,nginx-thrift,home-timeline-service,63.382442
15,75.0,nginx-thrift,user-timeline-service,9.839945
15,75.0,user-timeline-service,post-storage-service,8.363954
15,75.0,user-timeline-service,user-service,5.411970
16,80.0,compose-post-service,home-timeline-service,12.279262
16,80.0,compose-post-service,media-service,6.139631
16,80.0,compose-post-service,post-storage-service,14.033442
16,80.0,compose-post-service,url-shorten-service,7.893811
16,80.0,compose-post-service,user-mention-service,7.893811
16,80.0,compose-post-service,user-service,10.525082
16,80.0,compose-post-service,user-timeline-service,10.525082
16,80.0,home-timeline-service,post-storage-service,52.008782
16,80.0,home-timeline-service,social-graph-service,40.451275
16,80.0,home-timeline-service,user-service,28.893768
16,80.0,nginx-thrift,compose-post-service,17.541803
16,80.0,nginx-thrift,home-timeline-service,57.787536
16,80.0,nginx-thrift,user-timeline-service,9.019637
16,80.0,user-timeline-service,post-storage-service,7.666692
17,85.0,compose-post-service,home-timeline-service,12.225389
17,85.0,compose-post-service,media-service,6.112694
17,85.0,compose-post-service,post-storage-service,13.971873
17,85.0,compose-post-service,url-shorten-service,7.859179
17,85.0,compose-post-service,user-mention-service,7.859179
17,85.0,compose-post-service,user-service,10.478905
17,85.0,compose-post-service,user-timeline-service,10.478905
17,85.0,home-timeline-service,post-storage-service,51.588895
17,85.0,home-timeline-service,social-graph-service,40.124696
17,85.0,home-timeline-service,user-service,28.660497
17,85.0,nginx-thrift,compose-post-service,17.464841
17,85.0,nginx-thrift,home-timeline-service,57.320994
17,85.0,nginx-thrift,user-timeline-service,8.994783
17,85.0,user-timeline-service,post-storage-service,7.645565
18,90.0,compose-post-service,home-timeline-service,13.477097
18,90.0,compose-post-service,media-service,6.738549
18,90.0,compose-post-service,post-storage-service,15.402397
18,90.0,compose-post-service,url-shorten-service,8.663848
18,90.0,compose-post-service,user-mention-service,8.663848
18,90.0,compose-post-service,user-service,11.551798
18,90.0,compose-post-service,user-timeline-service,11.551798
18,90.0,home-timeline-service,post-storage-service,56.660822
18,90.0,home-timeline-service,social-graph-service,44.069528
18,90.0,home-timeline-service,user-service,31.478234
18,90.0,nginx-thrift,compose-post-service,19.252996
18,90.0,nginx-thrift,home-timeline-service,62.956469
18,90.0,nginx-thrift,user-timeline-service,9.931855
18,90.0,user-timeline-service,post-storage-service,8.442077
18,90.0,user-timeline-service,user-service,5.462520
19,95.0,compose-post-service,home-timeline-service,12.812876
19,95.0,compose-post-service,media-service,6.406438
19,95.0,compose-post-service,post-storage-service,14.643287
19,95.0,compose-post-service,url-shorten-service,8.236849
19,95.0,compose-post-service,user-mention-service,8.236849
19,95.0,compose-post-service,user-service,10.982465
19,95.0,compose-post-service,user-timeline-service,10.982465
19,95.0,home-timeline-service,post-storage-service,53.669796
19,95.0,home-timeline-service,social-graph-service,41.743175
19,95.0,home-timeline-service,user-service,29.816553
19,95.0,nginx-thrift,compose-post-service,18.304109
19,95.0,nginx-thrift,home-timeline-service,59.633107
19,95.0,nginx-thrift,user-timeline-service,9.457614
19,95.0,user-timeline-service,post-storage-service,8.038972
19,95.0,user-timeline-service,user-service,5.201687
20,100.0,compose-post-service,home-timeline-service,12.584902
20,100.0,compose-post-service,media-service,6.292451
20,100.0,compose-post-service,post-storage-service,14.382745
20,100.0,compose-post-service,url-shorten-service,8.090294
20,100.0,compose-post-service,user-mention-service,8.090294
20,100.0,compose-post-service,user-service,10.787059
20,100.0,compose-post-service,user-timeline-service,10.787059
20,100.0,home-timeline-service,post-storage-service,52.521095
20,100.0,home-timeline-service,social-graph-service,40.849741
20,100.0,home-timeline-service,user-service,29.178386
20,100.0,nginx-thrift,compose-post-service,17.978431
20,100.0,nginx-thrift,home-timeline-service,58.356772
20,100.0,nginx-thrift,user-timeline-service,9.304235
20,100.0,user-timeline-service,post-storage-service,7.908600
20,100.0,user-timeline-service,user-service,5.117329
21,105.0,compose-post-service,home-timeline-service,12.801361
21,105.0,compose-post-service,media-service,6.400680
21,105.0,compose-post-service,post-storage-service,14.630127
21,105.0,compose-post-service,url-shorten-service,8.229446
21,105.0,compose-post-service,user-mention-service,8.229446
21,105.0,compose-post-service,user-service,10.972595
21,105.0,compose-post-service,user-timeline-service,10.972595
21,105.0,home-timeline-service,post-storage-service,53.228537
21,105.0,home-timeline-service,social-graph-service,41.399973
21,105.0,home-timeline-service,user-service,29.571409
21,105.0,nginx-thrift,compose-post-service,18.287658
21,105.0,nginx-thrift,home-timeline-service,59.142818
21,105.0,nginx-thrift,user-timeline-service,9.479337
21,105.0,user-timeline-service,post-storage-service,8.057436
21,105.0,user-timeline-service,user-service,5.213635
22,110.0,compose-post-service,home-timeline-service,12.889374
22,110.0,compose-post-service,media-service,6.444687
22,110.0,compose-post-service,post-storage-service,14.730713
22,110.0,compose-post-service,url-shorten-service,8.286026
22,110.0,compose-post-service,user-mention-service,8.286026
22,110.0,compose-post-service,user-service,11.048034
22,110.0,compose-post-service,user-timeline-service,11.048034
22,110.0,home-timeline-service,post-storage-service,53.398424
22,110.0,home-timeline-service,social-graph-service,41.532107
22,110.0,home-timeline-service,user-service,29.665791
22,110.0,nginx-thrift,compose-post-service,18.413391
22,110.0,nginx-thrift,home-timeline-service,59.331582
22,110.0,nginx-thrift,user-timeline-service,9.559600
22,110.0,user-timeline-service,post-storage-service,8.125660
22,110.0,user-timeline-service,user-service,5.257780
23,115.0,compose-post-service,home-timeline-service,13.717522
23,115.0,compose-post-service,media-service,6.858761
23,115.0,compose-post-service,post-storage-service,15.677168
23,115.0,compose-post-service,url-shorten-service,8.818407
23,115.0,compose-post-service,user-mention-service,8.818407
23,115.0,compose-post-service,user-service,11.757876
23,115.0,compose-post-service,user-timeline-service,11.757876
23,115.0,home-timeline-service,post-storage-service,56.621884
23,115.0,home-timeline-service,social-graph-service,44.039243
23,115.0,home-timeline-service,user-service,31.456602
23,115.0,nginx-thrift,compose-post-service,19.596460
23,115.0,nginx-thrift,home-timeline-service,62.913205
23,115.0,nginx-thrift,user-timeline-service,10.189780
23,115.0,user-timeline-service,post-storage-service,8.661313
23,115.0,user-timeline-service,user-service,5.604379
24,120.0,compose-post-service,home-timeline-service,12.767162
24,120.0,compose-post-service,media-service,6.383581
24,120.0,compose-post-service,post-storage-service,14.591043
24,120.0,compose-post-service,url-shorten-service,8.207462
24,120.0,compose-post-service,user-mention-service,8.207462
24,120.0,compose-post-service,user-service,10.943282
24,120.0,compose-post-service,user-timeline-service,10.943282
24,120.0,home-timeline-service,post-storage-service,52.507198
24,120.0,home-timeline-service,social-graph-service,40.838932
24,120.0,home-timeline-service,user-service,29.170666
24,120.0,nginx-thrift,compose-post-service,18.238803
24,120.0,nginx-thrift,home-timeline-service,58.341332
24,120.0,nginx-thrift,user-timeline-service,9.498611
24,120.0,user-timeline-service,post-storage-service,8.073819
24,120.0,user-timeline-service,user-service,5.224236
25,125.0,compose-post-service,home-timeline-service,12.817454
25,125.0,compose-post-service,media-service,6.408727
25,125.0,compose-post-service,post-storage-service,14.648519
25,125.0,compose-post-service,url-shorten-service,8.239792
25,125.0,compose-post-service,user-mention-service,8.239792
25,125.0,compose-post-service,user-service,10.986389
25,125.0,compose-post-service,user-timeline-service,10.986389
25,125.0,home-timeline-service,post-storage-service,52.522549
25,125.0,home-timeline-service,social-graph-service,40.850872
25,125.0,home-timeline-service,user-service,29.179194
25,125.0,nginx-thrift,compose-post-service,18.310648
25,125.0,nginx-thrift,home-timeline-service,58.358388
25,125.0,nginx-thrift,user-timeline-service,9.550790
25,125.0,user-timeline-service,post-storage-service,8.118172
25,125.0,user-timeline-service,user-service,5.252935
26,130.0,compose-post-service,home-timeline-service,13.352323
26,130.0,compose-post-service,media-service,6.676161
26,130.0,compose-post-service,post-storage-service,15.259798
26,130.0,compose-post-service,url-shorten-service,8.583636
26,130.0,compose-post-service,user-mention-service,8.583636
26,130.0,compose-post-service,user-service,11.444848
26,130.0,compose-post-service,user-timeline-service,11.444848
26,130.0,home-timeline-service,post-storage-service,54.516025
26,130.0,home-timeline-service,social-graph-service,42.401353
26,130.0,home-timeline-service,user-service,30.286681
26,130.0,nginx-thrift,compose-post-service,19.074747
26,130.0,nginx-thrift,home-timeline-service,60.573361
26,130.0,nginx-thrift,user-timeline-service,9.964640
26,130.0,user-timeline-service,post-storage-service,8.469944
26,130.0,user-timeline-service,user-service,5.480552
27,135.0,compose-post-service,home-timeline-service,13.344356
27,135.0,compose-post-service,media-service,6.672178
27,135.0,compose-post-service,post-storage-service,15.250692
27,135.0,compose-post-service,url-shorten-service,8.578514
27,135.0,compose-post-service,user-mention-service,8.578514
27,135.0,compose-post-service,user-service,11.438019
27,135.0,compose-post-service,user-timeline-service,11.438019
27,135.0,home-timeline-service,post-storage-service,54.286523
27,135.0,home-timeline-service,social-graph-service,42.222851
27,135.0,home-timeline-service,user-service,30.159179
27,135.0,nginx-thrift,compose-post-service,19.063365
27,135.0,nginx-thrift,home-timeline-service,60.318359
27,135.0,nginx-thrift,user-timeline-service,9.973902
27,135.0,user-timeline-service,post-storage-service,8.477817
27,135.0,user-timeline-service,user-service,5.485646
28,140.0,compose-post-service,home-timeline-service,13.934036
28,140.0,compose-post-service,media-service,6.967018
28,140.0,compose-post-service,post-storage-service,15.924612
28,140.0,compose-post-service,url-shorten-service,8.957594
28,140.0,compose-post-service,user-mention-service,8.957594
28,140.0,compose-post-service,user-service,11.943459
28,140.0,compose-post-service,user-timeline-service,11.943459
28,140.0,home-timeline-service,post-storage-service,56.480967
28,140.0,home-timeline-service,social-graph-service,43.929641
28,140.0,home-timeline-service,user-service,31.378315
28,140.0,nginx-thrift,compose-post-service,19.905765
28,140.0,nginx-thrift,home-timeline-service,62.756631
28,140.0,nginx-thrift,user-timeline-service,10.430440
28,140.0,user-timeline-service,post-storage-service,8.865874
28,140.0,user-timeline-service,user-service,5.736742
29,145.0,compose-post-service,home-timeline-service,13.822109
29,145.0,compose-post-service,media-service,6.911055
29,145.0,compose-post-service,post-storage-service,15.796696
29,145.0,compose-post-service,url-shorten-service,8.885642
29,145.0,compose-post-service,user-mention-service,8.885642
29,145.0,compose-post-service,user-service,11.847522
29,145.0,compose-post-service,user-timeline-service,11.847522
29,145.0,home-timeline-service,post-storage-service,55.825681
29,145.0,home-timeline-service,social-graph-service,43.419974
29,145.0,home-timeline-service,user-service,31.014267
29,145.0,nginx-thrift,compose-post-service,19.745870
29,145.0,nginx-thrift,home-timeline-service,62.028535
29,145.0,nginx-thrift,user-timeline-service,10.362244
29,145.0,user-timeline-service,post-storage-service,8.807907
29,145.0,user-timeline-service,user-service,5.699234
30,150.0,compose-post-service,home-timeline-service,13.211260
30,150.0,compose-post-service,media-service,6.605630
30,150.0,compose-post-service,post-storage-service,15.098582
30,150.0,compose-post-service,url-shorten-service,8.492953
30,150.0,compose-post-service,user-mention-service,8.492953
30,150.0,compose-post-service,user-service,11.323937
30,150.0,compose-post-service,user-timeline-service,11.323937
30,150.0,home-timeline-service,post-storage-service,53.166999
30,150.0,home-timeline-service,social-graph-service,41.352111
30,150.0,home-timeline-service,user-service,29.537222
30,150.0,nginx-thrift,compose-post-service,18.873228
30,150.0,nginx-thrift,home-timeline-service,59.074444
30,150.0,nginx-thrift,user-timeline-service,9.919120
30,150.0,user-timeline-service,post-storage-service,8.431252
30,150.0,user-timeline-service,user-service,5.455516
31,155.0,compose-post-service,home-timeline-service,13.047025
31,155.0,compose-post-service,media-service,6.523513
31,155.0,compose-post-service,post-storage-service,14.910886
31,155.0,compose-post-service,url-shorten-service,8.387373
31,155.0,compose-post-service,user-mention-service,8.387373
31,155.0,compose-post-service,user-service,11.183165
31,155.0,compose-post-service,user-timeline-service,11.183165
31,155.0,home-timeline-service,post-storage-service,52.318025
31,155.0,home-timeline-service,social-graph-service,40.691797
31,155.0,home-timeline-service,user-service,29.065569
31,155.0,nginx-thrift,compose-post-service,18.638608
31,155.0,nginx-thrift,home-timeline-service,58.131138
31,155.0,nginx-thrift,user-timeline-service,9.810373
31,155.0,user-timeline-service,post-storage-service,8.338817
31,155.0,user-timeline-service,user-service,5.395705
32,160.0,compose-post-service,home-timeline-service,13.947729
32,160.0,compose-post-service,media-service,6.973865
32,160.0,compose-post-service,post-storage-service,15.940262
32,160.0,compose-post-service,url-shorten-service,8.966397
32,160.0,compose-post-service,user-mention-service,8.966397
32,160.0,compose-post-service,user-service,11.955197
32,160.0,compose-post-service,user-timeline-service,11.955197
32,160.0,home-timeline-service,post-storage-service,55.729985
32,160.0,home-timeline-service,social-graph-service,43.345544
32,160.0,home-timeline-service,user-service,30.961103
32,160.0,nginx-thrift,compose-post-service,19.925328
32,160.0,nginx-thrift,home-timeline-service,61.922206
32,160.0,nginx-thrift,user-timeline-service,10.503123
32,160.0,user-timeline-service,post-storage-service,8.927654
32,160.0,user-timeline-service,user-service,5.776717
33,165.0,compose-post-service,home-timeline-service,14.198287
33,165.0,compose-post-service,media-service,7.099143
33,165.0,compose-post-service,post-storage-service,16.226614
33,165.0,compose-post-service,url-shorten-service,9.127470
33,165.0,compose-post-service,user-mention-service,9.127470
33,165.0,compose-post-service,user-service,12.169960
33,165.0,compose-post-service,user-timeline-service,12.169960
33,165.0,home-timeline-service,post-storage-service,56.528912
33,165.0,home-timeline-service,social-graph-service,43.966932
33,165.0,home-timeline-service,user-service,31.404951
33,165.0,nginx-thrift,compose-post-service,20.283267
33,165.0,nginx-thrift,home-timeline-service,62.809902
33,165.0,nginx-thrift,user-timeline-service,10.707488
33,165.0,user-timeline-service,post-storage-service,9.101365
33,165.0,user-timeline-service,user-service,5.889118
34,170.0,compose-post-service,home-timeline-service,12.932568
34,170.0,compose-post-service,media-service,6.466284
34,170.0,compose-post-service,post-storage-service,14.780077
34,170.0,compose-post-service,url-shorten-service,8.313794
34,170.0,compose-post-service,user-mention-service,8.313794
34,170.0,compose-post-service,user-service,11.085058
34,170.0,compose-post-service,user-timeline-service,11.085058
34,170.0,home-timeline-service,post-storage-service,51.306496
34,170.0,home-timeline-service,social-graph-service,39.905053
34,170.0,home-timeline-service,user-service,28.503609
34,170.0,nginx-thrift,compose-post-service,18.475097
34,170.0,nginx-thrift,home-timeline-service,57.007218
34,170.0,nginx-thrift,user-timeline-service,9.767175
34,170.0,user-timeline-service,post-storage-service,8.302099
34,170.0,user-timeline-service,user-service,5.371946
35,175.0,compose-post-service,home-timeline-service,13.936910
35,175.0,compose-post-service,media-service,6.968455
35,175.0,compose-post-service,post-storage-service,15.927898
35,175.0,compose-post-service,url-shorten-service,8.959442
35,175.0,compose-post-service,user-mention-service,8.959442
35,175.0,compose-post-service,user-service,11.945923
35,175.0,compose-post-service,user-timeline-service,11.945923
35,175.0,home-timeline-service,post-storage-service,55.094807
35,175.0,home-timeline-service,social-graph-service,42.851517
35,175.0,home-timeline-service,user-service,30.608226
35,175.0,nginx-thrift,compose-post-service,19.909872
35,175.0,nginx-thrift,home-timeline-service,61.216452
35,175.0,nginx-thrift,user-timeline-service,10.540938
35,175.0,user-timeline-service,post-storage-service,8.959797
35,175.0,user-timeline-service,user-service,5.797516
36,180.0,compose-post-service,home-timeline-service,14.161866
36,180.0,compose-post-service,media-service,7.080933
36,180.0,compose-post-service,post-storage-service,16.184989
36,180.0,compose-post-service,url-shorten-service,9.104056
36,180.0,compose-post-service,user-mention-service,9.104056
36,180.0,compose-post-service,user-service,12.138742
36,180.0,compose-post-service,user-timeline-service,12.138742
36,180.0,home-timeline-service,post-storage-service,55.785949
36,180.0,home-timeline-service,social-graph-service,43.389071
36,180.0,home-timeline-service,user-service,30.992194
36,180.0,nginx-thrift,compose-post-service,20.231237
36,180.0,nginx-thrift,home-timeline-service,61.984388
36,180.0,nginx-thrift,user-timeline-service,10.726492
36,180.0,user-timeline-service,post-storage-service,9.117519
36,180.0,user-timeline-service,user-service,5.899571
37,185.0,compose-post-service,home-timeline-service,13.905794
37,185.0,compose-post-service,media-service,6.952897
37,185.0,compose-post-service,post-storage-service,15.892336
37,185.0,compose-post-service,url-shorten-service,8.939439
37,185.0,compose-post-service,user-mention-service,8.939439
37,185.0,compose-post-service,user-service,11.919252
37,185.0,compose-post-service,user-timeline-service,11.919252
37,185.0,home-timeline-service,post-storage-service,54.583825
37,185.0,home-timeline-service,social-graph-service,42.454086
37,185.0,home-timeline-service,user-service,30.324347
37,185.0,nginx-thrift,compose-post-service,19.865420
37,185.0,nginx-thrift,home-timeline-service,60.648694
37,185.0,nginx-thrift,user-timeline-service,10.547599
37,185.0,user-timeline-service,post-storage-service,8.965459
37,185.0,user-timeline-service,user-service,5.801179
38,190.0,compose-post-service,home-timeline-service,13.351378
38,190.0,compose-post-service,media-service,6.675689
38,190.0,compose-post-service,post-storage-service,15.258718
38,190.0,compose-post-service,url-shorten-service,8.583029
38,190.0,compose-post-service,user-mention-service,8.583029
38,190.0,compose-post-service,user-service,11.444038
38,190.0,compose-post-service,user-timeline-service,11.444038
38,190.0,home-timeline-service,post-storage-service,52.222987
38,190.0,home-timeline-service,social-graph-service,40.617879
38,190.0,home-timeline-service,user-service,29.012771
38,190.0,nginx-thrift,compose-post-service,19.073397
38,190.0,nginx-thrift,home-timeline-service,58.025542
38,190.0,nginx-thrift,user-timeline-service,10.141462
38,190.0,user-timeline-service,post-storage-service,8.620243
38,190.0,user-timeline-service,user-service,5.577804
39,195.0,compose-post-service,home-timeline-service,14.189862
39,195.0,compose-post-service,media-service,7.094931
39,195.0,compose-post-service,post-storage-service,16.216985
39,195.0,compose-post-service,url-shorten-service,9.122054
39,195.0,compose-post-service,user-mention-service,9.122054
39,195.0,compose-post-service,user-service,12.162739
39,195.0,compose-post-service,user-timeline-service,12.162739
39,195.0,home-timeline-service,post-storage-service,55.307601
39,195.0,home-timeline-service,social-graph-service,43.017023
39,195.0,home-timeline-service,user-service,30.726445
39,195.0,nginx-thrift,compose-post-service,20.271231
39,195.0,nginx-thrift,home-timeline-service,61.452891
39,195.0,nginx-thrift,user-timeline-service,10.793579
39,195.0,user-timeline-service,post-storage-service,9.174542
39,195.0,user-timeline-service,user-service,5.936469
40,200.0,compose-post-service,home-timeline-service,14.139427
40,200.0,compose-post-service,media-service,7.069714
40,200.0,compose-post-service,post-storage-service,16.159345
40,200.0,compose-post-service,url-shorten-service,9.089632
40,200.0,compose-post-service,user-mention-service,9.089632
40,200.0,compose-post-service,user-service,12.119509
40,200.0,compose-post-service,user-timeline-service,12.119509
40,200.0,home-timeline-service,post-storage-service,54.917797
40,200.0,home-timeline-service,social-graph-service,42.713842
40,200.0,home-timeline-service,user-service,30.509887
40,200.0,nginx-thrift,compose-post-service,20.199182
40,200.0,nginx-thrift,home-timeline-service,61.019775
40,200.0,nginx-thrift,user-timeline-service,10.770309
40,200.0,user-timeline-service,post-storage-service,9.154763
40,200.0,user-timeline-service,user-service,5.923670
41,205.0,compose-post-service,home-timeline-service,13.437973
41,205.0,compose-post-service,media-service,6.718987
41,205.0,compose-post-service,post-storage-service,15.357683
41,205.0,compose-post-service,url-shorten-service,8.638697
41,205.0,compose-post-service,user-mention-service,8.638697
41,205.0,compose-post-service,user-service,11.518263
41,205.0,compose-post-service,user-timeline-service,11.518263
41,205.0,home-timeline-service,post-storage-service,52.010769
41,205.0,home-timeline-service,social-graph-service,40.452820
41,205.0,home-timeline-service,user-service,28.894872
41,205.0,nginx-thrift,compose-post-service,19.197104
41,205.0,nginx-thrift,home-timeline-service,57.789743
41,205.0,nginx-thrift,user-timeline-service,10.250273
41,205.0,user-timeline-service,post-storage-service,8.712732
41,205.0,user-timeline-service,user-service,5.637650
42,210.0,compose-post-service,home-timeline-service,14.099052
42,210.0,compose-post-service,media-service,7.049526
42,210.0,compose-post-service,post-storage-service,16.113202
42,210.0,compose-post-service,url-shorten-service,9.063676
42,210.0,compose-post-service,user-mention-service,9.063676
42,210.0,compose-post-service,user-service,12.084902
42,210.0,compose-post-service,user-timeline-service,12.084902
42,210.0,home-timeline-service,post-storage-service,54.378999
42,210.0,home-timeline-service,social-graph-service,42.294777
42,210.0,home-timeline-service,user-service,30.210555
42,210.0,nginx-thrift,compose-post-service,20.141503
42,210.0,nginx-thrift,home-timeline-service,60.421110
42,210.0,nginx-thrift,user-timeline-service,10.769442
42,210.0,user-timeline-service,post-storage-service,9.154025
42,210.0,user-timeline-service,user-service,5.923193
43,215.0,compose-post-service,home-timeline-service,13.553081
43,215.0,compose-post-service,media-service,6.776540
43,215.0,compose-post-service,post-storage-service,15.489235
43,215.0,compose-post-service,url-shorten-service,8.712695
43,215.0,compose-post-service,user-mention-service,8.712695
43,215.0,compose-post-service,user-service,11.616927
43,215.0,compose-post-service,user-timeline-service,11.616927
43,215.0,home-timeline-service,post-storage-service,52.091237
43,215.0,home-timeline-service,social-graph-service,40.515407
43,215.0,home-timeline-service,user-service,28.939576
43,215.0,nginx-thrift,compose-post-service,19.361544
43,215.0,nginx-thrift,home-timeline-service,57.879152
43,215.0,nginx-thrift,user-timeline-service,10.366670
43,215.0,user-timeline-service,post-storage-service,8.811670
43,215.0,user-timeline-service,user-service,5.701669
44,220.0,compose-post-service,home-timeline-service,13.344856
44,220.0,compose-post-service,media-service,6.672428
44,220.0,compose-post-service,post-storage-service,15.251264
44,220.0,compose-post-service,url-shorten-service,8.578836
44,220.0,compose-post-service,user-mention-service,8.578836
44,220.0,compose-post-service,user-service,11.438448
44,220.0,compose-post-service,user-timeline-service,11.438448
44,220.0,home-timeline-service,post-storage-service,51.112769
44,220.0,home-timeline-service,social-graph-service,39.754376
44,220.0,home-timeline-service,user-service,28.395983
44,220.0,nginx-thrift,compose-post-service,19.064079
44,220.0,nginx-thrift,home-timeline-service,56.791965
44,220.0,nginx-thrift,user-timeline-service,10.221380
44,220.0,user-timeline-service,post-storage-service,8.688173
44,220.0,user-timeline-service,user-service,5.621759
45,225.0,compose-post-service,home-timeline-service,13.795967
45,225.0,compose-post-service,media-service,6.897984
45,225.0,compose-post-service,post-storage-service,15.766820
45,225.0,compose-post-service,url-shorten-service,8.868836
45,225.0,compose-post-service,user-mention-service,8.868836
45,225.0,compose-post-service,user-service,11.825115
45,225.0,compose-post-service,user-timeline-service,11.825115
45,225.0,home-timeline-service,post-storage-service,52.657485
45,225.0,home-timeline-service,social-graph-service,40.955822
45,225.0,home-timeline-service,user-service,29.254158
45,225.0,nginx-thrift,compose-post-service,19.708525
45,225.0,nginx-thrift,home-timeline-service,58.508317
45,225.0,nginx-thrift,user-timeline-service,10.581291
45,225.0,user-timeline-service,post-storage-service,8.994098
45,225.0,user-timeline-service,user-service,5.819710
46,230.0,compose-post-service,home-timeline-service,13.833588
46,230.0,compose-post-service,media-service,6.916794
46,230.0,compose-post-service,post-storage-service,15.809815
46,230.0,compose-post-service,url-shorten-service,8.893021
46,230.0,compose-post-service,user-mention-service,8.893021
46,230.0,compose-post-service,user-service,11.857361
46,230.0,compose-post-service,user-timeline-service,11.857361
46,230.0,home-timeline-service,post-storage-service,52.618536
46,230.0,home-timeline-service,social-graph-service,40.925528
46,230.0,home-timeline-service,user-service,29.232520
46,230.0,nginx-thrift,compose-post-service,19.762269
46,230.0,nginx-thrift,home-timeline-service,58.465040
46,230.0,nginx-thrift,user-timeline-service,10.624506
46,230.0,user-timeline-service,post-storage-service,9.030830
46,230.0,user-timeline-service,user-service,5.843478
47,235.0,compose-post-service,home-timeline-service,13.960247
47,235.0,compose-post-service,media-service,6.980124
47,235.0,compose-post-service,post-storage-service,15.954568
47,235.0,compose-post-service,url-shorten-service,8.974445
47,235.0,compose-post-service,user-mention-service,8.974445
47,235.0,compose-post-service,user-service,11.965926
47,235.0,compose-post-service,user-timeline-service,11.965926
47,235.0,home-timeline-service,post-storage-service,52.917157
47,235.0,home-timeline-service,social-graph-service,41.157788
47,235.0,home-timeline-service,user-service,29.398420
47,235.0,nginx-thrift,compose-post-service,19.943210
47,235.0,nginx-thrift,home-timeline-service,58.796841
47,235.0,nginx-thrift,user-timeline-service,10.736209
47,235.0,user-timeline-service,post-storage-service,9.125778
47,235.0,user-timeline-service,user-service,5.904915
48,240.0,compose-post-service,home-timeline-service,14.352799
48,240.0,compose-post-service,media-service,7.176400
48,240.0,compose-post-service,post-storage-service,16.403199
48,240.0,compose-post-service,url-shorten-service,9.226799
48,240.0,compose-post-service,user-mention-service,9.226799
48,240.0,compose-post-service,user-service,12.302399
48,240.0,compose-post-service,user-timeline-service,12.302399
48,240.0,home-timeline-service,post-storage-service,54.217935
48,240.0,home-timeline-service,social-graph-service,42.169505
48,240.0,home-timeline-service,user-service,30.121075
48,240.0,nginx-thrift,compose-post-service,20.503999
48,240.0,nginx-thrift,home-timeline-service,60.242150
48,240.0,nginx-thrift,user-timeline-service,11.052869
48,240.0,user-timeline-service,post-storage-service,9.394939
48,240.0,user-timeline-service,user-service,6.079078
49,245.0,compose-post-service,home-timeline-service,14.660440
49,245.0,compose-post-service,media-service,7.330220
49,245.0,compose-post-service,post-storage-service,16.754789
49,245.0,compose-post-service,url-shorten-service,9.424569
49,245.0,compose-post-service,user-mention-service,9.424569
49,245.0,compose-post-service,user-service,12.566092
49,245.0,compose-post-service,user-timeline-service,12.566092
49,245.0,home-timeline-service,post-storage-service,55.189931
49,245.0,home-timeline-service,social-graph-service,42.925502
49,245.0,home-timeline-service,user-service,30.661073
49,245.0,nginx-thrift,compose-post-service,20.943486
49,245.0,nginx-thrift,home-timeline-service,61.322145
49,245.0,nginx-thrift,user-timeline-service,11.304794
49,245.0,user-timeline-service,post-storage-service,9.609075
49,245.0,user-timeline-service,user-service,6.217637
50,250.0,compose-post-service,home-timeline-service,14.878284
50,250.0,compose-post-service,media-service,7.439142
50,250.0,compose-post-service,post-storage-service,17.003754
50,250.0,compose-post-service,url-shorten-service,9.564611
50,250.0,compose-post-service,user-mention-service,9.564611
50,250.0,compose-post-service,user-service,12.752815
50,250.0,compose-post-service,user-timeline-service,12.752815
50,250.0,home-timeline-service,post-storage-service,55.818178
50,250.0,home-timeline-service,social-graph-service,43.414139
50,250.0,home-timeline-service,user-service,31.010099
50,250.0,nginx-thrift,compose-post-service,21.254692
50,250.0,nginx-thrift,home-timeline-service,62.020198
50,250.0,nginx-thrift,user-timeline-service,11.487947
50,250.0,user-timeline-service,post-storage-service,9.764755
50,250.0,user-timeline-service,user-service,6.318371
51,255.0,compose-post-service,home-timeline-service,14.940932
51,255.0,compose-post-service,media-service,7.470466
51,255.0,compose-post-service,post-storage-service,17.075351
51,255.0,compose-post-service,url-shorten-service,9.604885
51,255.0,compose-post-service,user-mention-service,9.604885
51,255.0,compose-post-service,user-service,12.806513
51,255.0,compose-post-service,user-timeline-service,12.806513
51,255.0,home-timeline-service,post-storage-service,55.861670
51,255.0,home-timeline-service,social-graph-service,43.447966
51,255.0,home-timeline-service,user-service,31.034261
51,255.0,nginx-thrift,compose-post-service,21.344188
51,255.0,nginx-thrift,home-timeline-service,62.068523
51,255.0,nginx-thrift,user-timeline-service,11.551488
51,255.0,user-timeline-service,post-storage-service,9.818765
51,255.0,user-timeline-service,user-service,6.353319
52,260.0,compose-post-service,home-timeline-service,15.006345
52,260.0,compose-post-service,media-service,7.503172
52,260.0,compose-post-service,post-storage-service,17.150109
52,260.0,compose-post-service,url-shorten-service,9.646936
52,260.0,compose-post-service,user-mention-service,9.646936
52,260.0,compose-post-service,user-service,12.862581
52,260.0,compose-post-service,user-timeline-service,12.862581
52,260.0,home-timeline-service,post-storage-service,55.914965
52,260.0,home-timeline-service,social-graph-service,43.489417
52,260.0,home-timeline-service,user-service,31.063869
52,260.0,nginx-thrift,compose-post-service,21.437636
52,260.0,nginx-thrift,home-timeline-service,62.127739
52,260.0,nginx-thrift,user-timeline-service,11.617232
52,260.0,user-timeline-service,post-storage-service,9.874647
52,260.0,user-timeline-service,user-service,6.389478
53,265.0,compose-post-service,home-timeline-service,14.757890
53,265.0,compose-post-service,media-service,7.378945
53,265.0,compose-post-service,post-storage-service,16.866159
53,265.0,compose-post-service,url-shorten-service,9.487215
53,265.0,compose-post-service,user-mention-service,9.487215
53,265.0,compose-post-service,user-service,12.649620
53,265.0,compose-post-service,user-timeline-service,12.649620
53,265.0,home-timeline-service,post-storage-service,54.802168
53,265.0,home-timeline-service,social-graph-service,42.623908
53,265.0,home-timeline-service,user-service,30.445649
53,265.0,nginx-thrift,compose-post-service,21.082699
53,265.0,nginx-thrift,home-timeline-service,60.891298
53,265.0,nginx-thrift,user-timeline-service,11.439744
53,265.0,user-timeline-service,post-storage-service,9.723783
53,265.0,user-timeline-service,user-service,6.291859
54,270.0,compose-post-service,home-timeline-service,14.109362
54,270.0,compose-post-service,media-service,7.054681
54,270.0,compose-post-service,post-storage-service,16.124985
54,270.0,compose-post-service,url-shorten-service,9.070304
54,270.0,compose-post-service,user-mention-service,9.070304
54,270.0,compose-post-service,user-service,12.093738
54,270.0,compose-post-service,user-timeline-service,12.093738
54,270.0,home-timeline-service,post-storage-service,52.216126
54,270.0,home-timeline-service,social-graph-service,40.612542
54,270.0,home-timeline-service,user-service,29.008959
54,270.0,nginx-thrift,compose-post-service,20.156231
54,270.0,nginx-thrift,home-timeline-service,58.017917
54,270.0,nginx-thrift,user-timeline-service,10.951173
54,270.0,user-timeline-service,post-storage-service,9.308497
54,270.0,user-timeline-service,user-service,6.023145
55,275.0,compose-post-service,home-timeline-service,13.962612
55,275.0,compose-post-service,media-service,6.981306
55,275.0,compose-post-service,post-storage-service,15.957270
55,275.0,compose-post-service,url-shorten-service,8.975965
55,275.0,compose-post-service,user-mention-service,8.975965
55,275.0,compose-post-service,user-service,11.967953
55,275.0,compose-post-service,user-timeline-service,11.967953
55,275.0,home-timeline-service,post-storage-service,51.498096
55,275.0,home-timeline-service,social-graph-service,40.054074
55,275.0,home-timeline-service,user-service,28.610053
55,275.0,nginx-thrift,compose-post-service,19.946588
55,275.0,nginx-thrift,home-timeline-service,57.220106
55,275.0,nginx-thrift,user-timeline-service,10.851208
55,275.0,user-timeline-service,post-storage-service,9.223527
55,275.0,user-timeline-service,user-service,5.968164
56,280.0,compose-post-service,home-timeline-service,14.641124
56,280.0,compose-post-service,media-service,7.320562
56,280.0,compose-post-service,post-storage-service,16.732713
56,280.0,compose-post-service,url-shorten-service,9.412151
56,280.0,compose-post-service,user-mention-service,9.412151
56,280.0,compose-post-service,user-service,12.549535
56,280.0,compose-post-service,user-timeline-service,12.549535
56,280.0,home-timeline-service,post-storage-service,53.818252
56,280.0,home-timeline-service,social-graph-service,41.858640
56,280.0,home-timeline-service,user-service,29.899029
56,280.0,nginx-thrift,compose-post-service,20.915892
56,280.0,nginx-thrift,home-timeline-service,59.798058
56,280.0,nginx-thrift,user-timeline-service,11.393076
56,280.0,user-timeline-service,post-storage-service,9.684114
56,280.0,user-timeline-service,user-service,6.266192
57,285.0,compose-post-service,home-timeline-service,14.568966
57,285.0,compose-post-service,media-service,7.284483
57,285.0,compose-post-service,post-storage-service,16.650247
57,285.0,compose-post-service,url-shorten-service,9.365764
57,285.0,compose-post-service,user-mention-service,9.365764
57,285.0,compose-post-service,user-service,12.487685
57,285.0,compose-post-service,user-timeline-service,12.487685
57,285.0,home-timeline-service,post-storage-service,53.372550
57,285.0,home-timeline-service,social-graph-service,41.511983
57,285.0,home-timeline-service,user-service,29.651417
57,285.0,nginx-thrift,compose-post-service,20.812808
57,285.0,nginx-thrift,home-timeline-service,59.302833
57,285.0,nginx-thrift,user-timeline-service,11.351347
57,285.0,user-timeline-service,post-storage-service,9.648645
57,285.0,user-timeline-service,user-service,6.243241
58,290.0,compose-post-service,home-timeline-service,14.793042
58,290.0,compose-post-service,media-service,7.396521
58,290.0,compose-post-service,post-storage-service,16.906334
58,290.0,compose-post-service,url-shorten-service,9.509813
58,290.0,compose-post-service,user-mention-service,9.509813
58,290.0,compose-post-service,user-service,12.679751
58,290.0,compose-post-service,user-timeline-service,12.679751
58,290.0,home-timeline-service,post-storage-service,54.011247
58,290.0,home-timeline-service,social-graph-service,42.008748
58,290.0,home-timeline-service,user-service,30.006248
58,290.0,nginx-thrift,compose-post-service,21.132918
58,290.0,nginx-thrift,home-timeline-service,60.012497
58,290.0,nginx-thrift,user-timeline-service,11.540520
58,290.0,user-timeline-service,post-storage-service,9.809442
58,290.0,user-timeline-service,user-service,6.347286
59,295.0,compose-post-service,home-timeline-service,13.996264
59,295.0,compose-post-service,media-service,6.998132
59,295.0,compose-post-service,post-storage-service,15.995731
59,295.0,compose-post-service,url-shorten-service,8.997598
59,295.0,compose-post-service,user-mention-service,8.997598
59,295.0,compose-post-service,user-service,11.996798
59,295.0,compose-post-service,user-timeline-service,11.996798
59,295.0,home-timeline-service,post-storage-service,50.930707
59,295.0,home-timeline-service,social-graph-service,39.612772
59,295.0,home-timeline-service,user-service,28.294837
59,295.0,nginx-thrift,compose-post-service,19.994663
59,295.0,nginx-thrift,home-timeline-service,56.589674
59,295.0,nginx-thrift,user-timeline-service,10.932672
59,295.0,user-timeline-service,post-storage-service,9.292771
59,295.0,user-timeline-service,user-service,6.012970
60,300.0,compose-post-service,home-timeline-service,14.177088
60,300.0,compose-post-service,media-service,7.088544
60,300.0,compose-post-service,post-storage-service,16.202386
60,300.0,compose-post-service,url-shorten-service,9.113842
60,300.0,compose-post-service,user-mention-service,9.113842
60,300.0,compose-post-service,user-service,12.151789
60,300.0,compose-post-service,user-timeline-service,12.151789
60,300.0,home-timeline-service,post-storage-service,51.416065
60,300.0,home-timeline-service,social-graph-service,39.990273
60,300.0,home-timeline-service,user-service,28.564481
60,300.0,nginx-thrift,compose-post-service,20.252982
60,300.0,nginx-thrift,home-timeline-service,57.128962
60,300.0,nginx-thrift,user-timeline-service,11.087781
60,300.0,user-timeline-service,post-storage-service,9.424614
60,300.0,user-timeline-service,user-service,6.098280
61,305.0,compose-post-service,home-timeline-service,15.267283
61,305.0,compose-post-service,media-service,7.633642
61,305.0,compose-post-service,post-storage-service,17.448324
61,305.0,compose-post-service,url-shorten-service,9.814682
61,305.0,compose-post-service,user-mention-service,9.814682
61,305.0,compose-post-service,user-service,13.086243
61,305.0,compose-post-service,user-timeline-service,13.086243
61,305.0,home-timeline-service,post-storage-service,55.185020
61,305.0,home-timeline-service,social-graph-service,42.921683
61,305.0,home-timeline-service,user-service,30.658345
61,305.0,nginx-thrift,compose-post-service,21.810405
61,305.0,nginx-thrift,home-timeline-service,61.316689
61,305.0,nginx-thrift,user-timeline-service,11.955288
61,305.0,user-timeline-service,post-storage-service,10.161994
61,305.0,user-timeline-service,user-service,6.575408
62,310.0,compose-post-service,home-timeline-service,14.844258
62,310.0,compose-post-service,media-service,7.422129
62,310.0,compose-post-service,post-storage-service,16.964866
62,310.0,compose-post-service,url-shorten-service,9.542737
62,310.0,compose-post-service,user-mention-service,9.542737
62,310.0,compose-post-service,user-service,12.723650
62,310.0,compose-post-service,user-timeline-service,12.723650
62,310.0,home-timeline-service,post-storage-service,53.477232
62,310.0,home-timeline-service,social-graph-service,41.593403
62,310.0,home-timeline-service,user-service,29.709573
62,310.0,nginx-thrift,compose-post-service,21.206083
62,310.0,nginx-thrift,home-timeline-service,59.419147
62,310.0,nginx-thrift,user-timeline-service,11.638435
62,310.0,user-timeline-service,post-storage-service,9.892670
62,310.0,user-timeline-service,user-service,6.401139
63,315.0,compose-post-service,home-timeline-service,15.019356
63,315.0,compose-post-service,media-service,7.509678
63,315.0,compose-post-service,post-storage-service,17.164979
63,315.0,compose-post-service,url-shorten-service,9.655300
63,315.0,compose-post-service,user-mention-service,9.655300
63,315.0,compose-post-service,user-service,12.873734
63,315.0,compose-post-service,user-timeline-service,12.873734
63,315.0,home-timeline-service,post-storage-service,53.928220
63,315.0,home-timeline-service,social-graph-service,41.944171
63,315.0,home-timeline-service,user-service,29.960122
63,315.0,nginx-thrift,compose-post-service,21.456223
63,315.0,nginx-thrift,home-timeline-service,59.920245
63,315.0,nginx-thrift,user-timeline-service,11.790237
63,315.0,user-timeline-service,post-storage-service,10.021701
63,315.0,user-timeline-service,user-service,6.484630
64,320.0,compose-post-service,home-timeline-service,14.186392
64,320.0,compose-post-service,media-service,7.093196
64,320.0,compose-post-service,post-storage-service,16.213019
64,320.0,compose-post-service,url-shorten-service,9.119823
64,320.0,compose-post-service,user-mention-service,9.119823
64,320.0,compose-post-service,user-service,12.159765
64,320.0,compose-post-service,user-timeline-service,12.159765
64,320.0,home-timeline-service,post-storage-service,50.768510
64,320.0,home-timeline-service,social-graph-service,39.486619
64,320.0,home-timeline-service,user-service,28.204728
64,320.0,nginx-thrift,compose-post-service,20.266274
64,320.0,nginx-thrift,home-timeline-service,56.409455
64,320.0,nginx-thrift,user-timeline-service,11.150018
64,320.0,user-timeline-service,post-storage-service,9.477515
64,320.0,user-timeline-service,user-service,6.132510
65,325.0,compose-post-service,home-timeline-service,14.665554
65,325.0,compose-post-service,media-service,7.332777
65,325.0,compose-post-service,post-storage-service,16.760634
65,325.0,compose-post-service,url-shorten-service,9.427856
65,325.0,compose-post-service,user-mention-service,9.427856
65,325.0,compose-post-service,user-service,12.570475
65,325.0,compose-post-service,user-timeline-service,12.570475
65,325.0,home-timeline-service,post-storage-service,52.309668
65,325.0,home-timeline-service,social-graph-service,40.685297
65,325.0,home-timeline-service,user-service,29.060927
65,325.0,nginx-thrift,compose-post-service,20.950792
65,325.0,nginx-thrift,home-timeline-service,58.121853
65,325.0,nginx-thrift,user-timeline-service,11.540692
65,325.0,user-timeline-service,post-storage-service,9.809588
65,325.0,user-timeline-service,user-service,6.347381
66,330.0,compose-post-service,home-timeline-service,15.449016
66,330.0,compose-post-service,media-service,7.724508
66,330.0,compose-post-service,post-storage-service,17.656018
66,330.0,compose-post-service,url-shorten-service,9.931510
66,330.0,compose-post-service,user-mention-service,9.931510
66,330.0,compose-post-service,user-service,13.242014
66,330.0,compose-post-service,user-timeline-service,13.242014
66,330.0,home-timeline-service,post-storage-service,54.922291
66,330.0,home-timeline-service,social-graph-service,42.717337
66,330.0,home-timeline-service,user-service,30.512384
66,330.0,nginx-thrift,compose-post-service,22.070023
66,330.0,nginx-thrift,home-timeline-service,61.024768
66,330.0,nginx-thrift,user-timeline-service,12.171982
66,330.0,user-timeline-service,post-storage-service,10.346185
66,330.0,user-timeline-service,user-service,6.694590
67,335.0,compose-post-service,home-timeline-service,15.106793
67,335.0,compose-post-service,media-service,7.553396
67,335.0,compose-post-service,post-storage-service,17.264906
67,335.0,compose-post-service,url-shorten-service,9.711510
67,335.0,compose-post-service,user-mention-service,9.711510
67,335.0,compose-post-service,user-service,12.948679
67,335.0,compose-post-service,user-timeline-service,12.948679
67,335.0,home-timeline-service,post-storage-service,53.528832
67,335.0,home-timeline-service,social-graph-service,41.633536
67,335.0,home-timeline-service,user-service,29.738240
67,335.0,nginx-thrift,compose-post-service,21.581132
67,335.0,nginx-thrift,home-timeline-service,59.476480
67,335.0,nginx-thrift,user-timeline-service,11.916735
67,335.0,user-timeline-service,post-storage-service,10.129225
67,335.0,user-timeline-service,user-service,6.554204
68,340.0,compose-post-service,home-timeline-service,15.646591
68,340.0,compose-post-service,media-service,7.823296
68,340.0,compose-post-service,post-storage-service,17.881819
68,340.0,compose-post-service,url-shorten-service,10.058523
68,340.0,compose-post-service,user-mention-service,10.058523
68,340.0,compose-post-service,user-service,13.411364
68,340.0,compose-post-service,user-timeline-service,13.411364
68,340.0,home-timeline-service,post-storage-service,55.259405
68,340.0,home-timeline-service,social-graph-service,42.979537
68,340.0,home-timeline-service,user-service,30.699670
68,340.0,nginx-thrift,compose-post-service,22.352273
68,340.0,nginx-thrift,home-timeline-service,61.399339
68,340.0,nginx-thrift,user-timeline-service,12.357390
68,340.0,user-timeline-service,post-storage-service,10.503781
68,340.0,user-timeline-service,user-service,6.796564
69,345.0,compose-post-service,home-timeline-service,14.518905
69,345.0,compose-post-service,media-service,7.259452
69,345.0,compose-post-service,post-storage-service,16.593034
69,345.0,compose-post-service,url-shorten-service,9.333582
69,345.0,compose-post-service,user-mention-service,9.333582
69,345.0,compose-post-service,user-service,12.444775
69,345.0,compose-post-service,user-timeline-service,12.444775
69,345.0,home-timeline-service,post-storage-service,51.108671
69,345.0,home-timeline-service,social-graph-service,39.751188
69,345.0,home-timeline-service,user-service,28.393706
69,345.0,nginx-thrift,compose-post-service,20.741292
69,345.0,nginx-thrift,home-timeline-service,56.787412
69,345.0,nginx-thrift,user-timeline-service,11.480488
69,345.0,user-timeline-service,post-storage-service,9.758414
69,345.0,user-timeline-service,user-service,6.314268
70,350.0,compose-post-service,home-timeline-service,14.934923
70,350.0,compose-post-service,media-service,7.467462
70,350.0,compose-post-service,post-storage-service,17.068484
70,350.0,compose-post-service,url-shorten-service,9.601022
70,350.0,compose-post-service,user-mention-service,9.601022
70,350.0,compose-post-service,user-service,12.801363
70,350.0,compose-post-service,user-timeline-service,12.801363
70,350.0,home-timeline-service,post-storage-service,52.401207
70,350.0,home-timeline-service,social-graph-service,40.756494
70,350.0,home-timeline-service,user-service,29.111782
70,350.0,nginx-thrift,compose-post-service,21.335605
70,350.0,nginx-thrift,home-timeline-service,58.223563
70,350.0,nginx-thrift,user-timeline-service,11.823512
70,350.0,user-timeline-service,post-storage-service,10.049985
70,350.0,user-timeline-service,user-service,6.502931
71,355.0,compose-post-service,home-timeline-service,15.481719
71,355.0,compose-post-service,media-service,7.740860
71,355.0,compose-post-service,post-storage-service,17.693393
71,355.0,compose-post-service,url-shorten-service,9.952534
71,355.0,compose-post-service,user-mention-service,9.952534
71,355.0,compose-post-service,user-service,13.270045
71,355.0,compose-post-service,user-timeline-service,13.270045
71,355.0,home-timeline-service,post-storage-service,54.142502
71,355.0,home-timeline-service,social-graph-service,42.110835
71,355.0,home-timeline-service,user-service,30.079168
71,355.0,nginx-thrift,compose-post-service,22.116742
71,355.0,nginx-thrift,home-timeline-service,60.158335
71,355.0,nginx-thrift,user-timeline-service,12.270923
71,355.0,user-timeline-service,post-storage-service,10.430284
71,355.0,user-timeline-service,user-service,6.749008
72,360.0,compose-post-service,home-timeline-service,14.994358
72,360.0,compose-post-service,media-service,7.497179
72,360.0,compose-post-service,post-storage-service,17.136409
72,360.0,compose-post-service,url-shorten-service,9.639230
72,360.0,compose-post-service,user-mention-service,9.639230
72,360.0,compose-post-service,user-service,12.852307
72,360.0,compose-post-service,user-timeline-service,12.852307
72,360.0,home-timeline-service,post-storage-service,52.267426
72,360.0,home-timeline-service,social-graph-service,40.652442
72,360.0,home-timeline-service,user-service,29.037459
72,360.0,nginx-thrift,compose-post-service,21.420511
72,360.0,nginx-thrift,home-timeline-service,58.074918
72,360.0,nginx-thrift,user-timeline-service,11.898660
72,360.0,user-timeline-service,post-storage-service,10.113861
72,360.0,user-timeline-service,user-service,6.544263
73,365.0,compose-post-service,home-timeline-service,15.540573
73,365.0,compose-post-service,media-service,7.770287
73,365.0,compose-post-service,post-storage-service,17.760655
73,365.0,compose-post-service,url-shorten-service,9.990369
73,365.0,compose-post-service,user-mention-service,9.990369
73,365.0,compose-post-service,user-service,13.320491
73,365.0,compose-post-service,user-timeline-service,13.320491
73,365.0,home-timeline-service,post-storage-service,53.995510
73,365.0,home-timeline-service,social-graph-service,41.996507
73,365.0,home-timeline-service,user-service,29.997505
73,365.0,nginx-thrift,compose-post-service,22.200819
73,365.0,nginx-thrift,home-timeline-service,59.995011
73,365.0,nginx-thrift,user-timeline-service,12.346589
73,365.0,user-timeline-service,post-storage-service,10.494601
73,365.0,user-timeline-service,user-service,6.790624
74,370.0,compose-post-service,home-timeline-service,15.241546
74,370.0,compose-post-service,media-service,7.620773
74,370.0,compose-post-service,post-storage-service,17.418910
74,370.0,compose-post-service,url-shorten-service,9.798137
74,370.0,compose-post-service,user-mention-service,9.798137
74,370.0,compose-post-service,user-service,13.064183
74,370.0,compose-post-service,user-timeline-service,13.064183
74,370.0,home-timeline-service,post-storage-service,52.784967
74,370.0,home-timeline-service,social-graph-service,41.054975
74,370.0,home-timeline-service,user-service,29.324982
74,370.0,nginx-thrift,compose-post-service,21.773638
74,370.0,nginx-thrift,home-timeline-service,58.649964
74,370.0,nginx-thrift,user-timeline-service,12.123177
74,370.0,user-timeline-service,post-storage-service,10.304700
74,370.0,user-timeline-service,user-service,6.667747
75,375.0,compose-post-service,home-timeline-service,14.619725
75,375.0,compose-post-service,media-service,7.309862
75,375.0,compose-post-service,post-storage-service,16.708257
75,375.0,compose-post-service,url-shorten-service,9.398394
75,375.0,compose-post-service,user-mention-service,9.398394
75,375.0,compose-post-service,user-service,12.531193
75,375.0,compose-post-service,user-timeline-service,12.531193
75,375.0,home-timeline-service,post-storage-service,50.467790
75,375.0,home-timeline-service,social-graph-service,39.252725
75,375.0,home-timeline-service,user-service,28.037661
75,375.0,nginx-thrift,compose-post-service,20.885321
75,375.0,nginx-thrift,home-timeline-service,56.075322
75,375.0,nginx-thrift,user-timeline-service,11.642111
75,375.0,user-timeline-service,post-storage-service,9.895795
75,375.0,user-timeline-service,user-service,6.403161
76,380.0,compose-post-service,home-timeline-service,14.626809
76,380.0,compose-post-service,media-service,7.313404
76,380.0,compose-post-service,post-storage-service,16.716353
76,380.0,compose-post-service,url-shorten-service,9.402949
76,380.0,compose-post-service,user-mention-service,9.402949
76,380.0,compose-post-service,user-service,12.537265
76,380.0,compose-post-service,user-timeline-service,12.537265
76,380.0,home-timeline-service,post-storage-service,50.329403
76,380.0,home-timeline-service,social-graph-service,39.145091
76,380.0,home-timeline-service,user-service,27.960779
76,380.0,nginx-thrift,compose-post-service,20.895441
76,380.0,nginx-thrift,home-timeline-service,55.921558
76,380.0,nginx-thrift,user-timeline-service,11.661247
76,380.0,user-timeline-service,post-storage-service,9.912060
76,380.0,user-timeline-service,user-service,6.413686
77,385.0,compose-post-service,home-timeline-service,15.980142
77,385.0,compose-post-service,media-service,7.990071
77,385.0,compose-post-service,post-storage-service,18.263019
77,385.0,compose-post-service,url-shorten-service,10.272948
77,385.0,compose-post-service,user-mention-service,10.272948
77,385.0,compose-post-service,user-service,13.697264
77,385.0,compose-post-service,user-timeline-service,13.697264
77,385.0,home-timeline-service,post-storage-service,54.809159
77,385.0,home-timeline-service,social-graph-service,42.629346
77,385.0,home-timeline-service,user-service,30.449533
77,385.0,nginx-thrift,compose-post-service,22.828774
77,385.0,nginx-thrift,home-timeline-service,60.899066
77,385.0,nginx-thrift,user-timeline-service,12.754889
77,385.0,user-timeline-service,post-storage-service,10.841656
77,385.0,user-timeline-service,user-service,7.015189
78,390.0,compose-post-service,home-timeline-service,14.728033
78,390.0,compose-post-service,media-service,7.364017
78,390.0,compose-post-service,post-storage-service,16.832038
78,390.0,compose-post-service,url-shorten-service,9.468021
78,390.0,compose-post-service,user-mention-service,9.468021
78,390.0,compose-post-service,user-service,12.624028
78,390.0,compose-post-service,user-timeline-service,12.624028
78,390.0,home-timeline-service,post-storage-service,50.352472
78,390.0,home-timeline-service,social-graph-service,39.163034
78,390.0,home-timeline-service,user-service,27.973596
78,390.0,nginx-thrift,compose-post-service,21.040047
78,390.0,nginx-thrift,home-timeline-service,55.947191
78,390.0,nginx-thrift,user-timeline-service,11.768991
78,390.0,user-timeline-service,post-storage-service,10.003642
78,390.0,user-timeline-service,user-service,6.472945
79,395.0,compose-post-service,home-timeline-service,14.875113
79,395.0,compose-post-service,media-service,7.437556
79,395.0,compose-post-service,post-storage-service,17.000129
79,395.0,compose-post-service,url-shorten-service,9.562572
79,395.0,compose-post-service,user-mention-service,9.562572
79,395.0,compose-post-service,user-service,12.750096
79,395.0,compose-post-service,user-timeline-service,12.750096
79,395.0,home-timeline-service,post-storage-service,50.692423
79,395.0,home-timeline-service,social-graph-service,39.427440
79,395.0,home-timeline-service,user-service,28.162457
79,395.0,nginx-thrift,compose-post-service,21.250161
79,395.0,nginx-thrift,home-timeline-service,56.324914
79,395.0,nginx-thrift,user-timeline-service,11.900111
79,395.0,user-timeline-service,post-storage-service,10.115094
79,395.0,user-timeline-service,user-service,6.545061
80,400.0,compose-post-service,home-timeline-service,15.121875
80,400.0,compose-post-service,media-service,7.560937
80,400.0,compose-post-service,post-storage-service,17.282142
80,400.0,compose-post-service,url-shorten-service,9.721205
80,400.0,compose-post-service,user-mention-service,9.721205
80,400.0,compose-post-service,user-service,12.961607
80,400.0,compose-post-service,user-timeline-service,12.961607
80,400.0,home-timeline-service,post-storage-service,51.368675
80,400.0,home-timeline-service,social-graph-service,39.953414
80,400.0,home-timeline-service,user-service,28.538153
80,400.0,nginx-thrift,compose-post-service,21.602678
80,400.0,nginx-thrift,home-timeline-service,57.076305
80,400.0,nginx-thrift,user-timeline-service,12.111292
80,400.0,user-timeline-service,post-storage-service,10.294599
80,400.0,user-timeline-service,user-service,6.661211
81,405.0,compose-post-service,home-timeline-service,15.725413
81,405.0,compose-post-service,media-service,7.862707
81,405.0,compose-post-service,post-storage-service,17.971901
81,405.0,compose-post-service,url-shorten-service,10.109194
81,405.0,compose-post-service,user-mention-service,10.109194
81,405.0,compose-post-service,user-service,13.478926
81,405.0,compose-post-service,user-timeline-service,13.478926
81,405.0,home-timeline-service,post-storage-service,53.248567
81,405.0,home-timeline-service,social-graph-service,41.415552
81,405.0,home-timeline-service,user-service,29.582537
81,405.0,nginx-thrift,compose-post-service,22.464876
81,405.0,nginx-thrift,home-timeline-service,59.165075
81,405.0,nginx-thrift,user-timeline-service,12.608950
81,405.0,user-timeline-service,post-storage-service,10.717608
81,405.0,user-timeline-service,user-service,6.934923
82,410.0,compose-post-service,home-timeline-service,15.973387
82,410.0,compose-post-service,media-service,7.986694
82,410.0,compose-post-service,post-storage-service,18.255300
82,410.0,compose-post-service,url-shorten-service,10.268606
82,410.0,compose-post-service,user-mention-service,10.268606
82,410.0,compose-post-service,user-service,13.691475
82,410.0,compose-post-service,user-timeline-service,13.691475
82,410.0,home-timeline-service,post-storage-service,53.916190
82,410.0,home-timeline-service,social-graph-service,41.934814
82,410.0,home-timeline-service,user-service,29.953439
82,410.0,nginx-thrift,compose-post-service,22.819125
82,410.0,nginx-thrift,home-timeline-service,59.906877
82,410.0,nginx-thrift,user-timeline-service,12.822238
82,410.0,user-timeline-service,post-storage-service,10.898902
82,410.0,user-timeline-service,user-service,7.052231
83,415.0,compose-post-service,home-timeline-service,15.439621
83,415.0,compose-post-service,media-service,7.719811
83,415.0,compose-post-service,post-storage-service,17.645282
83,415.0,compose-post-service,url-shorten-service,9.925471
83,415.0,compose-post-service,user-mention-service,9.925471
83,415.0,compose-post-service,user-service,13.233961
83,415.0,compose-post-service,user-timeline-service,13.233961
83,415.0,home-timeline-service,post-storage-service,51.949132
83,415.0,home-timeline-service,social-graph-service,40.404880
83,415.0,home-timeline-service,user-service,28.860629
83,415.0,nginx-thrift,compose-post-service,22.056602
83,415.0,nginx-thrift,home-timeline-service,57.721258
83,415.0,nginx-thrift,user-timeline-service,12.407701
83,415.0,user-timeline-service,post-storage-service,10.546546
83,415.0,user-timeline-service,user-service,6.824236
84,420.0,compose-post-service,home-timeline-service,15.508960
84,420.0,compose-post-service,media-service,7.754480
84,420.0,compose-post-service,post-storage-service,17.724525
84,420.0,compose-post-service,url-shorten-service,9.970046
84,420.0,compose-post-service,user-mention-service,9.970046
84,420.0,compose-post-service,user-service,13.293394
84,420.0,compose-post-service,user-timeline-service,13.293394
84,420.0,home-timeline-service,post-storage-service,52.017199
84,420.0,home-timeline-service,social-graph-service,40.457822
84,420.0,home-timeline-service,user-service,28.898444
84,420.0,nginx-thrift,compose-post-service,22.155657
84,420.0,nginx-thrift,home-timeline-service,57.796888
84,420.0,nginx-thrift,user-timeline-service,12.477375
84,420.0,user-timeline-service,post-storage-service,10.605769
84,420.0,user-timeline-service,user-service,6.862556
85,425.0,compose-post-service,home-timeline-service,15.983461
85,425.0,compose-post-service,media-service,7.991731
85,425.0,compose-post-service,post-storage-service,18.266813
85,425.0,compose-post-service,url-shorten-service,10.275082
85,425.0,compose-post-service,user-mention-service,10.275082
85,425.0,compose-post-service,user-service,13.700110
85,425.0,compose-post-service,user-timeline-service,13.700110
85,425.0,home-timeline-service,post-storage-service,53.439321
85,425.0,home-timeline-service,social-graph-service,41.563916
85,425.0,home-timeline-service,user-service,29.688512
85,425.0,nginx-thrift,compose-post-service,22.833516
85,425.0,nginx-thrift,home-timeline-service,59.377023
85,425.0,nginx-thrift,user-timeline-service,12.873459
85,425.0,user-timeline-service,post-storage-service,10.942440
85,425.0,user-timeline-service,user-service,7.080403
86,430.0,compose-post-service,home-timeline-service,15.245795
86,430.0,compose-post-service,media-service,7.622898
86,430.0,compose-post-service,post-storage-service,17.423766
86,430.0,compose-post-service,url-shorten-service,9.800868
86,430.0,compose-post-service,user-mention-service,9.800868
86,430.0,compose-post-service,user-service,13.067824
86,430.0,compose-post-service,user-timeline-service,13.067824
86,430.0,home-timeline-service,post-storage-service,50.812331
86,430.0,home-timeline-service,social-graph-service,39.520702
86,430.0,home-timeline-service,user-service,28.229073
86,430.0,nginx-thrift,compose-post-service,21.779707
86,430.0,nginx-thrift,home-timeline-service,56.458146
86,430.0,nginx-thrift,user-timeline-service,12.292959
86,430.0,user-timeline-service,post-storage-service,10.449015
86,430.0,user-timeline-service,user-service,6.761127
87,435.0,compose-post-service,home-timeline-service,15.423538
87,435.0,compose-post-service,media-service,7.711769
87,435.0,compose-post-service,post-storage-service,17.626901
87,435.0,compose-post-service,url-shorten-service,9.915132
87,435.0,compose-post-service,user-mention-service,9.915132
87,435.0,compose-post-service,user-service,13.220175
87,435.0,compose-post-service,user-timeline-service,13.220175
87,435.0,home-timeline-service,post-storage-service,51.243069
87,435.0,home-timeline-service,social-graph-service,39.855720
87,435.0,home-timeline-service,user-service,28.468371
87,435.0,nginx-thrift,compose-post-service,22.033626
87,435.0,nginx-thrift,home-timeline-service,56.936743
87,435.0,nginx-thrift,user-timeline-service,12.450029
87,435.0,user-timeline-service,post-storage-service,10.582525
87,435.0,user-timeline-service,user-service,6.847516
88,440.0,compose-post-service,home-timeline-service,15.823609
88,440.0,compose-post-service,media-service,7.911804
88,440.0,compose-post-service,post-storage-service,18.084125
88,440.0,compose-post-service,url-shorten-service,10.172320
88,440.0,compose-post-service,user-mention-service,10.172320
88,440.0,compose-post-service,user-service,13.563093
88,440.0,compose-post-service,user-timeline-service,13.563093
88,440.0,home-timeline-service,post-storage-service,52.407311
88,440.0,home-timeline-service,social-graph-service,40.761242
88,440.0,home-timeline-service,user-service,29.115173
88,440.0,nginx-thrift,compose-post-service,22.605156
88,440.0,nginx-thrift,home-timeline-service,58.230345
88,440.0,nginx-thrift,user-timeline-service,12.787039
88,440.0,user-timeline-service,post-storage-service,10.868983
88,440.0,user-timeline-service,user-service,7.032871
89,445.0,compose-post-service,home-timeline-service,15.894435
89,445.0,compose-post-service,media-service,7.947218
89,445.0,compose-post-service,post-storage-service,18.165069
89,445.0,compose-post-service,url-shorten-service,10.217851
89,445.0,compose-post-service,user-mention-service,10.217851
89,445.0,compose-post-service,user-service,13.623802
89,445.0,compose-post-service,user-timeline-service,13.623802
89,445.0,home-timeline-service,post-storage-service,52.477093
89,445.0,home-timeline-service,social-graph-service,40.815516
89,445.0,home-timeline-service,user-service,29.153940
89,445.0,nginx-thrift,compose-post-service,22.706336
89,445.0,nginx-thrift,home-timeline-service,58.307881
89,445.0,nginx-thrift,user-timeline-service,12.858366
89,445.0,user-timeline-service,post-storage-service,10.929611
89,445.0,user-timeline-service,user-service,7.072101
90,450.0,compose-post-service,home-timeline-service,15.016211
90,450.0,compose-post-service,media-service,7.508105
90,450.0,compose-post-service,post-storage-service,17.161384
90,450.0,compose-post-service,url-shorten-service,9.653278
90,450.0,compose-post-service,user-mention-service,9.653278
90,450.0,compose-post-service,user-service,12.871038
90,450.0,compose-post-service,user-timeline-service,12.871038
90,450.0,home-timeline-service,post-storage-service,49.422700
90,450.0,home-timeline-service,social-graph-service,38.439878
90,450.0,home-timeline-service,user-service,27.457055
90,450.0,nginx-thrift,compose-post-service,21.451730
90,450.0,nginx-thrift,home-timeline-service,54.914111
90,450.0,nginx-thrift,user-timeline-service,12.161172
90,450.0,user-timeline-service,post-storage-service,10.336996
90,450.0,user-timeline-service,user-service,6.688644
91,455.0,compose-post-service,home-timeline-service,15.162415
91,455.0,compose-post-service,media-service,7.581207
91,455.0,compose-post-service,post-storage-service,17.328474
91,455.0,compose-post-service,url-shorten-service,9.747267
91,455.0,compose-post-service,user-mention-service,9.747267
91,455.0,compose-post-service,user-service,12.996356
91,455.0,compose-post-service,user-timeline-service,12.996356
91,455.0,home-timeline-service,post-storage-service,49.748390
91,455.0,home-timeline-service,social-graph-service,38.693192
91,455.0,home-timeline-service,user-service,27.637995
91,455.0,nginx-thrift,compose-post-service,21.660593
91,455.0,nginx-thrift,home-timeline-service,55.275989
91,455.0,nginx-thrift,user-timeline-service,12.292947
91,455.0,user-timeline-service,post-storage-service,10.449005
91,455.0,user-timeline-service,user-service,6.761121
92,460.0,compose-post-service,home-timeline-service,15.235273
92,460.0,compose-post-service,media-service,7.617636
92,460.0,compose-post-service,post-storage-service,17.411740
92,460.0,compose-post-service,url-shorten-service,9.794104
92,460.0,compose-post-service,user-mention-service,9.794104
92,460.0,compose-post-service,user-service,13.058805
92,460.0,compose-post-service,user-timeline-service,13.058805
92,460.0,home-timeline-service,post-storage-service,49.832024
92,460.0,home-timeline-service,social-graph-service,38.758241
92,460.0,home-timeline-service,user-service,27.684458
92,460.0,nginx-thrift,compose-post-service,21.764675
92,460.0,nginx-thrift,home-timeline-service,55.368915
92,460.0,nginx-thrift,user-timeline-service,12.365414
92,460.0,user-timeline-service,post-storage-service,10.510602
92,460.0,user-timeline-service,user-service,6.800978
93,465.0,compose-post-service,home-timeline-service,16.169556
93,465.0,compose-post-service,media-service,8.084778
93,465.0,compose-post-service,post-storage-service,18.479492
93,465.0,compose-post-service,url-shorten-service,10.394714
93,465.0,compose-post-service,user-mention-service,10.394714
93,465.0,compose-post-service,user-service,13.859619
93,465.0,compose-post-service,user-timeline-service,13.859619
93,465.0,home-timeline-service,post-storage-service,52.723849
93,465.0,home-timeline-service,social-graph-service,41.007438
93,465.0,home-timeline-service,user-service,29.291027
93,465.0,nginx-thrift,compose-post-service,23.099365
93,465.0,nginx-thrift,home-timeline-service,58.582055
93,465.0,nginx-thrift,user-timeline-service,13.137887
93,465.0,user-timeline-service,post-storage-service,11.167204
93,465.0,user-timeline-service,user-service,7.225838
94,470.0,compose-post-service,home-timeline-service,16.154534
94,470.0,compose-post-service,media-service,8.077267
94,470.0,compose-post-service,post-storage-service,18.462325
94,470.0,compose-post-service,url-shorten-service,10.385058
94,470.0,compose-post-service,user-mention-service,10.385058
94,470.0,compose-post-service,user-service,13.846744
94,470.0,compose-post-service,user-timeline-service,13.846744
94,470.0,home-timeline-service,post-storage-service,52.511845
94,470.0,home-timeline-service,social-graph-service,40.842546
94,470.0,home-timeline-service,user-service,29.173247
94,470.0,nginx-thrift,compose-post-service,23.077906
94,470.0,nginx-thrift,home-timeline-service,58.346494
94,470.0,nginx-thrift,user-timeline-service,13.139813
94,470.0,user-timeline-service,post-storage-service,11.168841
94,470.0,user-timeline-service,user-service,7.226897
95,475.0,compose-post-service,home-timeline-service,16.620390
95,475.0,compose-post-service,media-service,8.310195
95,475.0,compose-post-service,post-storage-service,18.994732
95,475.0,compose-post-service,url-shorten-service,10.684537
95,475.0,compose-post-service,user-mention-service,10.684537
95,475.0,compose-post-service,user-service,14.246049
95,475.0,compose-post-service,user-timeline-service,14.246049
95,475.0,home-timeline-service,post-storage-service,53.859328
95,475.0,home-timeline-service,social-graph-service,41.890589
95,475.0,home-timeline-service,user-service,29.921849
95,475.0,nginx-thrift,compose-post-service,23.743415
95,475.0,nginx-thrift,home-timeline-service,59.843698
95,475.0,nginx-thrift,user-timeline-service,13.533233
95,475.0,user-timeline-service,post-storage-service,11.503248
95,475.0,user-timeline-service,user-service,7.443278
96,480.0,compose-post-service,home-timeline-service,16.337984
96,480.0,compose-post-service,media-service,8.168992
96,480.0,compose-post-service,post-storage-service,18.671981
96,480.0,compose-post-service,url-shorten-service,10.502989
96,480.0,compose-post-service,user-mention-service,10.502989
96,480.0,compose-post-service,user-service,14.003986
96,480.0,compose-post-service,user-timeline-service,14.003986
96,480.0,home-timeline-service,post-storage-service,52.781061
96,480.0,home-timeline-service,social-graph-service,41.051936
96,480.0,home-timeline-service,user-service,29.322812
96,480.0,nginx-thrift,compose-post-service,23.339977
96,480.0,nginx-thrift,home-timeline-service,58.645623
96,480.0,nginx-thrift,user-timeline-service,13.317500
96,480.0,user-timeline-service,post-storage-service,11.319875
96,480.0,user-timeline-service,user-service,7.324625
97,485.0,compose-post-service,home-timeline-service,15.579537
97,485.0,compose-post-service,media-service,7.789768
97,485.0,compose-post-service,post-storage-service,17.805185
97,485.0,compose-post-service,url-shorten-service,10.015416
97,485.0,compose-post-service,user-mention-service,10.015416
97,485.0,compose-post-service,user-service,13.353888
97,485.0,compose-post-service,user-timeline-service,13.353888
97,485.0,home-timeline-service,post-storage-service,50.176133
97,485.0,home-timeline-service,social-graph-service,39.025881
97,485.0,home-timeline-service,user-service,27.875630
97,485.0,nginx-thrift,compose-post-service,22.256481
97,485.0,nginx-thrift,home-timeline-service,55.751259
97,485.0,nginx-thrift,user-timeline-service,12.712795
97,485.0,user-timeline-service,post-storage-service,10.805876
97,485.0,user-timeline-service,user-service,6.992037
98,490.0,compose-post-service,home-timeline-service,16.402864
98,490.0,compose-post-service,media-service,8.201432
98,490.0,compose-post-service,post-storage-service,18.746130
98,490.0,compose-post-service,url-shorten-service,10.544698
98,490.0,compose-post-service,user-mention-service,10.544698
98,490.0,compose-post-service,user-service,14.059598
98,490.0,compose-post-service,user-timeline-service,14.059598
98,490.0,home-timeline-service,post-storage-service,52.665764
98,490.0,home-timeline-service,social-graph-service,40.962261
98,490.0,home-timeline-service,user-service,29.258758
98,490.0,nginx-thrift,compose-post-service,23.432663
98,490.0,nginx-thrift,home-timeline-service,58.517515
98,490.0,nginx-thrift,user-timeline-service,13.398828
98,490.0,user-timeline-service,post-storage-service,11.389004
98,490.0,user-timeline-service,user-service,7.369356
99,495.0,compose-post-service,home-timeline-service,16.777107
99,495.0,compose-post-service,media-service,8.388554
99,495.0,compose-post-service,post-storage-service,19.173837
99,495.0,compose-post-service,url-shorten-service,10.785283
99,495.0,compose-post-service,user-mention-service,10.785283
99,495.0,compose-post-service,user-service,14.380378
99,495.0,compose-post-service,user-timeline-service,14.380378
99,495.0,home-timeline-service,post-storage-service,53.702544
99,495.0,home-timeline-service,social-graph-service,41.768645
99,495.0,home-timeline-service,user-service,29.834747
99,495.0,nginx-thrift,compose-post-service,23.967296
99,495.0,nginx-thrift,home-timeline-service,59.669493
99,495.0,nginx-thrift,user-timeline-service,13.719025
99,495.0,user-timeline-service,post-storage-service,11.661171
99,495.0,user-timeline-service,user-service,7.545464
100,500.0,compose-post-service,home-timeline-service,15.822648
100,500.0,compose-post-service,media-service,7.911324
100,500.0,compose-post-service,post-storage-service,18.083027
100,500.0,compose-post-service,url-shorten-service,10.171702
100,500.0,compose-post-service,user-mention-service,10.171702
100,500.0,compose-post-service,user-service,13.562270
100,500.0,compose-post-service,user-timeline-service,13.562270
100,500.0,home-timeline-service,post-storage-service,50.492755
100,500.0,home-timeline-service,social-graph-service,39.272143
100,500.0,home-timeline-service,user-service,28.051531
100,500.0,nginx-thrift,compose-post-service,22.603783
100,500.0,nginx-thrift,home-timeline-service,56.103061
100,500.0,nginx-thrift,user-timeline-service,12.952178
100,500.0,user-timeline-service,post-storage-service,11.009351
100,500.0,user-timeline-service,user-service,7.123698
101,505.0,compose-post-service,home-timeline-service,15.329683
101,505.0,compose-post-service,media-service,7.664842
101,505.0,compose-post-service,post-storage-service,17.519638
101,505.0,compose-post-service,url-shorten-service,9.854796
101,505.0,compose-post-service,user-mention-service,9.854796
101,505.0,compose-post-service,user-service,13.139729
101,505.0,compose-post-service,user-timeline-service,13.139729
101,505.0,home-timeline-service,post-storage-service,48.770613
101,505.0,home-timeline-service,social-graph-service,37.932699
101,505.0,home-timeline-service,user-service,27.094785
101,505.0,nginx-thrift,compose-post-service,21.899548
101,505.0,nginx-thrift,home-timeline-service,54.189570
101,505.0,nginx-thrift,user-timeline-service,12.561824
101,505.0,user-timeline-service,post-storage-service,10.677550
101,505.0,user-timeline-service,user-service,6.909003
102,510.0,compose-post-service,home-timeline-service,15.928377
102,510.0,compose-post-service,media-service,7.964188
102,510.0,compose-post-service,post-storage-service,18.203859
102,510.0,compose-post-service,url-shorten-service,10.239671
102,510.0,compose-post-service,user-mention-service,10.239671
102,510.0,compose-post-service,user-service,13.652894
102,510.0,compose-post-service,user-timeline-service,13.652894
102,510.0,home-timeline-service,post-storage-service,50.521320
102,510.0,home-timeline-service,social-graph-service,39.294360
102,510.0,home-timeline-service,user-service,28.067400
102,510.0,nginx-thrift,compose-post-service,22.754824
102,510.0,nginx-thrift,home-timeline-service,56.134800
102,510.0,nginx-thrift,user-timeline-service,13.066083
102,510.0,user-timeline-service,post-storage-service,11.106170
102,510.0,user-timeline-service,user-service,7.186345
103,515.0,compose-post-service,home-timeline-service,15.815682
103,515.0,compose-post-service,media-service,7.907841
103,515.0,compose-post-service,post-storage-service,18.075065
103,515.0,compose-post-service,url-shorten-service,10.167224
103,515.0,compose-post-service,user-mention-service,10.167224
103,515.0,compose-post-service,user-service,13.556299
103,515.0,compose-post-service,user-timeline-service,13.556299
103,515.0,home-timeline-service,post-storage-service,50.011774
103,515.0,home-timeline-service,social-graph-service,38.898047
103,515.0,home-timeline-service,user-service,27.784319
103,515.0,nginx-thrift,compose-post-service,22.593832
103,515.0,nginx-thrift,home-timeline-service,55.568638
103,515.0,nginx-thrift,user-timeline-service,12.987175
103,515.0,user-timeline-service,post-storage-service,11.039099
103,515.0,user-timeline-service,user-service,7.142946
104,520.0,compose-post-service,home-timeline-service,15.680833
104,520.0,compose-post-service,media-service,7.840417
104,520.0,compose-post-service,post-storage-service,17.920953
104,520.0,compose-post-service,url-shorten-service,10.080536
104,520.0,compose-post-service,user-mention-service,10.080536
104,520.0,compose-post-service,user-service,13.440714
104,520.0,compose-post-service,user-timeline-service,13.440714
104,520.0,home-timeline-service,post-storage-service,49.435352
104,520.0,home-timeline-service,social-graph-service,38.449719
104,520.0,home-timeline-service,user-service,27.464085
104,520.0,nginx-thrift,compose-post-service,22.401191
104,520.0,nginx-thrift,home-timeline-service,54.928169
104,520.0,nginx-thrift,user-timeline-service,12.889833
104,520.0,user-timeline-service,post-storage-service,10.956358
104,520.0,user-timeline-service,user-service,7.089408
105,525.0,compose-post-service,home-timeline-service,15.506676
105,525.0,compose-post-service,media-service,7.753338
105,525.0,compose-post-service,post-storage-service,17.721915
105,525.0,compose-post-service,url-shorten-service,9.968577
105,525.0,compose-post-service,user-mention-service,9.968577
105,525.0,compose-post-service,user-service,13.291437
105,525.0,compose-post-service,user-timeline-service,13.291437
105,525.0,home-timeline-service,post-storage-service,48.738746
105,525.0,home-timeline-service,social-graph-service,37.907914
105,525.0,home-timeline-service,user-service,27.077081
105,525.0,nginx-thrift,compose-post-service,22.152394
105,525.0,nginx-thrift,home-timeline-service,54.154163
105,525.0,nginx-thrift,user-timeline-service,12.759886
105,525.0,user-timeline-service,post-storage-service,10.845903
105,525.0,user-timeline-service,user-service,7.017937
106,530.0,compose-post-service,home-timeline-service,15.662487
106,530.0,compose-post-service,media-service,7.831244
106,530.0,compose-post-service,post-storage-service,17.899985
106,530.0,compose-post-service,url-shorten-service,10.068742
106,530.0,compose-post-service,user-mention-service,10.068742
106,530.0,compose-post-service,user-service,13.424989
106,530.0,compose-post-service,user-timeline-service,13.424989
106,530.0,home-timeline-service,post-storage-service,49.080220
106,530.0,home-timeline-service,social-graph-service,38.173505
106,530.0,home-timeline-service,user-service,27.266789
106,530.0,nginx-thrift,compose-post-service,22.374982
106,530.0,nginx-thrift,home-timeline-service,54.533578
106,530.0,nginx-thrift,user-timeline-service,12.901414
106,530.0,user-timeline-service,post-storage-service,10.966202
106,530.0,user-timeline-service,user-service,7.095778
107,535.0,compose-post-service,home-timeline-service,16.857100
107,535.0,compose-post-service,media-service,8.428550
107,535.0,compose-post-service,post-storage-service,19.265257
107,535.0,compose-post-service,url-shorten-service,10.836707
107,535.0,compose-post-service,user-mention-service,10.836707
107,535.0,compose-post-service,user-service,14.448943
107,535.0,compose-post-service,user-timeline-service,14.448943
107,535.0,home-timeline-service,post-storage-service,52.664958
107,535.0,home-timeline-service,social-graph-service,40.961634
107,535.0,home-timeline-service,user-service,29.258310
107,535.0,nginx-thrift,compose-post-service,24.081571
107,535.0,nginx-thrift,home-timeline-service,58.516620
107,535.0,nginx-thrift,user-timeline-service,13.899736
107,535.0,user-timeline-service,post-storage-service,11.814776
107,535.0,user-timeline-service,user-service,7.644855
108,540.0,compose-post-service,home-timeline-service,15.605721
108,540.0,compose-post-service,media-service,7.802860
108,540.0,compose-post-service,post-storage-service,17.835109
108,540.0,compose-post-service,url-shorten-service,10.032249
108,540.0,compose-post-service,user-mention-service,10.032249
108,540.0,compose-post-service,user-service,13.376332
108,540.0,compose-post-service,user-timeline-service,13.376332
108,540.0,home-timeline-service,post-storage-service,48.609235
108,540.0,home-timeline-service,social-graph-service,37.807183
108,540.0,home-timeline-service,user-service,27.005131
108,540.0,nginx-thrift,compose-post-service,22.293887
108,540.0,nginx-thrift,home-timeline-service,54.010261
108,540.0,nginx-thrift,user-timeline-service,12.881108
108,540.0,user-timeline-service,post-storage-service,10.948942
108,540.0,user-timeline-service,user-service,7.084610
109,545.0,compose-post-service,home-timeline-service,16.525448
109,545.0,compose-post-service,media-service,8.262724
109,545.0,compose-post-service,post-storage-service,18.886226
109,545.0,compose-post-service,url-shorten-service,10.623502
109,545.0,compose-post-service,user-mention-service,10.623502
109,545.0,compose-post-service,user-service,14.164669
109,545.0,compose-post-service,user-timeline-service,14.164669
109,545.0,home-timeline-service,post-storage-service,51.320068
109,545.0,home-timeline-service,social-graph-service,39.915609
109,545.0,home-timeline-service,user-service,28.511149
109,545.0,nginx-thrift,compose-post-service,23.607782
109,545.0,nginx-thrift,home-timeline-service,57.022298
109,545.0,nginx-thrift,user-timeline-service,13.654223
109,545.0,user-timeline-service,post-storage-service,11.606089
109,545.0,user-timeline-service,user-service,7.509823
110,550.0,compose-post-service,home-timeline-service,15.913057
110,550.0,compose-post-service,media-service,7.956528
110,550.0,compose-post-service,post-storage-service,18.186351
110,550.0,compose-post-service,url-shorten-service,10.229822
110,550.0,compose-post-service,user-mention-service,10.229822
110,550.0,compose-post-service,user-service,13.639763
110,550.0,compose-post-service,user-timeline-service,13.639763
110,550.0,home-timeline-service,post-storage-service,49.270799
110,550.0,home-timeline-service,social-graph-service,38.321732
110,550.0,home-timeline-service,user-service,27.372666
110,550.0,nginx-thrift,compose-post-service,22.732938
110,550.0,nginx-thrift,home-timeline-service,54.745332
110,550.0,nginx-thrift,user-timeline-service,13.161651
110,550.0,user-timeline-service,post-storage-service,11.187404
110,550.0,user-timeline-service,user-service,7.238908
111,555.0,compose-post-service,home-timeline-service,15.922330
111,555.0,compose-post-service,media-service,7.961165
111,555.0,compose-post-service,post-storage-service,18.196949
111,555.0,compose-post-service,url-shorten-service,10.235784
111,555.0,compose-post-service,user-mention-service,10.235784
111,555.0,compose-post-service,user-service,13.647712
111,555.0,compose-post-service,user-timeline-service,13.647712
111,555.0,home-timeline-service,post-storage-service,49.152720
111,555.0,home-timeline-service,social-graph-service,38.229893
111,555.0,home-timeline-service,user-service,27.307067
111,555.0,nginx-thrift,compose-post-service,22.746186
111,555.0,nginx-thrift,home-timeline-service,54.614133
111,555.0,nginx-thrift,user-timeline-service,13.182722
111,555.0,user-timeline-service,post-storage-service,11.205314
111,555.0,user-timeline-service,user-service,7.250497
112,560.0,compose-post-service,home-timeline-service,16.946895
112,560.0,compose-post-service,media-service,8.473447
112,560.0,compose-post-service,post-storage-service,19.367880
112,560.0,compose-post-service,url-shorten-service,10.894432
112,560.0,compose-post-service,user-mention-service,10.894432
112,560.0,compose-post-service,user-service,14.525910
112,560.0,compose-post-service,user-timeline-service,14.525910
112,560.0,home-timeline-service,post-storage-service,52.160161
112,560.0,home-timeline-service,social-graph-service,40.569014
112,560.0,home-timeline-service,user-service,28.977867
112,560.0,nginx-thrift,compose-post-service,24.209849
112,560.0,nginx-thrift,home-timeline-service,57.955735
112,560.0,nginx-thrift,user-timeline-service,14.045234
112,560.0,user-timeline-service,post-storage-service,11.938449
112,560.0,user-timeline-service,user-service,7.724879
113,565.0,compose-post-service,home-timeline-service,16.149399
113,565.0,compose-post-service,media-service,8.074700
113,565.0,compose-post-service,post-storage-service,18.456456
113,565.0,compose-post-service,url-shorten-service,10.381757
113,565.0,compose-post-service,user-mention-service,10.381757
113,565.0,compose-post-service,user-service,13.842342
113,565.0,compose-post-service,user-timeline-service,13.842342
113,565.0,home-timeline-service,post-storage-service,49.558251
113,565.0,home-timeline-service,social-graph-service,38.545307
113,565.0,home-timeline-service,user-service,27.532362
113,565.0,nginx-thrift,compose-post-service,23.070570
113,565.0,nginx-thrift,home-timeline-service,55.064724
113,565.0,nginx-thrift,user-timeline-service,13.397826
113,565.0,user-timeline-service,post-storage-service,11.388152
113,565.0,user-timeline-service,user-service,7.368805
114,570.0,compose-post-service,home-timeline-service,15.996492
114,570.0,compose-post-service,media-service,7.998246
114,570.0,compose-post-service,post-storage-service,18.281705
114,570.0,compose-post-service,url-shorten-service,10.283459
114,570.0,compose-post-service,user-mention-service,10.283459
114,570.0,compose-post-service,user-service,13.711278
114,570.0,compose-post-service,user-timeline-service,13.711278
114,570.0,home-timeline-service,post-storage-service,48.943844
114,570.0,home-timeline-service,social-graph-service,38.067434
114,570.0,home-timeline-service,user-service,27.191024
114,570.0,nginx-thrift,compose-post-service,22.852131
114,570.0,nginx-thrift,home-timeline-service,54.382049
114,570.0,nginx-thrift,user-timeline-service,13.284358
114,570.0,user-timeline-service,post-storage-service,11.291705
114,570.0,user-timeline-service,user-service,7.306397
115,575.0,compose-post-service,home-timeline-service,16.457616
115,575.0,compose-post-service,media-service,8.228808
115,575.0,compose-post-service,post-storage-service,18.808703
115,575.0,compose-post-service,url-shorten-service,10.579896
115,575.0,compose-post-service,user-mention-service,10.579896
115,575.0,compose-post-service,user-service,14.106528
115,575.0,compose-post-service,user-timeline-service,14.106528
115,575.0,home-timeline-service,post-storage-service,50.206147
115,575.0,home-timeline-service,social-graph-service,39.049225
115,575.0,home-timeline-service,user-service,27.892304
115,575.0,nginx-thrift,compose-post-service,23.510879
115,575.0,nginx-thrift,home-timeline-service,55.784608
115,575.0,nginx-thrift,user-timeline-service,13.681049
115,575.0,user-timeline-service,post-storage-service,11.628892
115,575.0,user-timeline-service,user-service,7.524577
116,580.0,compose-post-service,home-timeline-service,16.870579
116,580.0,compose-post-service,media-service,8.435289
116,580.0,compose-post-service,post-storage-service,19.280662
116,580.0,compose-post-service,url-shorten-service,10.845372
116,580.0,compose-post-service,user-mention-service,10.845372
116,580.0,compose-post-service,user-service,14.460496
116,580.0,compose-post-service,user-timeline-service,14.460496
116,580.0,home-timeline-service,post-storage-service,51.314431
116,580.0,home-timeline-service,social-graph-service,39.911224
116,580.0,home-timeline-service,user-service,28.508017
116,580.0,nginx-thrift,compose-post-service,24.100827
116,580.0,nginx-thrift,home-timeline-service,57.016035
116,580.0,nginx-thrift,user-timeline-service,14.038409
116,580.0,user-timeline-service,post-storage-service,11.932648
116,580.0,user-timeline-service,user-service,7.721125
117,585.0,compose-post-service,home-timeline-service,16.628301
117,585.0,compose-post-service,media-service,8.314150
117,585.0,compose-post-service,post-storage-service,19.003772
117,585.0,compose-post-service,url-shorten-service,10.689622
117,585.0,compose-post-service,user-mention-service,10.689622
117,585.0,compose-post-service,user-service,14.252829
117,585.0,compose-post-service,user-timeline-service,14.252829
117,585.0,home-timeline-service,post-storage-service,50.428943
117,585.0,home-timeline-service,social-graph-service,39.222511
117,585.0,home-timeline-service,user-service,28.016079
117,585.0,nginx-thrift,compose-post-service,23.754716
117,585.0,nginx-thrift,home-timeline-service,56.032159
117,585.0,nginx-thrift,user-timeline-service,13.850646
117,585.0,user-timeline-service,post-storage-service,11.773049
117,585.0,user-timeline-service,user-service,7.617855
118,590.0,compose-post-service,home-timeline-service,17.194788
118,590.0,compose-post-service,media-service,8.597394
118,590.0,compose-post-service,post-storage-service,19.651186
118,590.0,compose-post-service,url-shorten-service,11.053792
118,590.0,compose-post-service,user-mention-service,11.053792
118,590.0,compose-post-service,user-service,14.738389
118,590.0,compose-post-service,user-timeline-service,14.738389
118,590.0,home-timeline-service,post-storage-service,51.994111
118,590.0,home-timeline-service,social-graph-service,40.439864
118,590.0,home-timeline-service,user-service,28.885617
118,590.0,nginx-thrift,compose-post-service,24.563982
118,590.0,nginx-thrift,home-timeline-service,57.771234
118,590.0,nginx-thrift,user-timeline-service,14.336794
118,590.0,user-timeline-service,post-storage-service,12.186275
118,590.0,user-timeline-service,user-service,7.885237
119,595.0,compose-post-service,home-timeline-service,16.490269
119,595.0,compose-post-service,media-service,8.245134
119,595.0,compose-post-service,post-storage-service,18.846022
119,595.0,compose-post-service,url-shorten-service,10.600887
119,595.0,compose-post-service,user-mention-service,10.600887
119,595.0,compose-post-service,user-service,14.134516
119,595.0,compose-post-service,user-timeline-service,14.134516
119,595.0,home-timeline-service,post-storage-service,49.717962
119,595.0,home-timeline-service,social-graph-service,38.669526
119,595.0,home-timeline-service,user-service,27.621090
119,595.0,nginx-thrift,compose-post-service,23.557527
119,595.0,nginx-thrift,home-timeline-service,55.242180
119,595.0,nginx-thrift,user-timeline-service,13.763056
119,595.0,user-timeline-service,post-storage-service,11.698598
119,595.0,user-timeline-service,user-service,7.569681
120,600.0,compose-post-service,home-timeline-service,16.716199
120,600.0,compose-post-service,media-service,8.358100
120,600.0,compose-post-service,post-storage-service,19.104228
120,600.0,compose-post-service,url-shorten-service,10.746128
120,600.0,compose-post-service,user-mention-service,10.746128
120,600.0,compose-post-service,user-service,14.328171
120,600.0,compose-post-service,user-timeline-service,14.328171
120,600.0,home-timeline-service,post-storage-service,50.252103
120,600.0,home-timeline-service,social-graph-service,39.084969
120,600.0,home-timeline-service,user-service,27.917835
120,600.0,nginx-thrift,compose-post-service,23.880285
120,600.0,nginx-thrift,home-timeline-service,55.835670
120,600.0,nginx-thrift,user-timeline-service,13.965468
120,600.0,user-timeline-service,post-storage-service,11.870648
120,600.0,user-timeline-service,user-service,7.681007
121,605.0,compose-post-service,home-timeline-service,17.055828
121,605.0,compose-post-service,media-service,8.527914
121,605.0,compose-post-service,post-storage-service,19.492375
121,605.0,compose-post-service,url-shorten-service,10.964461
121,605.0,compose-post-service,user-mention-service,10.964461
121,605.0,compose-post-service,user-service,14.619281
121,605.0,compose-post-service,user-timeline-service,14.619281
121,605.0,home-timeline-service,post-storage-service,51.123843
121,605.0,home-timeline-service,social-graph-service,39.762989
121,605.0,home-timeline-service,user-service,28.402135
121,605.0,nginx-thrift,compose-post-service,24.365468
121,605.0,nginx-thrift,home-timeline-service,56.804270
121,605.0,nginx-thrift,user-timeline-service,14.263314
121,605.0,user-timeline-service,post-storage-service,12.123817
121,605.0,user-timeline-service,user-service,7.844823
122,610.0,compose-post-service,home-timeline-service,16.673515
122,610.0,compose-post-service,media-service,8.336758
122,610.0,compose-post-service,post-storage-service,19.055446
122,610.0,compose-post-service,url-shorten-service,10.718688
122,610.0,compose-post-service,user-mention-service,10.718688
122,610.0,compose-post-service,user-service,14.291585
122,610.0,compose-post-service,user-timeline-service,14.291585
122,610.0,home-timeline-service,post-storage-service,49.832734
122,610.0,home-timeline-service,social-graph-service,38.758793
122,610.0,home-timeline-service,user-service,27.684852
122,610.0,nginx-thrift,compose-post-service,23.819308
122,610.0,nginx-thrift,home-timeline-service,55.369705
122,610.0,nginx-thrift,user-timeline-service,13.957364
122,610.0,user-timeline-service,post-storage-service,11.863759
122,610.0,user-timeline-service,user-service,7.676550
123,615.0,compose-post-service,home-timeline-service,17.114283
123,615.0,compose-post-service,media-service,8.557141
123,615.0,compose-post-service,post-storage-service,19.559180
123,615.0,compose-post-service,url-shorten-service,11.002039
123,615.0,compose-post-service,user-mention-service,11.002039
123,615.0,compose-post-service,user-service,14.669385
123,615.0,compose-post-service,user-timeline-service,14.669385
123,615.0,home-timeline-service,post-storage-service,51.001853
123,615.0,home-timeline-service,social-graph-service,39.668108
123,615.0,home-timeline-service,user-service,28.334363
123,615.0,nginx-thrift,compose-post-service,24.448975
123,615.0,nginx-thrift,home-timeline-service,56.668726
123,615.0,nginx-thrift,user-timeline-service,14.340440
123,615.0,user-timeline-service,post-storage-service,12.189374
123,615.0,user-timeline-service,user-service,7.887242
124,620.0,compose-post-service,home-timeline-service,16.739081
124,620.0,compose-post-service,media-service,8.369541
124,620.0,compose-post-service,post-storage-service,19.130378
124,620.0,compose-post-service,url-shorten-service,10.760838
124,620.0,compose-post-service,user-mention-service,10.760838
124,620.0,compose-post-service,user-service,14.347784
124,620.0,compose-post-service,user-timeline-service,14.347784
124,620.0,home-timeline-service,post-storage-service,49.739502
124,620.0,home-timeline-service,social-graph-service,38.686280
124,620.0,home-timeline-service,user-service,27.633057
124,620.0,nginx-thrift,compose-post-service,23.912973
124,620.0,nginx-thrift,home-timeline-service,55.266114
124,620.0,nginx-thrift,user-timeline-service,14.039830
124,620.0,user-timeline-service,post-storage-service,11.933856
124,620.0,user-timeline-service,user-service,7.721907
125,625.0,compose-post-service,home-timeline-service,16.227829
125,625.0,compose-post-service,media-service,8.113914
125,625.0,compose-post-service,post-storage-service,18.546090
125,625.0,compose-post-service,url-shorten-service,10.432176
125,625.0,compose-post-service,user-mention-service,10.432176
125,625.0,compose-post-service,user-service,13.909567
125,625.0,compose-post-service,user-timeline-service,13.909567
125,625.0,home-timeline-service,post-storage-service,48.081239
125,625.0,home-timeline-service,social-graph-service,37.396519
125,625.0,home-timeline-service,user-service,26.711799
125,625.0,nginx-thrift,compose-post-service,23.182612
125,625.0,nginx-thrift,home-timeline-service,53.423599
125,625.0,nginx-thrift,user-timeline-service,13.624360
125,625.0,user-timeline-service,post-storage-service,11.580706
125,625.0,user-timeline-service,user-service,7.493398
126,630.0,compose-post-service,home-timeline-service,16.238501
126,630.0,compose-post-service,media-service,8.119250
126,630.0,compose-post-service,post-storage-service,18.558286
126,630.0,compose-post-service,url-shorten-service,10.439036
126,630.0,compose-post-service,user-mention-service,10.439036
126,630.0,compose-post-service,user-service,13.918715
126,630.0,compose-post-service,user-timeline-service,13.918715
126,630.0,home-timeline-service,post-storage-service,47.974384
126,630.0,home-timeline-service,social-graph-service,37.313410
126,630.0,home-timeline-service,user-service,26.652436
126,630.0,nginx-thrift,compose-post-service,23.197858
126,630.0,nginx-thrift,home-timeline-service,53.304871
126,630.0,nginx-thrift,user-timeline-service,13.646650
126,630.0,user-timeline-service,post-storage-service,11.599653
126,630.0,user-timeline-service,user-service,7.505658
127,635.0,compose-post-service,home-timeline-service,17.336457
127,635.0,compose-post-service,media-service,8.668229
127,635.0,compose-post-service,post-storage-service,19.813094
127,635.0,compose-post-service,url-shorten-service,11.144865
127,635.0,compose-post-service,user-mention-service,11.144865
127,635.0,compose-post-service,user-service,14.859821
127,635.0,compose-post-service,user-timeline-service,14.859821
127,635.0,home-timeline-service,post-storage-service,51.071065
127,635.0,home-timeline-service,social-graph-service,39.721940
127,635.0,home-timeline-service,user-service,28.372814
127,635.0,nginx-thrift,compose-post-service,24.766368
127,635.0,nginx-thrift,home-timeline-service,56.745628
127,635.0,nginx-thrift,user-timeline-service,14.583573
127,635.0,user-timeline-service,post-storage-service,12.396037
127,635.0,user-timeline-service,user-service,8.020965
128,640.0,compose-post-service,home-timeline-service,17.302599
128,640.0,compose-post-service,media-service,8.651300
128,640.0,compose-post-service,post-storage-service,19.774399
128,640.0,compose-post-service,url-shorten-service,11.123099
128,640.0,compose-post-service,user-mention-service,11.123099
128,640.0,compose-post-service,user-service,14.830799
128,640.0,compose-post-service,user-timeline-service,14.830799
128,640.0,home-timeline-service,post-storage-service,50.825284
128,640.0,home-timeline-service,social-graph-service,39.530776
128,640.0,home-timeline-service,user-service,28.236269
128,640.0,nginx-thrift,compose-post-service,24.717999
128,640.0,nginx-thrift,home-timeline-service,56.472538
128,640.0,nginx-thrift,user-timeline-service,14.569257
128,640.0,user-timeline-service,post-storage-service,12.383868
128,640.0,user-timeline-service,user-service,8.013091
129,645.0,compose-post-service,home-timeline-service,17.653010
129,645.0,compose-post-service,media-service,8.826505
129,645.0,compose-post-service,post-storage-service,20.174868
129,645.0,compose-post-service,url-shorten-service,11.348363
129,645.0,compose-post-service,user-mention-service,11.348363
129,645.0,compose-post-service,user-service,15.131151
129,645.0,compose-post-service,user-timeline-service,15.131151
129,645.0,home-timeline-service,post-storage-service,51.706358
129,645.0,home-timeline-service,social-graph-service,40.216056
129,645.0,home-timeline-service,user-service,28.725754
129,645.0,nginx-thrift,compose-post-service,25.218585
129,645.0,nginx-thrift,home-timeline-service,57.451508
129,645.0,nginx-thrift,user-timeline-service,14.878746
129,645.0,user-timeline-service,post-storage-service,12.646934
129,645.0,user-timeline-service,user-service,8.183310
130,650.0,compose-post-service,home-timeline-service,17.269302
130,650.0,compose-post-service,media-service,8.634651
130,650.0,compose-post-service,post-storage-service,19.736345
130,650.0,compose-post-service,url-shorten-service,11.101694
130,650.0,compose-post-service,user-mention-service,11.101694
130,650.0,compose-post-service,user-service,14.802259
130,650.0,compose-post-service,user-timeline-service,14.802259
130,650.0,home-timeline-service,post-storage-service,50.438191
130,650.0,home-timeline-service,social-graph-service,39.229704
130,650.0,home-timeline-service,user-service,28.021217
130,650.0,nginx-thrift,compose-post-service,24.670432
130,650.0,nginx-thrift,home-timeline-service,56.042435
130,650.0,nginx-thrift,user-timeline-service,14.569443
130,650.0,user-timeline-service,post-storage-service,12.384026
130,650.0,user-timeline-service,user-service,8.013193
131,655.0,compose-post-service,home-timeline-service,17.116510
131,655.0,compose-post-service,media-service,8.558255
131,655.0,compose-post-service,post-storage-service,19.561726
131,655.0,compose-post-service,url-shorten-service,11.003471
131,655.0,compose-post-service,user-mention-service,11.003471
131,655.0,compose-post-service,user-service,14.671294
131,655.0,compose-post-service,user-timeline-service,14.671294
131,655.0,home-timeline-service,post-storage-service,49.849668
131,655.0,home-timeline-service,social-graph-service,38.771964
131,655.0,home-timeline-service,user-service,27.694260
131,655.0,nginx-thrift,compose-post-service,24.452157
131,655.0,nginx-thrift,home-timeline-service,55.388520
131,655.0,nginx-thrift,user-timeline-service,14.454499
131,655.0,user-timeline-service,post-storage-service,12.286324
131,655.0,user-timeline-service,user-service,7.949974
132,660.0,compose-post-service,home-timeline-service,16.466899
132,660.0,compose-post-service,media-service,8.233449
132,660.0,compose-post-service,post-storage-service,18.819313
132,660.0,compose-post-service,url-shorten-service,10.585863
132,660.0,compose-post-service,user-mention-service,10.585863
132,660.0,compose-post-service,user-service,14.114485
132,660.0,compose-post-service,user-timeline-service,14.114485
132,660.0,home-timeline-service,post-storage-service,47.821588
132,660.0,home-timeline-service,social-graph-service,37.194568
132,660.0,home-timeline-service,user-service,26.567549
132,660.0,nginx-thrift,compose-post-service,23.524141
132,660.0,nginx-thrift,home-timeline-service,53.135098
132,660.0,nginx-thrift,user-timeline-service,13.919332
132,660.0,user-timeline-service,post-storage-service,11.831432
132,660.0,user-timeline-service,user-service,7.655632
133,665.0,compose-post-service,home-timeline-service,17.618420
133,665.0,compose-post-service,media-service,8.809210
133,665.0,compose-post-service,post-storage-service,20.135337
133,665.0,compose-post-service,url-shorten-service,11.326127
133,665.0,compose-post-service,user-mention-service,11.326127
133,665.0,compose-post-service,user-service,15.101503
133,665.0,compose-post-service,user-timeline-service,15.101503
133,665.0,home-timeline-service,post-storage-service,51.020775
133,665.0,home-timeline-service,social-graph-service,39.682825
133,665.0,home-timeline-service,user-service,28.344875
133,665.0,nginx-thrift,compose-post-service,25.169171
133,665.0,nginx-thrift,home-timeline-service,56.689750
133,665.0,nginx-thrift,user-timeline-service,14.907039
133,665.0,user-timeline-service,post-storage-service,12.670983
133,665.0,user-timeline-service,user-service,8.198872
134,670.0,compose-post-service,home-timeline-service,16.440640
134,670.0,compose-post-service,media-service,8.220320
134,670.0,compose-post-service,post-storage-service,18.789303
134,670.0,compose-post-service,url-shorten-service,10.568983
134,670.0,compose-post-service,user-mention-service,10.568983
134,670.0,compose-post-service,user-service,14.091977
134,670.0,compose-post-service,user-timeline-service,14.091977
134,670.0,home-timeline-service,post-storage-service,47.475497
134,670.0,home-timeline-service,social-graph-service,36.925386
134,670.0,home-timeline-service,user-service,26.375276
134,670.0,nginx-thrift,compose-post-service,23.486628
134,670.0,nginx-thrift,home-timeline-service,52.750552
134,670.0,nginx-thrift,user-timeline-service,13.923877
134,670.0,user-timeline-service,post-storage-service,11.835295
134,670.0,user-timeline-service,user-service,7.658132
135,675.0,compose-post-service,home-timeline-service,16.968998
135,675.0,compose-post-service,media-service,8.484499
135,675.0,compose-post-service,post-storage-service,19.393140
135,675.0,compose-post-service,url-shorten-service,10.908641
135,675.0,compose-post-service,user-mention-service,10.908641
135,675.0,compose-post-service,user-service,14.544855
135,675.0,compose-post-service,user-timeline-service,14.544855
135,675.0,home-timeline-service,post-storage-service,48.863039
135,675.0,home-timeline-service,social-graph-service,38.004586
135,675.0,home-timeline-service,user-service,27.146133
135,675.0,nginx-thrift,compose-post-service,24.241425
135,675.0,nginx-thrift,home-timeline-service,54.292265
135,675.0,nginx-thrift,user-timeline-service,14.385130
135,675.0,user-timeline-service,post-storage-service,12.227361
135,675.0,user-timeline-service,user-service,7.911822
136,680.0,compose-post-service,home-timeline-service,16.526982
136,680.0,compose-post-service,media-service,8.263491
136,680.0,compose-post-service,post-storage-service,18.887979
136,680.0,compose-post-service,url-shorten-service,10.624488
136,680.0,compose-post-service,user-mention-service,10.624488
136,680.0,compose-post-service,user-service,14.165985
136,680.0,compose-post-service,user-timeline-service,14.165985
136,680.0,home-timeline-service,post-storage-service,47.456323
136,680.0,home-timeline-service,social-graph-service,36.910474
136,680.0,home-timeline-service,user-service,26.364624
136,680.0,nginx-thrift,compose-post-service,23.609974
136,680.0,nginx-thrift,home-timeline-service,52.729248
136,680.0,nginx-thrift,user-timeline-service,14.023825
136,680.0,user-timeline-service,post-storage-service,11.920251
136,680.0,user-timeline-service,user-service,7.713104
137,685.0,compose-post-service,home-timeline-service,16.947705
137,685.0,compose-post-service,media-service,8.473852
137,685.0,compose-post-service,post-storage-service,19.368805
137,685.0,compose-post-service,url-shorten-service,10.894953
137,685.0,compose-post-service,user-mention-service,10.894953
137,685.0,compose-post-service,user-service,14.526604
137,685.0,compose-post-service,user-timeline-service,14.526604
137,685.0,home-timeline-service,post-storage-service,48.527781
137,685.0,home-timeline-service,social-graph-service,37.743830
137,685.0,home-timeline-service,user-service,26.959878
137,685.0,nginx-thrift,compose-post-service,24.211006
137,685.0,nginx-thrift,home-timeline-service,53.919757
137,685.0,nginx-thrift,user-timeline-service,14.394558
137,685.0,user-timeline-service,post-storage-service,12.235374
137,685.0,user-timeline-service,user-service,7.917007
138,690.0,compose-post-service,home-timeline-service,16.851695
138,690.0,compose-post-service,media-service,8.425847
138,690.0,compose-post-service,post-storage-service,19.259080
138,690.0,compose-post-service,url-shorten-service,10.833232
138,690.0,compose-post-service,user-mention-service,10.833232
138,690.0,compose-post-service,user-service,14.444310
138,690.0,compose-post-service,user-timeline-service,14.444310
138,690.0,home-timeline-service,post-storage-service,48.117705
138,690.0,home-timeline-service,social-graph-service,37.424882
138,690.0,home-timeline-service,user-service,26.732058
138,690.0,nginx-thrift,compose-post-service,24.073850
138,690.0,nginx-thrift,home-timeline-service,53.464117
138,690.0,nginx-thrift,user-timeline-service,14.326653
138,690.0,user-timeline-service,post-storage-service,12.177655
138,690.0,user-timeline-service,user-service,7.879659
139,695.0,compose-post-service,home-timeline-service,17.072288
139,695.0,compose-post-service,media-service,8.536144
139,695.0,compose-post-service,post-storage-service,19.511186
139,695.0,compose-post-service,url-shorten-service,10.975042
139,695.0,compose-post-service,user-mention-service,10.975042
139,695.0,compose-post-service,user-service,14.633390
139,695.0,compose-post-service,user-timeline-service,14.633390
139,695.0,home-timeline-service,post-storage-service,48.611337
139,695.0,home-timeline-service,social-graph-service,37.808817
139,695.0,home-timeline-service,user-service,27.006298
139,695.0,nginx-thrift,compose-post-service,24.388983
139,695.0,nginx-thrift,home-timeline-service,54.012596
139,695.0,nginx-thrift,user-timeline-service,14.527999
139,695.0,user-timeline-service,post-storage-service,12.348799
139,695.0,user-timeline-service,user-service,7.990399
140,700.0,compose-post-service,home-timeline-service,17.570194
140,700.0,compose-post-service,media-service,8.785097
140,700.0,compose-post-service,post-storage-service,20.080221
140,700.0,compose-post-service,url-shorten-service,11.295125
140,700.0,compose-post-service,user-mention-service,11.295125
140,700.0,compose-post-service,user-service,15.060166
140,700.0,compose-post-service,user-timeline-service,15.060166
140,700.0,home-timeline-service,post-storage-service,49.889558
140,700.0,home-timeline-service,social-graph-service,38.802989
140,700.0,home-timeline-service,user-service,27.716421
140,700.0,nginx-thrift,compose-post-service,25.100277
140,700.0,nginx-thrift,home-timeline-service,55.432842
140,700.0,nginx-thrift,user-timeline-service,14.965898
140,700.0,user-timeline-service,post-storage-service,12.721014
140,700.0,user-timeline-service,user-service,8.231244
141,705.0,compose-post-service,home-timeline-service,17.314588
141,705.0,compose-post-service,media-service,8.657294
141,705.0,compose-post-service,post-storage-service,19.788101
141,705.0,compose-post-service,url-shorten-service,11.130807
141,705.0,compose-post-service,user-mention-service,11.130807
141,705.0,compose-post-service,user-service,14.841076
141,705.0,compose-post-service,user-timeline-service,14.841076
141,705.0,home-timeline-service,post-storage-service,49.026995
141,705.0,home-timeline-service,social-graph-service,38.132107
141,705.0,home-timeline-service,user-service,27.237219
141,705.0,nginx-thrift,compose-post-service,24.735126
141,705.0,nginx-thrift,home-timeline-service,54.474438
141,705.0,nginx-thrift,user-timeline-service,14.762157
141,705.0,user-timeline-service,post-storage-service,12.547833
141,705.0,user-timeline-service,user-service,8.119186
142,710.0,compose-post-service,home-timeline-service,16.843266
142,710.0,compose-post-service,media-service,8.421633
142,710.0,compose-post-service,post-storage-service,19.249447
142,710.0,compose-post-service,url-shorten-service,10.827814
142,710.0,compose-post-service,user-mention-service,10.827814
142,710.0,compose-post-service,user-service,14.437085
142,710.0,compose-post-service,user-timeline-service,14.437085
142,710.0,home-timeline-service,post-storage-service,47.560033
142,710.0,home-timeline-service,social-graph-service,36.991137
142,710.0,home-timeline-service,user-service,26.422241
142,710.0,nginx-thrift,compose-post-service,24.061809
142,710.0,nginx-thrift,home-timeline-service,52.844481
142,710.0,nginx-thrift,user-timeline-service,14.373901
142,710.0,user-timeline-service,post-storage-service,12.217816
142,710.0,user-timeline-service,user-service,7.905645
143,715.0,compose-post-service,home-timeline-service,17.758808
143,715.0,compose-post-service,media-service,8.879404
143,715.0,compose-post-service,post-storage-service,20.295781
143,715.0,compose-post-service,url-shorten-service,11.416377
143,715.0,compose-post-service,user-mention-service,11.416377
143,715.0,compose-post-service,user-service,15.221836
143,715.0,compose-post-service,user-timeline-service,15.221836
143,715.0,home-timeline-service,post-storage-service,50.006345
143,715.0,home-timeline-service,social-graph-service,38.893824
143,715.0,home-timeline-service,user-service,27.781303
143,715.0,nginx-thrift,compose-post-service,25.369726
143,715.0,nginx-thrift,home-timeline-service,55.562605
143,715.0,nginx-thrift,user-timeline-service,15.169529
143,715.0,user-timeline-service,post-storage-service,12.894100
143,715.0,user-timeline-service,user-service,8.343241
144,720.0,compose-post-service,home-timeline-service,17.711053
144,720.0,compose-post-service,media-service,8.855526
144,720.0,compose-post-service,post-storage-service,20.241203
144,720.0,compose-post-service,url-shorten-service,11.385677
144,720.0,compose-post-service,user-mention-service,11.385677
144,720.0,compose-post-service,user-service,15.180902
144,720.0,compose-post-service,user-timeline-service,15.180902
144,720.0,home-timeline-service,post-storage-service,49.734052
144,720.0,home-timeline-service,social-graph-service,38.682040
144,720.0,home-timeline-service,user-service,27.630029
144,720.0,nginx-thrift,compose-post-service,25.301504
144,720.0,nginx-thrift,home-timeline-service,55.260058
144,720.0,nginx-thrift,user-timeline-service,15.143000
144,720.0,user-timeline-service,post-storage-service,12.871550
144,720.0,user-timeline-service,user-service,8.328650
145,725.0,compose-post-service,home-timeline-service,17.889431
145,725.0,compose-post-service,media-service,8.944715
145,725.0,compose-post-service,post-storage-service,20.445064
145,725.0,compose-post-service,url-shorten-service,11.500348
145,725.0,compose-post-service,user-mention-service,11.500348
145,725.0,compose-post-service,user-service,15.333798
145,725.0,compose-post-service,user-timeline-service,15.333798
145,725.0,home-timeline-service,post-storage-service,50.096441
145,725.0,home-timeline-service,social-graph-service,38.963898
145,725.0,home-timeline-service,user-service,27.831356
145,725.0,nginx-thrift,compose-post-service,25.556329
145,725.0,nginx-thrift,home-timeline-service,55.662712
145,725.0,nginx-thrift,user-timeline-service,15.309910
145,725.0,user-timeline-service,post-storage-service,13.013423
145,725.0,user-timeline-service,user-service,8.420450
146,730.0,compose-post-service,home-timeline-service,16.587512
146,730.0,compose-post-service,media-service,8.293756
146,730.0,compose-post-service,post-storage-service,18.957157
146,730.0,compose-post-service,url-shorten-service,10.663401
146,730.0,compose-post-service,user-mention-service,10.663401
146,730.0,compose-post-service,user-service,14.217867
146,730.0,compose-post-service,user-timeline-service,14.217867
146,730.0,home-timeline-service,post-storage-service,46.322842
146,730.0,home-timeline-service,social-graph-service,36.028877
146,730.0,home-timeline-service,user-service,25.734912
146,730.0,nginx-thrift,compose-post-service,23.696446
146,730.0,nginx-thrift,home-timeline-service,51.469825
146,730.0,nginx-thrift,user-timeline-service,14.209057
146,730.0,user-timeline-service,post-storage-service,12.077699
146,730.0,user-timeline-service,user-service,7.814982
147,735.0,compose-post-service,home-timeline-service,17.583238
147,735.0,compose-post-service,media-service,8.791619
147,735.0,compose-post-service,post-storage-service,20.095129
147,735.0,compose-post-service,url-shorten-service,11.303510
147,735.0,compose-post-service,user-mention-service,11.303510
147,735.0,compose-post-service,user-service,15.071347
147,735.0,compose-post-service,user-timeline-service,15.071347
147,735.0,home-timeline-service,post-storage-service,48.968758
147,735.0,home-timeline-service,social-graph-service,38.086812
147,735.0,home-timeline-service,user-service,27.204866
147,735.0,nginx-thrift,compose-post-service,25.118911
147,735.0,nginx-thrift,home-timeline-service,54.409732
147,735.0,nginx-thrift,user-timeline-service,15.076138
147,735.0,user-timeline-service,post-storage-service,12.814718
147,735.0,user-timeline-service,user-service,8.291876
148,740.0,compose-post-service,home-timeline-service,18.077223
148,740.0,compose-post-service,media-service,9.038612
148,740.0,compose-post-service,post-storage-service,20.659683
148,740.0,compose-post-service,url-shorten-service,11.621072
148,740.0,compose-post-service,user-mention-service,11.621072
148,740.0,compose-post-service,user-service,15.494763
148,740.0,compose-post-service,user-timeline-service,15.494763
148,740.0,home-timeline-service,post-storage-service,50.206615
148,740.0,home-timeline-service,social-graph-service,39.049589
148,740.0,home-timeline-service,user-service,27.892564
148,740.0,nginx-thrift,compose-post-service,25.824604
148,740.0,nginx-thrift,home-timeline-service,55.785127
148,740.0,nginx-thrift,user-timeline-service,15.514207
148,740.0,user-timeline-service,post-storage-service,13.187076
148,740.0,user-timeline-service,user-service,8.532814
149,745.0,compose-post-service,home-timeline-service,17.033656
149,745.0,compose-post-service,media-service,8.516828
149,745.0,compose-post-service,post-storage-service,19.467036
149,745.0,compose-post-service,url-shorten-service,10.950208
149,745.0,compose-post-service,user-mention-service,10.950208
149,745.0,compose-post-service,user-service,14.600277
149,745.0,compose-post-service,user-timeline-service,14.600277
149,745.0,home-timeline-service,post-storage-service,47.179005
149,745.0,home-timeline-service,social-graph-service,36.694782
149,745.0,home-timeline-service,user-service,26.210558
149,745.0,nginx-thrift,compose-post-service,24.333795
149,745.0,nginx-thrift,home-timeline-service,52.421117
149,745.0,nginx-thrift,user-timeline-service,14.632271
149,745.0,user-timeline-service,post-storage-service,12.437430
149,745.0,user-timeline-service,user-service,8.047749
150,750.0,compose-post-service,home-timeline-service,16.960982
150,750.0,compose-post-service,media-service,8.480491
150,750.0,compose-post-service,post-storage-service,19.383979
150,750.0,compose-post-service,url-shorten-service,10.903488
150,750.0,compose-post-service,user-mention-service,10.903488
150,750.0,compose-post-service,user-service,14.537984
150,750.0,compose-post-service,user-timeline-service,14.537984
150,750.0,home-timeline-service,post-storage-service,46.849637
150,750.0,home-timeline-service,social-graph-service,36.438606
150,750.0,home-timeline-service,user-service,26.027576
150,750.0,nginx-thrift,compose-post-service,24.229974
150,750.0,nginx-thrift,home-timeline-service,52.055152
150,750.0,nginx-thrift,user-timeline-service,14.583447
150,750.0,user-timeline-service,post-storage-service,12.395930
150,750.0,user-timeline-service,user-service,8.020896
151,755.0,compose-post-service,home-timeline-service,18.012229
151,755.0,compose-post-service,media-service,9.006115
151,755.0,compose-post-service,post-storage-service,20.585405
151,755.0,compose-post-service,url-shorten-service,11.579290
151,755.0,compose-post-service,user-mention-service,11.579290
151,755.0,compose-post-service,user-service,15.439054
151,755.0,compose-post-service,user-timeline-service,15.439054
151,755.0,home-timeline-service,post-storage-service,49.618055
151,755.0,home-timeline-service,social-graph-service,38.591821
151,755.0,home-timeline-service,user-service,27.565586
151,755.0,nginx-thrift,compose-post-service,25.731756
151,755.0,nginx-thrift,home-timeline-service,55.131173
151,755.0,nginx-thrift,user-timeline-service,15.501776
151,755.0,user-timeline-service,post-storage-service,13.176509
151,755.0,user-timeline-service,user-service,8.525977
152,760.0,compose-post-service,home-timeline-service,17.277589
152,760.0,compose-post-service,media-service,8.638794
152,760.0,compose-post-service,post-storage-service,19.745816
152,760.0,compose-post-service,url-shorten-service,11.107021
152,760.0,compose-post-service,user-mention-service,11.107021
152,760.0,compose-post-service,user-service,14.809362
152,760.0,compose-post-service,user-timeline-service,14.809362
152,760.0,home-timeline-service,post-storage-service,47.465177
152,760.0,home-timeline-service,social-graph-service,36.917360
152,760.0,home-timeline-service,user-service,26.369543
152,760.0,nginx-thrift,compose-post-service,24.682270
152,760.0,nginx-thrift,home-timeline-service,52.739085
152,760.0,nginx-thrift,user-timeline-service,14.883371
152,760.0,user-timeline-service,post-storage-service,12.650865
152,760.0,user-timeline-service,user-service,8.185854
153,765.0,compose-post-service,home-timeline-service,17.362821
153,765.0,compose-post-service,media-service,8.681410
153,765.0,compose-post-service,post-storage-service,19.843224
153,765.0,compose-post-service,url-shorten-service,11.161813
153,765.0,compose-post-service,user-mention-service,11.161813
153,765.0,compose-post-service,user-service,14.882418
153,765.0,compose-post-service,user-timeline-service,14.882418
153,765.0,home-timeline-service,post-storage-service,47.570160
153,765.0,home-timeline-service,social-graph-service,36.999013
153,765.0,home-timeline-service,user-service,26.427866
153,765.0,nginx-thrift,compose-post-service,24.804030
153,765.0,nginx-thrift,home-timeline-service,52.855733
153,765.0,nginx-thrift,user-timeline-service,14.970699
153,765.0,user-timeline-service,post-storage-service,12.725094
153,765.0,user-timeline-service,user-service,8.233884
154,770.0,compose-post-service,home-timeline-service,18.088192
154,770.0,compose-post-service,media-service,9.044096
154,770.0,compose-post-service,post-storage-service,20.672219
154,770.0,compose-post-service,url-shorten-service,11.628123
154,770.0,compose-post-service,user-mention-service,11.628123
154,770.0,compose-post-service,user-service,15.504164
154,770.0,compose-post-service,user-timeline-service,15.504164
154,770.0,home-timeline-service,post-storage-service,49.423613
154,770.0,home-timeline-service,social-graph-service,38.440588
154,770.0,home-timeline-service,user-service,27.457563
154,770.0,nginx-thrift,compose-post-service,25.840274
154,770.0,nginx-thrift,home-timeline-service,54.915125
154,770.0,nginx-thrift,user-timeline-service,15.610615
154,770.0,user-timeline-service,post-storage-service,13.269023
154,770.0,user-timeline-service,user-service,8.585838
155,775.0,compose-post-service,home-timeline-service,17.377653
155,775.0,compose-post-service,media-service,8.688826
155,775.0,compose-post-service,post-storage-service,19.860175
155,775.0,compose-post-service,url-shorten-service,11.171348
155,775.0,compose-post-service,user-mention-service,11.171348
155,775.0,compose-post-service,user-service,14.895131
155,775.0,compose-post-service,user-timeline-service,14.895131
155,775.0,home-timeline-service,post-storage-service,47.354157
155,775.0,home-timeline-service,social-graph-service,36.831011
155,775.0,home-timeline-service,user-service,26.307865
155,775.0,nginx-thrift,compose-post-service,24.825218
155,775.0,nginx-thrift,home-timeline-service,52.615730
155,775.0,nginx-thrift,user-timeline-service,15.011307
155,775.0,user-timeline-service,post-storage-service,12.759611
155,775.0,user-timeline-service,user-service,8.256219
156,780.0,compose-post-service,home-timeline-service,17.084595
156,780.0,compose-post-service,media-service,8.542298
156,780.0,compose-post-service,post-storage-service,19.525252
156,780.0,compose-post-service,url-shorten-service,10.982954
156,780.0,compose-post-service,user-mention-service,10.982954
156,780.0,compose-post-service,user-service,14.643939
156,780.0,compose-post-service,user-timeline-service,14.643939
156,780.0,home-timeline-service,post-storage-service,46.430355
156,780.0,home-timeline-service,social-graph-service,36.112498
156,780.0,home-timeline-service,user-service,25.794642
156,780.0,nginx-thrift,compose-post-service,24.406565
156,780.0,nginx-thrift,home-timeline-service,51.589283
156,780.0,nginx-thrift,user-timeline-service,14.771823
156,780.0,user-timeline-service,post-storage-service,12.556049
156,780.0,user-timeline-service,user-service,8.124502
157,785.0,compose-post-service,home-timeline-service,17.132522
157,785.0,compose-post-service,media-service,8.566261
157,785.0,compose-post-service,post-storage-service,19.580026
157,785.0,compose-post-service,url-shorten-service,11.013764
157,785.0,compose-post-service,user-mention-service,11.013764
157,785.0,compose-post-service,user-service,14.685019
157,785.0,compose-post-service,user-timeline-service,14.685019
157,785.0,home-timeline-service,post-storage-service,46.435654
157,785.0,home-timeline-service,social-graph-service,36.116619
157,785.0,home-timeline-service,user-service,25.797585
157,785.0,nginx-thrift,compose-post-service,24.475032
157,785.0,nginx-thrift,home-timeline-service,51.595171
157,785.0,nginx-thrift,user-timeline-service,14.826963
157,785.0,user-timeline-service,post-storage-service,12.602918
157,785.0,user-timeline-service,user-service,8.154829
158,790.0,compose-post-service,home-timeline-service,17.376140
158,790.0,compose-post-service,media-service,8.688070
158,790.0,compose-post-service,post-storage-service,19.858446
158,790.0,compose-post-service,url-shorten-service,11.170376
158,790.0,compose-post-service,user-mention-service,11.170376
158,790.0,compose-post-service,user-service,14.893835
158,790.0,compose-post-service,user-timeline-service,14.893835
158,790.0,home-timeline-service,post-storage-service,46.969847
158,790.0,home-timeline-service,social-graph-service,36.532103
158,790.0,home-timeline-service,user-service,26.094359
158,790.0,nginx-thrift,compose-post-service,24.823058
158,790.0,nginx-thrift,home-timeline-service,52.188719
158,790.0,nginx-thrift,user-timeline-service,15.051688
158,790.0,user-timeline-service,post-storage-service,12.793934
158,790.0,user-timeline-service,user-service,8.278428
159,795.0,compose-post-service,home-timeline-service,17.996118
159,795.0,compose-post-service,media-service,8.998059
159,795.0,compose-post-service,post-storage-service,20.566992
159,795.0,compose-post-service,url-shorten-service,11.568933
159,795.0,compose-post-service,user-mention-service,11.568933
159,795.0,compose-post-service,user-service,15.425244
159,795.0,compose-post-service,user-timeline-service,15.425244
159,795.0,home-timeline-service,post-storage-service,48.515764
159,795.0,home-timeline-service,social-graph-service,37.734483
159,795.0,home-timeline-service,user-service,26.953202
159,795.0,nginx-thrift,compose-post-service,25.708740
159,795.0,nginx-thrift,home-timeline-service,53.906404
159,795.0,nginx-thrift,user-timeline-service,15.603112
159,795.0,user-timeline-service,post-storage-service,13.262645
159,795.0,user-timeline-service,user-service,8.581712
160,800.0,compose-post-service,home-timeline-service,17.456076
160,800.0,compose-post-service,media-service,8.728038
160,800.0,compose-post-service,post-storage-service,19.949801
160,800.0,compose-post-service,url-shorten-service,11.221763
160,800.0,compose-post-service,user-mention-service,11.221763
160,800.0,compose-post-service,user-service,14.962351
160,800.0,compose-post-service,user-timeline-service,14.962351
160,800.0,home-timeline-service,post-storage-service,46.934423
160,800.0,home-timeline-service,social-graph-service,36.504551
160,800.0,home-timeline-service,user-service,26.074680
160,800.0,nginx-thrift,compose-post-service,24.937252
160,800.0,nginx-thrift,home-timeline-service,52.149359
160,800.0,nginx-thrift,user-timeline-service,15.148829
160,800.0,user-timeline-service,post-storage-service,12.876505
160,800.0,user-timeline-service,user-service,8.331856
161,805.0,compose-post-service,home-timeline-service,18.163505
161,805.0,compose-post-service,media-service,9.081752
161,805.0,compose-post-service,post-storage-service,20.758291
161,805.0,compose-post-service,url-shorten-service,11.676539
161,805.0,compose-post-service,user-mention-service,11.676539
161,805.0,compose-post-service,user-service,15.568718
161,805.0,compose-post-service,user-timeline-service,15.568718
161,805.0,home-timeline-service,post-storage-service,48.706615
161,805.0,home-timeline-service,social-graph-service,37.882922
161,805.0,home-timeline-service,user-service,27.059230
161,805.0,nginx-thrift,compose-post-service,25.947864
161,805.0,nginx-thrift,home-timeline-service,54.118461
161,805.0,nginx-thrift,user-timeline-service,15.777263
161,805.0,user-timeline-service,post-storage-service,13.410674
161,805.0,user-timeline-service,user-service,8.677495
162,810.0,compose-post-service,home-timeline-service,16.980378
162,810.0,compose-post-service,media-service,8.490189
162,810.0,compose-post-service,post-storage-service,19.406147
162,810.0,compose-post-service,url-shorten-service,10.915958
162,810.0,compose-post-service,user-mention-service,10.915958
162,810.0,compose-post-service,user-service,14.554610
162,810.0,compose-post-service,user-timeline-service,14.554610
162,810.0,home-timeline-service,post-storage-service,45.413159
162,810.0,home-timeline-service,social-graph-service,35.321346
162,810.0,home-timeline-service,user-service,25.229533
162,810.0,nginx-thrift,compose-post-service,24.257684
162,810.0,nginx-thrift,home-timeline-service,50.459065
162,810.0,nginx-thrift,user-timeline-service,14.763133
162,810.0,user-timeline-service,post-storage-service,12.548663
162,810.0,user-timeline-service,user-service,8.119723
163,815.0,compose-post-service,home-timeline-service,17.312738
163,815.0,compose-post-service,media-service,8.656369
163,815.0,compose-post-service,post-storage-service,19.785986
163,815.0,compose-post-service,url-shorten-service,11.129617
163,815.0,compose-post-service,user-mention-service,11.129617
163,815.0,compose-post-service,user-service,14.839490
163,815.0,compose-post-service,user-timeline-service,14.839490
163,815.0,home-timeline-service,post-storage-service,46.179450
163,815.0,home-timeline-service,social-graph-service,35.917350
163,815.0,home-timeline-service,user-service,25.655250
163,815.0,nginx-thrift,compose-post-service,24.732483
163,815.0,nginx-thrift,home-timeline-service,51.310500
163,815.0,nginx-thrift,user-timeline-service,15.065919
163,815.0,user-timeline-service,post-storage-service,12.806031
163,815.0,user-timeline-service,user-service,8.286255
164,820.0,compose-post-service,home-timeline-service,17.975920
164,820.0,compose-post-service,media-service,8.987960
164,820.0,compose-post-service,post-storage-service,20.543909
164,820.0,compose-post-service,url-shorten-service,11.555949
164,820.0,compose-post-service,user-mention-service,11.555949
164,820.0,compose-post-service,user-service,15.407932
164,820.0,compose-post-service,user-timeline-service,15.407932
164,820.0,home-timeline-service,post-storage-service,47.821741
164,820.0,home-timeline-service,social-graph-service,37.194687
164,820.0,home-timeline-service,user-service,26.567634
164,820.0,nginx-thrift,compose-post-service,25.679886
164,820.0,nginx-thrift,home-timeline-service,53.135267
164,820.0,nginx-thrift,user-timeline-service,15.657387
164,820.0,user-timeline-service,post-storage-service,13.308779
164,820.0,user-timeline-service,user-service,8.611563
165,825.0,compose-post-service,home-timeline-service,17.746701
165,825.0,compose-post-service,media-service,8.873351
165,825.0,compose-post-service,post-storage-service,20.281944
165,825.0,compose-post-service,url-shorten-service,11.408594
165,825.0,compose-post-service,user-mention-service,11.408594
165,825.0,compose-post-service,user-service,15.211458
165,825.0,compose-post-service,user-timeline-service,15.211458
165,825.0,home-timeline-service,post-storage-service,47.087509
165,825.0,home-timeline-service,social-graph-service,36.623618
165,825.0,home-timeline-service,user-service,26.159727
165,825.0,nginx-thrift,compose-post-service,25.352430
165,825.0,nginx-thrift,home-timeline-service,52.319455
165,825.0,nginx-thrift,user-timeline-service,15.471901
165,825.0,user-timeline-service,post-storage-service,13.151116
165,825.0,user-timeline-service,user-service,8.509546
166,830.0,compose-post-service,home-timeline-service,17.801150
166,830.0,compose-post-service,media-service,8.900575
166,830.0,compose-post-service,post-storage-service,20.344171
166,830.0,compose-post-service,url-shorten-service,11.443596
166,830.0,compose-post-service,user-mention-service,11.443596
166,830.0,compose-post-service,user-service,15.258128
166,830.0,compose-post-service,user-timeline-service,15.258128
166,830.0,home-timeline-service,post-storage-service,47.107772
166,830.0,home-timeline-service,social-graph-service,36.639378
166,830.0,home-timeline-service,user-service,26.170984
166,830.0,nginx-thrift,compose-post-service,25.430214
166,830.0,nginx-thrift,home-timeline-service,52.341969
166,830.0,nginx-thrift,user-timeline-service,15.533581
166,830.0,user-timeline-service,post-storage-service,13.203544
166,830.0,user-timeline-service,user-service,8.543470
167,835.0,compose-post-service,home-timeline-service,18.569415
167,835.0,compose-post-service,media-service,9.284707
167,835.0,compose-post-service,post-storage-service,21.222188
167,835.0,compose-post-service,url-shorten-service,11.937481
167,835.0,compose-post-service,user-mention-service,11.937481
167,835.0,compose-post-service,user-service,15.916641
167,835.0,compose-post-service,user-timeline-service,15.916641
167,835.0,home-timeline-service,post-storage-service,49.011921
167,835.0,home-timeline-service,social-graph-service,38.120383
167,835.0,home-timeline-service,user-service,27.228845
167,835.0,nginx-thrift,compose-post-service,26.527735
167,835.0,nginx-thrift,home-timeline-service,54.457690
167,835.0,nginx-thrift,user-timeline-service,16.218805
167,835.0,user-timeline-service,post-storage-service,13.785985
167,835.0,user-timeline-service,user-service,8.920343
168,840.0,compose-post-service,home-timeline-service,17.456633
168,840.0,compose-post-service,media-service,8.728317
168,840.0,compose-post-service,post-storage-service,19.950438
168,840.0,compose-post-service,url-shorten-service,11.222121
168,840.0,compose-post-service,user-mention-service,11.222121
168,840.0,compose-post-service,user-service,14.962829
168,840.0,compose-post-service,user-timeline-service,14.962829
168,840.0,home-timeline-service,post-storage-service,45.954240
168,840.0,home-timeline-service,social-graph-service,35.742186
168,840.0,home-timeline-service,user-service,25.530133
168,840.0,nginx-thrift,compose-post-service,24.938048
168,840.0,nginx-thrift,home-timeline-service,51.060266
168,840.0,nginx-thrift,user-timeline-service,15.260821
168,840.0,user-timeline-service,post-storage-service,12.971698
168,840.0,user-timeline-service,user-service,8.393451
169,845.0,compose-post-service,home-timeline-service,17.309941
169,845.0,compose-post-service,media-service,8.654970
169,845.0,compose-post-service,post-storage-service,19.782789
169,845.0,compose-post-service,url-shorten-service,11.127819
169,845.0,compose-post-service,user-mention-service,11.127819
169,845.0,compose-post-service,user-service,14.837092
169,845.0,compose-post-service,user-timeline-service,14.837092
169,845.0,home-timeline-service,post-storage-service,45.449051
169,845.0,home-timeline-service,social-graph-service,35.349262
169,845.0,home-timeline-service,user-service,25.249473
169,845.0,nginx-thrift,compose-post-service,24.728487
169,845.0,nginx-thrift,home-timeline-service,50.498946
169,845.0,nginx-thrift,user-timeline-service,15.146398
169,845.0,user-timeline-service,post-storage-service,12.874438
169,845.0,user-timeline-service,user-service,8.330519
170,850.0,compose-post-service,home-timeline-service,17.072769
170,850.0,compose-post-service,media-service,8.536384
170,850.0,compose-post-service,post-storage-service,19.511736
170,850.0,compose-post-service,url-shorten-service,10.975351
170,850.0,compose-post-service,user-mention-service,10.975351
170,850.0,compose-post-service,user-service,14.633802
170,850.0,compose-post-service,user-timeline-service,14.633802
170,850.0,home-timeline-service,post-storage-service,44.709510
170,850.0,home-timeline-service,social-graph-service,34.774063
170,850.0,home-timeline-service,user-service,24.838616
170,850.0,nginx-thrift,compose-post-service,24.389669
170,850.0,nginx-thrift,home-timeline-service,49.677233
170,850.0,nginx-thrift,user-timeline-service,14.952499
170,850.0,user-timeline-service,post-storage-service,12.709624
170,850.0,user-timeline-service,user-service,8.223875
171,855.0,compose-post-service,home-timeline-service,17.865751
171,855.0,compose-post-service,media-service,8.932875
171,855.0,compose-post-service,post-storage-service,20.418001
171,855.0,compose-post-service,url-shorten-service,11.485126
171,855.0,compose-post-service,user-mention-service,11.485126
171,855.0,compose-post-service,user-service,15.313501
171,855.0,compose-post-service,user-timeline-service,15.313501
171,855.0,home-timeline-service,post-storage-service,46.664487
171,855.0,home-timeline-service,social-graph-service,36.294601
171,855.0,home-timeline-service,user-service,25.924715
171,855.0,nginx-thrift,compose-post-service,25.522501
171,855.0,nginx-thrift,home-timeline-service,51.849430
171,855.0,nginx-thrift,user-timeline-service,15.661265
171,855.0,user-timeline-service,post-storage-service,13.312075
171,855.0,user-timeline-service,user-service,8.613696
172,860.0,compose-post-service,home-timeline-service,17.563237
172,860.0,compose-post-service,media-service,8.781618
172,860.0,compose-post-service,post-storage-service,20.072271
172,860.0,compose-post-service,url-shorten-service,11.290652
172,860.0,compose-post-service,user-mention-service,11.290652
172,860.0,compose-post-service,user-service,15.054203
172,860.0,compose-post-service,user-timeline-service,15.054203
172,860.0,home-timeline-service,post-storage-service,45.755320
172,860.0,home-timeline-service,social-graph-service,35.587471
172,860.0,home-timeline-service,user-service,25.419622
172,860.0,nginx-thrift,compose-post-service,25.090338
172,860.0,nginx-thrift,home-timeline-service,50.839244
172,860.0,nginx-thrift,user-timeline-service,15.410102
172,860.0,user-timeline-service,post-storage-service,13.098587
172,860.0,user-timeline-service,user-service,8.475556
173,865.0,compose-post-service,home-timeline-service,17.886880
173,865.0,compose-post-service,media-service,8.943440
173,865.0,compose-post-service,post-storage-service,20.442149
173,865.0,compose-post-service,url-shorten-service,11.498709
173,865.0,compose-post-service,user-mention-service,11.498709
173,865.0,compose-post-service,user-service,15.331612
173,865.0,compose-post-service,user-timeline-service,15.331612
173,865.0,home-timeline-service,post-storage-service,46.477848
173,865.0,home-timeline-service,social-graph-service,36.149437
173,865.0,home-timeline-service,user-service,25.821027
173,865.0,nginx-thrift,compose-post-service,25.552686
173,865.0,nginx-thrift,home-timeline-service,51.642053
173,865.0,nginx-thrift,user-timeline-service,15.708353
173,865.0,user-timeline-service,post-storage-service,13.352100
173,865.0,user-timeline-service,user-service,8.639594
174,870.0,compose-post-service,home-timeline-service,17.092280
174,870.0,compose-post-service,media-service,8.546140
174,870.0,compose-post-service,post-storage-service,19.534035
174,870.0,compose-post-service,url-shorten-service,10.987895
174,870.0,compose-post-service,user-mention-service,10.987895
174,870.0,compose-post-service,user-service,14.650526
174,870.0,compose-post-service,user-timeline-service,14.650526
174,870.0,home-timeline-service,post-storage-service,44.298429
174,870.0,home-timeline-service,social-graph-service,34.454334
174,870.0,home-timeline-service,user-service,24.610238
174,870.0,nginx-thrift,compose-post-service,24.417543
174,870.0,nginx-thrift,home-timeline-service,49.220477
174,870.0,nginx-thrift,user-timeline-service,15.024183
174,870.0,user-timeline-service,post-storage-service,12.770555
174,870.0,user-timeline-service,user-service,8.263301
175,875.0,compose-post-service,home-timeline-service,17.099410
175,875.0,compose-post-service,media-service,8.549705
175,875.0,compose-post-service,post-storage-service,19.542183
175,875.0,compose-post-service,url-shorten-service,10.992478
175,875.0,compose-post-service,user-mention-service,10.992478
175,875.0,compose-post-service,user-service,14.656637
175,875.0,compose-post-service,user-timeline-service,14.656637
175,875.0,home-timeline-service,post-storage-service,44.202709
175,875.0,home-timeline-service,social-graph-service,34.379885
175,875.0,home-timeline-service,user-service,24.557061
175,875.0,nginx-thrift,compose-post-service,24.427729
175,875.0,nginx-thrift,home-timeline-service,49.114121
175,875.0,nginx-thrift,user-timeline-service,15.044110
175,875.0,user-timeline-service,post-storage-service,12.787493
175,875.0,user-timeline-service,user-service,8.274260
176,880.0,compose-post-service,home-timeline-service,17.775735
176,880.0,compose-post-service,media-service,8.887867
176,880.0,compose-post-service,post-storage-service,20.315126
176,880.0,compose-post-service,url-shorten-service,11.427258
176,880.0,compose-post-service,user-mention-service,11.427258
176,880.0,compose-post-service,user-service,15.236344
176,880.0,compose-post-service,user-timeline-service,15.236344
176,880.0,home-timeline-service,post-storage-service,45.832896
176,880.0,home-timeline-service,social-graph-service,35.647808
176,880.0,home-timeline-service,user-service,25.462720
176,880.0,nginx-thrift,compose-post-service,25.393907
176,880.0,nginx-thrift,home-timeline-service,50.925440
176,880.0,nginx-thrift,user-timeline-service,15.653346
176,880.0,user-timeline-service,post-storage-service,13.305344
176,880.0,user-timeline-service,user-service,8.609340
177,885.0,compose-post-service,home-timeline-service,18.450816
177,885.0,compose-post-service,media-service,9.225408
177,885.0,compose-post-service,post-storage-service,21.086646
177,885.0,compose-post-service,url-shorten-service,11.861239
177,885.0,compose-post-service,user-mention-service,11.861239
177,885.0,compose-post-service,user-service,15.814985
177,885.0,compose-post-service,user-timeline-service,15.814985
177,885.0,home-timeline-service,post-storage-service,47.451484
177,885.0,home-timeline-service,social-graph-service,36.906710
177,885.0,home-timeline-service,user-service,26.361936
177,885.0,nginx-thrift,compose-post-service,26.358308
177,885.0,nginx-thrift,home-timeline-service,52.723871
177,885.0,nginx-thrift,user-timeline-service,16.262569
177,885.0,user-timeline-service,post-storage-service,13.823184
177,885.0,user-timeline-service,user-service,8.944413
178,890.0,compose-post-service,home-timeline-service,17.671054
178,890.0,compose-post-service,media-service,8.835527
178,890.0,compose-post-service,post-storage-service,20.195490
178,890.0,compose-post-service,url-shorten-service,11.359963
178,890.0,compose-post-service,user-mention-service,11.359963
178,890.0,compose-post-service,user-service,15.146617
178,890.0,compose-post-service,user-timeline-service,15.146617
178,890.0,home-timeline-service,post-storage-service,45.329789
178,890.0,home-timeline-service,social-graph-service,35.256502
178,890.0,home-timeline-service,user-service,25.183216
178,890.0,nginx-thrift,compose-post-service,25.244362
178,890.0,nginx-thrift,home-timeline-service,50.366432
178,890.0,nginx-thrift,user-timeline-service,15.589413
178,890.0,user-timeline-service,post-storage-service,13.251001
178,890.0,user-timeline-service,user-service,8.574177
179,895.0,compose-post-service,home-timeline-service,18.756055
179,895.0,compose-post-service,media-service,9.378027
179,895.0,compose-post-service,post-storage-service,21.435491
179,895.0,compose-post-service,url-shorten-service,12.057464
179,895.0,compose-post-service,user-mention-service,12.057464
179,895.0,compose-post-service,user-service,16.076618
179,895.0,compose-post-service,user-timeline-service,16.076618
179,895.0,home-timeline-service,post-storage-service,47.990168
179,895.0,home-timeline-service,social-graph-service,37.325686
179,895.0,home-timeline-service,user-service,26.661205
179,895.0,nginx-thrift,compose-post-service,26.794364
179,895.0,nginx-thrift,home-timeline-service,53.322409
179,895.0,nginx-thrift,user-timeline-service,16.561601
179,895.0,user-timeline-service,post-storage-service,14.077361
179,895.0,user-timeline-service,user-service,9.108881
180,900.0,compose-post-service,home-timeline-service,18.190924
180,900.0,compose-post-service,media-service,9.095462
180,900.0,compose-post-service,post-storage-service,20.789628
180,900.0,compose-post-service,url-shorten-service,11.694166
180,900.0,compose-post-service,user-mention-service,11.694166
180,900.0,compose-post-service,user-service,15.592221
180,900.0,compose-post-service,user-timeline-service,15.592221
180,900.0,home-timeline-service,post-storage-service,46.425607
180,900.0,home-timeline-service,social-graph-service,36.108805
180,900.0,home-timeline-service,user-service,25.792004
180,900.0,nginx-thrift,compose-post-service,25.987035
180,900.0,nginx-thrift,home-timeline-service,51.584007
180,900.0,nginx-thrift,user-timeline-service,16.077143
180,900.0,user-timeline-service,post-storage-service,13.665571
180,900.0,user-timeline-service,user-service,8.842428
181,905.0,compose-post-service,home-timeline-service,17.899320
181,905.0,compose-post-service,media-service,8.949660
181,905.0,compose-post-service,post-storage-service,20.456366
181,905.0,compose-post-service,url-shorten-service,11.506706
181,905.0,compose-post-service,user-mention-service,11.506706
181,905.0,compose-post-service,user-service,15.342274
181,905.0,compose-post-service,user-timeline-service,15.342274
181,905.0,home-timeline-service,post-storage-service,45.565265
181,905.0,home-timeline-service,social-graph-service,35.439650
181,905.0,home-timeline-service,user-service,25.314036
181,905.0,nginx-thrift,compose-post-service,25.570457
181,905.0,nginx-thrift,home-timeline-service,50.628072
181,905.0,nginx-thrift,user-timeline-service,15.833747
181,905.0,user-timeline-service,post-storage-service,13.458685
181,905.0,user-timeline-service,user-service,8.708561
182,910.0,compose-post-service,home-timeline-service,18.570019
182,910.0,compose-post-service,media-service,9.285010
182,910.0,compose-post-service,post-storage-service,21.222879
182,910.0,compose-post-service,url-shorten-service,11.937869
182,910.0,compose-post-service,user-mention-service,11.937869
182,910.0,compose-post-service,user-service,15.917159
182,910.0,compose-post-service,user-timeline-service,15.917159
182,910.0,home-timeline-service,post-storage-service,47.152721
182,910.0,home-timeline-service,social-graph-service,36.674338
182,910.0,home-timeline-service,user-service,26.195956
182,910.0,nginx-thrift,compose-post-service,26.528599
182,910.0,nginx-thrift,home-timeline-service,52.391912
182,910.0,nginx-thrift,user-timeline-service,16.441913
182,910.0,user-timeline-service,post-storage-service,13.975626
182,910.0,user-timeline-service,user-service,9.043052
183,915.0,compose-post-service,home-timeline-service,17.631870
183,915.0,compose-post-service,media-service,8.815935
183,915.0,compose-post-service,post-storage-service,20.150708
183,915.0,compose-post-service,url-shorten-service,11.334773
183,915.0,compose-post-service,user-mention-service,11.334773
183,915.0,compose-post-service,user-service,15.113031
183,915.0,compose-post-service,user-timeline-service,15.113031
183,915.0,home-timeline-service,post-storage-service,44.657283
183,915.0,home-timeline-service,social-graph-service,34.733443
183,915.0,home-timeline-service,user-service,24.809602
183,915.0,nginx-thrift,compose-post-service,25.188385
183,915.0,nginx-thrift,home-timeline-service,49.619204
183,915.0,nginx-thrift,user-timeline-service,15.625396
183,915.0,user-timeline-service,post-storage-service,13.281587
183,915.0,user-timeline-service,user-service,8.593968
184,920.0,compose-post-service,home-timeline-service,18.300373
184,920.0,compose-post-service,media-service,9.150187
184,920.0,compose-post-service,post-storage-service,20.914712
184,920.0,compose-post-service,url-shorten-service,11.764526
184,920.0,compose-post-service,user-mention-service,11.764526
184,920.0,compose-post-service,user-service,15.686034
184,920.0,compose-post-service,user-timeline-service,15.686034
184,920.0,home-timeline-service,post-storage-service,46.233408
184,920.0,home-timeline-service,social-graph-service,35.959317
184,920.0,home-timeline-service,user-service,25.685227
184,920.0,nginx-thrift,compose-post-service,26.143390
184,920.0,nginx-thrift,home-timeline-service,51.370453
184,920.0,nginx-thrift,user-timeline-service,16.232488
184,920.0,user-timeline-service,post-storage-service,13.797615
184,920.0,user-timeline-service,user-service,8.927868
185,925.0,compose-post-service,home-timeline-service,18.740375
185,925.0,compose-post-service,media-service,9.370188
185,925.0,compose-post-service,post-storage-service,21.417572
185,925.0,compose-post-service,url-shorten-service,12.047384
185,925.0,compose-post-service,user-mention-service,12.047384
185,925.0,compose-post-service,user-service,16.063179
185,925.0,compose-post-service,user-timeline-service,16.063179
185,925.0,home-timeline-service,post-storage-service,47.225737
185,925.0,home-timeline-service,social-graph-service,36.731129
185,925.0,home-timeline-service,user-service,26.236521
185,925.0,nginx-thrift,compose-post-service,26.771965
185,925.0,nginx-thrift,home-timeline-service,52.473041
185,925.0,nginx-thrift,user-timeline-service,16.637794
185,925.0,user-timeline-service,post-storage-service,14.142125
185,925.0,user-timeline-service,user-service,9.150786
186,930.0,compose-post-service,home-timeline-service,18.217975
186,930.0,compose-post-service,media-service,9.108987
186,930.0,compose-post-service,post-storage-service,20.820543
186,930.0,compose-post-service,url-shorten-service,11.711555
186,930.0,compose-post-service,user-mention-service,11.711555
186,930.0,compose-post-service,user-service,15.615407
186,930.0,compose-post-service,user-timeline-service,15.615407
186,930.0,home-timeline-service,post-storage-service,45.793890
186,930.0,home-timeline-service,social-graph-service,35.617470
186,930.0,home-timeline-service,user-service,25.441050
186,930.0,nginx-thrift,compose-post-service,26.025678
186,930.0,nginx-thrift,home-timeline-service,50.882100
186,930.0,nginx-thrift,user-timeline-service,16.188615
186,930.0,user-timeline-service,post-storage-service,13.760322
186,930.0,user-timeline-service,user-service,8.903738
187,935.0,compose-post-service,home-timeline-service,17.842842
187,935.0,compose-post-service,media-service,8.921421
187,935.0,compose-post-service,post-storage-service,20.391819
187,935.0,compose-post-service,url-shorten-service,11.470398
187,935.0,compose-post-service,user-mention-service,11.470398
187,935.0,compose-post-service,user-service,15.293865
187,935.0,compose-post-service,user-timeline-service,15.293865
187,935.0,home-timeline-service,post-storage-service,44.738449
187,935.0,home-timeline-service,social-graph-service,34.796571
187,935.0,home-timeline-service,user-service,24.854694
187,935.0,nginx-thrift,compose-post-service,25.489774
187,935.0,nginx-thrift,home-timeline-service,49.709387
187,935.0,nginx-thrift,user-timeline-service,15.869587
187,935.0,user-timeline-service,post-storage-service,13.489149
187,935.0,user-timeline-service,user-service,8.728273
188,940.0,compose-post-service,home-timeline-service,17.462054
188,940.0,compose-post-service,media-service,8.731027
188,940.0,compose-post-service,post-storage-service,19.956633
188,940.0,compose-post-service,url-shorten-service,11.225606
188,940.0,compose-post-service,user-mention-service,11.225606
188,940.0,compose-post-service,user-service,14.967475
188,940.0,compose-post-service,user-timeline-service,14.967475
188,940.0,home-timeline-service,post-storage-service,43.674117
188,940.0,home-timeline-service,social-graph-service,33.968758
188,940.0,home-timeline-service,user-service,24.263398
188,940.0,nginx-thrift,compose-post-service,24.945791
188,940.0,nginx-thrift,home-timeline-service,48.526797
188,940.0,nginx-thrift,user-timeline-service,15.544930
188,940.0,user-timeline-service,post-storage-service,13.213190
188,940.0,user-timeline-service,user-service,8.549711
189,945.0,compose-post-service,home-timeline-service,18.320683
189,945.0,compose-post-service,media-service,9.160342
189,945.0,compose-post-service,post-storage-service,20.937924
189,945.0,compose-post-service,url-shorten-service,11.777582
189,945.0,compose-post-service,user-mention-service,11.777582
189,945.0,compose-post-service,user-service,15.703443
189,945.0,compose-post-service,user-timeline-service,15.703443
189,945.0,home-timeline-service,post-storage-service,45.707226
189,945.0,home-timeline-service,social-graph-service,35.550064
189,945.0,home-timeline-service,user-service,25.392903
189,945.0,nginx-thrift,compose-post-service,26.172405
189,945.0,nginx-thrift,home-timeline-service,50.785806
189,945.0,nginx-thrift,user-timeline-service,16.324009
189,945.0,user-timeline-service,post-storage-service,13.875408
189,945.0,user-timeline-service,user-service,8.978205
190,950.0,compose-post-service,home-timeline-service,17.650913
190,950.0,compose-post-service,media-service,8.825456
190,950.0,compose-post-service,post-storage-service,20.172472
190,950.0,compose-post-service,url-shorten-service,11.347015
190,950.0,compose-post-service,user-mention-service,11.347015
190,950.0,compose-post-service,user-service,15.129354
190,950.0,compose-post-service,user-timeline-service,15.129354
190,950.0,home-timeline-service,post-storage-service,43.926560
190,950.0,home-timeline-service,social-graph-service,34.165102
190,950.0,home-timeline-service,user-service,24.403644
190,950.0,nginx-thrift,compose-post-service,25.215590
190,950.0,nginx-thrift,home-timeline-service,48.807289
190,950.0,nginx-thrift,user-timeline-service,15.741421
190,950.0,user-timeline-service,post-storage-service,13.380208
190,950.0,user-timeline-service,user-service,8.657781
191,955.0,compose-post-service,home-timeline-service,17.993036
191,955.0,compose-post-service,media-service,8.996518
191,955.0,compose-post-service,post-storage-service,20.563469
191,955.0,compose-post-service,url-shorten-service,11.566952
191,955.0,compose-post-service,user-mention-service,11.566952
191,955.0,compose-post-service,user-service,15.422602
191,955.0,compose-post-service,user-timeline-service,15.422602
191,955.0,home-timeline-service,post-storage-service,44.666689
191,955.0,home-timeline-service,social-graph-service,34.740758
191,955.0,home-timeline-service,user-service,24.814827
191,955.0,nginx-thrift,compose-post-service,25.704337
191,955.0,nginx-thrift,home-timeline-service,49.629654
191,955.0,nginx-thrift,user-timeline-service,16.061004
191,955.0,user-timeline-service,post-storage-service,13.651854
191,955.0,user-timeline-service,user-service,8.833552
192,960.0,compose-post-service,home-timeline-service,18.306659
192,960.0,compose-post-service,media-service,9.153330
192,960.0,compose-post-service,post-storage-service,20.921896
192,960.0,compose-post-service,url-shorten-service,11.768567
192,960.0,compose-post-service,user-mention-service,11.768567
192,960.0,compose-post-service,user-service,15.691422
192,960.0,compose-post-service,user-timeline-service,15.691422
192,960.0,home-timeline-service,post-storage-service,45.332550
192,960.0,home-timeline-service,social-graph-service,35.258650
192,960.0,home-timeline-service,user-service,25.184750
192,960.0,nginx-thrift,compose-post-service,26.152371
192,960.0,nginx-thrift,home-timeline-service,50.369500
192,960.0,nginx-thrift,user-timeline-service,16.355685
192,960.0,user-timeline-service,post-storage-service,13.902333
192,960.0,user-timeline-service,user-service,8.995627
193,965.0,compose-post-service,home-timeline-service,19.028225
193,965.0,compose-post-service,media-service,9.514113
193,965.0,compose-post-service,post-storage-service,21.746543
193,965.0,compose-post-service,url-shorten-service,12.232431
193,965.0,compose-post-service,user-mention-service,12.232431
193,965.0,compose-post-service,user-service,16.309908
193,965.0,compose-post-service,user-timeline-service,16.309908
193,965.0,home-timeline-service,post-storage-service,47.002776
193,965.0,home-timeline-service,social-graph-service,36.557715
193,965.0,home-timeline-service,user-service,26.112653
193,965.0,nginx-thrift,compose-post-service,27.183179
193,965.0,nginx-thrift,home-timeline-service,52.225307
193,965.0,nginx-thrift,user-timeline-service,17.015677
193,965.0,user-timeline-service,post-storage-service,14.463326
193,965.0,user-timeline-service,user-service,9.358622
194,970.0,compose-post-service,home-timeline-service,18.566292
194,970.0,compose-post-service,media-service,9.283146
194,970.0,compose-post-service,post-storage-service,21.218619
194,970.0,compose-post-service,url-shorten-service,11.935473
194,970.0,compose-post-service,user-mention-service,11.935473
194,970.0,compose-post-service,user-service,15.913964
194,970.0,compose-post-service,user-timeline-service,15.913964
194,970.0,home-timeline-service,post-storage-service,45.748515
194,970.0,home-timeline-service,social-graph-service,35.582178
194,970.0,home-timeline-service,user-service,25.415842
194,970.0,nginx-thrift,compose-post-service,26.523274
194,970.0,nginx-thrift,home-timeline-service,50.831683
194,970.0,nginx-thrift,user-timeline-service,16.617563
194,970.0,user-timeline-service,post-storage-service,14.124929
194,970.0,user-timeline-service,user-service,9.139660
195,975.0,compose-post-service,home-timeline-service,18.305384
195,975.0,compose-post-service,media-service,9.152692
195,975.0,compose-post-service,post-storage-service,20.920439
195,975.0,compose-post-service,url-shorten-service,11.767747
195,975.0,compose-post-service,user-mention-service,11.767747
195,975.0,compose-post-service,user-service,15.690329
195,975.0,compose-post-service,user-timeline-service,15.690329
195,975.0,home-timeline-service,post-storage-service,44.994530
195,975.0,home-timeline-service,social-graph-service,34.995746
195,975.0,home-timeline-service,user-service,24.996961
195,975.0,nginx-thrift,compose-post-service,26.150549
195,975.0,nginx-thrift,home-timeline-service,49.993923
195,975.0,nginx-thrift,user-timeline-service,16.398804
195,975.0,user-timeline-service,post-storage-service,13.938983
195,975.0,user-timeline-service,user-service,9.019342
196,980.0,compose-post-service,home-timeline-service,18.922417
196,980.0,compose-post-service,media-service,9.461208
196,980.0,compose-post-service,post-storage-service,21.625619
196,980.0,compose-post-service,url-shorten-service,12.164411
196,980.0,compose-post-service,user-mention-service,12.164411
196,980.0,compose-post-service,user-service,16.219214
196,980.0,compose-post-service,user-timeline-service,16.219214
196,980.0,home-timeline-service,post-storage-service,46.396897
196,980.0,home-timeline-service,social-graph-service,36.086476
196,980.0,home-timeline-service,user-service,25.776054
196,980.0,nginx-thrift,compose-post-service,27.032024
196,980.0,nginx-thrift,home-timeline-service,51.552108
196,980.0,nginx-thrift,user-timeline-service,16.966842
196,980.0,user-timeline-service,post-storage-service,14.421816
196,980.0,user-timeline-service,user-service,9.331763
197,985.0,compose-post-service,home-timeline-service,17.954710
197,985.0,compose-post-service,media-service,8.977355
197,985.0,compose-post-service,post-storage-service,20.519669
197,985.0,compose-post-service,url-shorten-service,11.542314
197,985.0,compose-post-service,user-mention-service,11.542314
197,985.0,compose-post-service,user-service,15.389752
197,985.0,compose-post-service,user-timeline-service,15.389752
197,985.0,home-timeline-service,post-storage-service,43.916188
197,985.0,home-timeline-service,social-graph-service,34.157035
197,985.0,home-timeline-service,user-service,24.397882
197,985.0,nginx-thrift,compose-post-service,25.649586
197,985.0,nginx-thrift,home-timeline-service,48.795764
197,985.0,nginx-thrift,user-timeline-service,16.113648
197,985.0,user-timeline-service,post-storage-service,13.696601
197,985.0,user-timeline-service,user-service,8.862506
198,990.0,compose-post-service,home-timeline-service,18.107786
198,990.0,compose-post-service,media-service,9.053893
198,990.0,compose-post-service,post-storage-service,20.694612
198,990.0,compose-post-service,url-shorten-service,11.640719
198,990.0,compose-post-service,user-mention-service,11.640719
198,990.0,compose-post-service,user-service,15.520959
198,990.0,compose-post-service,user-timeline-service,15.520959
198,990.0,home-timeline-service,post-storage-service,44.182256
198,990.0,home-timeline-service,social-graph-service,34.363977
198,990.0,home-timeline-service,user-service,24.545698
198,990.0,nginx-thrift,compose-post-service,25.868265
198,990.0,nginx-thrift,home-timeline-service,49.091395
198,990.0,nginx-thrift,user-timeline-service,16.265665
198,990.0,user-timeline-service,post-storage-service,13.825815
198,990.0,user-timeline-service,user-service,8.946116
199,995.0,compose-post-service,home-timeline-service,18.637482
199,995.0,compose-post-service,media-service,9.318741
199,995.0,compose-post-service,post-storage-service,21.299979
199,995.0,compose-post-service,url-shorten-service,11.981238
199,995.0,compose-post-service,user-mention-service,11.981238
199,995.0,compose-post-service,user-service,15.974985
199,995.0,compose-post-service,user-timeline-service,15.974985
199,995.0,home-timeline-service,post-storage-service,45.363702
199,995.0,home-timeline-service,social-graph-service,35.282879
199,995.0,home-timeline-service,user-service,25.202057
199,995.0,nginx-thrift,compose-post-service,26.624974
199,995.0,nginx-thrift,home-timeline-service,50.404113
199,995.0,nginx-thrift,user-timeline-service,16.756553
199,995.0,user-timeline-service,post-storage-service,14.243070
199,995.0,user-timeline-service,user-service,9.216104
200,1000.0,compose-post-service,home-timeline-service,18.429481
200,1000.0,compose-post-service,media-service,9.214741
200,1000.0,compose-post-service,post-storage-service,21.062264
200,1000.0,compose-post-service,url-shorten-service,11.847524
200,1000.0,compose-post-service,user-mention-service,11.847524
200,1000.0,compose-post-service,user-service,15.796698
200,1000.0,compose-post-service,user-timeline-service,15.796698
200,1000.0,home-timeline-service,post-storage-service,44.748192
200,1000.0,home-timeline-service,social-graph-service,34.804149
200,1000.0,home-timeline-service,user-service,24.860107
200,1000.0,nginx-thrift,compose-post-service,26.327830
200,1000.0,nginx-thrift,home-timeline-service,49.720213
200,1000.0,nginx-thrift,user-timeline-service,16.584466
200,1000.0,user-timeline-service,post-storage-service,14.096796
200,1000.0,user-timeline-service,user-service,9.121456
201,1005.0,compose-post-service,home-timeline-service,17.844918
201,1005.0,compose-post-service,media-service,8.922459
201,1005.0,compose-post-service,post-storage-service,20.394192
201,1005.0,compose-post-service,url-shorten-service,11.471733
201,1005.0,compose-post-service,user-mention-service,11.471733
201,1005.0,compose-post-service,user-service,15.295644
201,1005.0,compose-post-service,user-timeline-service,15.295644
201,1005.0,home-timeline-service,post-storage-service,43.223552
201,1005.0,home-timeline-service,social-graph-service,33.618318
201,1005.0,home-timeline-service,user-service,24.013085
201,1005.0,nginx-thrift,compose-post-service,25.492740
201,1005.0,nginx-thrift,home-timeline-service,48.026169
201,1005.0,nginx-thrift,user-timeline-service,16.072886
201,1005.0,user-timeline-service,post-storage-service,13.661953
201,1005.0,user-timeline-service,user-service,8.840087
202,1010.0,compose-post-service,home-timeline-service,18.195025
202,1010.0,compose-post-service,media-service,9.097512
202,1010.0,compose-post-service,post-storage-service,20.794314
202,1010.0,compose-post-service,url-shorten-service,11.696802
202,1010.0,compose-post-service,user-mention-service,11.696802
202,1010.0,compose-post-service,user-service,15.595735
202,1010.0,compose-post-service,user-timeline-service,15.595735
202,1010.0,home-timeline-service,post-storage-service,43.964737
202,1010.0,home-timeline-service,social-graph-service,34.194795
202,1010.0,home-timeline-service,user-service,24.424854
202,1010.0,nginx-thrift,compose-post-service,25.992892
202,1010.0,nginx-thrift,home-timeline-service,48.849707
202,1010.0,nginx-thrift,user-timeline-service,16.402985
202,1010.0,user-timeline-service,post-storage-service,13.942538
202,1010.0,user-timeline-service,user-service,9.021642
203,1015.0,compose-post-service,home-timeline-service,18.947600
203,1015.0,compose-post-service,media-service,9.473800
203,1015.0,compose-post-service,post-storage-service,21.654400
203,1015.0,compose-post-service,url-shorten-service,12.180600
203,1015.0,compose-post-service,user-mention-service,12.180600
203,1015.0,compose-post-service,user-service,16.240800
203,1015.0,compose-post-service,user-timeline-service,16.240800
203,1015.0,home-timeline-service,post-storage-service,45.672454
203,1015.0,home-timeline-service,social-graph-service,35.523019
203,1015.0,home-timeline-service,user-service,25.373585
203,1015.0,nginx-thrift,compose-post-service,27.068000
203,1015.0,nginx-thrift,home-timeline-service,50.747171
203,1015.0,nginx-thrift,user-timeline-service,17.096822
203,1015.0,user-timeline-service,post-storage-service,14.532299
203,1015.0,user-timeline-service,user-service,9.403252
204,1020.0,compose-post-service,home-timeline-service,17.913760
204,1020.0,compose-post-service,media-service,8.956880
204,1020.0,compose-post-service,post-storage-service,20.472868
204,1020.0,compose-post-service,url-shorten-service,11.515988
204,1020.0,compose-post-service,user-mention-service,11.515988
204,1020.0,compose-post-service,user-service,15.354651
204,1020.0,compose-post-service,user-timeline-service,15.354651
204,1020.0,home-timeline-service,post-storage-service,43.076221
204,1020.0,home-timeline-service,social-graph-service,33.503727
204,1020.0,home-timeline-service,user-service,23.931234
204,1020.0,nginx-thrift,compose-post-service,25.591086
204,1020.0,nginx-thrift,home-timeline-service,47.862467
204,1020.0,nginx-thrift,user-timeline-service,16.178524
204,1020.0,user-timeline-service,post-storage-service,13.751745
204,1020.0,user-timeline-service,user-service,8.898188
205,1025.0,compose-post-service,home-timeline-service,18.758572
205,1025.0,compose-post-service,media-service,9.379286
205,1025.0,compose-post-service,post-storage-service,21.438368
205,1025.0,compose-post-service,url-shorten-service,12.059082
205,1025.0,compose-post-service,user-mention-service,12.059082
205,1025.0,compose-post-service,user-service,16.078776
205,1025.0,compose-post-service,user-timeline-service,16.078776
205,1025.0,home-timeline-service,post-storage-service,44.999088
205,1025.0,home-timeline-service,social-graph-service,34.999291
205,1025.0,home-timeline-service,user-service,24.999493
205,1025.0,nginx-thrift,compose-post-service,26.797961
205,1025.0,nginx-thrift,home-timeline-service,49.998987
205,1025.0,nginx-thrift,user-timeline-service,16.956761
205,1025.0,user-timeline-service,post-storage-service,14.413247
205,1025.0,user-timeline-service,user-service,9.326218
206,1030.0,compose-post-service,home-timeline-service,17.583727
206,1030.0,compose-post-service,media-service,8.791864
206,1030.0,compose-post-service,post-storage-service,20.095688
206,1030.0,compose-post-service,url-shorten-service,11.303825
206,1030.0,compose-post-service,user-mention-service,11.303825
206,1030.0,compose-post-service,user-service,15.071766
206,1030.0,compose-post-service,user-timeline-service,15.071766
206,1030.0,home-timeline-service,post-storage-service,42.079477
206,1030.0,home-timeline-service,social-graph-service,32.728482
206,1030.0,home-timeline-service,user-service,23.377487
206,1030.0,nginx-thrift,compose-post-service,25.119611
206,1030.0,nginx-thrift,home-timeline-service,46.754975
206,1030.0,nginx-thrift,user-timeline-service,15.909080
206,1030.0,user-timeline-service,post-storage-service,13.522718
206,1030.0,user-timeline-service,user-service,8.749994
207,1035.0,compose-post-service,home-timeline-service,19.229030
207,1035.0,compose-post-service,media-service,9.614515
207,1035.0,compose-post-service,post-storage-service,21.976034
207,1035.0,compose-post-service,url-shorten-service,12.361519
207,1035.0,compose-post-service,user-mention-service,12.361519
207,1035.0,compose-post-service,user-service,16.482025
207,1035.0,compose-post-service,user-timeline-service,16.482025
207,1035.0,home-timeline-service,post-storage-service,45.906544
207,1035.0,home-timeline-service,social-graph-service,35.705090
207,1035.0,home-timeline-service,user-service,25.503635
207,1035.0,nginx-thrift,compose-post-service,27.470042
207,1035.0,nginx-thrift,home-timeline-service,51.007271
207,1035.0,nginx-thrift,user-timeline-service,17.413358
207,1035.0,user-timeline-service,post-storage-service,14.801355
207,1035.0,user-timeline-service,user-service,9.577347
208,1040.0,compose-post-service,home-timeline-service,18.751045
208,1040.0,compose-post-service,media-service,9.375522
208,1040.0,compose-post-service,post-storage-service,21.429765
208,1040.0,compose-post-service,url-shorten-service,12.054243
208,1040.0,compose-post-service,user-mention-service,12.054243
208,1040.0,compose-post-service,user-service,16.072324
208,1040.0,compose-post-service,user-timeline-service,16.072324
208,1040.0,home-timeline-service,post-storage-service,44.658373
208,1040.0,home-timeline-service,social-graph-service,34.734290
208,1040.0,home-timeline-service,user-service,24.810207
208,1040.0,nginx-thrift,compose-post-service,26.787206
208,1040.0,nginx-thrift,home-timeline-service,49.620414
208,1040.0,nginx-thrift,user-timeline-service,16.995805
208,1040.0,user-timeline-service,post-storage-service,14.446434
208,1040.0,user-timeline-service,user-service,9.347693
209,1045.0,compose-post-service,home-timeline-service,18.109317
209,1045.0,compose-post-service,media-service,9.054659
209,1045.0,compose-post-service,post-storage-service,20.696363
209,1045.0,compose-post-service,url-shorten-service,11.641704
209,1045.0,compose-post-service,user-mention-service,11.641704
209,1045.0,compose-post-service,user-service,15.522272
209,1045.0,compose-post-service,user-timeline-service,15.522272
209,1045.0,home-timeline-service,post-storage-service,43.027101
209,1045.0,home-timeline-service,social-graph-service,33.465523
209,1045.0,home-timeline-service,user-service,23.903945
209,1045.0,nginx-thrift,compose-post-service,25.870454
209,1045.0,nginx-thrift,home-timeline-service,47.807890
209,1045.0,nginx-thrift,user-timeline-service,16.428939
209,1045.0,user-timeline-service,post-storage-service,13.964598
209,1045.0,user-timeline-service,user-service,9.035916
210,1050.0,compose-post-service,home-timeline-service,19.312635
210,1050.0,compose-post-service,media-service,9.656318
210,1050.0,compose-post-service,post-storage-service,22.071583
210,1050.0,compose-post-service,url-shorten-service,12.415266
210,1050.0,compose-post-service,user-mention-service,12.415266
210,1050.0,compose-post-service,user-service,16.553687
210,1050.0,compose-post-service,user-timeline-service,16.553687
210,1050.0,home-timeline-service,post-storage-service,45.776910
210,1050.0,home-timeline-service,social-graph-service,35.604263
210,1050.0,home-timeline-service,user-service,25.431616
210,1050.0,nginx-thrift,compose-post-service,27.589479
210,1050.0,nginx-thrift,home-timeline-service,50.863233
210,1050.0,nginx-thrift,user-timeline-service,17.536390
210,1050.0,user-timeline-service,post-storage-service,14.905931
210,1050.0,user-timeline-service,user-service,9.645014
211,1055.0,compose-post-service,home-timeline-service,18.984425
211,1055.0,compose-post-service,media-service,9.492212
211,1055.0,compose-post-service,post-storage-service,21.696485
211,1055.0,compose-post-service,url-shorten-service,12.204273
211,1055.0,compose-post-service,user-mention-service,12.204273
211,1055.0,compose-post-service,user-service,16.272364
211,1055.0,compose-post-service,user-timeline-service,16.272364
211,1055.0,home-timeline-service,post-storage-service,44.892072
211,1055.0,home-timeline-service,social-graph-service,34.916056
211,1055.0,home-timeline-service,user-service,24.940040
211,1055.0,nginx-thrift,compose-post-service,27.120607
211,1055.0,nginx-thrift,home-timeline-service,49.880080
211,1055.0,nginx-thrift,user-timeline-service,17.253904
211,1055.0,user-timeline-service,post-storage-service,14.665819
211,1055.0,user-timeline-service,user-service,9.489647
212,1060.0,compose-post-service,home-timeline-service,17.660507
212,1060.0,compose-post-service,media-service,8.830253
212,1060.0,compose-post-service,post-storage-service,20.183436
212,1060.0,compose-post-service,url-shorten-service,11.353183
212,1060.0,compose-post-service,user-mention-service,11.353183
212,1060.0,compose-post-service,user-service,15.137577
212,1060.0,compose-post-service,user-timeline-service,15.137577
212,1060.0,home-timeline-service,post-storage-service,41.662469
212,1060.0,home-timeline-service,social-graph-service,32.404142
212,1060.0,home-timeline-service,user-service,23.145816
212,1060.0,nginx-thrift,compose-post-service,25.229295
212,1060.0,nginx-thrift,home-timeline-service,46.291632
212,1060.0,nginx-thrift,user-timeline-service,16.065139
212,1060.0,user-timeline-service,post-storage-service,13.655368
212,1060.0,user-timeline-service,user-service,8.835826
213,1065.0,compose-post-service,home-timeline-service,18.007432
213,1065.0,compose-post-service,media-service,9.003716
213,1065.0,compose-post-service,post-storage-service,20.579922
213,1065.0,compose-post-service,url-shorten-service,11.576206
213,1065.0,compose-post-service,user-mention-service,11.576206
213,1065.0,compose-post-service,user-service,15.434942
213,1065.0,compose-post-service,user-timeline-service,15.434942
213,1065.0,home-timeline-service,post-storage-service,42.380454
213,1065.0,home-timeline-service,social-graph-service,32.962575
213,1065.0,home-timeline-service,user-service,23.544697
213,1065.0,nginx-thrift,compose-post-service,25.724903
213,1065.0,nginx-thrift,home-timeline-service,47.089393
213,1065.0,nginx-thrift,user-timeline-service,16.395497
213,1065.0,user-timeline-service,post-storage-service,13.936173
213,1065.0,user-timeline-service,user-service,9.017523
214,1070.0,compose-post-service,home-timeline-service,18.458161
214,1070.0,compose-post-service,media-service,9.229080
214,1070.0,compose-post-service,post-storage-service,21.095041
214,1070.0,compose-post-service,url-shorten-service,11.865960
214,1070.0,compose-post-service,user-mention-service,11.865960
214,1070.0,compose-post-service,user-service,15.821281
214,1070.0,compose-post-service,user-timeline-service,15.821281
214,1070.0,home-timeline-service,post-storage-service,43.338768
214,1070.0,home-timeline-service,social-graph-service,33.707931
214,1070.0,home-timeline-service,user-service,24.077093
214,1070.0,nginx-thrift,compose-post-service,26.368801
214,1070.0,nginx-thrift,home-timeline-service,48.154187
214,1070.0,nginx-thrift,user-timeline-service,16.821039
214,1070.0,user-timeline-service,post-storage-service,14.297883
214,1070.0,user-timeline-service,user-service,9.251571
215,1075.0,compose-post-service,home-timeline-service,19.388648
215,1075.0,compose-post-service,media-service,9.694324
215,1075.0,compose-post-service,post-storage-service,22.158455
215,1075.0,compose-post-service,url-shorten-service,12.464131
215,1075.0,compose-post-service,user-mention-service,12.464131
215,1075.0,compose-post-service,user-service,16.618841
215,1075.0,compose-post-service,user-timeline-service,16.618841
215,1075.0,home-timeline-service,post-storage-service,45.416359
215,1075.0,home-timeline-service,social-graph-service,35.323835
215,1075.0,home-timeline-service,user-service,25.231311
215,1075.0,nginx-thrift,compose-post-service,27.698068
215,1075.0,nginx-thrift,home-timeline-service,50.462621
215,1075.0,nginx-thrift,user-timeline-service,17.684940
215,1075.0,user-timeline-service,post-storage-service,15.032199
215,1075.0,user-timeline-service,user-service,9.726717
216,1080.0,compose-post-service,home-timeline-service,17.834817
216,1080.0,compose-post-service,media-service,8.917408
216,1080.0,compose-post-service,post-storage-service,20.382648
216,1080.0,compose-post-service,url-shorten-service,11.465239
216,1080.0,compose-post-service,user-mention-service,11.465239
216,1080.0,compose-post-service,user-service,15.286986
216,1080.0,compose-post-service,user-timeline-service,15.286986
216,1080.0,home-timeline-service,post-storage-service,41.678534
216,1080.0,home-timeline-service,social-graph-service,32.416638
216,1080.0,home-timeline-service,user-service,23.154741
216,1080.0,nginx-thrift,compose-post-service,25.478310
216,1080.0,nginx-thrift,home-timeline-service,46.309482
216,1080.0,nginx-thrift,user-timeline-service,16.282329
216,1080.0,user-timeline-service,post-storage-service,13.839980
216,1080.0,user-timeline-service,user-service,8.955281
217,1085.0,compose-post-service,home-timeline-service,17.672237
217,1085.0,compose-post-service,media-service,8.836118
217,1085.0,compose-post-service,post-storage-service,20.196842
217,1085.0,compose-post-service,url-shorten-service,11.360724
217,1085.0,compose-post-service,user-mention-service,11.360724
217,1085.0,compose-post-service,user-service,15.147631
217,1085.0,compose-post-service,user-timeline-service,15.147631
217,1085.0,home-timeline-service,post-storage-service,41.201840
217,1085.0,home-timeline-service,social-graph-service,32.045876
217,1085.0,home-timeline-service,user-service,22.889911
217,1085.0,nginx-thrift,compose-post-service,25.246052
217,1085.0,nginx-thrift,home-timeline-service,45.779822
217,1085.0,nginx-thrift,user-timeline-service,16.148468
217,1085.0,user-timeline-service,post-storage-service,13.726198
217,1085.0,user-timeline-service,user-service,8.881657
218,1090.0,compose-post-service,home-timeline-service,18.162927
218,1090.0,compose-post-service,media-service,9.081463
218,1090.0,compose-post-service,post-storage-service,20.757631
218,1090.0,compose-post-service,url-shorten-service,11.676167
218,1090.0,compose-post-service,user-mention-service,11.676167
218,1090.0,compose-post-service,user-service,15.568223
218,1090.0,compose-post-service,user-timeline-service,15.568223
218,1090.0,home-timeline-service,post-storage-service,42.246872
218,1090.0,home-timeline-service,social-graph-service,32.858678
218,1090.0,home-timeline-service,user-service,23.470485
218,1090.0,nginx-thrift,compose-post-service,25.947038
218,1090.0,nginx-thrift,home-timeline-service,46.940969
218,1090.0,nginx-thrift,user-timeline-service,16.611839
218,1090.0,user-timeline-service,post-storage-service,14.120063
218,1090.0,user-timeline-service,user-service,9.136511
219,1095.0,compose-post-service,home-timeline-service,17.680282
219,1095.0,compose-post-service,media-service,8.840141
219,1095.0,compose-post-service,post-storage-service,20.206036
219,1095.0,compose-post-service,url-shorten-service,11.365895
219,1095.0,compose-post-service,user-mention-service,11.365895
219,1095.0,compose-post-service,user-service,15.154527
219,1095.0,compose-post-service,user-timeline-service,15.154527
219,1095.0,home-timeline-service,post-storage-service,41.028332
219,1095.0,home-timeline-service,social-graph-service,31.910925
219,1095.0,home-timeline-service,user-service,22.793518
219,1095.0,nginx-thrift,compose-post-service,25.257545
219,1095.0,nginx-thrift,home-timeline-service,45.587036
219,1095.0,nginx-thrift,user-timeline-service,16.185021
219,1095.0,user-timeline-service,post-storage-service,13.757268
219,1095.0,user-timeline-service,user-service,8.901761
220,1100.0,compose-post-service,home-timeline-service,18.352996
220,1100.0,compose-post-service,media-service,9.176498
220,1100.0,compose-post-service,post-storage-service,20.974853
220,1100.0,compose-post-service,url-shorten-service,11.798355
220,1100.0,compose-post-service,user-mention-service,11.798355
220,1100.0,compose-post-service,user-service,15.731140
220,1100.0,compose-post-service,user-timeline-service,15.731140
220,1100.0,home-timeline-service,post-storage-service,42.490313
220,1100.0,home-timeline-service,social-graph-service,33.048021
220,1100.0,home-timeline-service,user-service,23.605730
220,1100.0,nginx-thrift,compose-post-service,26.218566
220,1100.0,nginx-thrift,home-timeline-service,47.211459
220,1100.0,nginx-thrift,user-timeline-service,16.816028
220,1100.0,user-timeline-service,post-storage-service,14.293624
220,1100.0,user-timeline-service,user-service,9.248815
221,1105.0,compose-post-service,home-timeline-service,18.597163
221,1105.0,compose-post-service,media-service,9.298581
221,1105.0,compose-post-service,post-storage-service,21.253900
221,1105.0,compose-post-service,url-shorten-service,11.955319
221,1105.0,compose-post-service,user-mention-service,11.955319
221,1105.0,compose-post-service,user-service,15.940425
221,1105.0,compose-post-service,user-timeline-service,15.940425
221,1105.0,home-timeline-service,post-storage-service,42.955643
221,1105.0,home-timeline-service,social-graph-service,33.409944
221,1105.0,home-timeline-service,user-service,23.864246
221,1105.0,nginx-thrift,compose-post-service,26.567375
221,1105.0,nginx-thrift,home-timeline-service,47.728492
221,1105.0,nginx-thrift,user-timeline-service,17.055154
221,1105.0,user-timeline-service,post-storage-service,14.496881
221,1105.0,user-timeline-service,user-service,9.380335
222,1110.0,compose-post-service,home-timeline-service,18.424069
222,1110.0,compose-post-service,media-service,9.212035
222,1110.0,compose-post-service,post-storage-service,21.056079
222,1110.0,compose-post-service,url-shorten-service,11.844044
222,1110.0,compose-post-service,user-mention-service,11.844044
222,1110.0,compose-post-service,user-service,15.792059
222,1110.0,compose-post-service,user-timeline-service,15.792059
222,1110.0,home-timeline-service,post-storage-service,42.457261
222,1110.0,home-timeline-service,social-graph-service,33.022314
222,1110.0,home-timeline-service,user-service,23.587367
222,1110.0,nginx-thrift,compose-post-service,26.320099
222,1110.0,nginx-thrift,home-timeline-service,47.174734
222,1110.0,nginx-thrift,user-timeline-service,16.911697
222,1110.0,user-timeline-service,post-storage-service,14.374943
222,1110.0,user-timeline-service,user-service,9.301433
223,1115.0,compose-post-service,home-timeline-service,17.881338
223,1115.0,compose-post-service,media-service,8.940669
223,1115.0,compose-post-service,post-storage-service,20.435815
223,1115.0,compose-post-service,url-shorten-service,11.495146
223,1115.0,compose-post-service,user-mention-service,11.495146
223,1115.0,compose-post-service,user-service,15.326861
223,1115.0,compose-post-service,user-timeline-service,15.326861
223,1115.0,home-timeline-service,post-storage-service,41.111338
223,1115.0,home-timeline-service,social-graph-service,31.975485
223,1115.0,home-timeline-service,user-service,22.839632
223,1115.0,nginx-thrift,compose-post-service,25.544768
223,1115.0,nginx-thrift,home-timeline-service,45.679264
223,1115.0,nginx-thrift,user-timeline-service,16.428371
223,1115.0,user-timeline-service,post-storage-service,13.964115
223,1115.0,user-timeline-service,user-service,9.035604
224,1120.0,compose-post-service,home-timeline-service,17.669624
224,1120.0,compose-post-service,media-service,8.834812
224,1120.0,compose-post-service,post-storage-service,20.193856
224,1120.0,compose-post-service,url-shorten-service,11.359044
224,1120.0,compose-post-service,user-mention-service,11.359044
224,1120.0,compose-post-service,user-service,15.145392
224,1120.0,compose-post-service,user-timeline-service,15.145392
224,1120.0,home-timeline-service,post-storage-service,40.530912
224,1120.0,home-timeline-service,social-graph-service,31.524043
224,1120.0,home-timeline-service,user-service,22.517173
224,1120.0,nginx-thrift,compose-post-service,25.242319
224,1120.0,nginx-thrift,home-timeline-service,45.034347
224,1120.0,nginx-thrift,user-timeline-service,16.248558
224,1120.0,user-timeline-service,post-storage-service,13.811274
224,1120.0,user-timeline-service,user-service,8.936707
225,1125.0,compose-post-service,home-timeline-service,19.109220
225,1125.0,compose-post-service,media-service,9.554610
225,1125.0,compose-post-service,post-storage-service,21.839108
225,1125.0,compose-post-service,url-shorten-service,12.284498
225,1125.0,compose-post-service,user-mention-service,12.284498
225,1125.0,compose-post-service,user-service,16.379331
225,1125.0,compose-post-service,user-timeline-service,16.379331
225,1125.0,home-timeline-service,post-storage-service,43.732248
225,1125.0,home-timeline-service,social-graph-service,34.013971
225,1125.0,home-timeline-service,user-service,24.295693
225,1125.0,nginx-thrift,compose-post-service,27.298885
225,1125.0,nginx-thrift,home-timeline-service,48.591387
225,1125.0,nginx-thrift,user-timeline-service,17.588293
225,1125.0,user-timeline-service,post-storage-service,14.950049
225,1125.0,user-timeline-service,user-service,9.673561
226,1130.0,compose-post-service,home-timeline-service,18.447332
226,1130.0,compose-post-service,media-service,9.223666
226,1130.0,compose-post-service,post-storage-service,21.082665
226,1130.0,compose-post-service,url-shorten-service,11.858999
226,1130.0,compose-post-service,user-mention-service,11.858999
226,1130.0,compose-post-service,user-service,15.811999
226,1130.0,compose-post-service,user-timeline-service,15.811999
226,1130.0,home-timeline-service,post-storage-service,42.120592
226,1130.0,home-timeline-service,social-graph-service,32.760461
226,1130.0,home-timeline-service,user-service,23.400329
226,1130.0,nginx-thrift,compose-post-service,26.353331
226,1130.0,nginx-thrift,home-timeline-service,46.800658
226,1130.0,nginx-thrift,user-timeline-service,16.994474
226,1130.0,user-timeline-service,post-storage-service,14.445303
226,1130.0,user-timeline-service,user-service,9.346961
227,1135.0,compose-post-service,home-timeline-service,18.526541
227,1135.0,compose-post-service,media-service,9.263270
227,1135.0,compose-post-service,post-storage-service,21.173189
227,1135.0,compose-post-service,url-shorten-service,11.909919
227,1135.0,compose-post-service,user-mention-service,11.909919
227,1135.0,compose-post-service,user-service,15.879892
227,1135.0,compose-post-service,user-timeline-service,15.879892
227,1135.0,home-timeline-service,post-storage-service,42.204580
227,1135.0,home-timeline-service,social-graph-service,32.825785
227,1135.0,home-timeline-service,user-service,23.446989
227,1135.0,nginx-thrift,compose-post-service,26.466487
227,1135.0,nginx-thrift,home-timeline-service,46.893978
227,1135.0,nginx-thrift,user-timeline-service,17.082921
227,1135.0,user-timeline-service,post-storage-service,14.520483
227,1135.0,user-timeline-service,user-service,9.395606
228,1140.0,compose-post-service,home-timeline-service,18.528125
228,1140.0,compose-post-service,media-service,9.264063
228,1140.0,compose-post-service,post-storage-service,21.175000
228,1140.0,compose-post-service,url-shorten-service,11.910938
228,1140.0,compose-post-service,user-mention-service,11.910938
228,1140.0,compose-post-service,user-service,15.881250
228,1140.0,compose-post-service,user-timeline-service,15.881250
228,1140.0,home-timeline-service,post-storage-service,42.111756
228,1140.0,home-timeline-service,social-graph-service,32.753588
228,1140.0,home-timeline-service,user-service,23.395420
228,1140.0,nginx-thrift,compose-post-service,26.468750
228,1140.0,nginx-thrift,home-timeline-service,46.790840
228,1140.0,nginx-thrift,user-timeline-service,17.099882
228,1140.0,user-timeline-service,post-storage-service,14.534899
228,1140.0,user-timeline-service,user-service,9.404935
229,1145.0,compose-post-service,home-timeline-service,18.916661
229,1145.0,compose-post-service,media-service,9.458330
229,1145.0,compose-post-service,post-storage-service,21.619041
229,1145.0,compose-post-service,url-shorten-service,12.160711
229,1145.0,compose-post-service,user-mention-service,12.160711
229,1145.0,compose-post-service,user-service,16.214281
229,1145.0,compose-post-service,user-timeline-service,16.214281
229,1145.0,home-timeline-service,post-storage-service,42.896835
229,1145.0,home-timeline-service,social-graph-service,33.364205
229,1145.0,home-timeline-service,user-service,23.831575
229,1145.0,nginx-thrift,compose-post-service,27.023801
229,1145.0,nginx-thrift,home-timeline-service,47.663150
229,1145.0,nginx-thrift,user-timeline-service,17.474315
229,1145.0,user-timeline-service,post-storage-service,14.853168
229,1145.0,user-timeline-service,user-service,9.610873
230,1150.0,compose-post-service,home-timeline-service,19.319607
230,1150.0,compose-post-service,media-service,9.659803
230,1150.0,compose-post-service,post-storage-service,22.079551
230,1150.0,compose-post-service,url-shorten-service,12.419747
230,1150.0,compose-post-service,user-mention-service,12.419747
230,1150.0,compose-post-service,user-service,16.559663
230,1150.0,compose-post-service,user-timeline-service,16.559663
230,1150.0,home-timeline-service,post-storage-service,43.710948
230,1150.0,home-timeline-service,social-graph-service,33.997404
230,1150.0,home-timeline-service,user-service,24.283860
230,1150.0,nginx-thrift,compose-post-service,27.599439
230,1150.0,nginx-thrift,home-timeline-service,48.567720
230,1150.0,nginx-thrift,user-timeline-service,17.862747
230,1150.0,user-timeline-service,post-storage-service,15.183335
230,1150.0,user-timeline-service,user-service,9.824511
231,1155.0,compose-post-service,home-timeline-service,19.188642
231,1155.0,compose-post-service,media-service,9.594321
231,1155.0,compose-post-service,post-storage-service,21.929877
231,1155.0,compose-post-service,url-shorten-service,12.335556
231,1155.0,compose-post-service,user-mention-service,12.335556
231,1155.0,compose-post-service,user-service,16.447407
231,1155.0,compose-post-service,user-timeline-service,16.447407
231,1155.0,home-timeline-service,post-storage-service,43.316127
231,1155.0,home-timeline-service,social-graph-service,33.690321
231,1155.0,home-timeline-service,user-service,24.064515
231,1155.0,nginx-thrift,compose-post-service,27.412346
231,1155.0,nginx-thrift,home-timeline-service,48.129030
231,1155.0,nginx-thrift,user-timeline-service,17.757782
231,1155.0,user-timeline-service,post-storage-service,15.094115
231,1155.0,user-timeline-service,user-service,9.766780
232,1160.0,compose-post-service,home-timeline-service,19.008492
232,1160.0,compose-post-service,media-service,9.504246
232,1160.0,compose-post-service,post-storage-service,21.723991
232,1160.0,compose-post-service,url-shorten-service,12.219745
232,1160.0,compose-post-service,user-mention-service,12.219745
232,1160.0,compose-post-service,user-service,16.292993
232,1160.0,compose-post-service,user-timeline-service,16.292993
232,1160.0,home-timeline-service,post-storage-service,42.812318
232,1160.0,home-timeline-service,social-graph-service,33.298470
232,1160.0,home-timeline-service,user-service,23.784621
232,1160.0,nginx-thrift,compose-post-service,27.154989
232,1160.0,nginx-thrift,home-timeline-service,47.569243
232,1160.0,nginx-thrift,user-timeline-service,17.607062
232,1160.0,user-timeline-service,post-storage-service,14.966003
232,1160.0,user-timeline-service,user-service,9.683884
233,1165.0,compose-post-service,home-timeline-service,18.292868
233,1165.0,compose-post-service,media-service,9.146434
233,1165.0,compose-post-service,post-storage-service,20.906135
233,1165.0,compose-post-service,url-shorten-service,11.759701
233,1165.0,compose-post-service,user-mention-service,11.759701
233,1165.0,compose-post-service,user-service,15.679601
233,1165.0,compose-post-service,user-timeline-service,15.679601
233,1165.0,home-timeline-service,post-storage-service,41.107477
233,1165.0,home-timeline-service,social-graph-service,31.972482
233,1165.0,home-timeline-service,user-service,22.837487
233,1165.0,nginx-thrift,compose-post-service,26.132668
233,1165.0,nginx-thrift,home-timeline-service,45.674975
233,1165.0,nginx-thrift,user-timeline-service,16.959617
233,1165.0,user-timeline-service,post-storage-service,14.415674
233,1165.0,user-timeline-service,user-service,9.327789
234,1170.0,compose-post-service,home-timeline-service,17.980689
234,1170.0,compose-post-service,media-service,8.990344
234,1170.0,compose-post-service,post-storage-service,20.549359
234,1170.0,compose-post-service,url-shorten-service,11.559014
234,1170.0,compose-post-service,user-mention-service,11.559014
234,1170.0,compose-post-service,user-service,15.412019
234,1170.0,compose-post-service,user-timeline-service,15.412019
234,1170.0,home-timeline-service,post-storage-service,40.314898
234,1170.0,home-timeline-service,social-graph-service,31.356031
234,1170.0,home-timeline-service,user-service,22.397165
234,1170.0,nginx-thrift,compose-post-service,25.686698
234,1170.0,nginx-thrift,home-timeline-service,44.794331
234,1170.0,nginx-thrift,user-timeline-service,16.685369
234,1170.0,user-timeline-service,post-storage-service,14.182564
234,1170.0,user-timeline-service,user-service,9.176953
235,1175.0,compose-post-service,home-timeline-service,17.836983
235,1175.0,compose-post-service,media-service,8.918491
235,1175.0,compose-post-service,post-storage-service,20.385123
235,1175.0,compose-post-service,url-shorten-service,11.466632
235,1175.0,compose-post-service,user-mention-service,11.466632
235,1175.0,compose-post-service,user-service,15.288842
235,1175.0,compose-post-service,user-timeline-service,15.288842
235,1175.0,home-timeline-service,post-storage-service,39.902773
235,1175.0,home-timeline-service,social-graph-service,31.035490
235,1175.0,home-timeline-service,user-service,22.168207
235,1175.0,nginx-thrift,compose-post-service,25.481404
235,1175.0,nginx-thrift,home-timeline-service,44.336415
235,1175.0,nginx-thrift,user-timeline-service,16.567096
235,1175.0,user-timeline-service,post-storage-service,14.082032
235,1175.0,user-timeline-service,user-service,9.111903
236,1180.0,compose-post-service,home-timeline-service,19.270698
236,1180.0,compose-post-service,media-service,9.635349
236,1180.0,compose-post-service,post-storage-service,22.023655
236,1180.0,compose-post-service,url-shorten-service,12.388306
236,1180.0,compose-post-service,user-mention-service,12.388306
236,1180.0,compose-post-service,user-service,16.517741
236,1180.0,compose-post-service,user-timeline-service,16.517741
236,1180.0,home-timeline-service,post-storage-service,43.013407
236,1180.0,home-timeline-service,social-graph-service,33.454872
236,1180.0,home-timeline-service,user-service,23.896337
236,1180.0,nginx-thrift,compose-post-service,27.529569
236,1180.0,nginx-thrift,home-timeline-service,47.792674
236,1180.0,nginx-thrift,user-timeline-service,17.915059
236,1180.0,user-timeline-service,post-storage-service,15.227800
236,1180.0,user-timeline-service,user-service,9.853282
237,1185.0,compose-post-service,home-timeline-service,17.781004
237,1185.0,compose-post-service,media-service,8.890502
237,1185.0,compose-post-service,post-storage-service,20.321148
237,1185.0,compose-post-service,url-shorten-service,11.430646
237,1185.0,compose-post-service,user-mention-service,11.430646
237,1185.0,compose-post-service,user-service,15.240861
237,1185.0,compose-post-service,user-timeline-service,15.240861
237,1185.0,home-timeline-service,post-storage-service,39.599493
237,1185.0,home-timeline-service,social-graph-service,30.799606
237,1185.0,home-timeline-service,user-service,21.999718
237,1185.0,nginx-thrift,compose-post-service,25.401435
237,1185.0,nginx-thrift,home-timeline-service,43.999437
237,1185.0,nginx-thrift,user-timeline-service,16.545243
237,1185.0,user-timeline-service,post-storage-service,14.063456
237,1185.0,user-timeline-service,user-service,9.099884
238,1190.0,compose-post-service,home-timeline-service,18.738152
238,1190.0,compose-post-service,media-service,9.369076
238,1190.0,compose-post-service,post-storage-service,21.415031
238,1190.0,compose-post-service,url-shorten-service,12.045955
238,1190.0,compose-post-service,user-mention-service,12.045955
238,1190.0,compose-post-service,user-service,16.061274
238,1190.0,compose-post-service,user-timeline-service,16.061274
238,1190.0,home-timeline-service,post-storage-service,41.637946
238,1190.0,home-timeline-service,social-graph-service,32.385069
238,1190.0,home-timeline-service,user-service,23.132192
238,1190.0,nginx-thrift,compose-post-service,26.768789
238,1190.0,nginx-thrift,home-timeline-service,46.264384
238,1190.0,nginx-thrift,user-timeline-service,17.451790
238,1190.0,user-timeline-service,post-storage-service,14.834021
238,1190.0,user-timeline-service,user-service,9.598484
239,1195.0,compose-post-service,home-timeline-service,19.376276
239,1195.0,compose-post-service,media-service,9.688138
239,1195.0,compose-post-service,post-storage-service,22.144315
239,1195.0,compose-post-service,url-shorten-service,12.456177
239,1195.0,compose-post-service,user-mention-service,12.456177
239,1195.0,compose-post-service,user-service,16.608237
239,1195.0,compose-post-service,user-timeline-service,16.608237
239,1195.0,home-timeline-service,post-storage-service,42.959998
239,1195.0,home-timeline-service,social-graph-service,33.413332
239,1195.0,home-timeline-service,user-service,23.866666
239,1195.0,nginx-thrift,compose-post-service,27.680394
239,1195.0,nginx-thrift,home-timeline-service,47.733331
239,1195.0,nginx-thrift,user-timeline-service,18.062595
239,1195.0,user-timeline-service,post-storage-service,15.353206
239,1195.0,user-timeline-service,user-service,9.934428
240,1200.0,compose-post-service,home-timeline-service,18.282510
240,1200.0,compose-post-service,media-service,9.141255
240,1200.0,compose-post-service,post-storage-service,20.894297
240,1200.0,compose-post-service,url-shorten-service,11.753042
240,1200.0,compose-post-service,user-mention-service,11.753042
240,1200.0,compose-post-service,user-service,15.670723
240,1200.0,compose-post-service,user-timeline-service,15.670723
240,1200.0,home-timeline-service,post-storage-service,40.444867
240,1200.0,home-timeline-service,social-graph-service,31.457118
240,1200.0,home-timeline-service,user-service,22.469370
240,1200.0,nginx-thrift,compose-post-service,26.117872
240,1200.0,nginx-thrift,home-timeline-service,44.938741
240,1200.0,nginx-thrift,user-timeline-service,17.058569
240,1200.0,user-timeline-service,post-storage-service,14.499784
240,1200.0,user-timeline-service,user-service,9.382213
241,1205.0,compose-post-service,home-timeline-service,18.409561
241,1205.0,compose-post-service,media-service,9.204780
241,1205.0,compose-post-service,post-storage-service,21.039498
241,1205.0,compose-post-service,url-shorten-service,11.834718
241,1205.0,compose-post-service,user-mention-service,11.834718
241,1205.0,compose-post-service,user-service,15.779624
241,1205.0,compose-post-service,user-timeline-service,15.779624
241,1205.0,home-timeline-service,post-storage-service,40.635619
241,1205.0,home-timeline-service,social-graph-service,31.605482
241,1205.0,home-timeline-service,user-service,22.575344
241,1205.0,nginx-thrift,compose-post-service,26.299373
241,1205.0,nginx-thrift,home-timeline-service,45.150688
241,1205.0,nginx-thrift,user-timeline-service,17.192833
241,1205.0,user-timeline-service,post-storage-service,14.613908
241,1205.0,user-timeline-service,user-service,9.456058
242,1210.0,compose-post-service,home-timeline-service,18.465440
242,1210.0,compose-post-service,media-service,9.232720
242,1210.0,compose-post-service,post-storage-service,21.103360
242,1210.0,compose-post-service,url-shorten-service,11.870640
242,1210.0,compose-post-service,user-mention-service,11.870640
242,1210.0,compose-post-service,user-service,15.827520
242,1210.0,compose-post-service,user-timeline-service,15.827520
242,1210.0,home-timeline-service,post-storage-service,40.668786
242,1210.0,home-timeline-service,social-graph-service,31.631278
242,1210.0,home-timeline-service,user-service,22.593770
242,1210.0,nginx-thrift,compose-post-service,26.379200
242,1210.0,nginx-thrift,home-timeline-service,45.187540
242,1210.0,nginx-thrift,user-timeline-service,17.260812
242,1210.0,user-timeline-service,post-storage-service,14.671690
242,1210.0,user-timeline-service,user-service,9.493447
243,1215.0,compose-post-service,home-timeline-service,19.453082
243,1215.0,compose-post-service,media-service,9.726541
243,1215.0,compose-post-service,post-storage-service,22.232094
243,1215.0,compose-post-service,url-shorten-service,12.505553
243,1215.0,compose-post-service,user-mention-service,12.505553
243,1215.0,compose-post-service,user-service,16.674071
243,1215.0,compose-post-service,user-timeline-service,16.674071
243,1215.0,home-timeline-service,post-storage-service,42.749425
243,1215.0,home-timeline-service,social-graph-service,33.249553
243,1215.0,home-timeline-service,user-service,23.749681
243,1215.0,nginx-thrift,compose-post-service,27.790118
243,1215.0,nginx-thrift,home-timeline-service,47.499361
243,1215.0,nginx-thrift,user-timeline-service,18.200690
243,1215.0,user-timeline-service,post-storage-service,15.470586
243,1215.0,user-timeline-service,user-service,10.010379
244,1220.0,compose-post-service,home-timeline-service,18.967622
244,1220.0,compose-post-service,media-service,9.483811
244,1220.0,compose-post-service,post-storage-service,21.677282
244,1220.0,compose-post-service,url-shorten-service,12.193471
244,1220.0,compose-post-service,user-mention-service,12.193471
244,1220.0,compose-post-service,user-service,16.257961
244,1220.0,compose-post-service,user-timeline-service,16.257961
244,1220.0,home-timeline-service,post-storage-service,41.590798
244,1220.0,home-timeline-service,social-graph-service,32.348398
244,1220.0,home-timeline-service,user-service,23.105999
244,1220.0,nginx-thrift,compose-post-service,27.096602
244,1220.0,nginx-thrift,home-timeline-service,46.211998
244,1220.0,nginx-thrift,user-timeline-service,17.762762
244,1220.0,user-timeline-service,post-storage-service,15.098347
244,1220.0,user-timeline-service,user-service,9.769519
245,1225.0,compose-post-service,home-timeline-service,19.259595
245,1225.0,compose-post-service,media-service,9.629797
245,1225.0,compose-post-service,post-storage-service,22.010965
245,1225.0,compose-post-service,url-shorten-service,12.381168
245,1225.0,compose-post-service,user-mention-service,12.381168
245,1225.0,compose-post-service,user-service,16.508224
245,1225.0,compose-post-service,user-timeline-service,16.508224
245,1225.0,home-timeline-service,post-storage-service,42.138226
245,1225.0,home-timeline-service,social-graph-service,32.774176
245,1225.0,home-timeline-service,user-service,23.410126
245,1225.0,nginx-thrift,compose-post-service,27.513707
245,1225.0,nginx-thrift,home-timeline-service,46.820252
245,1225.0,nginx-thrift,user-timeline-service,18.052746
245,1225.0,user-timeline-service,post-storage-service,15.344834
245,1225.0,user-timeline-service,user-service,9.929010
246,1230.0,compose-post-service,home-timeline-service,17.759016
246,1230.0,compose-post-service,media-service,8.879508
246,1230.0,compose-post-service,post-storage-service,20.296018
246,1230.0,compose-post-service,url-shorten-service,11.416510
246,1230.0,compose-post-service,user-mention-service,11.416510
246,1230.0,compose-post-service,user-service,15.222014
246,1230.0,compose-post-service,user-timeline-service,15.222014
246,1230.0,home-timeline-service,post-storage-service,38.769924
246,1230.0,home-timeline-service,social-graph-service,30.154385
246,1230.0,home-timeline-service,user-service,21.538846
246,1230.0,nginx-thrift,compose-post-service,25.370023
246,1230.0,nginx-thrift,home-timeline-service,43.077693
246,1230.0,nginx-thrift,user-timeline-service,16.661492
246,1230.0,user-timeline-service,post-storage-service,14.162268
246,1230.0,user-timeline-service,user-service,9.163821
247,1235.0,compose-post-service,home-timeline-service,19.059071
247,1235.0,compose-post-service,media-service,9.529535
247,1235.0,compose-post-service,post-storage-service,21.781795
247,1235.0,compose-post-service,url-shorten-service,12.252260
247,1235.0,compose-post-service,user-mention-service,12.252260
247,1235.0,compose-post-service,user-service,16.336347
247,1235.0,compose-post-service,user-timeline-service,16.336347
247,1235.0,home-timeline-service,post-storage-service,41.517090
247,1235.0,home-timeline-service,social-graph-service,32.291070
247,1235.0,home-timeline-service,user-service,23.065050
247,1235.0,nginx-thrift,compose-post-service,27.227244
247,1235.0,nginx-thrift,home-timeline-service,46.130100
247,1235.0,nginx-thrift,user-timeline-service,17.897646
247,1235.0,user-timeline-service,post-storage-service,15.212999
247,1235.0,user-timeline-service,user-service,9.843705
248,1240.0,compose-post-service,home-timeline-service,18.534542
248,1240.0,compose-post-service,media-service,9.267271
248,1240.0,compose-post-service,post-storage-service,21.182334
248,1240.0,compose-post-service,url-shorten-service,11.915063
248,1240.0,compose-post-service,user-mention-service,11.915063
248,1240.0,compose-post-service,user-service,15.886750
248,1240.0,compose-post-service,user-timeline-service,15.886750
248,1240.0,home-timeline-service,post-storage-service,40.286392
248,1240.0,home-timeline-service,social-graph-service,31.333861
248,1240.0,home-timeline-service,user-service,22.381329
248,1240.0,nginx-thrift,compose-post-service,26.477917
248,1240.0,nginx-thrift,home-timeline-service,44.762658
248,1240.0,nginx-thrift,user-timeline-service,17.421100
248,1240.0,user-timeline-service,post-storage-service,14.807935
248,1240.0,user-timeline-service,user-service,9.581605
249,1245.0,compose-post-service,home-timeline-service,18.441792
249,1245.0,compose-post-service,media-service,9.220896
249,1245.0,compose-post-service,post-storage-service,21.076334
249,1245.0,compose-post-service,url-shorten-service,11.855438
249,1245.0,compose-post-service,user-mention-service,11.855438
249,1245.0,compose-post-service,user-service,15.807250
249,1245.0,compose-post-service,user-timeline-service,15.807250
249,1245.0,home-timeline-service,post-storage-service,39.997530
249,1245.0,home-timeline-service,social-graph-service,31.109190
249,1245.0,home-timeline-service,user-service,22.220850
249,1245.0,nginx-thrift,compose-post-service,26.345417
249,1245.0,nginx-thrift,home-timeline-service,44.441700
249,1245.0,nginx-thrift,user-timeline-service,17.349891
249,1245.0,user-timeline-service,post-storage-service,14.747408
249,1245.0,user-timeline-service,user-service,9.542440
250,1250.0,compose-post-service,home-timeline-service,19.224388
250,1250.0,compose-post-service,media-service,9.612194
250,1250.0,compose-post-service,post-storage-service,21.970729
250,1250.0,compose-post-service,url-shorten-service,12.358535
250,1250.0,compose-post-service,user-mention-service,12.358535
250,1250.0,compose-post-service,user-service,16.478047
250,1250.0,compose-post-service,user-timeline-service,16.478047
250,1250.0,home-timeline-service,post-storage-service,41.604307
250,1250.0,home-timeline-service,social-graph-service,32.358905
250,1250.0,home-timeline-service,user-service,23.113504
250,1250.0,nginx-thrift,compose-post-service,27.463411
250,1250.0,nginx-thrift,home-timeline-service,46.227007
250,1250.0,nginx-thrift,user-timeline-service,18.102828
250,1250.0,user-timeline-service,post-storage-service,15.387404
250,1250.0,user-timeline-service,user-service,9.956555
251,1255.0,compose-post-service,home-timeline-service,19.071686
251,1255.0,compose-post-service,media-service,9.535843
251,1255.0,compose-post-service,post-storage-service,21.796213
251,1255.0,compose-post-service,url-shorten-service,12.260370
251,1255.0,compose-post-service,user-mention-service,12.260370
251,1255.0,compose-post-service,user-service,16.347159
251,1255.0,compose-post-service,user-timeline-service,16.347159
251,1255.0,home-timeline-service,post-storage-service,41.184402
251,1255.0,home-timeline-service,social-graph-service,32.032312
251,1255.0,home-timeline-service,user-service,22.880223
251,1255.0,nginx-thrift,compose-post-service,27.245266
251,1255.0,nginx-thrift,home-timeline-service,45.760446
251,1255.0,nginx-thrift,user-timeline-service,17.975609
251,1255.0,user-timeline-service,post-storage-service,15.279268
251,1255.0,user-timeline-service,user-service,9.886585
252,1260.0,compose-post-service,home-timeline-service,19.402686
252,1260.0,compose-post-service,media-service,9.701343
252,1260.0,compose-post-service,post-storage-service,22.174499
252,1260.0,compose-post-service,url-shorten-service,12.473156
252,1260.0,compose-post-service,user-mention-service,12.473156
252,1260.0,compose-post-service,user-service,16.630874
252,1260.0,compose-post-service,user-timeline-service,16.630874
252,1260.0,home-timeline-service,post-storage-service,41.808600
252,1260.0,home-timeline-service,social-graph-service,32.517800
252,1260.0,home-timeline-service,user-service,23.227000
252,1260.0,nginx-thrift,compose-post-service,27.718124
252,1260.0,nginx-thrift,home-timeline-service,46.454000
252,1260.0,nginx-thrift,user-timeline-service,18.304480
252,1260.0,user-timeline-service,post-storage-service,15.558808
252,1260.0,user-timeline-service,user-service,10.067464
253,1265.0,compose-post-service,home-timeline-service,19.078068
253,1265.0,compose-post-service,media-service,9.539034
253,1265.0,compose-post-service,post-storage-service,21.803506
253,1265.0,compose-post-service,url-shorten-service,12.264472
253,1265.0,compose-post-service,user-mention-service,12.264472
253,1265.0,compose-post-service,user-service,16.352630
253,1265.0,compose-post-service,user-timeline-service,16.352630
253,1265.0,home-timeline-service,post-storage-service,41.020449
253,1265.0,home-timeline-service,social-graph-service,31.904794
253,1265.0,home-timeline-service,user-service,22.789138
253,1265.0,nginx-thrift,compose-post-service,27.254383
253,1265.0,nginx-thrift,home-timeline-service,45.578277
253,1265.0,nginx-thrift,user-timeline-service,18.014878
253,1265.0,user-timeline-service,post-storage-service,15.312646
253,1265.0,user-timeline-service,user-service,9.908183
254,1270.0,compose-post-service,home-timeline-service,19.402280
254,1270.0,compose-post-service,media-service,9.701140
254,1270.0,compose-post-service,post-storage-service,22.174035
254,1270.0,compose-post-service,url-shorten-service,12.472894
254,1270.0,compose-post-service,user-mention-service,12.472894
254,1270.0,compose-post-service,user-service,16.630526
254,1270.0,compose-post-service,user-timeline-service,16.630526
254,1270.0,home-timeline-service,post-storage-service,41.627778
254,1270.0,home-timeline-service,social-graph-service,32.377161
254,1270.0,home-timeline-service,user-service,23.126544
254,1270.0,nginx-thrift,compose-post-service,27.717543
254,1270.0,nginx-thrift,home-timeline-service,46.253087
254,1270.0,nginx-thrift,user-timeline-service,18.337979
254,1270.0,user-timeline-service,post-storage-service,15.587282
254,1270.0,user-timeline-service,user-service,10.085889
255,1275.0,compose-post-service,home-timeline-service,18.489789
255,1275.0,compose-post-service,media-service,9.244894
255,1275.0,compose-post-service,post-storage-service,21.131187
255,1275.0,compose-post-service,url-shorten-service,11.886293
255,1275.0,compose-post-service,user-mention-service,11.886293
255,1275.0,compose-post-service,user-service,15.848390
255,1275.0,compose-post-service,user-timeline-service,15.848390
255,1275.0,home-timeline-service,post-storage-service,39.584851
255,1275.0,home-timeline-service,social-graph-service,30.788218
255,1275.0,home-timeline-service,user-service,21.991584
255,1275.0,nginx-thrift,compose-post-service,26.413984
255,1275.0,nginx-thrift,home-timeline-service,43.983168
255,1275.0,nginx-thrift,user-timeline-service,17.491732
255,1275.0,user-timeline-service,post-storage-service,14.867972
255,1275.0,user-timeline-service,user-service,9.620453
256,1280.0,compose-post-service,home-timeline-service,18.731177
256,1280.0,compose-post-service,media-service,9.365588
256,1280.0,compose-post-service,post-storage-service,21.407059
256,1280.0,compose-post-service,url-shorten-service,12.041471
256,1280.0,compose-post-service,user-mention-service,12.041471
256,1280.0,compose-post-service,user-service,16.055294
256,1280.0,compose-post-service,user-timeline-service,16.055294
256,1280.0,home-timeline-service,post-storage-service,40.015745
256,1280.0,home-timeline-service,social-graph-service,31.123357
256,1280.0,home-timeline-service,user-service,22.230969
256,1280.0,nginx-thrift,compose-post-service,26.758824
256,1280.0,nginx-thrift,home-timeline-service,44.461939
256,1280.0,nginx-thrift,user-timeline-service,17.736523
256,1280.0,user-timeline-service,post-storage-service,15.076045
256,1280.0,user-timeline-service,user-service,9.755088
257,1285.0,compose-post-service,home-timeline-service,19.163741
257,1285.0,compose-post-service,media-service,9.581870
257,1285.0,compose-post-service,post-storage-service,21.901418
257,1285.0,compose-post-service,url-shorten-service,12.319547
257,1285.0,compose-post-service,user-mention-service,12.319547
257,1285.0,compose-post-service,user-service,16.426063
257,1285.0,compose-post-service,user-timeline-service,16.426063
257,1285.0,home-timeline-service,post-storage-service,40.852352
257,1285.0,home-timeline-service,social-graph-service,31.774052
257,1285.0,home-timeline-service,user-service,22.695751
257,1285.0,nginx-thrift,compose-post-service,27.376772
257,1285.0,nginx-thrift,home-timeline-service,45.391503
257,1285.0,nginx-thrift,user-timeline-service,18.162963
257,1285.0,user-timeline-service,post-storage-service,15.438518
257,1285.0,user-timeline-service,user-service,9.989630
258,1290.0,compose-post-service,home-timeline-service,18.534052
258,1290.0,compose-post-service,media-service,9.267026
258,1290.0,compose-post-service,post-storage-service,21.181774
258,1290.0,compose-post-service,url-shorten-service,11.914748
258,1290.0,compose-post-service,user-mention-service,11.914748
258,1290.0,compose-post-service,user-service,15.886331
258,1290.0,compose-post-service,user-timeline-service,15.886331
258,1290.0,home-timeline-service,post-storage-service,39.425778
258,1290.0,home-timeline-service,social-graph-service,30.664494
258,1290.0,home-timeline-service,user-service,21.903210
258,1290.0,nginx-thrift,compose-post-service,26.477218
258,1290.0,nginx-thrift,home-timeline-service,43.806420
258,1290.0,nginx-thrift,user-timeline-service,17.582482
258,1290.0,user-timeline-service,post-storage-service,14.945110
258,1290.0,user-timeline-service,user-service,9.670365
259,1295.0,compose-post-service,home-timeline-service,17.931303
259,1295.0,compose-post-service,media-service,8.965652
259,1295.0,compose-post-service,post-storage-service,20.492918
259,1295.0,compose-post-service,url-shorten-service,11.527266
259,1295.0,compose-post-service,user-mention-service,11.527266
259,1295.0,compose-post-service,user-service,15.369688
259,1295.0,compose-post-service,user-timeline-service,15.369688
259,1295.0,home-timeline-service,post-storage-service,38.062472
259,1295.0,home-timeline-service,social-graph-service,29.604145
259,1295.0,home-timeline-service,user-service,21.145818
259,1295.0,nginx-thrift,compose-post-service,25.616147
259,1295.0,nginx-thrift,home-timeline-service,42.291636
259,1295.0,nginx-thrift,user-timeline-service,17.026503
259,1295.0,user-timeline-service,post-storage-service,14.472527
259,1295.0,user-timeline-service,user-service,9.364576
260,1300.0,compose-post-service,home-timeline-service,18.781115
260,1300.0,compose-post-service,media-service,9.390557
260,1300.0,compose-post-service,post-storage-service,21.464131
260,1300.0,compose-post-service,url-shorten-service,12.073574
260,1300.0,compose-post-service,user-mention-service,12.073574
260,1300.0,compose-post-service,user-service,16.098098
260,1300.0,compose-post-service,user-timeline-service,16.098098
260,1300.0,home-timeline-service,post-storage-service,39.781753
260,1300.0,home-timeline-service,social-graph-service,30.941364
260,1300.0,home-timeline-service,user-service,22.100974
260,1300.0,nginx-thrift,compose-post-service,26.830164
260,1300.0,nginx-thrift,home-timeline-service,44.201948
260,1300.0,nginx-thrift,user-timeline-service,17.850040
260,1300.0,user-timeline-service,post-storage-service,15.172534
260,1300.0,user-timeline-service,user-service,9.817522
261,1305.0,compose-post-service,home-timeline-service,19.323052
261,1305.0,compose-post-service,media-service,9.661526
261,1305.0,compose-post-service,post-storage-service,22.083488
261,1305.0,compose-post-service,url-shorten-service,12.421962
261,1305.0,compose-post-service,user-mention-service,12.421962
261,1305.0,compose-post-service,user-service,16.562616
261,1305.0,compose-post-service,user-timeline-service,16.562616
261,1305.0,home-timeline-service,post-storage-service,40.843018
261,1305.0,home-timeline-service,social-graph-service,31.766792
261,1305.0,home-timeline-service,user-service,22.690566
261,1305.0,nginx-thrift,compose-post-service,27.604360
261,1305.0,nginx-thrift,home-timeline-service,45.381131
261,1305.0,nginx-thrift,user-timeline-service,18.382230
261,1305.0,user-timeline-service,post-storage-service,15.624896
261,1305.0,user-timeline-service,user-service,10.110227
262,1310.0,compose-post-service,home-timeline-service,19.320082
262,1310.0,compose-post-service,media-service,9.660041
262,1310.0,compose-post-service,post-storage-service,22.080094
262,1310.0,compose-post-service,url-shorten-service,12.420053
262,1310.0,compose-post-service,user-mention-service,12.420053
262,1310.0,compose-post-service,user-service,16.560070
262,1310.0,compose-post-service,user-timeline-service,16.560070
262,1310.0,home-timeline-service,post-storage-service,40.750484
262,1310.0,home-timeline-service,social-graph-service,31.694821
262,1310.0,home-timeline-service,user-service,22.639158
262,1310.0,nginx-thrift,compose-post-service,27.600117
262,1310.0,nginx-thrift,home-timeline-service,45.278316
262,1310.0,nginx-thrift,user-timeline-service,18.396557
262,1310.0,user-timeline-service,post-storage-service,15.637073
262,1310.0,user-timeline-service,user-service,10.118106
263,1315.0,compose-post-service,home-timeline-service,17.896947
263,1315.0,compose-post-service,media-service,8.948474
263,1315.0,compose-post-service,post-storage-service,20.453654
263,1315.0,compose-post-service,url-shorten-service,11.505180
263,1315.0,compose-post-service,user-mention-service,11.505180
263,1315.0,compose-post-service,user-service,15.340241
263,1315.0,compose-post-service,user-timeline-service,15.340241
263,1315.0,home-timeline-service,post-storage-service,37.669218
263,1315.0,home-timeline-service,social-graph-service,29.298281
263,1315.0,home-timeline-service,user-service,20.927343
263,1315.0,nginx-thrift,compose-post-service,25.567068
263,1315.0,nginx-thrift,home-timeline-service,41.854687
263,1315.0,nginx-thrift,user-timeline-service,17.057370
263,1315.0,user-timeline-service,post-storage-service,14.498764
263,1315.0,user-timeline-service,user-service,9.381553
264,1320.0,compose-post-service,home-timeline-service,18.381947
264,1320.0,compose-post-service,media-service,9.190973
264,1320.0,compose-post-service,post-storage-service,21.007939
264,1320.0,compose-post-service,url-shorten-service,11.816966
264,1320.0,compose-post-service,user-mention-service,11.816966
264,1320.0,compose-post-service,user-service,15.755954
264,1320.0,compose-post-service,user-timeline-service,15.755954
264,1320.0,home-timeline-service,post-storage-service,38.608696
264,1320.0,home-timeline-service,social-graph-service,30.028986
264,1320.0,home-timeline-service,user-service,21.449275
264,1320.0,nginx-thrift,compose-post-service,26.259924
264,1320.0,nginx-thrift,home-timeline-service,42.898551
264,1320.0,nginx-thrift,user-timeline-service,17.536002
264,1320.0,user-timeline-service,post-storage-service,14.905602
264,1320.0,user-timeline-service,user-service,9.644801
265,1325.0,compose-post-service,home-timeline-service,18.087524
265,1325.0,compose-post-service,media-service,9.043762
265,1325.0,compose-post-service,post-storage-service,20.671456
265,1325.0,compose-post-service,url-shorten-service,11.627694
265,1325.0,compose-post-service,user-mention-service,11.627694
265,1325.0,compose-post-service,user-service,15.503592
265,1325.0,compose-post-service,user-timeline-service,15.503592
265,1325.0,home-timeline-service,post-storage-service,37.910618
265,1325.0,home-timeline-service,social-graph-service,29.486036
265,1325.0,home-timeline-service,user-service,21.061454
265,1325.0,nginx-thrift,compose-post-service,25.839320
265,1325.0,nginx-thrift,home-timeline-service,42.122909
265,1325.0,nginx-thrift,user-timeline-service,17.271284
265,1325.0,user-timeline-service,post-storage-service,14.680592
265,1325.0,user-timeline-service,user-service,9.499206
266,1330.0,compose-post-service,home-timeline-service,18.298800
266,1330.0,compose-post-service,media-service,9.149400
266,1330.0,compose-post-service,post-storage-service,20.912914
266,1330.0,compose-post-service,url-shorten-service,11.763514
266,1330.0,compose-post-service,user-mention-service,11.763514
266,1330.0,compose-post-service,user-service,15.684685
266,1330.0,compose-post-service,user-timeline-service,15.684685
266,1330.0,home-timeline-service,post-storage-service,38.273183
266,1330.0,home-timeline-service,social-graph-service,29.768031
266,1330.0,home-timeline-service,user-service,21.262879
266,1330.0,nginx-thrift,compose-post-service,26.141142
266,1330.0,nginx-thrift,home-timeline-service,42.525758
266,1330.0,nginx-thrift,user-timeline-service,17.489403
266,1330.0,user-timeline-service,post-storage-service,14.865993
266,1330.0,user-timeline-service,user-service,9.619172
267,1335.0,compose-post-service,home-timeline-service,19.478389
267,1335.0,compose-post-service,media-service,9.739194
267,1335.0,compose-post-service,post-storage-service,22.261016
267,1335.0,compose-post-service,url-shorten-service,12.521821
267,1335.0,compose-post-service,user-mention-service,12.521821
267,1335.0,compose-post-service,user-service,16.695762
267,1335.0,compose-post-service,user-timeline-service,16.695762
267,1335.0,home-timeline-service,post-storage-service,40.655319
267,1335.0,home-timeline-service,social-graph-service,31.620804
267,1335.0,home-timeline-service,user-service,22.586288
267,1335.0,nginx-thrift,compose-post-service,27.826270
267,1335.0,nginx-thrift,home-timeline-service,45.172577
267,1335.0,nginx-thrift,user-timeline-service,18.634287
267,1335.0,user-timeline-service,post-storage-service,15.839144
267,1335.0,user-timeline-service,user-service,10.248858
268,1340.0,compose-post-service,home-timeline-service,18.444607
268,1340.0,compose-post-service,media-service,9.222303
268,1340.0,compose-post-service,post-storage-service,21.079551
268,1340.0,compose-post-service,url-shorten-service,11.857247
268,1340.0,compose-post-service,user-mention-service,11.857247
268,1340.0,compose-post-service,user-service,15.809663
268,1340.0,compose-post-service,user-timeline-service,15.809663
268,1340.0,home-timeline-service,post-storage-service,38.417424
268,1340.0,home-timeline-service,social-graph-service,29.880219
268,1340.0,home-timeline-service,user-service,21.343013
268,1340.0,nginx-thrift,compose-post-service,26.349438
268,1340.0,nginx-thrift,home-timeline-service,42.686027
268,1340.0,nginx-thrift,user-timeline-service,17.661882
268,1340.0,user-timeline-service,post-storage-service,15.012599
268,1340.0,user-timeline-service,user-service,9.714035
269,1345.0,compose-post-service,home-timeline-service,18.233929
269,1345.0,compose-post-service,media-service,9.116965
269,1345.0,compose-post-service,post-storage-service,20.838776
269,1345.0,compose-post-service,url-shorten-service,11.721812
269,1345.0,compose-post-service,user-mention-service,11.721812
269,1345.0,compose-post-service,user-service,15.629082
269,1345.0,compose-post-service,user-timeline-service,15.629082
269,1345.0,home-timeline-service,post-storage-service,37.899694
269,1345.0,home-timeline-service,social-graph-service,29.477540
269,1345.0,home-timeline-service,user-service,21.055386
269,1345.0,nginx-thrift,compose-post-service,26.048470
269,1345.0,nginx-thrift,home-timeline-service,42.110771
269,1345.0,nginx-thrift,user-timeline-service,17.476567
269,1345.0,user-timeline-service,post-storage-service,14.855082
269,1345.0,user-timeline-service,user-service,9.612112
270,1350.0,compose-post-service,home-timeline-service,18.151635
270,1350.0,compose-post-service,media-service,9.075817
270,1350.0,compose-post-service,post-storage-service,20.744726
270,1350.0,compose-post-service,url-shorten-service,11.668908
270,1350.0,compose-post-service,user-mention-service,11.668908
270,1350.0,compose-post-service,user-service,15.558544
270,1350.0,compose-post-service,user-timeline-service,15.558544
270,1350.0,home-timeline-service,post-storage-service,37.650429
270,1350.0,home-timeline-service,social-graph-service,29.283667
270,1350.0,home-timeline-service,user-service,20.916905
270,1350.0,nginx-thrift,compose-post-service,25.930907
270,1350.0,nginx-thrift,home-timeline-service,41.833810
270,1350.0,nginx-thrift,user-timeline-service,17.414074
270,1350.0,user-timeline-service,post-storage-service,14.801963
270,1350.0,user-timeline-service,user-service,9.577741
271,1355.0,compose-post-service,home-timeline-service,18.469137
271,1355.0,compose-post-service,media-service,9.234568
271,1355.0,compose-post-service,post-storage-service,21.107585
271,1355.0,compose-post-service,url-shorten-service,11.873017
271,1355.0,compose-post-service,user-mention-service,11.873017
271,1355.0,compose-post-service,user-service,15.830689
271,1355.0,compose-post-service,user-timeline-service,15.830689
271,1355.0,home-timeline-service,post-storage-service,38.229764
271,1355.0,home-timeline-service,social-graph-service,29.734261
271,1355.0,home-timeline-service,user-service,21.238758
271,1355.0,nginx-thrift,compose-post-service,26.384481
271,1355.0,nginx-thrift,home-timeline-service,42.477515
271,1355.0,nginx-thrift,user-timeline-service,17.735380
271,1355.0,user-timeline-service,post-storage-service,15.075073
271,1355.0,user-timeline-service,user-service,9.754459
272,1360.0,compose-post-service,home-timeline-service,18.905156
272,1360.0,compose-post-service,media-service,9.452578
272,1360.0,compose-post-service,post-storage-service,21.605892
272,1360.0,compose-post-service,url-shorten-service,12.153314
272,1360.0,compose-post-service,user-mention-service,12.153314
272,1360.0,compose-post-service,user-service,16.204419
272,1360.0,compose-post-service,user-timeline-service,16.204419
272,1360.0,home-timeline-service,post-storage-service,39.051545
272,1360.0,home-timeline-service,social-graph-service,30.373424
272,1360.0,home-timeline-service,user-service,21.695303
272,1360.0,nginx-thrift,compose-post-service,27.007365
272,1360.0,nginx-thrift,home-timeline-service,43.390606
272,1360.0,nginx-thrift,user-timeline-service,18.171212
272,1360.0,user-timeline-service,post-storage-service,15.445530
272,1360.0,user-timeline-service,user-service,9.994167
273,1365.0,compose-post-service,home-timeline-service,18.271767
273,1365.0,compose-post-service,media-service,9.135883
273,1365.0,compose-post-service,post-storage-service,20.882019
273,1365.0,compose-post-service,url-shorten-service,11.746136
273,1365.0,compose-post-service,user-mention-service,11.746136
273,1365.0,compose-post-service,user-service,15.661514
273,1365.0,compose-post-service,user-timeline-service,15.661514
273,1365.0,home-timeline-service,post-storage-service,37.665484
273,1365.0,home-timeline-service,social-graph-service,29.295377
273,1365.0,home-timeline-service,user-service,20.925269
273,1365.0,nginx-thrift,compose-post-service,26.102524
273,1365.0,nginx-thrift,home-timeline-service,41.850538
273,1365.0,nginx-thrift,user-timeline-service,17.579011
273,1365.0,user-timeline-service,post-storage-service,14.942159
273,1365.0,user-timeline-service,user-service,9.668456
274,1370.0,compose-post-service,home-timeline-service,17.965921
274,1370.0,compose-post-service,media-service,8.982960
274,1370.0,compose-post-service,post-storage-service,20.532481
274,1370.0,compose-post-service,url-shorten-service,11.549521
274,1370.0,compose-post-service,user-mention-service,11.549521
274,1370.0,compose-post-service,user-service,15.399361
274,1370.0,compose-post-service,user-timeline-service,15.399361
274,1370.0,home-timeline-service,post-storage-service,36.958952
274,1370.0,home-timeline-service,social-graph-service,28.745852
274,1370.0,home-timeline-service,user-service,20.532751
274,1370.0,nginx-thrift,compose-post-service,25.665601
274,1370.0,nginx-thrift,home-timeline-service,41.065502
274,1370.0,nginx-thrift,user-timeline-service,17.301116
274,1370.0,user-timeline-service,post-storage-service,14.705949
274,1370.0,user-timeline-service,user-service,9.515614
275,1375.0,compose-post-service,home-timeline-service,18.037066
275,1375.0,compose-post-service,media-service,9.018533
275,1375.0,compose-post-service,post-storage-service,20.613789
275,1375.0,compose-post-service,url-shorten-service,11.595257
275,1375.0,compose-post-service,user-mention-service,11.595257
275,1375.0,compose-post-service,user-service,15.460342
275,1375.0,compose-post-service,user-timeline-service,15.460342
275,1375.0,home-timeline-service,post-storage-service,37.029284
275,1375.0,home-timeline-service,social-graph-service,28.800554
275,1375.0,home-timeline-service,user-service,20.571824
275,1375.0,nginx-thrift,compose-post-service,25.767237
275,1375.0,nginx-thrift,home-timeline-service,41.143649
275,1375.0,nginx-thrift,user-timeline-service,17.386084
275,1375.0,user-timeline-service,post-storage-service,14.778172
275,1375.0,user-timeline-service,user-service,9.562346
276,1380.0,compose-post-service,home-timeline-service,18.096549
276,1380.0,compose-post-service,media-service,9.048274
276,1380.0,compose-post-service,post-storage-service,20.681770
276,1380.0,compose-post-service,url-shorten-service,11.633496
276,1380.0,compose-post-service,user-mention-service,11.633496
276,1380.0,compose-post-service,user-service,15.511327
276,1380.0,compose-post-service,user-timeline-service,15.511327
276,1380.0,home-timeline-service,post-storage-service,37.075458
276,1380.0,home-timeline-service,social-graph-service,28.836468
276,1380.0,home-timeline-service,user-service,20.597477
276,1380.0,nginx-thrift,compose-post-service,25.852212
276,1380.0,nginx-thrift,home-timeline-service,41.194954
276,1380.0,nginx-thrift,user-timeline-service,17.459967
276,1380.0,user-timeline-service,post-storage-service,14.840972
276,1380.0,user-timeline-service,user-service,9.602982
277,1385.0,compose-post-service,home-timeline-service,19.337261
277,1385.0,compose-post-service,media-service,9.668631
277,1385.0,compose-post-service,post-storage-service,22.099727
277,1385.0,compose-post-service,url-shorten-service,12.431097
277,1385.0,compose-post-service,user-mention-service,12.431097
277,1385.0,compose-post-service,user-service,16.574795
277,1385.0,compose-post-service,user-timeline-service,16.574795
277,1385.0,home-timeline-service,post-storage-service,39.536587
277,1385.0,home-timeline-service,social-graph-service,30.750679
277,1385.0,home-timeline-service,user-service,21.964771
277,1385.0,nginx-thrift,compose-post-service,27.624659
277,1385.0,nginx-thrift,home-timeline-service,43.929541
277,1385.0,nginx-thrift,user-timeline-service,18.674755
277,1385.0,user-timeline-service,post-storage-service,15.873542
277,1385.0,user-timeline-service,user-service,10.271115
278,1390.0,compose-post-service,home-timeline-service,17.909913
278,1390.0,compose-post-service,media-service,8.954957
278,1390.0,compose-post-service,post-storage-service,20.468472
278,1390.0,compose-post-service,url-shorten-service,11.513516
278,1390.0,compose-post-service,user-mention-service,11.513516
278,1390.0,compose-post-service,user-service,15.351354
278,1390.0,compose-post-service,user-timeline-service,15.351354
278,1390.0,home-timeline-service,post-storage-service,36.543759
278,1390.0,home-timeline-service,social-graph-service,28.422924
278,1390.0,home-timeline-service,user-service,20.302088
278,1390.0,nginx-thrift,compose-post-service,25.585590
278,1390.0,nginx-thrift,home-timeline-service,40.604176
278,1390.0,nginx-thrift,user-timeline-service,17.312757
278,1390.0,user-timeline-service,post-storage-service,14.715843
278,1390.0,user-timeline-service,user-service,9.522016
279,1395.0,compose-post-service,home-timeline-service,19.032839
279,1395.0,compose-post-service,media-service,9.516420
279,1395.0,compose-post-service,post-storage-service,21.751816
279,1395.0,compose-post-service,url-shorten-service,12.235397
279,1395.0,compose-post-service,user-mention-service,12.235397
279,1395.0,compose-post-service,user-service,16.313862
279,1395.0,compose-post-service,user-timeline-service,16.313862
279,1395.0,home-timeline-service,post-storage-service,38.756177
279,1395.0,home-timeline-service,social-graph-service,30.143693
279,1395.0,home-timeline-service,user-service,21.531209
279,1395.0,nginx-thrift,compose-post-service,27.189770
279,1395.0,nginx-thrift,home-timeline-service,43.062419
279,1395.0,nginx-thrift,user-timeline-service,18.415761
279,1395.0,user-timeline-service,post-storage-service,15.653397
279,1395.0,user-timeline-service,user-service,10.128669
280,1400.0,compose-post-service,home-timeline-service,17.778467
280,1400.0,compose-post-service,media-service,8.889233
280,1400.0,compose-post-service,post-storage-service,20.318248
280,1400.0,compose-post-service,url-shorten-service,11.429014
280,1400.0,compose-post-service,user-mention-service,11.429014
280,1400.0,compose-post-service,user-service,15.238686
280,1400.0,compose-post-service,user-timeline-service,15.238686
280,1400.0,home-timeline-service,post-storage-service,36.128618
280,1400.0,home-timeline-service,social-graph-service,28.100037
280,1400.0,home-timeline-service,user-service,20.071455
280,1400.0,nginx-thrift,compose-post-service,25.397810
280,1400.0,nginx-thrift,home-timeline-service,40.142909
280,1400.0,nginx-thrift,user-timeline-service,17.218459
280,1400.0,user-timeline-service,post-storage-service,14.635690
280,1400.0,user-timeline-service,user-service,9.470152
281,1405.0,compose-post-service,home-timeline-service,19.082895
281,1405.0,compose-post-service,media-service,9.541448
281,1405.0,compose-post-service,post-storage-service,21.809023
281,1405.0,compose-post-service,url-shorten-service,12.267575
281,1405.0,compose-post-service,user-mention-service,12.267575
281,1405.0,compose-post-service,user-service,16.356767
281,1405.0,compose-post-service,user-timeline-service,16.356767
281,1405.0,home-timeline-service,post-storage-service,38.701080
281,1405.0,home-timeline-service,social-graph-service,30.100840
281,1405.0,home-timeline-service,user-service,21.500600
281,1405.0,nginx-thrift,compose-post-service,27.261279
281,1405.0,nginx-thrift,home-timeline-service,43.001200
281,1405.0,nginx-thrift,user-timeline-service,18.499442
281,1405.0,user-timeline-service,post-storage-service,15.724526
281,1405.0,user-timeline-service,user-service,10.174693
282,1410.0,compose-post-service,home-timeline-service,18.070004
282,1410.0,compose-post-service,media-service,9.035002
282,1410.0,compose-post-service,post-storage-service,20.651433
282,1410.0,compose-post-service,url-shorten-service,11.616431
282,1410.0,compose-post-service,user-mention-service,11.616431
282,1410.0,compose-post-service,user-service,15.488575
282,1410.0,compose-post-service,user-timeline-service,15.488575
282,1410.0,home-timeline-service,post-storage-service,36.573027
282,1410.0,home-timeline-service,social-graph-service,28.445688
282,1410.0,home-timeline-service,user-service,20.318348
282,1410.0,nginx-thrift,compose-post-service,25.814291
282,1410.0,nginx-thrift,home-timeline-service,40.636697
282,1410.0,nginx-thrift,user-timeline-service,17.534265
282,1410.0,user-timeline-service,post-storage-service,14.904125
282,1410.0,user-timeline-service,user-service,9.643846
283,1415.0,compose-post-service,home-timeline-service,19.058243
283,1415.0,compose-post-service,media-service,9.529122
283,1415.0,compose-post-service,post-storage-service,21.780850
283,1415.0,compose-post-service,url-shorten-service,12.251728
283,1415.0,compose-post-service,user-mention-service,12.251728
283,1415.0,compose-post-service,user-service,16.335637
283,1415.0,compose-post-service,user-timeline-service,16.335637
283,1415.0,home-timeline-service,post-storage-service,38.495632
283,1415.0,home-timeline-service,social-graph-service,29.941047
283,1415.0,home-timeline-service,user-service,21.386462
283,1415.0,nginx-thrift,compose-post-service,27.226062
283,1415.0,nginx-thrift,home-timeline-service,42.772924
283,1415.0,nginx-thrift,user-timeline-service,18.510907
283,1415.0,user-timeline-service,post-storage-service,15.734271
283,1415.0,user-timeline-service,user-service,10.180999
284,1420.0,compose-post-service,home-timeline-service,18.377829
284,1420.0,compose-post-service,media-service,9.188915
284,1420.0,compose-post-service,post-storage-service,21.003233
284,1420.0,compose-post-service,url-shorten-service,11.814319
284,1420.0,compose-post-service,user-mention-service,11.814319
284,1420.0,compose-post-service,user-service,15.752425
284,1420.0,compose-post-service,user-timeline-service,15.752425
284,1420.0,home-timeline-service,post-storage-service,37.046806
284,1420.0,home-timeline-service,social-graph-service,28.814183
284,1420.0,home-timeline-service,user-service,20.581559
284,1420.0,nginx-thrift,compose-post-service,26.254042
284,1420.0,nginx-thrift,home-timeline-service,41.163118
284,1420.0,nginx-thrift,user-timeline-service,17.867142
284,1420.0,user-timeline-service,post-storage-service,15.187071
284,1420.0,user-timeline-service,user-service,9.826928
285,1425.0,compose-post-service,home-timeline-service,17.683746
285,1425.0,compose-post-service,media-service,8.841873
285,1425.0,compose-post-service,post-storage-service,20.209995
285,1425.0,compose-post-service,url-shorten-service,11.368122
285,1425.0,compose-post-service,user-mention-service,11.368122
285,1425.0,compose-post-service,user-service,15.157497
285,1425.0,compose-post-service,user-timeline-service,15.157497
285,1425.0,home-timeline-service,post-storage-service,35.576309
285,1425.0,home-timeline-service,social-graph-service,27.670462
285,1425.0,home-timeline-service,user-service,19.764616
285,1425.0,nginx-thrift,compose-post-service,25.262494
285,1425.0,nginx-thrift,home-timeline-service,39.529232
285,1425.0,nginx-thrift,user-timeline-service,17.208847
285,1425.0,user-timeline-service,post-storage-service,14.627520
285,1425.0,user-timeline-service,user-service,9.464866
286,1430.0,compose-post-service,home-timeline-service,17.707427
286,1430.0,compose-post-service,media-service,8.853714
286,1430.0,compose-post-service,post-storage-service,20.237060
286,1430.0,compose-post-service,url-shorten-service,11.383346
286,1430.0,compose-post-service,user-mention-service,11.383346
286,1430.0,compose-post-service,user-service,15.177795
286,1430.0,compose-post-service,user-timeline-service,15.177795
286,1430.0,home-timeline-service,post-storage-service,35.552832
286,1430.0,home-timeline-service,social-graph-service,27.652202
286,1430.0,home-timeline-service,user-service,19.751573
286,1430.0,nginx-thrift,compose-post-service,25.296325
286,1430.0,nginx-thrift,home-timeline-service,39.503146
286,1430.0,nginx-thrift,user-timeline-service,17.248453
286,1430.0,user-timeline-service,post-storage-service,14.661185
286,1430.0,user-timeline-service,user-service,9.486649
287,1435.0,compose-post-service,home-timeline-service,19.070454
287,1435.0,compose-post-service,media-service,9.535227
287,1435.0,compose-post-service,post-storage-service,21.794805
287,1435.0,compose-post-service,url-shorten-service,12.259578
287,1435.0,compose-post-service,user-mention-service,12.259578
287,1435.0,compose-post-service,user-service,16.346103
287,1435.0,compose-post-service,user-timeline-service,16.346103
287,1435.0,home-timeline-service,post-storage-service,38.213246
287,1435.0,home-timeline-service,social-graph-service,29.721414
287,1435.0,home-timeline-service,user-service,21.229581
287,1435.0,nginx-thrift,compose-post-service,27.243506
287,1435.0,nginx-thrift,home-timeline-service,42.459162
287,1435.0,nginx-thrift,user-timeline-service,18.594027
287,1435.0,user-timeline-service,post-storage-service,15.804923
287,1435.0,user-timeline-service,user-service,10.226715
288,1440.0,compose-post-service,home-timeline-service,18.561444
288,1440.0,compose-post-service,media-service,9.280722
288,1440.0,compose-post-service,post-storage-service,21.213079
288,1440.0,compose-post-service,url-shorten-service,11.932357
288,1440.0,compose-post-service,user-mention-service,11.932357
288,1440.0,compose-post-service,user-service,15.909809
288,1440.0,compose-post-service,user-timeline-service,15.909809
288,1440.0,home-timeline-service,post-storage-service,37.119394
288,1440.0,home-timeline-service,social-graph-service,28.870640
288,1440.0,home-timeline-service,user-service,20.621885
288,1440.0,nginx-thrift,compose-post-service,26.516348
288,1440.0,nginx-thrift,home-timeline-service,41.243771
288,1440.0,nginx-thrift,user-timeline-service,18.115173
288,1440.0,user-timeline-service,post-storage-service,15.397897
288,1440.0,user-timeline-service,user-service,9.963345
289,1445.0,compose-post-service,home-timeline-service,18.444621
289,1445.0,compose-post-service,media-service,9.222310
289,1445.0,compose-post-service,post-storage-service,21.079567
289,1445.0,compose-post-service,url-shorten-service,11.857256
289,1445.0,compose-post-service,user-mention-service,11.857256
289,1445.0,compose-post-service,user-service,15.809675
289,1445.0,compose-post-service,user-timeline-service,15.809675
289,1445.0,home-timeline-service,post-storage-service,36.812654
289,1445.0,home-timeline-service,social-graph-service,28.632064
289,1445.0,home-timeline-service,user-service,20.451475
289,1445.0,nginx-thrift,compose-post-service,26.349458
289,1445.0,nginx-thrift,home-timeline-service,40.902949
289,1445.0,nginx-thrift,user-timeline-service,18.018531
289,1445.0,user-timeline-service,post-storage-service,15.315751
289,1445.0,user-timeline-service,user-service,9.910192
290,1450.0,compose-post-service,home-timeline-service,18.175830
290,1450.0,compose-post-service,media-service,9.087915
290,1450.0,compose-post-service,post-storage-service,20.772378
290,1450.0,compose-post-service,url-shorten-service,11.684462
290,1450.0,compose-post-service,user-mention-service,11.684462
290,1450.0,compose-post-service,user-service,15.579283
290,1450.0,compose-post-service,user-timeline-service,15.579283
290,1450.0,home-timeline-service,post-storage-service,36.204453
290,1450.0,home-timeline-service,social-graph-service,28.159019
290,1450.0,home-timeline-service,user-service,20.113585
290,1450.0,nginx-thrift,compose-post-service,25.965472
290,1450.0,nginx-thrift,home-timeline-service,40.227170
290,1450.0,nginx-thrift,user-timeline-service,17.773108
290,1450.0,user-timeline-service,post-storage-service,15.107142
290,1450.0,user-timeline-service,user-service,9.775209
291,1455.0,compose-post-service,home-timeline-service,18.828543
291,1455.0,compose-post-service,media-service,9.414272
291,1455.0,compose-post-service,post-storage-service,21.518335
291,1455.0,compose-post-service,url-shorten-service,12.104064
291,1455.0,compose-post-service,user-mention-service,12.104064
291,1455.0,compose-post-service,user-service,16.138751
291,1455.0,compose-post-service,user-timeline-service,16.138751
291,1455.0,home-timeline-service,post-storage-service,37.430602
291,1455.0,home-timeline-service,social-graph-service,29.112690
291,1455.0,home-timeline-service,user-service,20.794779
291,1455.0,nginx-thrift,compose-post-service,26.897919
291,1455.0,nginx-thrift,home-timeline-service,41.589558
291,1455.0,nginx-thrift,user-timeline-service,18.429176
291,1455.0,user-timeline-service,post-storage-service,15.664799
291,1455.0,user-timeline-service,user-service,10.136047
292,1460.0,compose-post-service,home-timeline-service,18.412497
292,1460.0,compose-post-service,media-service,9.206248
292,1460.0,compose-post-service,post-storage-service,21.042853
292,1460.0,compose-post-service,url-shorten-service,11.836605
292,1460.0,compose-post-service,user-mention-service,11.836605
292,1460.0,compose-post-service,user-service,15.782140
292,1460.0,compose-post-service,user-timeline-service,15.782140
292,1460.0,home-timeline-service,post-storage-service,36.531473
292,1460.0,home-timeline-service,social-graph-service,28.413368
292,1460.0,home-timeline-service,user-service,20.295263
292,1460.0,nginx-thrift,compose-post-service,26.303567
292,1460.0,nginx-thrift,home-timeline-service,40.590525
292,1460.0,nginx-thrift,user-timeline-service,18.039418
292,1460.0,user-timeline-service,post-storage-service,15.333506
292,1460.0,user-timeline-service,user-service,9.921680
293,1465.0,compose-post-service,home-timeline-service,17.583080
293,1465.0,compose-post-service,media-service,8.791540
293,1465.0,compose-post-service,post-storage-service,20.094949
293,1465.0,compose-post-service,url-shorten-service,11.303409
293,1465.0,compose-post-service,user-mention-service,11.303409
293,1465.0,compose-post-service,user-service,15.071212
293,1465.0,compose-post-service,user-timeline-service,15.071212
293,1465.0,home-timeline-service,post-storage-service,34.817366
293,1465.0,home-timeline-service,social-graph-service,27.080173
293,1465.0,home-timeline-service,user-service,19.342981
293,1465.0,nginx-thrift,compose-post-service,25.118686
293,1465.0,nginx-thrift,home-timeline-service,38.685962
293,1465.0,nginx-thrift,user-timeline-service,17.243526
293,1465.0,user-timeline-service,post-storage-service,14.656997
293,1465.0,user-timeline-service,user-service,9.483939
294,1470.0,compose-post-service,home-timeline-service,18.626644
294,1470.0,compose-pos