benchmark,run_id,namespace,scale,replica_level,replica_config,workload_mode,repeat,policy,policy_display_name,step,time_s,evidence_type,request_type,traffic_stress,weighted_edge_distance,active_edge_count,request_mix_entropy,top3_hotspot_churn,traffic_stress_gini,traffic_stress_skew,migration_count,policy_decision_time_ms,gda_query_latency_ms,gda_build_time_ms,gda_total_time_ms,gda_nodes,gda_edges,gda_query_count,latency_ms,p50_ms,p95_ms,p99_ms,throughput_rps,error_rate,sla_ms,sla_pressure,sla_violation_ratio,worker_nodes_selected,actual_app_pods,ready_app_pods,non_empty_worker_nodes,pod_node_occupancy_ratio,pod_restarts,total_pods,cluster_cpu_utilization,cluster_memory_utilization,top_node_cpu_utilization
online-boutique,online-boutique-longmix-stageA-scale20-replica3-markov-steps200-20260612T140708Z,idyn-ob-scale20-replica3,scale20,replica3,adservice=3;cartservice=3;checkoutservice=3;currencyservice=3;emailservice=3;frontend=3;paymentservice=3;productcatalogservice=3;recommendationservice=3;redis-cart=1;shippingservice=3,markov,stageA,kubernetes-default,K8s default,0,0.000,replay,mixed,0.978681,0.000000,7,1.525982,0.000000,0.359677,1.100147,,,0.000000,0.013265,0.013265,7,7,0,68.246682,68.246682,68.246682,68.246682,120.000000,0.000000,113.447368,0.601571,0.000000,20,,,,,,,,,
online-boutique,online-boutique-longmix-stageA-scale20-replica3-markov-steps200-20260612T140708Z,idyn-ob-scale20-replica3,scale20,replica3,adservice=3;cartservice=3;checkoutservice=3;currencyservice=3;emailservice=3;frontend=3;paymentservice=3;productcatalogservice=3;recommendationservice=3;redis-cart=1;shippingservice=3,markov,stageA,cga,CGA,0,0.000,replay,mixed,0.978681,0.000000,7,1.525982,0.000000,0.359677,1.100147,,,0.000000,0.013265,0.013265,7,7,0,63.198781,63.198781,63.198781,63.198781,120.000000,0.000000,113.447368,0.557076,0.000000,20,,,,,,,,,
online-boutique,online-boutique-longmix-stageA-scale20-replica3-markov-steps200-20260612T140708Z,idyn-ob-scale20-replica3,scale20,replica3,adservice=3;cartservice=3;checkoutservice=3;currencyservice=3;emailservice=3;frontend=3;paymentservice=3;productcatalogservice=3;recommendationservice=3;redis-cart=1;shippingservice=3,markov,stageA,hda,HDA,0,0.000,replay,mixed,0.978681,0.000000,7,1.525982,0.000000,0.359677,1.100147,,,0.000000,0.013265,0.013265,7,7,0,54.554645,54.554645,54.554645,54.554645,120.000000,0.000000,113.447368,0.480881,0.000000,20,,,,,,,,,
online-boutique,online-boutique-longmix-stageA-scale20-replica3-markov-steps200-20260612T140708Z,idyn-ob-scale20-replica3,scale20,replica3,adservice=3;cartservice=3;checkoutservice=3;currencyservice=3;emailservice=3;frontend=3;paymentservice=3;productcatalogservice=3;recommendationservice=3;redis-cart=1;shippingservice=3,markov,stageA,kubernetes-default,K8s default,1,1.000,replay,mixed,0.979490,0.000826,7,1.525982,0.000000,0.359677,1.100147,,,0.000000,0.010149,0.010149,7,7,0,67.350774,67.350774,67.350774,67.350774,120.000000,0.000000,113.447368,0.593674,0.000000,20,,,,,,,,,
online-boutique,online-boutique-longmix-stageA-scale20-replica3-markov-steps200-20260612T140708Z,idyn-ob-scale20-replica3,scale20,replica3,adservice=3;cartservice=3;checkoutservice=3;currencyservice=3;emailservice=3;frontend=3;paymentservice=3;productcatalogservice=3;recommendationservice=3;redis-cart=1;shippingservice=3,markov,stageA,cga,CGA,1,1.000,replay,mixed,0.979490,0.000826,7,1.525982,0.000000,0.359677,1.100147,,,0.000000,0.010149,0.010149,7,7,0,57.603866,57.603866,57.603866,57.603866,120.000000,0.000000,113.447368,0.507759,0.000000,20,,,,,,,,,
online-boutique,online-boutique-longmix-stageA-scale20-replica3-markov-steps200-20260612T140708Z,idyn-ob-scale20-replica3,scale20,replica3,adservice=3;cartservice=3;checkoutservice=3;currencyservice=3;emailservice=3;frontend=3;paymentservice=3;productcatalogservice=3;recommendationservice=3;redis-cart=1;shippingservice=3,markov,stageA,hda,HDA,1,1.000,replay,mixed,0.979490,0.000826,7,1.525982,0.000000,0.359677,1.100147,,,0.000000,0.010149,0.010149,7,7,0,55.142791,55.142791,55.142791,55.142791,120.000000,0.000000,113.447368,0.486065,0.000000,20,,,,,,,,,
online-boutique,online-boutique-longmix-stageA-scale20-replica3-markov-steps200-20260612T140708Z,idyn-ob-scale20-replica3,scale20,replica3,adservice=3;cartservice=3;checkoutservice=3;currencyservice=3;emailservice=3;frontend=3;paymentservice=3;productcatalogservice=3;recommendationservice=3;redis-cart=1;shippingservice=3,markov,stageA,kubernetes-default,K8s default,2,2.000,replay,mixed,0.980291,0.000817,7,1.525982,0.000000,0.359677,1.100147,,,0.000000,0.012843,0.012843,7,7,0,66.367110,66.367110,66.367110,66.367110,120.000000,0.000000,113.447368,0.585004,0.000000,20,,,,,,,,,
online-boutique,online-boutique-longmix-stageA-scale20-replica3-markov-steps200-20260612T140708Z,idyn-ob-scale20-replica3,scale20,replica3,adservice=3;cartservice=3;checkoutservice=3;currencyservice=3;emailservice=3;frontend=3;paymentservice=3;productcatalogservice=3;recommendationservice=3;redis-cart=1;shippingservice=3,markov,stageA,cga,CGA,2,2.000,replay,mixed,0.980291,0.000817,7,1.525982,0.000000,0.359677,1.100147,,,0.000000,0.012843,0.012843,7,7,0,62.677372,62.677372,62.677372,62.677372,120.000000,0.000000,113.447368,0.552480,0.000000,20,,,,,,,,,
online-boutique,online-boutique-longmix-stageA-scale20-replica3-markov-steps200-20260612T140708Z,idyn-ob-scale20-replica3,scale20,replica3,adservice=3;cartservice=3;checkoutservice=3;currencyservice=3;emailservice=3;frontend=3;paymentservice=3;productcatalogservice=3;recommendationservice=3;redis-cart=1;shippingservice=3,markov,stageA,hda,HDA,2,2.000,replay,mixed,0.980291,0.000817,7,1.525982,0.000000,0.359677,1.100147,,,0.000000,0.012843,0.012843,7,7,0,58.932753,58.932753,58.932753,58.932753,120.000000,0.000000,113.447368,0.519472,0.000000,20,,,,,,,,,
online-boutique,online-boutique-longmix-stageA-scale20-replica3-markov-steps200-20260612T140708Z,idyn-ob-scale20-replica3,scale20,replica3,adservice=3;cartservice=3;checkoutservice=3;currencyservice=3;emailservice=3;frontend=3;paymentservice=3;productcatalogservice=3;recommendationservice=3;redis-cart=1;shippingservice=3,markov,stageA,kubernetes-default,K8s default,3,3.000,replay,mixed,0.975723,0.004659,7,1.525982,0.000000,0.359677,1.100147,,,0.000000,0.009287,0.009287,7,7,0,66.556199,66.556199,66.556199,66.556199,120.000000,0.000000,113.447368,0.586670,0.000000,20,,,,,,,,,
online-boutique,online-boutique-longmix-stageA-scale20-replica3-markov-steps200-20260612T140708Z,idyn-ob-scale20-replica3,scale20,replica3,adservice=3;cartservice=3;checkoutservice=3;currencyservice=3;emailservice=3;frontend=3;paymentservice=3;productcatalogservice=3;recommendationservice=3;redis-cart=1;shippingservice=3,markov,stageA,cga,CGA,3,3.000,replay,mixed,0.975723,0.004659,7,1.525982,0.000000,0.359677,1.100147,,,0.000000,0.009287,0.009287,7,7,0,59.285423,59.285423,59.285423,59.285423,120.000000,0.000000,113.447368,0.522581,0.000000,20,,,,,,,,,
online-boutique,online-boutique-longmix-stageA-scale20-replica3-markov-steps200-20260612T140708Z,idyn-ob-scale20-replica3,scale20,replica3,adservice=3;cartservice=3;checkoutservice=3;currencyservice=3;emailservice=3;frontend=3;paymentservice=3;productcatalogservice=3;recommendationservice=3;redis-cart=1;shippingservice=3,markov,stageA,hda,HDA,3,3.000,replay,mixed,0.975723,0.004659,7,1.525982,0.000000,0.359677,1.100147,,,0.000000,0.009287,0.009287,7,7,0,55.285875,55.285875,55.285875,55.285875,120.000000,0.000000,113.447368,0.487326,0.000000,20,,,,,,,,,
online-boutique,online-boutique-longmix-stageA-scale20-replica3-markov-steps200-20260612T140708Z,idyn-ob-scale20-replica3,scale20,replica3,adservice=3;cartservice=3;checkoutservice=3;currencyservice=3;emailservice=3;frontend=3;paymentservice=3;productcatalogservice=3;recommendationservice=3;redis-cart=1;shippingservice=3,markov,stageA,kubernetes-default,K8s default,4,4.000,replay,mixed,1.013790,0.037549,7,1.525982,0.000000,0.359677,1.100147,,,0.000000,0.009358,0.009358,7,7,0,66.786084,66.786084,66.786084,66.786084,120.000000,0.000000,113.447368,0.588697,0.000000,20,,,,,,,,,
online-boutique,online-boutique-longmix-stageA-scale20-replica3-markov-steps200-20260612T140708Z,idyn-ob-scale20-replica3,scale20,replica3,adservice=3;cartservice=3;checkoutservice=3;currencyservice=3;emailservice=3;frontend=3;paymentservice=3;productcatalogservice=3;recommendationservice=3;redis-cart=1;shippingservice=3,markov,stageA,cga,CGA,4,4.000,replay,mixed,1.013790,0.037549,7,1.525982,0.000000,0.359677,1.100147,,,0.000000,0.009358,0.009358,7,7,0,64.829563,64.829563,64.829563,64.829563,120.000000,0.000000,113.447368,0.571451,0.000000,20,,,,,,,,,
online-boutique,online-boutique-longmix-stageA-scale20-replica3-markov-steps200-20260612T140708Z,idyn-ob-scale20-replica3,scale20,replica3,adservice=3;cartservice=3;checkoutservice=3;currencyservice=3;emailservice=3;frontend=3;paymentservice=3;productcatalogservice=3;recommendationservice=3;redis-cart=1;shippingservice=3,markov,stageA,hda,HDA,4,4.000,replay,mixed,1.013790,0.037549,7,1.525982,0.000000,0.359677,1.100147,,,0.000000,0.009358,0.009358,7,7,0,59.942937,59.942937,59.942937,59.942937,120.000000,0.000000,113.447368,0.528377,0.000000,20,,,,,,,,,
online-boutique,online-boutique-longmix-stageA-scale20-replica3-markov-steps200-20260612T140708Z,idyn-ob-scale20-replica3,scale20,replica3,adservice=3;cartservice=3;checkoutservice=3;currencyservice=3;emailservice=3;frontend=3;paymentservice=3;productcatalogservice=3;recommendationservice=3;redis-cart=1;shippingservice=3,markov,stageA,kubernetes-default,K8s default,5,5.000,replay,mixed,0.948373,0.459869,7,1.012248,0.800000,0.347958,0.133792,,,0.000000,0.009328,0.009328,7,7,0,110.333613,110.333613,110.333613,110.333613,120.000000,0.000000,139.447368,0.791220,0.000000,20,,,,,,,,,
online-boutique,online-boutique-longmix-stageA-scale20-replica3-markov-steps200-20260612T140708Z,idyn-ob-scale20-replica3,scale20,replica3,adservice=3;cartservice=3;checkoutservice=3;currencyservice=3;emailservice=3;frontend=3;paymentservice=3;productcatalogservice=3;recommendationservice=3;redis-cart=1;shippingservice=3,markov,stageA,cga,CGA,5,5.000,replay,mixed,0.948373,0.459869,7,1.012248,0.800000,0.347958,0.133792,,,0.000000,0.009328,0.009328,7,7,0,106.345576,106.345576,106.345576,106.345576,120.000000,0.000000,139.447368,0.762622,0.000000,20,,,,,,,,,
online-boutique,online-boutique-longmix-stageA-scale20-replica3-markov-steps200-20260612T140708Z,idyn-ob-scale20-replica3,scale20,replica3,adservice=3;cartservice=3;checkoutservice=3;currencyservice=3;emailservice=3;frontend=3;paymentservice=3;productcatalogservice=3;recommendationservice=3;redis-cart=1;shippingservice=3,markov,stageA,hda,HDA,5,5.000,replay,mixed,0.948373,0.459869,7,1.012248,0.800000,0.347958,0.133792,,,0.000000,0.009328,0.009328,7,7,0,96.630008,96.630008,96.630008,96.630008,120.000000,0.000000,139.447368,0.692950,0.000000,20,,,,,,,,,
online-boutique,online-boutique-longmix-stageA-scale20-replica3-markov-steps200-20260612T140708Z,idyn-ob-scale20-replica3,scale20,replica3,adservice=3;cartservice=3;checkoutservice=3;currencyservice=3;emailservice=3;frontend=3;paymentservice=3;productcatalogservice=3;recommendationservice=3;redis-cart=1;shippingservice=3,markov,stageA,kubernetes-default,K8s default,6,6.000,replay,mixed,0.969039,0.635377,7,1.440440,0.500000,0.467762,1.918165,,,0.000000,0.008526,0.008526,7,7,0,100.543970,100.543970,100.543970,100.543970,120.000000,0.000000,119.947368,0.838234,0.000000,20,,,,,,,,,
online-boutique,online-boutique-longmix-stageA-scale20-replica3-markov-steps200-20260612T140708Z,idyn-ob-scale20-replica3,scale20,replica3,adservice=3;cartservice=3;checkoutservice=3;currencyservice=3;emailservice=3;frontend=3;paymentservice=3;productcatalogservice=3;recommendationservice=3;redis-cart=1;shippingservice=3,markov,stageA,cga,CGA,6,6.000,replay,mixed,0.969039,0.635377,7,1.440440,0.500000,0.467762,1.918165,,,0.000000,0.008526,0.008526,7,7,0,92.491499,92.491499,92.491499,92.491499,120.000000,0.000000,119.947368,0.771101,0.000000,20,,,,,,,,,
online-boutique,online-boutique-longmix-stageA-scale20-replica3-markov-steps200-20260612T140708Z,idyn-ob-scale20-replica3,scale20,replica3,adservice=3;cartservice=3;checkoutservice=3;currencyservice=3;emailservice=3;frontend=3;paymentservice=3;productcatalogservice=3;recommendationservice=3;redis-cart=1;shippingservice=3,markov,stageA,hda,HDA,6,6.000,replay,mixed,0.969039,0.635377,7,1.440440,0.500000,0.467762,1.918165,,,0.000000,0.008526,0.008526,7,7,0,87.764662,87.764662,87.764662,87.764662,120.000000,0.000000,119.947368,0.731693,0.000000,20,,,,,,,,,
online-boutique,online-boutique-longmix-stageA-scale20-replica3-markov-steps200-20260612T140708Z,idyn-ob-scale20-replica3,scale20,replica3,adservice=3;cartservice=3;checkoutservice=3;currencyservice=3;emailservice=3;frontend=3;paymentservice=3;productcatalogservice=3;recommendationservice=3;redis-cart=1;shippingservice=3,markov,stageA,kubernetes-default,K8s default,7,7.000,replay,mixed,1.004349,0.035157,7,1.440440,0.000000,0.467762,1.918165,,,0.000000,0.008366,0.008366,7,7,0,73.841680,73.841680,73.841680,73.841680,120.000000,0.000000,119.947368,0.615617,0.000000,20,,,,,,,,,
online-boutique,online-boutique-longmix-stageA-scale20-replica3-markov-steps200-20260612T140708Z,idyn-ob-scale20-replica3,scale20,replica3,adservice=3;cartservice=3;checkoutservice=3;currencyservice=3;emailservice=3;frontend=3;paymentservice=3;productcatalogservice=3;recommendationservice=3;redis-cart=1;shippingservice=3,markov,stageA,cga,CGA,7,7.000,replay,mixed,1.004349,0.035157,7,1.440440,0.000000,0.467762,1.918165,,,0.000000,0.008366,0.008366,7,7,0,70.798794,70.798794,70.798794,70.798794,120.000000,0.000000,119.947368,0.590249,0.000000,20,,,,,,,,,
online-boutique,online-boutique-longmix-stageA-scale20-replica3-markov-steps200-20260612T140708Z,idyn-ob-scale20-replica3,scale20,replica3,adservice=3;cartservice=3;checkoutservice=3;currencyservice=3;emailservice=3;frontend=3;paymentservice=3;productcatalogservice=3;recommendationservice=3;redis-cart=1;shippingservice=3,markov,stageA,hda,HDA,7,7.000,replay,mixed,1.004349,0.035157,7,1.440440,0.000000,0.467762,1.918165,,,0.000000,0.008366,0.008366,7,7,0,64.103106,64.103106,64.103106,64.103106,120.000000,0.000000,119.947368,0.534427,0.000000,20,,,,,,,,,
online-boutique,online-boutique-longmix-stageA-scale20-replica3-markov-steps200-20260612T140708Z,idyn-ob-scale20-replica3,scale20,replica3,adservice=3;cartservice=3;checkoutservice=3;currencyservice=3;emailservice=3;frontend=3;paymentservice=3;productcatalogservice=3;recommendationservice=3;redis-cart=1;shippingservice=3,markov,stageA,kubernetes-default,K8s default,8,8.000,replay,mixed,0.964369,0.039807,7,1.440440,0.000000,0.467762,1.918165,,,0.000000,0.008465,0.008465,7,7,0,72.896985,72.896985,72.896985,72.896985,120.000000,0.000000,119.947368,0.607741,0.000000,20,,,,,,,,,
online-boutique,online-boutique-longmix-stageA-scale20-replica3-markov-steps200-20260612T140708Z,idyn-ob-scale20-replica3,scale20,replica3,adservice=3;cartservice=3;checkoutservice=3;currencyservice=3;emailservice=3;frontend=3;paymentservice=3;productcatalogservice=3;recommendationservice=3;redis-cart=1;shippingservice=3,markov,stageA,cga,CGA,8,8.000,replay,mixed,0.964369,0.039807,7,1.440440,0.000000,0.467762,1.918165,,,0.000000,0.008465,0.008465,7,7,0,69.839131,69.839131,69.839131,69.839131,120.000000,0.000000,119.947368,0.582248,0.000000,20,,,,,,,,,
online-boutique,online-boutique-longmix-stageA-scale20-replica3-markov-steps200-20260612T140708Z,idyn-ob-scale20-replica3,scale20,replica3,adservice=3;cartservice=3;checkoutservice=3;currencyservice=3;emailservice=3;frontend=3;paymentservice=3;productcatalogservice=3;recommendationservice=3;redis-cart=1;shippingservice=3,markov,stageA,hda,HDA,8,8.000,replay,mixed,0.964369,0.039807,7,1.440440,0.000000,0.467762,1.918165,,,0.000000,0.008465,0.008465,7,7,0,66.780876,66.780876,66.780876,66.780876,120.000000,0.000000,119.947368,0.556751,0.000000,20,,,,,,,,,
online-boutique,online-boutique-longmix-stageA-scale20-replica3-markov-steps200-20260612T140708Z,idyn-ob-scale20-replica3,scale20,replica3,adservice=3;cartservice=3;checkoutservice=3;currencyservice=3;emailservice=3;frontend=3;paymentservice=3;productcatalogservice=3;recommendationservice=3;redis-cart=1;shippingservice=3,markov,stageA,kubernetes-default,K8s default,9,9.000,replay,mixed,1.016672,0.051446,7,1.440440,0.000000,0.467762,1.918165,,,0.000000,0.025257,0.025257,7,7,0,77.060198,77.060198,77.060198,77.060198,120.000000,0.000000,119.947368,0.642450,0.000000,20,,,,,,,,,
online-boutique,online-boutique-longmix-stageA-scale20-replica3-markov-steps200-20260612T140708Z,idyn-ob-scale20-replica3,scale20,replica3,adservice=3;cartservice=3;checkoutservice=3;currencyservice=3;emailservice=3;frontend=3;paymentservice=3;productcatalogservice=3;recommendationservice=3;redis-cart=1;shippingservice=3,markov,stageA,cga,CGA,9,9.000,replay,mixed,1.016672,0.051446,7,1.440440,0.000000,0.467762,1.918165,,,0.000000,0.025257,0.025257,7,7,0,69.403261,69.403261,69.403261,69.403261,120.000000,0.000000,119.947368,0.578614,0.000000,20,,,,,,,,,
online-boutique,online-boutique-longmix-stageA-scale20-replica3-markov-steps200-20260612T140708Z,idyn-ob-scale20-replica3,scale20,replica3,adservice=3;cartservice=3;checkoutservice=3;currencyservice=3;emailservice=3;frontend=3;paymentservice=3;productcatalogservice=3;recommendationservice=3;redis-cart=1;shippingservice=3,markov,stageA,hda,HDA,9,9.000,replay,mixed,1.016672,0.051446,7,1.440440,0.000000,0.467762,1.918165,,,0.000000,0.025257,0.025257,7,7,0,64.037216,64.037216,64.037216,64.037216,120.000000,0.000000,119.947368,0.533878,0.000000,20,,,,,,,,,
online-boutique,online-boutique-longmix-stageA-scale20-replica3-markov-steps200-20260612T140708Z,idyn-ob-scale20-replica3,scale20,replica3,adservice=3;cartservice=3;checkoutservice=3;currencyservice=3;emailservice=3;frontend=3;paymentservice=3;productcatalogservice=3;recommendationservice=3;redis-cart=1;shippingservice=3,markov,stageA,kubernetes-default,K8s default,10,10.000,replay,mixed,0.992903,0.023379,7,1.440440,0.000000,0.467762,1.918165,,,0.000000,0.008756,0.008756,7,7,0,73.224627,73.224627,73.224627,73.224627,120.000000,0.000000,119.947368,0.610473,0.000000,20,,,,,,,,,
online-boutique,online-boutique-longmix-stageA-scale20-replica3-markov-steps200-20260612T140708Z,idyn-ob-scale20-replica3,scale20,replica3,adservice=3;cartservice=3;checkoutservice=3;currencyservice=3;emailservice=3;frontend=3;paymentservice=3;productcatalogservice=3;recommendationservice=3;redis-cart=1;shippingservice=3,markov,stageA,cga,CGA,10,10.000,replay,mixed,0.992903,0.023379,7,1.440440,0.000000,0.467762,1.918165,,,0.000000,0.008756,0.008756,7,7,0,70.697225,70.697225,70.697225,70.697225,120.000000,0.000000,119.947368,0.589402,0.000000,20,,,,,,,,,
online-boutique,online-boutique-longmix-stageA-scale20-replica3-markov-steps200-20260612T140708Z,idyn-ob-scale20-replica3,scale20,replica3,adservice=3;cartservice=3;checkoutservice=3;currencyservice=3;emailservice=3;frontend=3;paymentservice=3;productcatalogservice=3;recommendationservice=3;redis-cart=1;shippingservice=3,markov,stageA,hda,HDA,10,10.000,replay,mixed,0.992903,0.023379,7,1.440440,0.000000,0.467762,1.918165,,,0.000000,0.008756,0.008756,7,7,0,66.059575,66.059575,66.059575,66.059575,120.000000,0.000000,119.947368,0.550738,0.000000,20,,,,,,,,,
online-boutique,online-boutique-longmix-stageA-scale20-replica3-markov-steps200-20260612T140708Z,idyn-ob-scale20-replica3,scale20,replica3,adservice=3;cartservice=3;checkoutservice=3;currencyservice=3;emailservice=3;frontend=3;paymentservice=3;productcatalogservice=3;recommendationservice=3;redis-cart=1;shippingservice=3,markov,stageA,kubernetes-default,K8s default,11,11.000,replay,mixed,1.044282,0.049200,7,1.440440,0.000000,0.467762,1.918165,,,0.000000,0.011721,0.011721,7,7,0,76.931049,76.931049,76.931049,76.931049,120.000000,0.000000,119.947368,0.641373,0.000000,20,,,,,,,,,
online-boutique,online-boutique-longmix-stageA-scale20-replica3-markov-steps200-20260612T140708Z,idyn-ob-scale20-replica3,scale20,replica3,adservice=3;cartservice=3;checkoutservice=3;currencyservice=3;emailservice=3;frontend=3;paymentservice=3;productcatalogservice=3;recommendationservice=3;redis-cart=1;shippingservice=3,markov,stageA,cga,CGA,11,11.000,replay,mixed,1.044282,0.049200,7,1.440440,0.000000,0.467762,1.918165,,,0.000000,0.011721,0.011721,7,7,0,69.978397,69.978397,69.978397,69.978397,120.000000,0.000000,119.947368,0.583409,0.000000,20,,,,,,,,,
online-boutique,online-boutique-longmix-stageA-scale20-replica3-markov-steps200-20260612T140708Z,idyn-ob-scale20-replica3,scale20,replica3,adservice=3;cartservice=3;checkoutservice=3;currencyservice=3;emailservice=3;frontend=3;paymentservice=3;productcatalogservice=3;recommendationservice=3;redis-cart=1;shippingservice=3,markov,stageA,hda,HDA,11,11.000,replay,mixed,1.044282,0.049200,7,1.440440,0.000000,0.467762,1.918165,,,0.000000,0.011721,0.011721,7,7,0,70.792540,70.792540,70.792540,70.792540,120.000000,0.000000,119.947368,0.590197,0.000000,20,,,,,,,,,
online-boutique,online-boutique-longmix-stageA-scale20-replica3-markov-steps200-20260612T140708Z,idyn-ob-scale20-replica3,scale20,replica3,adservice=3;cartservice=3;checkoutservice=3;currencyservice=3;emailservice=3;frontend=3;paymentservice=3;productcatalogservice=3;recommendationservice=3;redis-cart=1;shippingservice=3,markov,stageA,kubernetes-default,K8s default,12,12.000,replay,mixed,0.990899,0.051120,7,1.440440,0.000000,0.467762,1.918165,,,0.000000,0.008488,0.008488,7,7,0,79.186450,79.186450,79.186450,79.186450,120.000000,0.000000,119.947368,0.660177,0.000000,20,,,,,,,,,
online-boutique,online-boutique-longmix-stageA-scale20-replica3-markov-steps200-20260612T140708Z,idyn-ob-scale20-replica3,scale20,replica3,adservice=3;cartservice=3;checkoutservice=3;currencyservice=3;emailservice=3;frontend=3;paymentservice=3;productcatalogservice=3;recommendationservice=3;redis-cart=1;shippingservice=3,markov,stageA,cga,CGA,12,12.000,replay,mixed,0.990899,0.051120,7,1.440440,0.000000,0.467762,1.918165,,,0.000000,0.008488,0.008488,7,7,0,72.503942,72.503942,72.503942,72.503942,120.000000,0.000000,119.947368,0.604465,0.000000,20,,,,,,,,,
online-boutique,online-boutique-longmix-stageA-scale20-replica3-markov-steps200-20260612T140708Z,idyn-ob-scale20-replica3,scale20,replica3,adservice=3;cartservice=3;checkoutservice=3;currencyservice=3;emailservice=3;frontend=3;paymentservice=3;productcatalogservice=3;recommendationservice=3;redis-cart=1;shippingservice=3,markov,stageA,hda,HDA,12,12.000,replay,mixed,0.990899,0.051120,7,1.440440,0.000000,0.467762,1.918165,,,0.000000,0.008488,0.008488,7,7,0,71.021669,71.021669,71.021669,71.021669,120.000000,0.000000,119.947368,0.592107,0.000000,20,,,,,,,,,
online-boutique,online-boutique-longmix-stageA-scale20-replica3-markov-steps200-20260612T140708Z,idyn-ob-scale20-replica3,scale20,replica3,adservice=3;cartservice=3;checkoutservice=3;currencyservice=3;emailservice=3;frontend=3;paymentservice=3;productcatalogservice=3;recommendationservice=3;redis-cart=1;shippingservice=3,markov,stageA,kubernetes-default,K8s default,13,13.000,replay,mixed,1.050646,0.056867,7,1.440440,0.000000,0.467762,1.918165,,,0.000000,0.008727,0.008727,7,7,0,78.171152,78.171152,78.171152,78.171152,120.000000,0.000000,119.947368,0.651712,0.000000,20,,,,,,,,,
online-boutique,online-boutique-longmix-stageA-scale20-replica3-markov-steps200-20260612T140708Z,idyn-ob-scale20-replica3,scale20,replica3,adservice=3;cartservice=3;checkoutservice=3;currencyservice=3;emailservice=3;frontend=3;paymentservice=3;productcatalogservice=3;recommendationservice=3;redis-cart=1;shippingservice=3,markov,stageA,cga,CGA,13,13.000,replay,mixed,1.050646,0.056867,7,1.440440,0.000000,0.467762,1.918165,,,0.000000,0.008727,0.008727,7,7,0,75.021560,75.021560,75.021560,75.021560,120.000000,0.000000,119.947368,0.625454,0.000000,20,,,,,,,,,
online-boutique,online-boutique-longmix-stageA-scale20-replica3-markov-steps200-20260612T140708Z,idyn-ob-scale20-replica3,scale20,replica3,adservice=3;cartservice=3;checkoutservice=3;currencyservice=3;emailservice=3;frontend=3;paymentservice=3;productcatalogservice=3;recommendationservice=3;redis-cart=1;shippingservice=3,markov,stageA,hda,HDA,13,13.000,replay,mixed,1.050646,0.056867,7,1.440440,0.000000,0.467762,1.918165,,,0.000000,0.008727,0.008727,7,7,0,68.529107,68.529107,68.529107,68.529107,120.000000,0.000000,119.947368,0.571326,0.000000,20,,,,,,,,,
online-boutique,online-boutique-longmix-stageA-scale20-replica3-markov-steps200-20260612T140708Z,idyn-ob-scale20-replica3,scale20,replica3,adservice=3;cartservice=3;checkoutservice=3;currencyservice=3;emailservice=3;frontend=3;paymentservice=3;productcatalogservice=3;recommendationservice=3;redis-cart=1;shippingservice=3,markov,stageA,kubernetes-default,K8s default,14,14.000,replay,mixed,1.063197,0.011806,7,1.440440,0.000000,0.467762,1.918165,,,0.000000,0.008436,0.008436,7,7,0,74.973497,74.973497,74.973497,74.973497,120.000000,0.000000,119.947368,0.625053,0.000000,20,,,,,,,,,
online-boutique,online-boutique-longmix-stageA-scale20-replica3-markov-steps200-20260612T140708Z,idyn-ob-scale20-replica3,scale20,replica3,adservice=3;cartservice=3;checkoutservice=3;currencyservice=3;emailservice=3;frontend=3;paymentservice=3;productcatalogservice=3;recommendationservice=3;redis-cart=1;shippingservice=3,markov,stageA,cga,CGA,14,14.000,replay,mixed,1.063197,0.011806,7,1.440440,0.000000,0.467762,1.918165,,,0.000000,0.008436,0.008436,7,7,0,70.763373,70.763373,70.763373,70.763373,120.000000,0.000000,119.947368,0.589954,0.000000,20,,,,,,,,,
online-boutique,online-boutique-longmix-stageA-scale20-replica3-markov-steps200-20260612T140708Z,idyn-ob-scale20-replica3,scale20,replica3,adservice=3;cartservice=3;checkoutservice=3;currencyservice=3;emailservice=3;frontend=3;paymentservice=3;productcatalogservice=3;recommendationservice=3;redis-cart=1;shippingservice=3,markov,stageA,hda,HDA,14,14.000,replay,mixed,1.063197,0.011806,7,1.440440,0.000000,0.467762,1.918165,,,0.000000,0.008436,0.008436,7,7,0,67.463455,67.463455,67.463455,67.463455,120.000000,0.000000,119.947368,0.562442,0.000000,20,,,,,,,,,
online-boutique,online-boutique-longmix-stageA-scale20-replica3-markov-steps200-20260612T140708Z,idyn-ob-scale20-replica3,scale20,replica3,adservice=3;cartservice=3;checkoutservice=3;currencyservice=3;emailservice=3;frontend=3;paymentservice=3;productcatalogservice=3;recommendationservice=3;redis-cart=1;shippingservice=3,markov,stageA,kubernetes-default,K8s default,15,15.000,replay,mixed,1.000772,0.058714,7,1.440440,0.000000,0.467762,1.918165,,,0.000000,0.011742,0.011742,7,7,0,76.264230,76.264230,76.264230,76.264230,120.000000,0.000000,119.947368,0.635814,0.000000,20,,,,,,,,,
online-boutique,online-boutique-longmix-stageA-scale20-replica3-markov-steps200-20260612T140708Z,idyn-ob-scale20-replica3,scale20,replica3,adservice=3;cartservice=3;checkoutservice=3;currencyservice=3;emailservice=3;frontend=3;paymentservice=3;productcatalogservice=3;recommendationservice=3;redis-cart=1;shippingservice=3,markov,stageA,cga,CGA,15,15.000,replay,mixed,1.000772,0.058714,7,1.440440,0.000000,0.467762,1.918165,,,0.000000,0.011742,0.011742,7,7,0,72.464851,72.464851,72.464851,72.464851,120.000000,0.000000,119.947368,0.604139,0.000000,20,,,,,,,,,
online-boutique,online-boutique-longmix-stageA-scale20-replica3-markov-steps200-20260612T140708Z,idyn-ob-scale20-replica3,scale20,replica3,adservice=3;cartservice=3;checkoutservice=3;currencyservice=3;emailservice=3;frontend=3;paymentservice=3;productcatalogservice=3;recommendationservice=3;redis-cart=1;shippingservice=3,markov,stageA,hda,HDA,15,15.000,replay,mixed,1.000772,0.058714,7,1.440440,0.000000,0.467762,1.918165,,,0.000000,0.011742,0.011742,7,7,0,71.320702,71.320702,71.320702,71.320702,120.000000,0.000000,119.947368,0.594600,0.000000,20,,,,,,,,,
online-boutique,online-boutique-longmix-stageA-scale20-replica3-markov-steps200-20260612T140708Z,idyn-ob-scale20-replica3,scale20,replica3,adservice=3;cartservice=3;checkoutservice=3;currencyservice=3;emailservice=3;frontend=3;paymentservice=3;productcatalogservice=3;recommendationservice=3;redis-cart=1;shippingservice=3,markov,stageA,kubernetes-default,K8s default,16,16.000,replay,mixed,1.001037,0.458142,7,1.525982,0.500000,0.359677,1.100147,,,0.000000,0.008316,0.008316,7,7,0,88.396593,88.396593,88.396593,88.396593,120.000000,0.000000,113.447368,0.779186,0.000000,20,,,,,,,,,
online-boutique,online-boutique-longmix-stageA-scale20-replica3-markov-steps200-20260612T140708Z,idyn-ob-scale20-replica3,scale20,replica3,adservice=3;cartservice=3;checkoutservice=3;currencyservice=3;emailservice=3;frontend=3;paymentservice=3;productcatalogservice=3;recommendationservice=3;redis-cart=1;shippingservice=3,markov,stageA,cga,CGA,16,16.000,replay,mixed,1.001037,0.458142,7,1.525982,0.500000,0.359677,1.100147,,,0.000000,0.008316,0.008316,7,7,0,81.205030,81.205030,81.205030,81.205030,120.000000,0.000000,113.447368,0.715795,0.000000,20,,,,,,,,,
online-boutique,online-boutique-longmix-stageA-scale20-replica3-markov-steps200-20260612T140708Z,idyn-ob-scale20-replica3,scale20,replica3,adservice=3;cartservice=3;checkoutservice=3;currencyservice=3;emailservice=3;frontend=3;paymentservice=3;productcatalogservice=3;recommendationservice=3;redis-cart=1;shippingservice=3,markov,stageA,hda,HDA,16,16.000,replay,mixed,1.001037,0.458142,7,1.525982,0.500000,0.359677,1.100147,,,0.000000,0.008316,0.008316,7,7,0,78.497430,78.497430,78.497430,78.497430,120.000000,0.000000,113.447368,0.691928,0.000000,20,,,,,,,,,
online-boutique,online-boutique-longmix-stageA-scale20-replica3-markov-steps200-20260612T140708Z,idyn-ob-scale20-replica3,scale20,replica3,adservice=3;cartservice=3;checkoutservice=3;currencyservice=3;emailservice=3;frontend=3;paymentservice=3;productcatalogservice=3;recommendationservice=3;redis-cart=1;shippingservice=3,markov,stageA,kubernetes-default,K8s default,17,17.000,replay,mixed,0.980795,0.020220,7,1.525982,0.000000,0.359677,1.100147,,,0.000000,0.008106,0.008106,7,7,0,65.105095,65.105095,65.105095,65.105095,120.000000,0.000000,113.447368,0.573879,0.000000,20,,,,,,,,,
online-boutique,online-boutique-longmix-stageA-scale20-replica3-markov-steps200-20260612T140708Z,idyn-ob-scale20-replica3,scale20,replica3,adservice=3;cartservice=3;checkoutservice=3;currencyservice=3;emailservice=3;frontend=3;paymentservice=3;productcatalogservice=3;recommendationservice=3;redis-cart=1;shippingservice=3,markov,stageA,cga,CGA,17,17.000,replay,mixed,0.980795,0.020220,7,1.525982,0.000000,0.359677,1.100147,,,0.000000,0.008106,0.008106,7,7,0,59.980701,59.980701,59.980701,59.980701,120.000000,0.000000,113.447368,0.528709,0.000000,20,,,,,,,,,
online-boutique,online-boutique-longmix-stageA-scale20-replica3-markov-steps200-20260612T140708Z,idyn-ob-scale20-replica3,scale20,replica3,adservice=3;cartservice=3;checkoutservice=3;currencyservice=3;emailservice=3;frontend=3;paymentservice=3;productcatalogservice=3;recommendationservice=3;redis-cart=1;shippingservice=3,markov,stageA,hda,HDA,17,17.000,replay,mixed,0.980795,0.020220,7,1.525982,0.000000,0.359677,1.100147,,,0.000000,0.008106,0.008106,7,7,0,60.068190,60.068190,60.068190,60.068190,120.000000,0.000000,113.447368,0.529481,0.000000,20,,,,,,,,,
online-boutique,online-boutique-longmix-stageA-scale20-replica3-markov-steps200-20260612T140708Z,idyn-ob-scale20-replica3,scale20,replica3,adservice=3;cartservice=3;checkoutservice=3;currencyservice=3;emailservice=3;frontend=3;paymentservice=3;productcatalogservice=3;recommendationservice=3;redis-cart=1;shippingservice=3,markov,stageA,kubernetes-default,K8s default,18,18.000,replay,mixed,1.008132,0.027116,7,1.525982,0.000000,0.359677,1.100147,,,0.000000,0.008225,0.008225,7,7,0,65.410662,65.410662,65.410662,65.410662,120.000000,0.000000,113.447368,0.576573,0.000000,20,,,,,,,,,
online-boutique,online-boutique-longmix-stageA-scale20-replica3-markov-steps200-20260612T140708Z,idyn-ob-scale20-replica3,scale20,replica3,adservice=3;cartservice=3;checkoutservice=3;currencyservice=3;emailservice=3;frontend=3;paymentservice=3;productcatalogservice=3;recommendationservice=3;redis-cart=1;shippingservice=3,markov,stageA,cga,CGA,18,18.000,replay,mixed,1.008132,0.027116,7,1.525982,0.000000,0.359677,1.100147,,,0.000000,0.008225,0.008225,7,7,0,61.508681,61.508681,61.508681,61.508681,120.000000,0.000000,113.447368,0.542178,0.000000,20,,,,,,,,,
online-boutique,online-boutique-longmix-stageA-scale20-replica3-markov-steps200-20260612T140708Z,idyn-ob-scale20-replica3,scale20,replica3,adservice=3;cartservice=3;checkoutservice=3;currencyservice=3;emailservice=3;frontend=3;paymentservice=3;productcatalogservice=3;recommendationservice=3;redis-cart=1;shippingservice=3,markov,stageA,hda,HDA,18,18.000,replay,mixed,1.008132,0.027116,7,1.525982,0.000000,0.359677,1.100147,,,0.000000,0.008225,0.008225,7,7,0,57.852475,57.852475,57.852475,57.852475,120.000000,0.000000,113.447368,0.509950,0.000000,20,,,,,,,,,
online-boutique,online-boutique-longmix-stageA-scale20-replica3-markov-steps200-20260612T140708Z,idyn-ob-scale20-replica3,scale20,replica3,adservice=3;cartservice=3;checkoutservice=3;currencyservice=3;emailservice=3;frontend=3;paymentservice=3;productcatalogservice=3;recommendationservice=3;redis-cart=1;shippingservice=3,markov,stageA,kubernetes-default,K8s default,19,19.000,replay,mixed,1.007043,0.001080,7,1.525982,0.000000,0.359677,1.100147,,,0.000000,0.007965,0.007965,7,7,0,68.461839,68.461839,68.461839,68.461839,120.000000,0.000000,113.447368,0.603468,0.000000,20,,,,,,,,,
online-boutique,online-boutique-longmix-stageA-scale20-replica3-markov-steps200-20260612T140708Z,idyn-ob-scale20-replica3,scale20,replica3,adservice=3;cartservice=3;checkoutservice=3;currencyservice=3;emailservice=3;frontend=3;paymentservice=3;productcatalogservice=3;recommendationservice=3;redis-cart=1;shippingservice=3,markov,stageA,cga,CGA,19,19.000,replay,mixed,1.007043,0.001080,7,1.525982,0.000000,0.359677,1.100147,,,0.000000,0.007965,0.007965,7,7,0,59.908420,59.908420,59.908420,59.908420,120.000000,0.000000,113.447368,0.528072,0.000000,20,,,,,,,,,
online-boutique,online-boutique-longmix-stageA-scale20-replica3-markov-steps200-20260612T140708Z,idyn-ob-scale20-replica3,scale20,replica3,adservice=3;cartservice=3;checkoutservice=3;currencyservice=3;emailservice=3;frontend=3;paymentservice=3;productcatalogservice=3;recommendationservice=3;redis-cart=1;shippingservice=3,markov,stageA,hda,HDA,19,19.000,replay,mixed,1.007043,0.001080,7,1.525982,0.000000,0.359677,1.100147,,,0.000000,0.007965,0.007965,7,7,0,60.256298,60.256298,60.256298,60.256298,120.000000,0.000000,113.447368,0.531139,0.000000,20,,,,,,,,,
online-boutique,online-boutique-longmix-stageA-scale20-replica3-markov-steps200-20260612T140708Z,idyn-ob-scale20-replica3,scale20,replica3,adservice=3;cartservice=3;checkoutservice=3;currencyservice=3;emailservice=3;frontend=3;paymentservice=3;productcatalogservice=3;recommendationservice=3;redis-cart=1;shippingservice=3,markov,stageA,kubernetes-default,K8s default,20,20.000,replay,mixed,1.035818,0.027780,7,1.525982,0.000000,0.359677,1.100147,,,0.000000,0.008366,0.008366,7,7,0,62.776405,62.776405,62.776405,62.776405,120.000000,0.000000,113.447368,0.553353,0.000000,20,,,,,,,,,
online-boutique,online-boutique-longmix-stageA-scale20-replica3-markov-steps200-20260612T140708Z,idyn-ob-scale20-replica3,scale20,replica3,adservice=3;cartservice=3;checkoutservice=3;currencyservice=3;emailservice=3;frontend=3;paymentservice=3;productcatalogservice=3;recommendationservice=3;redis-cart=1;shippingservice=3,markov,stageA,cga,CGA,20,20.000,replay,mixed,1.035818,0.027780,7,1.525982,0.000000,0.359677,1.100147,,,0.000000,0.008366,0.008366,7,7,0,64.317520,64.317520,64.317520,64.317520,120.000000,0.000000,113.447368,0.566937,0.000000,20,,,,,,,,,
online-boutique,online-boutique-longmix-stageA-scale20-replica3-markov-steps200-20260612T140708Z,idyn-ob-scale20-replica3,scale20,replica3,adservice=3;cartservice=3;checkoutservice=3;currencyservice=3;emailservice=3;frontend=3;paymentservice=3;productcatalogservice=3;recommendationservice=3;redis-cart=1;shippingservice=3,markov,stageA,hda,HDA,20,20.000,replay,mixed,1.035818,0.027780,7,1.525982,0.000000,0.359677,1.100147,,,0.000000,0.008366,0.008366,7,7,0,62.991587,62.991587,62.991587,62.991587,120.000000,0.000000,113.447368,0.555249,0.000000,20,,,,,,,,,
online-boutique,online-boutique-longmix-stageA-scale20-replica3-markov-steps200-20260612T140708Z,idyn-ob-scale20-replica3,scale20,replica3,adservice=3;cartservice=3;checkoutservice=3;currencyservice=3;emailservice=3;frontend=3;paymentservice=3;productcatalogservice=3;recommendationservice=3;redis-cart=1;shippingservice=3,markov,stageA,kubernetes-default,K8s default,21,21.000,replay,mixed,1.083009,0.043574,7,1.525982,0.000000,0.359677,1.100147,,,0.000000,0.007935,0.007935,7,7,0,65.518436,65.518436,65.518436,65.518436,120.000000,0.000000,113.447368,0.577523,0.000000,20,,,,,,,,,
online-boutique,online-boutique-longmix-stageA-scale20-replica3-markov-steps200-20260612T140708Z,idyn-ob-scale20-replica3,scale20,replica3,adservice=3;cartservice=3;checkoutservice=3;currencyservice=3;emailservice=3;frontend=3;paymentservice=3;productcatalogservice=3;recommendationservice=3;redis-cart=1;shippingservice=3,markov,stageA,cga,CGA,21,21.000,replay,mixed,1.083009,0.043574,7,1.525982,0.000000,0.359677,1.100147,,,0.000000,0.007935,0.007935,7,7,0,62.735883,62.735883,62.735883,62.735883,120.000000,0.000000,113.447368,0.552995,0.000000,20,,,,,,,,,
online-boutique,online-boutique-longmix-stageA-scale20-replica3-markov-steps200-20260612T140708Z,idyn-ob-scale20-replica3,scale20,replica3,adservice=3;cartservice=3;checkoutservice=3;currencyservice=3;emailservice=3;frontend=3;paymentservice=3;productcatalogservice=3;recommendationservice=3;redis-cart=1;shippingservice=3,markov,stageA,hda,HDA,21,21.000,replay,mixed,1.083009,0.043574,7,1.525982,0.000000,0.359677,1.100147,,,0.000000,0.007935,0.007935,7,7,0,57.299883,57.299883,57.299883,57.299883,120.000000,0.000000,113.447368,0.505079,0.000000,20,,,,,,,,,
online-boutique,online-boutique-longmix-stageA-scale20-replica3-markov-steps200-20260612T140708Z,idyn-ob-scale20-replica3,scale20,replica3,adservice=3;cartservice=3;checkoutservice=3;currencyservice=3;emailservice=3;frontend=3;paymentservice=3;productcatalogservice=3;recommendationservice=3;redis-cart=1;shippingservice=3,markov,stageA,kubernetes-default,K8s default,22,22.000,replay,mixed,1.015993,0.061879,7,1.525982,0.000000,0.359677,1.100147,,,0.000000,0.011602,0.011602,7,7,0,72.366375,72.366375,72.366375,72.366375,120.000000,0.000000,113.447368,0.637885,0.000000,20,,,,,,,,,
online-boutique,online-boutique-longmix-stageA-scale20-replica3-markov-steps200-20260612T140708Z,idyn-ob-scale20-replica3,scale20,replica3,adservice=3;cartservice=3;checkoutservice=3;currencyservice=3;emailservice=3;frontend=3;paymentservice=3;productcatalogservice=3;recommendationservice=3;redis-cart=1;shippingservice=3,markov,stageA,cga,CGA,22,22.000,replay,mixed,1.015993,0.061879,7,1.525982,0.000000,0.359677,1.100147,,,0.000000,0.011602,0.011602,7,7,0,60.998750,60.998750,60.998750,60.998750,120.000000,0.000000,113.447368,0.537683,0.000000,20,,,,,,,,,
online-boutique,online-boutique-longmix-stageA-scale20-replica3-markov-steps200-20260612T140708Z,idyn-ob-scale20-replica3,scale20,replica3,adservice=3;cartservice=3;checkoutservice=3;currencyservice=3;emailservice=3;frontend=3;paymentservice=3;productcatalogservice=3;recommendationservice=3;redis-cart=1;shippingservice=3,markov,stageA,hda,HDA,22,22.000,replay,mixed,1.015993,0.061879,7,1.525982,0.000000,0.359677,1.100147,,,0.000000,0.011602,0.011602,7,7,0,60.250180,60.250180,60.250180,60.250180,120.000000,0.000000,113.447368,0.531085,0.000000,20,,,,,,,,,
online-boutique,online-boutique-longmix-stageA-scale20-replica3-markov-steps200-20260612T140708Z,idyn-ob-scale20-replica3,scale20,replica3,adservice=3;cartservice=3;checkoutservice=3;currencyservice=3;emailservice=3;frontend=3;paymentservice=3;productcatalogservice=3;recommendationservice=3;redis-cart=1;shippingservice=3,markov,stageA,kubernetes-default,K8s default,23,23.000,replay,mixed,1.059487,0.041051,7,1.525982,0.000000,0.359677,1.100147,,,0.000000,0.008385,0.008385,7,7,0,65.408449,65.408449,65.408449,65.408449,120.000000,0.000000,113.447368,0.576553,0.000000,20,,,,,,,,,
online-boutique,online-boutique-longmix-stageA-scale20-replica3-markov-steps200-20260612T140708Z,idyn-ob-scale20-replica3,scale20,replica3,adservice=3;cartservice=3;checkoutservice=3;currencyservice=3;emailservice=3;frontend=3;paymentservice=3;productcatalogservice=3;recommendationservice=3;redis-cart=1;shippingservice=3,markov,stageA,cga,CGA,23,23.000,replay,mixed,1.059487,0.041051,7,1.525982,0.000000,0.359677,1.100147,,,0.000000,0.008385,0.008385,7,7,0,65.301775,65.301775,65.301775,65.301775,120.000000,0.000000,113.447368,0.575613,0.000000,20,,,,,,,,,
online-boutique,online-boutique-longmix-stageA-scale20-replica3-markov-steps200-20260612T140708Z,idyn-ob-scale20-replica3,scale20,replica3,adservice=3;cartservice=3;checkoutservice=3;currencyservice=3;emailservice=3;frontend=3;paymentservice=3;productcatalogservice=3;recommendationservice=3;redis-cart=1;shippingservice=3,markov,stageA,hda,HDA,23,23.000,replay,mixed,1.059487,0.041051,7,1.525982,0.000000,0.359677,1.100147,,,0.000000,0.008385,0.008385,7,7,0,62.238149,62.238149,62.238149,62.238149,120.000000,0.000000,113.447368,0.548608,0.000000,20,,,,,,,,,
online-boutique,online-boutique-longmix-stageA-scale20-replica3-markov-steps200-20260612T140708Z,idyn-ob-scale20-replica3,scale20,replica3,adservice=3;cartservice=3;checkoutservice=3;currencyservice=3;emailservice=3;frontend=3;paymentservice=3;productcatalogservice=3;recommendationservice=3;redis-cart=1;shippingservice=3,markov,stageA,kubernetes-default,K8s default,24,24.000,replay,mixed,1.024033,0.033463,7,1.525982,0.000000,0.359677,1.100147,,,0.000000,0.008185,0.008185,7,7,0,68.939065,68.939065,68.939065,68.939065,120.000000,0.000000,113.447368,0.607674,0.000000,20,,,,,,,,,
online-boutique,online-boutique-longmix-stageA-scale20-replica3-markov-steps200-20260612T140708Z,idyn-ob-scale20-replica3,scale20,replica3,adservice=3;cartservice=3;checkoutservice=3;currencyservice=3;emailservice=3;frontend=3;paymentservice=3;productcatalogservice=3;recommendationservice=3;redis-cart=1;shippingservice=3,markov,stageA,cga,CGA,24,24.000,replay,mixed,1.024033,0.033463,7,1.525982,0.000000,0.359677,1.100147,,,0.000000,0.008185,0.008185,7,7,0,61.439127,61.439127,61.439127,61.439127,120.000000,0.000000,113.447368,0.541565,0.000000,20,,,,,,,,,
online-boutique,online-boutique-longmix-stageA-scale20-replica3-markov-steps200-20260612T140708Z,idyn-ob-scale20-replica3,scale20,replica3,adservice=3;cartservice=3;checkoutservice=3;currencyservice=3;emailservice=3;frontend=3;paymentservice=3;productcatalogservice=3;recommendationservice=3;redis-cart=1;shippingservice=3,markov,stageA,hda,HDA,24,24.000,replay,mixed,1.024033,0.033463,7,1.525982,0.000000,0.359677,1.100147,,,0.000000,0.008185,0.008185,7,7,0,59.457256,59.457256,59.457256,59.457256,120.000000,0.000000,113.447368,0.524096,0.000000,20,,,,,,,,,
online-boutique,online-boutique-longmix-stageA-scale20-replica3-markov-steps200-20260612T140708Z,idyn-ob-scale20-replica3,scale20,replica3,adservice=3;cartservice=3;checkoutservice=3;currencyservice=3;emailservice=3;frontend=3;paymentservice=3;productcatalogservice=3;recommendationservice=3;redis-cart=1;shippingservice=3,markov,stageA,kubernetes-default,K8s default,25,25.000,replay,mixed,1.023457,0.818676,14,1.525982,1.000000,0.344308,0.539631,,,0.000000,0.008726,0.008726,11,14,0,163.489087,163.489087,163.489087,163.489087,120.000000,0.000000,191.447368,0.853964,0.000000,20,,,,,,,,,
online-boutique,online-boutique-longmix-stageA-scale20-replica3-markov-steps200-20260612T140708Z,idyn-ob-scale20-replica3,scale20,replica3,adservice=3;cartservice=3;checkoutservice=3;currencyservice=3;emailservice=3;frontend=3;paymentservice=3;productcatalogservice=3;recommendationservice=3;redis-cart=1;shippingservice=3,markov,stageA,cga,CGA,25,25.000,replay,mixed,1.023457,0.818676,14,1.525982,1.000000,0.344308,0.539631,,,0.000000,0.008726,0.008726,11,14,0,151.133803,151.133803,151.133803,151.133803,120.000000,0.000000,191.447368,0.789427,0.000000,20,,,,,,,,,
online-boutique,online-boutique-longmix-stageA-scale20-replica3-markov-steps200-20260612T140708Z,idyn-ob-scale20-replica3,scale20,replica3,adservice=3;cartservice=3;checkoutservice=3;currencyservice=3;emailservice=3;frontend=3;paymentservice=3;productcatalogservice=3;recommendationservice=3;redis-cart=1;shippingservice=3,markov,stageA,hda,HDA,25,25.000,replay,mixed,1.023457,0.818676,14,1.525982,1.000000,0.344308,0.539631,,,0.000000,0.008726,0.008726,11,14,0,150.609814,150.609814,150.609814,150.609814,120.000000,0.000000,191.447368,0.786690,0.000000,20,,,,,,,,,
online-boutique,online-boutique-longmix-stageA-scale20-replica3-markov-steps200-20260612T140708Z,idyn-ob-scale20-replica3,scale20,replica3,adservice=3;cartservice=3;checkoutservice=3;currencyservice=3;emailservice=3;frontend=3;paymentservice=3;productcatalogservice=3;recommendationservice=3;redis-cart=1;shippingservice=3,markov,stageA,kubernetes-default,K8s default,26,26.000,replay,mixed,1.012655,0.010555,14,1.525982,0.000000,0.344308,0.539631,,,0.000000,0.008756,0.008756,11,14,0,125.464522,125.464522,125.464522,125.464522,120.000000,0.000000,191.447368,0.655347,0.000000,20,,,,,,,,,
online-boutique,online-boutique-longmix-stageA-scale20-replica3-markov-steps200-20260612T140708Z,idyn-ob-scale20-replica3,scale20,replica3,adservice=3;cartservice=3;checkoutservice=3;currencyservice=3;emailservice=3;frontend=3;paymentservice=3;productcatalogservice=3;recommendationservice=3;redis-cart=1;shippingservice=3,markov,stageA,cga,CGA,26,26.000,replay,mixed,1.012655,0.010555,14,1.525982,0.000000,0.344308,0.539631,,,0.000000,0.008756,0.008756,11,14,0,116.461619,116.461619,116.461619,116.461619,120.000000,0.000000,191.447368,0.608322,0.000000,20,,,,,,,,,
online-boutique,online-boutique-longmix-stageA-scale20-replica3-markov-steps200-20260612T140708Z,idyn-ob-scale20-replica3,scale20,replica3,adservice=3;cartservice=3;checkoutservice=3;currencyservice=3;emailservice=3;frontend=3;paymentservice=3;productcatalogservice=3;recommendationservice=3;redis-cart=1;shippingservice=3,markov,stageA,hda,HDA,26,26.000,replay,mixed,1.012655,0.010555,14,1.525982,0.000000,0.344308,0.539631,,,0.000000,0.008756,0.008756,11,14,0,112.153050,112.153050,112.153050,112.153050,120.000000,0.000000,191.447368,0.585817,0.000000,20,,,,,,,,,
online-boutique,online-boutique-longmix-stageA-scale20-replica3-markov-steps200-20260612T140708Z,idyn-ob-scale20-replica3,scale20,replica3,adservice=3;cartservice=3;checkoutservice=3;currencyservice=3;emailservice=3;frontend=3;paymentservice=3;productcatalogservice=3;recommendationservice=3;redis-cart=1;shippingservice=3,markov,stageA,kubernetes-default,K8s default,27,27.000,replay,mixed,1.074335,0.057413,14,1.525982,0.000000,0.344308,0.539631,,,0.000000,0.008966,0.008966,11,14,0,128.719263,128.719263,128.719263,128.719263,120.000000,0.000000,191.447368,0.672348,0.000000,20,,,,,,,,,
online-boutique,online-boutique-longmix-stageA-scale20-replica3-markov-steps200-20260612T140708Z,idyn-ob-scale20-replica3,scale20,replica3,adservice=3;cartservice=3;checkoutservice=3;currencyservice=3;emailservice=3;frontend=3;paymentservice=3;productcatalogservice=3;recommendationservice=3;redis-cart=1;shippingservice=3,markov,stageA,cga,CGA,27,27.000,replay,mixed,1.074335,0.057413,14,1.525982,0.000000,0.344308,0.539631,,,0.000000,0.008966,0.008966,11,14,0,125.078960,125.078960,125.078960,125.078960,120.000000,0.000000,191.447368,0.653333,0.000000,20,,,,,,,,,
online-boutique,online-boutique-longmix-stageA-scale20-replica3-markov-steps200-20260612T140708Z,idyn-ob-scale20-replica3,scale20,replica3,adservice=3;cartservice=3;checkoutservice=3;currencyservice=3;emailservice=3;frontend=3;paymentservice=3;productcatalogservice=3;recommendationservice=3;redis-cart=1;shippingservice=3,markov,stageA,hda,HDA,27,27.000,replay,mixed,1.074335,0.057413,14,1.525982,0.000000,0.344308,0.539631,,,0.000000,0.008966,0.008966,11,14,0,122.639458,122.639458,122.639458,122.639458,120.000000,0.000000,191.447368,0.640591,0.000000,20,,,,,,,,,
online-boutique,online-boutique-longmix-stageA-scale20-replica3-markov-steps200-20260612T140708Z,idyn-ob-scale20-replica3,scale20,replica3,adservice=3;cartservice=3;checkoutservice=3;currencyservice=3;emailservice=3;frontend=3;paymentservice=3;productcatalogservice=3;recommendationservice=3;redis-cart=1;shippingservice=3,markov,stageA,kubernetes-default,K8s default,28,28.000,replay,mixed,1.086735,0.011410,14,1.525982,0.000000,0.344308,0.539631,,,0.000000,0.008866,0.008866,11,14,0,133.003166,133.003166,133.003166,133.003166,120.000000,0.000000,191.447368,0.694724,0.000000,20,,,,,,,,,
online-boutique,online-boutique-longmix-stageA-scale20-replica3-markov-steps200-20260612T140708Z,idyn-ob-scale20-replica3,scale20,replica3,adservice=3;cartservice=3;checkoutservice=3;currencyservice=3;emailservice=3;frontend=3;paymentservice=3;productcatalogservice=3;recommendationservice=3;redis-cart=1;shippingservice=3,markov,stageA,cga,CGA,28,28.000,replay,mixed,1.086735,0.011410,14,1.525982,0.000000,0.344308,0.539631,,,0.000000,0.008866,0.008866,11,14,0,123.968871,123.968871,123.968871,123.968871,120.000000,0.000000,191.447368,0.647535,0.000000,20,,,,,,,,,
online-boutique,online-boutique-longmix-stageA-scale20-replica3-markov-steps200-20260612T140708Z,idyn-ob-scale20-replica3,scale20,replica3,adservice=3;cartservice=3;checkoutservice=3;currencyservice=3;emailservice=3;frontend=3;paymentservice=3;productcatalogservice=3;recommendationservice=3;redis-cart=1;shippingservice=3,markov,stageA,hda,HDA,28,28.000,replay,mixed,1.086735,0.011410,14,1.525982,0.000000,0.344308,0.539631,,,0.000000,0.008866,0.008866,11,14,0,117.522087,117.522087,117.522087,117.522087,120.000000,0.000000,191.447368,0.613861,0.000000,20,,,,,,,,,
online-boutique,online-boutique-longmix-stageA-scale20-replica3-markov-steps200-20260612T140708Z,idyn-ob-scale20-replica3,scale20,replica3,adservice=3;cartservice=3;checkoutservice=3;currencyservice=3;emailservice=3;frontend=3;paymentservice=3;productcatalogservice=3;recommendationservice=3;redis-cart=1;shippingservice=3,markov,stageA,kubernetes-default,K8s default,29,29.000,replay,mixed,1.012138,0.745525,7,1.440440,0.800000,0.418771,0.479206,,,0.000000,0.012193,0.012193,7,7,0,127.155961,127.155961,127.155961,127.155961,120.000000,0.000000,145.947368,0.871245,0.000000,20,,,,,,,,,
online-boutique,online-boutique-longmix-stageA-scale20-replica3-markov-steps200-20260612T140708Z,idyn-ob-scale20-replica3,scale20,replica3,adservice=3;cartservice=3;checkoutservice=3;currencyservice=3;emailservice=3;frontend=3;paymentservice=3;productcatalogservice=3;recommendationservice=3;redis-cart=1;shippingservice=3,markov,stageA,cga,CGA,29,29.000,replay,mixed,1.012138,0.745525,7,1.440440,0.800000,0.418771,0.479206,,,0.000000,0.012193,0.012193,7,7,0,114.168480,114.168480,114.168480,114.168480,120.000000,0.000000,145.947368,0.782258,0.000000,20,,,,,,,,,
online-boutique,online-boutique-longmix-stageA-scale20-replica3-markov-steps200-20260612T140708Z,idyn-ob-scale20-replica3,scale20,replica3,adservice=3;cartservice=3;checkoutservice=3;currencyservice=3;emailservice=3;frontend=3;paymentservice=3;productcatalogservice=3;recommendationservice=3;redis-cart=1;shippingservice=3,markov,stageA,hda,HDA,29,29.000,replay,mixed,1.012138,0.745525,7,1.440440,0.800000,0.418771,0.479206,,,0.000000,0.012193,0.012193,7,7,0,111.948123,111.948123,111.948123,111.948123,120.000000,0.000000,145.947368,0.767044,0.000000,20,,,,,,,,,
online-boutique,online-boutique-longmix-stageA-scale20-replica3-markov-steps200-20260612T140708Z,idyn-ob-scale20-replica3,scale20,replica3,adservice=3;cartservice=3;checkoutservice=3;currencyservice=3;emailservice=3;frontend=3;paymentservice=3;productcatalogservice=3;recommendationservice=3;redis-cart=1;shippingservice=3,markov,stageA,kubernetes-default,K8s default,30,30.000,replay,mixed,1.061234,0.046263,7,1.440440,0.000000,0.418771,0.479206,,,0.000000,0.008416,0.008416,7,7,0,96.251310,96.251310,96.251310,96.251310,120.000000,0.000000,145.947368,0.659493,0.000000,20,,,,,,,,,
online-boutique,online-boutique-longmix-stageA-scale20-replica3-markov-steps200-20260612T140708Z,idyn-ob-scale20-replica3,scale20,replica3,adservice=3;cartservice=3;checkoutservice=3;currencyservice=3;emailservice=3;frontend=3;paymentservice=3;productcatalogservice=3;recommendationservice=3;redis-cart=1;shippingservice=3,markov,stageA,cga,CGA,30,30.000,replay,mixed,1.061234,0.046263,7,1.440440,0.000000,0.418771,0.479206,,,0.000000,0.008416,0.008416,7,7,0,87.258604,87.258604,87.258604,87.258604,120.000000,0.000000,145.947368,0.597877,0.000000,20,,,,,,,,,
online-boutique,online-boutique-longmix-stageA-scale20-replica3-markov-steps200-20260612T140708Z,idyn-ob-scale20-replica3,scale20,replica3,adservice=3;cartservice=3;checkoutservice=3;currencyservice=3;emailservice=3;frontend=3;paymentservice=3;productcatalogservice=3;recommendationservice=3;redis-cart=1;shippingservice=3,markov,stageA,hda,HDA,30,30.000,replay,mixed,1.061234,0.046263,7,1.440440,0.000000,0.418771,0.479206,,,0.000000,0.008416,0.008416,7,7,0,88.209116,88.209116,88.209116,88.209116,120.000000,0.000000,145.947368,0.604390,0.000000,20,,,,,,,,,
online-boutique,online-boutique-longmix-stageA-scale20-replica3-markov-steps200-20260612T140708Z,idyn-ob-scale20-replica3,scale20,replica3,adservice=3;cartservice=3;checkoutservice=3;currencyservice=3;emailservice=3;frontend=3;paymentservice=3;productcatalogservice=3;recommendationservice=3;redis-cart=1;shippingservice=3,markov,stageA,kubernetes-default,K8s default,31,31.000,replay,mixed,1.060629,0.000570,7,1.440440,0.000000,0.418771,0.479206,,,0.000000,0.012052,0.012052,7,7,0,94.508340,94.508340,94.508340,94.508340,120.000000,0.000000,145.947368,0.647551,0.000000,20,,,,,,,,,
online-boutique,online-boutique-longmix-stageA-scale20-replica3-markov-steps200-20260612T140708Z,idyn-ob-scale20-replica3,scale20,replica3,adservice=3;cartservice=3;checkoutservice=3;currencyservice=3;emailservice=3;frontend=3;paymentservice=3;productcatalogservice=3;recommendationservice=3;redis-cart=1;shippingservice=3,markov,stageA,cga,CGA,31,31.000,replay,mixed,1.060629,0.000570,7,1.440440,0.000000,0.418771,0.479206,,,0.000000,0.012052,0.012052,7,7,0,91.053527,91.053527,91.053527,91.053527,120.000000,0.000000,145.947368,0.623879,0.000000,20,,,,,,,,,
online-boutique,online-boutique-longmix-stageA-scale20-replica3-markov-steps200-20260612T140708Z,idyn-ob-scale20-replica3,scale20,replica3,adservice=3;cartservice=3;checkoutservice=3;currencyservice=3;emailservice=3;frontend=3;paymentservice=3;productcatalogservice=3;recommendationservice=3;redis-cart=1;shippingservice=3,markov,stageA,hda,HDA,31,31.000,replay,mixed,1.060629,0.000570,7,1.440440,0.000000,0.418771,0.479206,,,0.000000,0.012052,0.012052,7,7,0,84.856395,84.856395,84.856395,84.856395,120.000000,0.000000,145.947368,0.581418,0.000000,20,,,,,,,,,
online-boutique,online-boutique-longmix-stageA-scale20-replica3-markov-steps200-20260612T140708Z,idyn-ob-scale20-replica3,scale20,replica3,adservice=3;cartservice=3;checkoutservice=3;currencyservice=3;emailservice=3;frontend=3;paymentservice=3;productcatalogservice=3;recommendationservice=3;redis-cart=1;shippingservice=3,markov,stageA,kubernetes-default,K8s default,32,32.000,replay,mixed,1.057490,0.002959,7,1.440440,0.000000,0.418771,0.479206,,,0.000000,0.008636,0.008636,7,7,0,97.446358,97.446358,97.446358,97.446358,120.000000,0.000000,145.947368,0.667682,0.000000,20,,,,,,,,,
online-boutique,online-boutique-longmix-stageA-scale20-replica3-markov-steps200-20260612T140708Z,idyn-ob-scale20-replica3,scale20,replica3,adservice=3;cartservice=3;checkoutservice=3;currencyservice=3;emailservice=3;frontend=3;paymentservice=3;productcatalogservice=3;recommendationservice=3;redis-cart=1;shippingservice=3,markov,stageA,cga,CGA,32,32.000,replay,mixed,1.057490,0.002959,7,1.440440,0.000000,0.418771,0.479206,,,0.000000,0.008636,0.008636,7,7,0,87.493212,87.493212,87.493212,87.493212,120.000000,0.000000,145.947368,0.599485,0.000000,20,,,,,,,,,
online-boutique,online-boutique-longmix-stageA-scale20-replica3-markov-steps200-20260612T140708Z,idyn-ob-scale20-replica3,scale20,replica3,adservice=3;cartservice=3;checkoutservice=3;currencyservice=3;emailservice=3;frontend=3;paymentservice=3;productcatalogservice=3;recommendationservice=3;redis-cart=1;shippingservice=3,markov,stageA,hda,HDA,32,32.000,replay,mixed,1.057490,0.002959,7,1.440440,0.000000,0.418771,0.479206,,,0.000000,0.008636,0.008636,7,7,0,88.616864,88.616864,88.616864,88.616864,120.000000,0.000000,145.947368,0.607184,0.000000,20,,,,,,,,,
online-boutique,online-boutique-longmix-stageA-scale20-replica3-markov-steps200-20260612T140708Z,idyn-ob-scale20-replica3,scale20,replica3,adservice=3;cartservice=3;checkoutservice=3;currencyservice=3;emailservice=3;frontend=3;paymentservice=3;productcatalogservice=3;recommendationservice=3;redis-cart=1;shippingservice=3,markov,stageA,kubernetes-default,K8s default,33,33.000,replay,mixed,1.025878,0.748972,14,1.525982,0.800000,0.344308,0.539631,,,0.000000,0.008686,0.008686,11,14,0,163.318447,163.318447,163.318447,163.318447,120.000000,0.000000,191.447368,0.853072,0.000000,20,,,,,,,,,
online-boutique,online-boutique-longmix-stageA-scale20-replica3-markov-steps200-20260612T140708Z,idyn-ob-scale20-replica3,scale20,replica3,adservice=3;cartservice=3;checkoutservice=3;currencyservice=3;emailservice=3;frontend=3;paymentservice=3;productcatalogservice=3;recommendationservice=3;redis-cart=1;shippingservice=3,markov,stageA,cga,CGA,33,33.000,replay,mixed,1.025878,0.748972,14,1.525982,0.800000,0.344308,0.539631,,,0.000000,0.008686,0.008686,11,14,0,151.597022,151.597022,151.597022,151.597022,120.000000,0.000000,191.447368,0.791847,0.000000,20,,,,,,,,,
online-boutique,online-boutique-longmix-stageA-scale20-replica3-markov-steps200-20260612T140708Z,idyn-ob-scale20-replica3,scale20,replica3,adservice=3;cartservice=3;checkoutservice=3;currencyservice=3;emailservice=3;frontend=3;paymentservice=3;productcatalogservice=3;recommendationservice=3;redis-cart=1;shippingservice=3,markov,stageA,hda,HDA,33,33.000,replay,mixed,1.025878,0.748972,14,1.525982,0.800000,0.344308,0.539631,,,0.000000,0.008686,0.008686,11,14,0,144.054455,144.054455,144.054455,144.054455,120.000000,0.000000,191.447368,0.752449,0.000000,20,,,,,,,,,
online-boutique,online-boutique-longmix-stageA-scale20-replica3-markov-steps200-20260612T140708Z,idyn-ob-scale20-replica3,scale20,replica3,adservice=3;cartservice=3;checkoutservice=3;currencyservice=3;emailservice=3;frontend=3;paymentservice=3;productcatalogservice=3;recommendationservice=3;redis-cart=1;shippingservice=3,markov,stageA,kubernetes-default,K8s default,34,34.000,replay,mixed,0.997508,0.027654,14,1.525982,0.000000,0.344308,0.539631,,,0.000000,0.008717,0.008717,11,14,0,124.579827,124.579827,124.579827,124.579827,120.000000,0.000000,191.447368,0.650726,0.000000,20,,,,,,,,,
online-boutique,online-boutique-longmix-stageA-scale20-replica3-markov-steps200-20260612T140708Z,idyn-ob-scale20-replica3,scale20,replica3,adservice=3;cartservice=3;checkoutservice=3;currencyservice=3;emailservice=3;frontend=3;paymentservice=3;productcatalogservice=3;recommendationservice=3;redis-cart=1;shippingservice=3,markov,stageA,cga,CGA,34,34.000,replay,mixed,0.997508,0.027654,14,1.525982,0.000000,0.344308,0.539631,,,0.000000,0.008717,0.008717,11,14,0,118.836917,118.836917,118.836917,118.836917,120.000000,0.000000,191.447368,0.620729,0.000000,20,,,,,,,,,
online-boutique,online-boutique-longmix-stageA-scale20-replica3-markov-steps200-20260612T140708Z,idyn-ob-scale20-replica3,scale20,replica3,adservice=3;cartservice=3;checkoutservice=3;currencyservice=3;emailservice=3;frontend=3;paymentservice=3;productcatalogservice=3;recommendationservice=3;redis-cart=1;shippingservice=3,markov,stageA,hda,HDA,34,34.000,replay,mixed,0.997508,0.027654,14,1.525982,0.000000,0.344308,0.539631,,,0.000000,0.008717,0.008717,11,14,0,113.833651,113.833651,113.833651,113.833651,120.000000,0.000000,191.447368,0.594595,0.000000,20,,,,,,,,,
online-boutique,online-boutique-longmix-stageA-scale20-replica3-markov-steps200-20260612T140708Z,idyn-ob-scale20-replica3,scale20,replica3,adservice=3;cartservice=3;checkoutservice=3;currencyservice=3;emailservice=3;frontend=3;paymentservice=3;productcatalogservice=3;recommendationservice=3;redis-cart=1;shippingservice=3,markov,stageA,kubernetes-default,K8s default,35,35.000,replay,mixed,1.056137,0.055513,14,1.525982,0.000000,0.344308,0.539631,,,0.000000,0.009268,0.009268,11,14,0,130.738943,130.738943,130.738943,130.738943,120.000000,0.000000,191.447368,0.682898,0.000000,20,,,,,,,,,
online-boutique,online-boutique-longmix-stageA-scale20-replica3-markov-steps200-20260612T140708Z,idyn-ob-scale20-replica3,scale20,replica3,adservice=3;cartservice=3;checkoutservice=3;currencyservice=3;emailservice=3;frontend=3;paymentservice=3;productcatalogservice=3;recommendationservice=3;redis-cart=1;shippingservice=3,markov,stageA,cga,CGA,35,35.000,replay,mixed,1.056137,0.055513,14,1.525982,0.000000,0.344308,0.539631,,,0.000000,0.009268,0.009268,11,14,0,124.022146,124.022146,124.022146,124.022146,120.000000,0.000000,191.447368,0.647813,0.000000,20,,,,,,,,,
online-boutique,online-boutique-longmix-stageA-scale20-replica3-markov-steps200-20260612T140708Z,idyn-ob-scale20-replica3,scale20,replica3,adservice=3;cartservice=3;checkoutservice=3;currencyservice=3;emailservice=3;frontend=3;paymentservice=3;productcatalogservice=3;recommendationservice=3;redis-cart=1;shippingservice=3,markov,stageA,hda,HDA,35,35.000,replay,mixed,1.056137,0.055513,14,1.525982,0.000000,0.344308,0.539631,,,0.000000,0.009268,0.009268,11,14,0,119.204710,119.204710,119.204710,119.204710,120.000000,0.000000,191.447368,0.622650,0.000000,20,,,,,,,,,
online-boutique,online-boutique-longmix-stageA-scale20-replica3-markov-steps200-20260612T140708Z,idyn-ob-scale20-replica3,scale20,replica3,adservice=3;cartservice=3;checkoutservice=3;currencyservice=3;emailservice=3;frontend=3;paymentservice=3;productcatalogservice=3;recommendationservice=3;redis-cart=1;shippingservice=3,markov,stageA,kubernetes-default,K8s default,36,36.000,replay,mixed,1.029894,0.024848,14,1.525982,0.000000,0.344308,0.539631,,,0.000000,0.009037,0.009037,11,14,0,124.780360,124.780360,124.780360,124.780360,120.000000,0.000000,191.447368,0.651774,0.000000,20,,,,,,,,,
online-boutique,online-boutique-longmix-stageA-scale20-replica3-markov-steps200-20260612T140708Z,idyn-ob-scale20-replica3,scale20,replica3,adservice=3;cartservice=3;checkoutservice=3;currencyservice=3;emailservice=3;frontend=3;paymentservice=3;productcatalogservice=3;recommendationservice=3;redis-cart=1;shippingservice=3,markov,stageA,cga,CGA,36,36.000,replay,mixed,1.029894,0.024848,14,1.525982,0.000000,0.344308,0.539631,,,0.000000,0.009037,0.009037,11,14,0,119.596582,119.596582,119.596582,119.596582,120.000000,0.000000,191.447368,0.624697,0.000000,20,,,,,,,,,
online-boutique,online-boutique-longmix-stageA-scale20-replica3-markov-steps200-20260612T140708Z,idyn-ob-scale20-replica3,scale20,replica3,adservice=3;cartservice=3;checkoutservice=3;currencyservice=3;emailservice=3;frontend=3;paymentservice=3;productcatalogservice=3;recommendationservice=3;redis-cart=1;shippingservice=3,markov,stageA,hda,HDA,36,36.000,replay,mixed,1.029894,0.024848,14,1.525982,0.000000,0.344308,0.539631,,,0.000000,0.009037,0.009037,11,14,0,114.032299,114.032299,114.032299,114.032299,120.000000,0.000000,191.447368,0.595633,0.000000,20,,,,,,,,,
online-boutique,online-boutique-longmix-stageA-scale20-replica3-markov-steps200-20260612T140708Z,idyn-ob-scale20-replica3,scale20,replica3,adservice=3;cartservice=3;checkoutservice=3;currencyservice=3;emailservice=3;frontend=3;paymentservice=3;productcatalogservice=3;recommendationservice=3;redis-cart=1;shippingservice=3,markov,stageA,kubernetes-default,K8s default,37,37.000,replay,mixed,1.023170,0.006529,14,1.525982,0.000000,0.344308,0.539631,,,0.000000,0.008877,0.008877,11,14,0,127.609007,127.609007,127.609007,127.609007,120.000000,0.000000,191.447368,0.666549,0.000000,20,,,,,,,,,
online-boutique,online-boutique-longmix-stageA-scale20-replica3-markov-steps200-20260612T140708Z,idyn-ob-scale20-replica3,scale20,replica3,adservice=3;cartservice=3;checkoutservice=3;currencyservice=3;emailservice=3;frontend=3;paymentservice=3;productcatalogservice=3;recommendationservice=3;redis-cart=1;shippingservice=3,markov,stageA,cga,CGA,37,37.000,replay,mixed,1.023170,0.006529,14,1.525982,0.000000,0.344308,0.539631,,,0.000000,0.008877,0.008877,11,14,0,121.337443,121.337443,121.337443,121.337443,120.000000,0.000000,191.447368,0.633790,0.000000,20,,,,,,,,,
online-boutique,online-boutique-longmix-stageA-scale20-replica3-markov-steps200-20260612T140708Z,idyn-ob-scale20-replica3,scale20,replica3,adservice=3;cartservice=3;checkoutservice=3;currencyservice=3;emailservice=3;frontend=3;paymentservice=3;productcatalogservice=3;recommendationservice=3;redis-cart=1;shippingservice=3,markov,stageA,hda,HDA,37,37.000,replay,mixed,1.023170,0.006529,14,1.525982,0.000000,0.344308,0.539631,,,0.000000,0.008877,0.008877,11,14,0,107.160655,107.160655,107.160655,107.160655,120.000000,0.000000,191.447368,0.559740,0.000000,20,,,,,,,,,
online-boutique,online-boutique-longmix-stageA-scale20-replica3-markov-steps200-20260612T140708Z,idyn-ob-scale20-replica3,scale20,replica3,adservice=3;cartservice=3;checkoutservice=3;currencyservice=3;emailservice=3;frontend=3;paymentservice=3;productcatalogservice=3;recommendationservice=3;redis-cart=1;shippingservice=3,markov,stageA,kubernetes-default,K8s default,38,38.000,replay,mixed,1.058062,0.032978,14,1.525982,0.000000,0.344308,0.539631,,,0.000000,0.008696,0.008696,11,14,0,128.834368,128.834368,128.834368,128.834368,120.000000,0.000000,191.447368,0.672949,0.000000,20,,,,,,,,,
online-boutique,online-boutique-longmix-stageA-scale20-replica3-markov-steps200-20260612T140708Z,idyn-ob-scale20-replica3,scale20,replica3,adservice=3;cartservice=3;checkoutservice=3;currencyservice=3;emailservice=3;frontend=3;paymentservice=3;productcatalogservice=3;recommendationservice=3;redis-cart=1;shippingservice=3,markov,stageA,cga,CGA,38,38.000,replay,mixed,1.058062,0.032978,14,1.525982,0.000000,0.344308,0.539631,,,0.000000,0.008696,0.008696,11,14,0,122.237645,122.237645,122.237645,122.237645,120.000000,0.000000,191.447368,0.638492,0.000000,20,,,,,,,,,
online-boutique,online-boutique-longmix-stageA-scale20-replica3-markov-steps200-20260612T140708Z,idyn-ob-scale20-replica3,scale20,replica3,adservice=3;cartservice=3;checkoutservice=3;currencyservice=3;emailservice=3;frontend=3;paymentservice=3;productcatalogservice=3;recommendationservice=3;redis-cart=1;shippingservice=3,markov,stageA,hda,HDA,38,38.000,replay,mixed,1.058062,0.032978,14,1.525982,0.000000,0.344308,0.539631,,,0.000000,0.008696,0.008696,11,14,0,114.286167,114.286167,114.286167,114.286167,120.000000,0.000000,191.447368,0.596959,0.000000,20,,,,,,,,,
online-boutique,online-boutique-longmix-stageA-scale20-replica3-markov-steps200-20260612T140708Z,idyn-ob-scale20-replica3,scale20,replica3,adservice=3;cartservice=3;checkoutservice=3;currencyservice=3;emailservice=3;frontend=3;paymentservice=3;productcatalogservice=3;recommendationservice=3;redis-cart=1;shippingservice=3,markov,stageA,kubernetes-default,K8s default,39,39.000,replay,mixed,0.992452,0.062010,14,1.525982,0.000000,0.344308,0.539631,,,0.000000,0.008576,0.008576,11,14,0,127.475475,127.475475,127.475475,127.475475,120.000000,0.000000,191.447368,0.665851,0.000000,20,,,,,,,,,
online-boutique,online-boutique-longmix-stageA-scale20-replica3-markov-steps200-20260612T140708Z,idyn-ob-scale20-replica3,scale20,replica3,adservice=3;cartservice=3;checkoutservice=3;currencyservice=3;emailservice=3;frontend=3;paymentservice=3;productcatalogservice=3;recommendationservice=3;redis-cart=1;shippingservice=3,markov,stageA,cga,CGA,39,39.000,replay,mixed,0.992452,0.062010,14,1.525982,0.000000,0.344308,0.539631,,,0.000000,0.008576,0.008576,11,14,0,119.263284,119.263284,119.263284,119.263284,120.000000,0.000000,191.447368,0.622956,0.000000,20,,,,,,,,,
online-boutique,online-boutique-longmix-stageA-scale20-replica3-markov-steps200-20260612T140708Z,idyn-ob-scale20-replica3,scale20,replica3,adservice=3;cartservice=3;checkoutservice=3;currencyservice=3;emailservice=3;frontend=3;paymentservice=3;productcatalogservice=3;recommendationservice=3;redis-cart=1;shippingservice=3,markov,stageA,hda,HDA,39,39.000,replay,mixed,0.992452,0.062010,14,1.525982,0.000000,0.344308,0.539631,,,0.000000,0.008576,0.008576,11,14,0,120.694812,120.694812,120.694812,120.694812,120.000000,0.000000,191.447368,0.630433,0.000000,20,,,,,,,,,
online-boutique,online-boutique-longmix-stageA-scale20-replica3-markov-steps200-20260612T140708Z,idyn-ob-scale20-replica3,scale20,replica3,adservice=3;cartservice=3;checkoutservice=3;currencyservice=3;emailservice=3;frontend=3;paymentservice=3;productcatalogservice=3;recommendationservice=3;redis-cart=1;shippingservice=3,markov,stageA,kubernetes-default,K8s default,40,40.000,replay,mixed,0.997786,0.860861,7,1.012248,1.000000,0.347958,0.133792,,,0.000000,0.022442,0.022442,7,7,0,123.321392,123.321392,123.321392,123.321392,120.000000,0.000000,139.447368,0.884358,0.000000,20,,,,,,,,,
online-boutique,online-boutique-longmix-stageA-scale20-replica3-markov-steps200-20260612T140708Z,idyn-ob-scale20-replica3,scale20,replica3,adservice=3;cartservice=3;checkoutservice=3;currencyservice=3;emailservice=3;frontend=3;paymentservice=3;productcatalogservice=3;recommendationservice=3;redis-cart=1;shippingservice=3,markov,stageA,cga,CGA,40,40.000,replay,mixed,0.997786,0.860861,7,1.012248,1.000000,0.347958,0.133792,,,0.000000,0.022442,0.022442,7,7,0,118.020310,118.020310,118.020310,118.020310,120.000000,0.000000,139.447368,0.846343,0.000000,20,,,,,,,,,
online-boutique,online-boutique-longmix-stageA-scale20-replica3-markov-steps200-20260612T140708Z,idyn-ob-scale20-replica3,scale20,replica3,adservice=3;cartservice=3;checkoutservice=3;currencyservice=3;emailservice=3;frontend=3;paymentservice=3;productcatalogservice=3;recommendationservice=3;redis-cart=1;shippingservice=3,markov,stageA,hda,HDA,40,40.000,replay,mixed,0.997786,0.860861,7,1.012248,1.000000,0.347958,0.133792,,,0.000000,0.022442,0.022442,7,7,0,112.870012,112.870012,112.870012,112.870012,120.000000,0.000000,139.447368,0.809409,0.000000,20,,,,,,,,,
online-boutique,online-boutique-longmix-stageA-scale20-replica3-markov-steps200-20260612T140708Z,idyn-ob-scale20-replica3,scale20,replica3,adservice=3;cartservice=3;checkoutservice=3;currencyservice=3;emailservice=3;frontend=3;paymentservice=3;productcatalogservice=3;recommendationservice=3;redis-cart=1;shippingservice=3,markov,stageA,kubernetes-default,K8s default,41,41.000,replay,mixed,1.001462,0.003671,7,1.012248,0.000000,0.347958,0.133792,,,0.000000,0.012273,0.012273,7,7,0,87.263555,87.263555,87.263555,87.263555,120.000000,0.000000,139.447368,0.625781,0.000000,20,,,,,,,,,
online-boutique,online-boutique-longmix-stageA-scale20-replica3-markov-steps200-20260612T140708Z,idyn-ob-scale20-replica3,scale20,replica3,adservice=3;cartservice=3;checkoutservice=3;currencyservice=3;emailservice=3;frontend=3;paymentservice=3;productcatalogservice=3;recommendationservice=3;redis-cart=1;shippingservice=3,markov,stageA,cga,CGA,41,41.000,replay,mixed,1.001462,0.003671,7,1.012248,0.000000,0.347958,0.133792,,,0.000000,0.012273,0.012273,7,7,0,83.439517,83.439517,83.439517,83.439517,120.000000,0.000000,139.447368,0.598358,0.000000,20,,,,,,,,,
online-boutique,online-boutique-longmix-stageA-scale20-replica3-markov-steps200-20260612T140708Z,idyn-ob-scale20-replica3,scale20,replica3,adservice=3;cartservice=3;checkoutservice=3;currencyservice=3;emailservice=3;frontend=3;paymentservice=3;productcatalogservice=3;recommendationservice=3;redis-cart=1;shippingservice=3,markov,stageA,hda,HDA,41,41.000,replay,mixed,1.001462,0.003671,7,1.012248,0.000000,0.347958,0.133792,,,0.000000,0.012273,0.012273,7,7,0,78.616372,78.616372,78.616372,78.616372,120.000000,0.000000,139.447368,0.563771,0.000000,20,,,,,,,,,
online-boutique,online-boutique-longmix-stageA-scale20-replica3-markov-steps200-20260612T140708Z,idyn-ob-scale20-replica3,scale20,replica3,adservice=3;cartservice=3;checkoutservice=3;currencyservice=3;emailservice=3;frontend=3;paymentservice=3;productcatalogservice=3;recommendationservice=3;redis-cart=1;shippingservice=3,markov,stageA,kubernetes-default,K8s default,42,42.000,replay,mixed,1.067349,0.858560,14,1.525982,1.000000,0.344308,0.539631,,,0.000000,0.012254,0.012254,11,14,0,167.645445,167.645445,167.645445,167.645445,120.000000,0.000000,191.447368,0.875674,0.000000,20,,,,,,,,,
online-boutique,online-boutique-longmix-stageA-scale20-replica3-markov-steps200-20260612T140708Z,idyn-ob-scale20-replica3,scale20,replica3,adservice=3;cartservice=3;checkoutservice=3;currencyservice=3;emailservice=3;frontend=3;paymentservice=3;productcatalogservice=3;recommendationservice=3;redis-cart=1;shippingservice=3,markov,stageA,cga,CGA,42,42.000,replay,mixed,1.067349,0.858560,14,1.525982,1.000000,0.344308,0.539631,,,0.000000,0.012254,0.012254,11,14,0,158.641521,158.641521,158.641521,158.641521,120.000000,0.000000,191.447368,0.828643,0.000000,20,,,,,,,,,
online-boutique,online-boutique-longmix-stageA-scale20-replica3-markov-steps200-20260612T140708Z,idyn-ob-scale20-replica3,scale20,replica3,adservice=3;cartservice=3;checkoutservice=3;currencyservice=3;emailservice=3;frontend=3;paymentservice=3;productcatalogservice=3;recommendationservice=3;redis-cart=1;shippingservice=3,markov,stageA,hda,HDA,42,42.000,replay,mixed,1.067349,0.858560,14,1.525982,1.000000,0.344308,0.539631,,,0.000000,0.012254,0.012254,11,14,0,150.043284,150.043284,150.043284,150.043284,120.000000,0.000000,191.447368,0.783731,0.000000,20,,,,,,,,,
online-boutique,online-boutique-longmix-stageA-scale20-replica3-markov-steps200-20260612T140708Z,idyn-ob-scale20-replica3,scale20,replica3,adservice=3;cartservice=3;checkoutservice=3;currencyservice=3;emailservice=3;frontend=3;paymentservice=3;productcatalogservice=3;recommendationservice=3;redis-cart=1;shippingservice=3,markov,stageA,kubernetes-default,K8s default,43,43.000,replay,mixed,1.013383,0.050561,14,1.525982,0.000000,0.344308,0.539631,,,0.000000,0.011732,0.011732,11,14,0,126.453909,126.453909,126.453909,126.453909,120.000000,0.000000,191.447368,0.660515,0.000000,20,,,,,,,,,
online-boutique,online-boutique-longmix-stageA-scale20-replica3-markov-steps200-20260612T140708Z,idyn-ob-scale20-replica3,scale20,replica3,adservice=3;cartservice=3;checkoutservice=3;currencyservice=3;emailservice=3;frontend=3;paymentservice=3;productcatalogservice=3;recommendationservice=3;redis-cart=1;shippingservice=3,markov,stageA,cga,CGA,43,43.000,replay,mixed,1.013383,0.050561,14,1.525982,0.000000,0.344308,0.539631,,,0.000000,0.011732,0.011732,11,14,0,122.037986,122.037986,122.037986,122.037986,120.000000,0.000000,191.447368,0.637449,0.000000,20,,,,,,,,,
online-boutique,online-boutique-longmix-stageA-scale20-replica3-markov-steps200-20260612T140708Z,idyn-ob-scale20-replica3,scale20,replica3,adservice=3;cartservice=3;checkoutservice=3;currencyservice=3;emailservice=3;frontend=3;paymentservice=3;productcatalogservice=3;recommendationservice=3;redis-cart=1;shippingservice=3,markov,stageA,hda,HDA,43,43.000,replay,mixed,1.013383,0.050561,14,1.525982,0.000000,0.344308,0.539631,,,0.000000,0.011732,0.011732,11,14,0,114.458378,114.458378,114.458378,114.458378,120.000000,0.000000,191.447368,0.597858,0.000000,20,,,,,,,,,
online-boutique,online-boutique-longmix-stageA-scale20-replica3-markov-steps200-20260612T140708Z,idyn-ob-scale20-replica3,scale20,replica3,adservice=3;cartservice=3;checkoutservice=3;currencyservice=3;emailservice=3;frontend=3;paymentservice=3;productcatalogservice=3;recommendationservice=3;redis-cart=1;shippingservice=3,markov,stageA,kubernetes-default,K8s default,44,44.000,replay,mixed,1.014422,0.001024,14,1.525982,0.000000,0.344308,0.539631,,,0.000000,0.012274,0.012274,11,14,0,129.773183,129.773183,129.773183,129.773183,120.000000,0.000000,191.447368,0.677853,0.000000,20,,,,,,,,,
online-boutique,online-boutique-longmix-stageA-scale20-replica3-markov-steps200-20260612T140708Z,idyn-ob-scale20-replica3,scale20,replica3,adservice=3;cartservice=3;checkoutservice=3;currencyservice=3;emailservice=3;frontend=3;paymentservice=3;productcatalogservice=3;recommendationservice=3;redis-cart=1;shippingservice=3,markov,stageA,cga,CGA,44,44.000,replay,mixed,1.014422,0.001024,14,1.525982,0.000000,0.344308,0.539631,,,0.000000,0.012274,0.012274,11,14,0,116.570782,116.570782,116.570782,116.570782,120.000000,0.000000,191.447368,0.608892,0.000000,20,,,,,,,,,
online-boutique,online-boutique-longmix-stageA-scale20-replica3-markov-steps200-20260612T140708Z,idyn-ob-scale20-replica3,scale20,replica3,adservice=3;cartservice=3;checkoutservice=3;currencyservice=3;emailservice=3;frontend=3;paymentservice=3;productcatalogservice=3;recommendationservice=3;redis-cart=1;shippingservice=3,markov,stageA,hda,HDA,44,44.000,replay,mixed,1.014422,0.001024,14,1.525982,0.000000,0.344308,0.539631,,,0.000000,0.012274,0.012274,11,14,0,112.200493,112.200493,112.200493,112.200493,120.000000,0.000000,191.447368,0.586064,0.000000,20,,,,,,,,,
online-boutique,online-boutique-longmix-stageA-scale20-replica3-markov-steps200-20260612T140708Z,idyn-ob-scale20-replica3,scale20,replica3,adservice=3;cartservice=3;checkoutservice=3;currencyservice=3;emailservice=3;frontend=3;paymentservice=3;productcatalogservice=3;recommendationservice=3;redis-cart=1;shippingservice=3,markov,stageA,kubernetes-default,K8s default,45,45.000,replay,mixed,1.038096,0.819441,7,1.525982,1.000000,0.359677,1.100147,,,0.000000,0.008677,0.008677,7,7,0,104.229792,104.229792,104.229792,104.229792,120.000000,0.000000,113.447368,0.918750,0.000000,20,,,,,,,,,
online-boutique,online-boutique-longmix-stageA-scale20-replica3-markov-steps200-20260612T140708Z,idyn-ob-scale20-replica3,scale20,replica3,adservice=3;cartservice=3;checkoutservice=3;currencyservice=3;emailservice=3;frontend=3;paymentservice=3;productcatalogservice=3;recommendationservice=3;redis-cart=1;shippingservice=3,markov,stageA,cga,CGA,45,45.000,replay,mixed,1.038096,0.819441,7,1.525982,1.000000,0.359677,1.100147,,,0.000000,0.008677,0.008677,7,7,0,96.628956,96.628956,96.628956,96.628956,120.000000,0.000000,113.447368,0.851751,0.000000,20,,,,,,,,,
online-boutique,online-boutique-longmix-stageA-scale20-replica3-markov-steps200-20260612T140708Z,idyn-ob-scale20-replica3,scale20,replica3,adservice=3;cartservice=3;checkoutservice=3;currencyservice=3;emailservice=3;frontend=3;paymentservice=3;productcatalogservice=3;recommendationservice=3;redis-cart=1;shippingservice=3,markov,stageA,hda,HDA,45,45.000,replay,mixed,1.038096,0.819441,7,1.525982,1.000000,0.359677,1.100147,,,0.000000,0.008677,0.008677,7,7,0,91.861258,91.861258,91.861258,91.861258,120.000000,0.000000,113.447368,0.809726,0.000000,20,,,,,,,,,
online-boutique,online-boutique-longmix-stageA-scale20-replica3-markov-steps200-20260612T140708Z,idyn-ob-scale20-replica3,scale20,replica3,adservice=3;cartservice=3;checkoutservice=3;currencyservice=3;emailservice=3;frontend=3;paymentservice=3;productcatalogservice=3;recommendationservice=3;redis-cart=1;shippingservice=3,markov,stageA,kubernetes-default,K8s default,46,46.000,replay,mixed,0.987686,0.048559,7,1.525982,0.000000,0.359677,1.100147,,,0.000000,0.009858,0.009858,7,7,0,67.263183,67.263183,67.263183,67.263183,120.000000,0.000000,113.447368,0.592902,0.000000,20,,,,,,,,,
online-boutique,online-boutique-longmix-stageA-scale20-replica3-markov-steps200-20260612T140708Z,idyn-ob-scale20-replica3,scale20,replica3,adservice=3;cartservice=3;checkoutservice=3;currencyservice=3;emailservice=3;frontend=3;paymentservice=3;productcatalogservice=3;recommendationservice=3;redis-cart=1;shippingservice=3,markov,stageA,cga,CGA,46,46.000,replay,mixed,0.987686,0.048559,7,1.525982,0.000000,0.359677,1.100147,,,0.000000,0.009858,0.009858,7,7,0,63.873793,63.873793,63.873793,63.873793,120.000000,0.000000,113.447368,0.563026,0.000000,20,,,,,,,,,
online-boutique,online-boutique-longmix-stageA-scale20-replica3-markov-steps200-20260612T140708Z,idyn-ob-scale20-replica3,scale20,replica3,adservice=3;cartservice=3;checkoutservice=3;currencyservice=3;emailservice=3;frontend=3;paymentservice=3;productcatalogservice=3;recommendationservice=3;redis-cart=1;shippingservice=3,markov,stageA,hda,HDA,46,46.000,replay,mixed,0.987686,0.048559,7,1.525982,0.000000,0.359677,1.100147,,,0.000000,0.009858,0.009858,7,7,0,59.174384,59.174384,59.174384,59.174384,120.000000,0.000000,113.447368,0.521602,0.000000,20,,,,,,,,,
online-boutique,online-boutique-longmix-stageA-scale20-replica3-markov-steps200-20260612T140708Z,idyn-ob-scale20-replica3,scale20,replica3,adservice=3;cartservice=3;checkoutservice=3;currencyservice=3;emailservice=3;frontend=3;paymentservice=3;productcatalogservice=3;recommendationservice=3;redis-cart=1;shippingservice=3,markov,stageA,kubernetes-default,K8s default,47,47.000,replay,mixed,0.959006,0.029038,7,1.525982,0.000000,0.359677,1.100147,,,0.000000,0.008376,0.008376,7,7,0,64.497667,64.497667,64.497667,64.497667,120.000000,0.000000,113.447368,0.568525,0.000000,20,,,,,,,,,
online-boutique,online-boutique-longmix-stageA-scale20-replica3-markov-steps200-20260612T140708Z,idyn-ob-scale20-replica3,scale20,replica3,adservice=3;cartservice=3;checkoutservice=3;currencyservice=3;emailservice=3;frontend=3;paymentservice=3;productcatalogservice=3;recommendationservice=3;redis-cart=1;shippingservice=3,markov,stageA,cga,CGA,47,47.000,replay,mixed,0.959006,0.029038,7,1.525982,0.000000,0.359677,1.100147,,,0.000000,0.008376,0.008376,7,7,0,62.400888,62.400888,62.400888,62.400888,120.000000,0.000000,113.447368,0.550043,0.000000,20,,,,,,,,,
online-boutique,online-boutique-longmix-stageA-scale20-replica3-markov-steps200-20260612T140708Z,idyn-ob-scale20-replica3,scale20,replica3,adservice=3;cartservice=3;checkoutservice=3;currencyservice=3;emailservice=3;frontend=3;paymentservice=3;productcatalogservice=3;recommendationservice=3;redis-cart=1;shippingservice=3,markov,stageA,hda,HDA,47,47.000,replay,mixed,0.959006,0.029038,7,1.525982,0.000000,0.359677,1.100147,,,0.000000,0.008376,0.008376,7,7,0,56.512655,56.512655,56.512655,56.512655,120.000000,0.000000,113.447368,0.498140,0.000000,20,,,,,,,,,
online-boutique,online-boutique-longmix-stageA-scale20-replica3-markov-steps200-20260612T140708Z,idyn-ob-scale20-replica3,scale20,replica3,adservice=3;cartservice=3;checkoutservice=3;currencyservice=3;emailservice=3;frontend=3;paymentservice=3;productcatalogservice=3;recommendationservice=3;redis-cart=1;shippingservice=3,markov,stageA,kubernetes-default,K8s default,48,48.000,replay,mixed,0.975540,0.016949,7,1.525982,0.000000,0.359677,1.100147,,,0.000000,0.011833,0.011833,7,7,0,65.681219,65.681219,65.681219,65.681219,120.000000,0.000000,113.447368,0.578958,0.000000,20,,,,,,,,,
online-boutique,online-boutique-longmix-stageA-scale20-replica3-markov-steps200-20260612T140708Z,idyn-ob-scale20-replica3,scale20,replica3,adservice=3;cartservice=3;checkoutservice=3;currencyservice=3;emailservice=3;frontend=3;paymentservice=3;productcatalogservice=3;recommendationservice=3;redis-cart=1;shippingservice=3,markov,stageA,cga,CGA,48,48.000,replay,mixed,0.975540,0.016949,7,1.525982,0.000000,0.359677,1.100147,,,0.000000,0.011833,0.011833,7,7,0,60.254963,60.254963,60.254963,60.254963,120.000000,0.000000,113.447368,0.531127,0.000000,20,,,,,,,,,
online-boutique,online-boutique-longmix-stageA-scale20-replica3-markov-steps200-20260612T140708Z,idyn-ob-scale20-replica3,scale20,replica3,adservice=3;cartservice=3;checkoutservice=3;currencyservice=3;emailservice=3;frontend=3;paymentservice=3;productcatalogservice=3;recommendationservice=3;redis-cart=1;shippingservice=3,markov,stageA,hda,HDA,48,48.000,replay,mixed,0.975540,0.016949,7,1.525982,0.000000,0.359677,1.100147,,,0.000000,0.011833,0.011833,7,7,0,61.488005,61.488005,61.488005,61.488005,120.000000,0.000000,113.447368,0.541996,0.000000,20,,,,,,,,,
online-boutique,online-boutique-longmix-stageA-scale20-replica3-markov-steps200-20260612T140708Z,idyn-ob-scale20-replica3,scale20,replica3,adservice=3;cartservice=3;checkoutservice=3;currencyservice=3;emailservice=3;frontend=3;paymentservice=3;productcatalogservice=3;recommendationservice=3;redis-cart=1;shippingservice=3,markov,stageA,kubernetes-default,K8s default,49,49.000,replay,mixed,0.950671,0.590818,7,1.440440,0.800000,0.418771,0.479206,,,0.000000,0.011441,0.011441,7,7,0,115.398879,115.398879,115.398879,115.398879,120.000000,0.000000,145.947368,0.790688,0.000000,20,,,,,,,,,
online-boutique,online-boutique-longmix-stageA-scale20-replica3-markov-steps200-20260612T140708Z,idyn-ob-scale20-replica3,scale20,replica3,adservice=3;cartservice=3;checkoutservice=3;currencyservice=3;emailservice=3;frontend=3;paymentservice=3;productcatalogservice=3;recommendationservice=3;redis-cart=1;shippingservice=3,markov,stageA,cga,CGA,49,49.000,replay,mixed,0.950671,0.590818,7,1.440440,0.800000,0.418771,0.479206,,,0.000000,0.011441,0.011441,7,7,0,112.020210,112.020210,112.020210,112.020210,120.000000,0.000000,145.947368,0.767538,0.000000,20,,,,,,,,,
online-boutique,online-boutique-longmix-stageA-scale20-replica3-markov-steps200-20260612T140708Z,idyn-ob-scale20-replica3,scale20,replica3,adservice=3;cartservice=3;checkoutservice=3;currencyservice=3;emailservice=3;frontend=3;paymentservice=3;productcatalogservice=3;recommendationservice=3;redis-cart=1;shippingservice=3,markov,stageA,hda,HDA,49,49.000,replay,mixed,0.950671,0.590818,7,1.440440,0.800000,0.418771,0.479206,,,0.000000,0.011441,0.011441,7,7,0,106.070665,106.070665,106.070665,106.070665,120.000000,0.000000,145.947368,0.726773,0.000000,20,,,,,,,,,
online-boutique,online-boutique-longmix-stageA-scale20-replica3-markov-steps200-20260612T140708Z,idyn-ob-scale20-replica3,scale20,replica3,adservice=3;cartservice=3;checkoutservice=3;currencyservice=3;emailservice=3;frontend=3;paymentservice=3;productcatalogservice=3;recommendationservice=3;redis-cart=1;shippingservice=3,markov,stageA,kubernetes-default,K8s default,50,50.000,replay,mixed,1.011880,0.060491,7,1.440440,0.000000,0.418771,0.479206,,,0.000000,0.008366,0.008366,7,7,0,94.640365,94.640365,94.640365,94.640365,120.000000,0.000000,145.947368,0.648455,0.000000,20,,,,,,,,,
online-boutique,online-boutique-longmix-stageA-scale20-replica3-markov-steps200-20260612T140708Z,idyn-ob-scale20-replica3,scale20,replica3,adservice=3;cartservice=3;checkoutservice=3;currencyservice=3;emailservice=3;frontend=3;paymentservice=3;productcatalogservice=3;recommendationservice=3;redis-cart=1;shippingservice=3,markov,stageA,cga,CGA,50,50.000,replay,mixed,1.011880,0.060491,7,1.440440,0.000000,0.418771,0.479206,,,0.000000,0.008366,0.008366,7,7,0,87.801369,87.801369,87.801369,87.801369,120.000000,0.000000,145.947368,0.601596,0.000000,20,,,,,,,,,
online-boutique,online-boutique-longmix-stageA-scale20-replica3-markov-steps200-20260612T140708Z,idyn-ob-scale20-replica3,scale20,replica3,adservice=3;cartservice=3;checkoutservice=3;currencyservice=3;emailservice=3;frontend=3;paymentservice=3;productcatalogservice=3;recommendationservice=3;redis-cart=1;shippingservice=3,markov,stageA,hda,HDA,50,50.000,replay,mixed,1.011880,0.060491,7,1.440440,0.000000,0.418771,0.479206,,,0.000000,0.008366,0.008366,7,7,0,87.253100,87.253100,87.253100,87.253100,120.000000,0.000000,145.947368,0.597839,0.000000,20,,,,,,,,,
online-boutique,online-boutique-longmix-stageA-scale20-replica3-markov-steps200-20260612T140708Z,idyn-ob-scale20-replica3,scale20,replica3,adservice=3;cartservice=3;checkoutservice=3;currencyservice=3;emailservice=3;frontend=3;paymentservice=3;productcatalogservice=3;recommendationservice=3;redis-cart=1;shippingservice=3,markov,stageA,kubernetes-default,K8s default,51,51.000,replay,mixed,1.015160,0.003230,7,1.440440,0.000000,0.418771,0.479206,,,0.000000,0.011691,0.011691,7,7,0,92.398274,92.398274,92.398274,92.398274,120.000000,0.000000,145.947368,0.633093,0.000000,20,,,,,,,,,
online-boutique,online-boutique-longmix-stageA-scale20-replica3-markov-steps200-20260612T140708Z,idyn-ob-scale20-replica3,scale20,replica3,adservice=3;cartservice=3;checkoutservice=3;currencyservice=3;emailservice=3;frontend=3;paymentservice=3;productcatalogservice=3;recommendationservice=3;redis-cart=1;shippingservice=3,markov,stageA,cga,CGA,51,51.000,replay,mixed,1.015160,0.003230,7,1.440440,0.000000,0.418771,0.479206,,,0.000000,0.011691,0.011691,7,7,0,90.542280,90.542280,90.542280,90.542280,120.000000,0.000000,145.947368,0.620376,0.000000,20,,,,,,,,,
online-boutique,online-boutique-longmix-stageA-scale20-replica3-markov-steps200-20260612T140708Z,idyn-ob-scale20-replica3,scale20,replica3,adservice=3;cartservice=3;checkoutservice=3;currencyservice=3;emailservice=3;frontend=3;paymentservice=3;productcatalogservice=3;recommendationservice=3;redis-cart=1;shippingservice=3,markov,stageA,hda,HDA,51,51.000,replay,mixed,1.015160,0.003230,7,1.440440,0.000000,0.418771,0.479206,,,0.000000,0.011691,0.011691,7,7,0,84.312436,84.312436,84.312436,84.312436,120.000000,0.000000,145.947368,0.577691,0.000000,20,,,,,,,,,
online-boutique,online-boutique-longmix-stageA-scale20-replica3-markov-steps200-20260612T140708Z,idyn-ob-scale20-replica3,scale20,replica3,adservice=3;cartservice=3;checkoutservice=3;currencyservice=3;emailservice=3;frontend=3;paymentservice=3;productcatalogservice=3;recommendationservice=3;redis-cart=1;shippingservice=3,markov,stageA,kubernetes-default,K8s default,52,52.000,replay,mixed,0.969321,0.045154,7,1.440440,0.000000,0.418771,0.479206,,,0.000000,0.008406,0.008406,7,7,0,99.136283,99.136283,99.136283,99.136283,120.000000,0.000000,145.947368,0.679261,0.000000,20,,,,,,,,,
online-boutique,online-boutique-longmix-stageA-scale20-replica3-markov-steps200-20260612T140708Z,idyn-ob-scale20-replica3,scale20,replica3,adservice=3;cartservice=3;checkoutservice=3;currencyservice=3;emailservice=3;frontend=3;paymentservice=3;productcatalogservice=3;recommendationservice=3;redis-cart=1;shippingservice=3,markov,stageA,cga,CGA,52,52.000,replay,mixed,0.969321,0.045154,7,1.440440,0.000000,0.418771,0.479206,,,0.000000,0.008406,0.008406,7,7,0,84.267389,84.267389,84.267389,84.267389,120.000000,0.000000,145.947368,0.577382,0.000000,20,,,,,,,,,
online-boutique,online-boutique-longmix-stageA-scale20-replica3-markov-steps200-20260612T140708Z,idyn-ob-scale20-replica3,scale20,replica3,adservice=3;cartservice=3;checkoutservice=3;currencyservice=3;emailservice=3;frontend=3;paymentservice=3;productcatalogservice=3;recommendationservice=3;redis-cart=1;shippingservice=3,markov,stageA,hda,HDA,52,52.000,replay,mixed,0.969321,0.045154,7,1.440440,0.000000,0.418771,0.479206,,,0.000000,0.008406,0.008406,7,7,0,86.882930,86.882930,86.882930,86.882930,120.000000,0.000000,145.947368,0.595303,0.000000,20,,,,,,,,,
online-boutique,online-boutique-longmix-stageA-scale20-replica3-markov-steps200-20260612T140708Z,idyn-ob-scale20-replica3,scale20,replica3,adservice=3;cartservice=3;checkoutservice=3;currencyservice=3;emailservice=3;frontend=3;paymentservice=3;productcatalogservice=3;recommendationservice=3;redis-cart=1;shippingservice=3,markov,stageA,kubernetes-default,K8s default,53,53.000,replay,mixed,0.927465,0.043181,7,1.440440,0.000000,0.418771,0.479206,,,0.000000,0.012182,0.012182,7,7,0,91.221849,91.221849,91.221849,91.221849,120.000000,0.000000,145.947368,0.625033,0.000000,20,,,,,,,,,
online-boutique,online-boutique-longmix-stageA-scale20-replica3-markov-steps200-20260612T140708Z,idyn-ob-scale20-replica3,scale20,replica3,adservice=3;cartservice=3;checkoutservice=3;currencyservice=3;emailservice=3;frontend=3;paymentservice=3;productcatalogservice=3;recommendationservice=3;redis-cart=1;shippingservice=3,markov,stageA,cga,CGA,53,53.000,replay,mixed,0.927465,0.043181,7,1.440440,0.000000,0.418771,0.479206,,,0.000000,0.012182,0.012182,7,7,0,83.791469,83.791469,83.791469,83.791469,120.000000,0.000000,145.947368,0.574121,0.000000,20,,,,,,,,,
online-boutique,online-boutique-longmix-stageA-scale20-replica3-markov-steps200-20260612T140708Z,idyn-ob-scale20-replica3,scale20,replica3,adservice=3;cartservice=3;checkoutservice=3;currencyservice=3;emailservice=3;frontend=3;paymentservice=3;productcatalogservice=3;recommendationservice=3;redis-cart=1;shippingservice=3,markov,stageA,hda,HDA,53,53.000,replay,mixed,0.927465,0.043181,7,1.440440,0.000000,0.418771,0.479206,,,0.000000,0.012182,0.012182,7,7,0,84.898837,84.898837,84.898837,84.898837,120.000000,0.000000,145.947368,0.581709,0.000000,20,,,,,,,,,
online-boutique,online-boutique-longmix-stageA-scale20-replica3-markov-steps200-20260612T140708Z,idyn-ob-scale20-replica3,scale20,replica3,adservice=3;cartservice=3;checkoutservice=3;currencyservice=3;emailservice=3;frontend=3;paymentservice=3;productcatalogservice=3;recommendationservice=3;redis-cart=1;shippingservice=3,markov,stageA,kubernetes-default,K8s default,54,54.000,replay,mixed,0.927686,0.000238,7,1.440440,0.000000,0.418771,0.479206,,,0.000000,0.008877,0.008877,7,7,0,89.263130,89.263130,89.263130,89.263130,120.000000,0.000000,145.947368,0.611612,0.000000,20,,,,,,,,,
online-boutique,online-boutique-longmix-stageA-scale20-replica3-markov-steps200-20260612T140708Z,idyn-ob-scale20-replica3,scale20,replica3,adservice=3;cartservice=3;checkoutservice=3;currencyservice=3;emailservice=3;frontend=3;paymentservice=3;productcatalogservice=3;recommendationservice=3;redis-cart=1;shippingservice=3,markov,stageA,cga,CGA,54,54.000,replay,mixed,0.927686,0.000238,7,1.440440,0.000000,0.418771,0.479206,,,0.000000,0.008877,0.008877,7,7,0,86.035236,86.035236,86.035236,86.035236,120.000000,0.000000,145.947368,0.589495,0.000000,20,,,,,,,,,
online-boutique,online-boutique-longmix-stageA-scale20-replica3-markov-steps200-20260612T140708Z,idyn-ob-scale20-replica3,scale20,replica3,adservice=3;cartservice=3;checkoutservice=3;currencyservice=3;emailservice=3;frontend=3;paymentservice=3;productcatalogservice=3;recommendationservice=3;redis-cart=1;shippingservice=3,markov,stageA,hda,HDA,54,54.000,replay,mixed,0.927686,0.000238,7,1.440440,0.000000,0.418771,0.479206,,,0.000000,0.008877,0.008877,7,7,0,82.547278,82.547278,82.547278,82.547278,120.000000,0.000000,145.947368,0.565596,0.000000,20,,,,,,,,,
online-boutique,online-boutique-longmix-stageA-scale20-replica3-markov-steps200-20260612T140708Z,idyn-ob-scale20-replica3,scale20,replica3,adservice=3;cartservice=3;checkoutservice=3;currencyservice=3;emailservice=3;frontend=3;paymentservice=3;productcatalogservice=3;recommendationservice=3;redis-cart=1;shippingservice=3,markov,stageA,kubernetes-default,K8s default,55,55.000,replay,mixed,0.926249,0.001550,7,1.440440,0.000000,0.418771,0.479206,,,0.000000,0.012563,0.012563,7,7,0,92.547676,92.547676,92.547676,92.547676,120.000000,0.000000,145.947368,0.634117,0.000000,20,,,,,,,,,
online-boutique,online-boutique-longmix-stageA-scale20-replica3-markov-steps200-20260612T140708Z,idyn-ob-scale20-replica3,scale20,replica3,adservice=3;cartservice=3;checkoutservice=3;currencyservice=3;emailservice=3;frontend=3;paymentservice=3;productcatalogservice=3;recommendationservice=3;redis-cart=1;shippingservice=3,markov,stageA,cga,CGA,55,55.000,replay,mixed,0.926249,0.001550,7,1.440440,0.000000,0.418771,0.479206,,,0.000000,0.012563,0.012563,7,7,0,86.122866,86.122866,86.122866,86.122866,120.000000,0.000000,145.947368,0.590095,0.000000,20,,,,,,,,,
online-boutique,online-boutique-longmix-stageA-scale20-replica3-markov-steps200-20260612T140708Z,idyn-ob-scale20-replica3,scale20,replica3,adservice=3;cartservice=3;checkoutservice=3;currencyservice=3;emailservice=3;frontend=3;paymentservice=3;productcatalogservice=3;recommendationservice=3;redis-cart=1;shippingservice=3,markov,stageA,hda,HDA,55,55.000,replay,mixed,0.926249,0.001550,7,1.440440,0.000000,0.418771,0.479206,,,0.000000,0.012563,0.012563,7,7,0,83.065430,83.065430,83.065430,83.065430,120.000000,0.000000,145.947368,0.569146,0.000000,20,,,,,,,,,
online-boutique,online-boutique-longmix-stageA-scale20-replica3-markov-steps200-20260612T140708Z,idyn-ob-scale20-replica3,scale20,replica3,adservice=3;cartservice=3;checkoutservice=3;currencyservice=3;emailservice=3;frontend=3;paymentservice=3;productcatalogservice=3;recommendationservice=3;redis-cart=1;shippingservice=3,markov,stageA,kubernetes-default,K8s default,56,56.000,replay,mixed,0.927074,0.000890,7,1.440440,0.000000,0.418771,0.479206,,,0.000000,0.008626,0.008626,7,7,0,87.160235,87.160235,87.160235,87.160235,120.000000,0.000000,145.947368,0.597203,0.000000,20,,,,,,,,,
online-boutique,online-boutique-longmix-stageA-scale20-replica3-markov-steps200-20260612T140708Z,idyn-ob-scale20-replica3,scale20,replica3,adservice=3;cartservice=3;checkoutservice=3;currencyservice=3;emailservice=3;frontend=3;paymentservice=3;productcatalogservice=3;recommendationservice=3;redis-cart=1;shippingservice=3,markov,stageA,cga,CGA,56,56.000,replay,mixed,0.927074,0.000890,7,1.440440,0.000000,0.418771,0.479206,,,0.000000,0.008626,0.008626,7,7,0,81.518295,81.518295,81.518295,81.518295,120.000000,0.000000,145.947368,0.558546,0.000000,20,,,,,,,,,
online-boutique,online-boutique-longmix-stageA-scale20-replica3-markov-steps200-20260612T140708Z,idyn-ob-scale20-replica3,scale20,replica3,adservice=3;cartservice=3;checkoutservice=3;currencyservice=3;emailservice=3;frontend=3;paymentservice=3;productcatalogservice=3;recommendationservice=3;redis-cart=1;shippingservice=3,markov,stageA,hda,HDA,56,56.000,replay,mixed,0.927074,0.000890,7,1.440440,0.000000,0.418771,0.479206,,,0.000000,0.008626,0.008626,7,7,0,82.612038,82.612038,82.612038,82.612038,120.000000,0.000000,145.947368,0.566040,0.000000,20,,,,,,,,,
online-boutique,online-boutique-longmix-stageA-scale20-replica3-markov-steps200-20260612T140708Z,idyn-ob-scale20-replica3,scale20,replica3,adservice=3;cartservice=3;checkoutservice=3;currencyservice=3;emailservice=3;frontend=3;paymentservice=3;productcatalogservice=3;recommendationservice=3;redis-cart=1;shippingservice=3,markov,stageA,kubernetes-default,K8s default,57,57.000,replay,mixed,0.954928,0.029169,7,1.440440,0.000000,0.418771,0.479206,,,0.000000,0.011822,0.011822,7,7,0,92.544504,92.544504,92.544504,92.544504,120.000000,0.000000,145.947368,0.634095,0.000000,20,,,,,,,,,
online-boutique,online-boutique-longmix-stageA-scale20-replica3-markov-steps200-20260612T140708Z,idyn-ob-scale20-replica3,scale20,replica3,adservice=3;cartservice=3;checkoutservice=3;currencyservice=3;emailservice=3;frontend=3;paymentservice=3;productcatalogservice=3;recommendationservice=3;redis-cart=1;shippingservice=3,markov,stageA,cga,CGA,57,57.000,replay,mixed,0.954928,0.029169,7,1.440440,0.000000,0.418771,0.479206,,,0.000000,0.011822,0.011822,7,7,0,88.123083,88.123083,88.123083,88.123083,120.000000,0.000000,145.947368,0.603800,0.000000,20,,,,,,,,,
online-boutique,online-boutique-longmix-stageA-scale20-replica3-markov-steps200-20260612T140708Z,idyn-ob-scale20-replica3,scale20,replica3,adservice=3;cartservice=3;checkoutservice=3;currencyservice=3;emailservice=3;frontend=3;paymentservice=3;productcatalogservice=3;recommendationservice=3;redis-cart=1;shippingservice=3,markov,stageA,hda,HDA,57,57.000,replay,mixed,0.954928,0.029169,7,1.440440,0.000000,0.418771,0.479206,,,0.000000,0.011822,0.011822,7,7,0,85.886048,85.886048,85.886048,85.886048,120.000000,0.000000,145.947368,0.588473,0.000000,20,,,,,,,,,
online-boutique,online-boutique-longmix-stageA-scale20-replica3-markov-steps200-20260612T140708Z,idyn-ob-scale20-replica3,scale20,replica3,adservice=3;cartservice=3;checkoutservice=3;currencyservice=3;emailservice=3;frontend=3;paymentservice=3;productcatalogservice=3;recommendationservice=3;redis-cart=1;shippingservice=3,markov,stageA,kubernetes-default,K8s default,58,58.000,replay,mixed,0.898992,0.718316,7,1.440440,0.800000,0.467762,1.918165,,,0.000000,0.008398,0.008398,7,7,0,105.442597,105.442597,105.442597,105.442597,120.000000,0.000000,119.947368,0.879074,0.000000,20,,,,,,,,,
online-boutique,online-boutique-longmix-stageA-scale20-replica3-markov-steps200-20260612T140708Z,idyn-ob-scale20-replica3,scale20,replica3,adservice=3;cartservice=3;checkoutservice=3;currencyservice=3;emailservice=3;frontend=3;paymentservice=3;productcatalogservice=3;recommendationservice=3;redis-cart=1;shippingservice=3,markov,stageA,cga,CGA,58,58.000,replay,mixed,0.898992,0.718316,7,1.440440,0.800000,0.467762,1.918165,,,0.000000,0.008398,0.008398,7,7,0,93.533398,93.533398,93.533398,93.533398,120.000000,0.000000,119.947368,0.779787,0.000000,20,,,,,,,,,
online-boutique,online-boutique-longmix-stageA-scale20-replica3-markov-steps200-20260612T140708Z,idyn-ob-scale20-replica3,scale20,replica3,adservice=3;cartservice=3;checkoutservice=3;currencyservice=3;emailservice=3;frontend=3;paymentservice=3;productcatalogservice=3;recommendationservice=3;redis-cart=1;shippingservice=3,markov,stageA,hda,HDA,58,58.000,replay,mixed,0.898992,0.718316,7,1.440440,0.800000,0.467762,1.918165,,,0.000000,0.008398,0.008398,7,7,0,92.602163,92.602163,92.602163,92.602163,120.000000,0.000000,119.947368,0.772023,0.000000,20,,,,,,,,,
online-boutique,online-boutique-longmix-stageA-scale20-replica3-markov-steps200-20260612T140708Z,idyn-ob-scale20-replica3,scale20,replica3,adservice=3;cartservice=3;checkoutservice=3;currencyservice=3;emailservice=3;frontend=3;paymentservice=3;productcatalogservice=3;recommendationservice=3;redis-cart=1;shippingservice=3,markov,stageA,kubernetes-default,K8s default,59,59.000,replay,mixed,0.936708,0.040265,7,1.440440,0.000000,0.467762,1.918165,,,0.000000,0.008656,0.008656,7,7,0,75.903130,75.903130,75.903130,75.903130,120.000000,0.000000,119.947368,0.632804,0.000000,20,,,,,,,,,
online-boutique,online-boutique-longmix-stageA-scale20-replica3-markov-steps200-20260612T140708Z,idyn-ob-scale20-replica3,scale20,replica3,adservice=3;cartservice=3;checkoutservice=3;currencyservice=3;emailservice=3;frontend=3;paymentservice=3;productcatalogservice=3;recommendationservice=3;redis-cart=1;shippingservice=3,markov,stageA,cga,CGA,59,59.000,replay,mixed,0.936708,0.040265,7,1.440440,0.000000,0.467762,1.918165,,,0.000000,0.008656,0.008656,7,7,0,69.412146,69.412146,69.412146,69.412146,120.000000,0.000000,119.947368,0.578688,0.000000,20,,,,,,,,,
online-boutique,online-boutique-longmix-stageA-scale20-replica3-markov-steps200-20260612T140708Z,idyn-ob-scale20-replica3,scale20,replica3,adservice=3;cartservice=3;checkoutservice=3;currencyservice=3;emailservice=3;frontend=3;paymentservice=3;productcatalogservice=3;recommendationservice=3;redis-cart=1;shippingservice=3,markov,stageA,hda,HDA,59,59.000,replay,mixed,0.936708,0.040265,7,1.440440,0.000000,0.467762,1.918165,,,0.000000,0.008656,0.008656,7,7,0,66.369418,66.369418,66.369418,66.369418,120.000000,0.000000,119.947368,0.553321,0.000000,20,,,,,,,,,
online-boutique,online-boutique-longmix-stageA-scale20-replica3-markov-steps200-20260612T140708Z,idyn-ob-scale20-replica3,scale20,replica3,adservice=3;cartservice=3;checkoutservice=3;currencyservice=3;emailservice=3;frontend=3;paymentservice=3;productcatalogservice=3;recommendationservice=3;redis-cart=1;shippingservice=3,markov,stageA,kubernetes-default,K8s default,60,60.000,replay,mixed,0.923421,0.014186,7,1.440440,0.000000,0.467762,1.918165,,,0.000000,0.008455,0.008455,7,7,0,75.159643,75.159643,75.159643,75.159643,120.000000,0.000000,119.947368,0.626605,0.000000,20,,,,,,,,,
online-boutique,online-boutique-longmix-stageA-scale20-replica3-markov-steps200-20260612T140708Z,idyn-ob-scale20-replica3,scale20,replica3,adservice=3;cartservice=3;checkoutservice=3;currencyservice=3;emailservice=3;frontend=3;paymentservice=3;productcatalogservice=3;recommendationservice=3;redis-cart=1;shippingservice=3,markov,stageA,cga,CGA,60,60.000,replay,mixed,0.923421,0.014186,7,1.440440,0.000000,0.467762,1.918165,,,0.000000,0.008455,0.008455,7,7,0,66.276644,66.276644,66.276644,66.276644,120.000000,0.000000,119.947368,0.552548,0.000000,20,,,,,,,,,
online-boutique,online-boutique-longmix-stageA-scale20-replica3-markov-steps200-20260612T140708Z,idyn-ob-scale20-replica3,scale20,replica3,adservice=3;cartservice=3;checkoutservice=3;currencyservice=3;emailservice=3;frontend=3;paymentservice=3;productcatalogservice=3;recommendationservice=3;redis-cart=1;shippingservice=3,markov,stageA,hda,HDA,60,60.000,replay,mixed,0.923421,0.014186,7,1.440440,0.000000,0.467762,1.918165,,,0.000000,0.008455,0.008455,7,7,0,63.082328,63.082328,63.082328,63.082328,120.000000,0.000000,119.947368,0.525917,0.000000,20,,,,,,,,,
online-boutique,online-boutique-longmix-stageA-scale20-replica3-markov-steps200-20260612T140708Z,idyn-ob-scale20-replica3,scale20,replica3,adservice=3;cartservice=3;checkoutservice=3;currencyservice=3;emailservice=3;frontend=3;paymentservice=3;productcatalogservice=3;recommendationservice=3;redis-cart=1;shippingservice=3,markov,stageA,kubernetes-default,K8s default,61,61.000,replay,mixed,0.895836,0.029872,7,1.440440,0.000000,0.467762,1.918165,,,0.000000,0.008716,0.008716,7,7,0,69.992406,69.992406,69.992406,69.992406,120.000000,0.000000,119.947368,0.583526,0.000000,20,,,,,,,,,
online-boutique,online-boutique-longmix-stageA-scale20-replica3-markov-steps200-20260612T140708Z,idyn-ob-scale20-replica3,scale20,replica3,adservice=3;cartservice=3;checkoutservice=3;currencyservice=3;emailservice=3;frontend=3;paymentservice=3;productcatalogservice=3;recommendationservice=3;redis-cart=1;shippingservice=3,markov,stageA,cga,CGA,61,61.000,replay,mixed,0.895836,0.029872,7,1.440440,0.000000,0.467762,1.918165,,,0.000000,0.008716,0.008716,7,7,0,65.302407,65.302407,65.302407,65.302407,120.000000,0.000000,119.947368,0.544426,0.000000,20,,,,,,,,,
online-boutique,online-boutique-longmix-stageA-scale20-replica3-markov-steps200-20260612T140708Z,idyn-ob-scale20-replica3,scale20,replica3,adservice=3;cartservice=3;checkoutservice=3;currencyservice=3;emailservice=3;frontend=3;paymentservice=3;productcatalogservice=3;recommendationservice=3;redis-cart=1;shippingservice=3,markov,stageA,hda,HDA,61,61.000,replay,mixed,0.895836,0.029872,7,1.440440,0.000000,0.467762,1.918165,,,0.000000,0.008716,0.008716,7,7,0,61.847931,61.847931,61.847931,61.847931,120.000000,0.000000,119.947368,0.515626,0.000000,20,,,,,,,,,
online-boutique,online-boutique-longmix-stageA-scale20-replica3-markov-steps200-20260612T140708Z,idyn-ob-scale20-replica3,scale20,replica3,adservice=3;cartservice=3;checkoutservice=3;currencyservice=3;emailservice=3;frontend=3;paymentservice=3;productcatalogservice=3;recommendationservice=3;redis-cart=1;shippingservice=3,markov,stageA,kubernetes-default,K8s default,62,62.000,replay,mixed,0.896006,0.458131,7,1.525982,0.500000,0.359677,1.100147,,,0.000000,0.015158,0.015158,7,7,0,80.351947,80.351947,80.351947,80.351947,120.000000,0.000000,113.447368,0.708275,0.000000,20,,,,,,,,,
online-boutique,online-boutique-longmix-stageA-scale20-replica3-markov-steps200-20260612T140708Z,idyn-ob-scale20-replica3,scale20,replica3,adservice=3;cartservice=3;checkoutservice=3;currencyservice=3;emailservice=3;frontend=3;paymentservice=3;productcatalogservice=3;recommendationservice=3;redis-cart=1;shippingservice=3,markov,stageA,cga,CGA,62,62.000,replay,mixed,0.896006,0.458131,7,1.525982,0.500000,0.359677,1.100147,,,0.000000,0.015158,0.015158,7,7,0,81.094072,81.094072,81.094072,81.094072,120.000000,0.000000,113.447368,0.714817,0.000000,20,,,,,,,,,
online-boutique,online-boutique-longmix-stageA-scale20-replica3-markov-steps200-20260612T140708Z,idyn-ob-scale20-replica3,scale20,replica3,adservice=3;cartservice=3;checkoutservice=3;currencyservice=3;emailservice=3;frontend=3;paymentservice=3;productcatalogservice=3;recommendationservice=3;redis-cart=1;shippingservice=3,markov,stageA,hda,HDA,62,62.000,replay,mixed,0.896006,0.458131,7,1.525982,0.500000,0.359677,1.100147,,,0.000000,0.015158,0.015158,7,7,0,74.578990,74.578990,74.578990,74.578990,120.000000,0.000000,113.447368,0.657388,0.000000,20,,,,,,,,,
online-boutique,online-boutique-longmix-stageA-scale20-replica3-markov-steps200-20260612T140708Z,idyn-ob-scale20-replica3,scale20,replica3,adservice=3;cartservice=3;checkoutservice=3;currencyservice=3;emailservice=3;frontend=3;paymentservice=3;productcatalogservice=3;recommendationservice=3;redis-cart=1;shippingservice=3,markov,stageA,kubernetes-default,K8s default,63,63.000,replay,mixed,0.934545,0.041238,7,1.525982,0.000000,0.359677,1.100147,,,0.000000,0.008405,0.008405,7,7,0,62.018736,62.018736,62.018736,62.018736,120.000000,0.000000,113.447368,0.546674,0.000000,20,,,,,,,,,
online-boutique,online-boutique-longmix-stageA-scale20-replica3-markov-steps200-20260612T140708Z,idyn-ob-scale20-replica3,scale20,replica3,adservice=3;cartservice=3;checkoutservice=3;currencyservice=3;emailservice=3;frontend=3;paymentservice=3;productcatalogservice=3;recommendationservice=3;redis-cart=1;shippingservice=3,markov,stageA,cga,CGA,63,63.000,replay,mixed,0.934545,0.041238,7,1.525982,0.000000,0.359677,1.100147,,,0.000000,0.008405,0.008405,7,7,0,58.801615,58.801615,58.801615,58.801615,120.000000,0.000000,113.447368,0.518316,0.000000,20,,,,,,,,,
online-boutique,online-boutique-longmix-stageA-scale20-replica3-markov-steps200-20260612T140708Z,idyn-ob-scale20-replica3,scale20,replica3,adservice=3;cartservice=3;checkoutservice=3;currencyservice=3;emailservice=3;frontend=3;paymentservice=3;productcatalogservice=3;recommendationservice=3;redis-cart=1;shippingservice=3,markov,stageA,hda,HDA,63,63.000,replay,mixed,0.934545,0.041238,7,1.525982,0.000000,0.359677,1.100147,,,0.000000,0.008405,0.008405,7,7,0,62.597367,62.597367,62.597367,62.597367,120.000000,0.000000,113.447368,0.551775,0.000000,20,,,,,,,,,
online-boutique,online-boutique-longmix-stageA-scale20-replica3-markov-steps200-20260612T140708Z,idyn-ob-scale20-replica3,scale20,replica3,adservice=3;cartservice=3;checkoutservice=3;currencyservice=3;emailservice=3;frontend=3;paymentservice=3;productcatalogservice=3;recommendationservice=3;redis-cart=1;shippingservice=3,markov,stageA,kubernetes-default,K8s default,64,64.000,replay,mixed,0.931030,0.003760,7,1.525982,0.000000,0.359677,1.100147,,,0.000000,0.008957,0.008957,7,7,0,64.269166,64.269166,64.269166,64.269166,120.000000,0.000000,113.447368,0.566511,0.000000,20,,,,,,,,,
online-boutique,online-boutique-longmix-stageA-scale20-replica3-markov-steps200-20260612T140708Z,idyn-ob-scale20-replica3,scale20,replica3,adservice=3;cartservice=3;checkoutservice=3;currencyservice=3;emailservice=3;frontend=3;paymentservice=3;productcatalogservice=3;recommendationservice=3;redis-cart=1;shippingservice=3,markov,stageA,cga,CGA,64,64.000,replay,mixed,0.931030,0.003760,7,1.525982,0.000000,0.359677,1.100147,,,0.000000,0.008957,0.008957,7,7,0,63.269893,63.269893,63.269893,63.269893,120.000000,0.000000,113.447368,0.557703,0.000000,20,,,,,,,,,
online-boutique,online-boutique-longmix-stageA-scale20-replica3-markov-steps200-20260612T140708Z,idyn-ob-scale20-replica3,scale20,replica3,adservice=3;cartservice=3;checkoutservice=3;currencyservice=3;emailservice=3;frontend=3;paymentservice=3;productcatalogservice=3;recommendationservice=3;redis-cart=1;shippingservice=3,markov,stageA,hda,HDA,64,64.000,replay,mixed,0.931030,0.003760,7,1.525982,0.000000,0.359677,1.100147,,,0.000000,0.008957,0.008957,7,7,0,56.694462,56.694462,56.694462,56.694462,120.000000,0.000000,113.447368,0.499742,0.000000,20,,,,,,,,,
online-boutique,online-boutique-longmix-stageA-scale20-replica3-markov-steps200-20260612T140708Z,idyn-ob-scale20-replica3,scale20,replica3,adservice=3;cartservice=3;checkoutservice=3;currencyservice=3;emailservice=3;frontend=3;paymentservice=3;productcatalogservice=3;recommendationservice=3;redis-cart=1;shippingservice=3,markov,stageA,kubernetes-default,K8s default,65,65.000,replay,mixed,0.877012,0.058020,7,1.525982,0.000000,0.359677,1.100147,,,0.000000,0.008055,0.008055,7,7,0,62.673196,62.673196,62.673196,62.673196,120.000000,0.000000,113.447368,0.552443,0.000000,20,,,,,,,,,
online-boutique,online-boutique-longmix-stageA-scale20-replica3-markov-steps200-20260612T140708Z,idyn-ob-scale20-replica3,scale20,replica3,adservice=3;cartservice=3;checkoutservice=3;currencyservice=3;emailservice=3;frontend=3;paymentservice=3;productcatalogservice=3;recommendationservice=3;redis-cart=1;shippingservice=3,markov,stageA,cga,CGA,65,65.000,replay,mixed,0.877012,0.058020,7,1.525982,0.000000,0.359677,1.100147,,,0.000000,0.008055,0.008055,7,7,0,58.090271,58.090271,58.090271,58.090271,120.000000,0.000000,113.447368,0.512046,0.000000,20,,,,,,,,,
online-boutique,online-boutique-longmix-stageA-scale20-replica3-markov-steps200-20260612T140708Z,idyn-ob-scale20-replica3,scale20,replica3,adservice=3;cartservice=3;checkoutservice=3;currencyservice=3;emailservice=3;frontend=3;paymentservice=3;productcatalogservice=3;recommendationservice=3;redis-cart=1;shippingservice=3,markov,stageA,hda,HDA,65,65.000,replay,mixed,0.877012,0.058020,7,1.525982,0.000000,0.359677,1.100147,,,0.000000,0.008055,0.008055,7,7,0,61.633532,61.633532,61.633532,61.633532,120.000000,0.000000,113.447368,0.543279,0.000000,20,,,,,,,,,
online-boutique,online-boutique-longmix-stageA-scale20-replica3-markov-steps200-20260612T140708Z,idyn-ob-scale20-replica3,scale20,replica3,adservice=3;cartservice=3;checkoutservice=3;currencyservice=3;emailservice=3;frontend=3;paymentservice=3;productcatalogservice=3;recommendationservice=3;redis-cart=1;shippingservice=3,markov,stageA,kubernetes-default,K8s default,66,66.000,replay,mixed,0.898522,0.023940,7,1.525982,0.000000,0.359677,1.100147,,,0.000000,0.008956,0.008956,7,7,0,63.884664,63.884664,63.884664,63.884664,120.000000,0.000000,113.447368,0.563122,0.000000,20,,,,,,,,,
online-boutique,online-boutique-longmix-stageA-scale20-replica3-markov-steps200-20260612T140708Z,idyn-ob-scale20-replica3,scale20,replica3,adservice=3;cartservice=3;checkoutservice=3;currencyservice=3;emailservice=3;frontend=3;paymentservice=3;productcatalogservice=3;recommendationservice=3;redis-cart=1;shippingservice=3,markov,stageA,cga,CGA,66,66.000,replay,mixed,0.898522,0.023940,7,1.525982,0.000000,0.359677,1.100147,,,0.000000,0.008956,0.008956,7,7,0,61.429953,61.429953,61.429953,61.429953,120.000000,0.000000,113.447368,0.541484,0.000000,20,,,,,,,,,
online-boutique,online-boutique-longmix-stageA-scale20-replica3-markov-steps200-20260612T140708Z,idyn-ob-scale20-replica3,scale20,replica3,adservice=3;cartservice=3;checkoutservice=3;currencyservice=3;emailservice=3;frontend=3;paymentservice=3;productcatalogservice=3;recommendationservice=3;redis-cart=1;shippingservice=3,markov,stageA,hda,HDA,66,66.000,replay,mixed,0.898522,0.023940,7,1.525982,0.000000,0.359677,1.100147,,,0.000000,0.008956,0.008956,7,7,0,59.387011,59.387011,59.387011,59.387011,120.000000,0.000000,113.447368,0.523476,0.000000,20,,,,,,,,,
online-boutique,online-boutique-longmix-stageA-scale20-replica3-markov-steps200-20260612T140708Z,idyn-ob-scale20-replica3,scale20,replica3,adservice=3;cartservice=3;checkoutservice=3;currencyservice=3;emailservice=3;frontend=3;paymentservice=3;productcatalogservice=3;recommendationservice=3;redis-cart=1;shippingservice=3,markov,stageA,kubernetes-default,K8s default,67,67.000,replay,mixed,0.929649,0.033482,7,1.525982,0.000000,0.359677,1.100147,,,0.000000,0.008426,0.008426,7,7,0,66.223782,66.223782,66.223782,66.223782,120.000000,0.000000,113.447368,0.583740,0.000000,20,,,,,,,,,
online-boutique,online-boutique-longmix-stageA-scale20-replica3-markov-steps200-20260612T140708Z,idyn-ob-scale20-replica3,scale20,replica3,adservice=3;cartservice=3;checkoutservice=3;currencyservice=3;emailservice=3;frontend=3;paymentservice=3;productcatalogservice=3;recommendationservice=3;redis-cart=1;shippingservice=3,markov,stageA,cga,CGA,67,67.000,replay,mixed,0.929649,0.033482,7,1.525982,0.000000,0.359677,1.100147,,,0.000000,0.008426,0.008426,7,7,0,59.850758,59.850758,59.850758,59.850758,120.000000,0.000000,113.447368,0.527564,0.000000,20,,,,,,,,,
online-boutique,online-boutique-longmix-stageA-scale20-replica3-markov-steps200-20260612T140708Z,idyn-ob-scale20-replica3,scale20,replica3,adservice=3;cartservice=3;checkoutservice=3;currencyservice=3;emailservice=3;frontend=3;paymentservice=3;productcatalogservice=3;recommendationservice=3;redis-cart=1;shippingservice=3,markov,stageA,hda,HDA,67,67.000,replay,mixed,0.929649,0.033482,7,1.525982,0.000000,0.359677,1.100147,,,0.000000,0.008426,0.008426,7,7,0,60.089997,60.089997,60.089997,60.089997,120.000000,0.000000,113.447368,0.529673,0.000000,20,,,,,,,,,
online-boutique,online-boutique-longmix-stageA-scale20-replica3-markov-steps200-20260612T140708Z,idyn-ob-scale20-replica3,scale20,replica3,adservice=3;cartservice=3;checkoutservice=3;currencyservice=3;emailservice=3;frontend=3;paymentservice=3;productcatalogservice=3;recommendationservice=3;redis-cart=1;shippingservice=3,markov,stageA,kubernetes-default,K8s default,68,68.000,replay,mixed,0.889248,0.043458,7,1.525982,0.000000,0.359677,1.100147,,,0.000000,0.008536,0.008536,7,7,0,64.521134,64.521134,64.521134,64.521134,120.000000,0.000000,113.447368,0.568732,0.000000,20,,,,,,,,,
online-boutique,online-boutique-longmix-stageA-scale20-replica3-markov-steps200-20260612T140708Z,idyn-ob-scale20-replica3,scale20,replica3,adservice=3;cartservice=3;checkoutservice=3;currencyservice=3;emailservice=3;frontend=3;paymentservice=3;productcatalogservice=3;recommendationservice=3;redis-cart=1;shippingservice=3,markov,stageA,cga,CGA,68,68.000,replay,mixed,0.889248,0.043458,7,1.525982,0.000000,0.359677,1.100147,,,0.000000,0.008536,0.008536,7,7,0,55.405090,55.405090,55.405090,55.405090,120.000000,0.000000,113.447368,0.488377,0.000000,20,,,,,,,,,
online-boutique,online-boutique-longmix-stageA-scale20-replica3-markov-steps200-20260612T140708Z,idyn-ob-scale20-replica3,scale20,replica3,adservice=3;cartservice=3;checkoutservice=3;currencyservice=3;emailservice=3;frontend=3;paymentservice=3;productcatalogservice=3;recommendationservice=3;redis-cart=1;shippingservice=3,markov,stageA,hda,HDA,68,68.000,replay,mixed,0.889248,0.043458,7,1.525982,0.000000,0.359677,1.100147,,,0.000000,0.008536,0.008536,7,7,0,55.502433,55.502433,55.502433,55.502433,120.000000,0.000000,113.447368,0.489235,0.000000,20,,,,,,,,,
online-boutique,online-boutique-longmix-stageA-scale20-replica3-markov-steps200-20260612T140708Z,idyn-ob-scale20-replica3,scale20,replica3,adservice=3;cartservice=3;checkoutservice=3;currencyservice=3;emailservice=3;frontend=3;paymentservice=3;productcatalogservice=3;recommendationservice=3;redis-cart=1;shippingservice=3,markov,stageA,kubernetes-default,K8s default,69,69.000,replay,mixed,0.909830,0.022622,7,1.525982,0.000000,0.359677,1.100147,,,0.000000,0.011311,0.011311,7,7,0,65.171810,65.171810,65.171810,65.171810,120.000000,0.000000,113.447368,0.574467,0.000000,20,,,,,,,,,
online-boutique,online-boutique-longmix-stageA-scale20-replica3-markov-steps200-20260612T140708Z,idyn-ob-scale20-replica3,scale20,replica3,adservice=3;cartservice=3;checkoutservice=3;currencyservice=3;emailservice=3;frontend=3;paymentservice=3;productcatalogservice=3;recommendationservice=3;redis-cart=1;shippingservice=3,markov,stageA,cga,CGA,69,69.000,replay,mixed,0.909830,0.022622,7,1.525982,0.000000,0.359677,1.100147,,,0.000000,0.011311,0.011311,7,7,0,59.874464,59.874464,59.874464,59.874464,120.000000,0.000000,113.447368,0.527773,0.000000,20,,,,,,,,,
online-boutique,online-boutique-longmix-stageA-scale20-replica3-markov-steps200-20260612T140708Z,idyn-ob-scale20-replica3,scale20,replica3,adservice=3;cartservice=3;checkoutservice=3;currencyservice=3;emailservice=3;frontend=3;paymentservice=3;productcatalogservice=3;recommendationservice=3;redis-cart=1;shippingservice=3,markov,stageA,hda,HDA,69,69.000,replay,mixed,0.909830,0.022622,7,1.525982,0.000000,0.359677,1.100147,,,0.000000,0.011311,0.011311,7,7,0,62.294986,62.294986,62.294986,62.294986,120.000000,0.000000,113.447368,0.549109,0.000000,20,,,,,,,,,
online-boutique,online-boutique-longmix-stageA-scale20-replica3-markov-steps200-20260612T140708Z,idyn-ob-scale20-replica3,scale20,replica3,adservice=3;cartservice=3;checkoutservice=3;currencyservice=3;emailservice=3;frontend=3;paymentservice=3;productcatalogservice=3;recommendationservice=3;redis-cart=1;shippingservice=3,markov,stageA,kubernetes-default,K8s default,70,70.000,replay,mixed,0.915968,0.006701,7,1.525982,0.000000,0.359677,1.100147,,,0.000000,0.008165,0.008165,7,7,0,69.876484,69.876484,69.876484,69.876484,120.000000,0.000000,113.447368,0.615937,0.000000,20,,,,,,,,,
online-boutique,online-boutique-longmix-stageA-scale20-replica3-markov-steps200-20260612T140708Z,idyn-ob-scale20-replica3,scale20,replica3,adservice=3;cartservice=3;checkoutservice=3;currencyservice=3;emailservice=3;frontend=3;paymentservice=3;productcatalogservice=3;recommendationservice=3;redis-cart=1;shippingservice=3,markov,stageA,cga,CGA,70,70.000,replay,mixed,0.915968,0.006701,7,1.525982,0.000000,0.359677,1.100147,,,0.000000,0.008165,0.008165,7,7,0,62.687345,62.687345,62.687345,62.687345,120.000000,0.000000,113.447368,0.552568,0.000000,20,,,,,,,,,
online-boutique,online-boutique-longmix-stageA-scale20-replica3-markov-steps200-20260612T140708Z,idyn-ob-scale20-replica3,scale20,replica3,adservice=3;cartservice=3;checkoutservice=3;currencyservice=3;emailservice=3;frontend=3;paymentservice=3;productcatalogservice=3;recommendationservice=3;redis-cart=1;shippingservice=3,markov,stageA,hda,HDA,70,70.000,replay,mixed,0.915968,0.006701,7,1.525982,0.000000,0.359677,1.100147,,,0.000000,0.008165,0.008165,7,7,0,57.385458,57.385458,57.385458,57.385458,120.000000,0.000000,113.447368,0.505833,0.000000,20,,,,,,,,,
online-boutique,online-boutique-longmix-stageA-scale20-replica3-markov-steps200-20260612T140708Z,idyn-ob-scale20-replica3,scale20,replica3,adservice=3;cartservice=3;checkoutservice=3;currencyservice=3;emailservice=3;frontend=3;paymentservice=3;productcatalogservice=3;recommendationservice=3;redis-cart=1;shippingservice=3,markov,stageA,kubernetes-default,K8s default,71,71.000,replay,mixed,0.862160,0.058745,7,1.525982,0.000000,0.359677,1.100147,,,0.000000,0.009768,0.009768,7,7,0,68.353848,68.353848,68.353848,68.353848,120.000000,0.000000,113.447368,0.602516,0.000000,20,,,,,,,,,
online-boutique,online-boutique-longmix-stageA-scale20-replica3-markov-steps200-20260612T140708Z,idyn-ob-scale20-replica3,scale20,replica3,adservice=3;cartservice=3;checkoutservice=3;currencyservice=3;emailservice=3;frontend=3;paymentservice=3;productcatalogservice=3;recommendationservice=3;redis-cart=1;shippingservice=3,markov,stageA,cga,CGA,71,71.000,replay,mixed,0.862160,0.058745,7,1.525982,0.000000,0.359677,1.100147,,,0.000000,0.009768,0.009768,7,7,0,62.926484,62.926484,62.926484,62.926484,120.000000,0.000000,113.447368,0.554676,0.000000,20,,,,,,,,,
online-boutique,online-boutique-longmix-stageA-scale20-replica3-markov-steps200-20260612T140708Z,idyn-ob-scale20-replica3,scale20,replica3,adservice=3;cartservice=3;checkoutservice=3;currencyservice=3;emailservice=3;frontend=3;paymentservice=3;productcatalogservice=3;recommendationservice=3;redis-cart=1;shippingservice=3,markov,stageA,hda,HDA,71,71.000,replay,mixed,0.862160,0.058745,7,1.525982,0.000000,0.359677,1.100147,,,0.000000,0.009768,0.009768,7,7,0,59.649821,59.649821,59.649821,59.649821,120.000000,0.000000,113.447368,0.525793,0.000000,20,,,,,,,,,
online-boutique,online-boutique-longmix-stageA-scale20-replica3-markov-steps200-20260612T140708Z,idyn-ob-scale20-replica3,scale20,replica3,adservice=3;cartservice=3;checkoutservice=3;currencyservice=3;emailservice=3;frontend=3;paymentservice=3;productcatalogservice=3;recommendationservice=3;redis-cart=1;shippingservice=3,markov,stageA,kubernetes-default,K8s default,72,72.000,replay,mixed,0.823588,0.044738,7,1.525982,0.000000,0.359677,1.100147,,,0.000000,0.008606,0.008606,7,7,0,65.786451,65.786451,65.786451,65.786451,120.000000,0.000000,113.447368,0.579885,0.000000,20,,,,,,,,,
online-boutique,online-boutique-longmix-stageA-scale20-replica3-markov-steps200-20260612T140708Z,idyn-ob-scale20-replica3,scale20,replica3,adservice=3;cartservice=3;checkoutservice=3;currencyservice=3;emailservice=3;frontend=3;paymentservice=3;productcatalogservice=3;recommendationservice=3;redis-cart=1;shippingservice=3,markov,stageA,cga,CGA,72,72.000,replay,mixed,0.823588,0.044738,7,1.525982,0.000000,0.359677,1.100147,,,0.000000,0.008606,0.008606,7,7,0,58.444652,58.444652,58.444652,58.444652,120.000000,0.000000,113.447368,0.515170,0.000000,20,,,,,,,,,
online-boutique,online-boutique-longmix-stageA-scale20-replica3-markov-steps200-20260612T140708Z,idyn-ob-scale20-replica3,scale20,replica3,adservice=3;cartservice=3;checkoutservice=3;currencyservice=3;emailservice=3;frontend=3;paymentservice=3;productcatalogservice=3;recommendationservice=3;redis-cart=1;shippingservice=3,markov,stageA,hda,HDA,72,72.000,replay,mixed,0.823588,0.044738,7,1.525982,0.000000,0.359677,1.100147,,,0.000000,0.008606,0.008606,7,7,0,58.545594,58.545594,58.545594,58.545594,120.000000,0.000000,113.447368,0.516060,0.000000,20,,,,,,,,,
online-boutique,online-boutique-longmix-stageA-scale20-replica3-markov-steps200-20260612T140708Z,idyn-ob-scale20-replica3,scale20,replica3,adservice=3;cartservice=3;checkoutservice=3;currencyservice=3;emailservice=3;frontend=3;paymentservice=3;productcatalogservice=3;recommendationservice=3;redis-cart=1;shippingservice=3,markov,stageA,kubernetes-default,K8s default,73,73.000,replay,mixed,0.804202,0.023539,7,1.525982,0.000000,0.359677,1.100147,,,0.000000,0.008506,0.008506,7,7,0,56.218861,56.218861,56.218861,56.218861,120.000000,0.000000,113.447368,0.495550,0.000000,20,,,,,,,,,
online-boutique,online-boutique-longmix-stageA-scale20-replica3-markov-steps200-20260612T140708Z,idyn-ob-scale20-replica3,scale20,replica3,adservice=3;cartservice=3;checkoutservice=3;currencyservice=3;emailservice=3;frontend=3;paymentservice=3;productcatalogservice=3;recommendationservice=3;redis-cart=1;shippingservice=3,markov,stageA,cga,CGA,73,73.000,replay,mixed,0.804202,0.023539,7,1.525982,0.000000,0.359677,1.100147,,,0.000000,0.008506,0.008506,7,7,0,56.457226,56.457226,56.457226,56.457226,120.000000,0.000000,113.447368,0.497651,0.000000,20,,,,,,,,,
online-boutique,online-boutique-longmix-stageA-scale20-replica3-markov-steps200-20260612T140708Z,idyn-ob-scale20-replica3,scale20,replica3,adservice=3;cartservice=3;checkoutservice=3;currencyservice=3;emailservice=3;frontend=3;paymentservice=3;productcatalogservice=3;recommendationservice=3;redis-cart=1;shippingservice=3,markov,stageA,hda,HDA,73,73.000,replay,mixed,0.804202,0.023539,7,1.525982,0.000000,0.359677,1.100147,,,0.000000,0.008506,0.008506,7,7,0,57.897845,57.897845,57.897845,57.897845,120.000000,0.000000,113.447368,0.510350,0.000000,20,,,,,,,,,
online-boutique,online-boutique-longmix-stageA-scale20-replica3-markov-steps200-20260612T140708Z,idyn-ob-scale20-replica3,scale20,replica3,adservice=3;cartservice=3;checkoutservice=3;currencyservice=3;emailservice=3;frontend=3;paymentservice=3;productcatalogservice=3;recommendationservice=3;redis-cart=1;shippingservice=3,markov,stageA,kubernetes-default,K8s default,74,74.000,replay,mixed,0.856627,0.061199,7,1.525982,0.000000,0.359677,1.100147,,,0.000000,0.008395,0.008395,7,7,0,64.238546,64.238546,64.238546,64.238546,120.000000,0.000000,113.447368,0.566241,0.000000,20,,,,,,,,,
online-boutique,online-boutique-longmix-stageA-scale20-replica3-markov-steps200-20260612T140708Z,idyn-ob-scale20-replica3,scale20,replica3,adservice=3;cartservice=3;checkoutservice=3;currencyservice=3;emailservice=3;frontend=3;paymentservice=3;productcatalogservice=3;recommendationservice=3;redis-cart=1;shippingservice=3,markov,stageA,cga,CGA,74,74.000,replay,mixed,0.856627,0.061199,7,1.525982,0.000000,0.359677,1.100147,,,0.000000,0.008395,0.008395,7,7,0,58.903066,58.903066,58.903066,58.903066,120.000000,0.000000,113.447368,0.519211,0.000000,20,,,,,,,,,
online-boutique,online-boutique-longmix-stageA-scale20-replica3-markov-steps200-20260612T140708Z,idyn-ob-scale20-replica3,scale20,replica3,adservice=3;cartservice=3;checkoutservice=3;currencyservice=3;emailservice=3;frontend=3;paymentservice=3;productcatalogservice=3;recommendationservice=3;redis-cart=1;shippingservice=3,markov,stageA,hda,HDA,74,74.000,replay,mixed,0.856627,0.061199,7,1.525982,0.000000,0.359677,1.100147,,,0.000000,0.008395,0.008395,7,7,0,54.852001,54.852001,54.852001,54.852001,120.000000,0.000000,113.447368,0.483502,0.000000,20,,,,,,,,,
online-boutique,online-boutique-longmix-stageA-scale20-replica3-markov-steps200-20260612T140708Z,idyn-ob-scale20-replica3,scale20,replica3,adservice=3;cartservice=3;checkoutservice=3;currencyservice=3;emailservice=3;frontend=3;paymentservice=3;productcatalogservice=3;recommendationservice=3;redis-cart=1;shippingservice=3,markov,stageA,kubernetes-default,K8s default,75,75.000,replay,mixed,0.884740,0.031776,7,1.525982,0.000000,0.359677,1.100147,,,0.000000,0.011742,0.011742,7,7,0,66.280466,66.280466,66.280466,66.280466,120.000000,0.000000,113.447368,0.584240,0.000000,20,,,,,,,,,
online-boutique,online-boutique-longmix-stageA-scale20-replica3-markov-steps200-20260612T140708Z,idyn-ob-scale20-replica3,scale20,replica3,adservice=3;cartservice=3;checkoutservice=3;currencyservice=3;emailservice=3;frontend=3;paymentservice=3;productcatalogservice=3;recommendationservice=3;redis-cart=1;shippingservice=3,markov,stageA,cga,CGA,75,75.000,replay,mixed,0.884740,0.031776,7,1.525982,0.000000,0.359677,1.100147,,,0.000000,0.011742,0.011742,7,7,0,62.579407,62.579407,62.579407,62.579407,120.000000,0.000000,113.447368,0.551616,0.000000,20,,,,,,,,,
online-boutique,online-boutique-longmix-stageA-scale20-replica3-markov-steps200-20260612T140708Z,idyn-ob-scale20-replica3,scale20,replica3,adservice=3;cartservice=3;checkoutservice=3;currencyservice=3;emailservice=3;frontend=3;paymentservice=3;productcatalogservice=3;recommendationservice=3;redis-cart=1;shippingservice=3,markov,stageA,hda,HDA,75,75.000,replay,mixed,0.884740,0.031776,7,1.525982,0.000000,0.359677,1.100147,,,0.000000,0.011742,0.011742,7,7,0,59.657173,59.657173,59.657173,59.657173,120.000000,0.000000,113.447368,0.525858,0.000000,20,,,,,,,,,
online-boutique,online-boutique-longmix-stageA-scale20-replica3-markov-steps200-20260612T140708Z,idyn-ob-scale20-replica3,scale20,replica3,adservice=3;cartservice=3;checkoutservice=3;currencyservice=3;emailservice=3;frontend=3;paymentservice=3;productcatalogservice=3;recommendationservice=3;redis-cart=1;shippingservice=3,markov,stageA,kubernetes-default,K8s default,76,76.000,replay,mixed,0.843033,0.621244,7,1.368091,0.800000,0.411186,0.478705,,,0.000000,0.008927,0.008927,7,7,0,105.023730,105.023730,105.023730,105.023730,120.000000,0.000000,132.947368,0.789965,0.000000,20,,,,,,,,,
online-boutique,online-boutique-longmix-stageA-scale20-replica3-markov-steps200-20260612T140708Z,idyn-ob-scale20-replica3,scale20,replica3,adservice=3;cartservice=3;checkoutservice=3;currencyservice=3;emailservice=3;frontend=3;paymentservice=3;productcatalogservice=3;recommendationservice=3;redis-cart=1;shippingservice=3,markov,stageA,cga,CGA,76,76.000,replay,mixed,0.843033,0.621244,7,1.368091,0.800000,0.411186,0.478705,,,0.000000,0.008927,0.008927,7,7,0,99.964531,99.964531,99.964531,99.964531,120.000000,0.000000,132.947368,0.751911,0.000000,20,,,,,,,,,
online-boutique,online-boutique-longmix-stageA-scale20-replica3-markov-steps200-20260612T140708Z,idyn-ob-scale20-replica3,scale20,replica3,adservice=3;cartservice=3;checkoutservice=3;currencyservice=3;emailservice=3;frontend=3;paymentservice=3;productcatalogservice=3;recommendationservice=3;redis-cart=1;shippingservice=3,markov,stageA,hda,HDA,76,76.000,replay,mixed,0.843033,0.621244,7,1.368091,0.800000,0.411186,0.478705,,,0.000000,0.008927,0.008927,7,7,0,91.942157,91.942157,91.942157,91.942157,120.000000,0.000000,132.947368,0.691568,0.000000,20,,,,,,,,,
online-boutique,online-boutique-longmix-stageA-scale20-replica3-markov-steps200-20260612T140708Z,idyn-ob-scale20-replica3,scale20,replica3,adservice=3;cartservice=3;checkoutservice=3;currencyservice=3;emailservice=3;frontend=3;paymentservice=3;productcatalogservice=3;recommendationservice=3;redis-cart=1;shippingservice=3,markov,stageA,kubernetes-default,K8s default,77,77.000,replay,mixed,0.808775,0.040636,7,1.368091,0.000000,0.411186,0.478705,,,0.000000,0.008386,0.008386,7,7,0,77.381058,77.381058,77.381058,77.381058,120.000000,0.000000,132.947368,0.582043,0.000000,20,,,,,,,,,
online-boutique,online-boutique-longmix-stageA-scale20-replica3-markov-steps200-20260612T140708Z,idyn-ob-scale20-replica3,scale20,replica3,adservice=3;cartservice=3;checkoutservice=3;currencyservice=3;emailservice=3;frontend=3;paymentservice=3;productcatalogservice=3;recommendationservice=3;redis-cart=1;shippingservice=3,markov,stageA,cga,CGA,77,77.000,replay,mixed,0.808775,0.040636,7,1.368091,0.000000,0.411186,0.478705,,,0.000000,0.008386,0.008386,7,7,0,73.971494,73.971494,73.971494,73.971494,120.000000,0.000000,132.947368,0.556397,0.000000,20,,,,,,,,,
online-boutique,online-boutique-longmix-stageA-scale20-replica3-markov-steps200-20260612T140708Z,idyn-ob-scale20-replica3,scale20,replica3,adservice=3;cartservice=3;checkoutservice=3;currencyservice=3;emailservice=3;frontend=3;paymentservice=3;productcatalogservice=3;recommendationservice=3;redis-cart=1;shippingservice=3,markov,stageA,hda,HDA,77,77.000,replay,mixed,0.808775,0.040636,7,1.368091,0.000000,0.411186,0.478705,,,0.000000,0.008386,0.008386,7,7,0,71.203385,71.203385,71.203385,71.203385,120.000000,0.000000,132.947368,0.535576,0.000000,20,,,,,,,,,
online-boutique,online-boutique-longmix-stageA-scale20-replica3-markov-steps200-20260612T140708Z,idyn-ob-scale20-replica3,scale20,replica3,adservice=3;cartservice=3;checkoutservice=3;currencyservice=3;emailservice=3;frontend=3;paymentservice=3;productcatalogservice=3;recommendationservice=3;redis-cart=1;shippingservice=3,markov,stageA,kubernetes-default,K8s default,78,78.000,replay,mixed,0.776939,0.039364,7,1.368091,0.000000,0.411186,0.478705,,,0.000000,0.008355,0.008355,7,7,0,79.718186,79.718186,79.718186,79.718186,120.000000,0.000000,132.947368,0.599622,0.000000,20,,,,,,,,,
online-boutique,online-boutique-longmix-stageA-scale20-replica3-markov-steps200-20260612T140708Z,idyn-ob-scale20-replica3,scale20,replica3,adservice=3;cartservice=3;checkoutservice=3;currencyservice=3;emailservice=3;frontend=3;paymentservice=3;productcatalogservice=3;recommendationservice=3;redis-cart=1;shippingservice=3,markov,stageA,cga,CGA,78,78.000,replay,mixed,0.776939,0.039364,7,1.368091,0.000000,0.411186,0.478705,,,0.000000,0.008355,0.008355,7,7,0,75.708008,75.708008,75.708008,75.708008,120.000000,0.000000,132.947368,0.569458,0.000000,20,,,,,,,,,
online-boutique,online-boutique-longmix-stageA-scale20-replica3-markov-steps200-20260612T140708Z,idyn-ob-scale20-replica3,scale20,replica3,adservice=3;cartservice=3;checkoutservice=3;currencyservice=3;emailservice=3;frontend=3;paymentservice=3;productcatalogservice=3;recommendationservice=3;redis-cart=1;shippingservice=3,markov,stageA,hda,HDA,78,78.000,replay,mixed,0.776939,0.039364,7,1.368091,0.000000,0.411186,0.478705,,,0.000000,0.008355,0.008355,7,7,0,70.229682,70.229682,70.229682,70.229682,120.000000,0.000000,132.947368,0.528252,0.000000,20,,,,,,,,,
online-boutique,online-boutique-longmix-stageA-scale20-replica3-markov-steps200-20260612T140708Z,idyn-ob-scale20-replica3,scale20,replica3,adservice=3;cartservice=3;checkoutservice=3;currencyservice=3;emailservice=3;frontend=3;paymentservice=3;productcatalogservice=3;recommendationservice=3;redis-cart=1;shippingservice=3,markov,stageA,kubernetes-default,K8s default,79,79.000,replay,mixed,0.837580,0.072400,7,1.368091,0.000000,0.411186,0.478705,,,0.000000,0.008796,0.008796,7,7,0,81.421456,81.421456,81.421456,81.421456,120.000000,0.000000,132.947368,0.612434,0.000000,20,,,,,,,,,
online-boutique,online-boutique-longmix-stageA-scale20-replica3-markov-steps200-20260612T140708Z,idyn-ob-scale20-replica3,scale20,replica3,adservice=3;cartservice=3;checkoutservice=3;currencyservice=3;emailservice=3;frontend=3;paymentservice=3;productcatalogservice=3;recommendationservice=3;redis-cart=1;shippingservice=3,markov,stageA,cga,CGA,79,79.000,replay,mixed,0.837580,0.072400,7,1.368091,0.000000,0.411186,0.478705,,,0.000000,0.008796,0.008796,7,7,0,81.256826,81.256826,81.256826,81.256826,120.000000,0.000000,132.947368,0.611195,0.000000,20,,,,,,,,,
online-boutique,online-boutique-longmix-stageA-scale20-replica3-markov-steps200-20260612T140708Z,idyn-ob-scale20-replica3,scale20,replica3,adservice=3;cartservice=3;checkoutservice=3;currencyservice=3;emailservice=3;frontend=3;paymentservice=3;productcatalogservice=3;recommendationservice=3;redis-cart=1;shippingservice=3,markov,stageA,hda,HDA,79,79.000,replay,mixed,0.837580,0.072400,7,1.368091,0.000000,0.411186,0.478705,,,0.000000,0.008796,0.008796,7,7,0,72.596233,72.596233,72.596233,72.596233,120.000000,0.000000,132.947368,0.546052,0.000000,20,,,,,,,,,
online-boutique,online-boutique-longmix-stageA-scale20-replica3-markov-steps200-20260612T140708Z,idyn-ob-scale20-replica3,scale20,replica3,adservice=3;cartservice=3;checkoutservice=3;currencyservice=3;emailservice=3;frontend=3;paymentservice=3;productcatalogservice=3;recommendationservice=3;redis-cart=1;shippingservice=3,markov,stageA,kubernetes-default,K8s default,80,80.000,replay,mixed,0.763167,0.088843,7,1.368091,0.000000,0.411186,0.478705,,,0.000000,0.008346,0.008346,7,7,0,78.294489,78.294489,78.294489,78.294489,120.000000,0.000000,132.947368,0.588913,0.000000,20,,,,,,,,,
online-boutique,online-boutique-longmix-stageA-scale20-replica3-markov-steps200-20260612T140708Z,idyn-ob-scale20-replica3,scale20,replica3,adservice=3;cartservice=3;checkoutservice=3;currencyservice=3;emailservice=3;frontend=3;paymentservice=3;productcatalogservice=3;recommendationservice=3;redis-cart=1;shippingservice=3,markov,stageA,cga,CGA,80,80.000,replay,mixed,0.763167,0.088843,7,1.368091,0.000000,0.411186,0.478705,,,0.000000,0.008346,0.008346,7,7,0,72.042424,72.042424,72.042424,72.042424,120.000000,0.000000,132.947368,0.541887,0.000000,20,,,,,,,,,
online-boutique,online-boutique-longmix-stageA-scale20-replica3-markov-steps200-20260612T140708Z,idyn-ob-scale20-replica3,scale20,replica3,adservice=3;cartservice=3;checkoutservice=3;currencyservice=3;emailservice=3;frontend=3;paymentservice=3;productcatalogservice=3;recommendationservice=3;redis-cart=1;shippingservice=3,markov,stageA,hda,HDA,80,80.000,replay,mixed,0.763167,0.088843,7,1.368091,0.000000,0.411186,0.478705,,,0.000000,0.008346,0.008346,7,7,0,72.007358,72.007358,72.007358,72.007358,120.000000,0.000000,132.947368,0.541623,0.000000,20,,,,,,,,,
online-boutique,online-boutique-longmix-stageA-scale20-replica3-markov-steps200-20260612T140708Z,idyn-ob-scale20-replica3,scale20,replica3,adservice=3;cartservice=3;checkoutservice=3;currencyservice=3;emailservice=3;frontend=3;paymentservice=3;productcatalogservice=3;recommendationservice=3;redis-cart=1;shippingservice=3,markov,stageA,kubernetes-default,K8s default,81,81.000,replay,mixed,0.810224,0.058080,7,1.368091,0.000000,0.411186,0.478705,,,0.000000,0.008405,0.008405,7,7,0,85.711999,85.711999,85.711999,85.711999,120.000000,0.000000,132.947368,0.644706,0.000000,20,,,,,,,,,
online-boutique,online-boutique-longmix-stageA-scale20-replica3-markov-steps200-20260612T140708Z,idyn-ob-scale20-replica3,scale20,replica3,adservice=3;cartservice=3;checkoutservice=3;currencyservice=3;emailservice=3;frontend=3;paymentservice=3;productcatalogservice=3;recommendationservice=3;redis-cart=1;shippingservice=3,markov,stageA,cga,CGA,81,81.000,replay,mixed,0.810224,0.058080,7,1.368091,0.000000,0.411186,0.478705,,,0.000000,0.008405,0.008405,7,7,0,71.562038,71.562038,71.562038,71.562038,120.000000,0.000000,132.947368,0.538273,0.000000,20,,,,,,,,,
online-boutique,online-boutique-longmix-stageA-scale20-replica3-markov-steps200-20260612T140708Z,idyn-ob-scale20-replica3,scale20,replica3,adservice=3;cartservice=3;checkoutservice=3;currencyservice=3;emailservice=3;frontend=3;paymentservice=3;productcatalogservice=3;recommendationservice=3;redis-cart=1;shippingservice=3,markov,stageA,hda,HDA,81,81.000,replay,mixed,0.810224,0.058080,7,1.368091,0.000000,0.411186,0.478705,,,0.000000,0.008405,0.008405,7,7,0,69.438152,69.438152,69.438152,69.438152,120.000000,0.000000,132.947368,0.522298,0.000000,20,,,,,,,,,
online-boutique,online-boutique-longmix-stageA-scale20-replica3-markov-steps200-20260612T140708Z,idyn-ob-scale20-replica3,scale20,replica3,adservice=3;cartservice=3;checkoutservice=3;currencyservice=3;emailservice=3;frontend=3;paymentservice=3;productcatalogservice=3;recommendationservice=3;redis-cart=1;shippingservice=3,markov,stageA,kubernetes-default,K8s default,82,82.000,replay,mixed,0.815564,0.576556,7,1.440440,0.800000,0.467762,1.918165,,,0.000000,0.013576,0.013576,7,7,0,95.815847,95.815847,95.815847,95.815847,120.000000,0.000000,119.947368,0.798816,0.000000,20,,,,,,,,,
online-boutique,online-boutique-longmix-stageA-scale20-replica3-markov-steps200-20260612T140708Z,idyn-ob-scale20-replica3,scale20,replica3,adservice=3;cartservice=3;checkoutservice=3;currencyservice=3;emailservice=3;frontend=3;paymentservice=3;productcatalogservice=3;recommendationservice=3;redis-cart=1;shippingservice=3,markov,stageA,cga,CGA,82,82.000,replay,mixed,0.815564,0.576556,7,1.440440,0.800000,0.467762,1.918165,,,0.000000,0.013576,0.013576,7,7,0,87.330297,87.330297,87.330297,87.330297,120.000000,0.000000,119.947368,0.728072,0.000000,20,,,,,,,,,
online-boutique,online-boutique-longmix-stageA-scale20-replica3-markov-steps200-20260612T140708Z,idyn-ob-scale20-replica3,scale20,replica3,adservice=3;cartservice=3;checkoutservice=3;currencyservice=3;emailservice=3;frontend=3;paymentservice=3;productcatalogservice=3;recommendationservice=3;redis-cart=1;shippingservice=3,markov,stageA,hda,HDA,82,82.000,replay,mixed,0.815564,0.576556,7,1.440440,0.800000,0.467762,1.918165,,,0.000000,0.013576,0.013576,7,7,0,80.873725,80.873725,80.873725,80.873725,120.000000,0.000000,119.947368,0.674243,0.000000,20,,,,,,,,,
online-boutique,online-boutique-longmix-stageA-scale20-replica3-markov-steps200-20260612T140708Z,idyn-ob-scale20-replica3,scale20,replica3,adservice=3;cartservice=3;checkoutservice=3;currencyservice=3;emailservice=3;frontend=3;paymentservice=3;productcatalogservice=3;recommendationservice=3;redis-cart=1;shippingservice=3,markov,stageA,kubernetes-default,K8s default,83,83.000,replay,mixed,0.791414,0.029612,7,1.440440,0.000000,0.467762,1.918165,,,0.000000,0.008246,0.008246,7,7,0,63.979270,63.979270,63.979270,63.979270,120.000000,0.000000,119.947368,0.533395,0.000000,20,,,,,,,,,
online-boutique,online-boutique-longmix-stageA-scale20-replica3-markov-steps200-20260612T140708Z,idyn-ob-scale20-replica3,scale20,replica3,adservice=3;cartservice=3;checkoutservice=3;currencyservice=3;emailservice=3;frontend=3;paymentservice=3;productcatalogservice=3;recommendationservice=3;redis-cart=1;shippingservice=3,markov,stageA,cga,CGA,83,83.000,replay,mixed,0.791414,0.029612,7,1.440440,0.000000,0.467762,1.918165,,,0.000000,0.008246,0.008246,7,7,0,63.734959,63.734959,63.734959,63.734959,120.000000,0.000000,119.947368,0.531358,0.000000,20,,,,,,,,,
online-boutique,online-boutique-longmix-stageA-scale20-replica3-markov-steps200-20260612T140708Z,idyn-ob-scale20-replica3,scale20,replica3,adservice=3;cartservice=3;checkoutservice=3;currencyservice=3;emailservice=3;frontend=3;paymentservice=3;productcatalogservice=3;recommendationservice=3;redis-cart=1;shippingservice=3,markov,stageA,hda,HDA,83,83.000,replay,mixed,0.791414,0.029612,7,1.440440,0.000000,0.467762,1.918165,,,0.000000,0.008246,0.008246,7,7,0,60.533558,60.533558,60.533558,60.533558,120.000000,0.000000,119.947368,0.504668,0.000000,20,,,,,,,,,
online-boutique,online-boutique-longmix-stageA-scale20-replica3-markov-steps200-20260612T140708Z,idyn-ob-scale20-replica3,scale20,replica3,adservice=3;cartservice=3;checkoutservice=3;currencyservice=3;emailservice=3;frontend=3;paymentservice=3;productcatalogservice=3;recommendationservice=3;redis-cart=1;shippingservice=3,markov,stageA,kubernetes-default,K8s default,84,84.000,replay,mixed,0.810872,0.023997,7,1.440440,0.000000,0.467762,1.918165,,,0.000000,0.007904,0.007904,7,7,0,68.446448,68.446448,68.446448,68.446448,120.000000,0.000000,119.947368,0.570637,0.000000,20,,,,,,,,,
online-boutique,online-boutique-longmix-stageA-scale20-replica3-markov-steps200-20260612T140708Z,idyn-ob-scale20-replica3,scale20,replica3,adservice=3;cartservice=3;checkoutservice=3;currencyservice=3;emailservice=3;frontend=3;paymentservice=3;productcatalogservice=3;recommendationservice=3;redis-cart=1;shippingservice=3,markov,stageA,cga,CGA,84,84.000,replay,mixed,0.810872,0.023997,7,1.440440,0.000000,0.467762,1.918165,,,0.000000,0.007904,0.007904,7,7,0,63.985910,63.985910,63.985910,63.985910,120.000000,0.000000,119.947368,0.533450,0.000000,20,,,,,,,,,
online-boutique,online-boutique-longmix-stageA-scale20-replica3-markov-steps200-20260612T140708Z,idyn-ob-scale20-replica3,scale20,replica3,adservice=3;cartservice=3;checkoutservice=3;currencyservice=3;emailservice=3;frontend=3;paymentservice=3;productcatalogservice=3;recommendationservice=3;redis-cart=1;shippingservice=3,markov,stageA,hda,HDA,84,84.000,replay,mixed,0.810872,0.023997,7,1.440440,0.000000,0.467762,1.918165,,,0.000000,0.007904,0.007904,7,7,0,59.265017,59.265017,59.265017,59.265017,120.000000,0.000000,119.947368,0.494092,0.000000,20,,,,,,,,,
online-boutique,online-boutique-longmix-stageA-scale20-replica3-markov-steps200-20260612T140708Z,idyn-ob-scale20-replica3,scale20,replica3,adservice=3;cartservice=3;checkoutservice=3;currencyservice=3;emailservice=3;frontend=3;paymentservice=3;productcatalogservice=3;recommendationservice=3;redis-cart=1;shippingservice=3,markov,stageA,kubernetes-default,K8s default,85,85.000,replay,mixed,0.728618,0.822355,14,1.525982,1.000000,0.344308,0.539631,,,0.000000,0.008375,0.008375,11,14,0,150.098569,150.098569,150.098569,150.098569,120.000000,0.000000,191.447368,0.784020,0.000000,20,,,,,,,,,
online-boutique,online-boutique-longmix-stageA-scale20-replica3-markov-steps200-20260612T140708Z,idyn-ob-scale20-replica3,scale20,replica3,adservice=3;cartservice=3;checkoutservice=3;currencyservice=3;emailservice=3;frontend=3;paymentservice=3;productcatalogservice=3;recommendationservice=3;redis-cart=1;shippingservice=3,markov,stageA,cga,CGA,85,85.000,replay,mixed,0.728618,0.822355,14,1.525982,1.000000,0.344308,0.539631,,,0.000000,0.008375,0.008375,11,14,0,140.958921,140.958921,140.958921,140.958921,120.000000,0.000000,191.447368,0.736280,0.000000,20,,,,,,,,,
online-boutique,online-boutique-longmix-stageA-scale20-replica3-markov-steps200-20260612T140708Z,idyn-ob-scale20-replica3,scale20,replica3,adservice=3;cartservice=3;checkoutservice=3;currencyservice=3;emailservice=3;frontend=3;paymentservice=3;productcatalogservice=3;recommendationservice=3;redis-cart=1;shippingservice=3,markov,stageA,hda,HDA,85,85.000,replay,mixed,0.728618,0.822355,14,1.525982,1.000000,0.344308,0.539631,,,0.000000,0.008375,0.008375,11,14,0,136.881578,136.881578,136.881578,136.881578,120.000000,0.000000,191.447368,0.714983,0.000000,20,,,,,,,,,
online-boutique,online-boutique-longmix-stageA-scale20-replica3-markov-steps200-20260612T140708Z,idyn-ob-scale20-replica3,scale20,replica3,adservice=3;cartservice=3;checkoutservice=3;currencyservice=3;emailservice=3;frontend=3;paymentservice=3;productcatalogservice=3;recommendationservice=3;redis-cart=1;shippingservice=3,markov,stageA,kubernetes-default,K8s default,86,86.000,replay,mixed,0.724345,0.005865,14,1.525982,0.000000,0.344308,0.539631,,,0.000000,0.008626,0.008626,11,14,0,111.526486,111.526486,111.526486,111.526486,120.000000,0.000000,191.447368,0.582544,0.000000,20,,,,,,,,,
online-boutique,online-boutique-longmix-stageA-scale20-replica3-markov-steps200-20260612T140708Z,idyn-ob-scale20-replica3,scale20,replica3,adservice=3;cartservice=3;checkoutservice=3;currencyservice=3;emailservice=3;frontend=3;paymentservice=3;productcatalogservice=3;recommendationservice=3;redis-cart=1;shippingservice=3,markov,stageA,cga,CGA,86,86.000,replay,mixed,0.724345,0.005865,14,1.525982,0.000000,0.344308,0.539631,,,0.000000,0.008626,0.008626,11,14,0,105.804705,105.804705,105.804705,105.804705,120.000000,0.000000,191.447368,0.552657,0.000000,20,,,,,,,,,
online-boutique,online-boutique-longmix-stageA-scale20-replica3-markov-steps200-20260612T140708Z,idyn-ob-scale20-replica3,scale20,replica3,adservice=3;cartservice=3;checkoutservice=3;currencyservice=3;emailservice=3;frontend=3;paymentservice=3;productcatalogservice=3;recommendationservice=3;redis-cart=1;shippingservice=3,markov,stageA,hda,HDA,86,86.000,replay,mixed,0.724345,0.005865,14,1.525982,0.000000,0.344308,0.539631,,,0.000000,0.008626,0.008626,11,14,0,99.361468,99.361468,99.361468,99.361468,120.000000,0.000000,191.447368,0.519001,0.000000,20,,,,,,,,,
online-boutique,online-boutique-longmix-stageA-scale20-replica3-markov-steps200-20260612T140708Z,idyn-ob-scale20-replica3,scale20,replica3,adservice=3;cartservice=3;checkoutservice=3;currencyservice=3;emailservice=3;frontend=3;paymentservice=3;productcatalogservice=3;recommendationservice=3;redis-cart=1;shippingservice=3,markov,stageA,kubernetes-default,K8s default,87,87.000,replay,mixed,0.804327,0.865723,7,1.012248,1.000000,0.347958,0.133792,,,0.000000,0.008577,0.008577,7,7,0,121.389533,121.389533,121.389533,121.389533,120.000000,0.000000,139.447368,0.870504,0.000000,20,,,,,,,,,
online-boutique,online-boutique-longmix-stageA-scale20-replica3-markov-steps200-20260612T140708Z,idyn-ob-scale20-replica3,scale20,replica3,adservice=3;cartservice=3;checkoutservice=3;currencyservice=3;emailservice=3;frontend=3;paymentservice=3;productcatalogservice=3;recommendationservice=3;redis-cart=1;shippingservice=3,markov,stageA,cga,CGA,87,87.000,replay,mixed,0.804327,0.865723,7,1.012248,1.000000,0.347958,0.133792,,,0.000000,0.008577,0.008577,7,7,0,110.939300,110.939300,110.939300,110.939300,120.000000,0.000000,139.447368,0.795564,0.000000,20,,,,,,,,,
online-boutique,online-boutique-longmix-stageA-scale20-replica3-markov-steps200-20260612T140708Z,idyn-ob-scale20-replica3,scale20,replica3,adservice=3;cartservice=3;checkoutservice=3;currencyservice=3;emailservice=3;frontend=3;paymentservice=3;productcatalogservice=3;recommendationservice=3;redis-cart=1;shippingservice=3,markov,stageA,hda,HDA,87,87.000,replay,mixed,0.804327,0.865723,7,1.012248,1.000000,0.347958,0.133792,,,0.000000,0.008577,0.008577,7,7,0,108.557312,108.557312,108.557312,108.557312,120.000000,0.000000,139.447368,0.778482,0.000000,20,,,,,,,,,
online-boutique,online-boutique-longmix-stageA-scale20-replica3-markov-steps200-20260612T140708Z,idyn-ob-scale20-replica3,scale20,replica3,adservice=3;cartservice=3;checkoutservice=3;currencyservice=3;emailservice=3;frontend=3;paymentservice=3;productcatalogservice=3;recommendationservice=3;redis-cart=1;shippingservice=3,markov,stageA,kubernetes-default,K8s default,88,88.000,replay,mixed,0.751067,0.066217,7,1.012248,0.000000,0.347958,0.133792,,,0.000000,0.011151,0.011151,7,7,0,80.818462,80.818462,80.818462,80.818462,120.000000,0.000000,139.447368,0.579562,0.000000,20,,,,,,,,,
online-boutique,online-boutique-longmix-stageA-scale20-replica3-markov-steps200-20260612T140708Z,idyn-ob-scale20-replica3,scale20,replica3,adservice=3;cartservice=3;checkoutservice=3;currencyservice=3;emailservice=3;frontend=3;paymentservice=3;productcatalogservice=3;recommendationservice=3;redis-cart=1;shippingservice=3,markov,stageA,cga,CGA,88,88.000,replay,mixed,0.751067,0.066217,7,1.012248,0.000000,0.347958,0.133792,,,0.000000,0.011151,0.011151,7,7,0,76.937791,76.937791,76.937791,76.937791,120.000000,0.000000,139.447368,0.551734,0.000000,20,,,,,,,,,
online-boutique,online-boutique-longmix-stageA-scale20-replica3-markov-steps200-20260612T140708Z,idyn-ob-scale20-replica3,scale20,replica3,adservice=3;cartservice=3;checkoutservice=3;currencyservice=3;emailservice=3;frontend=3;paymentservice=3;productcatalogservice=3;recommendationservice=3;redis-cart=1;shippingservice=3,markov,stageA,hda,HDA,88,88.000,replay,mixed,0.751067,0.066217,7,1.012248,0.000000,0.347958,0.133792,,,0.000000,0.011151,0.011151,7,7,0,71.667059,71.667059,71.667059,71.667059,120.000000,0.000000,139.447368,0.513936,0.000000,20,,,,,,,,,
online-boutique,online-boutique-longmix-stageA-scale20-replica3-markov-steps200-20260612T140708Z,idyn-ob-scale20-replica3,scale20,replica3,adservice=3;cartservice=3;checkoutservice=3;currencyservice=3;emailservice=3;frontend=3;paymentservice=3;productcatalogservice=3;recommendationservice=3;redis-cart=1;shippingservice=3,markov,stageA,kubernetes-default,K8s default,89,89.000,replay,mixed,0.721691,0.039111,7,1.012248,0.000000,0.347958,0.133792,,,0.000000,0.011392,0.011392,7,7,0,79.943721,79.943721,79.943721,79.943721,120.000000,0.000000,139.447368,0.573290,0.000000,20,,,,,,,,,
online-boutique,online-boutique-longmix-stageA-scale20-replica3-markov-steps200-20260612T140708Z,idyn-ob-scale20-replica3,scale20,replica3,adservice=3;cartservice=3;checkoutservice=3;currencyservice=3;emailservice=3;frontend=3;paymentservice=3;productcatalogservice=3;recommendationservice=3;redis-cart=1;shippingservice=3,markov,stageA,cga,CGA,89,89.000,replay,mixed,0.721691,0.039111,7,1.012248,0.000000,0.347958,0.133792,,,0.000000,0.011392,0.011392,7,7,0,69.158558,69.158558,69.158558,69.158558,120.000000,0.000000,139.447368,0.495947,0.000000,20,,,,,,,,,
online-boutique,online-boutique-longmix-stageA-scale20-replica3-markov-steps200-20260612T140708Z,idyn-ob-scale20-replica3,scale20,replica3,adservice=3;cartservice=3;checkoutservice=3;currencyservice=3;emailservice=3;frontend=3;paymentservice=3;productcatalogservice=3;recommendationservice=3;redis-cart=1;shippingservice=3,markov,stageA,hda,HDA,89,89.000,replay,mixed,0.721691,0.039111,7,1.012248,0.000000,0.347958,0.133792,,,0.000000,0.011392,0.011392,7,7,0,71.861403,71.861403,71.861403,71.861403,120.000000,0.000000,139.447368,0.515330,0.000000,20,,,,,,,,,
online-boutique,online-boutique-longmix-stageA-scale20-replica3-markov-steps200-20260612T140708Z,idyn-ob-scale20-replica3,scale20,replica3,adservice=3;cartservice=3;checkoutservice=3;currencyservice=3;emailservice=3;frontend=3;paymentservice=3;productcatalogservice=3;recommendationservice=3;redis-cart=1;shippingservice=3,markov,stageA,kubernetes-default,K8s default,90,90.000,replay,mixed,0.762462,0.053473,7,1.012248,0.000000,0.347958,0.133792,,,0.000000,0.012063,0.012063,7,7,0,81.920010,81.920010,81.920010,81.920010,120.000000,0.000000,139.447368,0.587462,0.000000,20,,,,,,,,,
online-boutique,online-boutique-longmix-stageA-scale20-replica3-markov-steps200-20260612T140708Z,idyn-ob-scale20-replica3,scale20,replica3,adservice=3;cartservice=3;checkoutservice=3;currencyservice=3;emailservice=3;frontend=3;paymentservice=3;productcatalogservice=3;recommendationservice=3;redis-cart=1;shippingservice=3,markov,stageA,cga,CGA,90,90.000,replay,mixed,0.762462,0.053473,7,1.012248,0.000000,0.347958,0.133792,,,0.000000,0.012063,0.012063,7,7,0,76.678766,76.678766,76.678766,76.678766,120.000000,0.000000,139.447368,0.549876,0.000000,20,,,,,,,,,
online-boutique,online-boutique-longmix-stageA-scale20-replica3-markov-steps200-20260612T140708Z,idyn-ob-scale20-replica3,scale20,replica3,adservice=3;cartservice=3;checkoutservice=3;currencyservice=3;emailservice=3;frontend=3;paymentservice=3;productcatalogservice=3;recommendationservice=3;redis-cart=1;shippingservice=3,markov,stageA,hda,HDA,90,90.000,replay,mixed,0.762462,0.053473,7,1.012248,0.000000,0.347958,0.133792,,,0.000000,0.012063,0.012063,7,7,0,73.959569,73.959569,73.959569,73.959569,120.000000,0.000000,139.447368,0.530376,0.000000,20,,,,,,,,,
online-boutique,online-boutique-longmix-stageA-scale20-replica3-markov-steps200-20260612T140708Z,idyn-ob-scale20-replica3,scale20,replica3,adservice=3;cartservice=3;checkoutservice=3;currencyservice=3;emailservice=3;frontend=3;paymentservice=3;productcatalogservice=3;recommendationservice=3;redis-cart=1;shippingservice=3,markov,stageA,kubernetes-default,K8s default,91,91.000,replay,mixed,0.766463,0.005219,7,1.012248,0.000000,0.347958,0.133792,,,0.000000,0.008015,0.008015,7,7,0,80.945006,80.945006,80.945006,80.945006,120.000000,0.000000,139.447368,0.580470,0.000000,20,,,,,,,,,
online-boutique,online-boutique-longmix-stageA-scale20-replica3-markov-steps200-20260612T140708Z,idyn-ob-scale20-replica3,scale20,replica3,adservice=3;cartservice=3;checkoutservice=3;currencyservice=3;emailservice=3;frontend=3;paymentservice=3;productcatalogservice=3;recommendationservice=3;redis-cart=1;shippingservice=3,markov,stageA,cga,CGA,91,91.000,replay,mixed,0.766463,0.005219,7,1.012248,0.000000,0.347958,0.133792,,,0.000000,0.008015,0.008015,7,7,0,76.741196,76.741196,76.741196,76.741196,120.000000,0.000000,139.447368,0.550324,0.000000,20,,,,,,,,,
online-boutique,online-boutique-longmix-stageA-scale20-replica3-markov-steps200-20260612T140708Z,idyn-ob-scale20-replica3,scale20,replica3,adservice=3;cartservice=3;checkoutservice=3;currencyservice=3;emailservice=3;frontend=3;paymentservice=3;productcatalogservice=3;recommendationservice=3;redis-cart=1;shippingservice=3,markov,stageA,hda,HDA,91,91.000,replay,mixed,0.766463,0.005219,7,1.012248,0.000000,0.347958,0.133792,,,0.000000,0.008015,0.008015,7,7,0,73.929382,73.929382,73.929382,73.929382,120.000000,0.000000,139.447368,0.530160,0.000000,20,,,,,,,,,
online-boutique,online-boutique-longmix-stageA-scale20-replica3-markov-steps200-20260612T140708Z,idyn-ob-scale20-replica3,scale20,replica3,adservice=3;cartservice=3;checkoutservice=3;currencyservice=3;emailservice=3;frontend=3;paymentservice=3;productcatalogservice=3;recommendationservice=3;redis-cart=1;shippingservice=3,markov,stageA,kubernetes-default,K8s default,92,92.000,replay,mixed,0.708256,0.075942,7,1.012248,0.000000,0.347958,0.133792,,,0.000000,0.008375,0.008375,7,7,0,75.928720,75.928720,75.928720,75.928720,120.000000,0.000000,139.447368,0.544497,0.000000,20,,,,,,,,,
online-boutique,online-boutique-longmix-stageA-scale20-replica3-markov-steps200-20260612T140708Z,idyn-ob-scale20-replica3,scale20,replica3,adservice=3;cartservice=3;checkoutservice=3;currencyservice=3;emailservice=3;frontend=3;paymentservice=3;productcatalogservice=3;recommendationservice=3;redis-cart=1;shippingservice=3,markov,stageA,cga,CGA,92,92.000,replay,mixed,0.708256,0.075942,7,1.012248,0.000000,0.347958,0.133792,,,0.000000,0.008375,0.008375,7,7,0,76.337112,76.337112,76.337112,76.337112,120.000000,0.000000,139.447368,0.547426,0.000000,20,,,,,,,,,
online-boutique,online-boutique-longmix-stageA-scale20-replica3-markov-steps200-20260612T140708Z,idyn-ob-scale20-replica3,scale20,replica3,adservice=3;cartservice=3;checkoutservice=3;currencyservice=3;emailservice=3;frontend=3;paymentservice=3;productcatalogservice=3;recommendationservice=3;redis-cart=1;shippingservice=3,markov,stageA,hda,HDA,92,92.000,replay,mixed,0.708256,0.075942,7,1.012248,0.000000,0.347958,0.133792,,,0.000000,0.008375,0.008375,7,7,0,71.610714,71.610714,71.610714,71.610714,120.000000,0.000000,139.447368,0.513532,0.000000,20,,,,,,,,,
online-boutique,online-boutique-longmix-stageA-scale20-replica3-markov-steps200-20260612T140708Z,idyn-ob-scale20-replica3,scale20,replica3,adservice=3;cartservice=3;checkoutservice=3;currencyservice=3;emailservice=3;frontend=3;paymentservice=3;productcatalogservice=3;recommendationservice=3;redis-cart=1;shippingservice=3,markov,stageA,kubernetes-default,K8s default,93,93.000,replay,mixed,0.689169,0.026949,7,1.012248,0.000000,0.347958,0.133792,,,0.000000,0.008306,0.008306,7,7,0,76.213793,76.213793,76.213793,76.213793,120.000000,0.000000,139.447368,0.546542,0.000000,20,,,,,,,,,
online-boutique,online-boutique-longmix-stageA-scale20-replica3-markov-steps200-20260612T140708Z,idyn-ob-scale20-replica3,scale20,replica3,adservice=3;cartservice=3;checkoutservice=3;currencyservice=3;emailservice=3;frontend=3;paymentservice=3;productcatalogservice=3;recommendationservice=3;redis-cart=1;shippingservice=3,markov,stageA,cga,CGA,93,93.000,replay,mixed,0.689169,0.026949,7,1.012248,0.000000,0.347958,0.133792,,,0.000000,0.008306,0.008306,7,7,0,74.361632,74.361632,74.361632,74.361632,120.000000,0.000000,139.447368,0.533259,0.000000,20,,,,,,,,,
online-boutique,online-boutique-longmix-stageA-scale20-replica3-markov-steps200-20260612T140708Z,idyn-ob-scale20-replica3,scale20,replica3,adservice=3;cartservice=3;checkoutservice=3;currencyservice=3;emailservice=3;frontend=3;paymentservice=3;productcatalogservice=3;recommendationservice=3;redis-cart=1;shippingservice=3,markov,stageA,hda,HDA,93,93.000,replay,mixed,0.689169,0.026949,7,1.012248,0.000000,0.347958,0.133792,,,0.000000,0.008306,0.008306,7,7,0,71.914361,71.914361,71.914361,71.914361,120.000000,0.000000,139.447368,0.515710,0.000000,20,,,,,,,,,
online-boutique,online-boutique-longmix-stageA-scale20-replica3-markov-steps200-20260612T140708Z,idyn-ob-scale20-replica3,scale20,replica3,adservice=3;cartservice=3;checkoutservice=3;currencyservice=3;emailservice=3;frontend=3;paymentservice=3;productcatalogservice=3;recommendationservice=3;redis-cart=1;shippingservice=3,markov,stageA,kubernetes-default,K8s default,94,94.000,replay,mixed,0.684011,0.007484,7,1.012248,0.000000,0.347958,0.133792,,,0.000000,0.008406,0.008406,7,7,0,75.308952,75.308952,75.308952,75.308952,120.000000,0.000000,139.447368,0.540053,0.000000,20,,,,,,,,,
online-boutique,online-boutique-longmix-stageA-scale20-replica3-markov-steps200-20260612T140708Z,idyn-ob-scale20-replica3,scale20,replica3,adservice=3;cartservice=3;checkoutservice=3;currencyservice=3;emailservice=3;frontend=3;paymentservice=3;productcatalogservice=3;recommendationservice=3;redis-cart=1;shippingservice=3,markov,stageA,cga,CGA,94,94.000,replay,mixed,0.684011,0.007484,7,1.012248,0.000000,0.347958,0.133792,,,0.000000,0.008406,0.008406,7,7,0,72.045472,72.045472,72.045472,72.045472,120.000000,0.000000,139.447368,0.516650,0.000000,20,,,,,,,,,
online-boutique,online-boutique-longmix-stageA-scale20-replica3-markov-steps200-20260612T140708Z,idyn-ob-scale20-replica3,scale20,replica3,adservice=3;cartservice=3;checkoutservice=3;currencyservice=3;emailservice=3;frontend=3;paymentservice=3;productcatalogservice=3;recommendationservice=3;redis-cart=1;shippingservice=3,markov,stageA,hda,HDA,94,94.000,replay,mixed,0.684011,0.007484,7,1.012248,0.000000,0.347958,0.133792,,,0.000000,0.008406,0.008406,7,7,0,66.974122,66.974122,66.974122,66.974122,120.000000,0.000000,139.447368,0.480282,0.000000,20,,,,,,,,,
online-boutique,online-boutique-longmix-stageA-scale20-replica3-markov-steps200-20260612T140708Z,idyn-ob-scale20-replica3,scale20,replica3,adservice=3;cartservice=3;checkoutservice=3;currencyservice=3;emailservice=3;frontend=3;paymentservice=3;productcatalogservice=3;recommendationservice=3;redis-cart=1;shippingservice=3,markov,stageA,kubernetes-default,K8s default,95,95.000,replay,mixed,0.721393,0.051819,7,1.012248,0.000000,0.347958,0.133792,,,0.000000,0.008035,0.008035,7,7,0,82.383391,82.383391,82.383391,82.383391,120.000000,0.000000,139.447368,0.590785,0.000000,20,,,,,,,,,
online-boutique,online-boutique-longmix-stageA-scale20-replica3-markov-steps200-20260612T140708Z,idyn-ob-scale20-replica3,scale20,replica3,adservice=3;cartservice=3;checkoutservice=3;currencyservice=3;emailservice=3;frontend=3;paymentservice=3;productcatalogservice=3;recommendationservice=3;redis-cart=1;shippingservice=3,markov,stageA,cga,CGA,95,95.000,replay,mixed,0.721393,0.051819,7,1.012248,0.000000,0.347958,0.133792,,,0.000000,0.008035,0.008035,7,7,0,74.675990,74.675990,74.675990,74.675990,120.000000,0.000000,139.447368,0.535514,0.000000,20,,,,,,,,,
online-boutique,online-boutique-longmix-stageA-scale20-replica3-markov-steps200-20260612T140708Z,idyn-ob-scale20-replica3,scale20,replica3,adservice=3;cartservice=3;checkoutservice=3;currencyservice=3;emailservice=3;frontend=3;paymentservice=3;productcatalogservice=3;recommendationservice=3;redis-cart=1;shippingservice=3,markov,stageA,hda,HDA,95,95.000,replay,mixed,0.721393,0.051819,7,1.012248,0.000000,0.347958,0.133792,,,0.000000,0.008035,0.008035,7,7,0,70.253679,70.253679,70.253679,70.253679,120.000000,0.000000,139.447368,0.503801,0.000000,20,,,,,,,,,
online-boutique,online-boutique-longmix-stageA-scale20-replica3-markov-steps200-20260612T140708Z,idyn-ob-scale20-replica3,scale20,replica3,adservice=3;cartservice=3;checkoutservice=3;currencyservice=3;emailservice=3;frontend=3;paymentservice=3;productcatalogservice=3;recommendationservice=3;redis-cart=1;shippingservice=3,markov,stageA,kubernetes-default,K8s default,96,96.000,replay,mixed,0.739418,0.726750,7,1.440440,0.800000,0.418771,0.479206,,,0.000000,0.011381,0.011381,7,7,0,115.904837,115.904837,115.904837,115.904837,120.000000,0.000000,145.947368,0.794155,0.000000,20,,,,,,,,,
online-boutique,online-boutique-longmix-stageA-scale20-replica3-markov-steps200-20260612T140708Z,idyn-ob-scale20-replica3,scale20,replica3,adservice=3;cartservice=3;checkoutservice=3;currencyservice=3;emailservice=3;frontend=3;paymentservice=3;productcatalogservice=3;recommendationservice=3;redis-cart=1;shippingservice=3,markov,stageA,cga,CGA,96,96.000,replay,mixed,0.739418,0.726750,7,1.440440,0.800000,0.418771,0.479206,,,0.000000,0.011381,0.011381,7,7,0,108.457144,108.457144,108.457144,108.457144,120.000000,0.000000,145.947368,0.743125,0.000000,20,,,,,,,,,
online-boutique,online-boutique-longmix-stageA-scale20-replica3-markov-steps200-20260612T140708Z,idyn-ob-scale20-replica3,scale20,replica3,adservice=3;cartservice=3;checkoutservice=3;currencyservice=3;emailservice=3;frontend=3;paymentservice=3;productcatalogservice=3;recommendationservice=3;redis-cart=1;shippingservice=3,markov,stageA,hda,HDA,96,96.000,replay,mixed,0.739418,0.726750,7,1.440440,0.800000,0.418771,0.479206,,,0.000000,0.011381,0.011381,7,7,0,102.842400,102.842400,102.842400,102.842400,120.000000,0.000000,145.947368,0.704654,0.000000,20,,,,,,,,,
online-boutique,online-boutique-longmix-stageA-scale20-replica3-markov-steps200-20260612T140708Z,idyn-ob-scale20-replica3,scale20,replica3,adservice=3;cartservice=3;checkoutservice=3;currencyservice=3;emailservice=3;frontend=3;paymentservice=3;productcatalogservice=3;recommendationservice=3;redis-cart=1;shippingservice=3,markov,stageA,kubernetes-default,K8s default,97,97.000,replay,mixed,0.670490,0.093219,7,1.440440,0.000000,0.418771,0.479206,,,0.000000,0.008556,0.008556,7,7,0,87.812979,87.812979,87.812979,87.812979,120.000000,0.000000,145.947368,0.601676,0.000000,20,,,,,,,,,
online-boutique,online-boutique-longmix-stageA-scale20-replica3-markov-steps200-20260612T140708Z,idyn-ob-scale20-replica3,scale20,replica3,adservice=3;cartservice=3;checkoutservice=3;currencyservice=3;emailservice=3;frontend=3;paymentservice=3;productcatalogservice=3;recommendationservice=3;redis-cart=1;shippingservice=3,markov,stageA,cga,CGA,97,97.000,replay,mixed,0.670490,0.093219,7,1.440440,0.000000,0.418771,0.479206,,,0.000000,0.008556,0.008556,7,7,0,80.956394,80.956394,80.956394,80.956394,120.000000,0.000000,145.947368,0.554696,0.000000,20,,,,,,,,,
online-boutique,online-boutique-longmix-stageA-scale20-replica3-markov-steps200-20260612T140708Z,idyn-ob-scale20-replica3,scale20,replica3,adservice=3;cartservice=3;checkoutservice=3;currencyservice=3;emailservice=3;frontend=3;paymentservice=3;productcatalogservice=3;recommendationservice=3;redis-cart=1;shippingservice=3,markov,stageA,hda,HDA,97,97.000,replay,mixed,0.670490,0.093219,7,1.440440,0.000000,0.418771,0.479206,,,0.000000,0.008556,0.008556,7,7,0,75.821132,75.821132,75.821132,75.821132,120.000000,0.000000,145.947368,0.519510,0.000000,20,,,,,,,,,
online-boutique,online-boutique-longmix-stageA-scale20-replica3-markov-steps200-20260612T140708Z,idyn-ob-scale20-replica3,scale20,replica3,adservice=3;cartservice=3;checkoutservice=3;currencyservice=3;emailservice=3;frontend=3;paymentservice=3;productcatalogservice=3;recommendationservice=3;redis-cart=1;shippingservice=3,markov,stageA,kubernetes-default,K8s default,98,98.000,replay,mixed,0.692829,0.032243,7,1.440440,0.000000,0.418771,0.479206,,,0.000000,0.011412,0.011412,7,7,0,81.667230,81.667230,81.667230,81.667230,120.000000,0.000000,145.947368,0.559566,0.000000,20,,,,,,,,,
online-boutique,online-boutique-longmix-stageA-scale20-replica3-markov-steps200-20260612T140708Z,idyn-ob-scale20-replica3,scale20,replica3,adservice=3;cartservice=3;checkoutservice=3;currencyservice=3;emailservice=3;frontend=3;paymentservice=3;productcatalogservice=3;recommendationservice=3;redis-cart=1;shippingservice=3,markov,stageA,cga,CGA,98,98.000,replay,mixed,0.692829,0.032243,7,1.440440,0.000000,0.418771,0.479206,,,0.000000,0.011412,0.011412,7,7,0,78.231693,78.231693,78.231693,78.231693,120.000000,0.000000,145.947368,0.536027,0.000000,20,,,,,,,,,
online-boutique,online-boutique-longmix-stageA-scale20-replica3-markov-steps200-20260612T140708Z,idyn-ob-scale20-replica3,scale20,replica3,adservice=3;cartservice=3;checkoutservice=3;currencyservice=3;emailservice=3;frontend=3;paymentservice=3;productcatalogservice=3;recommendationservice=3;redis-cart=1;shippingservice=3,markov,stageA,hda,HDA,98,98.000,replay,mixed,0.692829,0.032243,7,1.440440,0.000000,0.418771,0.479206,,,0.000000,0.011412,0.011412,7,7,0,71.973745,71.973745,71.973745,71.973745,120.000000,0.000000,145.947368,0.493149,0.000000,20,,,,,,,,,
online-boutique,online-boutique-longmix-stageA-scale20-replica3-markov-steps200-20260612T140708Z,idyn-ob-scale20-replica3,scale20,replica3,adservice=3;cartservice=3;checkoutservice=3;currencyservice=3;emailservice=3;frontend=3;paymentservice=3;productcatalogservice=3;recommendationservice=3;redis-cart=1;shippingservice=3,markov,stageA,kubernetes-default,K8s default,99,99.000,replay,mixed,0.647909,0.064836,7,1.440440,0.000000,0.418771,0.479206,,,0.000000,0.012253,0.012253,7,7,0,81.676340,81.676340,81.676340,81.676340,120.000000,0.000000,145.947368,0.559629,0.000000,20,,,,,,,,,
online-boutique,online-boutique-longmix-stageA-scale20-replica3-markov-steps200-20260612T140708Z,idyn-ob-scale20-replica3,scale20,replica3,adservice=3;cartservice=3;checkoutservice=3;currencyservice=3;emailservice=3;frontend=3;paymentservice=3;productcatalogservice=3;recommendationservice=3;redis-cart=1;shippingservice=3,markov,stageA,cga,CGA,99,99.000,replay,mixed,0.647909,0.064836,7,1.440440,0.000000,0.418771,0.479206,,,0.000000,0.012253,0.012253,7,7,0,76.704546,76.704546,76.704546,76.704546,120.000000,0.000000,145.947368,0.525563,0.000000,20,,,,,,,,,
online-boutique,online-boutique-longmix-stageA-scale20-replica3-markov-steps200-20260612T140708Z,idyn-ob-scale20-replica3,scale20,replica3,adservice=3;cartservice=3;checkoutservice=3;currencyservice=3;emailservice=3;frontend=3;paymentservice=3;productcatalogservice=3;recommendationservice=3;redis-cart=1;shippingservice=3,markov,stageA,hda,HDA,99,99.000,replay,mixed,0.647909,0.064836,7,1.440440,0.000000,0.418771,0.479206,,,0.000000,0.012253,0.012253,7,7,0,72.917575,72.917575,72.917575,72.917575,120.000000,0.000000,145.947368,0.499616,0.000000,20,,,,,,,,,
online-boutique,online-boutique-longmix-stageA-scale20-replica3-markov-steps200-20260612T140708Z,idyn-ob-scale20-replica3,scale20,replica3,adservice=3;cartservice=3;checkoutservice=3;currencyservice=3;emailservice=3;frontend=3;paymentservice=3;productcatalogservice=3;recommendationservice=3;redis-cart=1;shippingservice=3,markov,stageA,kubernetes-default,K8s default,100,100.000,replay,mixed,0.654422,0.009952,7,1.440440,0.000000,0.418771,0.479206,,,0.000000,0.008506,0.008506,7,7,0,80.075649,80.075649,80.075649,80.075649,120.000000,0.000000,145.947368,0.548661,0.000000,20,,,,,,,,,
online-boutique,online-boutique-longmix-stageA-scale20-replica3-markov-steps200-20260612T140708Z,idyn-ob-scale20-replica3,scale20,replica3,adservice=3;cartservice=3;checkoutservice=3;currencyservice=3;emailservice=3;frontend=3;paymentservice=3;productcatalogservice=3;recommendationservice=3;redis-cart=1;shippingservice=3,markov,stageA,cga,CGA,100,100.000,replay,mixed,0.654422,0.009952,7,1.440440,0.000000,0.418771,0.479206,,,0.000000,0.008506,0.008506,7,7,0,81.053732,81.053732,81.053732,81.053732,120.000000,0.000000,145.947368,0.555363,0.000000,20,,,,,,,,,
online-boutique,online-boutique-longmix-stageA-scale20-replica3-markov-steps200-20260612T140708Z,idyn-ob-scale20-replica3,scale20,replica3,adservice=3;cartservice=3;checkoutservice=3;currencyservice=3;emailservice=3;frontend=3;paymentservice=3;productcatalogservice=3;recommendationservice=3;redis-cart=1;shippingservice=3,markov,stageA,hda,HDA,100,100.000,replay,mixed,0.654422,0.009952,7,1.440440,0.000000,0.418771,0.479206,,,0.000000,0.008506,0.008506,7,7,0,73.858062,73.858062,73.858062,73.858062,120.000000,0.000000,145.947368,0.506060,0.000000,20,,,,,,,,,
online-boutique,online-boutique-longmix-stageA-scale20-replica3-markov-steps200-20260612T140708Z,idyn-ob-scale20-replica3,scale20,replica3,adservice=3;cartservice=3;checkoutservice=3;currencyservice=3;emailservice=3;frontend=3;paymentservice=3;productcatalogservice=3;recommendationservice=3;redis-cart=1;shippingservice=3,markov,stageA,kubernetes-default,K8s default,101,101.000,replay,mixed,0.665546,0.016714,7,1.440440,0.000000,0.418771,0.479206,,,0.000000,0.008946,0.008946,7,7,0,75.559633,75.559633,75.559633,75.559633,120.000000,0.000000,145.947368,0.517718,0.000000,20,,,,,,,,,
online-boutique,online-boutique-longmix-stageA-scale20-replica3-markov-steps200-20260612T140708Z,idyn-ob-scale20-replica3,scale20,replica3,adservice=3;cartservice=3;checkoutservice=3;currencyservice=3;emailservice=3;frontend=3;paymentservice=3;productcatalogservice=3;recommendationservice=3;redis-cart=1;shippingservice=3,markov,stageA,cga,CGA,101,101.000,replay,mixed,0.665546,0.016714,7,1.440440,0.000000,0.418771,0.479206,,,0.000000,0.008946,0.008946,7,7,0,71.324322,71.324322,71.324322,71.324322,120.000000,0.000000,145.947368,0.488699,0.000000,20,,,,,,,,,
online-boutique,online-boutique-longmix-stageA-scale20-replica3-markov-steps200-20260612T140708Z,idyn-ob-scale20-replica3,scale20,replica3,adservice=3;cartservice=3;checkoutservice=3;currencyservice=3;emailservice=3;frontend=3;paymentservice=3;productcatalogservice=3;recommendationservice=3;redis-cart=1;shippingservice=3,markov,stageA,hda,HDA,101,101.000,replay,mixed,0.665546,0.016714,7,1.440440,0.000000,0.418771,0.479206,,,0.000000,0.008946,0.008946,7,7,0,67.821730,67.821730,67.821730,67.821730,120.000000,0.000000,145.947368,0.464700,0.000000,20,,,,,,,,,
online-boutique,online-boutique-longmix-stageA-scale20-replica3-markov-steps200-20260612T140708Z,idyn-ob-scale20-replica3,scale20,replica3,adservice=3;cartservice=3;checkoutservice=3;currencyservice=3;emailservice=3;frontend=3;paymentservice=3;productcatalogservice=3;recommendationservice=3;redis-cart=1;shippingservice=3,markov,stageA,kubernetes-default,K8s default,102,102.000,replay,mixed,0.667545,0.002995,7,1.440440,0.000000,0.418771,0.479206,,,0.000000,0.008395,0.008395,7,7,0,80.915262,80.915262,80.915262,80.915262,120.000000,0.000000,145.947368,0.554414,0.000000,20,,,,,,,,,
online-boutique,online-boutique-longmix-stageA-scale20-replica3-markov-steps200-20260612T140708Z,idyn-ob-scale20-replica3,scale20,replica3,adservice=3;cartservice=3;checkoutservice=3;currencyservice=3;emailservice=3;frontend=3;paymentservice=3;productcatalogservice=3;recommendationservice=3;redis-cart=1;shippingservice=3,markov,stageA,cga,CGA,102,102.000,replay,mixed,0.667545,0.002995,7,1.440440,0.000000,0.418771,0.479206,,,0.000000,0.008395,0.008395,7,7,0,74.479609,74.479609,74.479609,74.479609,120.000000,0.000000,145.947368,0.510318,0.000000,20,,,,,,,,,
online-boutique,online-boutique-longmix-stageA-scale20-replica3-markov-steps200-20260612T140708Z,idyn-ob-scale20-replica3,scale20,replica3,adservice=3;cartservice=3;checkoutservice=3;currencyservice=3;emailservice=3;frontend=3;paymentservice=3;productcatalogservice=3;recommendationservice=3;redis-cart=1;shippingservice=3,markov,stageA,hda,HDA,102,102.000,replay,mixed,0.667545,0.002995,7,1.440440,0.000000,0.418771,0.479206,,,0.000000,0.008395,0.008395,7,7,0,72.203395,72.203395,72.203395,72.203395,120.000000,0.000000,145.947368,0.494722,0.000000,20,,,,,,,,,
online-boutique,online-boutique-longmix-stageA-scale20-replica3-markov-steps200-20260612T140708Z,idyn-ob-scale20-replica3,scale20,replica3,adservice=3;cartservice=3;checkoutservice=3;currencyservice=3;emailservice=3;frontend=3;paymentservice=3;productcatalogservice=3;recommendationservice=3;redis-cart=1;shippingservice=3,markov,stageA,kubernetes-default,K8s default,103,103.000,replay,mixed,0.619378,0.072156,7,1.440440,0.000000,0.418771,0.479206,,,0.000000,0.011883,0.011883,7,7,0,76.945390,76.945390,76.945390,76.945390,120.000000,0.000000,145.947368,0.527213,0.000000,20,,,,,,,,,
online-boutique,online-boutique-longmix-stageA-scale20-replica3-markov-steps200-20260612T140708Z,idyn-ob-scale20-replica3,scale20,replica3,adservice=3;cartservice=3;checkoutservice=3;currencyservice=3;emailservice=3;frontend=3;paymentservice=3;productcatalogservice=3;recommendationservice=3;redis-cart=1;shippingservice=3,markov,stageA,cga,CGA,103,103.000,replay,mixed,0.619378,0.072156,7,1.440440,0.000000,0.418771,0.479206,,,0.000000,0.011883,0.011883,7,7,0,77.391564,77.391564,77.391564,77.391564,120.000000,0.000000,145.947368,0.530270,0.000000,20,,,,,,,,,
online-boutique,online-boutique-longmix-stageA-scale20-replica3-markov-steps200-20260612T140708Z,idyn-ob-scale20-replica3,scale20,replica3,adservice=3;cartservice=3;checkoutservice=3;currencyservice=3;emailservice=3;frontend=3;paymentservice=3;productcatalogservice=3;recommendationservice=3;redis-cart=1;shippingservice=3,markov,stageA,hda,HDA,103,103.000,replay,mixed,0.619378,0.072156,7,1.440440,0.000000,0.418771,0.479206,,,0.000000,0.011883,0.011883,7,7,0,75.941369,75.941369,75.941369,75.941369,120.000000,0.000000,145.947368,0.520334,0.000000,20,,,,,,,,,
online-boutique,online-boutique-longmix-stageA-scale20-replica3-markov-steps200-20260612T140708Z,idyn-ob-scale20-replica3,scale20,replica3,adservice=3;cartservice=3;checkoutservice=3;currencyservice=3;emailservice=3;frontend=3;paymentservice=3;productcatalogservice=3;recommendationservice=3;redis-cart=1;shippingservice=3,markov,stageA,kubernetes-default,K8s default,104,104.000,replay,mixed,0.696136,0.110263,7,1.440440,0.000000,0.418771,0.479206,,,0.000000,0.008235,0.008235,7,7,0,89.709705,89.709705,89.709705,89.709705,120.000000,0.000000,145.947368,0.614672,0.000000,20,,,,,,,,,
online-boutique,online-boutique-longmix-stageA-scale20-replica3-markov-steps200-20260612T140708Z,idyn-ob-scale20-replica3,scale20,replica3,adservice=3;cartservice=3;checkoutservice=3;currencyservice=3;emailservice=3;frontend=3;paymentservice=3;productcatalogservice=3;recommendationservice=3;redis-cart=1;shippingservice=3,markov,stageA,cga,CGA,104,104.000,replay,mixed,0.696136,0.110263,7,1.440440,0.000000,0.418771,0.479206,,,0.000000,0.008235,0.008235,7,7,0,86.395093,86.395093,86.395093,86.395093,120.000000,0.000000,145.947368,0.591961,0.000000,20,,,,,,,,,
online-boutique,online-boutique-longmix-stageA-scale20-replica3-markov-steps200-20260612T140708Z,idyn-ob-scale20-replica3,scale20,replica3,adservice=3;cartservice=3;checkoutservice=3;currencyservice=3;emailservice=3;frontend=3;paymentservice=3;productcatalogservice=3;recommendationservice=3;redis-cart=1;shippingservice=3,markov,stageA,hda,HDA,104,104.000,replay,mixed,0.696136,0.110263,7,1.440440,0.000000,0.418771,0.479206,,,0.000000,0.008235,0.008235,7,7,0,76.420379,76.420379,76.420379,76.420379,120.000000,0.000000,145.947368,0.523616,0.000000,20,,,,,,,,,
online-boutique,online-boutique-longmix-stageA-scale20-replica3-markov-steps200-20260612T140708Z,idyn-ob-scale20-replica3,scale20,replica3,adservice=3;cartservice=3;checkoutservice=3;currencyservice=3;emailservice=3;frontend=3;paymentservice=3;productcatalogservice=3;recommendationservice=3;redis-cart=1;shippingservice=3,markov,stageA,kubernetes-default,K8s default,105,105.000,replay,mixed,0.692387,0.005386,7,1.440440,0.000000,0.418771,0.479206,,,0.000000,0.008937,0.008937,7,7,0,78.940650,78.940650,78.940650,78.940650,120.000000,0.000000,145.947368,0.540884,0.000000,20,,,,,,,,,
online-boutique,online-boutique-longmix-stageA-scale20-replica3-markov-steps200-20260612T140708Z,idyn-ob-scale20-replica3,scale20,replica3,adservice=3;cartservice=3;checkoutservice=3;currencyservice=3;emailservice=3;frontend=3;paymentservice=3;productcatalogservice=3;recommendationservice=3;redis-cart=1;shippingservice=3,markov,stageA,cga,CGA,105,105.000,replay,mixed,0.692387,0.005386,7,1.440440,0.000000,0.418771,0.479206,,,0.000000,0.008937,0.008937,7,7,0,78.108591,78.108591,78.108591,78.108591,120.000000,0.000000,145.947368,0.535183,0.000000,20,,,,,,,,,
online-boutique,online-boutique-longmix-stageA-scale20-replica3-markov-steps200-20260612T140708Z,idyn-ob-scale20-replica3,scale20,replica3,adservice=3;cartservice=3;checkoutservice=3;currencyservice=3;emailservice=3;frontend=3;paymentservice=3;productcatalogservice=3;recommendationservice=3;redis-cart=1;shippingservice=3,markov,stageA,hda,HDA,105,105.000,replay,mixed,0.692387,0.005386,7,1.440440,0.000000,0.418771,0.479206,,,0.000000,0.008937,0.008937,7,7,0,71.316106,71.316106,71.316106,71.316106,120.000000,0.000000,145.947368,0.488643,0.000000,20,,,,,,,,,
online-boutique,online-boutique-longmix-stageA-scale20-replica3-markov-steps200-20260612T140708Z,idyn-ob-scale20-replica3,scale20,replica3,adservice=3;cartservice=3;checkoutservice=3;currencyservice=3;emailservice=3;frontend=3;paymentservice=3;productcatalogservice=3;recommendationservice=3;redis-cart=1;shippingservice=3,markov,stageA,kubernetes-default,K8s default,106,106.000,replay,mixed,0.674868,0.712846,7,1.440440,0.800000,0.467762,1.918165,,,0.000000,0.008537,0.008537,7,7,0,94.983290,94.983290,94.983290,94.983290,120.000000,0.000000,119.947368,0.791875,0.000000,20,,,,,,,,,
online-boutique,online-boutique-longmix-stageA-scale20-replica3-markov-steps200-20260612T140708Z,idyn-ob-scale20-replica3,scale20,replica3,adservice=3;cartservice=3;checkoutservice=3;currencyservice=3;emailservice=3;frontend=3;paymentservice=3;productcatalogservice=3;recommendationservice=3;redis-cart=1;shippingservice=3,markov,stageA,cga,CGA,106,106.000,replay,mixed,0.674868,0.712846,7,1.440440,0.800000,0.467762,1.918165,,,0.000000,0.008537,0.008537,7,7,0,90.383141,90.383141,90.383141,90.383141,120.000000,0.000000,119.947368,0.753523,0.000000,20,,,,,,,,,
online-boutique,online-boutique-longmix-stageA-scale20-replica3-markov-steps200-20260612T140708Z,idyn-ob-scale20-replica3,scale20,replica3,adservice=3;cartservice=3;checkoutservice=3;currencyservice=3;emailservice=3;frontend=3;paymentservice=3;productcatalogservice=3;recommendationservice=3;redis-cart=1;shippingservice=3,markov,stageA,hda,HDA,106,106.000,replay,mixed,0.674868,0.712846,7,1.440440,0.800000,0.467762,1.918165,,,0.000000,0.008537,0.008537,7,7,0,83.790221,83.790221,83.790221,83.790221,120.000000,0.000000,119.947368,0.698558,0.000000,20,,,,,,,,,
online-boutique,online-boutique-longmix-stageA-scale20-replica3-markov-steps200-20260612T140708Z,idyn-ob-scale20-replica3,scale20,replica3,adservice=3;cartservice=3;checkoutservice=3;currencyservice=3;emailservice=3;frontend=3;paymentservice=3;productcatalogservice=3;recommendationservice=3;redis-cart=1;shippingservice=3,markov,stageA,kubernetes-default,K8s default,107,107.000,replay,mixed,0.692728,0.025783,7,1.440440,0.000000,0.467762,1.918165,,,0.000000,0.012052,0.012052,7,7,0,66.681227,66.681227,66.681227,66.681227,120.000000,0.000000,119.947368,0.555921,0.000000,20,,,,,,,,,
online-boutique,online-boutique-longmix-stageA-scale20-replica3-markov-steps200-20260612T140708Z,idyn-ob-scale20-replica3,scale20,replica3,adservice=3;cartservice=3;checkoutservice=3;currencyservice=3;emailservice=3;frontend=3;paymentservice=3;productcatalogservice=3;recommendationservice=3;redis-cart=1;shippingservice=3,markov,stageA,cga,CGA,107,107.000,replay,mixed,0.692728,0.025783,7,1.440440,0.000000,0.467762,1.918165,,,0.000000,0.012052,0.012052,7,7,0,55.395527,55.395527,55.395527,55.395527,120.000000,0.000000,119.947368,0.461832,0.000000,20,,,,,,,,,
online-boutique,online-boutique-longmix-stageA-scale20-replica3-markov-steps200-20260612T140708Z,idyn-ob-scale20-replica3,scale20,replica3,adservice=3;cartservice=3;checkoutservice=3;currencyservice=3;emailservice=3;frontend=3;paymentservice=3;productcatalogservice=3;recommendationservice=3;redis-cart=1;shippingservice=3,markov,stageA,hda,HDA,107,107.000,replay,mixed,0.692728,0.025783,7,1.440440,0.000000,0.467762,1.918165,,,0.000000,0.012052,0.012052,7,7,0,56.564691,56.564691,56.564691,56.564691,120.000000,0.000000,119.947368,0.471579,0.000000,20,,,,,,,,,
online-boutique,online-boutique-longmix-stageA-scale20-replica3-markov-steps200-20260612T140708Z,idyn-ob-scale20-replica3,scale20,replica3,adservice=3;cartservice=3;checkoutservice=3;currencyservice=3;emailservice=3;frontend=3;paymentservice=3;productcatalogservice=3;recommendationservice=3;redis-cart=1;shippingservice=3,markov,stageA,kubernetes-default,K8s default,108,108.000,replay,mixed,0.646727,0.585148,7,1.368091,0.800000,0.411186,0.478705,,,0.000000,0.008215,0.008215,7,7,0,95.392594,95.392594,95.392594,95.392594,120.000000,0.000000,132.947368,0.717521,0.000000,20,,,,,,,,,
online-boutique,online-boutique-longmix-stageA-scale20-replica3-markov-steps200-20260612T140708Z,idyn-ob-scale20-replica3,scale20,replica3,adservice=3;cartservice=3;checkoutservice=3;currencyservice=3;emailservice=3;frontend=3;paymentservice=3;productcatalogservice=3;recommendationservice=3;redis-cart=1;shippingservice=3,markov,stageA,cga,CGA,108,108.000,replay,mixed,0.646727,0.585148,7,1.368091,0.800000,0.411186,0.478705,,,0.000000,0.008215,0.008215,7,7,0,90.313176,90.313176,90.313176,90.313176,120.000000,0.000000,132.947368,0.679315,0.000000,20,,,,,,,,,
online-boutique,online-boutique-longmix-stageA-scale20-replica3-markov-steps200-20260612T140708Z,idyn-ob-scale20-replica3,scale20,replica3,adservice=3;cartservice=3;checkoutservice=3;currencyservice=3;emailservice=3;frontend=3;paymentservice=3;productcatalogservice=3;recommendationservice=3;redis-cart=1;shippingservice=3,markov,stageA,hda,HDA,108,108.000,replay,mixed,0.646727,0.585148,7,1.368091,0.800000,0.411186,0.478705,,,0.000000,0.008215,0.008215,7,7,0,84.405550,84.405550,84.405550,84.405550,120.000000,0.000000,132.947368,0.634879,0.000000,20,,,,,,,,,
online-boutique,online-boutique-longmix-stageA-scale20-replica3-markov-steps200-20260612T140708Z,idyn-ob-scale20-replica3,scale20,replica3,adservice=3;cartservice=3;checkoutservice=3;currencyservice=3;emailservice=3;frontend=3;paymentservice=3;productcatalogservice=3;recommendationservice=3;redis-cart=1;shippingservice=3,markov,stageA,kubernetes-default,K8s default,109,109.000,replay,mixed,0.613701,0.051066,7,1.368091,0.000000,0.411186,0.478705,,,0.000000,0.011922,0.011922,7,7,0,69.075883,69.075883,69.075883,69.075883,120.000000,0.000000,132.947368,0.519573,0.000000,20,,,,,,,,,
online-boutique,online-boutique-longmix-stageA-scale20-replica3-markov-steps200-20260612T140708Z,idyn-ob-scale20-replica3,scale20,replica3,adservice=3;cartservice=3;checkoutservice=3;currencyservice=3;emailservice=3;frontend=3;paymentservice=3;productcatalogservice=3;recommendationservice=3;redis-cart=1;shippingservice=3,markov,stageA,cga,CGA,109,109.000,replay,mixed,0.613701,0.051066,7,1.368091,0.000000,0.411186,0.478705,,,0.000000,0.011922,0.011922,7,7,0,72.956381,72.956381,72.956381,72.956381,120.000000,0.000000,132.947368,0.548761,0.000000,20,,,,,,,,,
online-boutique,online-boutique-longmix-stageA-scale20-replica3-markov-steps200-20260612T140708Z,idyn-ob-scale20-replica3,scale20,replica3,adservice=3;cartservice=3;checkoutservice=3;currencyservice=3;emailservice=3;frontend=3;paymentservice=3;productcatalogservice=3;recommendationservice=3;redis-cart=1;shippingservice=3,markov,stageA,hda,HDA,109,109.000,replay,mixed,0.613701,0.051066,7,1.368091,0.000000,0.411186,0.478705,,,0.000000,0.011922,0.011922,7,7,0,69.218555,69.218555,69.218555,69.218555,120.000000,0.000000,132.947368,0.520646,0.000000,20,,,,,,,,,
online-boutique,online-boutique-longmix-stageA-scale20-replica3-markov-steps200-20260612T140708Z,idyn-ob-scale20-replica3,scale20,replica3,adservice=3;cartservice=3;checkoutservice=3;currencyservice=3;emailservice=3;frontend=3;paymentservice=3;productcatalogservice=3;recommendationservice=3;redis-cart=1;shippingservice=3,markov,stageA,kubernetes-default,K8s default,110,110.000,replay,mixed,0.604966,0.042125,6,1.368091,0.000000,0.356136,0.271417,,,0.000000,0.008896,0.008896,6,6,0,72.350259,72.350259,72.350259,72.350259,120.000000,0.000000,132.947368,0.544202,0.000000,20,,,,,,,,,
online-boutique,online-boutique-longmix-stageA-scale20-replica3-markov-steps200-20260612T140708Z,idyn-ob-scale20-replica3,scale20,replica3,adservice=3;cartservice=3;checkoutservice=3;currencyservice=3;emailservice=3;frontend=3;paymentservice=3;productcatalogservice=3;recommendationservice=3;redis-cart=1;shippingservice=3,markov,stageA,cga,CGA,110,110.000,replay,mixed,0.604966,0.042125,6,1.368091,0.000000,0.356136,0.271417,,,0.000000,0.008896,0.008896,6,6,0,68.137274,68.137274,68.137274,68.137274,120.000000,0.000000,132.947368,0.512513,0.000000,20,,,,,,,,,
online-boutique,online-boutique-longmix-stageA-scale20-replica3-markov-steps200-20260612T140708Z,idyn-ob-scale20-replica3,scale20,replica3,adservice=3;cartservice=3;checkoutservice=3;currencyservice=3;emailservice=3;frontend=3;paymentservice=3;productcatalogservice=3;recommendationservice=3;redis-cart=1;shippingservice=3,markov,stageA,hda,HDA,110,110.000,replay,mixed,0.604966,0.042125,6,1.368091,0.000000,0.356136,0.271417,,,0.000000,0.008896,0.008896,6,6,0,66.416825,66.416825,66.416825,66.416825,120.000000,0.000000,132.947368,0.499572,0.000000,20,,,,,,,,,
online-boutique,online-boutique-longmix-stageA-scale20-replica3-markov-steps200-20260612T140708Z,idyn-ob-scale20-replica3,scale20,replica3,adservice=3;cartservice=3;checkoutservice=3;currencyservice=3;emailservice=3;frontend=3;paymentservice=3;productcatalogservice=3;recommendationservice=3;redis-cart=1;shippingservice=3,markov,stageA,kubernetes-default,K8s default,111,111.000,replay,mixed,0.627175,0.604838,7,1.440440,0.800000,0.467762,1.918165,,,0.000000,0.008275,0.008275,7,7,0,87.479947,87.479947,87.479947,87.479947,120.000000,0.000000,119.947368,0.729319,0.000000,20,,,,,,,,,
online-boutique,online-boutique-longmix-stageA-scale20-replica3-markov-steps200-20260612T140708Z,idyn-ob-scale20-replica3,scale20,replica3,adservice=3;cartservice=3;checkoutservice=3;currencyservice=3;emailservice=3;frontend=3;paymentservice=3;productcatalogservice=3;recommendationservice=3;redis-cart=1;shippingservice=3,markov,stageA,cga,CGA,111,111.000,replay,mixed,0.627175,0.604838,7,1.440440,0.800000,0.467762,1.918165,,,0.000000,0.008275,0.008275,7,7,0,82.497492,82.497492,82.497492,82.497492,120.000000,0.000000,119.947368,0.687781,0.000000,20,,,,,,,,,
online-boutique,online-boutique-longmix-stageA-scale20-replica3-markov-steps200-20260612T140708Z,idyn-ob-scale20-replica3,scale20,replica3,adservice=3;cartservice=3;checkoutservice=3;currencyservice=3;emailservice=3;frontend=3;paymentservice=3;productcatalogservice=3;recommendationservice=3;redis-cart=1;shippingservice=3,markov,stageA,hda,HDA,111,111.000,replay,mixed,0.627175,0.604838,7,1.440440,0.800000,0.467762,1.918165,,,0.000000,0.008275,0.008275,7,7,0,79.901555,79.901555,79.901555,79.901555,120.000000,0.000000,119.947368,0.666138,0.000000,20,,,,,,,,,
online-boutique,online-boutique-longmix-stageA-scale20-replica3-markov-steps200-20260612T140708Z,idyn-ob-scale20-replica3,scale20,replica3,adservice=3;cartservice=3;checkoutservice=3;currencyservice=3;emailservice=3;frontend=3;paymentservice=3;productcatalogservice=3;recommendationservice=3;redis-cart=1;shippingservice=3,markov,stageA,kubernetes-default,K8s default,112,112.000,replay,mixed,0.608403,0.073106,6,1.440440,0.000000,0.451054,1.697013,,,0.000000,0.012183,0.012183,6,6,0,65.411744,65.411744,65.411744,65.411744,120.000000,0.000000,119.947368,0.545337,0.000000,20,,,,,,,,,
online-boutique,online-boutique-longmix-stageA-scale20-replica3-markov-steps200-20260612T140708Z,idyn-ob-scale20-replica3,scale20,replica3,adservice=3;cartservice=3;checkoutservice=3;currencyservice=3;emailservice=3;frontend=3;paymentservice=3;productcatalogservice=3;recommendationservice=3;redis-cart=1;shippingservice=3,markov,stageA,cga,CGA,112,112.000,replay,mixed,0.608403,0.073106,6,1.440440,0.000000,0.451054,1.697013,,,0.000000,0.012183,0.012183,6,6,0,59.302563,59.302563,59.302563,59.302563,120.000000,0.000000,119.947368,0.494405,0.000000,20,,,,,,,,,
online-boutique,online-boutique-longmix-stageA-scale20-replica3-markov-steps200-20260612T140708Z,idyn-ob-scale20-replica3,scale20,replica3,adservice=3;cartservice=3;checkoutservice=3;currencyservice=3;emailservice=3;frontend=3;paymentservice=3;productcatalogservice=3;recommendationservice=3;redis-cart=1;shippingservice=3,markov,stageA,hda,HDA,112,112.000,replay,mixed,0.608403,0.073106,6,1.440440,0.000000,0.451054,1.697013,,,0.000000,0.012183,0.012183,6,6,0,54.432565,54.432565,54.432565,54.432565,120.000000,0.000000,119.947368,0.453804,0.000000,20,,,,,,,,,
online-boutique,online-boutique-longmix-stageA-scale20-replica3-markov-steps200-20260612T140708Z,idyn-ob-scale20-replica3,scale20,replica3,adservice=3;cartservice=3;checkoutservice=3;currencyservice=3;emailservice=3;frontend=3;paymentservice=3;productcatalogservice=3;recommendationservice=3;redis-cart=1;shippingservice=3,markov,stageA,kubernetes-default,K8s default,113,113.000,replay,mixed,0.628808,0.735993,7,1.440440,0.800000,0.418771,0.479206,,,0.000000,0.008366,0.008366,7,7,0,115.171952,115.171952,115.171952,115.171952,120.000000,0.000000,145.947368,0.789133,0.000000,20,,,,,,,,,
online-boutique,online-boutique-longmix-stageA-scale20-replica3-markov-steps200-20260612T140708Z,idyn-ob-scale20-replica3,scale20,replica3,adservice=3;cartservice=3;checkoutservice=3;currencyservice=3;emailservice=3;frontend=3;paymentservice=3;productcatalogservice=3;recommendationservice=3;redis-cart=1;shippingservice=3,markov,stageA,cga,CGA,113,113.000,replay,mixed,0.628808,0.735993,7,1.440440,0.800000,0.418771,0.479206,,,0.000000,0.008366,0.008366,7,7,0,104.299211,104.299211,104.299211,104.299211,120.000000,0.000000,145.947368,0.714636,0.000000,20,,,,,,,,,
online-boutique,online-boutique-longmix-stageA-scale20-replica3-markov-steps200-20260612T140708Z,idyn-ob-scale20-replica3,scale20,replica3,adservice=3;cartservice=3;checkoutservice=3;currencyservice=3;emailservice=3;frontend=3;paymentservice=3;productcatalogservice=3;recommendationservice=3;redis-cart=1;shippingservice=3,markov,stageA,hda,HDA,113,113.000,replay,mixed,0.628808,0.735993,7,1.440440,0.800000,0.418771,0.479206,,,0.000000,0.008366,0.008366,7,7,0,98.845432,98.845432,98.845432,98.845432,120.000000,0.000000,145.947368,0.677268,0.000000,20,,,,,,,,,
online-boutique,online-boutique-longmix-stageA-scale20-replica3-markov-steps200-20260612T140708Z,idyn-ob-scale20-replica3,scale20,replica3,adservice=3;cartservice=3;checkoutservice=3;currencyservice=3;emailservice=3;frontend=3;paymentservice=3;productcatalogservice=3;recommendationservice=3;redis-cart=1;shippingservice=3,markov,stageA,kubernetes-default,K8s default,114,114.000,replay,mixed,0.609944,0.725965,7,1.012248,0.800000,0.347958,0.133792,,,0.000000,0.008296,0.008296,7,7,0,109.090780,109.090780,109.090780,109.090780,120.000000,0.000000,139.447368,0.782308,0.000000,20,,,,,,,,,
online-boutique,online-boutique-longmix-stageA-scale20-replica3-markov-steps200-20260612T140708Z,idyn-ob-scale20-replica3,scale20,replica3,adservice=3;cartservice=3;checkoutservice=3;currencyservice=3;emailservice=3;frontend=3;paymentservice=3;productcatalogservice=3;recommendationservice=3;redis-cart=1;shippingservice=3,markov,stageA,cga,CGA,114,114.000,replay,mixed,0.609944,0.725965,7,1.012248,0.800000,0.347958,0.133792,,,0.000000,0.008296,0.008296,7,7,0,100.247260,100.247260,100.247260,100.247260,120.000000,0.000000,139.447368,0.718890,0.000000,20,,,,,,,,,
online-boutique,online-boutique-longmix-stageA-scale20-replica3-markov-steps200-20260612T140708Z,idyn-ob-scale20-replica3,scale20,replica3,adservice=3;cartservice=3;checkoutservice=3;currencyservice=3;emailservice=3;frontend=3;paymentservice=3;productcatalogservice=3;recommendationservice=3;redis-cart=1;shippingservice=3,markov,stageA,hda,HDA,114,114.000,replay,mixed,0.609944,0.725965,7,1.012248,0.800000,0.347958,0.133792,,,0.000000,0.008296,0.008296,7,7,0,98.998434,98.998434,98.998434,98.998434,120.000000,0.000000,139.447368,0.709934,0.000000,20,,,,,,,,,
online-boutique,online-boutique-longmix-stageA-scale20-replica3-markov-steps200-20260612T140708Z,idyn-ob-scale20-replica3,scale20,replica3,adservice=3;cartservice=3;checkoutservice=3;currencyservice=3;emailservice=3;frontend=3;paymentservice=3;productcatalogservice=3;recommendationservice=3;redis-cart=1;shippingservice=3,markov,stageA,kubernetes-default,K8s default,115,115.000,replay,mixed,0.613520,0.005829,7,1.012248,0.000000,0.347958,0.133792,,,0.000000,0.008936,0.008936,7,7,0,72.857792,72.857792,72.857792,72.857792,120.000000,0.000000,139.447368,0.522475,0.000000,20,,,,,,,,,
online-boutique,online-boutique-longmix-stageA-scale20-replica3-markov-steps200-20260612T140708Z,idyn-ob-scale20-replica3,scale20,replica3,adservice=3;cartservice=3;checkoutservice=3;currencyservice=3;emailservice=3;frontend=3;paymentservice=3;productcatalogservice=3;recommendationservice=3;redis-cart=1;shippingservice=3,markov,stageA,cga,CGA,115,115.000,replay,mixed,0.613520,0.005829,7,1.012248,0.000000,0.347958,0.133792,,,0.000000,0.008936,0.008936,7,7,0,72.158795,72.158795,72.158795,72.158795,120.000000,0.000000,139.447368,0.517463,0.000000,20,,,,,,,,,
online-boutique,online-boutique-longmix-stageA-scale20-replica3-markov-steps200-20260612T140708Z,idyn-ob-scale20-replica3,scale20,replica3,adservice=3;cartservice=3;checkoutservice=3;currencyservice=3;emailservice=3;frontend=3;paymentservice=3;productcatalogservice=3;recommendationservice=3;redis-cart=1;shippingservice=3,markov,stageA,hda,HDA,115,115.000,replay,mixed,0.613520,0.005829,7,1.012248,0.000000,0.347958,0.133792,,,0.000000,0.008936,0.008936,7,7,0,67.686580,67.686580,67.686580,67.686580,120.000000,0.000000,139.447368,0.485392,0.000000,20,,,,,,,,,
online-boutique,online-boutique-longmix-stageA-scale20-replica3-markov-steps200-20260612T140708Z,idyn-ob-scale20-replica3,scale20,replica3,adservice=3;cartservice=3;checkoutservice=3;currencyservice=3;emailservice=3;frontend=3;paymentservice=3;productcatalogservice=3;recommendationservice=3;redis-cart=1;shippingservice=3,markov,stageA,kubernetes-default,K8s default,116,116.000,replay,mixed,0.594427,0.031120,7,1.012248,0.000000,0.347958,0.133792,,,0.000000,0.015660,0.015660,7,7,0,72.768225,72.768225,72.768225,72.768225,120.000000,0.000000,139.447368,0.521833,0.000000,20,,,,,,,,,
online-boutique,online-boutique-longmix-stageA-scale20-replica3-markov-steps200-20260612T140708Z,idyn-ob-scale20-replica3,scale20,replica3,adservice=3;cartservice=3;checkoutservice=3;currencyservice=3;emailservice=3;frontend=3;paymentservice=3;productcatalogservice=3;recommendationservice=3;redis-cart=1;shippingservice=3,markov,stageA,cga,CGA,116,116.000,replay,mixed,0.594427,0.031120,7,1.012248,0.000000,0.347958,0.133792,,,0.000000,0.015660,0.015660,7,7,0,73.316277,73.316277,73.316277,73.316277,120.000000,0.000000,139.447368,0.525763,0.000000,20,,,,,,,,,
online-boutique,online-boutique-longmix-stageA-scale20-replica3-markov-steps200-20260612T140708Z,idyn-ob-scale20-replica3,scale20,replica3,adservice=3;cartservice=3;checkoutservice=3;currencyservice=3;emailservice=3;frontend=3;paymentservice=3;productcatalogservice=3;recommendationservice=3;redis-cart=1;shippingservice=3,markov,stageA,hda,HDA,116,116.000,replay,mixed,0.594427,0.031120,7,1.012248,0.000000,0.347958,0.133792,,,0.000000,0.015660,0.015660,7,7,0,66.927847,66.927847,66.927847,66.927847,120.000000,0.000000,139.447368,0.479951,0.000000,20,,,,,,,,,
online-boutique,online-boutique-longmix-stageA-scale20-replica3-markov-steps200-20260612T140708Z,idyn-ob-scale20-replica3,scale20,replica3,adservice=3;cartservice=3;checkoutservice=3;currencyservice=3;emailservice=3;frontend=3;paymentservice=3;productcatalogservice=3;recommendationservice=3;redis-cart=1;shippingservice=3,markov,stageA,kubernetes-default,K8s default,117,117.000,replay,mixed,0.624107,0.047555,7,1.012248,0.000000,0.347958,0.133792,,,0.000000,0.008345,0.008345,7,7,0,79.710867,79.710867,79.710867,79.710867,120.000000,0.000000,139.447368,0.571620,0.000000,20,,,,,,,,,
online-boutique,online-boutique-longmix-stageA-scale20-replica3-markov-steps200-20260612T140708Z,idyn-ob-scale20-replica3,scale20,replica3,adservice=3;cartservice=3;checkoutservice=3;currencyservice=3;emailservice=3;frontend=3;paymentservice=3;productcatalogservice=3;recommendationservice=3;redis-cart=1;shippingservice=3,markov,stageA,cga,CGA,117,117.000,replay,mixed,0.624107,0.047555,7,1.012248,0.000000,0.347958,0.133792,,,0.000000,0.008345,0.008345,7,7,0,72.251322,72.251322,72.251322,72.251322,120.000000,0.000000,139.447368,0.518126,0.000000,20,,,,,,,,,
online-boutique,online-boutique-longmix-stageA-scale20-replica3-markov-steps200-20260612T140708Z,idyn-ob-scale20-replica3,scale20,replica3,adservice=3;cartservice=3;checkoutservice=3;currencyservice=3;emailservice=3;frontend=3;paymentservice=3;productcatalogservice=3;recommendationservice=3;redis-cart=1;shippingservice=3,markov,stageA,hda,HDA,117,117.000,replay,mixed,0.624107,0.047555,7,1.012248,0.000000,0.347958,0.133792,,,0.000000,0.008345,0.008345,7,7,0,69.009286,69.009286,69.009286,69.009286,120.000000,0.000000,139.447368,0.494877,0.000000,20,,,,,,,,,
online-boutique,online-boutique-longmix-stageA-scale20-replica3-markov-steps200-20260612T140708Z,idyn-ob-scale20-replica3,scale20,replica3,adservice=3;cartservice=3;checkoutservice=3;currencyservice=3;emailservice=3;frontend=3;paymentservice=3;productcatalogservice=3;recommendationservice=3;redis-cart=1;shippingservice=3,markov,stageA,kubernetes-default,K8s default,118,118.000,replay,mixed,0.600188,0.661420,6,1.440440,0.500000,0.451054,1.697013,,,0.000000,0.008857,0.008857,6,6,0,87.664691,87.664691,87.664691,87.664691,120.000000,0.000000,119.947368,0.730860,0.000000,20,,,,,,,,,
online-boutique,online-boutique-longmix-stageA-scale20-replica3-markov-steps200-20260612T140708Z,idyn-ob-scale20-replica3,scale20,replica3,adservice=3;cartservice=3;checkoutservice=3;currencyservice=3;emailservice=3;frontend=3;paymentservice=3;productcatalogservice=3;recommendationservice=3;redis-cart=1;shippingservice=3,markov,stageA,cga,CGA,118,118.000,replay,mixed,0.600188,0.661420,6,1.440440,0.500000,0.451054,1.697013,,,0.000000,0.008857,0.008857,6,6,0,85.017624,85.017624,85.017624,85.017624,120.000000,0.000000,119.947368,0.708791,0.000000,20,,,,,,,,,
online-boutique,online-boutique-longmix-stageA-scale20-replica3-markov-steps200-20260612T140708Z,idyn-ob-scale20-replica3,scale20,replica3,adservice=3;cartservice=3;checkoutservice=3;currencyservice=3;emailservice=3;frontend=3;paymentservice=3;productcatalogservice=3;recommendationservice=3;redis-cart=1;shippingservice=3,markov,stageA,hda,HDA,118,118.000,replay,mixed,0.600188,0.661420,6,1.440440,0.500000,0.451054,1.697013,,,0.000000,0.008857,0.008857,6,6,0,83.490839,83.490839,83.490839,83.490839,120.000000,0.000000,119.947368,0.696062,0.000000,20,,,,,,,,,
online-boutique,online-boutique-longmix-stageA-scale20-replica3-markov-steps200-20260612T140708Z,idyn-ob-scale20-replica3,scale20,replica3,adservice=3;cartservice=3;checkoutservice=3;currencyservice=3;emailservice=3;frontend=3;paymentservice=3;productcatalogservice=3;recommendationservice=3;redis-cart=1;shippingservice=3,markov,stageA,kubernetes-default,K8s default,119,119.000,replay,mixed,0.620996,0.836274,14,1.525982,1.000000,0.344308,0.539631,,,0.000000,0.009167,0.009167,11,14,0,140.277660,140.277660,140.277660,140.277660,120.000000,0.000000,191.447368,0.732722,0.000000,20,,,,,,,,,
online-boutique,online-boutique-longmix-stageA-scale20-replica3-markov-steps200-20260612T140708Z,idyn-ob-scale20-replica3,scale20,replica3,adservice=3;cartservice=3;checkoutservice=3;currencyservice=3;emailservice=3;frontend=3;paymentservice=3;productcatalogservice=3;recommendationservice=3;redis-cart=1;shippingservice=3,markov,stageA,cga,CGA,119,119.000,replay,mixed,0.620996,0.836274,14,1.525982,1.000000,0.344308,0.539631,,,0.000000,0.009167,0.009167,11,14,0,138.134376,138.134376,138.134376,138.134376,120.000000,0.000000,191.447368,0.721527,0.000000,20,,,,,,,,,
online-boutique,online-boutique-longmix-stageA-scale20-replica3-markov-steps200-20260612T140708Z,idyn-ob-scale20-replica3,scale20,replica3,adservice=3;cartservice=3;checkoutservice=3;currencyservice=3;emailservice=3;frontend=3;paymentservice=3;productcatalogservice=3;recommendationservice=3;redis-cart=1;shippingservice=3,markov,stageA,hda,HDA,119,119.000,replay,mixed,0.620996,0.836274,14,1.525982,1.000000,0.344308,0.539631,,,0.000000,0.009167,0.009167,11,14,0,129.606441,129.606441,129.606441,129.606441,120.000000,0.000000,191.447368,0.676982,0.000000,20,,,,,,,,,
online-boutique,online-boutique-longmix-stageA-scale20-replica3-markov-steps200-20260612T140708Z,idyn-ob-scale20-replica3,scale20,replica3,adservice=3;cartservice=3;checkoutservice=3;currencyservice=3;emailservice=3;frontend=3;paymentservice=3;productcatalogservice=3;recommendationservice=3;redis-cart=1;shippingservice=3,markov,stageA,kubernetes-default,K8s default,120,120.000,replay,mixed,0.591748,0.758090,6,1.440440,0.800000,0.365853,0.254571,,,0.000000,0.008506,0.008506,6,6,0,108.380302,108.380302,108.380302,108.380302,120.000000,0.000000,145.947368,0.742599,0.000000,20,,,,,,,,,
online-boutique,online-boutique-longmix-stageA-scale20-replica3-markov-steps200-20260612T140708Z,idyn-ob-scale20-replica3,scale20,replica3,adservice=3;cartservice=3;checkoutservice=3;currencyservice=3;emailservice=3;frontend=3;paymentservice=3;productcatalogservice=3;recommendationservice=3;redis-cart=1;shippingservice=3,markov,stageA,cga,CGA,120,120.000,replay,mixed,0.591748,0.758090,6,1.440440,0.800000,0.365853,0.254571,,,0.000000,0.008506,0.008506,6,6,0,107.148890,107.148890,107.148890,107.148890,120.000000,0.000000,145.947368,0.734161,0.000000,20,,,,,,,,,
online-boutique,online-boutique-longmix-stageA-scale20-replica3-markov-steps200-20260612T140708Z,idyn-ob-scale20-replica3,scale20,replica3,adservice=3;cartservice=3;checkoutservice=3;currencyservice=3;emailservice=3;frontend=3;paymentservice=3;productcatalogservice=3;recommendationservice=3;redis-cart=1;shippingservice=3,markov,stageA,hda,HDA,120,120.000,replay,mixed,0.591748,0.758090,6,1.440440,0.800000,0.365853,0.254571,,,0.000000,0.008506,0.008506,6,6,0,93.992577,93.992577,93.992577,93.992577,120.000000,0.000000,145.947368,0.644017,0.000000,20,,,,,,,,,
online-boutique,online-boutique-longmix-stageA-scale20-replica3-markov-steps200-20260612T140708Z,idyn-ob-scale20-replica3,scale20,replica3,adservice=3;cartservice=3;checkoutservice=3;currencyservice=3;emailservice=3;frontend=3;paymentservice=3;productcatalogservice=3;recommendationservice=3;redis-cart=1;shippingservice=3,markov,stageA,kubernetes-default,K8s default,121,121.000,replay,mixed,0.633713,0.093003,7,1.440440,0.000000,0.418771,0.479206,,,0.000000,0.008597,0.008597,7,7,0,84.595158,84.595158,84.595158,84.595158,120.000000,0.000000,145.947368,0.579628,0.000000,20,,,,,,,,,
online-boutique,online-boutique-longmix-stageA-scale20-replica3-markov-steps200-20260612T140708Z,idyn-ob-scale20-replica3,scale20,replica3,adservice=3;cartservice=3;checkoutservice=3;currencyservice=3;emailservice=3;frontend=3;paymentservice=3;productcatalogservice=3;recommendationservice=3;redis-cart=1;shippingservice=3,markov,stageA,cga,CGA,121,121.000,replay,mixed,0.633713,0.093003,7,1.440440,0.000000,0.418771,0.479206,,,0.000000,0.008597,0.008597,7,7,0,75.406923,75.406923,75.406923,75.406923,120.000000,0.000000,145.947368,0.516672,0.000000,20,,,,,,,,,
online-boutique,online-boutique-longmix-stageA-scale20-replica3-markov-steps200-20260612T140708Z,idyn-ob-scale20-replica3,scale20,replica3,adservice=3;cartservice=3;checkoutservice=3;currencyservice=3;emailservice=3;frontend=3;paymentservice=3;productcatalogservice=3;recommendationservice=3;redis-cart=1;shippingservice=3,markov,stageA,hda,HDA,121,121.000,replay,mixed,0.633713,0.093003,7,1.440440,0.000000,0.418771,0.479206,,,0.000000,0.008597,0.008597,7,7,0,75.455593,75.455593,75.455593,75.455593,120.000000,0.000000,145.947368,0.517006,0.000000,20,,,,,,,,,
online-boutique,online-boutique-longmix-stageA-scale20-replica3-markov-steps200-20260612T140708Z,idyn-ob-scale20-replica3,scale20,replica3,adservice=3;cartservice=3;checkoutservice=3;currencyservice=3;emailservice=3;frontend=3;paymentservice=3;productcatalogservice=3;recommendationservice=3;redis-cart=1;shippingservice=3,markov,stageA,kubernetes-default,K8s default,122,122.000,replay,mixed,0.570182,0.126057,6,1.440440,0.000000,0.365853,0.254571,,,0.000000,0.008626,0.008626,6,6,0,83.770604,83.770604,83.770604,83.770604,120.000000,0.000000,145.947368,0.573978,0.000000,20,,,,,,,,,
online-boutique,online-boutique-longmix-stageA-scale20-replica3-markov-steps200-20260612T140708Z,idyn-ob-scale20-replica3,scale20,replica3,adservice=3;cartservice=3;checkoutservice=3;currencyservice=3;emailservice=3;frontend=3;paymentservice=3;productcatalogservice=3;recommendationservice=3;redis-cart=1;shippingservice=3,markov,stageA,cga,CGA,122,122.000,replay,mixed,0.570182,0.126057,6,1.440440,0.000000,0.365853,0.254571,,,0.000000,0.008626,0.008626,6,6,0,75.447777,75.447777,75.447777,75.447777,120.000000,0.000000,145.947368,0.516952,0.000000,20,,,,,,,,,
online-boutique,online-boutique-longmix-stageA-scale20-replica3-markov-steps200-20260612T140708Z,idyn-ob-scale20-replica3,scale20,replica3,adservice=3;cartservice=3;checkoutservice=3;currencyservice=3;emailservice=3;frontend=3;paymentservice=3;productcatalogservice=3;recommendationservice=3;redis-cart=1;shippingservice=3,markov,stageA,hda,HDA,122,122.000,replay,mixed,0.570182,0.126057,6,1.440440,0.000000,0.365853,0.254571,,,0.000000,0.008626,0.008626,6,6,0,72.404382,72.404382,72.404382,72.404382,120.000000,0.000000,145.947368,0.496099,0.000000,20,,,,,,,,,
online-boutique,online-boutique-longmix-stageA-scale20-replica3-markov-steps200-20260612T140708Z,idyn-ob-scale20-replica3,scale20,replica3,adservice=3;cartservice=3;checkoutservice=3;currencyservice=3;emailservice=3;frontend=3;paymentservice=3;productcatalogservice=3;recommendationservice=3;redis-cart=1;shippingservice=3,markov,stageA,kubernetes-default,K8s default,123,123.000,replay,mixed,0.647911,0.145208,7,1.440440,0.000000,0.418771,0.479206,,,0.000000,0.012374,0.012374,7,7,0,88.053749,88.053749,88.053749,88.053749,120.000000,0.000000,145.947368,0.603325,0.000000,20,,,,,,,,,
online-boutique,online-boutique-longmix-stageA-scale20-replica3-markov-steps200-20260612T140708Z,idyn-ob-scale20-replica3,scale20,replica3,adservice=3;cartservice=3;checkoutservice=3;currencyservice=3;emailservice=3;frontend=3;paymentservice=3;productcatalogservice=3;recommendationservice=3;redis-cart=1;shippingservice=3,markov,stageA,cga,CGA,123,123.000,replay,mixed,0.647911,0.145208,7,1.440440,0.000000,0.418771,0.479206,,,0.000000,0.012374,0.012374,7,7,0,80.625544,80.625544,80.625544,80.625544,120.000000,0.000000,145.947368,0.552429,0.000000,20,,,,,,,,,
online-boutique,online-boutique-longmix-stageA-scale20-replica3-markov-steps200-20260612T140708Z,idyn-ob-scale20-replica3,scale20,replica3,adservice=3;cartservice=3;checkoutservice=3;currencyservice=3;emailservice=3;frontend=3;paymentservice=3;productcatalogservice=3;recommendationservice=3;redis-cart=1;shippingservice=3,markov,stageA,hda,HDA,123,123.000,replay,mixed,0.647911,0.145208,7,1.440440,0.000000,0.418771,0.479206,,,0.000000,0.012374,0.012374,7,7,0,76.752773,76.752773,76.752773,76.752773,120.000000,0.000000,145.947368,0.525894,0.000000,20,,,,,,,,,
online-boutique,online-boutique-longmix-stageA-scale20-replica3-markov-steps200-20260612T140708Z,idyn-ob-scale20-replica3,scale20,replica3,adservice=3;cartservice=3;checkoutservice=3;currencyservice=3;emailservice=3;frontend=3;paymentservice=3;productcatalogservice=3;recommendationservice=3;redis-cart=1;shippingservice=3,markov,stageA,kubernetes-default,K8s default,124,124.000,replay,mixed,0.585636,0.122041,6,1.440440,0.000000,0.365853,0.254571,,,0.000000,0.008066,0.008066,6,6,0,78.393230,78.393230,78.393230,78.393230,120.000000,0.000000,145.947368,0.537134,0.000000,20,,,,,,,,,
online-boutique,online-boutique-longmix-stageA-scale20-replica3-markov-steps200-20260612T140708Z,idyn-ob-scale20-replica3,scale20,replica3,adservice=3;cartservice=3;checkoutservice=3;currencyservice=3;emailservice=3;frontend=3;paymentservice=3;productcatalogservice=3;recommendationservice=3;redis-cart=1;shippingservice=3,markov,stageA,cga,CGA,124,124.000,replay,mixed,0.585636,0.122041,6,1.440440,0.000000,0.365853,0.254571,,,0.000000,0.008066,0.008066,6,6,0,74.759964,74.759964,74.759964,74.759964,120.000000,0.000000,145.947368,0.512239,0.000000,20,,,,,,,,,
online-boutique,online-boutique-longmix-stageA-scale20-replica3-markov-steps200-20260612T140708Z,idyn-ob-scale20-replica3,scale20,replica3,adservice=3;cartservice=3;checkoutservice=3;currencyservice=3;emailservice=3;frontend=3;paymentservice=3;productcatalogservice=3;recommendationservice=3;redis-cart=1;shippingservice=3,markov,stageA,hda,HDA,124,124.000,replay,mixed,0.585636,0.122041,6,1.440440,0.000000,0.365853,0.254571,,,0.000000,0.008066,0.008066,6,6,0,77.372052,77.372052,77.372052,77.372052,120.000000,0.000000,145.947368,0.530137,0.000000,20,,,,,,,,,
online-boutique,online-boutique-longmix-stageA-scale20-replica3-markov-steps200-20260612T140708Z,idyn-ob-scale20-replica3,scale20,replica3,adservice=3;cartservice=3;checkoutservice=3;currencyservice=3;emailservice=3;frontend=3;paymentservice=3;productcatalogservice=3;recommendationservice=3;redis-cart=1;shippingservice=3,markov,stageA,kubernetes-default,K8s default,125,125.000,replay,mixed,0.629527,0.096402,7,1.440440,0.000000,0.418771,0.479206,,,0.000000,0.012284,0.012284,7,7,0,85.132902,85.132902,85.132902,85.132902,120.000000,0.000000,145.947368,0.583312,0.000000,20,,,,,,,,,
online-boutique,online-boutique-longmix-stageA-scale20-replica3-markov-steps200-20260612T140708Z,idyn-ob-scale20-replica3,scale20,replica3,adservice=3;cartservice=3;checkoutservice=3;currencyservice=3;emailservice=3;frontend=3;paymentservice=3;productcatalogservice=3;recommendationservice=3;redis-cart=1;shippingservice=3,markov,stageA,cga,CGA,125,125.000,replay,mixed,0.629527,0.096402,7,1.440440,0.000000,0.418771,0.479206,,,0.000000,0.012284,0.012284,7,7,0,81.889933,81.889933,81.889933,81.889933,120.000000,0.000000,145.947368,0.561092,0.000000,20,,,,,,,,,
online-boutique,online-boutique-longmix-stageA-scale20-replica3-markov-steps200-20260612T140708Z,idyn-ob-scale20-replica3,scale20,replica3,adservice=3;cartservice=3;checkoutservice=3;currencyservice=3;emailservice=3;frontend=3;paymentservice=3;productcatalogservice=3;recommendationservice=3;redis-cart=1;shippingservice=3,markov,stageA,hda,HDA,125,125.000,replay,mixed,0.629527,0.096402,7,1.440440,0.000000,0.418771,0.479206,,,0.000000,0.012284,0.012284,7,7,0,69.647553,69.647553,69.647553,69.647553,120.000000,0.000000,145.947368,0.477210,0.000000,20,,,,,,,,,
online-boutique,online-boutique-longmix-stageA-scale20-replica3-markov-steps200-20260612T140708Z,idyn-ob-scale20-replica3,scale20,replica3,adservice=3;cartservice=3;checkoutservice=3;currencyservice=3;emailservice=3;frontend=3;paymentservice=3;productcatalogservice=3;recommendationservice=3;redis-cart=1;shippingservice=3,markov,stageA,kubernetes-default,K8s default,126,126.000,replay,mixed,0.640260,0.016764,7,1.440440,0.000000,0.418771,0.479206,,,0.000000,0.008225,0.008225,7,7,0,76.931829,76.931829,76.931829,76.931829,120.000000,0.000000,145.947368,0.527120,0.000000,20,,,,,,,,,
online-boutique,online-boutique-longmix-stageA-scale20-replica3-markov-steps200-20260612T140708Z,idyn-ob-scale20-replica3,scale20,replica3,adservice=3;cartservice=3;checkoutservice=3;currencyservice=3;emailservice=3;frontend=3;paymentservice=3;productcatalogservice=3;recommendationservice=3;redis-cart=1;shippingservice=3,markov,stageA,cga,CGA,126,126.000,replay,mixed,0.640260,0.016764,7,1.440440,0.000000,0.418771,0.479206,,,0.000000,0.008225,0.008225,7,7,0,70.498926,70.498926,70.498926,70.498926,120.000000,0.000000,145.947368,0.483043,0.000000,20,,,,,,,,,
online-boutique,online-boutique-longmix-stageA-scale20-replica3-markov-steps200-20260612T140708Z,idyn-ob-scale20-replica3,scale20,replica3,adservice=3;cartservice=3;checkoutservice=3;currencyservice=3;emailservice=3;frontend=3;paymentservice=3;productcatalogservice=3;recommendationservice=3;redis-cart=1;shippingservice=3,markov,stageA,hda,HDA,126,126.000,replay,mixed,0.640260,0.016764,7,1.440440,0.000000,0.418771,0.479206,,,0.000000,0.008225,0.008225,7,7,0,71.616561,71.616561,71.616561,71.616561,120.000000,0.000000,145.947368,0.490701,0.000000,20,,,,,,,,,
online-boutique,online-boutique-longmix-stageA-scale20-replica3-markov-steps200-20260612T140708Z,idyn-ob-scale20-replica3,scale20,replica3,adservice=3;cartservice=3;checkoutservice=3;currencyservice=3;emailservice=3;frontend=3;paymentservice=3;productcatalogservice=3;recommendationservice=3;redis-cart=1;shippingservice=3,markov,stageA,kubernetes-default,K8s default,127,127.000,replay,mixed,0.557696,0.308723,6,1.368091,0.500000,0.356136,0.271417,,,0.000000,0.009347,0.009347,6,6,0,76.286310,76.286310,76.286310,76.286310,120.000000,0.000000,132.947368,0.573808,0.000000,20,,,,,,,,,
online-boutique,online-boutique-longmix-stageA-scale20-replica3-markov-steps200-20260612T140708Z,idyn-ob-scale20-replica3,scale20,replica3,adservice=3;cartservice=3;checkoutservice=3;currencyservice=3;emailservice=3;frontend=3;paymentservice=3;productcatalogservice=3;recommendationservice=3;redis-cart=1;shippingservice=3,markov,stageA,cga,CGA,127,127.000,replay,mixed,0.557696,0.308723,6,1.368091,0.500000,0.356136,0.271417,,,0.000000,0.009347,0.009347,6,6,0,70.871572,70.871572,70.871572,70.871572,120.000000,0.000000,132.947368,0.533080,0.000000,20,,,,,,,,,
online-boutique,online-boutique-longmix-stageA-scale20-replica3-markov-steps200-20260612T140708Z,idyn-ob-scale20-replica3,scale20,replica3,adservice=3;cartservice=3;checkoutservice=3;currencyservice=3;emailservice=3;frontend=3;paymentservice=3;productcatalogservice=3;recommendationservice=3;redis-cart=1;shippingservice=3,markov,stageA,hda,HDA,127,127.000,replay,mixed,0.557696,0.308723,6,1.368091,0.500000,0.356136,0.271417,,,0.000000,0.009347,0.009347,6,6,0,72.152985,72.152985,72.152985,72.152985,120.000000,0.000000,132.947368,0.542718,0.000000,20,,,,,,,,,
online-boutique,online-boutique-longmix-stageA-scale20-replica3-markov-steps200-20260612T140708Z,idyn-ob-scale20-replica3,scale20,replica3,adservice=3;cartservice=3;checkoutservice=3;currencyservice=3;emailservice=3;frontend=3;paymentservice=3;productcatalogservice=3;recommendationservice=3;redis-cart=1;shippingservice=3,markov,stageA,kubernetes-default,K8s default,128,128.000,replay,mixed,0.563094,0.009586,6,1.368091,0.000000,0.356136,0.271417,,,0.000000,0.008395,0.008395,6,6,0,65.396736,65.396736,65.396736,65.396736,120.000000,0.000000,132.947368,0.491899,0.000000,20,,,,,,,,,
online-boutique,online-boutique-longmix-stageA-scale20-replica3-markov-steps200-20260612T140708Z,idyn-ob-scale20-replica3,scale20,replica3,adservice=3;cartservice=3;checkoutservice=3;currencyservice=3;emailservice=3;frontend=3;paymentservice=3;productcatalogservice=3;recommendationservice=3;redis-cart=1;shippingservice=3,markov,stageA,cga,CGA,128,128.000,replay,mixed,0.563094,0.009586,6,1.368091,0.000000,0.356136,0.271417,,,0.000000,0.008395,0.008395,6,6,0,61.622301,61.622301,61.622301,61.622301,120.000000,0.000000,132.947368,0.463509,0.000000,20,,,,,,,,,
online-boutique,online-boutique-longmix-stageA-scale20-replica3-markov-steps200-20260612T140708Z,idyn-ob-scale20-replica3,scale20,replica3,adservice=3;cartservice=3;checkoutservice=3;currencyservice=3;emailservice=3;frontend=3;paymentservice=3;productcatalogservice=3;recommendationservice=3;redis-cart=1;shippingservice=3,markov,stageA,hda,HDA,128,128.000,replay,mixed,0.563094,0.009586,6,1.368091,0.000000,0.356136,0.271417,,,0.000000,0.008395,0.008395,6,6,0,57.445909,57.445909,57.445909,57.445909,120.000000,0.000000,132.947368,0.432095,0.000000,20,,,,,,,,,
online-boutique,online-boutique-longmix-stageA-scale20-replica3-markov-steps200-20260612T140708Z,idyn-ob-scale20-replica3,scale20,replica3,adservice=3;cartservice=3;checkoutservice=3;currencyservice=3;emailservice=3;frontend=3;paymentservice=3;productcatalogservice=3;recommendationservice=3;redis-cart=1;shippingservice=3,markov,stageA,kubernetes-default,K8s default,129,129.000,replay,mixed,0.597415,0.057449,6,1.368091,0.000000,0.356136,0.271417,,,0.000000,0.008205,0.008205,6,6,0,75.497141,75.497141,75.497141,75.497141,120.000000,0.000000,132.947368,0.567872,0.000000,20,,,,,,,,,
online-boutique,online-boutique-longmix-stageA-scale20-replica3-markov-steps200-20260612T140708Z,idyn-ob-scale20-replica3,scale20,replica3,adservice=3;cartservice=3;checkoutservice=3;currencyservice=3;emailservice=3;frontend=3;paymentservice=3;productcatalogservice=3;recommendationservice=3;redis-cart=1;shippingservice=3,markov,stageA,cga,CGA,129,129.000,replay,mixed,0.597415,0.057449,6,1.368091,0.000000,0.356136,0.271417,,,0.000000,0.008205,0.008205,6,6,0,64.749490,64.749490,64.749490,64.749490,120.000000,0.000000,132.947368,0.487031,0.000000,20,,,,,,,,,
online-boutique,online-boutique-longmix-stageA-scale20-replica3-markov-steps200-20260612T140708Z,idyn-ob-scale20-replica3,scale20,replica3,adservice=3;cartservice=3;checkoutservice=3;currencyservice=3;emailservice=3;frontend=3;paymentservice=3;productcatalogservice=3;recommendationservice=3;redis-cart=1;shippingservice=3,markov,stageA,hda,HDA,129,129.000,replay,mixed,0.597415,0.057449,6,1.368091,0.000000,0.356136,0.271417,,,0.000000,0.008205,0.008205,6,6,0,60.721797,60.721797,60.721797,60.721797,120.000000,0.000000,132.947368,0.456736,0.000000,20,,,,,,,,,
online-boutique,online-boutique-longmix-stageA-scale20-replica3-markov-steps200-20260612T140708Z,idyn-ob-scale20-replica3,scale20,replica3,adservice=3;cartservice=3;checkoutservice=3;currencyservice=3;emailservice=3;frontend=3;paymentservice=3;productcatalogservice=3;recommendationservice=3;redis-cart=1;shippingservice=3,markov,stageA,kubernetes-default,K8s default,130,130.000,replay,mixed,0.622726,0.256197,7,1.440440,0.500000,0.418771,0.479206,,,0.000000,0.012784,0.012784,7,7,0,88.238799,88.238799,88.238799,88.238799,120.000000,0.000000,145.947368,0.604593,0.000000,20,,,,,,,,,
online-boutique,online-boutique-longmix-stageA-scale20-replica3-markov-steps200-20260612T140708Z,idyn-ob-scale20-replica3,scale20,replica3,adservice=3;cartservice=3;checkoutservice=3;currencyservice=3;emailservice=3;frontend=3;paymentservice=3;productcatalogservice=3;recommendationservice=3;redis-cart=1;shippingservice=3,markov,stageA,cga,CGA,130,130.000,replay,mixed,0.622726,0.256197,7,1.440440,0.500000,0.418771,0.479206,,,0.000000,0.012784,0.012784,7,7,0,84.183148,84.183148,84.183148,84.183148,120.000000,0.000000,145.947368,0.576805,0.000000,20,,,,,,,,,
online-boutique,online-boutique-longmix-stageA-scale20-replica3-markov-steps200-20260612T140708Z,idyn-ob-scale20-replica3,scale20,replica3,adservice=3;cartservice=3;checkoutservice=3;currencyservice=3;emailservice=3;frontend=3;paymentservice=3;productcatalogservice=3;recommendationservice=3;redis-cart=1;shippingservice=3,markov,stageA,hda,HDA,130,130.000,replay,mixed,0.622726,0.256197,7,1.440440,0.500000,0.418771,0.479206,,,0.000000,0.012784,0.012784,7,7,0,83.079342,83.079342,83.079342,83.079342,120.000000,0.000000,145.947368,0.569242,0.000000,20,,,,,,,,,
online-boutique,online-boutique-longmix-stageA-scale20-replica3-markov-steps200-20260612T140708Z,idyn-ob-scale20-replica3,scale20,replica3,adservice=3;cartservice=3;checkoutservice=3;currencyservice=3;emailservice=3;frontend=3;paymentservice=3;productcatalogservice=3;recommendationservice=3;redis-cart=1;shippingservice=3,markov,stageA,kubernetes-default,K8s default,131,131.000,replay,mixed,0.570732,0.587329,7,1.525982,0.800000,0.359677,1.100147,,,0.000000,0.026219,0.026219,7,7,0,77.135468,77.135468,77.135468,77.135468,120.000000,0.000000,113.447368,0.679923,0.000000,20,,,,,,,,,
online-boutique,online-boutique-longmix-stageA-scale20-replica3-markov-steps200-20260612T140708Z,idyn-ob-scale20-replica3,scale20,replica3,adservice=3;cartservice=3;checkoutservice=3;currencyservice=3;emailservice=3;frontend=3;paymentservice=3;productcatalogservice=3;recommendationservice=3;redis-cart=1;shippingservice=3,markov,stageA,cga,CGA,131,131.000,replay,mixed,0.570732,0.587329,7,1.525982,0.800000,0.359677,1.100147,,,0.000000,0.026219,0.026219,7,7,0,74.729962,74.729962,74.729962,74.729962,120.000000,0.000000,113.447368,0.658719,0.000000,20,,,,,,,,,
online-boutique,online-boutique-longmix-stageA-scale20-replica3-markov-steps200-20260612T140708Z,idyn-ob-scale20-replica3,scale20,replica3,adservice=3;cartservice=3;checkoutservice=3;currencyservice=3;emailservice=3;frontend=3;paymentservice=3;productcatalogservice=3;recommendationservice=3;redis-cart=1;shippingservice=3,markov,stageA,hda,HDA,131,131.000,replay,mixed,0.570732,0.587329,7,1.525982,0.800000,0.359677,1.100147,,,0.000000,0.026219,0.026219,7,7,0,70.078429,70.078429,70.078429,70.078429,120.000000,0.000000,113.447368,0.617718,0.000000,20,,,,,,,,,
online-boutique,online-boutique-longmix-stageA-scale20-replica3-markov-steps200-20260612T140708Z,idyn-ob-scale20-replica3,scale20,replica3,adservice=3;cartservice=3;checkoutservice=3;currencyservice=3;emailservice=3;frontend=3;paymentservice=3;productcatalogservice=3;recommendationservice=3;redis-cart=1;shippingservice=3,markov,stageA,kubernetes-default,K8s default,132,132.000,replay,mixed,0.634507,0.100511,7,1.525982,0.000000,0.359677,1.100147,,,0.000000,0.008285,0.008285,7,7,0,60.408706,60.408706,60.408706,60.408706,120.000000,0.000000,113.447368,0.532482,0.000000,20,,,,,,,,,
online-boutique,online-boutique-longmix-stageA-scale20-replica3-markov-steps200-20260612T140708Z,idyn-ob-scale20-replica3,scale20,replica3,adservice=3;cartservice=3;checkoutservice=3;currencyservice=3;emailservice=3;frontend=3;paymentservice=3;productcatalogservice=3;recommendationservice=3;redis-cart=1;shippingservice=3,markov,stageA,cga,CGA,132,132.000,replay,mixed,0.634507,0.100511,7,1.525982,0.000000,0.359677,1.100147,,,0.000000,0.008285,0.008285,7,7,0,57.399265,57.399265,57.399265,57.399265,120.000000,0.000000,113.447368,0.505955,0.000000,20,,,,,,,,,
online-boutique,online-boutique-longmix-stageA-scale20-replica3-markov-steps200-20260612T140708Z,idyn-ob-scale20-replica3,scale20,replica3,adservice=3;cartservice=3;checkoutservice=3;currencyservice=3;emailservice=3;frontend=3;paymentservice=3;productcatalogservice=3;recommendationservice=3;redis-cart=1;shippingservice=3,markov,stageA,hda,HDA,132,132.000,replay,mixed,0.634507,0.100511,7,1.525982,0.000000,0.359677,1.100147,,,0.000000,0.008285,0.008285,7,7,0,53.123712,53.123712,53.123712,53.123712,120.000000,0.000000,113.447368,0.468267,0.000000,20,,,,,,,,,
online-boutique,online-boutique-longmix-stageA-scale20-replica3-markov-steps200-20260612T140708Z,idyn-ob-scale20-replica3,scale20,replica3,adservice=3;cartservice=3;checkoutservice=3;currencyservice=3;emailservice=3;frontend=3;paymentservice=3;productcatalogservice=3;recommendationservice=3;redis-cart=1;shippingservice=3,markov,stageA,kubernetes-default,K8s default,133,133.000,replay,mixed,0.583455,0.080460,7,1.525982,0.000000,0.359677,1.100147,,,0.000000,0.008395,0.008395,7,7,0,59.829089,59.829089,59.829089,59.829089,120.000000,0.000000,113.447368,0.527373,0.000000,20,,,,,,,,,
online-boutique,online-boutique-longmix-stageA-scale20-replica3-markov-steps200-20260612T140708Z,idyn-ob-scale20-replica3,scale20,replica3,adservice=3;cartservice=3;checkoutservice=3;currencyservice=3;emailservice=3;frontend=3;paymentservice=3;productcatalogservice=3;recommendationservice=3;redis-cart=1;shippingservice=3,markov,stageA,cga,CGA,133,133.000,replay,mixed,0.583455,0.080460,7,1.525982,0.000000,0.359677,1.100147,,,0.000000,0.008395,0.008395,7,7,0,52.536199,52.536199,52.536199,52.536199,120.000000,0.000000,113.447368,0.463089,0.000000,20,,,,,,,,,
online-boutique,online-boutique-longmix-stageA-scale20-replica3-markov-steps200-20260612T140708Z,idyn-ob-scale20-replica3,scale20,replica3,adservice=3;cartservice=3;checkoutservice=3;currencyservice=3;emailservice=3;frontend=3;paymentservice=3;productcatalogservice=3;recommendationservice=3;redis-cart=1;shippingservice=3,markov,stageA,hda,HDA,133,133.000,replay,mixed,0.583455,0.080460,7,1.525982,0.000000,0.359677,1.100147,,,0.000000,0.008395,0.008395,7,7,0,50.371020,50.371020,50.371020,50.371020,120.000000,0.000000,113.447368,0.444003,0.000000,20,,,,,,,,,
online-boutique,online-boutique-longmix-stageA-scale20-replica3-markov-steps200-20260612T140708Z,idyn-ob-scale20-replica3,scale20,replica3,adservice=3;cartservice=3;checkoutservice=3;currencyservice=3;emailservice=3;frontend=3;paymentservice=3;productcatalogservice=3;recommendationservice=3;redis-cart=1;shippingservice=3,markov,stageA,kubernetes-default,K8s default,134,134.000,replay,mixed,0.599181,0.026247,7,1.525982,0.000000,0.359677,1.100147,,,0.000000,0.008235,0.008235,7,7,0,56.252638,56.252638,56.252638,56.252638,120.000000,0.000000,113.447368,0.495848,0.000000,20,,,,,,,,,
online-boutique,online-boutique-longmix-stageA-scale20-replica3-markov-steps200-20260612T140708Z,idyn-ob-scale20-replica3,scale20,replica3,adservice=3;cartservice=3;checkoutservice=3;currencyservice=3;emailservice=3;frontend=3;paymentservice=3;productcatalogservice=3;recommendationservice=3;redis-cart=1;shippingservice=3,markov,stageA,cga,CGA,134,134.000,replay,mixed,0.599181,0.026247,7,1.525982,0.000000,0.359677,1.100147,,,0.000000,0.008235,0.008235,7,7,0,54.089531,54.089531,54.089531,54.089531,120.000000,0.000000,113.447368,0.476781,0.000000,20,,,,,,,,,
online-boutique,online-boutique-longmix-stageA-scale20-replica3-markov-steps200-20260612T140708Z,idyn-ob-scale20-replica3,scale20,replica3,adservice=3;cartservice=3;checkoutservice=3;currencyservice=3;emailservice=3;frontend=3;paymentservice=3;productcatalogservice=3;recommendationservice=3;redis-cart=1;shippingservice=3,markov,stageA,hda,HDA,134,134.000,replay,mixed,0.599181,0.026247,7,1.525982,0.000000,0.359677,1.100147,,,0.000000,0.008235,0.008235,7,7,0,53.523035,53.523035,53.523035,53.523035,120.000000,0.000000,113.447368,0.471787,0.000000,20,,,,,,,,,
online-boutique,online-boutique-longmix-stageA-scale20-replica3-markov-steps200-20260612T140708Z,idyn-ob-scale20-replica3,scale20,replica3,adservice=3;cartservice=3;checkoutservice=3;currencyservice=3;emailservice=3;frontend=3;paymentservice=3;productcatalogservice=3;recommendationservice=3;redis-cart=1;shippingservice=3,markov,stageA,kubernetes-default,K8s default,135,135.000,replay,mixed,0.614656,0.025177,7,1.525982,0.000000,0.359677,1.100147,,,0.000000,0.012053,0.012053,7,7,0,56.967877,56.967877,56.967877,56.967877,120.000000,0.000000,113.447368,0.502152,0.000000,20,,,,,,,,,
online-boutique,online-boutique-longmix-stageA-scale20-replica3-markov-steps200-20260612T140708Z,idyn-ob-scale20-replica3,scale20,replica3,adservice=3;cartservice=3;checkoutservice=3;currencyservice=3;emailservice=3;frontend=3;paymentservice=3;productcatalogservice=3;recommendationservice=3;redis-cart=1;shippingservice=3,markov,stageA,cga,CGA,135,135.000,replay,mixed,0.614656,0.025177,7,1.525982,0.000000,0.359677,1.100147,,,0.000000,0.012053,0.012053,7,7,0,53.131101,53.131101,53.131101,53.131101,120.000000,0.000000,113.447368,0.468333,0.000000,20,,,,,,,,,
online-boutique,online-boutique-longmix-stageA-scale20-replica3-markov-steps200-20260612T140708Z,idyn-ob-scale20-replica3,scale20,replica3,adservice=3;cartservice=3;checkoutservice=3;currencyservice=3;emailservice=3;frontend=3;paymentservice=3;productcatalogservice=3;recommendationservice=3;redis-cart=1;shippingservice=3,markov,stageA,hda,HDA,135,135.000,replay,mixed,0.614656,0.025177,7,1.525982,0.000000,0.359677,1.100147,,,0.000000,0.012053,0.012053,7,7,0,47.834967,47.834967,47.834967,47.834967,120.000000,0.000000,113.447368,0.421649,0.000000,20,,,,,,,,,
online-boutique,online-boutique-longmix-stageA-scale20-replica3-markov-steps200-20260612T140708Z,idyn-ob-scale20-replica3,scale20,replica3,adservice=3;cartservice=3;checkoutservice=3;currencyservice=3;emailservice=3;frontend=3;paymentservice=3;productcatalogservice=3;recommendationservice=3;redis-cart=1;shippingservice=3,markov,stageA,kubernetes-default,K8s default,136,136.000,replay,mixed,0.572202,0.069070,7,1.525982,0.000000,0.359677,1.100147,,,0.000000,0.014978,0.014978,7,7,0,58.131469,58.131469,58.131469,58.131469,120.000000,0.000000,113.447368,0.512409,0.000000,20,,,,,,,,,
online-boutique,online-boutique-longmix-stageA-scale20-replica3-markov-steps200-20260612T140708Z,idyn-ob-scale20-replica3,scale20,replica3,adservice=3;cartservice=3;checkoutservice=3;currencyservice=3;emailservice=3;frontend=3;paymentservice=3;productcatalogservice=3;recommendationservice=3;redis-cart=1;shippingservice=3,markov,stageA,cga,CGA,136,136.000,replay,mixed,0.572202,0.069070,7,1.525982,0.000000,0.359677,1.100147,,,0.000000,0.014978,0.014978,7,7,0,52.025960,52.025960,52.025960,52.025960,120.000000,0.000000,113.447368,0.458591,0.000000,20,,,,,,,,,
online-boutique,online-boutique-longmix-stageA-scale20-replica3-markov-steps200-20260612T140708Z,idyn-ob-scale20-replica3,scale20,replica3,adservice=3;cartservice=3;checkoutservice=3;currencyservice=3;emailservice=3;frontend=3;paymentservice=3;productcatalogservice=3;recommendationservice=3;redis-cart=1;shippingservice=3,markov,stageA,hda,HDA,136,136.000,replay,mixed,0.572202,0.069070,7,1.525982,0.000000,0.359677,1.100147,,,0.000000,0.014978,0.014978,7,7,0,50.676391,50.676391,50.676391,50.676391,120.000000,0.000000,113.447368,0.446695,0.000000,20,,,,,,,,,
online-boutique,online-boutique-longmix-stageA-scale20-replica3-markov-steps200-20260612T140708Z,idyn-ob-scale20-replica3,scale20,replica3,adservice=3;cartservice=3;checkoutservice=3;currencyservice=3;emailservice=3;frontend=3;paymentservice=3;productcatalogservice=3;recommendationservice=3;redis-cart=1;shippingservice=3,markov,stageA,kubernetes-default,K8s default,137,137.000,replay,mixed,0.582436,0.017571,7,1.525982,0.000000,0.359677,1.100147,,,0.000000,0.008487,0.008487,7,7,0,52.843197,52.843197,52.843197,52.843197,120.000000,0.000000,113.447368,0.465795,0.000000,20,,,,,,,,,
online-boutique,online-boutique-longmix-stageA-scale20-replica3-markov-steps200-20260612T140708Z,idyn-ob-scale20-replica3,scale20,replica3,adservice=3;cartservice=3;checkoutservice=3;currencyservice=3;emailservice=3;frontend=3;paymentservice=3;productcatalogservice=3;recommendationservice=3;redis-cart=1;shippingservice=3,markov,stageA,cga,CGA,137,137.000,replay,mixed,0.582436,0.017571,7,1.525982,0.000000,0.359677,1.100147,,,0.000000,0.008487,0.008487,7,7,0,54.852903,54.852903,54.852903,54.852903,120.000000,0.000000,113.447368,0.483510,0.000000,20,,,,,,,,,
online-boutique,online-boutique-longmix-stageA-scale20-replica3-markov-steps200-20260612T140708Z,idyn-ob-scale20-replica3,scale20,replica3,adservice=3;cartservice=3;checkoutservice=3;currencyservice=3;emailservice=3;frontend=3;paymentservice=3;productcatalogservice=3;recommendationservice=3;redis-cart=1;shippingservice=3,markov,stageA,hda,HDA,137,137.000,replay,mixed,0.582436,0.017571,7,1.525982,0.000000,0.359677,1.100147,,,0.000000,0.008487,0.008487,7,7,0,51.263296,51.263296,51.263296,51.263296,120.000000,0.000000,113.447368,0.451869,0.000000,20,,,,,,,,,
online-boutique,online-boutique-longmix-stageA-scale20-replica3-markov-steps200-20260612T140708Z,idyn-ob-scale20-replica3,scale20,replica3,adservice=3;cartservice=3;checkoutservice=3;currencyservice=3;emailservice=3;frontend=3;paymentservice=3;productcatalogservice=3;recommendationservice=3;redis-cart=1;shippingservice=3,markov,stageA,kubernetes-default,K8s default,138,138.000,replay,mixed,0.580120,0.003976,7,1.525982,0.000000,0.359677,1.100147,,,0.000000,0.008656,0.008656,7,7,0,54.688921,54.688921,54.688921,54.688921,120.000000,0.000000,113.447368,0.482064,0.000000,20,,,,,,,,,
online-boutique,online-boutique-longmix-stageA-scale20-replica3-markov-steps200-20260612T140708Z,idyn-ob-scale20-replica3,scale20,replica3,adservice=3;cartservice=3;checkoutservice=3;currencyservice=3;emailservice=3;frontend=3;paymentservice=3;productcatalogservice=3;recommendationservice=3;redis-cart=1;shippingservice=3,markov,stageA,cga,CGA,138,138.000,replay,mixed,0.580120,0.003976,7,1.525982,0.000000,0.359677,1.100147,,,0.000000,0.008656,0.008656,7,7,0,53.683078,53.683078,53.683078,53.683078,120.000000,0.000000,113.447368,0.473198,0.000000,20,,,,,,,,,
online-boutique,online-boutique-longmix-stageA-scale20-replica3-markov-steps200-20260612T140708Z,idyn-ob-scale20-replica3,scale20,replica3,adservice=3;cartservice=3;checkoutservice=3;currencyservice=3;emailservice=3;frontend=3;paymentservice=3;productcatalogservice=3;recommendationservice=3;redis-cart=1;shippingservice=3,markov,stageA,hda,HDA,138,138.000,replay,mixed,0.580120,0.003976,7,1.525982,0.000000,0.359677,1.100147,,,0.000000,0.008656,0.008656,7,7,0,42.191982,42.191982,42.191982,42.191982,120.000000,0.000000,113.447368,0.371908,0.000000,20,,,,,,,,,
online-boutique,online-boutique-longmix-stageA-scale20-replica3-markov-steps200-20260612T140708Z,idyn-ob-scale20-replica3,scale20,replica3,adservice=3;cartservice=3;checkoutservice=3;currencyservice=3;emailservice=3;frontend=3;paymentservice=3;productcatalogservice=3;recommendationservice=3;redis-cart=1;shippingservice=3,markov,stageA,kubernetes-default,K8s default,139,139.000,replay,mixed,0.582794,0.004589,7,1.525982,0.000000,0.359677,1.100147,,,0.000000,0.008185,0.008185,7,7,0,50.711085,50.711085,50.711085,50.711085,120.000000,0.000000,113.447368,0.447001,0.000000,20,,,,,,,,,
online-boutique,online-boutique-longmix-stageA-scale20-replica3-markov-steps200-20260612T140708Z,idyn-ob-scale20-replica3,scale20,replica3,adservice=3;cartservice=3;checkoutservice=3;currencyservice=3;emailservice=3;frontend=3;paymentservice=3;productcatalogservice=3;recommendationservice=3;redis-cart=1;shippingservice=3,markov,stageA,cga,CGA,139,139.000,replay,mixed,0.582794,0.004589,7,1.525982,0.000000,0.359677,1.100147,,,0.000000,0.008185,0.008185,7,7,0,49.375994,49.375994,49.375994,49.375994,120.000000,0.000000,113.447368,0.435233,0.000000,20,,,,,,,,,
online-boutique,online-boutique-longmix-stageA-scale20-replica3-markov-steps200-20260612T140708Z,idyn-ob-scale20-replica3,scale20,replica3,adservice=3;cartservice=3;checkoutservice=3;currencyservice=3;emailservice=3;frontend=3;paymentservice=3;productcatalogservice=3;recommendationservice=3;redis-cart=1;shippingservice=3,markov,stageA,hda,HDA,139,139.000,replay,mixed,0.582794,0.004589,7,1.525982,0.000000,0.359677,1.100147,,,0.000000,0.008185,0.008185,7,7,0,52.828432,52.828432,52.828432,52.828432,120.000000,0.000000,113.447368,0.465665,0.000000,20,,,,,,,,,
online-boutique,online-boutique-longmix-stageA-scale20-replica3-markov-steps200-20260612T140708Z,idyn-ob-scale20-replica3,scale20,replica3,adservice=3;cartservice=3;checkoutservice=3;currencyservice=3;emailservice=3;frontend=3;paymentservice=3;productcatalogservice=3;recommendationservice=3;redis-cart=1;shippingservice=3,markov,stageA,kubernetes-default,K8s default,140,140.000,replay,mixed,0.615972,0.053863,7,1.525982,0.000000,0.359677,1.100147,,,0.000000,0.008586,0.008586,7,7,0,55.003840,55.003840,55.003840,55.003840,120.000000,0.000000,113.447368,0.484840,0.000000,20,,,,,,,,,
online-boutique,online-boutique-longmix-stageA-scale20-replica3-markov-steps200-20260612T140708Z,idyn-ob-scale20-replica3,scale20,replica3,adservice=3;cartservice=3;checkoutservice=3;currencyservice=3;emailservice=3;frontend=3;paymentservice=3;productcatalogservice=3;recommendationservice=3;redis-cart=1;shippingservice=3,markov,stageA,cga,CGA,140,140.000,replay,mixed,0.615972,0.053863,7,1.525982,0.000000,0.359677,1.100147,,,0.000000,0.008586,0.008586,7,7,0,54.451917,54.451917,54.451917,54.451917,120.000000,0.000000,113.447368,0.479975,0.000000,20,,,,,,,,,
online-boutique,online-boutique-longmix-stageA-scale20-replica3-markov-steps200-20260612T140708Z,idyn-ob-scale20-replica3,scale20,replica3,adservice=3;cartservice=3;checkoutservice=3;currencyservice=3;emailservice=3;frontend=3;paymentservice=3;productcatalogservice=3;recommendationservice=3;redis-cart=1;shippingservice=3,markov,stageA,hda,HDA,140,140.000,replay,mixed,0.615972,0.053863,7,1.525982,0.000000,0.359677,1.100147,,,0.000000,0.008586,0.008586,7,7,0,51.281539,51.281539,51.281539,51.281539,120.000000,0.000000,113.447368,0.452029,0.000000,20,,,,,,,,,
online-boutique,online-boutique-longmix-stageA-scale20-replica3-markov-steps200-20260612T140708Z,idyn-ob-scale20-replica3,scale20,replica3,adservice=3;cartservice=3;checkoutservice=3;currencyservice=3;emailservice=3;frontend=3;paymentservice=3;productcatalogservice=3;recommendationservice=3;redis-cart=1;shippingservice=3,markov,stageA,kubernetes-default,K8s default,141,141.000,replay,mixed,0.634041,0.028498,7,1.525982,0.000000,0.359677,1.100147,,,0.000000,0.008616,0.008616,7,7,0,59.344146,59.344146,59.344146,59.344146,120.000000,0.000000,113.447368,0.523098,0.000000,20,,,,,,,,,
online-boutique,online-boutique-longmix-stageA-scale20-replica3-markov-steps200-20260612T140708Z,idyn-ob-scale20-replica3,scale20,replica3,adservice=3;cartservice=3;checkoutservice=3;currencyservice=3;emailservice=3;frontend=3;paymentservice=3;productcatalogservice=3;recommendationservice=3;redis-cart=1;shippingservice=3,markov,stageA,cga,CGA,141,141.000,replay,mixed,0.634041,0.028498,7,1.525982,0.000000,0.359677,1.100147,,,0.000000,0.008616,0.008616,7,7,0,53.188818,53.188818,53.188818,53.188818,120.000000,0.000000,113.447368,0.468841,0.000000,20,,,,,,,,,
online-boutique,online-boutique-longmix-stageA-scale20-replica3-markov-steps200-20260612T140708Z,idyn-ob-scale20-replica3,scale20,replica3,adservice=3;cartservice=3;checkoutservice=3;currencyservice=3;emailservice=3;frontend=3;paymentservice=3;productcatalogservice=3;recommendationservice=3;redis-cart=1;shippingservice=3,markov,stageA,hda,HDA,141,141.000,replay,mixed,0.634041,0.028498,7,1.525982,0.000000,0.359677,1.100147,,,0.000000,0.008616,0.008616,7,7,0,53.622026,53.622026,53.622026,53.622026,120.000000,0.000000,113.447368,0.472660,0.000000,20,,,,,,,,,
online-boutique,online-boutique-longmix-stageA-scale20-replica3-markov-steps200-20260612T140708Z,idyn-ob-scale20-replica3,scale20,replica3,adservice=3;cartservice=3;checkoutservice=3;currencyservice=3;emailservice=3;frontend=3;paymentservice=3;productcatalogservice=3;recommendationservice=3;redis-cart=1;shippingservice=3,markov,stageA,kubernetes-default,K8s default,142,142.000,replay,mixed,0.650523,0.025337,7,1.525982,0.000000,0.359677,1.100147,,,0.000000,0.008286,0.008286,7,7,0,61.060283,61.060283,61.060283,61.060283,120.000000,0.000000,113.447368,0.538226,0.000000,20,,,,,,,,,
online-boutique,online-boutique-longmix-stageA-scale20-replica3-markov-steps200-20260612T140708Z,idyn-ob-scale20-replica3,scale20,replica3,adservice=3;cartservice=3;checkoutservice=3;currencyservice=3;emailservice=3;frontend=3;paymentservice=3;productcatalogservice=3;recommendationservice=3;redis-cart=1;shippingservice=3,markov,stageA,cga,CGA,142,142.000,replay,mixed,0.650523,0.025337,7,1.525982,0.000000,0.359677,1.100147,,,0.000000,0.008286,0.008286,7,7,0,52.327707,52.327707,52.327707,52.327707,120.000000,0.000000,113.447368,0.461251,0.000000,20,,,,,,,,,
online-boutique,online-boutique-longmix-stageA-scale20-replica3-markov-steps200-20260612T140708Z,idyn-ob-scale20-replica3,scale20,replica3,adservice=3;cartservice=3;checkoutservice=3;currencyservice=3;emailservice=3;frontend=3;paymentservice=3;productcatalogservice=3;recommendationservice=3;redis-cart=1;shippingservice=3,markov,stageA,hda,HDA,142,142.000,replay,mixed,0.650523,0.025337,7,1.525982,0.000000,0.359677,1.100147,,,0.000000,0.008286,0.008286,7,7,0,50.495314,50.495314,50.495314,50.495314,120.000000,0.000000,113.447368,0.445099,0.000000,20,,,,,,,,,
online-boutique,online-boutique-longmix-stageA-scale20-replica3-markov-steps200-20260612T140708Z,idyn-ob-scale20-replica3,scale20,replica3,adservice=3;cartservice=3;checkoutservice=3;currencyservice=3;emailservice=3;frontend=3;paymentservice=3;productcatalogservice=3;recommendationservice=3;redis-cart=1;shippingservice=3,markov,stageA,kubernetes-default,K8s default,143,143.000,replay,mixed,0.615628,0.053642,7,1.525982,0.000000,0.359677,1.100147,,,0.000000,0.013786,0.013786,7,7,0,54.521370,54.521370,54.521370,54.521370,120.000000,0.000000,113.447368,0.480587,0.000000,20,,,,,,,,,
online-boutique,online-boutique-longmix-stageA-scale20-replica3-markov-steps200-20260612T140708Z,idyn-ob-scale20-replica3,scale20,replica3,adservice=3;cartservice=3;checkoutservice=3;currencyservice=3;emailservice=3;frontend=3;paymentservice=3;productcatalogservice=3;recommendationservice=3;redis-cart=1;shippingservice=3,markov,stageA,cga,CGA,143,143.000,replay,mixed,0.615628,0.053642,7,1.525982,0.000000,0.359677,1.100147,,,0.000000,0.013786,0.013786,7,7,0,55.195234,55.195234,55.195234,55.195234,120.000000,0.000000,113.447368,0.486527,0.000000,20,,,,,,,,,
online-boutique,online-boutique-longmix-stageA-scale20-replica3-markov-steps200-20260612T140708Z,idyn-ob-scale20-replica3,scale20,replica3,adservice=3;cartservice=3;checkoutservice=3;currencyservice=3;emailservice=3;frontend=3;paymentservice=3;productcatalogservice=3;recommendationservice=3;redis-cart=1;shippingservice=3,markov,stageA,hda,HDA,143,143.000,replay,mixed,0.615628,0.053642,7,1.525982,0.000000,0.359677,1.100147,,,0.000000,0.013786,0.013786,7,7,0,50.616551,50.616551,50.616551,50.616551,120.000000,0.000000,113.447368,0.446168,0.000000,20,,,,,,,,,
online-boutique,online-boutique-longmix-stageA-scale20-replica3-markov-steps200-20260612T140708Z,idyn-ob-scale20-replica3,scale20,replica3,adservice=3;cartservice=3;checkoutservice=3;currencyservice=3;emailservice=3;frontend=3;paymentservice=3;productcatalogservice=3;recommendationservice=3;redis-cart=1;shippingservice=3,markov,stageA,kubernetes-default,K8s default,144,144.000,replay,mixed,0.597159,0.029999,7,1.525982,0.000000,0.359677,1.100147,,,0.000000,0.015529,0.015529,7,7,0,57.914339,57.914339,57.914339,57.914339,120.000000,0.000000,113.447368,0.510495,0.000000,20,,,,,,,,,
online-boutique,online-boutique-longmix-stageA-scale20-replica3-markov-steps200-20260612T140708Z,idyn-ob-scale20-replica3,scale20,replica3,adservice=3;cartservice=3;checkoutservice=3;currencyservice=3;emailservice=3;frontend=3;paymentservice=3;productcatalogservice=3;recommendationservice=3;redis-cart=1;shippingservice=3,markov,stageA,cga,CGA,144,144.000,replay,mixed,0.597159,0.029999,7,1.525982,0.000000,0.359677,1.100147,,,0.000000,0.015529,0.015529,7,7,0,53.873623,53.873623,53.873623,53.873623,120.000000,0.000000,113.447368,0.474878,0.000000,20,,,,,,,,,
online-boutique,online-boutique-longmix-stageA-scale20-replica3-markov-steps200-20260612T140708Z,idyn-ob-scale20-replica3,scale20,replica3,adservice=3;cartservice=3;checkoutservice=3;currencyservice=3;emailservice=3;frontend=3;paymentservice=3;productcatalogservice=3;recommendationservice=3;redis-cart=1;shippingservice=3,markov,stageA,hda,HDA,144,144.000,replay,mixed,0.597159,0.029999,7,1.525982,0.000000,0.359677,1.100147,,,0.000000,0.015529,0.015529,7,7,0,51.562269,51.562269,51.562269,51.562269,120.000000,0.000000,113.447368,0.454504,0.000000,20,,,,,,,,,
online-boutique,online-boutique-longmix-stageA-scale20-replica3-markov-steps200-20260612T140708Z,idyn-ob-scale20-replica3,scale20,replica3,adservice=3;cartservice=3;checkoutservice=3;currencyservice=3;emailservice=3;frontend=3;paymentservice=3;productcatalogservice=3;recommendationservice=3;redis-cart=1;shippingservice=3,markov,stageA,kubernetes-default,K8s default,145,145.000,replay,mixed,0.632274,0.055538,7,1.525982,0.000000,0.359677,1.100147,,,0.000000,0.008436,0.008436,7,7,0,56.650142,56.650142,56.650142,56.650142,120.000000,0.000000,113.447368,0.499352,0.000000,20,,,,,,,,,
online-boutique,online-boutique-longmix-stageA-scale20-replica3-markov-steps200-20260612T140708Z,idyn-ob-scale20-replica3,scale20,replica3,adservice=3;cartservice=3;checkoutservice=3;currencyservice=3;emailservice=3;frontend=3;paymentservice=3;productcatalogservice=3;recommendationservice=3;redis-cart=1;shippingservice=3,markov,stageA,cga,CGA,145,145.000,replay,mixed,0.632274,0.055538,7,1.525982,0.000000,0.359677,1.100147,,,0.000000,0.008436,0.008436,7,7,0,55.878790,55.878790,55.878790,55.878790,120.000000,0.000000,113.447368,0.492553,0.000000,20,,,,,,,,,
online-boutique,online-boutique-longmix-stageA-scale20-replica3-markov-steps200-20260612T140708Z,idyn-ob-scale20-replica3,scale20,replica3,adservice=3;cartservice=3;checkoutservice=3;currencyservice=3;emailservice=3;frontend=3;paymentservice=3;productcatalogservice=3;recommendationservice=3;redis-cart=1;shippingservice=3,markov,stageA,hda,HDA,145,145.000,replay,mixed,0.632274,0.055538,7,1.525982,0.000000,0.359677,1.100147,,,0.000000,0.008436,0.008436,7,7,0,48.849014,48.849014,48.849014,48.849014,120.000000,0.000000,113.447368,0.430587,0.000000,20,,,,,,,,,
online-boutique,online-boutique-longmix-stageA-scale20-replica3-markov-steps200-20260612T140708Z,idyn-ob-scale20-replica3,scale20,replica3,adservice=3;cartservice=3;checkoutservice=3;currencyservice=3;emailservice=3;frontend=3;paymentservice=3;productcatalogservice=3;recommendationservice=3;redis-cart=1;shippingservice=3,markov,stageA,kubernetes-default,K8s default,146,146.000,replay,mixed,0.607841,0.038644,7,1.525982,0.000000,0.359677,1.100147,,,0.000000,0.012414,0.012414,7,7,0,58.351572,58.351572,58.351572,58.351572,120.000000,0.000000,113.447368,0.514349,0.000000,20,,,,,,,,,
online-boutique,online-boutique-longmix-stageA-scale20-replica3-markov-steps200-20260612T140708Z,idyn-ob-scale20-replica3,scale20,replica3,adservice=3;cartservice=3;checkoutservice=3;currencyservice=3;emailservice=3;frontend=3;paymentservice=3;productcatalogservice=3;recommendationservice=3;redis-cart=1;shippingservice=3,markov,stageA,cga,CGA,146,146.000,replay,mixed,0.607841,0.038644,7,1.525982,0.000000,0.359677,1.100147,,,0.000000,0.012414,0.012414,7,7,0,51.531390,51.531390,51.531390,51.531390,120.000000,0.000000,113.447368,0.454232,0.000000,20,,,,,,,,,
online-boutique,online-boutique-longmix-stageA-scale20-replica3-markov-steps200-20260612T140708Z,idyn-ob-scale20-replica3,scale20,replica3,adservice=3;cartservice=3;checkoutservice=3;currencyservice=3;emailservice=3;frontend=3;paymentservice=3;productcatalogservice=3;recommendationservice=3;redis-cart=1;shippingservice=3,markov,stageA,hda,HDA,146,146.000,replay,mixed,0.607841,0.038644,7,1.525982,0.000000,0.359677,1.100147,,,0.000000,0.012414,0.012414,7,7,0,52.240764,52.240764,52.240764,52.240764,120.000000,0.000000,113.447368,0.460485,0.000000,20,,,,,,,,,
online-boutique,online-boutique-longmix-stageA-scale20-replica3-markov-steps200-20260612T140708Z,idyn-ob-scale20-replica3,scale20,replica3,adservice=3;cartservice=3;checkoutservice=3;currencyservice=3;emailservice=3;frontend=3;paymentservice=3;productcatalogservice=3;recommendationservice=3;redis-cart=1;shippingservice=3,markov,stageA,kubernetes-default,K8s default,147,147.000,replay,mixed,0.635343,0.587362,7,1.440440,0.800000,0.418771,0.479206,,,0.000000,0.011993,0.011993,7,7,0,105.555917,105.555917,105.555917,105.555917,120.000000,0.000000,145.947368,0.723246,0.000000,20,,,,,,,,,
online-boutique,online-boutique-longmix-stageA-scale20-replica3-markov-steps200-20260612T140708Z,idyn-ob-scale20-replica3,scale20,replica3,adservice=3;cartservice=3;checkoutservice=3;currencyservice=3;emailservice=3;frontend=3;paymentservice=3;productcatalogservice=3;recommendationservice=3;redis-cart=1;shippingservice=3,markov,stageA,cga,CGA,147,147.000,replay,mixed,0.635343,0.587362,7,1.440440,0.800000,0.418771,0.479206,,,0.000000,0.011993,0.011993,7,7,0,99.424424,99.424424,99.424424,99.424424,120.000000,0.000000,145.947368,0.681235,0.000000,20,,,,,,,,,
online-boutique,online-boutique-longmix-stageA-scale20-replica3-markov-steps200-20260612T140708Z,idyn-ob-scale20-replica3,scale20,replica3,adservice=3;cartservice=3;checkoutservice=3;currencyservice=3;emailservice=3;frontend=3;paymentservice=3;productcatalogservice=3;recommendationservice=3;redis-cart=1;shippingservice=3,markov,stageA,hda,HDA,147,147.000,replay,mixed,0.635343,0.587362,7,1.440440,0.800000,0.418771,0.479206,,,0.000000,0.011993,0.011993,7,7,0,98.126874,98.126874,98.126874,98.126874,120.000000,0.000000,145.947368,0.672344,0.000000,20,,,,,,,,,
online-boutique,online-boutique-longmix-stageA-scale20-replica3-markov-steps200-20260612T140708Z,idyn-ob-scale20-replica3,scale20,replica3,adservice=3;cartservice=3;checkoutservice=3;currencyservice=3;emailservice=3;frontend=3;paymentservice=3;productcatalogservice=3;recommendationservice=3;redis-cart=1;shippingservice=3,markov,stageA,kubernetes-default,K8s default,148,148.000,replay,mixed,0.647787,0.019210,7,1.440440,0.000000,0.418771,0.479206,,,0.000000,0.011653,0.011653,7,7,0,80.269616,80.269616,80.269616,80.269616,120.000000,0.000000,145.947368,0.549990,0.000000,20,,,,,,,,,
online-boutique,online-boutique-longmix-stageA-scale20-replica3-markov-steps200-20260612T140708Z,idyn-ob-scale20-replica3,scale20,replica3,adservice=3;cartservice=3;checkoutservice=3;currencyservice=3;emailservice=3;frontend=3;paymentservice=3;productcatalogservice=3;recommendationservice=3;redis-cart=1;shippingservice=3,markov,stageA,cga,CGA,148,148.000,replay,mixed,0.647787,0.019210,7,1.440440,0.000000,0.418771,0.479206,,,0.000000,0.011653,0.011653,7,7,0,76.859783,76.859783,76.859783,76.859783,120.000000,0.000000,145.947368,0.526627,0.000000,20,,,,,,,,,
online-boutique,online-boutique-longmix-stageA-scale20-replica3-markov-steps200-20260612T140708Z,idyn-ob-scale20-replica3,scale20,replica3,adservice=3;cartservice=3;checkoutservice=3;currencyservice=3;emailservice=3;frontend=3;paymentservice=3;productcatalogservice=3;recommendationservice=3;redis-cart=1;shippingservice=3,markov,stageA,hda,HDA,148,148.000,replay,mixed,0.647787,0.019210,7,1.440440,0.000000,0.418771,0.479206,,,0.000000,0.011653,0.011653,7,7,0,68.341646,68.341646,68.341646,68.341646,120.000000,0.000000,145.947368,0.468262,0.000000,20,,,,,,,,,
online-boutique,online-boutique-longmix-stageA-scale20-replica3-markov-steps200-20260612T140708Z,idyn-ob-scale20-replica3,scale20,replica3,adservice=3;cartservice=3;checkoutservice=3;currencyservice=3;emailservice=3;frontend=3;paymentservice=3;productcatalogservice=3;recommendationservice=3;redis-cart=1;shippingservice=3,markov,stageA,kubernetes-default,K8s default,149,149.000,replay,mixed,0.623715,0.037160,7,1.440440,0.000000,0.418771,0.479206,,,0.000000,0.009027,0.009027,7,7,0,80.909243,80.909243,80.909243,80.909243,120.000000,0.000000,145.947368,0.554373,0.000000,20,,,,,,,,,
online-boutique,online-boutique-longmix-stageA-scale20-replica3-markov-steps200-20260612T140708Z,idyn-ob-scale20-replica3,scale20,replica3,adservice=3;cartservice=3;checkoutservice=3;currencyservice=3;emailservice=3;frontend=3;paymentservice=3;productcatalogservice=3;recommendationservice=3;redis-cart=1;shippingservice=3,markov,stageA,cga,CGA,149,149.000,replay,mixed,0.623715,0.037160,7,1.440440,0.000000,0.418771,0.479206,,,0.000000,0.009027,0.009027,7,7,0,75.243037,75.243037,75.243037,75.243037,120.000000,0.000000,145.947368,0.515549,0.000000,20,,,,,,,,,
online-boutique,online-boutique-longmix-stageA-scale20-replica3-markov-steps200-20260612T140708Z,idyn-ob-scale20-replica3,scale20,replica3,adservice=3;cartservice=3;checkoutservice=3;currencyservice=3;emailservice=3;frontend=3;paymentservice=3;productcatalogservice=3;recommendationservice=3;redis-cart=1;shippingservice=3,markov,stageA,hda,HDA,149,149.000,replay,mixed,0.623715,0.037160,7,1.440440,0.000000,0.418771,0.479206,,,0.000000,0.009027,0.009027,7,7,0,68.377294,68.377294,68.377294,68.377294,120.000000,0.000000,145.947368,0.468507,0.000000,20,,,,,,,,,
online-boutique,online-boutique-longmix-stageA-scale20-replica3-markov-steps200-20260612T140708Z,idyn-ob-scale20-replica3,scale20,replica3,adservice=3;cartservice=3;checkoutservice=3;currencyservice=3;emailservice=3;frontend=3;paymentservice=3;productcatalogservice=3;recommendationservice=3;redis-cart=1;shippingservice=3,markov,stageA,kubernetes-default,K8s default,150,150.000,replay,mixed,0.684914,0.745542,14,1.525982,0.800000,0.344308,0.539631,,,0.000000,0.012644,0.012644,11,14,0,145.242533,145.242533,145.242533,145.242533,120.000000,0.000000,191.447368,0.758655,0.000000,20,,,,,,,,,
online-boutique,online-boutique-longmix-stageA-scale20-replica3-markov-steps200-20260612T140708Z,idyn-ob-scale20-replica3,scale20,replica3,adservice=3;cartservice=3;checkoutservice=3;currencyservice=3;emailservice=3;frontend=3;paymentservice=3;productcatalogservice=3;recommendationservice=3;redis-cart=1;shippingservice=3,markov,stageA,cga,CGA,150,150.000,replay,mixed,0.684914,0.745542,14,1.525982,0.800000,0.344308,0.539631,,,0.000000,0.012644,0.012644,11,14,0,137.528627,137.528627,137.528627,137.528627,120.000000,0.000000,191.447368,0.718363,0.000000,20,,,,,,,,,
online-boutique,online-boutique-longmix-stageA-scale20-replica3-markov-steps200-20260612T140708Z,idyn-ob-scale20-replica3,scale20,replica3,adservice=3;cartservice=3;checkoutservice=3;currencyservice=3;emailservice=3;frontend=3;paymentservice=3;productcatalogservice=3;recommendationservice=3;redis-cart=1;shippingservice=3,markov,stageA,hda,HDA,150,150.000,replay,mixed,0.684914,0.745542,14,1.525982,0.800000,0.344308,0.539631,,,0.000000,0.012644,0.012644,11,14,0,130.074505,130.074505,130.074505,130.074505,120.000000,0.000000,191.447368,0.679427,0.000000,20,,,,,,,,,
online-boutique,online-boutique-longmix-stageA-scale20-replica3-markov-steps200-20260612T140708Z,idyn-ob-scale20-replica3,scale20,replica3,adservice=3;cartservice=3;checkoutservice=3;currencyservice=3;emailservice=3;frontend=3;paymentservice=3;productcatalogservice=3;recommendationservice=3;redis-cart=1;shippingservice=3,markov,stageA,kubernetes-default,K8s default,151,151.000,replay,mixed,0.670551,0.020970,14,1.525982,0.000000,0.344308,0.539631,,,0.000000,0.009118,0.009118,11,14,0,112.649072,112.649072,112.649072,112.649072,120.000000,0.000000,191.447368,0.588408,0.000000,20,,,,,,,,,
online-boutique,online-boutique-longmix-stageA-scale20-replica3-markov-steps200-20260612T140708Z,idyn-ob-scale20-replica3,scale20,replica3,adservice=3;cartservice=3;checkoutservice=3;currencyservice=3;emailservice=3;frontend=3;paymentservice=3;productcatalogservice=3;recommendationservice=3;redis-cart=1;shippingservice=3,markov,stageA,cga,CGA,151,151.000,replay,mixed,0.670551,0.020970,14,1.525982,0.000000,0.344308,0.539631,,,0.000000,0.009118,0.009118,11,14,0,105.374503,105.374503,105.374503,105.374503,120.000000,0.000000,191.447368,0.550410,0.000000,20,,,,,,,,,
online-boutique,online-boutique-longmix-stageA-scale20-replica3-markov-steps200-20260612T140708Z,idyn-ob-scale20-replica3,scale20,replica3,adservice=3;cartservice=3;checkoutservice=3;currencyservice=3;emailservice=3;frontend=3;paymentservice=3;productcatalogservice=3;recommendationservice=3;redis-cart=1;shippingservice=3,markov,stageA,hda,HDA,151,151.000,replay,mixed,0.670551,0.020970,14,1.525982,0.000000,0.344308,0.539631,,,0.000000,0.009118,0.009118,11,14,0,97.338712,97.338712,97.338712,97.338712,120.000000,0.000000,191.447368,0.508436,0.000000,20,,,,,,,,,
online-boutique,online-boutique-longmix-stageA-scale20-replica3-markov-steps200-20260612T140708Z,idyn-ob-scale20-replica3,scale20,replica3,adservice=3;cartservice=3;checkoutservice=3;currencyservice=3;emailservice=3;frontend=3;paymentservice=3;productcatalogservice=3;recommendationservice=3;redis-cart=1;shippingservice=3,markov,stageA,kubernetes-default,K8s default,152,152.000,replay,mixed,0.625652,0.066959,14,1.525982,0.000000,0.344308,0.539631,,,0.000000,0.009248,0.009248,11,14,0,111.182697,111.182697,111.182697,111.182697,120.000000,0.000000,191.447368,0.580748,0.000000,20,,,,,,,,,
online-boutique,online-boutique-longmix-stageA-scale20-replica3-markov-steps200-20260612T140708Z,idyn-ob-scale20-replica3,scale20,replica3,adservice=3;cartservice=3;checkoutservice=3;currencyservice=3;emailservice=3;frontend=3;paymentservice=3;productcatalogservice=3;recommendationservice=3;redis-cart=1;shippingservice=3,markov,stageA,cga,CGA,152,152.000,replay,mixed,0.625652,0.066959,14,1.525982,0.000000,0.344308,0.539631,,,0.000000,0.009248,0.009248,11,14,0,105.853541,105.853541,105.853541,105.853541,120.000000,0.000000,191.447368,0.552912,0.000000,20,,,,,,,,,
online-boutique,online-boutique-longmix-stageA-scale20-replica3-markov-steps200-20260612T140708Z,idyn-ob-scale20-replica3,scale20,replica3,adservice=3;cartservice=3;checkoutservice=3;currencyservice=3;emailservice=3;frontend=3;paymentservice=3;productcatalogservice=3;recommendationservice=3;redis-cart=1;shippingservice=3,markov,stageA,hda,HDA,152,152.000,replay,mixed,0.625652,0.066959,14,1.525982,0.000000,0.344308,0.539631,,,0.000000,0.009248,0.009248,11,14,0,96.564443,96.564443,96.564443,96.564443,120.000000,0.000000,191.447368,0.504392,0.000000,20,,,,,,,,,
online-boutique,online-boutique-longmix-stageA-scale20-replica3-markov-steps200-20260612T140708Z,idyn-ob-scale20-replica3,scale20,replica3,adservice=3;cartservice=3;checkoutservice=3;currencyservice=3;emailservice=3;frontend=3;paymentservice=3;productcatalogservice=3;recommendationservice=3;redis-cart=1;shippingservice=3,markov,stageA,kubernetes-default,K8s default,153,153.000,replay,mixed,0.619388,0.010011,14,1.525982,0.000000,0.344308,0.539631,,,0.000000,0.009869,0.009869,11,14,0,109.500030,109.500030,109.500030,109.500030,120.000000,0.000000,191.447368,0.571959,0.000000,20,,,,,,,,,
online-boutique,online-boutique-longmix-stageA-scale20-replica3-markov-steps200-20260612T140708Z,idyn-ob-scale20-replica3,scale20,replica3,adservice=3;cartservice=3;checkoutservice=3;currencyservice=3;emailservice=3;frontend=3;paymentservice=3;productcatalogservice=3;recommendationservice=3;redis-cart=1;shippingservice=3,markov,stageA,cga,CGA,153,153.000,replay,mixed,0.619388,0.010011,14,1.525982,0.000000,0.344308,0.539631,,,0.000000,0.009869,0.009869,11,14,0,101.141695,101.141695,101.141695,101.141695,120.000000,0.000000,191.447368,0.528300,0.000000,20,,,,,,,,,
online-boutique,online-boutique-longmix-stageA-scale20-replica3-markov-steps200-20260612T140708Z,idyn-ob-scale20-replica3,scale20,replica3,adservice=3;cartservice=3;checkoutservice=3;currencyservice=3;emailservice=3;frontend=3;paymentservice=3;productcatalogservice=3;recommendationservice=3;redis-cart=1;shippingservice=3,markov,stageA,hda,HDA,153,153.000,replay,mixed,0.619388,0.010011,14,1.525982,0.000000,0.344308,0.539631,,,0.000000,0.009869,0.009869,11,14,0,96.020400,96.020400,96.020400,96.020400,120.000000,0.000000,191.447368,0.501550,0.000000,20,,,,,,,,,
online-boutique,online-boutique-longmix-stageA-scale20-replica3-markov-steps200-20260612T140708Z,idyn-ob-scale20-replica3,scale20,replica3,adservice=3;cartservice=3;checkoutservice=3;currencyservice=3;emailservice=3;frontend=3;paymentservice=3;productcatalogservice=3;recommendationservice=3;redis-cart=1;shippingservice=3,markov,stageA,kubernetes-default,K8s default,154,154.000,replay,mixed,0.624579,0.008310,14,1.525982,0.000000,0.344308,0.539631,,,0.000000,0.009518,0.009518,11,14,0,103.795030,103.795030,103.795030,103.795030,120.000000,0.000000,191.447368,0.542160,0.000000,20,,,,,,,,,
online-boutique,online-boutique-longmix-stageA-scale20-replica3-markov-steps200-20260612T140708Z,idyn-ob-scale20-replica3,scale20,replica3,adservice=3;cartservice=3;checkoutservice=3;currencyservice=3;emailservice=3;frontend=3;paymentservice=3;productcatalogservice=3;recommendationservice=3;redis-cart=1;shippingservice=3,markov,stageA,cga,CGA,154,154.000,replay,mixed,0.624579,0.008310,14,1.525982,0.000000,0.344308,0.539631,,,0.000000,0.009518,0.009518,11,14,0,96.700385,96.700385,96.700385,96.700385,120.000000,0.000000,191.447368,0.505102,0.000000,20,,,,,,,,,
online-boutique,online-boutique-longmix-stageA-scale20-replica3-markov-steps200-20260612T140708Z,idyn-ob-scale20-replica3,scale20,replica3,adservice=3;cartservice=3;checkoutservice=3;currencyservice=3;emailservice=3;frontend=3;paymentservice=3;productcatalogservice=3;recommendationservice=3;redis-cart=1;shippingservice=3,markov,stageA,hda,HDA,154,154.000,replay,mixed,0.624579,0.008310,14,1.525982,0.000000,0.344308,0.539631,,,0.000000,0.009518,0.009518,11,14,0,100.643751,100.643751,100.643751,100.643751,120.000000,0.000000,191.447368,0.525699,0.000000,20,,,,,,,,,
online-boutique,online-boutique-longmix-stageA-scale20-replica3-markov-steps200-20260612T140708Z,idyn-ob-scale20-replica3,scale20,replica3,adservice=3;cartservice=3;checkoutservice=3;currencyservice=3;emailservice=3;frontend=3;paymentservice=3;productcatalogservice=3;recommendationservice=3;redis-cart=1;shippingservice=3,markov,stageA,kubernetes-default,K8s default,155,155.000,replay,mixed,0.719024,0.867493,7,1.012248,1.000000,0.347958,0.133792,,,0.000000,0.008718,0.008718,7,7,0,115.477147,115.477147,115.477147,115.477147,120.000000,0.000000,139.447368,0.828106,0.000000,20,,,,,,,,,
online-boutique,online-boutique-longmix-stageA-scale20-replica3-markov-steps200-20260612T140708Z,idyn-ob-scale20-replica3,scale20,replica3,adservice=3;cartservice=3;checkoutservice=3;currencyservice=3;emailservice=3;frontend=3;paymentservice=3;productcatalogservice=3;recommendationservice=3;redis-cart=1;shippingservice=3,markov,stageA,cga,CGA,155,155.000,replay,mixed,0.719024,0.867493,7,1.012248,1.000000,0.347958,0.133792,,,0.000000,0.008718,0.008718,7,7,0,108.048286,108.048286,108.048286,108.048286,120.000000,0.000000,139.447368,0.774832,0.000000,20,,,,,,,,,
online-boutique,online-boutique-longmix-stageA-scale20-replica3-markov-steps200-20260612T140708Z,idyn-ob-scale20-replica3,scale20,replica3,adservice=3;cartservice=3;checkoutservice=3;currencyservice=3;emailservice=3;frontend=3;paymentservice=3;productcatalogservice=3;recommendationservice=3;redis-cart=1;shippingservice=3,markov,stageA,hda,HDA,155,155.000,replay,mixed,0.719024,0.867493,7,1.012248,1.000000,0.347958,0.133792,,,0.000000,0.008718,0.008718,7,7,0,106.106539,106.106539,106.106539,106.106539,120.000000,0.000000,139.447368,0.760907,0.000000,20,,,,,,,,,
online-boutique,online-boutique-longmix-stageA-scale20-replica3-markov-steps200-20260612T140708Z,idyn-ob-scale20-replica3,scale20,replica3,adservice=3;cartservice=3;checkoutservice=3;currencyservice=3;emailservice=3;frontend=3;paymentservice=3;productcatalogservice=3;recommendationservice=3;redis-cart=1;shippingservice=3,markov,stageA,kubernetes-default,K8s default,156,156.000,replay,mixed,0.655966,0.087700,7,1.012248,0.000000,0.347958,0.133792,,,0.000000,0.008606,0.008606,7,7,0,76.669713,76.669713,76.669713,76.669713,120.000000,0.000000,139.447368,0.549811,0.000000,20,,,,,,,,,
online-boutique,online-boutique-longmix-stageA-scale20-replica3-markov-steps200-20260612T140708Z,idyn-ob-scale20-replica3,scale20,replica3,adservice=3;cartservice=3;checkoutservice=3;currencyservice=3;emailservice=3;frontend=3;paymentservice=3;productcatalogservice=3;recommendationservice=3;redis-cart=1;shippingservice=3,markov,stageA,cga,CGA,156,156.000,replay,mixed,0.655966,0.087700,7,1.012248,0.000000,0.347958,0.133792,,,0.000000,0.008606,0.008606,7,7,0,75.030307,75.030307,75.030307,75.030307,120.000000,0.000000,139.447368,0.538055,0.000000,20,,,,,,,,,
online-boutique,online-boutique-longmix-stageA-scale20-replica3-markov-steps200-20260612T140708Z,idyn-ob-scale20-replica3,scale20,replica3,adservice=3;cartservice=3;checkoutservice=3;currencyservice=3;emailservice=3;frontend=3;paymentservice=3;productcatalogservice=3;recommendationservice=3;redis-cart=1;shippingservice=3,markov,stageA,hda,HDA,156,156.000,replay,mixed,0.655966,0.087700,7,1.012248,0.000000,0.347958,0.133792,,,0.000000,0.008606,0.008606,7,7,0,72.276285,72.276285,72.276285,72.276285,120.000000,0.000000,139.447368,0.518305,0.000000,20,,,,,,,,,
online-boutique,online-boutique-longmix-stageA-scale20-replica3-markov-steps200-20260612T140708Z,idyn-ob-scale20-replica3,scale20,replica3,adservice=3;cartservice=3;checkoutservice=3;currencyservice=3;emailservice=3;frontend=3;paymentservice=3;productcatalogservice=3;recommendationservice=3;redis-cart=1;shippingservice=3,markov,stageA,kubernetes-default,K8s default,157,157.000,replay,mixed,0.641005,0.861726,14,1.525982,1.000000,0.344308,0.539631,,,0.000000,0.013205,0.013205,11,14,0,145.409123,145.409123,145.409123,145.409123,120.000000,0.000000,191.447368,0.759525,0.000000,20,,,,,,,,,
online-boutique,online-boutique-longmix-stageA-scale20-replica3-markov-steps200-20260612T140708Z,idyn-ob-scale20-replica3,scale20,replica3,adservice=3;cartservice=3;checkoutservice=3;currencyservice=3;emailservice=3;frontend=3;paymentservice=3;productcatalogservice=3;recommendationservice=3;redis-cart=1;shippingservice=3,markov,stageA,cga,CGA,157,157.000,replay,mixed,0.641005,0.861726,14,1.525982,1.000000,0.344308,0.539631,,,0.000000,0.013205,0.013205,11,14,0,135.267823,135.267823,135.267823,135.267823,120.000000,0.000000,191.447368,0.706554,0.000000,20,,,,,,,,,
online-boutique,online-boutique-longmix-stageA-scale20-replica3-markov-steps200-20260612T140708Z,idyn-ob-scale20-replica3,scale20,replica3,adservice=3;cartservice=3;checkoutservice=3;currencyservice=3;emailservice=3;frontend=3;paymentservice=3;productcatalogservice=3;recommendationservice=3;redis-cart=1;shippingservice=3,markov,stageA,hda,HDA,157,157.000,replay,mixed,0.641005,0.861726,14,1.525982,1.000000,0.344308,0.539631,,,0.000000,0.013205,0.013205,11,14,0,133.007889,133.007889,133.007889,133.007889,120.000000,0.000000,191.447368,0.694749,0.000000,20,,,,,,,,,
online-boutique,online-boutique-longmix-stageA-scale20-replica3-markov-steps200-20260612T140708Z,idyn-ob-scale20-replica3,scale20,replica3,adservice=3;cartservice=3;checkoutservice=3;currencyservice=3;emailservice=3;frontend=3;paymentservice=3;productcatalogservice=3;recommendationservice=3;redis-cart=1;shippingservice=3,markov,stageA,kubernetes-default,K8s default,158,158.000,replay,mixed,0.681601,0.754136,7,1.368091,0.800000,0.411186,0.478705,,,0.000000,0.008336,0.008336,7,7,0,103.968659,103.968659,103.968659,103.968659,120.000000,0.000000,132.947368,0.782029,0.000000,20,,,,,,,,,
online-boutique,online-boutique-longmix-stageA-scale20-replica3-markov-steps200-20260612T140708Z,idyn-ob-scale20-replica3,scale20,replica3,adservice=3;cartservice=3;checkoutservice=3;currencyservice=3;emailservice=3;frontend=3;paymentservice=3;productcatalogservice=3;recommendationservice=3;redis-cart=1;shippingservice=3,markov,stageA,cga,CGA,158,158.000,replay,mixed,0.681601,0.754136,7,1.368091,0.800000,0.411186,0.478705,,,0.000000,0.008336,0.008336,7,7,0,98.852945,98.852945,98.852945,98.852945,120.000000,0.000000,132.947368,0.743549,0.000000,20,,,,,,,,,
online-boutique,online-boutique-longmix-stageA-scale20-replica3-markov-steps200-20260612T140708Z,idyn-ob-scale20-replica3,scale20,replica3,adservice=3;cartservice=3;checkoutservice=3;currencyservice=3;emailservice=3;frontend=3;paymentservice=3;productcatalogservice=3;recommendationservice=3;redis-cart=1;shippingservice=3,markov,stageA,hda,HDA,158,158.000,replay,mixed,0.681601,0.754136,7,1.368091,0.800000,0.411186,0.478705,,,0.000000,0.008336,0.008336,7,7,0,91.513019,91.513019,91.513019,91.513019,120.000000,0.000000,132.947368,0.688340,0.000000,20,,,,,,,,,
online-boutique,online-boutique-longmix-stageA-scale20-replica3-markov-steps200-20260612T140708Z,idyn-ob-scale20-replica3,scale20,replica3,adservice=3;cartservice=3;checkoutservice=3;currencyservice=3;emailservice=3;frontend=3;paymentservice=3;productcatalogservice=3;recommendationservice=3;redis-cart=1;shippingservice=3,markov,stageA,kubernetes-default,K8s default,159,159.000,replay,mixed,0.695939,0.020603,7,1.368091,0.000000,0.411186,0.478705,,,0.000000,0.011371,0.011371,7,7,0,72.503755,72.503755,72.503755,72.503755,120.000000,0.000000,132.947368,0.545357,0.000000,20,,,,,,,,,
online-boutique,online-boutique-longmix-stageA-scale20-replica3-markov-steps200-20260612T140708Z,idyn-ob-scale20-replica3,scale20,replica3,adservice=3;cartservice=3;checkoutservice=3;currencyservice=3;emailservice=3;frontend=3;paymentservice=3;productcatalogservice=3;recommendationservice=3;redis-cart=1;shippingservice=3,markov,stageA,cga,CGA,159,159.000,replay,mixed,0.695939,0.020603,7,1.368091,0.000000,0.411186,0.478705,,,0.000000,0.011371,0.011371,7,7,0,66.437508,66.437508,66.437508,66.437508,120.000000,0.000000,132.947368,0.499728,0.000000,20,,,,,,,,,
online-boutique,online-boutique-longmix-stageA-scale20-replica3-markov-steps200-20260612T140708Z,idyn-ob-scale20-replica3,scale20,replica3,adservice=3;cartservice=3;checkoutservice=3;currencyservice=3;emailservice=3;frontend=3;paymentservice=3;productcatalogservice=3;recommendationservice=3;redis-cart=1;shippingservice=3,markov,stageA,hda,HDA,159,159.000,replay,mixed,0.695939,0.020603,7,1.368091,0.000000,0.411186,0.478705,,,0.000000,0.011371,0.011371,7,7,0,66.668134,66.668134,66.668134,66.668134,120.000000,0.000000,132.947368,0.501463,0.000000,20,,,,,,,,,
online-boutique,online-boutique-longmix-stageA-scale20-replica3-markov-steps200-20260612T140708Z,idyn-ob-scale20-replica3,scale20,replica3,adservice=3;cartservice=3;checkoutservice=3;currencyservice=3;emailservice=3;frontend=3;paymentservice=3;productcatalogservice=3;recommendationservice=3;redis-cart=1;shippingservice=3,markov,stageA,kubernetes-default,K8s default,160,160.000,replay,mixed,0.725070,0.040176,7,1.368091,0.000000,0.411186,0.478705,,,0.000000,0.008426,0.008426,7,7,0,78.184363,78.184363,78.184363,78.184363,120.000000,0.000000,132.947368,0.588085,0.000000,20,,,,,,,,,
online-boutique,online-boutique-longmix-stageA-scale20-replica3-markov-steps200-20260612T140708Z,idyn-ob-scale20-replica3,scale20,replica3,adservice=3;cartservice=3;checkoutservice=3;currencyservice=3;emailservice=3;frontend=3;paymentservice=3;productcatalogservice=3;recommendationservice=3;redis-cart=1;shippingservice=3,markov,stageA,cga,CGA,160,160.000,replay,mixed,0.725070,0.040176,7,1.368091,0.000000,0.411186,0.478705,,,0.000000,0.008426,0.008426,7,7,0,69.243453,69.243453,69.243453,69.243453,120.000000,0.000000,132.947368,0.520834,0.000000,20,,,,,,,,,
online-boutique,online-boutique-longmix-stageA-scale20-replica3-markov-steps200-20260612T140708Z,idyn-ob-scale20-replica3,scale20,replica3,adservice=3;cartservice=3;checkoutservice=3;currencyservice=3;emailservice=3;frontend=3;paymentservice=3;productcatalogservice=3;recommendationservice=3;redis-cart=1;shippingservice=3,markov,stageA,hda,HDA,160,160.000,replay,mixed,0.725070,0.040176,7,1.368091,0.000000,0.411186,0.478705,,,0.000000,0.008426,0.008426,7,7,0,70.041323,70.041323,70.041323,70.041323,120.000000,0.000000,132.947368,0.526835,0.000000,20,,,,,,,,,
online-boutique,online-boutique-longmix-stageA-scale20-replica3-markov-steps200-20260612T140708Z,idyn-ob-scale20-replica3,scale20,replica3,adservice=3;cartservice=3;checkoutservice=3;currencyservice=3;emailservice=3;frontend=3;paymentservice=3;productcatalogservice=3;recommendationservice=3;redis-cart=1;shippingservice=3,markov,stageA,kubernetes-default,K8s default,161,161.000,replay,mixed,0.691024,0.234276,7,1.440440,0.500000,0.418771,0.479206,,,0.000000,0.007945,0.007945,7,7,0,91.303934,91.303934,91.303934,91.303934,120.000000,0.000000,145.947368,0.625595,0.000000,20,,,,,,,,,
online-boutique,online-boutique-longmix-stageA-scale20-replica3-markov-steps200-20260612T140708Z,idyn-ob-scale20-replica3,scale20,replica3,adservice=3;cartservice=3;checkoutservice=3;currencyservice=3;emailservice=3;frontend=3;paymentservice=3;productcatalogservice=3;recommendationservice=3;redis-cart=1;shippingservice=3,markov,stageA,cga,CGA,161,161.000,replay,mixed,0.691024,0.234276,7,1.440440,0.500000,0.418771,0.479206,,,0.000000,0.007945,0.007945,7,7,0,87.924955,87.924955,87.924955,87.924955,120.000000,0.000000,145.947368,0.602443,0.000000,20,,,,,,,,,
online-boutique,online-boutique-longmix-stageA-scale20-replica3-markov-steps200-20260612T140708Z,idyn-ob-scale20-replica3,scale20,replica3,adservice=3;cartservice=3;checkoutservice=3;currencyservice=3;emailservice=3;frontend=3;paymentservice=3;productcatalogservice=3;recommendationservice=3;redis-cart=1;shippingservice=3,markov,stageA,hda,HDA,161,161.000,replay,mixed,0.691024,0.234276,7,1.440440,0.500000,0.418771,0.479206,,,0.000000,0.007945,0.007945,7,7,0,78.166914,78.166914,78.166914,78.166914,120.000000,0.000000,145.947368,0.535583,0.000000,20,,,,,,,,,
online-boutique,online-boutique-longmix-stageA-scale20-replica3-markov-steps200-20260612T140708Z,idyn-ob-scale20-replica3,scale20,replica3,adservice=3;cartservice=3;checkoutservice=3;currencyservice=3;emailservice=3;frontend=3;paymentservice=3;productcatalogservice=3;recommendationservice=3;redis-cart=1;shippingservice=3,markov,stageA,kubernetes-default,K8s default,162,162.000,replay,mixed,0.754179,0.083740,7,1.440440,0.000000,0.418771,0.479206,,,0.000000,0.008186,0.008186,7,7,0,89.299604,89.299604,89.299604,89.299604,120.000000,0.000000,145.947368,0.611862,0.000000,20,,,,,,,,,
online-boutique,online-boutique-longmix-stageA-scale20-replica3-markov-steps200-20260612T140708Z,idyn-ob-scale20-replica3,scale20,replica3,adservice=3;cartservice=3;checkoutservice=3;currencyservice=3;emailservice=3;frontend=3;paymentservice=3;productcatalogservice=3;recommendationservice=3;redis-cart=1;shippingservice=3,markov,stageA,cga,CGA,162,162.000,replay,mixed,0.754179,0.083740,7,1.440440,0.000000,0.418771,0.479206,,,0.000000,0.008186,0.008186,7,7,0,81.724209,81.724209,81.724209,81.724209,120.000000,0.000000,145.947368,0.559957,0.000000,20,,,,,,,,,
online-boutique,online-boutique-longmix-stageA-scale20-replica3-markov-steps200-20260612T140708Z,idyn-ob-scale20-replica3,scale20,replica3,adservice=3;cartservice=3;checkoutservice=3;currencyservice=3;emailservice=3;frontend=3;paymentservice=3;productcatalogservice=3;recommendationservice=3;redis-cart=1;shippingservice=3,markov,stageA,hda,HDA,162,162.000,replay,mixed,0.754179,0.083740,7,1.440440,0.000000,0.418771,0.479206,,,0.000000,0.008186,0.008186,7,7,0,74.675600,74.675600,74.675600,74.675600,120.000000,0.000000,145.947368,0.511661,0.000000,20,,,,,,,,,
online-boutique,online-boutique-longmix-stageA-scale20-replica3-markov-steps200-20260612T140708Z,idyn-ob-scale20-replica3,scale20,replica3,adservice=3;cartservice=3;checkoutservice=3;currencyservice=3;emailservice=3;frontend=3;paymentservice=3;productcatalogservice=3;recommendationservice=3;redis-cart=1;shippingservice=3,markov,stageA,kubernetes-default,K8s default,163,163.000,replay,mixed,0.766747,0.016391,7,1.440440,0.000000,0.418771,0.479206,,,0.000000,0.008405,0.008405,7,7,0,81.884084,81.884084,81.884084,81.884084,120.000000,0.000000,145.947368,0.561052,0.000000,20,,,,,,,,,
online-boutique,online-boutique-longmix-stageA-scale20-replica3-markov-steps200-20260612T140708Z,idyn-ob-scale20-replica3,scale20,replica3,adservice=3;cartservice=3;checkoutservice=3;currencyservice=3;emailservice=3;frontend=3;paymentservice=3;productcatalogservice=3;recommendationservice=3;redis-cart=1;shippingservice=3,markov,stageA,cga,CGA,163,163.000,replay,mixed,0.766747,0.016391,7,1.440440,0.000000,0.418771,0.479206,,,0.000000,0.008405,0.008405,7,7,0,81.062968,81.062968,81.062968,81.062968,120.000000,0.000000,145.947368,0.555426,0.000000,20,,,,,,,,,
online-boutique,online-boutique-longmix-stageA-scale20-replica3-markov-steps200-20260612T140708Z,idyn-ob-scale20-replica3,scale20,replica3,adservice=3;cartservice=3;checkoutservice=3;currencyservice=3;emailservice=3;frontend=3;paymentservice=3;productcatalogservice=3;recommendationservice=3;redis-cart=1;shippingservice=3,markov,stageA,hda,HDA,163,163.000,replay,mixed,0.766747,0.016391,7,1.440440,0.000000,0.418771,0.479206,,,0.000000,0.008405,0.008405,7,7,0,76.942388,76.942388,76.942388,76.942388,120.000000,0.000000,145.947368,0.527193,0.000000,20,,,,,,,,,
online-boutique,online-boutique-longmix-stageA-scale20-replica3-markov-steps200-20260612T140708Z,idyn-ob-scale20-replica3,scale20,replica3,adservice=3;cartservice=3;checkoutservice=3;currencyservice=3;emailservice=3;frontend=3;paymentservice=3;productcatalogservice=3;recommendationservice=3;redis-cart=1;shippingservice=3,markov,stageA,kubernetes-default,K8s default,164,164.000,replay,mixed,0.719154,0.721369,7,1.012248,0.800000,0.347958,0.133792,,,0.000000,0.008276,0.008276,7,7,0,110.625354,110.625354,110.625354,110.625354,120.000000,0.000000,139.447368,0.793313,0.000000,20,,,,,,,,,
online-boutique,online-boutique-longmix-stageA-scale20-replica3-markov-steps200-20260612T140708Z,idyn-ob-scale20-replica3,scale20,replica3,adservice=3;cartservice=3;checkoutservice=3;currencyservice=3;emailservice=3;frontend=3;paymentservice=3;productcatalogservice=3;recommendationservice=3;redis-cart=1;shippingservice=3,markov,stageA,cga,CGA,164,164.000,replay,mixed,0.719154,0.721369,7,1.012248,0.800000,0.347958,0.133792,,,0.000000,0.008276,0.008276,7,7,0,103.271919,103.271919,103.271919,103.271919,120.000000,0.000000,139.447368,0.740580,0.000000,20,,,,,,,,,
online-boutique,online-boutique-longmix-stageA-scale20-replica3-markov-steps200-20260612T140708Z,idyn-ob-scale20-replica3,scale20,replica3,adservice=3;cartservice=3;checkoutservice=3;currencyservice=3;emailservice=3;frontend=3;paymentservice=3;productcatalogservice=3;recommendationservice=3;redis-cart=1;shippingservice=3,markov,stageA,hda,HDA,164,164.000,replay,mixed,0.719154,0.721369,7,1.012248,0.800000,0.347958,0.133792,,,0.000000,0.008276,0.008276,7,7,0,103.485435,103.485435,103.485435,103.485435,120.000000,0.000000,139.447368,0.742111,0.000000,20,,,,,,,,,
online-boutique,online-boutique-longmix-stageA-scale20-replica3-markov-steps200-20260612T140708Z,idyn-ob-scale20-replica3,scale20,replica3,adservice=3;cartservice=3;checkoutservice=3;currencyservice=3;emailservice=3;frontend=3;paymentservice=3;productcatalogservice=3;recommendationservice=3;redis-cart=1;shippingservice=3,markov,stageA,kubernetes-default,K8s default,165,165.000,replay,mixed,0.729808,0.860128,14,1.525982,1.000000,0.344308,0.539631,,,0.000000,0.008446,0.008446,11,14,0,150.799397,150.799397,150.799397,150.799397,120.000000,0.000000,191.447368,0.787681,0.000000,20,,,,,,,,,
online-boutique,online-boutique-longmix-stageA-scale20-replica3-markov-steps200-20260612T140708Z,idyn-ob-scale20-replica3,scale20,replica3,adservice=3;cartservice=3;checkoutservice=3;currencyservice=3;emailservice=3;frontend=3;paymentservice=3;productcatalogservice=3;recommendationservice=3;redis-cart=1;shippingservice=3,markov,stageA,cga,CGA,165,165.000,replay,mixed,0.729808,0.860128,14,1.525982,1.000000,0.344308,0.539631,,,0.000000,0.008446,0.008446,11,14,0,143.229830,143.229830,143.229830,143.229830,120.000000,0.000000,191.447368,0.748142,0.000000,20,,,,,,,,,
online-boutique,online-boutique-longmix-stageA-scale20-replica3-markov-steps200-20260612T140708Z,idyn-ob-scale20-replica3,scale20,replica3,adservice=3;cartservice=3;checkoutservice=3;currencyservice=3;emailservice=3;frontend=3;paymentservice=3;productcatalogservice=3;recommendationservice=3;redis-cart=1;shippingservice=3,markov,stageA,hda,HDA,165,165.000,replay,mixed,0.729808,0.860128,14,1.525982,1.000000,0.344308,0.539631,,,0.000000,0.008446,0.008446,11,14,0,136.759868,136.759868,136.759868,136.759868,120.000000,0.000000,191.447368,0.714347,0.000000,20,,,,,,,,,
online-boutique,online-boutique-longmix-stageA-scale20-replica3-markov-steps200-20260612T140708Z,idyn-ob-scale20-replica3,scale20,replica3,adservice=3;cartservice=3;checkoutservice=3;currencyservice=3;emailservice=3;frontend=3;paymentservice=3;productcatalogservice=3;recommendationservice=3;redis-cart=1;shippingservice=3,markov,stageA,kubernetes-default,K8s default,166,166.000,replay,mixed,0.691896,0.051948,14,1.525982,0.000000,0.344308,0.539631,,,0.000000,0.011291,0.011291,11,14,0,115.253711,115.253711,115.253711,115.253711,120.000000,0.000000,191.447368,0.602013,0.000000,20,,,,,,,,,
online-boutique,online-boutique-longmix-stageA-scale20-replica3-markov-steps200-20260612T140708Z,idyn-ob-scale20-replica3,scale20,replica3,adservice=3;cartservice=3;checkoutservice=3;currencyservice=3;emailservice=3;frontend=3;paymentservice=3;productcatalogservice=3;recommendationservice=3;redis-cart=1;shippingservice=3,markov,stageA,cga,CGA,166,166.000,replay,mixed,0.691896,0.051948,14,1.525982,0.000000,0.344308,0.539631,,,0.000000,0.011291,0.011291,11,14,0,105.053793,105.053793,105.053793,105.053793,120.000000,0.000000,191.447368,0.548735,0.000000,20,,,,,,,,,
online-boutique,online-boutique-longmix-stageA-scale20-replica3-markov-steps200-20260612T140708Z,idyn-ob-scale20-replica3,scale20,replica3,adservice=3;cartservice=3;checkoutservice=3;currencyservice=3;emailservice=3;frontend=3;paymentservice=3;productcatalogservice=3;recommendationservice=3;redis-cart=1;shippingservice=3,markov,stageA,hda,HDA,166,166.000,replay,mixed,0.691896,0.051948,14,1.525982,0.000000,0.344308,0.539631,,,0.000000,0.011291,0.011291,11,14,0,100.039365,100.039365,100.039365,100.039365,120.000000,0.000000,191.447368,0.522542,0.000000,20,,,,,,,,,
online-boutique,online-boutique-longmix-stageA-scale20-replica3-markov-steps200-20260612T140708Z,idyn-ob-scale20-replica3,scale20,replica3,adservice=3;cartservice=3;checkoutservice=3;currencyservice=3;emailservice=3;frontend=3;paymentservice=3;productcatalogservice=3;recommendationservice=3;redis-cart=1;shippingservice=3,markov,stageA,kubernetes-default,K8s default,167,167.000,replay,mixed,0.709177,0.024367,14,1.525982,0.000000,0.344308,0.539631,,,0.000000,0.012794,0.012794,11,14,0,108.248173,108.248173,108.248173,108.248173,120.000000,0.000000,191.447368,0.565420,0.000000,20,,,,,,,,,
online-boutique,online-boutique-longmix-stageA-scale20-replica3-markov-steps200-20260612T140708Z,idyn-ob-scale20-replica3,scale20,replica3,adservice=3;cartservice=3;checkoutservice=3;currencyservice=3;emailservice=3;frontend=3;paymentservice=3;productcatalogservice=3;recommendationservice=3;redis-cart=1;shippingservice=3,markov,stageA,cga,CGA,167,167.000,replay,mixed,0.709177,0.024367,14,1.525982,0.000000,0.344308,0.539631,,,0.000000,0.012794,0.012794,11,14,0,105.710634,105.710634,105.710634,105.710634,120.000000,0.000000,191.447368,0.552166,0.000000,20,,,,,,,,,
online-boutique,online-boutique-longmix-stageA-scale20-replica3-markov-steps200-20260612T140708Z,idyn-ob-scale20-replica3,scale20,replica3,adservice=3;cartservice=3;checkoutservice=3;currencyservice=3;emailservice=3;frontend=3;paymentservice=3;productcatalogservice=3;recommendationservice=3;redis-cart=1;shippingservice=3,markov,stageA,hda,HDA,167,167.000,replay,mixed,0.709177,0.024367,14,1.525982,0.000000,0.344308,0.539631,,,0.000000,0.012794,0.012794,11,14,0,102.115647,102.115647,102.115647,102.115647,120.000000,0.000000,191.447368,0.533388,0.000000,20,,,,,,,,,
online-boutique,online-boutique-longmix-stageA-scale20-replica3-markov-steps200-20260612T140708Z,idyn-ob-scale20-replica3,scale20,replica3,adservice=3;cartservice=3;checkoutservice=3;currencyservice=3;emailservice=3;frontend=3;paymentservice=3;productcatalogservice=3;recommendationservice=3;redis-cart=1;shippingservice=3,markov,stageA,kubernetes-default,K8s default,168,168.000,replay,mixed,0.734070,0.033912,14,1.525982,0.000000,0.344308,0.539631,,,0.000000,0.012453,0.012453,11,14,0,111.123162,111.123162,111.123162,111.123162,120.000000,0.000000,191.447368,0.580437,0.000000,20,,,,,,,,,
online-boutique,online-boutique-longmix-stageA-scale20-replica3-markov-steps200-20260612T140708Z,idyn-ob-scale20-replica3,scale20,replica3,adservice=3;cartservice=3;checkoutservice=3;currencyservice=3;emailservice=3;frontend=3;paymentservice=3;productcatalogservice=3;recommendationservice=3;redis-cart=1;shippingservice=3,markov,stageA,cga,CGA,168,168.000,replay,mixed,0.734070,0.033912,14,1.525982,0.000000,0.344308,0.539631,,,0.000000,0.012453,0.012453,11,14,0,109.315928,109.315928,109.315928,109.315928,120.000000,0.000000,191.447368,0.570997,0.000000,20,,,,,,,,,
online-boutique,online-boutique-longmix-stageA-scale20-replica3-markov-steps200-20260612T140708Z,idyn-ob-scale20-replica3,scale20,replica3,adservice=3;cartservice=3;checkoutservice=3;currencyservice=3;emailservice=3;frontend=3;paymentservice=3;productcatalogservice=3;recommendationservice=3;redis-cart=1;shippingservice=3,markov,stageA,hda,HDA,168,168.000,replay,mixed,0.734070,0.033912,14,1.525982,0.000000,0.344308,0.539631,,,0.000000,0.012453,0.012453,11,14,0,102.163031,102.163031,102.163031,102.163031,120.000000,0.000000,191.447368,0.533635,0.000000,20,,,,,,,,,
online-boutique,online-boutique-longmix-stageA-scale20-replica3-markov-steps200-20260612T140708Z,idyn-ob-scale20-replica3,scale20,replica3,adservice=3;cartservice=3;checkoutservice=3;currencyservice=3;emailservice=3;frontend=3;paymentservice=3;productcatalogservice=3;recommendationservice=3;redis-cart=1;shippingservice=3,markov,stageA,kubernetes-default,K8s default,169,169.000,replay,mixed,0.789019,0.821136,7,1.440440,1.000000,0.467762,1.918165,,,0.000000,0.012635,0.012635,7,7,0,100.942976,100.942976,100.942976,100.942976,120.000000,0.000000,119.947368,0.841561,0.000000,20,,,,,,,,,
online-boutique,online-boutique-longmix-stageA-scale20-replica3-markov-steps200-20260612T140708Z,idyn-ob-scale20-replica3,scale20,replica3,adservice=3;cartservice=3;checkoutservice=3;currencyservice=3;emailservice=3;frontend=3;paymentservice=3;productcatalogservice=3;recommendationservice=3;redis-cart=1;shippingservice=3,markov,stageA,cga,CGA,169,169.000,replay,mixed,0.789019,0.821136,7,1.440440,1.000000,0.467762,1.918165,,,0.000000,0.012635,0.012635,7,7,0,94.424173,94.424173,94.424173,94.424173,120.000000,0.000000,119.947368,0.787213,0.000000,20,,,,,,,,,
online-boutique,online-boutique-longmix-stageA-scale20-replica3-markov-steps200-20260612T140708Z,idyn-ob-scale20-replica3,scale20,replica3,adservice=3;cartservice=3;checkoutservice=3;currencyservice=3;emailservice=3;frontend=3;paymentservice=3;productcatalogservice=3;recommendationservice=3;redis-cart=1;shippingservice=3,markov,stageA,hda,HDA,169,169.000,replay,mixed,0.789019,0.821136,7,1.440440,1.000000,0.467762,1.918165,,,0.000000,0.012635,0.012635,7,7,0,89.343921,89.343921,89.343921,89.343921,120.000000,0.000000,119.947368,0.744859,0.000000,20,,,,,,,,,
online-boutique,online-boutique-longmix-stageA-scale20-replica3-markov-steps200-20260612T140708Z,idyn-ob-scale20-replica3,scale20,replica3,adservice=3;cartservice=3;checkoutservice=3;currencyservice=3;emailservice=3;frontend=3;paymentservice=3;productcatalogservice=3;recommendationservice=3;redis-cart=1;shippingservice=3,markov,stageA,kubernetes-default,K8s default,170,170.000,replay,mixed,0.743239,0.058021,7,1.440440,0.000000,0.467762,1.918165,,,0.000000,0.009197,0.009197,7,7,0,67.245919,67.245919,67.245919,67.245919,120.000000,0.000000,119.947368,0.560629,0.000000,20,,,,,,,,,
online-boutique,online-boutique-longmix-stageA-scale20-replica3-markov-steps200-20260612T140708Z,idyn-ob-scale20-replica3,scale20,replica3,adservice=3;cartservice=3;checkoutservice=3;currencyservice=3;emailservice=3;frontend=3;paymentservice=3;productcatalogservice=3;recommendationservice=3;redis-cart=1;shippingservice=3,markov,stageA,cga,CGA,170,170.000,replay,mixed,0.743239,0.058021,7,1.440440,0.000000,0.467762,1.918165,,,0.000000,0.009197,0.009197,7,7,0,63.793770,63.793770,63.793770,63.793770,120.000000,0.000000,119.947368,0.531848,0.000000,20,,,,,,,,,
online-boutique,online-boutique-longmix-stageA-scale20-replica3-markov-steps200-20260612T140708Z,idyn-ob-scale20-replica3,scale20,replica3,adservice=3;cartservice=3;checkoutservice=3;currencyservice=3;emailservice=3;frontend=3;paymentservice=3;productcatalogservice=3;recommendationservice=3;redis-cart=1;shippingservice=3,markov,stageA,hda,HDA,170,170.000,replay,mixed,0.743239,0.058021,7,1.440440,0.000000,0.467762,1.918165,,,0.000000,0.009197,0.009197,7,7,0,58.968681,58.968681,58.968681,58.968681,120.000000,0.000000,119.947368,0.491621,0.000000,20,,,,,,,,,
online-boutique,online-boutique-longmix-stageA-scale20-replica3-markov-steps200-20260612T140708Z,idyn-ob-scale20-replica3,scale20,replica3,adservice=3;cartservice=3;checkoutservice=3;currencyservice=3;emailservice=3;frontend=3;paymentservice=3;productcatalogservice=3;recommendationservice=3;redis-cart=1;shippingservice=3,markov,stageA,kubernetes-default,K8s default,171,171.000,replay,mixed,0.776000,0.042217,7,1.440440,0.000000,0.467762,1.918165,,,0.000000,0.008587,0.008587,7,7,0,69.801750,69.801750,69.801750,69.801750,120.000000,0.000000,119.947368,0.581936,0.000000,20,,,,,,,,,
online-boutique,online-boutique-longmix-stageA-scale20-replica3-markov-steps200-20260612T140708Z,idyn-ob-scale20-replica3,scale20,replica3,adservice=3;cartservice=3;checkoutservice=3;currencyservice=3;emailservice=3;frontend=3;paymentservice=3;productcatalogservice=3;recommendationservice=3;redis-cart=1;shippingservice=3,markov,stageA,cga,CGA,171,171.000,replay,mixed,0.776000,0.042217,7,1.440440,0.000000,0.467762,1.918165,,,0.000000,0.008587,0.008587,7,7,0,64.294775,64.294775,64.294775,64.294775,120.000000,0.000000,119.947368,0.536025,0.000000,20,,,,,,,,,
online-boutique,online-boutique-longmix-stageA-scale20-replica3-markov-steps200-20260612T140708Z,idyn-ob-scale20-replica3,scale20,replica3,adservice=3;cartservice=3;checkoutservice=3;currencyservice=3;emailservice=3;frontend=3;paymentservice=3;productcatalogservice=3;recommendationservice=3;redis-cart=1;shippingservice=3,markov,stageA,hda,HDA,171,171.000,replay,mixed,0.776000,0.042217,7,1.440440,0.000000,0.467762,1.918165,,,0.000000,0.008587,0.008587,7,7,0,64.039323,64.039323,64.039323,64.039323,120.000000,0.000000,119.947368,0.533895,0.000000,20,,,,,,,,,
online-boutique,online-boutique-longmix-stageA-scale20-replica3-markov-steps200-20260612T140708Z,idyn-ob-scale20-replica3,scale20,replica3,adservice=3;cartservice=3;checkoutservice=3;currencyservice=3;emailservice=3;frontend=3;paymentservice=3;productcatalogservice=3;recommendationservice=3;redis-cart=1;shippingservice=3,markov,stageA,kubernetes-default,K8s default,172,172.000,replay,mixed,0.730913,0.058101,7,1.440440,0.000000,0.467762,1.918165,,,0.000000,0.008145,0.008145,7,7,0,69.391148,69.391148,69.391148,69.391148,120.000000,0.000000,119.947368,0.578513,0.000000,20,,,,,,,,,
online-boutique,online-boutique-longmix-stageA-scale20-replica3-markov-steps200-20260612T140708Z,idyn-ob-scale20-replica3,scale20,replica3,adservice=3;cartservice=3;checkoutservice=3;currencyservice=3;emailservice=3;frontend=3;paymentservice=3;productcatalogservice=3;recommendationservice=3;redis-cart=1;shippingservice=3,markov,stageA,cga,CGA,172,172.000,replay,mixed,0.730913,0.058101,7,1.440440,0.000000,0.467762,1.918165,,,0.000000,0.008145,0.008145,7,7,0,64.056048,64.056048,64.056048,64.056048,120.000000,0.000000,119.947368,0.534035,0.000000,20,,,,,,,,,
online-boutique,online-boutique-longmix-stageA-scale20-replica3-markov-steps200-20260612T140708Z,idyn-ob-scale20-replica3,scale20,replica3,adservice=3;cartservice=3;checkoutservice=3;currencyservice=3;emailservice=3;frontend=3;paymentservice=3;productcatalogservice=3;recommendationservice=3;redis-cart=1;shippingservice=3,markov,stageA,hda,HDA,172,172.000,replay,mixed,0.730913,0.058101,7,1.440440,0.000000,0.467762,1.918165,,,0.000000,0.008145,0.008145,7,7,0,56.270749,56.270749,56.270749,56.270749,120.000000,0.000000,119.947368,0.469129,0.000000,20,,,,,,,,,
online-boutique,online-boutique-longmix-stageA-scale20-replica3-markov-steps200-20260612T140708Z,idyn-ob-scale20-replica3,scale20,replica3,adservice=3;cartservice=3;checkoutservice=3;currencyservice=3;emailservice=3;frontend=3;paymentservice=3;productcatalogservice=3;recommendationservice=3;redis-cart=1;shippingservice=3,markov,stageA,kubernetes-default,K8s default,173,173.000,replay,mixed,0.811760,0.099594,7,1.440440,0.000000,0.467762,1.918165,,,0.000000,0.012773,0.012773,7,7,0,69.969623,69.969623,69.969623,69.969623,120.000000,0.000000,119.947368,0.583336,0.000000,20,,,,,,,,,
online-boutique,online-boutique-longmix-stageA-scale20-replica3-markov-steps200-20260612T140708Z,idyn-ob-scale20-replica3,scale20,replica3,adservice=3;cartservice=3;checkoutservice=3;currencyservice=3;emailservice=3;frontend=3;paymentservice=3;productcatalogservice=3;recommendationservice=3;redis-cart=1;shippingservice=3,markov,stageA,cga,CGA,173,173.000,replay,mixed,0.811760,0.099594,7,1.440440,0.000000,0.467762,1.918165,,,0.000000,0.012773,0.012773,7,7,0,68.464725,68.464725,68.464725,68.464725,120.000000,0.000000,119.947368,0.570790,0.000000,20,,,,,,,,,
online-boutique,online-boutique-longmix-stageA-scale20-replica3-markov-steps200-20260612T140708Z,idyn-ob-scale20-replica3,scale20,replica3,adservice=3;cartservice=3;checkoutservice=3;currencyservice=3;emailservice=3;frontend=3;paymentservice=3;productcatalogservice=3;recommendationservice=3;redis-cart=1;shippingservice=3,markov,stageA,hda,HDA,173,173.000,replay,mixed,0.811760,0.099594,7,1.440440,0.000000,0.467762,1.918165,,,0.000000,0.012773,0.012773,7,7,0,61.135133,61.135133,61.135133,61.135133,120.000000,0.000000,119.947368,0.509683,0.000000,20,,,,,,,,,
online-boutique,online-boutique-longmix-stageA-scale20-replica3-markov-steps200-20260612T140708Z,idyn-ob-scale20-replica3,scale20,replica3,adservice=3;cartservice=3;checkoutservice=3;currencyservice=3;emailservice=3;frontend=3;paymentservice=3;productcatalogservice=3;recommendationservice=3;redis-cart=1;shippingservice=3,markov,stageA,kubernetes-default,K8s default,174,174.000,replay,mixed,0.809924,0.002262,7,1.440440,0.000000,0.467762,1.918165,,,0.000000,0.008577,0.008577,7,7,0,66.779899,66.779899,66.779899,66.779899,120.000000,0.000000,119.947368,0.556743,0.000000,20,,,,,,,,,
online-boutique,online-boutique-longmix-stageA-scale20-replica3-markov-steps200-20260612T140708Z,idyn-ob-scale20-replica3,scale20,replica3,adservice=3;cartservice=3;checkoutservice=3;currencyservice=3;emailservice=3;frontend=3;paymentservice=3;productcatalogservice=3;recommendationservice=3;redis-cart=1;shippingservice=3,markov,stageA,cga,CGA,174,174.000,replay,mixed,0.809924,0.002262,7,1.440440,0.000000,0.467762,1.918165,,,0.000000,0.008577,0.008577,7,7,0,70.296534,70.296534,70.296534,70.296534,120.000000,0.000000,119.947368,0.586061,0.000000,20,,,,,,,,,
online-boutique,online-boutique-longmix-stageA-scale20-replica3-markov-steps200-20260612T140708Z,idyn-ob-scale20-replica3,scale20,replica3,adservice=3;cartservice=3;checkoutservice=3;currencyservice=3;emailservice=3;frontend=3;paymentservice=3;productcatalogservice=3;recommendationservice=3;redis-cart=1;shippingservice=3,markov,stageA,hda,HDA,174,174.000,replay,mixed,0.809924,0.002262,7,1.440440,0.000000,0.467762,1.918165,,,0.000000,0.008577,0.008577,7,7,0,60.195677,60.195677,60.195677,60.195677,120.000000,0.000000,119.947368,0.501851,0.000000,20,,,,,,,,,
online-boutique,online-boutique-longmix-stageA-scale20-replica3-markov-steps200-20260612T140708Z,idyn-ob-scale20-replica3,scale20,replica3,adservice=3;cartservice=3;checkoutservice=3;currencyservice=3;emailservice=3;frontend=3;paymentservice=3;productcatalogservice=3;recommendationservice=3;redis-cart=1;shippingservice=3,markov,stageA,kubernetes-default,K8s default,175,175.000,replay,mixed,0.797782,0.014992,7,1.440440,0.000000,0.467762,1.918165,,,0.000000,0.013024,0.013024,7,7,0,65.276586,65.276586,65.276586,65.276586,120.000000,0.000000,119.947368,0.544210,0.000000,20,,,,,,,,,
online-boutique,online-boutique-longmix-stageA-scale20-replica3-markov-steps200-20260612T140708Z,idyn-ob-scale20-replica3,scale20,replica3,adservice=3;cartservice=3;checkoutservice=3;currencyservice=3;emailservice=3;frontend=3;paymentservice=3;productcatalogservice=3;recommendationservice=3;redis-cart=1;shippingservice=3,markov,stageA,cga,CGA,175,175.000,replay,mixed,0.797782,0.014992,7,1.440440,0.000000,0.467762,1.918165,,,0.000000,0.013024,0.013024,7,7,0,61.160080,61.160080,61.160080,61.160080,120.000000,0.000000,119.947368,0.509891,0.000000,20,,,,,,,,,
online-boutique,online-boutique-longmix-stageA-scale20-replica3-markov-steps200-20260612T140708Z,idyn-ob-scale20-replica3,scale20,replica3,adservice=3;cartservice=3;checkoutservice=3;currencyservice=3;emailservice=3;frontend=3;paymentservice=3;productcatalogservice=3;recommendationservice=3;redis-cart=1;shippingservice=3,markov,stageA,hda,HDA,175,175.000,replay,mixed,0.797782,0.014992,7,1.440440,0.000000,0.467762,1.918165,,,0.000000,0.013024,0.013024,7,7,0,60.414550,60.414550,60.414550,60.414550,120.000000,0.000000,119.947368,0.503675,0.000000,20,,,,,,,,,
online-boutique,online-boutique-longmix-stageA-scale20-replica3-markov-steps200-20260612T140708Z,idyn-ob-scale20-replica3,scale20,replica3,adservice=3;cartservice=3;checkoutservice=3;currencyservice=3;emailservice=3;frontend=3;paymentservice=3;productcatalogservice=3;recommendationservice=3;redis-cart=1;shippingservice=3,markov,stageA,kubernetes-default,K8s default,176,176.000,replay,mixed,0.801394,0.004507,7,1.440440,0.000000,0.467762,1.918165,,,0.000000,0.008205,0.008205,7,7,0,69.516183,69.516183,69.516183,69.516183,120.000000,0.000000,119.947368,0.579556,0.000000,20,,,,,,,,,
online-boutique,online-boutique-longmix-stageA-scale20-replica3-markov-steps200-20260612T140708Z,idyn-ob-scale20-replica3,scale20,replica3,adservice=3;cartservice=3;checkoutservice=3;currencyservice=3;emailservice=3;frontend=3;paymentservice=3;productcatalogservice=3;recommendationservice=3;redis-cart=1;shippingservice=3,markov,stageA,cga,CGA,176,176.000,replay,mixed,0.801394,0.004507,7,1.440440,0.000000,0.467762,1.918165,,,0.000000,0.008205,0.008205,7,7,0,62.799874,62.799874,62.799874,62.799874,120.000000,0.000000,119.947368,0.523562,0.000000,20,,,,,,,,,
online-boutique,online-boutique-longmix-stageA-scale20-replica3-markov-steps200-20260612T140708Z,idyn-ob-scale20-replica3,scale20,replica3,adservice=3;cartservice=3;checkoutservice=3;currencyservice=3;emailservice=3;frontend=3;paymentservice=3;productcatalogservice=3;recommendationservice=3;redis-cart=1;shippingservice=3,markov,stageA,hda,HDA,176,176.000,replay,mixed,0.801394,0.004507,7,1.440440,0.000000,0.467762,1.918165,,,0.000000,0.008205,0.008205,7,7,0,68.119650,68.119650,68.119650,68.119650,120.000000,0.000000,119.947368,0.567913,0.000000,20,,,,,,,,,
online-boutique,online-boutique-longmix-stageA-scale20-replica3-markov-steps200-20260612T140708Z,idyn-ob-scale20-replica3,scale20,replica3,adservice=3;cartservice=3;checkoutservice=3;currencyservice=3;emailservice=3;frontend=3;paymentservice=3;productcatalogservice=3;recommendationservice=3;redis-cart=1;shippingservice=3,markov,stageA,kubernetes-default,K8s default,177,177.000,replay,mixed,0.802996,0.001995,7,1.440440,0.000000,0.467762,1.918165,,,0.000000,0.011452,0.011452,7,7,0,65.168346,65.168346,65.168346,65.168346,120.000000,0.000000,119.947368,0.543308,0.000000,20,,,,,,,,,
online-boutique,online-boutique-longmix-stageA-scale20-replica3-markov-steps200-20260612T140708Z,idyn-ob-scale20-replica3,scale20,replica3,adservice=3;cartservice=3;checkoutservice=3;currencyservice=3;emailservice=3;frontend=3;paymentservice=3;productcatalogservice=3;recommendationservice=3;redis-cart=1;shippingservice=3,markov,stageA,cga,CGA,177,177.000,replay,mixed,0.802996,0.001995,7,1.440440,0.000000,0.467762,1.918165,,,0.000000,0.011452,0.011452,7,7,0,62.637308,62.637308,62.637308,62.637308,120.000000,0.000000,119.947368,0.522207,0.000000,20,,,,,,,,,
online-boutique,online-boutique-longmix-stageA-scale20-replica3-markov-steps200-20260612T140708Z,idyn-ob-scale20-replica3,scale20,replica3,adservice=3;cartservice=3;checkoutservice=3;currencyservice=3;emailservice=3;frontend=3;paymentservice=3;productcatalogservice=3;recommendationservice=3;redis-cart=1;shippingservice=3,markov,stageA,hda,HDA,177,177.000,replay,mixed,0.802996,0.001995,7,1.440440,0.000000,0.467762,1.918165,,,0.000000,0.011452,0.011452,7,7,0,58.203128,58.203128,58.203128,58.203128,120.000000,0.000000,119.947368,0.485239,0.000000,20,,,,,,,,,
online-boutique,online-boutique-longmix-stageA-scale20-replica3-markov-steps200-20260612T140708Z,idyn-ob-scale20-replica3,scale20,replica3,adservice=3;cartservice=3;checkoutservice=3;currencyservice=3;emailservice=3;frontend=3;paymentservice=3;productcatalogservice=3;recommendationservice=3;redis-cart=1;shippingservice=3,markov,stageA,kubernetes-default,K8s default,178,178.000,replay,mixed,0.815362,0.820457,14,1.525982,1.000000,0.344308,0.539631,,,0.000000,0.014566,0.014566,11,14,0,151.501934,151.501934,151.501934,151.501934,120.000000,0.000000,191.447368,0.791350,0.000000,20,,,,,,,,,
online-boutique,online-boutique-longmix-stageA-scale20-replica3-markov-steps200-20260612T140708Z,idyn-ob-scale20-replica3,scale20,replica3,adservice=3;cartservice=3;checkoutservice=3;currencyservice=3;emailservice=3;frontend=3;paymentservice=3;productcatalogservice=3;recommendationservice=3;redis-cart=1;shippingservice=3,markov,stageA,cga,CGA,178,178.000,replay,mixed,0.815362,0.820457,14,1.525982,1.000000,0.344308,0.539631,,,0.000000,0.014566,0.014566,11,14,0,142.720869,142.720869,142.720869,142.720869,120.000000,0.000000,191.447368,0.745484,0.000000,20,,,,,,,,,
online-boutique,online-boutique-longmix-stageA-scale20-replica3-markov-steps200-20260612T140708Z,idyn-ob-scale20-replica3,scale20,replica3,adservice=3;cartservice=3;checkoutservice=3;currencyservice=3;emailservice=3;frontend=3;paymentservice=3;productcatalogservice=3;recommendationservice=3;redis-cart=1;shippingservice=3,markov,stageA,hda,HDA,178,178.000,replay,mixed,0.815362,0.820457,14,1.525982,1.000000,0.344308,0.539631,,,0.000000,0.014566,0.014566,11,14,0,136.375690,136.375690,136.375690,136.375690,120.000000,0.000000,191.447368,0.712340,0.000000,20,,,,,,,,,
online-boutique,online-boutique-longmix-stageA-scale20-replica3-markov-steps200-20260612T140708Z,idyn-ob-scale20-replica3,scale20,replica3,adservice=3;cartservice=3;checkoutservice=3;currencyservice=3;emailservice=3;frontend=3;paymentservice=3;productcatalogservice=3;recommendationservice=3;redis-cart=1;shippingservice=3,markov,stageA,kubernetes-default,K8s default,179,179.000,replay,mixed,0.874167,0.067269,14,1.525982,0.000000,0.344308,0.539631,,,0.000000,0.015058,0.015058,11,14,0,121.154119,121.154119,121.154119,121.154119,120.000000,0.000000,191.447368,0.632833,0.000000,20,,,,,,,,,
online-boutique,online-boutique-longmix-stageA-scale20-replica3-markov-steps200-20260612T140708Z,idyn-ob-scale20-replica3,scale20,replica3,adservice=3;cartservice=3;checkoutservice=3;currencyservice=3;emailservice=3;frontend=3;paymentservice=3;productcatalogservice=3;recommendationservice=3;redis-cart=1;shippingservice=3,markov,stageA,cga,CGA,179,179.000,replay,mixed,0.874167,0.067269,14,1.525982,0.000000,0.344308,0.539631,,,0.000000,0.015058,0.015058,11,14,0,112.808118,112.808118,112.808118,112.808118,120.000000,0.000000,191.447368,0.589238,0.000000,20,,,,,,,,,
online-boutique,online-boutique-longmix-stageA-scale20-replica3-markov-steps200-20260612T140708Z,idyn-ob-scale20-replica3,scale20,replica3,adservice=3;cartservice=3;checkoutservice=3;currencyservice=3;emailservice=3;frontend=3;paymentservice=3;productcatalogservice=3;recommendationservice=3;redis-cart=1;shippingservice=3,markov,stageA,hda,HDA,179,179.000,replay,mixed,0.874167,0.067269,14,1.525982,0.000000,0.344308,0.539631,,,0.000000,0.015058,0.015058,11,14,0,111.376523,111.376523,111.376523,111.376523,120.000000,0.000000,191.447368,0.581761,0.000000,20,,,,,,,,,
online-boutique,online-boutique-longmix-stageA-scale20-replica3-markov-steps200-20260612T140708Z,idyn-ob-scale20-replica3,scale20,replica3,adservice=3;cartservice=3;checkoutservice=3;currencyservice=3;emailservice=3;frontend=3;paymentservice=3;productcatalogservice=3;recommendationservice=3;redis-cart=1;shippingservice=3,markov,stageA,kubernetes-default,K8s default,180,180.000,replay,mixed,0.815342,0.067293,14,1.525982,0.000000,0.344308,0.539631,,,0.000000,0.014116,0.014116,11,14,0,120.430617,120.430617,120.430617,120.430617,120.000000,0.000000,191.447368,0.629053,0.000000,20,,,,,,,,,
online-boutique,online-boutique-longmix-stageA-scale20-replica3-markov-steps200-20260612T140708Z,idyn-ob-scale20-replica3,scale20,replica3,adservice=3;cartservice=3;checkoutservice=3;currencyservice=3;emailservice=3;frontend=3;paymentservice=3;productcatalogservice=3;recommendationservice=3;redis-cart=1;shippingservice=3,markov,stageA,cga,CGA,180,180.000,replay,mixed,0.815342,0.067293,14,1.525982,0.000000,0.344308,0.539631,,,0.000000,0.014116,0.014116,11,14,0,109.318847,109.318847,109.318847,109.318847,120.000000,0.000000,191.447368,0.571013,0.000000,20,,,,,,,,,
online-boutique,online-boutique-longmix-stageA-scale20-replica3-markov-steps200-20260612T140708Z,idyn-ob-scale20-replica3,scale20,replica3,adservice=3;cartservice=3;checkoutservice=3;currencyservice=3;emailservice=3;frontend=3;paymentservice=3;productcatalogservice=3;recommendationservice=3;redis-cart=1;shippingservice=3,markov,stageA,hda,HDA,180,180.000,replay,mixed,0.815342,0.067293,14,1.525982,0.000000,0.344308,0.539631,,,0.000000,0.014116,0.014116,11,14,0,108.297646,108.297646,108.297646,108.297646,120.000000,0.000000,191.447368,0.565678,0.000000,20,,,,,,,,,
online-boutique,online-boutique-longmix-stageA-scale20-replica3-markov-steps200-20260612T140708Z,idyn-ob-scale20-replica3,scale20,replica3,adservice=3;cartservice=3;checkoutservice=3;currencyservice=3;emailservice=3;frontend=3;paymentservice=3;productcatalogservice=3;recommendationservice=3;redis-cart=1;shippingservice=3,markov,stageA,kubernetes-default,K8s default,181,181.000,replay,mixed,0.820443,0.006218,14,1.525982,0.000000,0.344308,0.539631,,,0.000000,0.009148,0.009148,11,14,0,112.845859,112.845859,112.845859,112.845859,120.000000,0.000000,191.447368,0.589435,0.000000,20,,,,,,,,,
online-boutique,online-boutique-longmix-stageA-scale20-replica3-markov-steps200-20260612T140708Z,idyn-ob-scale20-replica3,scale20,replica3,adservice=3;cartservice=3;checkoutservice=3;currencyservice=3;emailservice=3;frontend=3;paymentservice=3;productcatalogservice=3;recommendationservice=3;redis-cart=1;shippingservice=3,markov,stageA,cga,CGA,181,181.000,replay,mixed,0.820443,0.006218,14,1.525982,0.000000,0.344308,0.539631,,,0.000000,0.009148,0.009148,11,14,0,108.992150,108.992150,108.992150,108.992150,120.000000,0.000000,191.447368,0.569306,0.000000,20,,,,,,,,,
online-boutique,online-boutique-longmix-stageA-scale20-replica3-markov-steps200-20260612T140708Z,idyn-ob-scale20-replica3,scale20,replica3,adservice=3;cartservice=3;checkoutservice=3;currencyservice=3;emailservice=3;frontend=3;paymentservice=3;productcatalogservice=3;recommendationservice=3;redis-cart=1;shippingservice=3,markov,stageA,hda,HDA,181,181.000,replay,mixed,0.820443,0.006218,14,1.525982,0.000000,0.344308,0.539631,,,0.000000,0.009148,0.009148,11,14,0,107.132099,107.132099,107.132099,107.132099,120.000000,0.000000,191.447368,0.559590,0.000000,20,,,,,,,,,
online-boutique,online-boutique-longmix-stageA-scale20-replica3-markov-steps200-20260612T140708Z,idyn-ob-scale20-replica3,scale20,replica3,adservice=3;cartservice=3;checkoutservice=3;currencyservice=3;emailservice=3;frontend=3;paymentservice=3;productcatalogservice=3;recommendationservice=3;redis-cart=1;shippingservice=3,markov,stageA,kubernetes-default,K8s default,182,182.000,replay,mixed,0.853035,0.819986,7,1.525982,1.000000,0.359677,1.100147,,,0.000000,0.009209,0.009209,7,7,0,96.020654,96.020654,96.020654,96.020654,120.000000,0.000000,113.447368,0.846389,0.000000,20,,,,,,,,,
online-boutique,online-boutique-longmix-stageA-scale20-replica3-markov-steps200-20260612T140708Z,idyn-ob-scale20-replica3,scale20,replica3,adservice=3;cartservice=3;checkoutservice=3;currencyservice=3;emailservice=3;frontend=3;paymentservice=3;productcatalogservice=3;recommendationservice=3;redis-cart=1;shippingservice=3,markov,stageA,cga,CGA,182,182.000,replay,mixed,0.853035,0.819986,7,1.525982,1.000000,0.359677,1.100147,,,0.000000,0.009209,0.009209,7,7,0,91.111494,91.111494,91.111494,91.111494,120.000000,0.000000,113.447368,0.803117,0.000000,20,,,,,,,,,
online-boutique,online-boutique-longmix-stageA-scale20-replica3-markov-steps200-20260612T140708Z,idyn-ob-scale20-replica3,scale20,replica3,adservice=3;cartservice=3;checkoutservice=3;currencyservice=3;emailservice=3;frontend=3;paymentservice=3;productcatalogservice=3;recommendationservice=3;redis-cart=1;shippingservice=3,markov,stageA,hda,HDA,182,182.000,replay,mixed,0.853035,0.819986,7,1.525982,1.000000,0.359677,1.100147,,,0.000000,0.009209,0.009209,7,7,0,88.396680,88.396680,88.396680,88.396680,120.000000,0.000000,113.447368,0.779187,0.000000,20,,,,,,,,,
online-boutique,online-boutique-longmix-stageA-scale20-replica3-markov-steps200-20260612T140708Z,idyn-ob-scale20-replica3,scale20,replica3,adservice=3;cartservice=3;checkoutservice=3;currencyservice=3;emailservice=3;frontend=3;paymentservice=3;productcatalogservice=3;recommendationservice=3;redis-cart=1;shippingservice=3,markov,stageA,kubernetes-default,K8s default,183,183.000,replay,mixed,0.873446,0.023368,7,1.525982,0.000000,0.359677,1.100147,,,0.000000,0.012724,0.012724,7,7,0,66.419230,66.419230,66.419230,66.419230,120.000000,0.000000,113.447368,0.585463,0.000000,20,,,,,,,,,
online-boutique,online-boutique-longmix-stageA-scale20-replica3-markov-steps200-20260612T140708Z,idyn-ob-scale20-replica3,scale20,replica3,adservice=3;cartservice=3;checkoutservice=3;currencyservice=3;emailservice=3;frontend=3;paymentservice=3;productcatalogservice=3;recommendationservice=3;redis-cart=1;shippingservice=3,markov,stageA,cga,CGA,183,183.000,replay,mixed,0.873446,0.023368,7,1.525982,0.000000,0.359677,1.100147,,,0.000000,0.012724,0.012724,7,7,0,59.935348,59.935348,59.935348,59.935348,120.000000,0.000000,113.447368,0.528310,0.000000,20,,,,,,,,,
online-boutique,online-boutique-longmix-stageA-scale20-replica3-markov-steps200-20260612T140708Z,idyn-ob-scale20-replica3,scale20,replica3,adservice=3;cartservice=3;checkoutservice=3;currencyservice=3;emailservice=3;frontend=3;paymentservice=3;productcatalogservice=3;recommendationservice=3;redis-cart=1;shippingservice=3,markov,stageA,hda,HDA,183,183.000,replay,mixed,0.873446,0.023368,7,1.525982,0.000000,0.359677,1.100147,,,0.000000,0.012724,0.012724,7,7,0,62.218675,62.218675,62.218675,62.218675,120.000000,0.000000,113.447368,0.548436,0.000000,20,,,,,,,,,
online-boutique,online-boutique-longmix-stageA-scale20-replica3-markov-steps200-20260612T140708Z,idyn-ob-scale20-replica3,scale20,replica3,adservice=3;cartservice=3;checkoutservice=3;currencyservice=3;emailservice=3;frontend=3;paymentservice=3;productcatalogservice=3;recommendationservice=3;redis-cart=1;shippingservice=3,markov,stageA,kubernetes-default,K8s default,184,184.000,replay,mixed,0.830800,0.048825,7,1.525982,0.000000,0.359677,1.100147,,,0.000000,0.012905,0.012905,7,7,0,58.845620,58.845620,58.845620,58.845620,120.000000,0.000000,113.447368,0.518704,0.000000,20,,,,,,,,,
online-boutique,online-boutique-longmix-stageA-scale20-replica3-markov-steps200-20260612T140708Z,idyn-ob-scale20-replica3,scale20,replica3,adservice=3;cartservice=3;checkoutservice=3;currencyservice=3;emailservice=3;frontend=3;paymentservice=3;productcatalogservice=3;recommendationservice=3;redis-cart=1;shippingservice=3,markov,stageA,cga,CGA,184,184.000,replay,mixed,0.830800,0.048825,7,1.525982,0.000000,0.359677,1.100147,,,0.000000,0.012905,0.012905,7,7,0,56.603735,56.603735,56.603735,56.603735,120.000000,0.000000,113.447368,0.498943,0.000000,20,,,,,,,,,
online-boutique,online-boutique-longmix-stageA-scale20-replica3-markov-steps200-20260612T140708Z,idyn-ob-scale20-replica3,scale20,replica3,adservice=3;cartservice=3;checkoutservice=3;currencyservice=3;emailservice=3;frontend=3;paymentservice=3;productcatalogservice=3;recommendationservice=3;redis-cart=1;shippingservice=3,markov,stageA,hda,HDA,184,184.000,replay,mixed,0.830800,0.048825,7,1.525982,0.000000,0.359677,1.100147,,,0.000000,0.012905,0.012905,7,7,0,65.295664,65.295664,65.295664,65.295664,120.000000,0.000000,113.447368,0.575559,0.000000,20,,,,,,,,,
online-boutique,online-boutique-longmix-stageA-scale20-replica3-markov-steps200-20260612T140708Z,idyn-ob-scale20-replica3,scale20,replica3,adservice=3;cartservice=3;checkoutservice=3;currencyservice=3;emailservice=3;frontend=3;paymentservice=3;productcatalogservice=3;recommendationservice=3;redis-cart=1;shippingservice=3,markov,stageA,kubernetes-default,K8s default,185,185.000,replay,mixed,0.876997,0.052677,7,1.525982,0.000000,0.359677,1.100147,,,0.000000,0.012243,0.012243,7,7,0,61.972880,61.972880,61.972880,61.972880,120.000000,0.000000,113.447368,0.546270,0.000000,20,,,,,,,,,
online-boutique,online-boutique-longmix-stageA-scale20-replica3-markov-steps200-20260612T140708Z,idyn-ob-scale20-replica3,scale20,replica3,adservice=3;cartservice=3;checkoutservice=3;currencyservice=3;emailservice=3;frontend=3;paymentservice=3;productcatalogservice=3;recommendationservice=3;redis-cart=1;shippingservice=3,markov,stageA,cga,CGA,185,185.000,replay,mixed,0.876997,0.052677,7,1.525982,0.000000,0.359677,1.100147,,,0.000000,0.012243,0.012243,7,7,0,60.173296,60.173296,60.173296,60.173296,120.000000,0.000000,113.447368,0.530407,0.000000,20,,,,,,,,,
online-boutique,online-boutique-longmix-stageA-scale20-replica3-markov-steps200-20260612T140708Z,idyn-ob-scale20-replica3,scale20,replica3,adservice=3;cartservice=3;checkoutservice=3;currencyservice=3;emailservice=3;frontend=3;paymentservice=3;productcatalogservice=3;recommendationservice=3;redis-cart=1;shippingservice=3,markov,stageA,hda,HDA,185,185.000,replay,mixed,0.876997,0.052677,7,1.525982,0.000000,0.359677,1.100147,,,0.000000,0.012243,0.012243,7,7,0,55.440887,55.440887,55.440887,55.440887,120.000000,0.000000,113.447368,0.488693,0.000000,20,,,,,,,,,
online-boutique,online-boutique-longmix-stageA-scale20-replica3-markov-steps200-20260612T140708Z,idyn-ob-scale20-replica3,scale20,replica3,adservice=3;cartservice=3;checkoutservice=3;currencyservice=3;emailservice=3;frontend=3;paymentservice=3;productcatalogservice=3;recommendationservice=3;redis-cart=1;shippingservice=3,markov,stageA,kubernetes-default,K8s default,186,186.000,replay,mixed,0.920747,0.047515,7,1.525982,0.000000,0.359677,1.100147,,,0.000000,0.008486,0.008486,7,7,0,64.421037,64.421037,64.421037,64.421037,120.000000,0.000000,113.447368,0.567850,0.000000,20,,,,,,,,,
online-boutique,online-boutique-longmix-stageA-scale20-replica3-markov-steps200-20260612T140708Z,idyn-ob-scale20-replica3,scale20,replica3,adservice=3;cartservice=3;checkoutservice=3;currencyservice=3;emailservice=3;frontend=3;paymentservice=3;productcatalogservice=3;recommendationservice=3;redis-cart=1;shippingservice=3,markov,stageA,cga,CGA,186,186.000,replay,mixed,0.920747,0.047515,7,1.525982,0.000000,0.359677,1.100147,,,0.000000,0.008486,0.008486,7,7,0,62.173838,62.173838,62.173838,62.173838,120.000000,0.000000,113.447368,0.548041,0.000000,20,,,,,,,,,
online-boutique,online-boutique-longmix-stageA-scale20-replica3-markov-steps200-20260612T140708Z,idyn-ob-scale20-replica3,scale20,replica3,adservice=3;cartservice=3;checkoutservice=3;currencyservice=3;emailservice=3;frontend=3;paymentservice=3;productcatalogservice=3;recommendationservice=3;redis-cart=1;shippingservice=3,markov,stageA,hda,HDA,186,186.000,replay,mixed,0.920747,0.047515,7,1.525982,0.000000,0.359677,1.100147,,,0.000000,0.008486,0.008486,7,7,0,55.035838,55.035838,55.035838,55.035838,120.000000,0.000000,113.447368,0.485122,0.000000,20,,,,,,,,,
online-boutique,online-boutique-longmix-stageA-scale20-replica3-markov-steps200-20260612T140708Z,idyn-ob-scale20-replica3,scale20,replica3,adservice=3;cartservice=3;checkoutservice=3;currencyservice=3;emailservice=3;frontend=3;paymentservice=3;productcatalogservice=3;recommendationservice=3;redis-cart=1;shippingservice=3,markov,stageA,kubernetes-default,K8s default,187,187.000,replay,mixed,0.918782,0.002134,7,1.525982,0.000000,0.359677,1.100147,,,0.000000,0.009067,0.009067,7,7,0,66.208566,66.208566,66.208566,66.208566,120.000000,0.000000,113.447368,0.583606,0.000000,20,,,,,,,,,
online-boutique,online-boutique-longmix-stageA-scale20-replica3-markov-steps200-20260612T140708Z,idyn-ob-scale20-replica3,scale20,replica3,adservice=3;cartservice=3;checkoutservice=3;currencyservice=3;emailservice=3;frontend=3;paymentservice=3;productcatalogservice=3;recommendationservice=3;redis-cart=1;shippingservice=3,markov,stageA,cga,CGA,187,187.000,replay,mixed,0.918782,0.002134,7,1.525982,0.000000,0.359677,1.100147,,,0.000000,0.009067,0.009067,7,7,0,60.902919,60.902919,60.902919,60.902919,120.000000,0.000000,113.447368,0.536839,0.000000,20,,,,,,,,,
online-boutique,online-boutique-longmix-stageA-scale20-replica3-markov-steps200-20260612T140708Z,idyn-ob-scale20-replica3,scale20,replica3,adservice=3;cartservice=3;checkoutservice=3;currencyservice=3;emailservice=3;frontend=3;paymentservice=3;productcatalogservice=3;recommendationservice=3;redis-cart=1;shippingservice=3,markov,stageA,hda,HDA,187,187.000,replay,mixed,0.918782,0.002134,7,1.525982,0.000000,0.359677,1.100147,,,0.000000,0.009067,0.009067,7,7,0,56.983135,56.983135,56.983135,56.983135,120.000000,0.000000,113.447368,0.502287,0.000000,20,,,,,,,,,
online-boutique,online-boutique-longmix-stageA-scale20-replica3-markov-steps200-20260612T140708Z,idyn-ob-scale20-replica3,scale20,replica3,adservice=3;cartservice=3;checkoutservice=3;currencyservice=3;emailservice=3;frontend=3;paymentservice=3;productcatalogservice=3;recommendationservice=3;redis-cart=1;shippingservice=3,markov,stageA,kubernetes-default,K8s default,188,188.000,replay,mixed,0.887319,0.034244,7,1.525982,0.000000,0.359677,1.100147,,,0.000000,0.008415,0.008415,7,7,0,70.263142,70.263142,70.263142,70.263142,120.000000,0.000000,113.447368,0.619346,0.000000,20,,,,,,,,,
online-boutique,online-boutique-longmix-stageA-scale20-replica3-markov-steps200-20260612T140708Z,idyn-ob-scale20-replica3,scale20,replica3,adservice=3;cartservice=3;checkoutservice=3;currencyservice=3;emailservice=3;frontend=3;paymentservice=3;productcatalogservice=3;recommendationservice=3;redis-cart=1;shippingservice=3,markov,stageA,cga,CGA,188,188.000,replay,mixed,0.887319,0.034244,7,1.525982,0.000000,0.359677,1.100147,,,0.000000,0.008415,0.008415,7,7,0,59.750653,59.750653,59.750653,59.750653,120.000000,0.000000,113.447368,0.526682,0.000000,20,,,,,,,,,
online-boutique,online-boutique-longmix-stageA-scale20-replica3-markov-steps200-20260612T140708Z,idyn-ob-scale20-replica3,scale20,replica3,adservice=3;cartservice=3;checkoutservice=3;currencyservice=3;emailservice=3;frontend=3;paymentservice=3;productcatalogservice=3;recommendationservice=3;redis-cart=1;shippingservice=3,markov,stageA,hda,HDA,188,188.000,replay,mixed,0.887319,0.034244,7,1.525982,0.000000,0.359677,1.100147,,,0.000000,0.008415,0.008415,7,7,0,58.658054,58.658054,58.658054,58.658054,120.000000,0.000000,113.447368,0.517051,0.000000,20,,,,,,,,,
online-boutique,online-boutique-longmix-stageA-scale20-replica3-markov-steps200-20260612T140708Z,idyn-ob-scale20-replica3,scale20,replica3,adservice=3;cartservice=3;checkoutservice=3;currencyservice=3;emailservice=3;frontend=3;paymentservice=3;productcatalogservice=3;recommendationservice=3;redis-cart=1;shippingservice=3,markov,stageA,kubernetes-default,K8s default,189,189.000,replay,mixed,0.881502,0.006556,7,1.525982,0.000000,0.359677,1.100147,,,0.000000,0.012634,0.012634,7,7,0,63.446250,63.446250,63.446250,63.446250,120.000000,0.000000,113.447368,0.559257,0.000000,20,,,,,,,,,
online-boutique,online-boutique-longmix-stageA-scale20-replica3-markov-steps200-20260612T140708Z,idyn-ob-scale20-replica3,scale20,replica3,adservice=3;cartservice=3;checkoutservice=3;currencyservice=3;emailservice=3;frontend=3;paymentservice=3;productcatalogservice=3;recommendationservice=3;redis-cart=1;shippingservice=3,markov,stageA,cga,CGA,189,189.000,replay,mixed,0.881502,0.006556,7,1.525982,0.000000,0.359677,1.100147,,,0.000000,0.012634,0.012634,7,7,0,61.369186,61.369186,61.369186,61.369186,120.000000,0.000000,113.447368,0.540949,0.000000,20,,,,,,,,,
online-boutique,online-boutique-longmix-stageA-scale20-replica3-markov-steps200-20260612T140708Z,idyn-ob-scale20-replica3,scale20,replica3,adservice=3;cartservice=3;checkoutservice=3;currencyservice=3;emailservice=3;frontend=3;paymentservice=3;productcatalogservice=3;recommendationservice=3;redis-cart=1;shippingservice=3,markov,stageA,hda,HDA,189,189.000,replay,mixed,0.881502,0.006556,7,1.525982,0.000000,0.359677,1.100147,,,0.000000,0.012634,0.012634,7,7,0,57.431389,57.431389,57.431389,57.431389,120.000000,0.000000,113.447368,0.506238,0.000000,20,,,,,,,,,
online-boutique,online-boutique-longmix-stageA-scale20-replica3-markov-steps200-20260612T140708Z,idyn-ob-scale20-replica3,scale20,replica3,adservice=3;cartservice=3;checkoutservice=3;currencyservice=3;emailservice=3;frontend=3;paymentservice=3;productcatalogservice=3;recommendationservice=3;redis-cart=1;shippingservice=3,markov,stageA,kubernetes-default,K8s default,190,190.000,replay,mixed,0.917007,0.038718,7,1.525982,0.000000,0.359677,1.100147,,,0.000000,0.011481,0.011481,7,7,0,64.991238,64.991238,64.991238,64.991238,120.000000,0.000000,113.447368,0.572876,0.000000,20,,,,,,,,,
online-boutique,online-boutique-longmix-stageA-scale20-replica3-markov-steps200-20260612T140708Z,idyn-ob-scale20-replica3,scale20,replica3,adservice=3;cartservice=3;checkoutservice=3;currencyservice=3;emailservice=3;frontend=3;paymentservice=3;productcatalogservice=3;recommendationservice=3;redis-cart=1;shippingservice=3,markov,stageA,cga,CGA,190,190.000,replay,mixed,0.917007,0.038718,7,1.525982,0.000000,0.359677,1.100147,,,0.000000,0.011481,0.011481,7,7,0,58.060899,58.060899,58.060899,58.060899,120.000000,0.000000,113.447368,0.511787,0.000000,20,,,,,,,,,
online-boutique,online-boutique-longmix-stageA-scale20-replica3-markov-steps200-20260612T140708Z,idyn-ob-scale20-replica3,scale20,replica3,adservice=3;cartservice=3;checkoutservice=3;currencyservice=3;emailservice=3;frontend=3;paymentservice=3;productcatalogservice=3;recommendationservice=3;redis-cart=1;shippingservice=3,markov,stageA,hda,HDA,190,190.000,replay,mixed,0.917007,0.038718,7,1.525982,0.000000,0.359677,1.100147,,,0.000000,0.011481,0.011481,7,7,0,59.938735,59.938735,59.938735,59.938735,120.000000,0.000000,113.447368,0.528340,0.000000,20,,,,,,,,,
online-boutique,online-boutique-longmix-stageA-scale20-replica3-markov-steps200-20260612T140708Z,idyn-ob-scale20-replica3,scale20,replica3,adservice=3;cartservice=3;checkoutservice=3;currencyservice=3;emailservice=3;frontend=3;paymentservice=3;productcatalogservice=3;recommendationservice=3;redis-cart=1;shippingservice=3,markov,stageA,kubernetes-default,K8s default,191,191.000,replay,mixed,0.869124,0.052216,7,1.525982,0.000000,0.359677,1.100147,,,0.000000,0.008195,0.008195,7,7,0,65.807093,65.807093,65.807093,65.807093,120.000000,0.000000,113.447368,0.580067,0.000000,20,,,,,,,,,
online-boutique,online-boutique-longmix-stageA-scale20-replica3-markov-steps200-20260612T140708Z,idyn-ob-scale20-replica3,scale20,replica3,adservice=3;cartservice=3;checkoutservice=3;currencyservice=3;emailservice=3;frontend=3;paymentservice=3;productcatalogservice=3;recommendationservice=3;redis-cart=1;shippingservice=3,markov,stageA,cga,CGA,191,191.000,replay,mixed,0.869124,0.052216,7,1.525982,0.000000,0.359677,1.100147,,,0.000000,0.008195,0.008195,7,7,0,58.714734,58.714734,58.714734,58.714734,120.000000,0.000000,113.447368,0.517550,0.000000,20,,,,,,,,,
online-boutique,online-boutique-longmix-stageA-scale20-replica3-markov-steps200-20260612T140708Z,idyn-ob-scale20-replica3,scale20,replica3,adservice=3;cartservice=3;checkoutservice=3;currencyservice=3;emailservice=3;frontend=3;paymentservice=3;productcatalogservice=3;recommendationservice=3;redis-cart=1;shippingservice=3,markov,stageA,hda,HDA,191,191.000,replay,mixed,0.869124,0.052216,7,1.525982,0.000000,0.359677,1.100147,,,0.000000,0.008195,0.008195,7,7,0,57.138642,57.138642,57.138642,57.138642,120.000000,0.000000,113.447368,0.503658,0.000000,20,,,,,,,,,
online-boutique,online-boutique-longmix-stageA-scale20-replica3-markov-steps200-20260612T140708Z,idyn-ob-scale20-replica3,scale20,replica3,adservice=3;cartservice=3;checkoutservice=3;currencyservice=3;emailservice=3;frontend=3;paymentservice=3;productcatalogservice=3;recommendationservice=3;redis-cart=1;shippingservice=3,markov,stageA,kubernetes-default,K8s default,192,192.000,replay,mixed,0.961215,0.095807,7,1.525982,0.000000,0.359677,1.100147,,,0.000000,0.011531,0.011531,7,7,0,70.018360,70.018360,70.018360,70.018360,120.000000,0.000000,113.447368,0.617188,0.000000,20,,,,,,,,,
online-boutique,online-boutique-longmix-stageA-scale20-replica3-markov-steps200-20260612T140708Z,idyn-ob-scale20-replica3,scale20,replica3,adservice=3;cartservice=3;checkoutservice=3;currencyservice=3;emailservice=3;frontend=3;paymentservice=3;productcatalogservice=3;recommendationservice=3;redis-cart=1;shippingservice=3,markov,stageA,cga,CGA,192,192.000,replay,mixed,0.961215,0.095807,7,1.525982,0.000000,0.359677,1.100147,,,0.000000,0.011531,0.011531,7,7,0,65.409794,65.409794,65.409794,65.409794,120.000000,0.000000,113.447368,0.576565,0.000000,20,,,,,,,,,
online-boutique,online-boutique-longmix-stageA-scale20-replica3-markov-steps200-20260612T140708Z,idyn-ob-scale20-replica3,scale20,replica3,adservice=3;cartservice=3;checkoutservice=3;currencyservice=3;emailservice=3;frontend=3;paymentservice=3;productcatalogservice=3;recommendationservice=3;redis-cart=1;shippingservice=3,markov,stageA,hda,HDA,192,192.000,replay,mixed,0.961215,0.095807,7,1.525982,0.000000,0.359677,1.100147,,,0.000000,0.011531,0.011531,7,7,0,62.472132,62.472132,62.472132,62.472132,120.000000,0.000000,113.447368,0.550671,0.000000,20,,,,,,,,,
online-boutique,online-boutique-longmix-stageA-scale20-replica3-markov-steps200-20260612T140708Z,idyn-ob-scale20-replica3,scale20,replica3,adservice=3;cartservice=3;checkoutservice=3;currencyservice=3;emailservice=3;frontend=3;paymentservice=3;productcatalogservice=3;recommendationservice=3;redis-cart=1;shippingservice=3,markov,stageA,kubernetes-default,K8s default,193,193.000,replay,mixed,0.889015,0.075113,7,1.525982,0.000000,0.359677,1.100147,,,0.000000,0.008626,0.008626,7,7,0,70.001969,70.001969,70.001969,70.001969,120.000000,0.000000,113.447368,0.617044,0.000000,20,,,,,,,,,
online-boutique,online-boutique-longmix-stageA-scale20-replica3-markov-steps200-20260612T140708Z,idyn-ob-scale20-replica3,scale20,replica3,adservice=3;cartservice=3;checkoutservice=3;currencyservice=3;emailservice=3;frontend=3;paymentservice=3;productcatalogservice=3;recommendationservice=3;redis-cart=1;shippingservice=3,markov,stageA,cga,CGA,193,193.000,replay,mixed,0.889015,0.075113,7,1.525982,0.000000,0.359677,1.100147,,,0.000000,0.008626,0.008626,7,7,0,63.901858,63.901858,63.901858,63.901858,120.000000,0.000000,113.447368,0.563273,0.000000,20,,,,,,,,,
online-boutique,online-boutique-longmix-stageA-scale20-replica3-markov-steps200-20260612T140708Z,idyn-ob-scale20-replica3,scale20,replica3,adservice=3;cartservice=3;checkoutservice=3;currencyservice=3;emailservice=3;frontend=3;paymentservice=3;productcatalogservice=3;recommendationservice=3;redis-cart=1;shippingservice=3,markov,stageA,hda,HDA,193,193.000,replay,mixed,0.889015,0.075113,7,1.525982,0.000000,0.359677,1.100147,,,0.000000,0.008626,0.008626,7,7,0,61.243320,61.243320,61.243320,61.243320,120.000000,0.000000,113.447368,0.539839,0.000000,20,,,,,,,,,
online-boutique,online-boutique-longmix-stageA-scale20-replica3-markov-steps200-20260612T140708Z,idyn-ob-scale20-replica3,scale20,replica3,adservice=3;cartservice=3;checkoutservice=3;currencyservice=3;emailservice=3;frontend=3;paymentservice=3;productcatalogservice=3;recommendationservice=3;redis-cart=1;shippingservice=3,markov,stageA,kubernetes-default,K8s default,194,194.000,replay,mixed,0.944275,0.058521,7,1.525982,0.000000,0.359677,1.100147,,,0.000000,0.008506,0.008506,7,7,0,68.339253,68.339253,68.339253,68.339253,120.000000,0.000000,113.447368,0.602387,0.000000,20,,,,,,,,,
online-boutique,online-boutique-longmix-stageA-scale20-replica3-markov-steps200-20260612T140708Z,idyn-ob-scale20-replica3,scale20,replica3,adservice=3;cartservice=3;checkoutservice=3;currencyservice=3;emailservice=3;frontend=3;paymentservice=3;productcatalogservice=3;recommendationservice=3;redis-cart=1;shippingservice=3,markov,stageA,cga,CGA,194,194.000,replay,mixed,0.944275,0.058521,7,1.525982,0.000000,0.359677,1.100147,,,0.000000,0.008506,0.008506,7,7,0,61.801484,61.801484,61.801484,61.801484,120.000000,0.000000,113.447368,0.544759,0.000000,20,,,,,,,,,
online-boutique,online-boutique-longmix-stageA-scale20-replica3-markov-steps200-20260612T140708Z,idyn-ob-scale20-replica3,scale20,replica3,adservice=3;cartservice=3;checkoutservice=3;currencyservice=3;emailservice=3;frontend=3;paymentservice=3;productcatalogservice=3;recommendationservice=3;redis-cart=1;shippingservice=3,markov,stageA,hda,HDA,194,194.000,replay,mixed,0.944275,0.058521,7,1.525982,0.000000,0.359677,1.100147,,,0.000000,0.008506,0.008506,7,7,0,59.744163,59.744163,59.744163,59.744163,120.000000,0.000000,113.447368,0.526624,0.000000,20,,,,,,,,,
online-boutique,online-boutique-longmix-stageA-scale20-replica3-markov-steps200-20260612T140708Z,idyn-ob-scale20-replica3,scale20,replica3,adservice=3;cartservice=3;checkoutservice=3;currencyservice=3;emailservice=3;frontend=3;paymentservice=3;productcatalogservice=3;recommendationservice=3;redis-cart=1;shippingservice=3,markov,stageA,kubernetes-default,K8s default,195,195.000,replay,mixed,0.963269,0.819671,14,1.525982,1.000000,0.344308,0.539631,,,0.000000,0.009067,0.009067,11,14,0,159.108308,159.108308,159.108308,159.108308,120.000000,0.000000,191.447368,0.831081,0.000000,20,,,,,,,,,
online-boutique,online-boutique-longmix-stageA-scale20-replica3-markov-steps200-20260612T140708Z,idyn-ob-scale20-replica3,scale20,replica3,adservice=3;cartservice=3;checkoutservice=3;currencyservice=3;emailservice=3;frontend=3;paymentservice=3;productcatalogservice=3;recommendationservice=3;redis-cart=1;shippingservice=3,markov,stageA,cga,CGA,195,195.000,replay,mixed,0.963269,0.819671,14,1.525982,1.000000,0.344308,0.539631,,,0.000000,0.009067,0.009067,11,14,0,149.550074,149.550074,149.550074,149.550074,120.000000,0.000000,191.447368,0.781155,0.000000,20,,,,,,,,,
online-boutique,online-boutique-longmix-stageA-scale20-replica3-markov-steps200-20260612T140708Z,idyn-ob-scale20-replica3,scale20,replica3,adservice=3;cartservice=3;checkoutservice=3;currencyservice=3;emailservice=3;frontend=3;paymentservice=3;productcatalogservice=3;recommendationservice=3;redis-cart=1;shippingservice=3,markov,stageA,hda,HDA,195,195.000,replay,mixed,0.963269,0.819671,14,1.525982,1.000000,0.344308,0.539631,,,0.000000,0.009067,0.009067,11,14,0,147.060643,147.060643,147.060643,147.060643,120.000000,0.000000,191.447368,0.768152,0.000000,20,,,,,,,,,
online-boutique,online-boutique-longmix-stageA-scale20-replica3-markov-steps200-20260612T140708Z,idyn-ob-scale20-replica3,scale20,replica3,adservice=3;cartservice=3;checkoutservice=3;currencyservice=3;emailservice=3;frontend=3;paymentservice=3;productcatalogservice=3;recommendationservice=3;redis-cart=1;shippingservice=3,markov,stageA,kubernetes-default,K8s default,196,196.000,replay,mixed,0.910006,0.055295,14,1.525982,0.000000,0.344308,0.539631,,,0.000000,0.009036,0.009036,11,14,0,127.996198,127.996198,127.996198,127.996198,120.000000,0.000000,191.447368,0.668571,0.000000,20,,,,,,,,,
online-boutique,online-boutique-longmix-stageA-scale20-replica3-markov-steps200-20260612T140708Z,idyn-ob-scale20-replica3,scale20,replica3,adservice=3;cartservice=3;checkoutservice=3;currencyservice=3;emailservice=3;frontend=3;paymentservice=3;productcatalogservice=3;recommendationservice=3;redis-cart=1;shippingservice=3,markov,stageA,cga,CGA,196,196.000,replay,mixed,0.910006,0.055295,14,1.525982,0.000000,0.344308,0.539631,,,0.000000,0.009036,0.009036,11,14,0,112.611379,112.611379,112.611379,112.611379,120.000000,0.000000,191.447368,0.588211,0.000000,20,,,,,,,,,
online-boutique,online-boutique-longmix-stageA-scale20-replica3-markov-steps200-20260612T140708Z,idyn-ob-scale20-replica3,scale20,replica3,adservice=3;cartservice=3;checkoutservice=3;currencyservice=3;emailservice=3;frontend=3;paymentservice=3;productcatalogservice=3;recommendationservice=3;redis-cart=1;shippingservice=3,markov,stageA,hda,HDA,196,196.000,replay,mixed,0.910006,0.055295,14,1.525982,0.000000,0.344308,0.539631,,,0.000000,0.009036,0.009036,11,14,0,111.481662,111.481662,111.481662,111.481662,120.000000,0.000000,191.447368,0.582310,0.000000,20,,,,,,,,,
online-boutique,online-boutique-longmix-stageA-scale20-replica3-markov-steps200-20260612T140708Z,idyn-ob-scale20-replica3,scale20,replica3,adservice=3;cartservice=3;checkoutservice=3;currencyservice=3;emailservice=3;frontend=3;paymentservice=3;productcatalogservice=3;recommendationservice=3;redis-cart=1;shippingservice=3,markov,stageA,kubernetes-default,K8s default,197,197.000,replay,mixed,0.930930,0.022477,14,1.525982,0.000000,0.344308,0.539631,,,0.000000,0.012725,0.012725,11,14,0,123.634728,123.634728,123.634728,123.634728,120.000000,0.000000,191.447368,0.645790,0.000000,20,,,,,,,,,
online-boutique,online-boutique-longmix-stageA-scale20-replica3-markov-steps200-20260612T140708Z,idyn-ob-scale20-replica3,scale20,replica3,adservice=3;cartservice=3;checkoutservice=3;currencyservice=3;emailservice=3;frontend=3;paymentservice=3;productcatalogservice=3;recommendationservice=3;redis-cart=1;shippingservice=3,markov,stageA,cga,CGA,197,197.000,replay,mixed,0.930930,0.022477,14,1.525982,0.000000,0.344308,0.539631,,,0.000000,0.012725,0.012725,11,14,0,111.735574,111.735574,111.735574,111.735574,120.000000,0.000000,191.447368,0.583636,0.000000,20,,,,,,,,,
online-boutique,online-boutique-longmix-stageA-scale20-replica3-markov-steps200-20260612T140708Z,idyn-ob-scale20-replica3,scale20,replica3,adservice=3;cartservice=3;checkoutservice=3;currencyservice=3;emailservice=3;frontend=3;paymentservice=3;productcatalogservice=3;recommendationservice=3;redis-cart=1;shippingservice=3,markov,stageA,hda,HDA,197,197.000,replay,mixed,0.930930,0.022477,14,1.525982,0.000000,0.344308,0.539631,,,0.000000,0.012725,0.012725,11,14,0,114.692191,114.692191,114.692191,114.692191,120.000000,0.000000,191.447368,0.599079,0.000000,20,,,,,,,,,
online-boutique,online-boutique-longmix-stageA-scale20-replica3-markov-steps200-20260612T140708Z,idyn-ob-scale20-replica3,scale20,replica3,adservice=3;cartservice=3;checkoutservice=3;currencyservice=3;emailservice=3;frontend=3;paymentservice=3;productcatalogservice=3;recommendationservice=3;redis-cart=1;shippingservice=3,markov,stageA,kubernetes-default,K8s default,198,198.000,replay,mixed,0.980986,0.051026,14,1.525982,0.000000,0.344308,0.539631,,,0.000000,0.009708,0.009708,11,14,0,125.796607,125.796607,125.796607,125.796607,120.000000,0.000000,191.447368,0.657082,0.000000,20,,,,,,,,,
online-boutique,online-boutique-longmix-stageA-scale20-replica3-markov-steps200-20260612T140708Z,idyn-ob-scale20-replica3,scale20,replica3,adservice=3;cartservice=3;checkoutservice=3;currencyservice=3;emailservice=3;frontend=3;paymentservice=3;productcatalogservice=3;recommendationservice=3;redis-cart=1;shippingservice=3,markov,stageA,cga,CGA,198,198.000,replay,mixed,0.980986,0.051026,14,1.525982,0.000000,0.344308,0.539631,,,0.000000,0.009708,0.009708,11,14,0,119.013389,119.013389,119.013389,119.013389,120.000000,0.000000,191.447368,0.621651,0.000000,20,,,,,,,,,
online-boutique,online-boutique-longmix-stageA-scale20-replica3-markov-steps200-20260612T140708Z,idyn-ob-scale20-replica3,scale20,replica3,adservice=3;cartservice=3;checkoutservice=3;currencyservice=3;emailservice=3;frontend=3;paymentservice=3;productcatalogservice=3;recommendationservice=3;redis-cart=1;shippingservice=3,markov,stageA,hda,HDA,198,198.000,replay,mixed,0.980986,0.051026,14,1.525982,0.000000,0.344308,0.539631,,,0.000000,0.009708,0.009708,11,14,0,116.615147,116.615147,116.615147,116.615147,120.000000,0.000000,191.447368,0.609124,0.000000,20,,,,,,,,,
online-boutique,online-boutique-longmix-stageA-scale20-replica3-markov-steps200-20260612T140708Z,idyn-ob-scale20-replica3,scale20,replica3,adservice=3;cartservice=3;checkoutservice=3;currencyservice=3;emailservice=3;frontend=3;paymentservice=3;productcatalogservice=3;recommendationservice=3;redis-cart=1;shippingservice=3,markov,stageA,kubernetes-default,K8s default,199,199.000,replay,mixed,0.969767,0.820013,7,1.440440,1.000000,0.467762,1.918165,,,0.000000,0.010420,0.010420,7,7,0,101.970311,101.970311,101.970311,101.970311,120.000000,0.000000,119.947368,0.850125,0.000000,20,,,,,,,,,
online-boutique,online-boutique-longmix-stageA-scale20-replica3-markov-steps200-20260612T140708Z,idyn-ob-scale20-replica3,scale20,replica3,adservice=3;cartservice=3;checkoutservice=3;currencyservice=3;emailservice=3;frontend=3;paymentservice=3;productcatalogservice=3;recommendationservice=3;redis-cart=1;shippingservice=3,markov,stageA,cga,CGA,199,199.000,replay,mixed,0.969767,0.820013,7,1.440440,1.000000,0.467762,1.918165,,,0.000000,0.010420,0.010420,7,7,0,99.102275,99.102275,99.102275,99.102275,120.000000,0.000000,119.947368,0.826215,0.000000,20,,,,,,,,,
online-boutique,online-boutique-longmix-stageA-scale20-replica3-markov-steps200-20260612T140708Z,idyn-ob-scale20-replica3,scale20,replica3,adservice=3;cartservice=3;checkoutservice=3;currencyservice=3;emailservice=3;frontend=3;paymentservice=3;productcatalogservice=3;recommendationservice=3;redis-cart=1;shippingservice=3,markov,stageA,hda,HDA,199,199.000,replay,mixed,0.969767,0.820013,7,1.440440,1.000000,0.467762,1.918165,,,0.000000,0.010420,0.010420,7,7,0,94.844091,94.844091,94.844091,94.844091,120.000000,0.000000,119.947368,0.790714,0.000000,20,,,,,,,,,
